stem,start_seconds,end_seconds,mfcc_1_mean,mfcc_1_std,mfcc_2_mean,mfcc_2_std,mfcc_3_mean,mfcc_3_std,mfcc_4_mean,mfcc_4_std,mfcc_5_mean,mfcc_5_std,mfcc_6_mean,mfcc_6_std,mfcc_7_mean,mfcc_7_std,mfcc_8_mean,mfcc_8_std,mfcc_9_mean,mfcc_9_std,mfcc_10_mean,mfcc_10_std,mfcc_11_mean,mfcc_11_std,mfcc_12_mean,mfcc_12_std,mfcc_13_mean,mfcc_13_std,chroma_0,chroma_1,chroma_2,chroma_3,chroma_4,chroma_5,chroma_6,chroma_7,chroma_8,chroma_9,chroma_10,chroma_11,rms_mean,rms_std,spectral_centroid_mean,spectral_centroid_std,spectral_bandwidth_mean,spectral_bandwidth_std,spectral_rolloff_mean,spectral_rolloff_std,zero_crossing_rate_mean,zero_crossing_rate_std,spectral_contrast_0_mean,spectral_contrast_0_std,spectral_contrast_1_mean,spectral_contrast_1_std,spectral_contrast_2_mean,spectral_contrast_2_std,spectral_contrast_3_mean,spectral_contrast_3_std,spectral_contrast_4_mean,spectral_contrast_4_std,spectral_contrast_5_mean,spectral_contrast_5_std,spectral_contrast_6_mean,spectral_contrast_6_std
original_mix,0.0,5.0,-306.2718200683594,94.00741577148438,175.60153198242188,65.32892608642578,-1.0650750398635864,37.902706146240234,24.294340133666992,37.815467834472656,8.161236763000488,19.327383041381836,15.489511489868164,15.639965057373047,-5.725808620452881,15.786574363708496,-0.7610390186309814,8.963315963745117,-3.955251693725586,12.880586624145508,-8.583907127380371,11.737874984741211,-9.681232452392578,11.847077369689941,-2.1035397052764893,9.315834999084473,-8.478500366210938,11.306235313415527,0.3981932997703552,0.44811898469924927,0.4433433711528778,0.4635162055492401,0.5031806230545044,0.6511329412460327,0.5018253922462463,0.3681369721889496,0.3846227824687958,0.41975024342536926,0.4352584779262543,0.4211517870426178,0.07560157411020862,0.055615298047442946,1997.3258241854705,1478.3195537182341,2533.3266634580496,1001.9242115145898,3484.0322968024943,2827.8709670436033,0.047580798651392114,0.05144121562257257,23.811371637346078,7.065727562774665,9.68599147034068,4.059225430182773,16.217346615113687,4.201202381474677,15.180721176735497,4.197662287491689,16.872165331794747,3.5509242135398784,22.776203059274287,8.357820540416796,32.81069829477204,6.02835853503805
original_mix,2.5,7.5,-320.166015625,84.82296752929688,180.30508422851562,64.19035339355469,7.821986198425293,38.7708625793457,19.10887336730957,35.61882400512695,9.781062126159668,19.54747772216797,17.42292594909668,16.893583297729492,-5.806225299835205,16.67947006225586,-3.5249130725860596,10.805376052856445,-1.9444743394851685,12.495746612548828,-9.642322540283203,12.084426879882812,-7.598044395446777,12.17095947265625,-1.5305484533309937,8.3567533493042,-7.906922817230225,10.544727325439453,0.4390009939670563,0.47934600710868835,0.472960501909256,0.5206491351127625,0.5960392355918884,0.5754857063293457,0.4221913516521454,0.4058472514152527,0.37391984462738037,0.35553884506225586,0.4210895001888275,0.4285973608493805,0.07076658363283338,0.04935519244917039,1856.3383519068177,1440.092647831182,2449.3306746600833,1092.7680910689526,3286.2865474550463,2927.358957652984,0.04233092553654293,0.04754634433280143,23.598445480085417,7.225119274649801,10.154620848517554,4.090212844112643,16.31757043327974,4.341248994121533,15.36933621383361,4.081975931453058,17.129024502020012,3.67909916620172,23.238897752229374,9.045867985186522,32.17948161097781,5.775738949543173
original_mix,5.0,10.0,-324.21759033203125,89.92052459716797,177.040771484375,56.8162727355957,6.333427906036377,38.57246780395508,19.673397064208984,36.05655288696289,14.568822860717773,16.66305923461914,19.150619506835938,18.506555557250977,-5.351994037628174,15.006654739379883,-2.3107120990753174,11.336246490478516,-3.940263509750366,9.567774772644043,-9.216384887695312,12.098468780517578,-3.8785667419433594,10.24310302734375,-0.5650344491004944,7.536477088928223,-5.875572681427002,10.37211799621582,0.3854711651802063,0.4671851098537445,0.5277253985404968,0.544062614440918,0.5546168088912964,0.6010971665382385,0.5029919743537903,0.3863036036491394,0.40513068437576294,0.34422147274017334,0.3314470946788788,0.4002884030342102,0.06667082605390807,0.048421946148638324,1738.2903319182315,1206.6814903227873,2437.6074601285814,897.0653466353539,2989.0184300681553,2423.6141298929665,0.03846432714617169,0.03987742997985408,23.126814023218806,6.763339462992668,10.440756171700338,3.7499774303802145,16.401187060133775,3.949876379489751,15.298190078754494,3.9493043433448496,17.496503733208204,3.7553001265341055,23.24413409588954,8.621499192318133,31.26410057649895,6.498093913221914
original_mix,7.5,12.5,-299.345458984375,84.8203125,181.33038330078125,63.54310607910156,-1.0907542705535889,35.36555480957031,17.03723907470703,35.23565673828125,13.102767944335938,16.873432159423828,14.066818237304688,19.73636817932129,-8.071885108947754,15.360403060913086,2.142991304397583,10.78524112701416,-3.1894009113311768,11.552685737609863,-9.488436698913574,11.666932106018066,-5.88216495513916,11.69959545135498,-0.8320308923721313,9.379947662353516,-8.05472183227539,11.595723152160645,0.39967504143714905,0.4170730412006378,0.45933443307876587,0.5079933404922485,0.5026484727859497,0.5422019958496094,0.4918105900287628,0.41065508127212524,0.42149144411087036,0.4124869108200073,0.40182092785835266,0.40041229128837585,0.08138290895235545,0.058010451606012446,1804.2086608481604,1370.8610513612684,2344.012333024732,848.3794692282928,3035.0325369779584,2440.4539810170886,0.04536030851218097,0.04815705789812725,22.588167159732944,6.136679540246064,10.277829955144473,3.9232949626854667,15.985036416900497,4.056143509377504,15.544320693983076,4.173853934745307,17.218711467625116,3.225339897092478,23.462312562063886,8.037086315977358,31.900487614908823,6.3998427957055535
original_mix,10.0,15.0,-276.4091796875,65.25267028808594,190.82168579101562,68.53076171875,-3.3560800552368164,32.947906494140625,10.860175132751465,31.139860153198242,8.554669380187988,18.038602828979492,14.388540267944336,20.22178840637207,-8.815539360046387,14.559110641479492,0.708798885345459,10.645634651184082,-2.999695301055908,12.43775463104248,-9.075018882751465,11.872328758239746,-10.003092765808105,10.565386772155762,-1.1339772939682007,9.031876564025879,-8.62582015991211,10.849228858947754,0.3962528109550476,0.3894120752811432,0.45704635977745056,0.4976830780506134,0.5010601878166199,0.5168395042419434,0.4778487980365753,0.4799768626689911,0.47451573610305786,0.4439450204372406,0.4295285642147064,0.4215669333934784,0.09525588961434821,0.059272038382141436,1842.504283495519,1557.101860285533,2279.090518071846,1012.1341618820601,3177.971038464327,2934.9793007433573,0.047199010295823664,0.05270823946647691,23.235955473887486,6.86478387767342,10.345475596171973,4.451785712435625,15.608748947644893,4.453817378387735,15.521357372287985,4.2497730394967705,17.346289507749713,3.3576529269664865,23.431649726072454,8.192240536105876,33.12646513245399,5.416322276731363
original_mix,12.5,17.5,-284.0193786621094,68.75074005126953,164.45101928710938,70.47723388671875,-12.992545127868652,29.201828002929688,26.779769897460938,34.4012565612793,5.882256984710693,18.85973358154297,16.85209083557129,17.652196884155273,-1.603264570236206,15.439562797546387,-1.3612016439437866,9.53741455078125,-5.195281982421875,10.536252975463867,-6.898192882537842,11.365370750427246,-9.857942581176758,10.628934860229492,0.06018179655075073,8.045321464538574,-4.090883255004883,9.747138023376465,0.3956083655357361,0.40061455965042114,0.4557859003543854,0.5066244602203369,0.5064259171485901,0.5569314360618591,0.47360965609550476,0.45925602316856384,0.47066015005111694,0.4421902298927307,0.4443725347518921,0.43213847279548645,0.07500118348453617,0.05721072355045249,2366.816548859144,1697.1416111886854,2655.834297842656,1056.8859766713217,4288.954421041183,3223.0486391933555,0.06042452146171694,0.06126900142930346,22.127507315097425,6.047952919969541,9.96434861676331,3.990903364995112,15.734726268002685,4.056180050398064,14.714500627960073,4.004440888667322,16.672602277357907,3.337028412486428,20.31759394816671,6.922328604673184,34.69306301771122,5.284437282444979
original_mix,15.0,20.0,-292.6008605957031,76.10543060302734,150.3721923828125,58.721954345703125,-8.94245433807373,28.621110916137695,40.04155349731445,31.798919677734375,2.5030877590179443,16.688236236572266,17.279415130615234,14.595358848571777,-0.12512986361980438,15.984247207641602,1.826546549797058,10.0162935256958,-4.83059024810791,9.229382514953613,-1.4603744745254517,11.79042911529541,-6.453333377838135,11.828848838806152,0.09953345358371735,8.939020156860352,-1.9948540925979614,8.528959274291992,0.47016921639442444,0.476896196603775,0.4883202612400055,0.48801136016845703,0.5061748027801514,0.6180303692817688,0.559730589389801,0.45950332283973694,0.4968930184841156,0.4884699881076813,0.4551335871219635,0.4733893573284149,0.06373068670312207,0.056801241975349526,2547.1268467123123,1475.940537724357,3051.6563500895536,922.6930892101199,4821.838747099768,2768.1959503505573,0.05900725964327146,0.05745227679479171,21.00162895927142,6.3489552683683215,9.231574773962024,3.3887429890379415,15.091361863314823,3.687148452282358,15.501241591282598,4.038491911699301,16.530207382679013,3.1711822491625545,18.35781478356708,5.242881814874613,35.269111363201304,4.640813006093429
original_mix,17.5,22.5,-278.43377685546875,75.06387329101562,168.72328186035156,53.217491149902344,2.1053404808044434,28.74749755859375,25.94820213317871,30.05029296875,5.456623554229736,15.517956733703613,21.262367248535156,14.45500373840332,-2.3512465953826904,16.007097244262695,1.4898042678833008,10.963735580444336,-1.719184160232544,10.317781448364258,1.049550175666809,11.384856224060059,-6.049042224884033,10.72288990020752,-2.2294139862060547,9.515448570251465,-1.9380497932434082,9.114320755004883,0.4962804615497589,0.511276125907898,0.5218963027000427,0.5141088366508484,0.5581748485565186,0.6345250010490417,0.512637734413147,0.4459877014160156,0.48082342743873596,0.4829108715057373,0.45537880063056946,0.47727638483047485,0.08127920222393045,0.06223623153529365,2024.8279820855396,1182.2618646947062,2874.4965320986025,919.1319540376076,3791.3925418720996,2488.0690677679545,0.03998694895591647,0.04173912408064807,20.319027140573553,6.039250593421389,9.361188547866274,3.6807617274671065,14.955409853831334,4.193004227521109,15.815507985279726,4.133960774032746,17.25488198096937,3.0571838653113357,18.589757302890956,5.037637958874228,34.5712644276161,4.278310274433211
original_mix,20.0,25.0,-268.8756408691406,71.21875,171.8407745361328,57.26144790649414,-3.8619132041931152,28.0146427154541,24.443735122680664,31.05485725402832,8.128791809082031,15.205923080444336,23.306795120239258,16.103403091430664,-1.1468565464019775,16.155241012573242,2.7140860557556152,11.59212589263916,-1.8951951265335083,11.766802787780762,-2.345244884490967,12.254136085510254,-8.018453598022461,10.542685508728027,-2.8643743991851807,9.21264362335205,-4.275443077087402,9.487212181091309,0.4988737404346466,0.502425491809845,0.5397404432296753,0.5763013362884521,0.5830481052398682,0.5839154124259949,0.4748186767101288,0.4349142909049988,0.465739369392395,0.4858287274837494,0.45647871494293213,0.4918205142021179,0.0909119516982764,0.06343294240279473,1950.850338344372,1291.0934800431987,2636.0667882984667,813.2979846884518,3435.0205282047564,2388.0593537157124,0.04069614631670534,0.04831762967953305,21.395475731611292,5.283633499301067,10.307292292310551,3.988448539445036,15.590195710942975,4.270202933680201,14.367896491853362,3.677199927549432,17.354776014700953,3.0865978871298396,19.57077295755651,5.373061488226063,35.08310002385172,4.74690631517132
original_mix,22.5,27.5,-291.10003662109375,78.39097595214844,165.78309631347656,53.998172760009766,-3.6592941284179688,30.262895584106445,27.237842559814453,32.2542839050293,11.179834365844727,15.592679977416992,19.948144912719727,16.206911087036133,0.2095520943403244,14.969230651855469,4.302295684814453,9.815618515014648,-0.8226563334465027,11.48460865020752,-3.528597593307495,13.00793170928955,-3.9915120601654053,10.715707778930664,-0.5991372466087341,8.892154693603516,-2.0669608116149902,9.595915794372559,0.5008123517036438,0.5418862104415894,0.602371096611023,0.6209794878959656,0.6101282835006714,0.618110179901123,0.5254905819892883,0.44078880548477173,0.48786914348602295,0.47388961911201477,0.4369760751724243,0.4938822090625763,0.07229902080785301,0.0545173685679482,1949.2279523704613,1197.050692765411,2664.863665682953,746.4388459458346,3454.1556019794084,2099.884024615237,0.039386510295823664,0.04685658799497244,21.583953561695054,5.3709219230092105,9.647358258391419,3.7199558742539307,15.19020548638369,3.9668652355685867,14.679384221248219,3.770739155999837,16.917300837075764,3.064408310330837,20.561733081969056,6.8195909867318605,33.96340731672482,5.517949285137434
original_mix,25.0,30.0,-291.8936462402344,72.38951110839844,169.2855682373047,57.366764068603516,-4.780452251434326,32.73712921142578,28.562618255615234,31.255535125732422,10.172786712646484,17.405532836914062,17.25799560546875,16.05519676208496,0.576026976108551,13.487624168395996,6.907768726348877,8.870149612426758,-0.6177850961685181,10.592090606689453,-2.7421631813049316,13.481219291687012,-5.437342166900635,9.994811058044434,0.8082040548324585,9.621639251708984,-2.321962356567383,10.57221794128418,0.48535841703414917,0.5220003724098206,0.5788132548332214,0.5922356843948364,0.5664394497871399,0.5703822374343872,0.5307846069335938,0.4443613886833191,0.4561624526977539,0.4728604555130005,0.43326762318611145,0.4588640630245209,0.06691144220747071,0.04418062794626606,1972.706474770428,1312.3793874692103,2622.6041498736063,827.2795281968017,3437.2687744707077,2404.117794209226,0.04265040421983759,0.04747313186771982,19.247671985593044,5.760045407070464,9.048800377296846,3.451773167923212,14.921867277616869,3.6856452806268294,15.260816340043245,3.7749778693952547,17.074971500042686,2.9721411965993654,20.821083866403193,6.906397771799134,33.92495059356683,5.132953817779569
original_mix,27.5,32.5,-285.3782043457031,66.87739562988281,169.58238220214844,59.380558013916016,-4.673624038696289,31.667678833007812,28.750314712524414,33.09008026123047,10.807854652404785,16.88797378540039,14.640581130981445,16.790782928466797,-0.7622476816177368,15.519399642944336,7.615373611450195,8.907621383666992,-0.1763090342283249,10.54241943359375,-1.7829980850219727,12.123392105102539,-5.071714878082275,10.123130798339844,0.7381488680839539,10.305829048156738,-5.3934783935546875,9.972391128540039,0.45349615812301636,0.47860342264175415,0.49919188022613525,0.5526511669158936,0.546995997428894,0.5335180163383484,0.5142617225646973,0.4779396057128906,0.4463197588920593,0.45602020621299744,0.48090511560440063,0.4902386963367462,0.0706332873751835,0.045965571350976696,2028.8206893532692,1391.568935524925,2617.339948892281,872.963238331433,3474.589662485499,2590.423252451617,0.04374252283932715,0.04697819689670118,19.208826055916088,5.832539251385124,9.420622227223468,3.9276634093897558,15.12729348708841,4.1117730300102275,15.190916635001328,4.17399152253399,17.3333711665406,2.9380134271393707,21.570514412275337,7.1807570804067336,34.23503140893446,5.372550491787269
original_mix,30.0,35.0,-297.5470886230469,74.03986358642578,168.02236938476562,58.1613883972168,-4.414055347442627,31.444414138793945,27.537626266479492,32.55167007446289,10.345257759094238,15.764274597167969,16.892894744873047,15.430171966552734,-3.3365280628204346,16.452512741088867,4.439260959625244,8.86187744140625,-1.2822542190551758,11.435710906982422,-0.626858115196228,11.223649024963379,-4.0495100021362305,11.209273338317871,0.9123982787132263,9.780655860900879,-3.217827320098877,9.280335426330566,0.41175228357315063,0.43876707553863525,0.48167651891708374,0.5825644731521606,0.5973870158195496,0.6089959144592285,0.5453264117240906,0.50797438621521,0.45784902572631836,0.41818854212760925,0.45947471261024475,0.46679559350013733,0.06635010377514736,0.0455289904816557,1985.4835849083736,1232.001884992483,2687.9339817311466,851.432236235636,3546.98319224913,2346.6202999320853,0.038467725855568444,0.041045565191009645,21.102502305610265,5.6804203911718965,9.649366876121205,3.6524811485787403,14.989587805739532,4.0370833888372015,15.126750984152581,4.398120474913516,17.012636062296583,3.2681248335484314,21.079796587333227,7.481944046179968,33.943692211839014,4.948220841320349
original_mix,32.5,37.5,-297.0628967285156,74.15617370605469,156.42129516601562,57.31937789916992,-4.881067276000977,32.36861801147461,33.13595962524414,29.97368049621582,7.603930950164795,18.191354751586914,23.163179397583008,16.835384368896484,1.448063850402832,14.577032089233398,2.77204966545105,9.292865753173828,-3.4119508266448975,9.84639835357666,1.1582964658737183,11.147133827209473,-4.400407791137695,11.315841674804688,2.2103710174560547,9.185510635375977,-2.8445281982421875,10.888895034790039,0.45927122235298157,0.4650941491127014,0.49354904890060425,0.5501062273979187,0.5685483813285828,0.6206008195877075,0.5109679698944092,0.4818364381790161,0.4781566858291626,0.4709404408931732,0.49949759244918823,0.4780995547771454,0.06382918827616006,0.04666252509491567,2177.1706255423182,1295.861907096721,2909.6712508971655,827.0300698600123,4042.5466302929235,2369.037431778927,0.04235698230858469,0.04817279195575265,20.957090426534883,5.9474931143992835,9.214340530774926,3.5763085293973895,15.386297967023093,3.9041398620409047,15.180814699820568,4.225145054145156,16.982233411869824,3.3113487193376527,18.834364330810317,6.4436475160991336,34.808418077092455,5.196991594511519
original_mix,35.0,40.0,-298.5762939453125,72.917236328125,153.64610290527344,50.96165466308594,-3.6208980083465576,27.880706787109375,34.126365661621094,28.023849487304688,4.539474964141846,18.26703453063965,21.951560974121094,17.4791259765625,2.9712185859680176,13.729667663574219,6.445725440979004,10.15914535522461,-2.445563793182373,9.712955474853516,2.5129711627960205,9.659152030944824,-5.1452507972717285,9.906517028808594,4.0520477294921875,8.173681259155273,-3.1912364959716797,10.84110164642334,0.5638273358345032,0.5731761455535889,0.5560575723648071,0.5621600151062012,0.531351625919342,0.602759599685669,0.4915303587913513,0.44330623745918274,0.4472946226596832,0.47236746549606323,0.5029816031455994,0.530402421951294,0.05696291036973005,0.042156136235762094,2282.822657717398,1244.641031884682,3113.6944812868337,827.921858413275,4317.73197324536,2435.4277451885255,0.041058675319025524,0.04497376554728212,19.573909630586332,5.060302647461384,9.151815447385493,3.271468927144974,15.14076878125993,4.02648319788736,15.158473733845952,3.563098041188053,16.81041166057313,3.271851850198589,18.022926519683903,5.852555843819308,34.79807158995748,4.5420384015656445
original_mix,37.5,42.5,-302.0065002441406,66.35862731933594,157.66574096679688,50.9420166015625,-1.911279559135437,26.260278701782227,28.699548721313477,27.832508087158203,7.021786689758301,15.689271926879883,16.812007904052734,17.52817726135254,2.859037399291992,13.653691291809082,6.841748237609863,9.759632110595703,-0.6981181502342224,10.96845531463623,-0.35185426473617554,10.391746520996094,-5.389041423797607,9.175399780273438,2.4707818031311035,7.911341667175293,-3.011892557144165,9.514513969421387,0.5783179998397827,0.6111487150192261,0.6214088201522827,0.6134678721427917,0.570407509803772,0.5899242758750916,0.5375052094459534,0.4328339993953705,0.40639954805374146,0.4214392900466919,0.4801611304283142,0.5592235326766968,0.05314868670000139,0.03865040688012017,2233.4645578437576,1245.7416648121787,3053.7692468742357,976.7352179432677,4286.856057859629,2804.463455308985,0.037844629132830626,0.03547750020665831,20.558583886411316,5.297865089213112,9.328155674087261,3.275665747794101,14.686345201834037,4.1015217209224595,14.977006698049292,3.803248243550623,16.61413001581768,3.0213187519818976,18.380994498149175,5.282733255988056,33.94118239771033,4.490671026375418
original_mix,40.0,45.0,-285.8479919433594,74.43672943115234,154.92088317871094,53.79007339477539,-3.7285830974578857,29.865955352783203,34.57684326171875,31.072799682617188,12.593002319335938,16.101150512695312,15.357222557067871,19.57067108154297,1.7847275733947754,14.311942100524902,5.087746620178223,11.563232421875,-1.771308183670044,10.344494819641113,-1.8326343297958374,11.777946472167969,-5.195812225341797,10.446660041809082,0.14416903257369995,9.733047485351562,-5.113553524017334,9.938592910766602,0.5199216604232788,0.5829558372497559,0.5695325136184692,0.5610520243644714,0.5209797620773315,0.5529283285140991,0.4778076410293579,0.42809563875198364,0.43779388070106506,0.425120085477829,0.4768115282058716,0.4902450442314148,0.06972576514223543,0.05850602794282124,2255.783768024366,1381.2314127279376,2902.9397242145333,985.5300820408518,4258.328310796113,2921.832217053979,0.04409485571345707,0.042023156851415326,21.337097826335608,6.242269428585808,9.936924762964194,3.8364457835796366,15.258646155169602,4.504297587333802,15.880977427466782,3.9537904217686872,17.069483790775198,3.335619937318818,19.301002872703343,5.687403792563008,34.59949837855516,5.585930105284315
original_mix,42.5,47.5,-270.7760009765625,72.14311218261719,160.81517028808594,54.55176544189453,-9.093944549560547,28.505521774291992,35.168251037597656,31.67043685913086,16.107942581176758,18.45721435546875,19.805095672607422,21.768878936767578,-0.3234318792819977,15.713384628295898,4.102056980133057,11.80319881439209,-0.8818936944007874,11.247693061828613,-2.7763662338256836,11.892831802368164,-4.897456169128418,10.777411460876465,0.17834146320819855,10.870570182800293,-6.205131530761719,9.692315101623535,0.47560492157936096,0.512508749961853,0.5118479132652283,0.5463802814483643,0.5295050144195557,0.5424190759658813,0.5142887830734253,0.46677160263061523,0.4655275344848633,0.4341338276863098,0.40009069442749023,0.4350005090236664,0.08245471947050703,0.05951384096025543,2113.4028300883324,1319.453947153288,2710.2144164911024,862.2145775966688,3893.2630782337587,2511.585442252112,0.044188886673433875,0.042749383635254316,19.0703074213548,5.187000386681108,10.084594359825326,4.077156907877469,15.650263651136362,4.528823731382916,15.8693924874248,4.308351536513135,17.5485625254379,3.3149046679640755,20.406382694847885,6.385980478214851,35.259638953784865,5.412424406009049
original_mix,45.0,50.0,-294.3998107910156,64.67971801757812,165.27218627929688,48.0832405090332,-6.834680557250977,25.339948654174805,25.74786376953125,25.79875946044922,15.450689315795898,19.05133819580078,24.38611602783203,19.211505889892578,1.9225549697875977,16.703468322753906,4.165451526641846,9.312277793884277,0.7650927901268005,10.816529273986816,-2.516940116882324,10.52791690826416,-4.304683208465576,9.435420989990234,0.4634292423725128,8.989028930664062,-3.997504234313965,9.291751861572266,0.459911584854126,0.47653844952583313,0.5108473896980286,0.6411352157592773,0.637100100517273,0.5785919427871704,0.5317190885543823,0.49169331789016724,0.43895649909973145,0.4092475175857544,0.440677672624588,0.4784975051879883,0.06321763385113181,0.04737467040308773,1966.4743079296466,1144.9386845506947,2747.6606402936295,842.0384956827104,3657.9965967589906,2315.5704263832613,0.03773700333526682,0.037251920791003916,17.45814894528252,4.935703443926396,9.35385588684376,3.749009538051775,14.847574253295043,3.9809180129152417,15.76178789655427,4.135292165181891,17.446373117172378,3.1552277843529057,20.17643634828535,6.084298785394467,33.89391728838714,5.060099751323795
original_mix,47.5,52.5,-300.5617370605469,63.79603576660156,160.19529724121094,46.8797721862793,4.572134494781494,25.749666213989258,26.177852630615234,24.735692977905273,12.203344345092773,17.480615615844727,18.012571334838867,16.471799850463867,4.334871768951416,16.53013038635254,3.4111690521240234,9.958658218383789,0.6150375604629517,9.754981994628906,-0.8325162529945374,9.284043312072754,-3.3556225299835205,9.244941711425781,-0.8721041679382324,8.8178129196167,-4.104238510131836,10.526996612548828,0.4213891327381134,0.48204413056373596,0.5696166753768921,0.6164467334747314,0.5747800469398499,0.5226063132286072,0.4780283272266388,0.4572407603263855,0.40596428513526917,0.4276788532733917,0.4823659062385559,0.4215434789657593,0.06573462558655271,0.05904885127616543,1978.7000072707926,1165.4790341437472,2857.026650205678,910.3951029836288,3760.666509570766,2546.114251938686,0.035654727378190254,0.035064812900206015,16.62470827829613,5.1630255661765565,9.4729542152783,3.3913032641247645,15.195901405490558,3.723090316709364,16.162436887673596,4.088273067872234,17.41868739718097,3.180413149149262,18.950267999018706,4.827009136207666,33.626040871756686,4.740617765881428
original_mix,50.0,55.0,-282.2958679199219,63.57473373413086,155.0223388671875,47.24979019165039,0.617099404335022,28.734033584594727,31.460229873657227,27.449478149414062,12.679800987243652,16.607952117919922,17.457582473754883,16.68692970275879,2.7556474208831787,15.773426055908203,2.4291796684265137,11.13215446472168,-1.3881678581237793,9.075273513793945,-0.5753127336502075,10.03884506225586,-2.7643985748291016,9.68807315826416,0.3349400460720062,9.197175979614258,-5.59336519241333,10.572375297546387,0.4426366090774536,0.4480893909931183,0.4470943510532379,0.45407217741012573,0.49055808782577515,0.6013268828392029,0.5415160059928894,0.46247598528862,0.4476391077041626,0.46273407340049744,0.5050039887428284,0.5025050640106201,0.0745205282646376,0.061303464542432705,2118.5182805351237,1141.9213772114865,2966.432842599968,830.8686174450551,3952.966506851798,2340.076973813674,0.03805195040603248,0.037673902121440034,18.37676730193031,5.695514832252974,10.04347662233354,4.067293896681842,15.836764190530147,4.462382642446541,15.90122812879051,4.248178298440288,17.127649741777056,3.2210539818101993,18.58323935854596,4.707766295892516,34.569765698407274,4.971478812270148
original_mix,52.5,57.5,-269.666259765625,61.65121078491211,162.76011657714844,48.303794860839844,-4.291767597198486,25.126632690429688,26.88199234008789,26.9277400970459,15.252569198608398,15.779983520507812,20.532743453979492,14.275737762451172,-0.13866209983825684,15.08751106262207,2.443389892578125,9.532974243164062,-1.805716872215271,9.224989891052246,-3.0715696811676025,11.145437240600586,-5.153536319732666,11.216906547546387,-0.8451196551322937,9.368246078491211,-4.870030403137207,8.76241683959961,0.49688199162483215,0.4907682538032532,0.4621177613735199,0.4756051003932953,0.5272349715232849,0.6336199045181274,0.5295670628547668,0.46649226546287537,0.4989955723285675,0.5379059314727783,0.52210932970047,0.4701146185398102,0.075449550986774,0.05086403633610577,2050.2292484108852,1144.3158187100535,2872.746305946011,838.8094141782362,3792.9413337441997,2305.981282364782,0.03800663428074246,0.03871879900867676,20.725219497588714,6.508574687976672,9.794859501595669,3.76491196005614,15.735305787982385,4.3846263105086045,15.084564360171468,3.8603618934242583,16.99848608150798,2.772074744624259,19.780524507710332,6.158372801726505,34.88307331753123,4.237038664548253
original_mix,55.0,60.0,-264.0104675292969,58.98283004760742,171.44464111328125,55.27695846557617,-11.362425804138184,23.747934341430664,28.753787994384766,29.44761085510254,12.633395195007324,15.514747619628906,22.35232925415039,15.625568389892578,-1.9886822700500488,15.763157844543457,5.2882304191589355,9.571032524108887,-3.5474321842193604,10.500470161437988,-3.6931982040405273,12.767878532409668,-5.9039692878723145,10.678609848022461,-0.6329854130744934,9.778467178344727,-6.80160665512085,8.257014274597168,0.4948045313358307,0.4999348521232605,0.4963441789150238,0.5184234380722046,0.5609193444252014,0.5801254510879517,0.529748797416687,0.5066732168197632,0.5166807174682617,0.47701844573020935,0.4319958984851837,0.46724656224250793,0.08176172689562815,0.046761161313218745,2018.3872385284255,1281.3358575994118,2662.4303420162587,847.8205981133548,3644.8068853320765,2381.9522930167163,0.04218364812935035,0.046961544318996934,22.351324697563047,5.905594550320105,10.524092277364392,4.183212525905837,15.45345472470447,4.477453918359307,15.146957036572854,3.8165438009011243,17.044827612409534,2.785858681807712,21.78438082442534,6.994363271177201,35.166916516237016,4.780494057175956
original_mix,57.5,62.5,-274.3334045410156,70.53089904785156,155.11109924316406,57.73876953125,-13.376002311706543,29.759017944335938,32.7220344543457,35.453678131103516,12.69009017944336,16.082561492919922,19.4064884185791,16.459083557128906,2.845432996749878,14.522665023803711,5.475799560546875,10.987128257751465,-2.6698739528656006,10.172490119934082,-1.8783907890319824,12.653724670410156,-3.7168619632720947,10.03956127166748,2.578547239303589,9.272653579711914,-5.076266288757324,9.896929740905762,0.4696841239929199,0.5029711127281189,0.494675874710083,0.5269372463226318,0.5318288207054138,0.5691494941711426,0.49572306871414185,0.4714963436126709,0.49201926589012146,0.43836766481399536,0.3872722387313843,0.41222506761550903,0.07236168916248598,0.04972857286824493,2266.216448674653,1370.1694416359267,2764.6604154692327,757.172844855389,4025.709763812355,2320.445621088374,0.051054279654872387,0.05468939273126509,20.533095672133285,5.958131005073255,10.175687222386255,4.003374305818611,15.619613187670094,4.442985298433865,15.601832338763476,3.451549222580993,17.25266521323048,3.0096733747670497,20.012877281540025,5.873320185502396,35.33447302138587,5.770885231621308
original_mix,60.0,65.0,-284.4959716796875,68.1258773803711,164.33544921875,53.93205642700195,-8.103952407836914,27.99526596069336,26.40209197998047,32.07581329345703,12.93061637878418,15.300028800964355,21.480112075805664,14.282063484191895,2.7415859699249268,13.076919555664062,3.128781795501709,10.098176002502441,-1.329666018486023,9.753968238830566,-1.1808228492736816,10.691197395324707,-2.488961935043335,10.073258399963379,2.1825337409973145,9.207953453063965,-2.7280170917510986,9.448078155517578,0.4467924237251282,0.4602612257003784,0.4900689125061035,0.5695875287055969,0.6065505146980286,0.6365979313850403,0.5525884628295898,0.49747225642204285,0.5547913908958435,0.5243641138076782,0.4376237392425537,0.4326058626174927,0.0676239155958949,0.04727022000612182,2024.9325809693069,1220.0886989603157,2710.971303863138,772.3926105679031,3677.781163899362,2250.269515518724,0.04118102885730859,0.044487725640426884,18.772015581925928,5.716020928512413,9.659185695576326,3.514047241662131,15.200360296855935,4.044369729083611,14.974686323032085,3.7017554020041965,17.38544925949142,2.881512473147234,18.663047041854266,4.554488377788628,34.15318221157346,5.718690419705708
original_mix,62.5,67.5,-276.244384765625,55.62746810913086,169.55499267578125,47.86269760131836,-2.423976182937622,21.972089767456055,17.585372924804688,24.506242752075195,18.130578994750977,15.911564826965332,23.152042388916016,15.419827461242676,0.7558587789535522,15.172629356384277,1.8297678232192993,10.296653747558594,-3.0484817028045654,9.381620407104492,-4.836418628692627,11.303727149963379,-2.1364500522613525,8.163956642150879,-1.0931203365325928,8.261428833007812,-3.2528207302093506,9.618794441223145,0.37995290756225586,0.38087067008018494,0.44970738887786865,0.563217282295227,0.57988440990448,0.6145641803741455,0.5793176889419556,0.5663178563117981,0.5650303959846497,0.5655637383460999,0.5317482352256775,0.4376622438430786,0.07565389294825546,0.05711205104977642,1841.404737015342,1057.0408925363245,2657.088643067344,771.5320151435195,3285.3372879205335,2028.7917361292962,0.03435642038863109,0.03577986990909009,20.21999201465611,5.81803682543434,9.785385786169227,3.8952144380301057,15.068721441424671,4.190469418777026,14.905530827954179,3.762873844086501,17.04481322947211,3.0242339685126507,20.58578044930235,6.563146283992438,33.81867617350671,4.003733691356776
original_mix,65.0,70.0,-296.1866455078125,66.04764556884766,151.43638610839844,47.27696228027344,1.1387041807174683,25.165172576904297,27.999988555908203,24.227506637573242,11.682652473449707,17.030746459960938,17.061880111694336,16.214984893798828,2.0644114017486572,14.349787712097168,1.8951092958450317,9.771834373474121,-3.2532958984375,9.087299346923828,-4.345608711242676,11.556918144226074,-1.3620424270629883,9.819443702697754,0.0338468961417675,8.242447853088379,-2.6201961040496826,9.583328247070312,0.39288267493247986,0.41160041093826294,0.436347633600235,0.5181338787078857,0.5687912106513977,0.6550320386886597,0.6160665154457092,0.5982217788696289,0.5855297446250916,0.5372540354728699,0.5673239827156067,0.5111998319625854,0.06175406036678088,0.05820556514272277,2109.578371231089,1148.9679286822318,2874.538790704248,812.5682091008168,4062.431119489559,2363.1768410196073,0.03657011310904872,0.03877242148367201,21.643940773835077,5.015678226993644,9.434815623884981,3.6945647066523932,15.722902478893864,4.124883107613578,15.829813426755758,4.062510658462068,16.548681332907055,2.9084998123315713,19.349324635860953,6.607490008808118,34.10097058165869,4.500910582250712
original_mix,67.5,70.77399092970522,-366.43218994140625,90.8360824584961,141.63050842285156,37.114097595214844,15.868958473205566,35.00100326538086,35.20782470703125,18.969560623168945,4.115474224090576,13.862992286682129,11.110346794128418,12.365538597106934,1.9022973775863647,8.815635681152344,1.5633463859558105,6.896635055541992,-1.9164190292358398,8.407942771911621,-0.756486177444458,9.029868125915527,0.8174934387207031,10.23859691619873,1.7092267274856567,7.156007766723633,-0.9401031136512756,7.44271993637085,0.5509795546531677,0.5638993978500366,0.5227171778678894,0.47097745537757874,0.5352988243103027,0.7669598460197449,0.7030923962593079,0.6135152578353882,0.6603738069534302,0.6151244044303894,0.6777196526527405,0.6874481439590454,0.03213536112853293,0.034697787102115296,1859.8831519170908,1154.561801940385,2673.817936515834,920.8245147750056,3739.67596825133,2644.410859529047,0.02806231992464539,0.031077596201649717,21.69829975238991,4.713158652028494,8.768498890283318,3.2027821699084975,15.510589270463823,3.174627495828691,17.94309957730746,4.191640361451499,15.87005578720448,2.793671485858959,17.327550928793027,3.4603426742641923,30.17550435082148,7.644847783798153
original_mix,70.0,70.77399092970522,-573.630859375,37.694854736328125,226.26443481445312,16.000934600830078,17.32537841796875,12.46825885772705,32.57320022583008,10.816949844360352,26.949525833129883,5.273169994354248,-9.80087661743164,6.159445762634277,2.014833450317383,6.655888080596924,1.783203125,5.841397762298584,-3.451176881790161,4.138477802276611,3.524399518966675,3.345072031021118,1.0141487121582031,4.556054592132568,-2.2978475093841553,3.0746750831604004,-2.7721340656280518,5.675524711608887,0.8236535787582397,0.7497656345367432,0.4030819535255432,0.20627008378505707,0.3756680488586426,0.8735644817352295,0.6440187692642212,0.5707206130027771,0.7664902210235596,0.8222600817680359,0.9906113147735596,0.9214025735855103,0.008087417778016916,0.002791503069602519,756.3931792245232,297.9630360927914,1748.523068712342,527.4262903270005,954.5315415111941,745.4159043526677,0.011011835354477612,0.0020772346009287007,23.995481561020355,4.638456242531109,6.8850584878761465,2.1092002952753197,14.968225482258156,3.421678590728105,20.592866704762944,3.0895601564755077,15.30862258324641,3.0088100999473513,19.660828468778565,3.538728419359917,18.148324508128248,3.782514055435924
vocals,0.0,5.0,-327.956787109375,117.5584716796875,159.47482299804688,83.39118957519531,-9.522769927978516,37.14517593383789,13.562169075012207,34.96155548095703,6.403883457183838,21.22554588317871,16.181974411010742,16.94209861755371,-5.15291166305542,17.62340545654297,1.1500091552734375,9.670527458190918,-2.7159478664398193,12.76481819152832,-8.13035774230957,12.682149887084961,-10.964781761169434,11.620692253112793,-3.2672343254089355,8.716315269470215,-10.307859420776367,10.160231590270996,0.39076879620552063,0.38168108463287354,0.4404260814189911,0.4581688642501831,0.48850491642951965,0.5651350617408752,0.4944016933441162,0.41467568278312683,0.417011022567749,0.4324648976325989,0.40705689787864685,0.411135196685791,0.07260423424702868,0.057878025961782244,2550.037626438067,1980.683634280453,2807.6420936690542,1399.9117417856344,4573.93212550754,3943.6236382531874,0.07328183910962877,0.07193499542086959,19.643978439248592,7.081578858469956,10.31311333216491,4.1768416162281845,15.570939122426275,4.481053157547004,14.848469953382443,3.967101025551343,17.231654319349953,3.6331791079446982,21.456582945576507,6.180503500813385,28.702630227041208,4.928443748984689
vocals,2.5,7.5,-336.6651611328125,104.08332061767578,162.5949249267578,83.39111328125,-1.8834902048110962,38.05308532714844,12.931304931640625,35.196556091308594,7.959962844848633,21.266128540039062,18.622724533081055,17.47723388671875,-3.6772825717926025,18.255714416503906,-1.346878170967102,11.497066497802734,-0.6853073835372925,11.86728572845459,-8.634682655334473,12.563948631286621,-8.792704582214355,11.70430850982666,-3.737713098526001,7.712510108947754,-10.448344230651855,8.919831275939941,0.415822833776474,0.3935384750366211,0.4025353491306305,0.43148648738861084,0.5036782026290894,0.5701596736907959,0.5098307132720947,0.4584604501724243,0.4419429302215576,0.42066970467567444,0.4695571959018707,0.48093947768211365,0.06784432829242754,0.05118085171796292,2365.613046973012,1960.0430306154856,2628.6462191102137,1349.2205615807989,4209.766191451567,3733.23377742013,0.06523142945185614,0.06964040269592008,19.91651476284823,6.8833692557965644,10.125196323957233,3.9316292445893044,15.826963033123878,4.466937152713489,15.47566386801289,4.37557019053255,17.20244043237565,3.6455776756999887,21.409495120548264,6.420002393060823,29.27744902224396,4.526974254520726
vocals,5.0,10.0,-349.35382080078125,117.0862045288086,149.58148193359375,83.891845703125,-7.507707118988037,37.43724060058594,14.336258888244629,35.490203857421875,14.820920944213867,18.671537399291992,21.547527313232422,19.132118225097656,-3.669738531112671,16.994564056396484,-1.1075693368911743,12.769464492797852,-3.413459300994873,9.87722396850586,-8.538883209228516,12.400226593017578,-4.902035713195801,10.735246658325195,-2.821599006652832,7.919089317321777,-8.505105018615723,9.608380317687988,0.3817054331302643,0.38710683584213257,0.4424940049648285,0.49877893924713135,0.5534765720367432,0.5772060751914978,0.5149357914924622,0.4870446026325226,0.47086480259895325,0.4360724985599518,0.4215993285179138,0.43813103437423706,0.06264756194080792,0.050639689391335826,2376.247197015084,1817.8994869507646,2749.0819544756123,1401.888514274864,4354.353406866299,3770.392623217429,0.0805550772186775,0.10791935946002183,19.346834421507683,6.6923248224953955,9.818554055192314,3.5851511472318376,15.59368117605588,4.168014505445322,15.19599585471114,4.079505550900919,17.467912635478832,3.7750030354095654,21.24075431429676,5.906824610532774,28.746649150540225,4.7768198050861175
vocals,7.5,12.5,-318.52947998046875,108.87727355957031,161.03884887695312,84.02074432373047,-10.852543830871582,36.36450958251953,13.35549259185791,34.838260650634766,13.864728927612305,18.036865234375,15.913640022277832,20.749561309814453,-7.418782711029053,17.25263786315918,2.3839385509490967,12.280074119567871,-3.813910722732544,11.986372947692871,-9.689979553222656,11.798969268798828,-7.533027648925781,12.333359718322754,-3.16784405708313,9.887621879577637,-10.192763328552246,10.820755958557129,0.3978908658027649,0.3865184485912323,0.43933233618736267,0.49408790469169617,0.4896623194217682,0.4826621115207672,0.47565600275993347,0.4660761058330536,0.4564548134803772,0.4770422875881195,0.43035775423049927,0.39576300978660583,0.07847311475936859,0.06017943246466465,2234.47025895698,1728.0288000350185,2597.124503603953,1297.9662699064713,3993.984510948376,3567.182443448715,0.07725832910382831,0.10413554864099936,19.955960383823005,6.3399160137767065,10.14306754204893,4.277731845143294,15.43737216531535,4.6297642040421865,15.34542311254576,4.430596063846698,17.296151583342287,3.3658138859930364,21.996587947067976,5.815190531742113,28.771172445907098,4.746304061683552
vocals,10.0,15.0,-287.47113037109375,74.09974670410156,183.94566345214844,78.17870330810547,-6.9379496574401855,37.724029541015625,6.047694683074951,30.547840118408203,7.712737560272217,19.151988983154297,14.555288314819336,20.856014251708984,-9.21578598022461,16.136859893798828,1.1558160781860352,11.460928916931152,-3.2179436683654785,12.764988899230957,-9.441140174865723,12.51777172088623,-11.472529411315918,10.667597770690918,-3.0521016120910645,9.500961303710938,-10.23949146270752,10.509608268737793,0.41670092940330505,0.36897358298301697,0.42425909638404846,0.4656100273132324,0.4774300158023834,0.48843249678611755,0.47905048727989197,0.4652947187423706,0.45145347714424133,0.4646172821521759,0.4583001136779785,0.4352585971355438,0.0933399934866174,0.06099363933653891,1974.420866263366,1699.8830983852606,2315.6389532754256,1088.726534393551,3416.834713964617,3203.556271395301,0.0537177349187935,0.05652752411668907,20.464290281455437,5.987625754067461,10.381559206396224,4.6740789646537975,15.324174709396576,4.732732798790497,15.579897133463444,4.550164223527556,17.613132713750712,3.3895386079064784,22.09229155667526,6.081092574647752,29.022362684830355,4.824769649980441
vocals,12.5,17.5,-310.669189453125,91.89945983886719,155.17686462402344,84.90118408203125,-19.2052059173584,35.55760955810547,15.483482360839844,34.290260314941406,8.220800399780273,21.683603286743164,15.131053924560547,20.023656845092773,-1.8917137384414673,16.578453063964844,-0.6979238986968994,10.278745651245117,-6.354122638702393,11.30996322631836,-8.204742431640625,11.998528480529785,-12.394213676452637,9.9026517868042,-2.992856025695801,8.005623817443848,-7.152431964874268,9.667621612548828,0.4297715127468109,0.3825048506259918,0.45115286111831665,0.5097393989562988,0.4948408007621765,0.5265313386917114,0.4857974946498871,0.47201210260391235,0.4745026230812073,0.43915024399757385,0.4153718650341034,0.4504961669445038,0.07221342682022182,0.059031560960717495,2469.9275955408807,1902.8284052447434,2567.086915830516,1082.7959437367101,4204.6701665820765,3367.181191963401,0.07237778241009281,0.07165357820203606,19.40580687492739,6.8957675180815485,9.711001599748105,4.103028086354125,15.299785578658303,4.239735046502337,14.87260482237589,3.9529050542049236,17.128393342406657,3.49864261798121,20.1323301976989,5.3352710364985,29.544510182899458,5.028543514454924
vocals,15.0,20.0,-355.1162414550781,133.20913696289062,128.06321716308594,85.75386047363281,-23.760944366455078,31.329030990600586,19.77390480041504,37.657527923583984,8.355815887451172,21.37799072265625,11.976211547851562,17.0754337310791,0.18883945047855377,17.17353057861328,1.0044203996658325,11.245621681213379,-6.850724220275879,10.335071563720703,-4.974011421203613,11.742537498474121,-9.616506576538086,11.152780532836914,-4.805685520172119,9.516992568969727,-5.3526997566223145,8.435897827148438,0.43354332447052,0.4299011826515198,0.45704931020736694,0.5050663352012634,0.4851019084453583,0.49393609166145325,0.45147231221199036,0.44664624333381653,0.48252665996551514,0.4793643057346344,0.3825359642505646,0.3893205225467682,0.05822123762223791,0.06038033551265334,2962.7389886942624,2022.9663451162235,2975.0969095640653,1316.6459909861437,5110.46360661978,3907.234818404338,0.09785450804814386,0.09096972046703128,17.391225412229616,7.0466687655300095,9.381790678005807,3.7208682106242885,14.576341324387467,4.044888432343362,14.75175575324802,3.76539571040178,16.95387860006629,3.212173603118715,19.22961586501089,4.39392896196481,29.13111608403721,5.473136847819722
vocals,17.5,22.5,-331.80279541015625,127.85187530517578,148.33726501464844,85.44097900390625,-8.105669975280762,33.99535369873047,9.331768035888672,31.027374267578125,8.89405345916748,18.990238189697266,15.771747589111328,16.638084411621094,-5.966892242431641,17.144081115722656,-1.0625405311584473,12.157886505126953,-3.8349905014038086,11.59609603881836,-3.4014499187469482,12.185188293457031,-8.899075508117676,9.96273136138916,-7.093752384185791,10.25362491607666,-5.137741565704346,9.198939323425293,0.42696669697761536,0.4343563914299011,0.45987769961357117,0.4921826124191284,0.5201928019523621,0.5409687161445618,0.45459529757499695,0.437561959028244,0.4664841592311859,0.48152631521224976,0.3712559640407562,0.3622334599494934,0.07544547022478881,0.06706120291889663,2473.906383045026,1872.6160371025903,2876.2419467709665,1376.0785192538074,4400.7672020011605,3933.8113757715846,0.07641658207656613,0.08410711884264972,18.032387556520487,6.8003601359965815,9.73436743612862,3.7631254991104144,14.372564158851697,4.347683978866433,15.1824026439073,3.9944889711989258,17.562351787160406,2.903945972629604,19.49423944762238,4.3072497756857215,28.361337670843,4.950209937261183
vocals,20.0,25.0,-298.53021240234375,97.22531127929688,161.55970764160156,75.39620971679688,-10.547493934631348,36.79708480834961,13.620744705200195,31.948720932006836,8.128347396850586,18.318288803100586,17.32202911376953,19.96743392944336,-6.227241039276123,16.2932186126709,-1.1505844593048096,12.15487003326416,-4.4859619140625,12.751425743103027,-6.750207424163818,13.102221488952637,-10.45942497253418,10.745827674865723,-7.471008777618408,9.152203559875488,-7.979930400848389,9.717650413513184,0.4349886476993561,0.4178287982940674,0.4527456760406494,0.5000964403152466,0.5233224034309387,0.5545414090156555,0.457217812538147,0.43777501583099365,0.48835909366607666,0.5035575032234192,0.4179284870624542,0.43217378854751587,0.08628942190751589,0.06765959130286234,2150.738932282692,1568.5272401069637,2534.245030459706,917.1553836526575,3634.514913536833,2761.863798383098,0.05997929053074246,0.06000890797290124,19.019897353505776,6.627304463364528,9.987339469467699,3.8365927357568057,15.221375911137843,4.706358956376727,14.456309346273079,3.8681371237165623,17.40673188917854,3.0996102075515606,20.035739014722285,4.434453069659442,29.493970555709424,5.039459499082898
vocals,22.5,27.5,-333.3652038574219,114.60254669189453,143.23512268066406,80.51510620117188,-17.835309982299805,37.33729553222656,13.93916130065918,34.754730224609375,11.796380043029785,20.141910552978516,14.266955375671387,18.52583885192871,-2.326434373855591,15.86743450164795,0.3155287504196167,10.923198699951172,-5.057746410369873,11.448186874389648,-9.623398780822754,13.100492477416992,-7.165589809417725,10.635078430175781,-6.481843948364258,8.860608100891113,-6.955373287200928,9.346622467041016,0.4038148522377014,0.4262060225009918,0.5283935070037842,0.5550328493118286,0.5407608151435852,0.5460882782936096,0.48532670736312866,0.44053831696510315,0.48265397548675537,0.4765428900718689,0.4283098578453064,0.43458059430122375,0.06586670292378781,0.059310549841485316,2319.5115535608866,1558.6826901950574,2592.8156296145276,1005.5225210726437,3888.4168585049306,2604.0646172567194,0.07142047926334107,0.06490662524102564,18.342700441381087,7.092342113165673,9.04346631310265,3.639375425305662,14.626055825742386,4.256625515785747,14.020294562284812,3.4780624618577356,17.21256850259011,3.206901705210567,20.76623394904577,5.045841864743064,28.90546313388919,5.641253670941883
vocals,25.0,30.0,-332.0474853515625,105.92955017089844,151.82260131835938,82.59416198730469,-16.872831344604492,39.40974044799805,16.692794799804688,32.42194747924805,11.879463195800781,21.717803955078125,10.668991088867188,18.011980056762695,-2.121241807937622,15.30724811553955,2.684143543243408,9.476213455200195,-5.4050116539001465,10.789414405822754,-9.829587936401367,13.049894332885742,-9.489258766174316,9.845815658569336,-6.251519203186035,9.717284202575684,-7.724486827850342,10.432191848754883,0.40112847089767456,0.41479286551475525,0.5335147976875305,0.5496552586555481,0.5061821341514587,0.5092906355857849,0.4823072850704193,0.4154907464981079,0.40168049931526184,0.43502387404441833,0.41486746072769165,0.4060073494911194,0.06142395953727473,0.0483197375908913,2285.615264300003,1682.606187143602,2519.3652922520005,1100.9157810344586,3844.051465523492,2921.9861576687945,0.0704155941850348,0.06648627049291257,17.69691761973742,6.513615443399658,8.65733732612939,3.3759253037985495,14.725874335344725,4.329728189996902,14.7714183700464,3.8153252917735023,17.32601161227985,3.068161844066125,20.922604500043374,5.389805626882014,28.90206792945073,5.504121387221252
vocals,27.5,32.5,-315.1321105957031,87.99908447265625,158.09962463378906,77.39532470703125,-13.983567237854004,39.723388671875,18.511674880981445,33.26256561279297,10.461600303649902,19.778282165527344,6.611011981964111,19.908052444458008,-5.87863826751709,17.028095245361328,3.4223108291625977,9.771286964416504,-3.1644959449768066,12.086917877197266,-6.327355861663818,12.814260482788086,-8.38082504272461,10.616439819335938,-4.848029613494873,10.52525806427002,-10.609465599060059,9.311963081359863,0.4171171188354492,0.4273538291454315,0.45263251662254333,0.47784778475761414,0.4562164545059204,0.4646153748035431,0.4720045328140259,0.42859917879104614,0.39974352717399597,0.4310895800590515,0.44529616832733154,0.4510743021965027,0.06566682482989647,0.04965304297542364,2299.035187693304,1734.435577325758,2473.9584389417982,1016.9873760038206,3803.433149651972,3083.537051658008,0.06864373368619489,0.06370043385278971,18.718017767500168,6.735179886348196,9.381129392648239,4.019239737022929,14.719567032759354,4.463440978324551,15.499287280029982,4.499477504284449,17.661684532927183,2.9770924085856962,21.48337080548721,5.7788775292345775,29.454651221970064,5.4830987981212695
vocals,30.0,35.0,-343.31793212890625,116.30464172363281,149.50372314453125,82.08967590332031,-12.420860290527344,38.82299041748047,14.609696388244629,32.437103271484375,11.26620864868164,17.405290603637695,9.902026176452637,17.92679786682129,-9.065717697143555,16.349199295043945,0.040589652955532074,10.019909858703613,-3.0757293701171875,13.223888397216797,-4.153205871582031,11.89600944519043,-7.510347843170166,11.377754211425781,-4.412571430206299,10.292265892028809,-8.163728713989258,9.190470695495605,0.40814390778541565,0.448312908411026,0.4726699888706207,0.49289003014564514,0.45945483446121216,0.469224750995636,0.44301584362983704,0.40909475088119507,0.4015502631664276,0.4210617244243622,0.44771668314933777,0.44229090213775635,0.059642032275926876,0.050221229662576514,2403.392458497895,1644.901351457492,2765.469692295313,1225.7158414669157,4179.040159150232,3276.324850315964,0.07205150630800464,0.06098659938009064,18.64040647243999,6.939401621042997,9.780584383344848,3.9747697544024283,14.29176232026933,4.585078467737563,14.953193055381314,4.259182866542245,17.154410053288842,3.2830149092078393,21.423352208785133,5.743199931899681,28.663211655640346,5.203423945237944
vocals,32.5,37.5,-365.1993103027344,131.05552673339844,131.236572265625,88.80663299560547,-14.324701309204102,42.94721603393555,17.139881134033203,31.526628494262695,11.602758407592773,21.962114334106445,16.992387771606445,19.582664489746094,-2.2832694053649902,15.881624221801758,-2.8392984867095947,10.006392478942871,-4.891735076904297,11.868949890136719,-4.685853481292725,11.764237403869629,-9.132499694824219,11.034246444702148,-4.32015323638916,10.415371894836426,-9.691603660583496,11.453439712524414,0.3983123004436493,0.4358412027359009,0.4852398633956909,0.4747582674026489,0.4738903343677521,0.4199143052101135,0.3991240859031677,0.4362630248069763,0.47442197799682617,0.42106419801712036,0.40584462881088257,0.3974921703338623,0.05619132378686713,0.05205568682951688,2679.5906902160905,1891.9364349297603,2953.7764663001244,1304.1522058438125,4750.494398926914,3720.466375315165,0.07992971468967518,0.07165569705244723,17.41909897859049,6.930593973700141,9.6315168767679,3.7212801647020948,15.251499301841335,4.727588211332922,14.782198795313533,4.13043753069971,17.265757274767374,3.41002502575887,19.233122250895583,5.195676816736073,28.905708469376613,6.0211326973683725
vocals,35.0,40.0,-374.7591247558594,134.6851806640625,127.78404235839844,84.29993438720703,-13.629615783691406,41.35285568237305,18.237762451171875,32.63776779174805,7.980897903442383,25.108238220214844,13.753582000732422,22.239221572875977,-0.4818279445171356,16.752544403076172,0.5323886871337891,12.177725791931152,-3.949671983718872,10.416755676269531,-4.337832450866699,11.068443298339844,-9.043206214904785,9.894571304321289,-3.140711784362793,10.801108360290527,-11.409727096557617,10.970688819885254,0.4526935815811157,0.43792209029197693,0.46577975153923035,0.5017053484916687,0.4738132357597351,0.48887234926223755,0.44437167048454285,0.4327213764190674,0.45340263843536377,0.4656516909599304,0.40750202536582947,0.4085874855518341,0.049464684676553454,0.0473475560465135,2801.4652618551877,1959.2154180613047,3082.351712792931,1314.5142578758298,4964.727287558005,3947.84999809099,0.08402402660962877,0.07731885215477162,17.282688616134653,7.072757759341877,9.298900539599092,3.4945347584882023,15.281618471811829,4.814658894925011,15.224985745429308,3.881209586492181,17.026075768869028,3.4966335358239196,18.83021540858308,4.893524705818325,28.829893149720565,5.709327043645186
vocals,37.5,42.5,-359.53350830078125,113.93946838378906,134.82342529296875,79.41510772705078,-7.1267852783203125,40.852806091308594,17.256092071533203,31.3664493560791,6.690200328826904,21.65073013305664,8.66006088256836,22.264318466186523,-0.8032200932502747,16.857303619384766,3.3378820419311523,11.252010345458984,-2.089015483856201,11.052108764648438,-5.163731098175049,12.203075408935547,-8.002829551696777,10.236818313598633,-3.872483491897583,9.199602127075195,-9.391107559204102,9.943726539611816,0.489869087934494,0.4734400808811188,0.5031594038009644,0.5225189328193665,0.49683281779289246,0.517848789691925,0.5065960884094238,0.476665735244751,0.43773674964904785,0.4268800616264343,0.42957356572151184,0.47917869687080383,0.04672592465813448,0.04290345702338481,2696.3480896864935,1975.58300567019,3009.6044879852298,1367.5067795207044,4796.408583780452,4027.445898984433,0.08180920098607888,0.07609344232628618,17.599167798170495,6.919677498133243,8.952122278054226,3.426184896133605,14.439942798279594,4.541456163594845,15.473374679337125,4.4252399507868745,16.899631338089065,3.1722798487641843,19.01687073160478,4.433096263983713,28.826057929899108,5.238106518962561
vocals,40.0,45.0,-333.2174377441406,114.33141326904297,129.6215057373047,79.47673034667969,-11.790986061096191,40.38772201538086,26.031564712524414,34.42158126831055,11.818644523620605,18.49862289428711,9.257847785949707,22.48091697692871,0.3183751702308655,16.921262741088867,3.054905891418457,13.09859848022461,-3.8194339275360107,11.893227577209473,-7.026576042175293,12.930021286010742,-9.946975708007812,11.442340850830078,-6.886663436889648,9.23101806640625,-11.85753059387207,10.513554573059082,0.43880873918533325,0.44778916239738464,0.49781399965286255,0.48279207944869995,0.4612419605255127,0.46730250120162964,0.4744481146335602,0.4723968803882599,0.46755489706993103,0.411482036113739,0.3994489908218384,0.45258644223213196,0.06378413944483817,0.0627695444810894,2755.6385067955266,1962.7160424210008,2883.7821398539418,1295.12436630303,4826.884810941126,3765.0358135309384,0.08383369888341068,0.07326373199116226,17.913437260047978,7.14407473414178,9.722465674657299,4.067777797958274,15.622203140810386,4.967553544686416,15.955546563537041,4.5293246017602415,17.237040261522363,3.2831311221228274,19.45847608610355,4.790390534118616,29.638718007580845,5.633459439613187
vocals,42.5,47.5,-310.1703186035156,107.46739196777344,140.7925567626953,77.65973663330078,-17.723920822143555,34.340702056884766,27.090505599975586,36.01153564453125,17.691301345825195,23.253236770629883,14.77348804473877,24.267892837524414,-2.78127384185791,17.07626724243164,0.6885700821876526,13.120086669921875,-4.5329108238220215,13.192171096801758,-9.071087837219238,12.482410430908203,-9.70817756652832,11.34901237487793,-7.052384853363037,10.120388984680176,-13.127473831176758,9.638482093811035,0.426074743270874,0.4378575384616852,0.45579302310943604,0.4592871367931366,0.45012110471725464,0.46738946437835693,0.4775579571723938,0.46993887424468994,0.4581722319126129,0.39968687295913696,0.34986865520477295,0.39909160137176514,0.07759719880248755,0.06372194317634296,2439.1836956231314,1677.6902957809402,2671.416789152913,1086.8471614070538,4271.268217082366,2973.5011051531296,0.0703147658062645,0.06326451224906109,18.69411043823735,7.162097313090757,10.166026950627892,4.34541247431161,16.24913840037831,4.81050133977,15.671692008702504,4.322740814816785,17.58635105828455,3.274259310385336,20.398214177540076,5.319776419925699,30.22871130931346,5.591057727262786
vocals,45.0,50.0,-357.5152893066406,120.24474334716797,133.06419372558594,82.13740539550781,-9.380851745605469,36.48789596557617,18.79574203491211,31.584510803222656,15.512947082519531,24.60593032836914,18.336292266845703,22.509695053100586,-1.2659289836883545,17.975107192993164,0.4447510838508606,10.816529273986816,-1.4555437564849854,13.384292602539062,-6.773538112640381,12.561014175415039,-7.26617431640625,10.265978813171387,-6.695217132568359,9.148025512695312,-10.373812675476074,10.245929718017578,0.46392446756362915,0.44208824634552,0.47138407826423645,0.5152313709259033,0.5312566757202148,0.5555034279823303,0.5223007202148438,0.4532066881656647,0.40106457471847534,0.38116300106048584,0.3419947326183319,0.42758652567863464,0.05691438062399304,0.05208971545076656,2692.302369402811,2074.8121664517344,3011.658689722658,1528.2523369241785,5032.374519649072,4268.507411652238,0.09029691125290024,0.1152622352173637,17.417505622846427,7.021084528759985,9.741103269341108,3.8925197324956757,14.94688956689605,4.224755482796739,15.215419019717308,4.101779921584008,17.318996055413567,3.227606471752793,20.051704631851507,5.104125133848798,28.94698863694393,5.551786701812694
vocals,47.5,52.5,-372.5005798339844,121.43104553222656,121.03900909423828,83.64227294921875,5.3295488357543945,37.63843536376953,19.066165924072266,29.134319305419922,11.402854919433594,22.5439510345459,12.34925365447998,20.92164421081543,-0.2598823010921478,18.47277069091797,0.06333020329475403,11.451422691345215,-0.6732346415519714,11.949063301086426,-3.940089225769043,11.643041610717773,-7.435297966003418,10.082661628723145,-8.222127914428711,9.371048927307129,-10.880643844604492,11.117573738098145,0.41277921199798584,0.4087643623352051,0.4635477066040039,0.49049991369247437,0.5107829570770264,0.5257686376571655,0.4708147943019867,0.41958191990852356,0.39500296115875244,0.3828200697898865,0.35135573148727417,0.4199276864528656,0.059159129606498426,0.06366059398281448,2806.7787310979925,2190.1958959615285,3266.515942861055,1677.3491724466282,5324.196884969548,4732.424833899962,0.09797006416763342,0.12114653948703893,16.76135349057074,6.879433304735266,10.152461508168571,3.730751369332606,15.243465452161404,4.4951690139525535,15.901127398657147,4.5152450359413425,17.424300867013304,3.304725051838437,19.155575541348846,4.259727358753867,27.5959068471953,5.3033161944433305
vocals,50.0,55.0,-339.3647766113281,107.54717254638672,131.4285888671875,73.0926513671875,-2.7679688930511475,41.6732063293457,19.950759887695312,34.84783172607422,15.816949844360352,25.143264770507812,13.018776893615723,21.70439338684082,-1.5833542346954346,18.95051383972168,-1.989669919013977,12.592347145080566,-4.166884422302246,10.780049324035645,-7.30160665512085,12.069286346435547,-8.176401138305664,9.847923278808594,-6.04638671875,10.18817138671875,-11.701142311096191,10.773508071899414,0.3403829336166382,0.33287250995635986,0.3699750304222107,0.4101223945617676,0.46984460949897766,0.533176839351654,0.5092813372612,0.4712924063205719,0.4329839050769806,0.42107143998146057,0.35523271560668945,0.35954734683036804,0.06871711013872006,0.06569954088610108,2343.8611515902403,1647.9524346319686,2808.6872287755987,1211.7645972898447,4088.161048977668,3283.1968571864772,0.06851344982598608,0.06845023448709561,18.00273242126788,6.965388520277031,10.38517877949189,4.040924240736482,16.2257732274148,4.979284236872481,15.740813303047135,4.843813807954574,17.82112711287918,3.341676834424199,19.30217631014847,4.459516692113701,28.729469000409566,5.461243079123171
vocals,52.5,57.5,-316.8439636230469,97.75434875488281,145.79727172851562,72.72391510009766,-6.65123987197876,37.60692596435547,17.26601791381836,35.34284210205078,17.537141799926758,21.654876708984375,16.13666343688965,17.464811325073242,-2.9883201122283936,18.52257537841797,-1.4733444452285767,11.311137199401855,-4.4715256690979,11.582513809204102,-9.88603401184082,11.628744125366211,-10.011765480041504,11.376422882080078,-6.349015712738037,10.05178451538086,-9.397196769714355,9.11199951171875,0.38444069027900696,0.3758493959903717,0.40710726380348206,0.4478471875190735,0.5128334760665894,0.5845877528190613,0.5569302439689636,0.5066826343536377,0.4785443842411041,0.4833594262599945,0.4027457535266876,0.3748621344566345,0.069872377452218,0.05536086504725325,2188.1313493928456,1563.4756836016275,2603.03836513537,987.1375393517241,3755.6704067575406,2833.7667080782603,0.05901858867459397,0.05583118674352097,18.990582258105224,7.320041806957762,10.087988191654754,3.660359660277661,16.13968336980666,4.95704915952773,15.023911028648646,4.0844294348882215,17.64996464036818,3.007528328347995,20.38055802264509,5.20796139883517,29.219284654637804,4.80279653359508
vocals,55.0,60.0,-301.6683349609375,88.59611511230469,161.78871154785156,76.93138122558594,-12.108672142028809,35.42167663574219,22.728561401367188,35.25505447387695,14.242538452148438,18.450576782226562,17.701553344726562,18.824783325195312,-4.43817138671875,18.154346466064453,1.250895619392395,10.262673377990723,-5.947425365447998,13.099760055541992,-9.906623840332031,13.059194564819336,-9.167695045471191,11.550456047058105,-6.11244010925293,10.384329795837402,-10.708174705505371,8.3458890914917,0.3930490016937256,0.41303324699401855,0.461968332529068,0.5063899755477905,0.5428580641746521,0.5435633063316345,0.5380301475524902,0.502837598323822,0.5000339150428772,0.4397401511669159,0.3931678235530853,0.41789618134498596,0.07749235004714956,0.050513296928784854,2197.4885515527303,1681.8779292167437,2514.515779573476,1016.5656478600566,3820.120133048144,2982.76564194428,0.059670007975638054,0.06165088312491046,20.706931470680203,6.957029951518401,10.700886416168212,4.259279632581281,15.792550448740753,4.6591614169786055,14.914499303822524,3.8163189514836824,17.612162242747523,3.004256641803108,21.551553819481203,5.370112176360639,30.048565271330517,4.973379832986803
vocals,57.5,62.5,-330.77752685546875,121.08232116699219,124.5358657836914,87.05064392089844,-19.810380935668945,39.828758239746094,27.241838455200195,40.642818450927734,14.653498649597168,19.073787689208984,15.679767608642578,19.4739990234375,1.7202068567276,16.294954299926758,2.173736333847046,12.05634880065918,-6.164608955383301,11.367764472961426,-8.894059181213379,12.668559074401855,-8.570530891418457,10.214238166809082,-4.207220077514648,9.022602081298828,-10.542105674743652,9.308218002319336,0.3917140066623688,0.3798031806945801,0.4133389890193939,0.445989191532135,0.4820089638233185,0.5279041528701782,0.49868831038475037,0.4995805323123932,0.4554213881492615,0.4259743392467499,0.3689630329608917,0.3859449028968811,0.06652444630915709,0.054268681357153195,2801.3418557882123,1910.4927041130813,2879.7423345977795,1305.8949742071186,4993.354956677784,3703.4907356683593,0.09818644866589327,0.11678469751230898,18.378289504583115,7.285113160159543,10.292060947165663,4.393229595301435,15.58316233712959,4.680720293708956,14.914253781424264,3.537715612770628,17.3828553442757,3.2351134303945877,20.118029482210506,4.758720213565952,30.33569151310854,6.261662927371971
vocals,60.0,65.0,-347.2120361328125,118.47676086425781,137.37570190429688,85.54148864746094,-7.09920597076416,41.57798385620117,19.447818756103516,37.48713302612305,15.922089576721191,16.924179077148438,19.638954162597656,16.054014205932617,2.1291298866271973,16.229324340820312,-0.6893370747566223,11.658586502075195,-4.797844409942627,9.965669631958008,-7.218972206115723,11.383562088012695,-6.607578277587891,10.710850715637207,-5.289798259735107,8.935214042663574,-8.233182907104492,8.908513069152832,0.36825329065322876,0.36522284150123596,0.42085927724838257,0.47100830078125,0.559744656085968,0.6265139579772949,0.5565066337585449,0.5259186029434204,0.515369713306427,0.49397650361061096,0.40925082564353943,0.38942524790763855,0.06169719777212534,0.05155394159530445,2437.676561433321,1837.4289644512955,2783.2552329382474,1363.9021172859727,4470.562758301914,3748.0615086360544,0.08377138921113689,0.11477442969144083,18.42133219492908,7.235882693992412,9.850170093754636,3.943925409430781,15.023786797863844,4.096207252887594,14.466279581114758,3.544157008864607,17.812458920472757,3.276741556185583,19.02149821637234,4.320138673020735,28.69613621992274,5.980059185043079
vocals,62.5,67.5,-319.95635986328125,85.94091033935547,156.602294921875,70.45825958251953,6.339774131774902,35.13058853149414,11.185160636901855,29.777027130126953,19.742948532104492,18.720001220703125,22.681804656982422,18.15754508972168,-1.9966431856155396,18.548429489135742,-2.5210824012756348,11.207680702209473,-7.440520286560059,10.811426162719727,-9.877970695495605,11.467930793762207,-5.2377543449401855,8.744135856628418,-6.701808452606201,8.955072402954102,-8.414292335510254,9.70113468170166,0.3237161338329315,0.31756898760795593,0.37608954310417175,0.4547169804573059,0.5224875807762146,0.5840203166007996,0.5682505965232849,0.5440184473991394,0.5467793345451355,0.5609095692634583,0.48016929626464844,0.39488768577575684,0.07091368961454804,0.06060697379518621,1946.680924087682,1452.7117022869263,2532.160511730367,1028.9200356273943,3420.23206387761,2793.0749467231167,0.04828319859338747,0.04678248386498738,19.75292141030534,6.7750882076576975,9.739193057627272,3.8825976049984425,15.679148095929666,4.515146972138833,14.693762081742838,3.9370428170929137,17.92491969048906,3.2450474219979193,20.320593832658467,5.3454777116967644,28.706902610328843,4.394169633226781
vocals,65.0,70.0,-373.06439208984375,126.8447036743164,110.25184631347656,89.7632827758789,0.24256758391857147,30.798341751098633,15.153220176696777,30.061023712158203,13.629446983337402,20.364269256591797,15.439471244812012,19.000783920288086,-1.0931144952774048,16.23542022705078,-0.6332629919052124,10.23713207244873,-7.717367172241211,10.67359447479248,-9.766124725341797,11.006871223449707,-6.276864528656006,8.905401229858398,-5.020705699920654,8.379759788513184,-7.239541530609131,9.618570327758789,0.3178407549858093,0.34028586745262146,0.3359757363796234,0.3716605603694916,0.4488460123538971,0.6031124591827393,0.46858933568000793,0.4754272699356079,0.4872472882270813,0.5141488313674927,0.4483663737773895,0.3508148491382599,0.05376139999219718,0.06337732079776358,3734.180719558216,3058.770142253276,3932.7379194323466,2302.7982308106352,7573.292488399072,7259.607879078776,0.2297720145736659,0.3344584528558055,18.09107553704791,6.776394370910198,9.189078795861313,3.6982452895495697,15.171477770826483,4.686726469534676,14.644900120902014,3.659282303324242,17.24833397755823,3.4325423831713797,18.850803596793646,5.623141979070473,27.894929200499227,4.981471207254436
vocals,67.5,70.77399092970522,-494.0362854003906,143.2668914794922,57.4526252746582,84.2165756225586,-3.5141642093658447,23.488649368286133,10.725966453552246,26.207557678222656,3.2521092891693115,13.540478706359863,7.25344705581665,11.987019538879395,1.0001029968261719,8.938749313354492,-0.43549060821533203,6.427067756652832,-4.907949924468994,9.160086631774902,-5.568612575531006,9.530941009521484,-4.708601951599121,8.7947416305542,-2.0888962745666504,6.275639057159424,-3.5131354331970215,6.413201332092285,0.2999335825443268,0.3413078486919403,0.3155483901500702,0.3143157362937927,0.4514385163784027,0.7836493253707886,0.3939576745033264,0.39026162028312683,0.38741788268089294,0.4126308858394623,0.34639087319374084,0.27527716755867004,0.021296887839716165,0.03880328836991416,6394.3333383136,3603.1366263348073,5926.683578098792,2683.2328622792174,13780.79184674202,8389.901040039304,0.5126537566489362,0.4094143698031173,15.625683329030984,5.055720075351768,8.456693696718208,3.542642454743503,13.230219888498338,4.1742417623983785,14.339967053698983,3.1802360311687963,15.476842899328945,3.567268781177155,15.844878926075658,3.3940457662537256,25.389253922065443,4.8911754363117455
vocals,70.0,70.77399092970522,-953.5088500976562,20.91807746887207,63.83357620239258,8.58692741394043,22.124053955078125,6.140895366668701,9.473297119140625,6.5111846923828125,25.015243530273438,5.6516547203063965,2.159579277038574,3.9699301719665527,3.305267810821533,4.2896623611450195,-4.042086124420166,3.1149842739105225,6.501816272735596,3.643928289413452,-2.134430408477783,3.1503968238830566,3.178523063659668,3.9389188289642334,-0.8488450646400452,2.815120220184326,1.2257918119430542,4.235853672027588,0.1633726954460144,0.19451095163822174,0.23593822121620178,0.261163592338562,0.2738661766052246,1.0,0.41357865929603577,0.23814360797405243,0.21197189390659332,0.19872593879699707,0.1898593306541443,0.15744595229625702,2.559468841572021e-05,8.421571297304968e-06,10067.123481350254,654.4975472264297,8533.660611193267,164.01074851358212,21597.481343283584,383.5500728904574,0.8480206389925373,0.17490514741260269,14.417148425177412,2.6136149842406904,7.140213544899812,3.4391013130471553,10.476326015017587,2.670275197926826,13.100462284604543,2.4508059437579823,12.189589196391447,1.8116300958061773,14.564768580694025,1.8223100459769985,22.344383842163083,1.1070456050489923
no_vocals,0.0,5.0,-549.2540893554688,48.962703704833984,138.42562866210938,24.434633255004883,43.43809509277344,24.493701934814453,41.97706604003906,24.843826293945312,15.091634750366211,11.339881896972656,4.591233730316162,10.66035270690918,3.56453800201416,10.705026626586914,-3.3150949478149414,8.205504417419434,-4.164893627166748,8.335311889648438,-5.004247188568115,6.927778720855713,-1.3320363759994507,7.5019941329956055,-2.6035943031311035,8.766801834106445,4.492276668548584,7.9199748039245605,0.49916359782218933,0.6082609295845032,0.43023136258125305,0.42769289016723633,0.4910639822483063,0.7211819291114807,0.4718393087387085,0.3497116267681122,0.40295255184173584,0.46087831258773804,0.5385646820068359,0.47327396273612976,0.007356497158351507,0.0074036732309296195,2466.6660378807487,1181.6426836601486,4513.679830853245,1193.3543293116475,5096.27467463022,3903.418383775254,0.03255850311774942,0.022424579001546277,15.81617805400228,5.8200184240028605,8.512584077888686,3.0476183823224026,16.627394339414728,4.3252376549655995,14.022674684143524,3.4414523940606476,13.469522274176455,2.1653670656421276,15.59482787253343,2.148056819616956,19.058249893321022,2.243894828625271
no_vocals,2.5,7.5,-570.3347778320312,26.944581985473633,147.59999084472656,24.917037963867188,51.172096252441406,21.040603637695312,32.631771087646484,13.224672317504883,14.626574516296387,9.181244850158691,2.844062089920044,10.611441612243652,-0.6282957792282104,9.217696189880371,-5.402014255523682,8.58635425567627,-5.257494926452637,8.426423072814941,-6.445441722869873,6.225125789642334,-2.2515978813171387,7.050235271453857,-0.40849754214286804,7.80372428894043,6.006546974182129,7.7160115242004395,0.41625770926475525,0.641963541507721,0.5118844509124756,0.5266256928443909,0.46857544779777527,0.5916256904602051,0.3357997536659241,0.2649129033088684,0.29575514793395996,0.27420568466186523,0.297320693731308,0.29260849952697754,0.006573501002911064,0.007490571585127223,2206.0031867126604,1110.862775659672,4327.166210710241,1260.2161252837852,4250.434468351218,3692.7233304426154,0.031168430974477957,0.01935942542643587,15.021733690044172,5.863556122653624,9.903965500963173,3.8722500720986393,17.232203939360488,4.678452302759581,14.363380413964824,3.7995432110009135,13.687752129235477,2.3978100395834137,15.352357023811964,1.9451898533369931,18.00253484942043,1.337111393979631
no_vocals,5.0,10.0,-555.198974609375,28.047164916992188,162.76388549804688,24.479276657104492,53.171714782714844,19.95574951171875,27.579967498779297,18.866024017333984,10.250011444091797,12.205473899841309,0.3526107966899872,12.406586647033691,-0.8048330545425415,9.946075439453125,-4.120640754699707,8.633964538574219,-3.7668607234954834,8.18340015411377,-4.364986896514893,7.171302318572998,-0.023623580113053322,8.595747947692871,1.7491796016693115,8.0637788772583,6.785033702850342,7.089808464050293,0.416925311088562,0.6510737538337708,0.5214956998825073,0.5011207461357117,0.414824515581131,0.5056964755058289,0.27814245223999023,0.25065672397613525,0.36010655760765076,0.24711646139621735,0.24847494065761566,0.2730080187320709,0.008466256271373575,0.008135639498269051,1784.565113212762,928.0256727942516,3847.394183079712,1126.393212431443,2787.925291835847,2978.9272504926835,0.026503135875870068,0.01557835015206034,15.956324942834868,5.879453452104549,10.719602158216047,3.4986658441604783,16.814096288726414,4.250659273322635,17.54925802908835,5.73448269065752,14.246945003233908,2.440039403485685,15.329778146835608,1.883580766095906,18.075217766630576,1.2908748782913062
no_vocals,7.5,12.5,-547.12939453125,26.02219009399414,157.84713745117188,23.889324188232422,46.8119010925293,17.409976959228516,25.309608459472656,19.415742874145508,8.754300117492676,11.886144638061523,0.3564596176147461,13.125536918640137,0.31098347902297974,9.680964469909668,-2.665994882583618,8.492822647094727,-2.188750982284546,8.443353652954102,-2.3106937408447266,6.91913366317749,2.7152903079986572,8.200684547424316,2.9233222007751465,7.702545642852783,7.129730224609375,6.854259014129639,0.36433467268943787,0.47290751338005066,0.4910805821418762,0.5811254382133484,0.4974929690361023,0.5719690918922424,0.367313951253891,0.3140375316143036,0.4653328061103821,0.34511005878448486,0.317365437746048,0.2970263361930847,0.008077311690404078,0.00820269189202515,1995.043739718519,880.9018165337894,4129.576406597377,1043.5861066927253,3420.4319079901393,2941.373410332962,0.028227414443155453,0.016222585822171103,15.560346773217457,5.486476384715593,9.72602133906171,3.2888711781582995,16.257752609940717,3.9937507309661844,17.705440340888394,5.758413252715867,14.068276944014993,2.4020292676772943,15.43509500299722,1.9134608228487737,18.219888159011028,1.5810352146477065
no_vocals,10.0,15.0,-543.3120727539062,27.87071990966797,145.25978088378906,21.695466995239258,40.26424789428711,15.668118476867676,28.59149932861328,14.40574836730957,10.681090354919434,9.461691856384277,4.754631996154785,11.110515594482422,1.7683842182159424,9.729452133178711,-3.472048759460449,8.268985748291016,-2.9178781509399414,8.282658576965332,-3.9374594688415527,7.017263412475586,0.9645990133285522,6.461447238922119,0.8918594121932983,6.806713581085205,6.149565696716309,6.694570064544678,0.3863532841205597,0.4807989299297333,0.5345983505249023,0.6637818217277527,0.5705346465110779,0.5806852579116821,0.41996052861213684,0.40767356753349304,0.44930797815322876,0.41002902388572693,0.43963906168937683,0.34596651792526245,0.006710358392290572,0.007737263945708063,2450.195784811867,1009.2268481382333,4579.861082259723,1065.0781141383181,5096.074830517691,3392.6524683269213,0.03205775993329466,0.018067271056308627,14.202388141317044,4.405739315821004,9.334695873448595,2.9806810793912444,15.680289896034635,4.126741532098532,15.686259501790634,4.655543945519793,14.11283252377927,2.4925824564196084,15.26726345126275,1.846837215598331,18.125613790541813,1.6809064220983236
no_vocals,12.5,17.5,-520.2422485351562,46.29418182373047,130.66421508789062,25.574403762817383,30.109037399291992,21.618379592895508,38.198394775390625,23.632104873657227,4.949365615844727,15.591316223144531,10.38626480102539,10.773378372192383,2.850393533706665,13.599752426147461,-3.966540813446045,8.700239181518555,-2.110062599182129,7.900447845458984,-4.615309238433838,8.083816528320312,-0.5496885180473328,7.4453630447387695,1.7422243356704712,6.899120330810547,5.967593193054199,6.825493812561035,0.3623327314853668,0.46568894386291504,0.46357277035713196,0.5512430667877197,0.5005007982254028,0.5562911033630371,0.4300749599933624,0.44673633575439453,0.44140625,0.4326522648334503,0.5222046375274658,0.3789941072463989,0.0069898911831487755,0.007944785316652787,2927.1149336917288,1145.9239219835401,4695.018229519843,1044.7236436563103,6537.450492133121,3514.516011539797,0.04075505727958237,0.02174871407426622,14.757468040823214,5.468808139738455,9.53153874921375,3.282753269734713,16.32329015480369,4.021642787814778,15.19438119724015,4.087794967469053,14.536670335637462,2.836266654122845,15.182594377275745,1.9783067006040582,19.718520289608296,2.818454417781108
no_vocals,15.0,20.0,-478.8620910644531,53.70103454589844,126.90886688232422,25.5451602935791,30.946012496948242,26.026830673217773,47.685543060302734,23.18410301208496,-2.3171794414520264,14.988164901733398,15.94767951965332,12.850895881652832,1.927789330482483,14.499197006225586,0.6969833970069885,9.75289535522461,-0.9122946858406067,8.075960159301758,1.6459468603134155,9.982666969299316,1.031768560409546,7.769197940826416,5.9680657386779785,7.95551872253418,4.758312225341797,7.9317426681518555,0.47658365964889526,0.512532114982605,0.46183568239212036,0.46346235275268555,0.4712252616882324,0.6361972093582153,0.4693780541419983,0.4638121724128723,0.5372440218925476,0.49036338925361633,0.5844484567642212,0.5237244963645935,0.01058926993820021,0.008085769912029958,2774.3539889179956,1067.6997442750603,4392.593355493213,831.1732965950241,6136.213475203016,3132.5200550792924,0.03631181119489559,0.024594277569191185,15.480529397070063,5.375972155615616,9.171180514589492,2.835156249358253,15.547882802244413,3.8379230478934927,16.910732093420222,5.213392534973694,14.85189539502587,2.815196802097104,15.131102100092301,1.9285100958868233,21.262820544204015,3.071617483445612
no_vocals,17.5,22.5,-475.3474426269531,45.83817672729492,128.47042846679688,24.137086868286133,37.12291717529297,23.524295806884766,46.089263916015625,19.861486434936523,-0.7023380398750305,11.746940612792969,20.3184814453125,13.068231582641602,10.299677848815918,15.391828536987305,7.952194690704346,8.569154739379883,3.769674062728882,8.818277359008789,8.339107513427734,6.8444132804870605,3.5424001216888428,6.7406487464904785,9.76173210144043,7.086516857147217,7.901440143585205,8.734003067016602,0.7628505229949951,0.7593591809272766,0.651993453502655,0.5722736120223999,0.5434883832931519,0.6184914112091064,0.4681450426578522,0.4564681947231293,0.5557677149772644,0.586735725402832,0.7090829610824585,0.7432801723480225,0.015552332014355403,0.005615703929966832,2124.8484309416726,724.4627824976528,4108.525236759915,632.6628379034535,4589.7198103973315,2616.492659200402,0.01628321671983759,0.018695287629843207,16.946808706641,4.643560165216968,8.418377098427683,2.8460652610955544,14.954142742487907,4.047832325655055,16.75293927482497,5.012458732606293,14.509967325771294,2.752424139081895,14.933092957812685,2.007844960623573,20.748420021697832,2.9177362494639545
no_vocals,20.0,25.0,-497.1928405761719,38.748992919921875,133.47525024414062,25.424571990966797,40.0760498046875,20.689640045166016,44.34695053100586,18.14223289489746,6.463779449462891,12.491705894470215,21.909032821655273,11.84211540222168,15.840047836303711,10.780285835266113,9.52936840057373,7.391443252563477,5.65058708190918,7.507662773132324,7.414316177368164,7.277320861816406,3.206331968307495,6.3592987060546875,7.422763347625732,6.925804615020752,8.780937194824219,6.716098308563232,0.8568947911262512,0.9111166596412659,0.8083029389381409,0.7364068031311035,0.6560170650482178,0.6122593879699707,0.48450109362602234,0.437616765499115,0.46792054176330566,0.5425961017608643,0.6746507287025452,0.7714768648147583,0.016480764255290655,0.004309018996228188,1774.4224693578947,603.8245801043594,3915.117491633752,714.8670287755715,3495.323489160383,2642.995282711399,0.0076482290458236655,0.005218731282550023,18.465694645134374,4.663155928001869,9.630831146653277,3.64308024363975,16.02596975717942,4.2707495010465,15.044048568710858,4.0014194297615076,14.527706405374127,2.6616560513035648,14.752891610386877,1.7486704112330207,19.755293903935197,2.54785890864181
no_vocals,22.5,27.5,-490.8647766113281,42.599754333496094,144.75184631347656,27.166934967041016,46.260894775390625,15.744751930236816,42.707183837890625,15.767434120178223,6.77323055267334,14.448728561401367,19.856327056884766,12.335269927978516,8.283729553222656,10.301176071166992,8.173932075500488,7.007307052612305,4.757200717926025,8.094062805175781,8.258410453796387,7.721729278564453,2.531355381011963,6.3388142585754395,7.143927574157715,7.083806037902832,6.94319486618042,6.310567855834961,0.757077693939209,0.8684236407279968,0.7547670006752014,0.70855712890625,0.6619377136230469,0.6680681109428406,0.5073816180229187,0.4473865330219269,0.5201263427734375,0.5069980621337891,0.5651180744171143,0.6501134634017944,0.016777708324800373,0.005064622420674697,1671.4922234632668,727.7119075321523,3719.709500988562,693.531760438931,2923.7693273274363,2868.112121032521,0.009553772114269141,0.00609871545895752,18.532702847087695,4.80845633883178,10.47072220169216,3.6948871486607238,16.98420034275774,4.090227430030842,17.02348164234503,4.888095635839334,14.742238786591622,2.8447256529326554,14.971793826966042,2.0719952538913518,19.68868987783775,2.867725282438282
no_vocals,25.0,30.0,-495.1725769042969,42.107025146484375,143.36595153808594,28.495237350463867,44.30859375,16.64255142211914,39.74567794799805,16.108041763305664,6.17540979385376,15.884888648986816,20.981271743774414,13.88834285736084,8.68582820892334,11.13815975189209,9.519879341125488,6.647792339324951,5.985914707183838,8.559858322143555,9.469270706176758,7.108132839202881,4.018781661987305,6.670660972595215,9.902116775512695,7.241354465484619,9.341303825378418,6.148948669433594,0.7816159129142761,0.8504375219345093,0.7656469345092773,0.7183099389076233,0.6568182706832886,0.6628323793411255,0.5287275314331055,0.5254380702972412,0.6532230973243713,0.6362416744232178,0.6479822397232056,0.6939902901649475,0.01665607517209172,0.0053445666810784595,1689.7833159106838,794.9034781230894,3732.7262303271345,725.0642529064153,2982.573457439095,2976.677977295443,0.009386102450696055,0.006258560706734466,17.232050187117082,4.502465622228642,9.790851554319705,3.5863849564063366,16.06820671132344,3.956448790987175,17.44095883124362,4.891377738572843,15.37656433059596,3.114972252696215,15.053524667216513,1.9489237623014706,19.759418919294045,2.871582869980862
no_vocals,27.5,32.5,-505.8428039550781,40.483482360839844,143.8421630859375,27.973373413085938,43.97562026977539,17.422090530395508,39.57678985595703,16.185104370117188,7.932318687438965,14.105805397033691,22.71933364868164,13.790546417236328,12.649816513061523,10.477569580078125,10.097728729248047,6.788601875305176,4.512424945831299,9.25087833404541,6.7168965339660645,8.327375411987305,4.649105548858643,6.829542636871338,9.15588665008545,7.946532249450684,10.700504302978516,6.503296852111816,0.737162709236145,0.7867447137832642,0.7864542603492737,0.8145910501480103,0.766268789768219,0.7143859267234802,0.6226666569709778,0.6068029403686523,0.6140388250350952,0.6252234578132629,0.6804478168487549,0.6996352076530457,0.01656851932955279,0.004682799787474418,1584.2767975763818,726.0188299761967,3659.1974226534517,743.2181768061226,2666.969642727668,2757.494410507265,0.007585919373549884,0.005209977749214179,16.947071019125932,4.609378040330474,9.487919444458004,3.4322195718607884,15.827598715104289,4.004197978822554,15.954777534073056,4.096775583331181,15.565470207207538,3.3186332733974226,14.912737108195739,1.993342288580728,19.33139369819293,2.5393794799607226
no_vocals,30.0,35.0,-496.5933837890625,50.97020721435547,141.4785614013672,25.607187271118164,40.05564880371094,19.505802154541016,43.76377487182617,17.040987014770508,5.584299087524414,13.827439308166504,21.60883331298828,12.25457763671875,13.235478401184082,8.750391960144043,9.37602710723877,6.990684986114502,3.0910027027130127,9.436773300170898,5.643665790557861,8.10993480682373,5.835449695587158,7.5999274253845215,8.092923164367676,7.572800159454346,10.474124908447266,7.361966133117676,0.5429726839065552,0.6061781048774719,0.6710243821144104,0.7883633375167847,0.8365379571914673,0.8326098918914795,0.7046677470207214,0.620749831199646,0.5220915675163269,0.4761944115161896,0.5433176159858704,0.5324077010154724,0.017155031751400495,0.004623796505926396,1647.1975597787157,680.4887522419326,3687.5652574297656,670.1615045552222,2858.969873839907,2606.2613668675926,0.008130845780162413,0.005587683830103018,18.914937190147985,5.032624676166882,9.682969453094527,3.330880741717316,16.102800335078907,3.9987206962723216,16.040955942408438,4.3827059943573055,16.011161383186693,3.107012413732448,15.215345785784683,2.091538461942203,19.944746108438217,2.66271518907166
no_vocals,32.5,37.5,-467.5662841796875,52.6899528503418,137.8383331298828,20.069730758666992,37.1492919921875,21.692415237426758,47.807315826416016,18.016265869140625,0.3957690894603729,13.194942474365234,20.776582717895508,12.390228271484375,9.178714752197266,9.156436920166016,9.955050468444824,6.5036301612854,1.1618717908859253,8.647594451904297,9.448829650878906,7.782805919647217,5.566704750061035,7.628363609313965,8.778451919555664,6.048167705535889,10.363773345947266,6.9106926918029785,0.6401856541633606,0.6700208783149719,0.6182065010070801,0.6423841118812561,0.6962623000144958,0.7673019170761108,0.619373083114624,0.55320805311203,0.5346614122390747,0.5369482040405273,0.6314283013343811,0.6285623908042908,0.017789444862378722,0.004348149200126895,1842.1804216463645,595.8693124176417,3798.283500358015,504.7262579374305,3507.91366824971,2367.8628932832335,0.011475175826566125,0.008769584861510672,18.72669770016151,4.606209943360348,9.209893629455145,2.98094589461399,15.509792106123596,3.774265221981906,16.703660980765918,4.086106249843564,15.770042492383602,2.986910249676347,15.186553608352817,2.1431556451383544,21.38643182749155,3.3769491005550187
no_vocals,35.0,40.0,-455.9174499511719,40.855228424072266,138.0496368408203,18.666244506835938,35.51106262207031,22.6312313079834,43.41864776611328,17.09498405456543,-0.8238396644592285,12.159245491027832,21.184490203857422,11.31452751159668,7.049088001251221,9.560005187988281,11.566640853881836,7.650274753570557,1.5933959484100342,8.522712707519531,11.267778396606445,7.2725830078125,3.1545286178588867,7.21417760848999,9.108661651611328,6.759761810302734,10.837967872619629,7.135578632354736,0.8201611042022705,0.8376674652099609,0.6796355247497559,0.5840820670127869,0.5213038921356201,0.6016339659690857,0.45732250809669495,0.4367220997810364,0.5085674524307251,0.5938993096351624,0.7330039739608765,0.7820358276367188,0.017315998468159108,0.004610741745647455,1915.4427591578224,525.8165541843075,3853.8629341467968,489.24714188941186,3843.302050101508,2239.196968683242,0.01222855640951276,0.008554381636971857,18.041506996367218,4.467046275908696,9.400939375919497,3.027187199802991,15.431738377858967,3.9932679213536364,16.511288792013147,4.0566469303949795,15.034896179489122,2.9501941712696835,15.06702358349082,2.033450772037434,21.336312598229142,3.171894490923226
no_vocals,37.5,42.5,-471.7366638183594,40.85405731201172,142.38751220703125,23.530649185180664,31.776403427124023,21.589445114135742,37.897579193115234,14.968281745910645,5.673360824584961,13.616276741027832,22.138933181762695,10.905110359191895,6.649260520935059,9.837177276611328,10.698467254638672,7.505125999450684,3.389540195465088,8.602005958557129,9.954686164855957,7.638644695281982,2.719832420349121,7.21582555770874,8.303548812866211,7.801419734954834,9.644352912902832,7.411118507385254,0.8283886313438416,0.8841587901115417,0.7443006634712219,0.6742597818374634,0.6149123907089233,0.6527908444404602,0.436958372592926,0.3821049928665161,0.43355077505111694,0.5177622437477112,0.6574438214302063,0.7335176467895508,0.016569058477809425,0.004422032827921205,1777.756561421311,607.2170215520892,3717.757239888977,632.7252790922537,3402.995509171984,2419.362379259045,0.00941329212587007,0.006206370315875014,19.11972862382448,4.57727752843688,10.342566591702804,3.609413940164274,16.3912105163036,4.091000393988736,16.133963479238563,3.753053122425939,15.222249109482881,2.979314106132389,15.10834594304411,2.0821439592779885,20.5639043159705,2.971826262165864
no_vocals,40.0,45.0,-470.5924377441406,36.88787078857422,149.96096801757812,24.74012565612793,33.38827896118164,17.716018676757812,34.39604568481445,14.673705101013184,9.167803764343262,12.986760139465332,22.494434356689453,11.815187454223633,4.953760147094727,9.318025588989258,6.243253707885742,6.525124549865723,1.854076862335205,8.416922569274902,8.435968399047852,7.840214729309082,5.415253639221191,8.078269004821777,9.639890670776367,7.979445934295654,8.91985034942627,6.794363975524902,0.765012264251709,0.8427636623382568,0.7523471117019653,0.7309826612472534,0.6674182415008545,0.7149527668952942,0.5169409513473511,0.4312664866447449,0.4977339208126068,0.508621096611023,0.5961865782737732,0.6567921042442322,0.016613505268577494,0.004552054038956187,1710.3264201004188,592.3129896371798,3691.3558820572234,700.478115929145,3077.199644721578,2277.1856387363,0.010597175899071925,0.0072914796792392395,18.381844135610965,4.563816812735761,10.104686420330399,3.9536112992718695,15.809624036458022,3.906647455594568,17.921453720390925,4.148119793872741,17.00798945003523,3.828316076033456,15.485688080463714,2.2425984742517455,19.90939113651721,2.804274747321378
no_vocals,42.5,47.5,-471.1839904785156,35.288299560546875,146.5543670654297,25.87582015991211,31.14789581298828,15.270208358764648,31.400367736816406,12.883009910583496,6.37233304977417,14.752623558044434,21.528806686401367,11.546053886413574,8.0466947555542,10.141464233398438,7.6463236808776855,8.589444160461426,3.1862027645111084,8.157008171081543,8.65598201751709,7.977404594421387,5.91019344329834,8.106205940246582,12.163865089416504,7.7043232917785645,11.302733421325684,7.016392707824707,0.7869336605072021,0.8039309978485107,0.7541759014129639,0.7890356779098511,0.6644276976585388,0.6377322673797607,0.5084140300750732,0.5142555236816406,0.604512631893158,0.61556476354599,0.6734647750854492,0.6965538263320923,0.016449570830850895,0.004798783770884874,1816.4634857095325,669.7125744976717,3840.3232222575916,748.6695423841795,3495.8230994417054,2579.4592497920157,0.01085887652262181,0.006974859618645224,16.95976071657258,4.295393294899673,9.743590626973651,3.332728463922773,15.304375786792756,3.983067302453115,17.795917206431803,4.362031960367077,17.41333011408126,3.7614841746351306,15.370514918301415,2.082280156648988,19.714137287029295,2.772921701073173
no_vocals,45.0,50.0,-459.9226379394531,43.65110778808594,153.24131774902344,28.587207794189453,17.236379623413086,20.166330337524414,27.312990188598633,13.901015281677246,8.652998924255371,15.604482650756836,22.73749351501465,11.238375663757324,8.974322319030762,10.594636917114258,10.089312553405762,7.737027168273926,2.4584178924560547,6.934296607971191,6.297932147979736,9.098817825317383,2.6845970153808594,8.925095558166504,10.97315502166748,7.916717052459717,8.663287162780762,8.42254638671875,0.6618818044662476,0.6962134838104248,0.735938310623169,0.8564999103546143,0.6812646389007568,0.6063730120658875,0.5126972794532776,0.5419955849647522,0.5322498679161072,0.5693182349205017,0.6724910140037537,0.6185675859451294,0.01617195060381584,0.0041911700111118555,1739.797613668874,664.2879723653343,3566.873661284675,753.4431349630249,3301.574622063515,2421.0497733170087,0.012033697070765662,0.007701920942068407,16.145978383625287,4.575869015342592,9.425615205342758,3.2820263974988033,15.6377546409419,4.046095355019444,17.615968781533752,3.7093212695021283,17.633275180574042,3.2736030450643026,16.508336332809208,2.5032001106690114,20.237800894550254,2.897331064979631
no_vocals,47.5,52.5,-447.3617248535156,43.54148864746094,152.37152099609375,26.467710494995117,12.822138786315918,19.4952449798584,31.20730972290039,17.382579803466797,9.505245208740234,16.98713493347168,22.56536102294922,13.26733112335205,8.245309829711914,10.740732192993164,10.027761459350586,7.529648303985596,1.0909596681594849,7.305769443511963,4.666481971740723,8.061192512512207,3.059143304824829,9.250411987304688,9.003847122192383,7.460702896118164,6.45033073425293,6.877664566040039,0.5082170963287354,0.5825033187866211,0.6542815566062927,0.772248387336731,0.6998028755187988,0.6958733797073364,0.581986665725708,0.6134425401687622,0.5491955876350403,0.524030864238739,0.6257162094116211,0.49871009588241577,0.015189497910975857,0.004541615491301369,1845.7205497616008,676.7028791493137,3610.5306182896356,694.7239824352916,3560.572591901102,2274.1991452713023,0.016148401247099767,0.011117889177138537,14.806672657037971,4.02874716491196,9.264567400289316,3.0895282325606703,15.24034835031508,3.558985494857725,17.758106320800696,4.30025171771564,17.517872306597912,3.381436881877364,16.986168383739663,2.4993917108208703,20.376420606026763,2.9292361821122057
no_vocals,50.0,55.0,-442.67401123046875,39.99464797973633,140.9334716796875,21.200763702392578,21.907197952270508,20.368207931518555,38.62478256225586,15.525416374206543,4.806992053985596,15.470040321350098,22.3304443359375,12.004315376281738,5.9951958656311035,10.880032539367676,11.053349494934082,8.269165992736816,1.2170718908309937,8.711751937866211,10.574309349060059,7.882795333862305,3.96042799949646,6.720216274261475,8.764656066894531,7.092776775360107,5.636774063110352,7.466140270233154,0.6924363374710083,0.7099139094352722,0.6214231252670288,0.5970242023468018,0.5937960147857666,0.6978742480278015,0.5594461560249329,0.5536613464355469,0.5879048705101013,0.6149401068687439,0.7530264258384705,0.6804875135421753,0.015815383310617746,0.004768270484674331,2048.3088656802097,651.3070209201824,3893.132640176884,575.1938034632677,4299.496197977088,2416.84758487421,0.01644295606148492,0.011255795656094159,15.7318429822075,4.495257695916056,9.26269236141405,3.0757022347414122,15.00061269538241,3.3813762811923294,17.661904963337786,4.137478532429618,16.710143722566627,3.4559584105163523,15.986366568700005,2.2622223373643813,21.060386177804904,2.805509542783736
no_vocals,52.5,57.5,-442.6569519042969,33.17973327636719,144.31246948242188,21.95965003967285,18.87368392944336,19.092226028442383,33.97298812866211,14.142099380493164,10.452116966247559,13.275986671447754,24.148895263671875,9.559802055358887,5.319212913513184,10.401753425598145,9.274715423583984,8.531915664672852,1.4991729259490967,8.79896068572998,12.708582878112793,7.221636772155762,5.5204668045043945,6.7826247215271,8.752863883972168,7.4145307540893555,4.478997230529785,7.287525653839111,0.868352472782135,0.8511495590209961,0.6632649302482605,0.561076283454895,0.5160141587257385,0.6101255416870117,0.4483501613140106,0.41166630387306213,0.518561601638794,0.6081151366233826,0.7736525535583496,0.7943082451820374,0.016617741512476084,0.00447553649875891,1950.2791019426238,558.3404530623285,3831.8603960719315,546.472916023628,3899.2084405814967,2142.6183750640553,0.013727387253480279,0.00840292803758766,17.336225253368937,4.5284997526355415,9.161979679419874,3.204363086348159,15.703454751253528,3.4819393824192693,17.685781353124877,4.155223015986203,18.031596591931795,3.799664642413673,15.5842676142064,2.182641809228563,20.572227055261312,2.646014947149158
no_vocals,55.0,60.0,-457.8111572265625,30.769750595092773,146.78851318359375,22.805953979492188,15.251391410827637,16.1066951751709,29.294340133666992,13.040645599365234,15.576672554016113,11.423291206359863,24.585695266723633,11.177011489868164,6.684567928314209,9.43040943145752,9.97388744354248,8.121095657348633,4.249690055847168,8.397430419921875,11.63322639465332,7.939829349517822,6.103421211242676,7.702520847320557,9.311810493469238,8.105216026306152,6.228115558624268,6.800928592681885,0.8919803500175476,0.9149637222290039,0.7663330435752869,0.6948128938674927,0.6448691487312317,0.6539160013198853,0.47236740589141846,0.4214288890361786,0.47993674874305725,0.525449812412262,0.652504026889801,0.7540662288665771,0.016534990278826787,0.004579260234063503,1832.9094052823148,589.3743569768462,3756.4306982673315,619.0487758030279,3480.8847520301624,2135.446464179745,0.010828288138051045,0.006616124029793247,18.261114814659184,4.949435242144476,9.985432913510534,3.291857137933032,15.999570542100816,3.8126340804954637,17.92087287246925,4.061240451107058,18.267914927779408,3.4342499724836353,16.00871470634946,2.3022838175349616,19.5986710203317,2.4229418779632788
no_vocals,57.5,62.5,-449.6665344238281,35.884681701660156,153.1623077392578,26.588769912719727,22.472274780273438,19.0662841796875,28.551292419433594,13.712186813354492,9.425134658813477,12.866600036621094,21.467735290527344,11.47966480255127,4.9904608726501465,8.479188919067383,8.889165878295898,8.374095916748047,3.429274797439575,8.280491828918457,10.65421199798584,7.51088809967041,5.299164772033691,7.437517166137695,10.965971946716309,7.465838432312012,5.862096309661865,7.027518272399902,0.7789989113807678,0.8490578532218933,0.7505937814712524,0.732280969619751,0.6647886633872986,0.6851886510848999,0.5047680139541626,0.45813384652137756,0.60270094871521,0.5174535512924194,0.5310651659965515,0.6247096657752991,0.016912185655055426,0.004684687709965774,1812.6856436641963,647.4418935389564,3689.103287307874,706.9136133186746,3497.971423651392,2415.36815533989,0.011178355205916474,0.007151958881408153,17.570956026115798,4.360306537314308,9.631709693063591,3.13956251926952,15.662729289836422,3.6799879356546428,18.646011044487835,3.9700683054042876,17.65037805432886,3.2686802224156457,15.801558601292385,2.204738889372763,19.947868340326444,2.770686294006353
no_vocals,60.0,65.0,-440.5163879394531,38.730281829833984,151.78692626953125,28.141817092895508,13.445466995239258,24.353742599487305,27.825624465942383,13.995756149291992,7.367012977600098,12.631966590881348,19.458166122436523,10.829019546508789,5.440357208251953,8.71260929107666,10.13984489440918,8.840683937072754,4.226243495941162,8.399982452392578,10.152247428894043,7.164924144744873,5.284599304199219,7.039905548095703,12.288548469543457,6.460254669189453,5.775562763214111,6.539269924163818,0.7404999136924744,0.777137815952301,0.7282227873802185,0.7595025300979614,0.6425455808639526,0.6354359984397888,0.4918035864830017,0.5008310675621033,0.6901386976242065,0.5977771282196045,0.6079843044281006,0.6285825371742249,0.01642849927729216,0.004853383334439597,1923.2577029134518,701.293042527879,3689.847921295561,708.2792369959599,3817.2723544446058,2417.236631637263,0.01160206097737819,0.007544737483700435,16.483189189446737,4.52845969153614,8.992093745822945,2.9082540476835144,15.528970071980671,4.032300688858073,18.061278070415273,4.3716639390369565,17.252307757314654,3.2138264883446745,16.25204051010126,2.484351697231025,20.234196421079098,2.851508266163271
no_vocals,62.5,67.5,-445.0942077636719,35.38139724731445,146.45980834960938,23.922239303588867,-1.4540001153945923,21.503131866455078,30.1466121673584,12.74461555480957,12.324551582336426,10.904882431030273,19.870458602905273,10.408223152160645,9.134714126586914,9.501111030578613,12.777873039245605,7.023188591003418,8.156295776367188,7.6503825187683105,10.057291984558105,7.957546234130859,5.2875075340271,6.571105480194092,10.5713472366333,7.248133659362793,7.713561534881592,6.610485553741455,0.6854596138000488,0.702729344367981,0.7612667679786682,0.853903591632843,0.7865297794342041,0.7599393725395203,0.6278477907180786,0.5895368456840515,0.5750305652618408,0.5808571577072144,0.6911442875862122,0.6485206484794617,0.016119850153349807,0.004043456707062833,1939.4328236081838,624.7100403242323,3635.180180859625,681.6293981146486,3950.768221613979,2027.33025807516,0.009748631453016241,0.005529000000300923,17.182190246595688,4.125133701817622,9.720357402406835,3.263920316991414,14.809839849668393,3.87829463488945,17.721239702987575,3.5904405488748354,16.991831754679477,2.983317835010556,17.100604911376166,2.526414420314023,20.417087502334486,2.546155627066304
no_vocals,65.0,70.0,-436.5101623535156,38.794708251953125,150.06309509277344,25.254072189331055,0.4204626977443695,18.846115112304688,39.79864501953125,15.704294204711914,5.2963948249816895,16.088682174682617,17.014745712280273,11.498826026916504,6.944478511810303,10.266580581665039,8.403033256530762,7.957990646362305,6.458752632141113,8.896854400634766,9.315160751342773,8.274398803710938,5.997345447540283,6.790000915527344,7.684887409210205,7.118042469024658,6.846646308898926,7.666714191436768,0.5056636929512024,0.5590083003044128,0.6187623143196106,0.7412605881690979,0.8083279132843018,0.8774816989898682,0.7159239649772644,0.6288471817970276,0.5463491082191467,0.48649126291275024,0.632286787033081,0.5475025773048401,0.016538911961503068,0.003925940645691388,1922.783295604521,613.6923878514455,3471.337054402733,688.344461466508,4076.370246338457,2064.5455725996458,0.011688161615429234,0.007534059152569436,19.208327445292213,4.489554206489647,10.064134894747975,3.3029201723069974,14.944744305686928,3.6365929189605657,19.41409434571409,3.993768634088778,16.67525201928352,2.8033614328549965,16.360635346235444,2.421843339552992,21.65186567248037,3.3000533164977863
no_vocals,67.5,70.77399092970522,-454.5459899902344,65.2998046875,160.9733123779297,29.385759353637695,13.239327430725098,23.77690887451172,41.063194274902344,17.95757484436035,1.6501339673995972,17.634361267089844,11.391858100891113,14.143012046813965,1.0671031475067139,8.848551750183105,4.9424147605896,7.724047660827637,2.346342086791992,8.624217987060547,7.8913798332214355,8.2250394821167,5.160507678985596,6.614762783050537,4.989882946014404,7.261099338531494,2.714874029159546,7.766225814819336,0.547799825668335,0.5872843861579895,0.5207291841506958,0.5351801514625549,0.6342930197715759,0.8295642137527466,0.6520553827285767,0.5985245108604431,0.6196937561035156,0.5611921548843384,0.7210548520088196,0.6177271604537964,0.014821937898048431,0.005659181200954966,1696.5630993780283,767.3889137659651,3081.9949913873647,770.8355955317891,3521.442299700798,2458.240356786574,0.013756718195921986,0.008138496243434556,19.99364942551822,4.637458106866415,9.328208222657759,3.3278399106317442,15.502132414109676,3.3086270356206255,20.26558715061793,3.5180246373853588,15.93613582120002,2.595183131911694,16.03184684368494,2.158531781866302,22.019871326386326,3.6749917474307208
no_vocals,70.0,70.77399092970522,-574.638916015625,38.16926574707031,220.08616638183594,14.348679542541504,26.650400161743164,10.578315734863281,29.815061569213867,8.18936538696289,22.817920684814453,3.9368762969970703,-7.520313262939453,5.858974456787109,0.12503884732723236,5.653209209442139,1.8554786443710327,4.600644111633301,-2.1575183868408203,4.187776565551758,1.7838146686553955,3.497012138366699,3.73115611076355,3.511198043823242,-3.696721315383911,3.7300078868865967,-0.8228784799575806,4.804367542266846,0.8309630751609802,0.7605546116828918,0.40246835350990295,0.19591708481311798,0.3374093472957611,0.7780179381370544,0.5899319052696228,0.5727340579032898,0.7777396440505981,0.8269858956336975,0.989905834197998,0.923812210559845,0.007776886488853106,0.0026413133411331362,848.9649614315795,270.16455080340677,2244.3215380877314,428.1684008966039,950.996239505597,693.5034432924217,0.01093895755597015,0.0019911249539460362,19.631209666703366,3.0039647436778134,6.625147683079394,2.0140599252102245,14.79632580315781,3.3962216738492756,20.903061955442997,2.8236995450351547,15.396547356671071,2.544057232280151,17.427654360470918,2.6042464277730892,18.13503786537301,2.941285662924322
