original_frame,candidate_frame,original_time_seconds,candidate_time_seconds
0,0,0.0,0.0
1,1,0.09287981859410431,0.09287981859410431
2,2,0.18575963718820862,0.18575963718820862
3,3,0.2786394557823129,0.2786394557823129
4,4,0.37151927437641724,0.37151927437641724
5,5,0.46439909297052157,0.46439909297052157
6,6,0.5572789115646258,0.5572789115646258
7,7,0.6501587301587302,0.6501587301587302
8,8,0.7430385487528345,0.7430385487528345
9,9,0.8359183673469388,0.8359183673469388
10,10,0.9287981859410431,0.9287981859410431
11,11,1.0216780045351475,1.0216780045351475
12,12,1.1145578231292517,1.1145578231292517
13,13,1.207437641723356,1.207437641723356
14,14,1.3003174603174603,1.3003174603174603
15,15,1.3931972789115645,1.3931972789115645
16,16,1.486077097505669,1.486077097505669
17,17,1.5789569160997732,1.5789569160997732
18,18,1.6718367346938776,1.6718367346938776
19,19,1.7647165532879818,1.7647165532879818
20,20,1.8575963718820863,1.8575963718820863
21,21,1.9504761904761905,1.9504761904761905
22,22,2.043356009070295,2.043356009070295
23,23,2.136235827664399,2.136235827664399
24,24,2.2291156462585033,2.2291156462585033
25,25,2.3219954648526078,2.3219954648526078
26,26,2.414875283446712,2.414875283446712
27,27,2.507755102040816,2.507755102040816
28,28,2.6006349206349206,2.6006349206349206
29,29,2.693514739229025,2.693514739229025
30,30,2.786394557823129,2.786394557823129
31,31,2.8792743764172335,2.8792743764172335
32,32,2.972154195011338,2.972154195011338
33,33,3.0650340136054424,3.0650340136054424
34,34,3.1579138321995464,3.1579138321995464
35,35,3.250793650793651,3.250793650793651
36,36,3.3436734693877552,3.3436734693877552
37,37,3.436553287981859,3.436553287981859
38,38,3.5294331065759637,3.5294331065759637
39,39,3.622312925170068,3.622312925170068
40,40,3.7151927437641725,3.7151927437641725
41,41,3.8080725623582765,3.8080725623582765
42,42,3.900952380952381,3.900952380952381
43,43,3.9938321995464854,3.9938321995464854
44,44,4.08671201814059,4.08671201814059
45,45,4.179591836734694,4.179591836734694
46,46,4.272471655328798,4.272471655328798
47,47,4.365351473922902,4.365351473922902
48,48,4.458231292517007,4.458231292517007
49,49,4.551111111111111,4.551111111111111
50,50,4.6439909297052155,4.6439909297052155
51,51,4.73687074829932,4.73687074829932
52,52,4.829750566893424,4.829750566893424
53,53,4.922630385487528,4.922630385487528
54,54,5.015510204081632,5.015510204081632
55,55,5.108390022675737,5.108390022675737
56,56,5.201269841269841,5.201269841269841
57,57,5.294149659863946,5.294149659863946
58,58,5.38702947845805,5.38702947845805
59,59,5.479909297052155,5.479909297052155
60,60,5.572789115646258,5.572789115646258
61,61,5.6656689342403626,5.6656689342403626
62,62,5.758548752834467,5.758548752834467
63,63,5.851428571428571,5.851428571428571
64,64,5.944308390022676,5.944308390022676
65,65,6.03718820861678,6.03718820861678
66,66,6.130068027210885,6.130068027210885
67,67,6.222947845804988,6.222947845804988
68,68,6.315827664399093,6.315827664399093
69,69,6.408707482993197,6.408707482993197
70,70,6.501587301587302,6.501587301587302
71,71,6.594467120181406,6.594467120181406
72,72,6.6873469387755105,6.6873469387755105
73,73,6.780226757369615,6.780226757369615
74,74,6.873106575963718,6.873106575963718
75,75,6.965986394557823,6.965986394557823
76,76,7.058866213151927,7.058866213151927
77,77,7.151746031746032,7.151746031746032
78,78,7.244625850340136,7.244625850340136
79,79,7.337505668934241,7.337505668934241
80,80,7.430385487528345,7.430385487528345
81,81,7.523265306122449,7.523265306122449
82,82,7.616145124716553,7.616145124716553
83,83,7.7090249433106575,7.7090249433106575
84,84,7.801904761904762,7.801904761904762
85,85,7.894784580498866,7.894784580498866
86,86,7.987664399092971,7.987664399092971
87,87,8.080544217687075,8.080544217687075
88,88,8.17342403628118,8.17342403628118
89,89,8.266303854875284,8.266303854875284
90,90,8.359183673469389,8.359183673469389
91,91,8.452063492063493,8.452063492063493
92,92,8.544943310657596,8.544943310657596
93,93,8.6378231292517,8.6378231292517
94,94,8.730702947845804,8.730702947845804
95,95,8.823582766439909,8.823582766439909
96,96,8.916462585034013,8.916462585034013
97,97,9.009342403628118,9.009342403628118
98,98,9.102222222222222,9.102222222222222
99,99,9.195102040816327,9.195102040816327
100,100,9.287981859410431,9.287981859410431
101,101,9.380861678004536,9.380861678004536
102,102,9.47374149659864,9.47374149659864
103,103,9.566621315192744,9.566621315192744
104,104,9.659501133786849,9.659501133786849
105,105,9.752380952380953,9.752380952380953
106,106,9.845260770975056,9.845260770975056
107,107,9.93814058956916,9.93814058956916
108,108,10.031020408163265,10.031020408163265
109,109,10.12390022675737,10.12390022675737
110,110,10.216780045351474,10.216780045351474
111,111,10.309659863945578,10.309659863945578
112,112,10.402539682539683,10.402539682539683
113,113,10.495419501133787,10.495419501133787
114,114,10.588299319727891,10.588299319727891
115,115,10.681179138321996,10.681179138321996
116,116,10.7740589569161,10.7740589569161
117,117,10.866938775510205,10.866938775510205
118,118,10.95981859410431,10.95981859410431
119,119,11.052698412698414,11.052698412698414
120,120,11.145578231292516,11.145578231292516
121,121,11.23845804988662,11.23845804988662
122,122,11.331337868480725,11.331337868480725
123,123,11.42421768707483,11.42421768707483
124,124,11.517097505668934,11.517097505668934
125,125,11.609977324263038,11.609977324263038
126,126,11.702857142857143,11.702857142857143
127,127,11.795736961451247,11.795736961451247
128,128,11.888616780045352,11.888616780045352
129,129,11.981496598639456,11.981496598639456
130,130,12.07437641723356,12.07437641723356
131,131,12.167256235827665,12.167256235827665
132,132,12.26013605442177,12.26013605442177
133,133,12.353015873015874,12.353015873015874
134,134,12.445895691609977,12.445895691609977
135,135,12.538775510204081,12.538775510204081
136,136,12.631655328798185,12.631655328798185
137,137,12.72453514739229,12.72453514739229
137,138,12.72453514739229,12.817414965986394
137,139,12.72453514739229,12.910294784580499
137,140,12.72453514739229,13.003174603174603
137,141,12.72453514739229,13.096054421768708
137,142,12.72453514739229,13.188934240362812
137,143,12.72453514739229,13.281814058956916
138,144,12.817414965986394,13.374693877551021
139,145,12.910294784580499,13.467573696145125
140,146,13.003174603174603,13.56045351473923
140,147,13.003174603174603,13.653333333333334
140,148,13.003174603174603,13.746213151927437
141,149,13.096054421768708,13.839092970521541
142,149,13.188934240362812,13.839092970521541
143,149,13.281814058956916,13.839092970521541
144,149,13.374693877551021,13.839092970521541
145,149,13.467573696145125,13.839092970521541
146,149,13.56045351473923,13.839092970521541
147,149,13.653333333333334,13.839092970521541
148,149,13.746213151927437,13.839092970521541
149,149,13.839092970521541,13.839092970521541
150,150,13.931972789115646,13.931972789115646
151,151,14.02485260770975,14.02485260770975
152,152,14.117732426303855,14.117732426303855
153,152,14.210612244897959,14.117732426303855
154,153,14.303492063492063,14.210612244897959
155,154,14.396371882086168,14.303492063492063
156,154,14.489251700680272,14.303492063492063
157,155,14.582131519274377,14.396371882086168
158,156,14.675011337868481,14.489251700680272
159,157,14.767891156462586,14.582131519274377
159,158,14.767891156462586,14.675011337868481
159,159,14.767891156462586,14.767891156462586
160,160,14.86077097505669,14.86077097505669
161,161,14.953650793650795,14.953650793650795
162,162,15.046530612244897,15.046530612244897
163,163,15.139410430839002,15.139410430839002
164,164,15.232290249433106,15.232290249433106
165,165,15.32517006802721,15.32517006802721
166,166,15.418049886621315,15.418049886621315
167,167,15.51092970521542,15.51092970521542
168,168,15.603809523809524,15.603809523809524
169,169,15.696689342403628,15.696689342403628
170,170,15.789569160997733,15.789569160997733
171,171,15.882448979591837,15.882448979591837
172,172,15.975328798185942,15.975328798185942
173,173,16.068208616780044,16.068208616780044
174,174,16.16108843537415,16.16108843537415
175,175,16.253968253968253,16.253968253968253
175,176,16.253968253968253,16.34684807256236
175,177,16.253968253968253,16.439727891156462
175,178,16.253968253968253,16.532607709750568
176,179,16.34684807256236,16.62548752834467
177,180,16.439727891156462,16.718367346938777
178,180,16.532607709750568,16.718367346938777
179,180,16.62548752834467,16.718367346938777
180,180,16.718367346938777,16.718367346938777
181,180,16.81124716553288,16.718367346938777
182,181,16.904126984126986,16.81124716553288
183,182,16.99700680272109,16.904126984126986
183,183,16.99700680272109,16.99700680272109
184,184,17.08988662131519,17.08988662131519
185,185,17.182766439909297,17.182766439909297
186,186,17.2756462585034,17.2756462585034
187,187,17.368526077097506,17.368526077097506
187,188,17.368526077097506,17.46140589569161
187,189,17.368526077097506,17.554285714285715
187,190,17.368526077097506,17.647165532879818
187,191,17.368526077097506,17.740045351473924
187,192,17.368526077097506,17.832925170068027
187,193,17.368526077097506,17.925804988662133
188,194,17.46140589569161,18.018684807256236
188,195,17.46140589569161,18.11156462585034
188,196,17.46140589569161,18.204444444444444
189,197,17.554285714285715,18.297324263038547
190,198,17.647165532879818,18.390204081632653
191,199,17.740045351473924,18.483083900226756
192,200,17.832925170068027,18.575963718820862
193,201,17.925804988662133,18.668843537414965
193,202,17.925804988662133,18.76172335600907
194,203,18.018684807256236,18.854603174603174
194,204,18.018684807256236,18.94748299319728
194,205,18.018684807256236,19.040362811791383
195,206,18.11156462585034,19.13324263038549
196,207,18.204444444444444,19.22612244897959
197,208,18.297324263038547,19.319002267573698
198,209,18.390204081632653,19.4118820861678
199,210,18.483083900226756,19.504761904761907
200,210,18.575963718820862,19.504761904761907
201,210,18.668843537414965,19.504761904761907
202,210,18.76172335600907,19.504761904761907
203,211,18.854603174603174,19.59764172335601
204,212,18.94748299319728,19.690521541950112
205,213,19.040362811791383,19.783401360544218
206,213,19.13324263038549,19.783401360544218
207,213,19.22612244897959,19.783401360544218
208,213,19.319002267573698,19.783401360544218
209,213,19.4118820861678,19.783401360544218
210,213,19.504761904761907,19.783401360544218
211,213,19.59764172335601,19.783401360544218
212,213,19.690521541950112,19.783401360544218
213,213,19.783401360544218,19.783401360544218
214,213,19.87628117913832,19.783401360544218
215,214,19.969160997732427,19.87628117913832
216,215,20.06204081632653,19.969160997732427
217,216,20.154920634920636,20.06204081632653
218,216,20.24780045351474,20.06204081632653
219,217,20.340680272108845,20.154920634920636
220,218,20.433560090702947,20.24780045351474
221,219,20.526439909297054,20.340680272108845
222,220,20.619319727891156,20.433560090702947
223,221,20.712199546485262,20.526439909297054
224,222,20.805079365079365,20.619319727891156
225,223,20.897959183673468,20.712199546485262
226,224,20.990839002267574,20.805079365079365
227,225,21.083718820861677,20.897959183673468
227,226,21.083718820861677,20.990839002267574
227,227,21.083718820861677,21.083718820861677
228,228,21.176598639455783,21.176598639455783
229,229,21.269478458049885,21.269478458049885
230,230,21.36235827664399,21.36235827664399
231,231,21.455238095238094,21.455238095238094
232,232,21.5481179138322,21.5481179138322
233,233,21.640997732426303,21.640997732426303
234,234,21.73387755102041,21.73387755102041
235,235,21.826757369614512,21.826757369614512
236,236,21.91963718820862,21.91963718820862
237,237,22.01251700680272,22.01251700680272
238,238,22.105396825396827,22.105396825396827
239,239,22.19827664399093,22.19827664399093
240,240,22.291156462585032,22.291156462585032
241,241,22.38403628117914,22.38403628117914
242,242,22.47691609977324,22.47691609977324
243,243,22.569795918367348,22.569795918367348
244,244,22.66267573696145,22.66267573696145
245,245,22.755555555555556,22.755555555555556
246,246,22.84843537414966,22.84843537414966
247,247,22.941315192743765,22.941315192743765
248,248,23.034195011337868,23.034195011337868
249,249,23.127074829931974,23.127074829931974
250,250,23.219954648526077,23.219954648526077
251,251,23.312834467120183,23.312834467120183
252,252,23.405714285714286,23.405714285714286
253,253,23.49859410430839,23.49859410430839
254,254,23.591473922902495,23.591473922902495
255,255,23.684353741496597,23.684353741496597
256,256,23.777233560090703,23.777233560090703
257,257,23.870113378684806,23.870113378684806
257,258,23.870113378684806,23.962993197278912
257,259,23.870113378684806,24.055873015873015
257,260,23.870113378684806,24.14875283446712
257,261,23.870113378684806,24.241632653061224
257,262,23.870113378684806,24.33451247165533
257,263,23.870113378684806,24.427392290249433
257,264,23.870113378684806,24.52027210884354
257,265,23.870113378684806,24.61315192743764
257,266,23.870113378684806,24.706031746031748
257,267,23.870113378684806,24.79891156462585
258,268,23.962993197278912,24.891791383219953
259,269,24.055873015873015,24.98467120181406
260,269,24.14875283446712,24.98467120181406
261,269,24.241632653061224,24.98467120181406
262,269,24.33451247165533,24.98467120181406
263,269,24.427392290249433,24.98467120181406
264,269,24.52027210884354,24.98467120181406
265,269,24.61315192743764,24.98467120181406
266,269,24.706031746031748,24.98467120181406
267,270,24.79891156462585,25.077551020408162
268,271,24.891791383219953,25.170430839002268
269,271,24.98467120181406,25.170430839002268
270,271,25.077551020408162,25.170430839002268
271,271,25.170430839002268,25.170430839002268
272,272,25.26331065759637,25.26331065759637
273,273,25.356190476190477,25.356190476190477
274,274,25.44907029478458,25.44907029478458
275,275,25.541950113378686,25.541950113378686
276,276,25.63482993197279,25.63482993197279
277,277,25.727709750566895,25.727709750566895
278,278,25.820589569160997,25.820589569160997
279,279,25.913469387755104,25.913469387755104
280,280,26.006349206349206,26.006349206349206
281,281,26.09922902494331,26.09922902494331
282,282,26.192108843537415,26.192108843537415
283,283,26.284988662131518,26.284988662131518
284,284,26.377868480725624,26.377868480725624
285,285,26.470748299319727,26.470748299319727
286,286,26.563628117913833,26.563628117913833
287,287,26.656507936507936,26.656507936507936
288,288,26.749387755102042,26.749387755102042
289,289,26.842267573696144,26.842267573696144
290,290,26.93514739229025,26.93514739229025
291,291,27.028027210884353,27.028027210884353
292,292,27.12090702947846,27.12090702947846
293,293,27.213786848072562,27.213786848072562
294,294,27.30666666666667,27.30666666666667
295,295,27.39954648526077,27.39954648526077
296,296,27.492426303854874,27.492426303854874
297,297,27.58530612244898,27.58530612244898
298,298,27.678185941043083,27.678185941043083
299,299,27.77106575963719,27.77106575963719
300,300,27.86394557823129,27.86394557823129
301,301,27.956825396825398,27.956825396825398
302,302,28.0497052154195,28.0497052154195
303,303,28.142585034013607,28.142585034013607
304,304,28.23546485260771,28.23546485260771
305,305,28.328344671201815,28.328344671201815
306,306,28.421224489795918,28.421224489795918
307,307,28.514104308390024,28.514104308390024
308,308,28.606984126984127,28.606984126984127
309,309,28.69986394557823,28.69986394557823
310,310,28.792743764172336,28.792743764172336
311,311,28.88562358276644,28.88562358276644
312,312,28.978503401360545,28.978503401360545
313,313,29.071383219954647,29.071383219954647
314,314,29.164263038548754,29.164263038548754
315,315,29.257142857142856,29.257142857142856
316,316,29.350022675736962,29.350022675736962
317,317,29.442902494331065,29.442902494331065
318,318,29.53578231292517,29.53578231292517
319,318,29.628662131519274,29.53578231292517
320,319,29.72154195011338,29.628662131519274
321,320,29.814421768707483,29.72154195011338
322,321,29.90730158730159,29.814421768707483
322,322,29.90730158730159,29.90730158730159
323,323,30.00018140589569,30.00018140589569
324,324,30.093061224489794,30.093061224489794
324,325,30.093061224489794,30.1859410430839
324,326,30.093061224489794,30.278820861678003
324,327,30.093061224489794,30.37170068027211
324,328,30.093061224489794,30.464580498866212
324,329,30.093061224489794,30.55746031746032
324,330,30.093061224489794,30.65034013605442
325,331,30.1859410430839,30.743219954648527
326,332,30.278820861678003,30.83609977324263
327,332,30.37170068027211,30.83609977324263
328,332,30.464580498866212,30.83609977324263
329,332,30.55746031746032,30.83609977324263
330,332,30.65034013605442,30.83609977324263
331,332,30.743219954648527,30.83609977324263
332,332,30.83609977324263,30.83609977324263
333,332,30.928979591836736,30.83609977324263
334,332,31.02185941043084,30.83609977324263
335,333,31.114739229024945,30.928979591836736
336,334,31.207619047619048,31.02185941043084
337,335,31.30049886621315,31.114739229024945
338,336,31.393378684807256,31.207619047619048
338,337,31.393378684807256,31.30049886621315
338,338,31.393378684807256,31.393378684807256
339,339,31.48625850340136,31.48625850340136
340,340,31.579138321995465,31.579138321995465
341,341,31.672018140589568,31.672018140589568
342,342,31.764897959183674,31.764897959183674
343,343,31.857777777777777,31.857777777777777
344,344,31.950657596371883,31.950657596371883
345,345,32.04353741496599,32.04353741496599
346,346,32.13641723356009,32.13641723356009
347,347,32.229297052154195,32.229297052154195
348,348,32.3221768707483,32.3221768707483
349,349,32.41505668934241,32.41505668934241
350,350,32.507936507936506,32.507936507936506
351,351,32.60081632653061,32.60081632653061
352,352,32.69369614512472,32.69369614512472
353,353,32.78657596371882,32.78657596371882
354,354,32.879455782312924,32.879455782312924
355,355,32.97233560090703,32.97233560090703
355,356,32.97233560090703,33.065215419501136
356,357,33.065215419501136,33.158095238095235
357,358,33.158095238095235,33.25097505668934
358,359,33.25097505668934,33.34385487528345
359,360,33.34385487528345,33.436734693877554
360,360,33.436734693877554,33.436734693877554
361,361,33.52961451247165,33.52961451247165
362,362,33.62249433106576,33.62249433106576
363,363,33.715374149659866,33.715374149659866
364,364,33.80825396825397,33.80825396825397
365,365,33.90113378684807,33.90113378684807
366,366,33.99401360544218,33.99401360544218
367,367,34.08689342403628,34.08689342403628
368,368,34.17977324263038,34.17977324263038
369,368,34.27265306122449,34.17977324263038
370,369,34.365532879818595,34.27265306122449
371,370,34.4584126984127,34.365532879818595
372,371,34.5512925170068,34.4584126984127
372,372,34.5512925170068,34.5512925170068
373,373,34.644172335600906,34.644172335600906
373,374,34.644172335600906,34.73705215419501
374,375,34.73705215419501,34.82993197278912
375,375,34.82993197278912,34.82993197278912
376,376,34.92281179138322,34.92281179138322
377,377,35.015691609977324,35.015691609977324
378,378,35.10857142857143,35.10857142857143
379,379,35.20145124716553,35.20145124716553
380,380,35.294331065759636,35.294331065759636
381,381,35.38721088435374,35.38721088435374
382,382,35.48009070294785,35.48009070294785
383,383,35.57297052154195,35.57297052154195
384,384,35.66585034013605,35.66585034013605
385,385,35.75873015873016,35.75873015873016
385,386,35.75873015873016,35.851609977324266
385,387,35.75873015873016,35.944489795918365
385,388,35.75873015873016,36.03736961451247
385,389,35.75873015873016,36.13024943310658
385,390,35.75873015873016,36.22312925170068
386,391,35.851609977324266,36.31600907029478
387,392,35.944489795918365,36.40888888888889
388,392,36.03736961451247,36.40888888888889
389,392,36.13024943310658,36.40888888888889
390,392,36.22312925170068,36.40888888888889
391,392,36.31600907029478,36.40888888888889
392,392,36.40888888888889,36.40888888888889
393,393,36.501768707482995,36.501768707482995
394,394,36.594648526077094,36.594648526077094
395,395,36.6875283446712,36.6875283446712
396,396,36.78040816326531,36.78040816326531
397,397,36.87328798185941,36.87328798185941
397,398,36.87328798185941,36.96616780045351
398,399,36.96616780045351,37.05904761904762
399,400,37.05904761904762,37.151927437641724
400,400,37.151927437641724,37.151927437641724
401,400,37.24480725623583,37.151927437641724
402,401,37.33768707482993,37.24480725623583
403,402,37.430566893424036,37.33768707482993
404,403,37.52344671201814,37.430566893424036
405,404,37.61632653061225,37.52344671201814
406,405,37.70920634920635,37.61632653061225
407,406,37.802086167800454,37.70920634920635
408,407,37.89496598639456,37.802086167800454
408,408,37.89496598639456,37.89496598639456
409,409,37.98784580498866,37.98784580498866
410,410,38.080725623582765,38.080725623582765
411,411,38.17360544217687,38.17360544217687
412,412,38.26648526077098,38.26648526077098
412,413,38.26648526077098,38.35936507936508
412,414,38.26648526077098,38.45224489795918
412,415,38.26648526077098,38.54512471655329
413,416,38.35936507936508,38.638004535147395
414,417,38.45224489795918,38.730884353741494
415,418,38.54512471655329,38.8237641723356
416,419,38.638004535147395,38.91664399092971
417,420,38.730884353741494,39.00952380952381
418,421,38.8237641723356,39.10240362811791
419,422,38.91664399092971,39.19528344671202
420,422,39.00952380952381,39.19528344671202
421,422,39.10240362811791,39.19528344671202
422,422,39.19528344671202,39.19528344671202
423,423,39.288163265306125,39.288163265306125
424,424,39.381043083900224,39.381043083900224
425,425,39.47392290249433,39.47392290249433
426,426,39.566802721088436,39.566802721088436
427,427,39.65968253968254,39.65968253968254
428,428,39.75256235827664,39.75256235827664
429,429,39.84544217687075,39.84544217687075
430,430,39.938321995464854,39.938321995464854
431,431,40.03120181405896,40.03120181405896
432,432,40.12408163265306,40.12408163265306
433,433,40.216961451247165,40.216961451247165
434,434,40.30984126984127,40.30984126984127
435,435,40.40272108843537,40.40272108843537
436,436,40.49560090702948,40.49560090702948
437,437,40.58848072562358,40.58848072562358
438,438,40.68136054421769,40.68136054421769
439,438,40.77424036281179,40.68136054421769
440,438,40.867120181405895,40.68136054421769
441,439,40.96,40.77424036281179
442,440,41.05287981859411,40.867120181405895
443,441,41.145759637188206,40.96
444,442,41.23863945578231,41.05287981859411
445,443,41.33151927437642,41.145759637188206
446,444,41.424399092970525,41.23863945578231
447,445,41.517278911564624,41.33151927437642
448,446,41.61015873015873,41.424399092970525
448,447,41.61015873015873,41.517278911564624
448,448,41.61015873015873,41.61015873015873
449,449,41.703038548752836,41.703038548752836
450,450,41.795918367346935,41.795918367346935
451,451,41.88879818594104,41.88879818594104
452,452,41.98167800453515,41.98167800453515
453,453,42.074557823129254,42.074557823129254
454,454,42.16743764172335,42.16743764172335
455,455,42.26031746031746,42.26031746031746
456,456,42.353197278911566,42.353197278911566
457,457,42.44607709750567,42.44607709750567
458,458,42.53895691609977,42.53895691609977
459,459,42.63183673469388,42.63183673469388
460,460,42.72471655328798,42.72471655328798
461,461,42.81759637188209,42.81759637188209
462,461,42.91047619047619,42.81759637188209
463,462,43.003356009070295,42.91047619047619
464,463,43.0962358276644,43.003356009070295
465,464,43.1891156462585,43.0962358276644
466,465,43.281995464852606,43.1891156462585
467,466,43.37487528344671,43.281995464852606
468,467,43.46775510204082,43.37487528344671
469,468,43.56063492063492,43.46775510204082
470,469,43.653514739229024,43.56063492063492
470,470,43.653514739229024,43.653514739229024
471,471,43.74639455782313,43.74639455782313
472,472,43.83927437641724,43.83927437641724
473,473,43.932154195011336,43.932154195011336
474,474,44.02503401360544,44.02503401360544
474,475,44.02503401360544,44.11791383219955
475,476,44.11791383219955,44.210793650793654
476,476,44.210793650793654,44.210793650793654
477,477,44.30367346938775,44.30367346938775
478,478,44.39655328798186,44.39655328798186
479,479,44.489433106575966,44.489433106575966
480,480,44.582312925170065,44.582312925170065
481,481,44.67519274376417,44.67519274376417
482,482,44.76807256235828,44.76807256235828
483,483,44.860952380952384,44.860952380952384
484,484,44.95383219954648,44.95383219954648
485,485,45.04671201814059,45.04671201814059
486,486,45.139591836734695,45.139591836734695
487,487,45.2324716553288,45.2324716553288
488,488,45.3253514739229,45.3253514739229
489,488,45.41823129251701,45.3253514739229
490,489,45.51111111111111,45.41823129251701
491,490,45.60399092970521,45.51111111111111
492,491,45.69687074829932,45.60399092970521
492,492,45.69687074829932,45.69687074829932
493,493,45.789750566893424,45.789750566893424
494,494,45.88263038548753,45.88263038548753
495,495,45.97551020408163,45.97551020408163
496,496,46.068390022675736,46.068390022675736
497,497,46.16126984126984,46.16126984126984
498,498,46.25414965986395,46.25414965986395
499,499,46.34702947845805,46.34702947845805
500,500,46.439909297052154,46.439909297052154
500,501,46.439909297052154,46.53278911564626
501,502,46.53278911564626,46.625668934240366
502,502,46.625668934240366,46.625668934240366
503,503,46.718548752834465,46.718548752834465
504,504,46.81142857142857,46.81142857142857
505,504,46.90430839002268,46.81142857142857
506,504,46.99718820861678,46.81142857142857
507,505,47.09006802721088,46.90430839002268
508,506,47.18294784580499,46.99718820861678
509,507,47.275827664399095,47.09006802721088
509,508,47.275827664399095,47.18294784580499
509,509,47.275827664399095,47.275827664399095
510,510,47.368707482993194,47.368707482993194
511,511,47.4615873015873,47.4615873015873
512,512,47.55446712018141,47.55446712018141
513,513,47.64734693877551,47.64734693877551
514,514,47.74022675736961,47.74022675736961
515,515,47.83310657596372,47.83310657596372
516,516,47.925986394557825,47.925986394557825
517,517,48.01886621315193,48.01886621315193
518,518,48.11174603174603,48.11174603174603
519,519,48.204625850340136,48.204625850340136
520,520,48.29750566893424,48.29750566893424
521,521,48.39038548752834,48.39038548752834
522,522,48.48326530612245,48.48326530612245
523,523,48.576145124716554,48.576145124716554
524,524,48.66902494331066,48.66902494331066
525,525,48.76190476190476,48.76190476190476
526,526,48.854784580498865,48.854784580498865
527,527,48.94766439909297,48.94766439909297
528,528,49.04054421768708,49.04054421768708
529,529,49.13342403628118,49.13342403628118
530,530,49.22630385487528,49.22630385487528
531,531,49.31918367346939,49.31918367346939
532,532,49.412063492063496,49.412063492063496
533,533,49.504943310657595,49.504943310657595
534,534,49.5978231292517,49.5978231292517
535,535,49.69070294784581,49.69070294784581
536,536,49.783582766439906,49.783582766439906
537,537,49.87646258503401,49.87646258503401
538,538,49.96934240362812,49.96934240362812
539,539,50.062222222222225,50.062222222222225
540,540,50.155102040816324,50.155102040816324
541,541,50.24798185941043,50.24798185941043
542,542,50.340861678004536,50.340861678004536
543,543,50.43374149659864,50.43374149659864
544,544,50.52662131519274,50.52662131519274
545,545,50.61950113378685,50.61950113378685
546,546,50.712380952380954,50.712380952380954
547,547,50.80526077097505,50.80526077097505
548,548,50.89814058956916,50.89814058956916
549,548,50.991020408163266,50.89814058956916
550,549,51.08390022675737,50.991020408163266
551,550,51.17678004535147,51.08390022675737
552,551,51.26965986394558,51.17678004535147
553,552,51.36253968253968,51.26965986394558
554,553,51.45541950113379,51.36253968253968
555,554,51.54829931972789,51.45541950113379
556,555,51.641179138321995,51.54829931972789
557,556,51.7340589569161,51.641179138321995
557,557,51.7340589569161,51.7340589569161
557,558,51.7340589569161,51.82693877551021
557,559,51.7340589569161,51.919818594104306
558,560,51.82693877551021,52.01269841269841
559,561,51.919818594104306,52.10557823129252
560,562,52.01269841269841,52.19845804988662
561,563,52.10557823129252,52.291337868480724
562,564,52.19845804988662,52.38421768707483
563,564,52.291337868480724,52.38421768707483
564,564,52.38421768707483,52.38421768707483
565,565,52.47709750566894,52.47709750566894
566,566,52.569977324263036,52.569977324263036
567,567,52.66285714285714,52.66285714285714
567,568,52.66285714285714,52.75573696145125
567,569,52.66285714285714,52.848616780045354
567,570,52.66285714285714,52.94149659863945
568,571,52.75573696145125,53.03437641723356
569,572,52.848616780045354,53.127256235827666
570,573,52.94149659863945,53.22013605442177
571,573,53.03437641723356,53.22013605442177
572,573,53.127256235827666,53.22013605442177
573,573,53.22013605442177,53.22013605442177
574,574,53.31301587301587,53.31301587301587
575,575,53.40589569160998,53.40589569160998
576,576,53.498775510204084,53.498775510204084
577,577,53.59165532879818,53.59165532879818
578,578,53.68453514739229,53.68453514739229
579,579,53.777414965986395,53.777414965986395
580,580,53.8702947845805,53.8702947845805
581,581,53.9631746031746,53.9631746031746
582,582,54.05605442176871,54.05605442176871
583,583,54.14893424036281,54.14893424036281
584,584,54.24181405895692,54.24181405895692
584,585,54.24181405895692,54.33469387755102
584,586,54.24181405895692,54.427573696145124
584,587,54.24181405895692,54.52045351473923
584,588,54.24181405895692,54.61333333333334
584,589,54.24181405895692,54.706213151927436
585,590,54.33469387755102,54.79909297052154
586,591,54.427573696145124,54.89197278911565
587,592,54.52045351473923,54.98485260770975
588,593,54.61333333333334,55.077732426303854
589,594,54.706213151927436,55.17061224489796
590,595,54.79909297052154,55.263492063492066
591,596,54.89197278911565,55.356371882086165
592,597,54.98485260770975,55.44925170068027
593,598,55.077732426303854,55.54213151927438
593,599,55.077732426303854,55.635011337868484
593,600,55.077732426303854,55.72789115646258
593,601,55.077732426303854,55.82077097505669
593,602,55.077732426303854,55.913650793650795
594,603,55.17061224489796,56.006530612244894
595,603,55.263492063492066,56.006530612244894
596,603,55.356371882086165,56.006530612244894
597,603,55.44925170068027,56.006530612244894
598,603,55.54213151927438,56.006530612244894
599,603,55.635011337868484,56.006530612244894
600,603,55.72789115646258,56.006530612244894
601,603,55.82077097505669,56.006530612244894
602,603,55.913650793650795,56.006530612244894
603,603,56.006530612244894,56.006530612244894
604,603,56.099410430839,56.006530612244894
605,603,56.19229024943311,56.006530612244894
606,604,56.28517006802721,56.099410430839
607,605,56.37804988662131,56.19229024943311
607,606,56.37804988662131,56.28517006802721
607,607,56.37804988662131,56.37804988662131
608,608,56.47092970521542,56.47092970521542
609,609,56.563809523809525,56.563809523809525
610,610,56.65668934240363,56.65668934240363
611,611,56.74956916099773,56.74956916099773
612,612,56.842448979591836,56.842448979591836
612,613,56.842448979591836,56.93532879818594
613,614,56.93532879818594,57.02820861678005
614,615,57.02820861678005,57.12108843537415
615,615,57.12108843537415,57.12108843537415
616,616,57.213968253968254,57.213968253968254
617,617,57.30684807256236,57.30684807256236
617,618,57.30684807256236,57.39972789115646
617,619,57.30684807256236,57.492607709750565
618,620,57.39972789115646,57.58548752834467
619,621,57.492607709750565,57.67836734693878
620,621,57.58548752834467,57.67836734693878
621,622,57.67836734693878,57.77124716553288
622,622,57.77124716553288,57.77124716553288
623,623,57.86412698412698,57.86412698412698
624,624,57.95700680272109,57.95700680272109
625,625,58.049886621315196,58.049886621315196
626,626,58.142766439909295,58.142766439909295
627,627,58.2356462585034,58.2356462585034
628,628,58.32852607709751,58.32852607709751
629,629,58.42140589569161,58.42140589569161
630,630,58.51428571428571,58.51428571428571
631,631,58.60716553287982,58.60716553287982
632,632,58.700045351473925,58.700045351473925
633,633,58.792925170068024,58.792925170068024
634,634,58.88580498866213,58.88580498866213
635,635,58.978684807256236,58.978684807256236
635,636,58.978684807256236,59.07156462585034
635,637,58.978684807256236,59.16444444444444
635,638,58.978684807256236,59.25732426303855
635,639,58.978684807256236,59.350204081632654
635,640,58.978684807256236,59.44308390022676
635,641,58.978684807256236,59.53596371882086
635,642,58.978684807256236,59.628843537414966
635,643,58.978684807256236,59.72172335600907
636,644,59.07156462585034,59.81460317460318
636,645,59.07156462585034,59.90748299319728
636,646,59.07156462585034,60.00036281179138
636,647,59.07156462585034,60.09324263038549
636,648,59.07156462585034,60.18612244897959
637,649,59.16444444444444,60.279002267573695
638,650,59.25732426303855,60.3718820861678
638,651,59.25732426303855,60.46476190476191
638,652,59.25732426303855,60.55764172335601
639,653,59.350204081632654,60.65052154195011
640,654,59.44308390022676,60.74340136054422
641,655,59.53596371882086,60.836281179138325
642,656,59.628843537414966,60.929160997732424
643,657,59.72172335600907,61.02204081632653
644,658,59.81460317460318,61.11492063492064
645,659,59.90748299319728,61.207800453514736
646,659,60.00036281179138,61.207800453514736
647,660,60.09324263038549,61.30068027210884
648,660,60.18612244897959,61.30068027210884
649,660,60.279002267573695,61.30068027210884
650,661,60.3718820861678,61.39356009070295
651,661,60.46476190476191,61.39356009070295
652,661,60.55764172335601,61.39356009070295
653,661,60.65052154195011,61.39356009070295
654,661,60.74340136054422,61.39356009070295
655,661,60.836281179138325,61.39356009070295
656,661,60.929160997732424,61.39356009070295
657,661,61.02204081632653,61.39356009070295
658,661,61.11492063492064,61.39356009070295
659,661,61.207800453514736,61.39356009070295
660,661,61.30068027210884,61.39356009070295
661,661,61.39356009070295,61.39356009070295
662,662,61.486439909297054,61.486439909297054
662,663,61.486439909297054,61.57931972789115
663,664,61.57931972789115,61.67219954648526
664,665,61.67219954648526,61.765079365079366
665,666,61.765079365079366,61.85795918367347
666,666,61.85795918367347,61.85795918367347
667,667,61.95083900226757,61.95083900226757
668,668,62.04371882086168,62.04371882086168
669,669,62.136598639455784,62.136598639455784
670,670,62.22947845804989,62.22947845804989
670,671,62.22947845804989,62.32235827664399
671,672,62.32235827664399,62.415238095238095
672,672,62.415238095238095,62.415238095238095
673,673,62.5081179138322,62.5081179138322
674,674,62.6009977324263,62.6009977324263
675,675,62.69387755102041,62.69387755102041
676,676,62.78675736961451,62.78675736961451
677,677,62.87963718820862,62.87963718820862
678,678,62.97251700680272,62.97251700680272
679,679,63.065396825396824,63.065396825396824
680,680,63.15827664399093,63.15827664399093
681,681,63.25115646258504,63.25115646258504
682,682,63.344036281179136,63.344036281179136
683,683,63.43691609977324,63.43691609977324
684,684,63.52979591836735,63.52979591836735
685,685,63.622675736961455,63.622675736961455
686,686,63.715555555555554,63.715555555555554
687,687,63.80843537414966,63.80843537414966
688,688,63.901315192743766,63.901315192743766
689,689,63.994195011337865,63.994195011337865
690,689,64.08707482993198,63.994195011337865
691,690,64.17995464852608,64.08707482993198
692,691,64.27283446712018,64.17995464852608
693,692,64.36571428571429,64.27283446712018
693,693,64.36571428571429,64.36571428571429
694,694,64.45859410430839,64.45859410430839
695,695,64.55147392290249,64.55147392290249
696,696,64.6443537414966,64.6443537414966
697,697,64.7372335600907,64.7372335600907
698,697,64.83011337868481,64.7372335600907
699,697,64.92299319727891,64.7372335600907
700,697,65.01587301587301,64.7372335600907
701,697,65.10875283446713,64.7372335600907
702,697,65.20163265306122,64.7372335600907
703,697,65.29451247165532,64.7372335600907
704,697,65.38739229024944,64.7372335600907
705,698,65.48027210884354,64.83011337868481
706,698,65.57315192743764,64.83011337868481
707,699,65.66603174603175,64.92299319727891
708,699,65.75891156462585,64.92299319727891
709,699,65.85179138321996,64.92299319727891
710,700,65.94467120181406,65.01587301587301
711,701,66.03755102040816,65.10875283446713
712,702,66.13043083900227,65.20163265306122
713,703,66.22331065759637,65.29451247165532
714,704,66.31619047619047,65.38739229024944
714,705,66.31619047619047,65.48027210884354
714,706,66.31619047619047,65.57315192743764
714,707,66.31619047619047,65.66603174603175
714,708,66.31619047619047,65.75891156462585
715,709,66.40907029478458,65.85179138321996
715,710,66.40907029478458,65.94467120181406
715,711,66.40907029478458,66.03755102040816
715,712,66.40907029478458,66.13043083900227
715,713,66.40907029478458,66.22331065759637
715,714,66.40907029478458,66.31619047619047
715,715,66.40907029478458,66.40907029478458
716,716,66.50195011337868,66.50195011337868
717,717,66.59482993197278,66.59482993197278
718,718,66.6877097505669,66.6877097505669
719,719,66.780589569161,66.780589569161
720,720,66.87346938775511,66.87346938775511
721,721,66.96634920634921,66.96634920634921
722,722,67.0592290249433,67.0592290249433
723,723,67.15210884353742,67.15210884353742
724,724,67.24498866213152,67.24498866213152
725,725,67.33786848072562,67.33786848072562
726,726,67.43074829931973,67.43074829931973
727,727,67.52362811791383,67.52362811791383
728,728,67.61650793650794,67.61650793650794
729,729,67.70938775510204,67.70938775510204
730,730,67.80226757369614,67.80226757369614
731,731,67.89514739229026,67.89514739229026
732,732,67.98802721088435,67.98802721088435
733,733,68.08090702947845,68.08090702947845
734,734,68.17378684807257,68.17378684807257
735,735,68.26666666666667,68.26666666666667
736,736,68.35954648526076,68.35954648526076
737,737,68.45242630385488,68.45242630385488
738,738,68.54530612244898,68.54530612244898
739,739,68.63818594104309,68.63818594104309
740,740,68.73106575963719,68.73106575963719
741,741,68.82394557823129,68.82394557823129
742,742,68.9168253968254,68.9168253968254
743,743,69.0097052154195,69.0097052154195
744,744,69.1025850340136,69.1025850340136
745,745,69.19546485260771,69.19546485260771
746,746,69.28834467120181,69.28834467120181
747,747,69.38122448979591,69.38122448979591
748,748,69.47410430839003,69.47410430839003
749,749,69.56698412698412,69.56698412698412
750,750,69.65986394557824,69.65986394557824
751,751,69.75274376417234,69.75274376417234
752,752,69.84562358276644,69.84562358276644
753,753,69.93850340136055,69.93850340136055
754,754,70.03138321995465,70.03138321995465
755,755,70.12426303854875,70.12426303854875
756,756,70.21714285714286,70.21714285714286
757,757,70.31002267573696,70.31002267573696
758,758,70.40290249433106,70.40290249433106
759,759,70.49578231292517,70.49578231292517
760,760,70.58866213151927,70.58866213151927
761,761,70.68154195011338,70.68154195011338
762,762,70.77442176870748,70.77442176870748
763,763,70.86730158730158,70.86730158730158
764,764,70.9601814058957,70.9601814058957
765,765,71.0530612244898,71.0530612244898
766,766,71.1459410430839,71.1459410430839
767,767,71.23882086167801,71.23882086167801
768,768,71.3317006802721,71.3317006802721
769,769,71.42458049886622,71.42458049886622
770,770,71.51746031746032,71.51746031746032
771,771,71.61034013605442,71.61034013605442
772,772,71.70321995464853,71.70321995464853
773,773,71.79609977324263,71.79609977324263
774,774,71.88897959183673,71.88897959183673
775,775,71.98185941043084,71.98185941043084
776,776,72.07473922902494,72.07473922902494
777,777,72.16761904761904,72.16761904761904
778,778,72.26049886621315,72.26049886621315
779,779,72.35337868480725,72.35337868480725
780,780,72.44625850340137,72.44625850340137
781,781,72.53913832199547,72.53913832199547
782,782,72.63201814058957,72.63201814058957
783,783,72.72489795918368,72.72489795918368
784,784,72.81777777777778,72.81777777777778
785,785,72.91065759637188,72.91065759637188
786,786,73.00353741496599,73.00353741496599
787,787,73.09641723356009,73.09641723356009
788,788,73.18929705215419,73.18929705215419
789,789,73.2821768707483,73.2821768707483
790,790,73.3750566893424,73.3750566893424
791,791,73.46793650793651,73.46793650793651
792,792,73.56081632653061,73.56081632653061
793,793,73.65369614512471,73.65369614512471
794,794,73.74657596371883,73.74657596371883
795,795,73.83945578231292,73.83945578231292
796,796,73.93233560090702,73.93233560090702
797,797,74.02521541950114,74.02521541950114
798,798,74.11809523809524,74.11809523809524
799,799,74.21097505668934,74.21097505668934
800,800,74.30385487528345,74.30385487528345
801,801,74.39673469387755,74.39673469387755
802,802,74.48961451247166,74.48961451247166
803,803,74.58249433106576,74.58249433106576
804,804,74.67537414965986,74.67537414965986
805,805,74.76825396825397,74.76825396825397
806,806,74.86113378684807,74.86113378684807
807,807,74.95401360544217,74.95401360544217
808,808,75.04689342403628,75.04689342403628
809,809,75.13977324263038,75.13977324263038
810,810,75.2326530612245,75.2326530612245
811,811,75.3255328798186,75.3255328798186
812,812,75.4184126984127,75.4184126984127
813,813,75.51129251700681,75.51129251700681
814,814,75.60417233560091,75.60417233560091
815,815,75.697052154195,75.697052154195
816,816,75.78993197278912,75.78993197278912
817,817,75.88281179138322,75.88281179138322
818,818,75.97569160997732,75.97569160997732
819,819,76.06857142857143,76.06857142857143
820,820,76.16145124716553,76.16145124716553
821,821,76.25433106575964,76.25433106575964
822,822,76.34721088435374,76.34721088435374
823,823,76.44009070294784,76.44009070294784
824,824,76.53297052154196,76.53297052154196
825,825,76.62585034013605,76.62585034013605
826,826,76.71873015873015,76.71873015873015
827,827,76.81160997732427,76.81160997732427
828,828,76.90448979591837,76.90448979591837
829,829,76.99736961451246,76.99736961451246
830,830,77.09024943310658,77.09024943310658
831,831,77.18312925170068,77.18312925170068
832,832,77.27600907029479,77.27600907029479
833,833,77.36888888888889,77.36888888888889
834,834,77.46176870748299,77.46176870748299
835,835,77.5546485260771,77.5546485260771
836,836,77.6475283446712,77.6475283446712
837,837,77.7404081632653,77.7404081632653
838,838,77.83328798185941,77.83328798185941
839,839,77.92616780045351,77.92616780045351
840,840,78.01904761904763,78.01904761904763
841,841,78.11192743764173,78.11192743764173
842,842,78.20480725623582,78.20480725623582
843,843,78.29768707482994,78.29768707482994
844,844,78.39056689342404,78.39056689342404
845,845,78.48344671201814,78.48344671201814
846,846,78.57632653061225,78.57632653061225
847,847,78.66920634920635,78.66920634920635
848,848,78.76208616780045,78.76208616780045
849,849,78.85496598639456,78.85496598639456
850,850,78.94784580498866,78.94784580498866
851,851,79.04072562358277,79.04072562358277
852,852,79.13360544217687,79.13360544217687
853,853,79.22648526077097,79.22648526077097
854,854,79.31936507936508,79.31936507936508
855,855,79.41224489795918,79.41224489795918
856,856,79.50512471655328,79.50512471655328
857,857,79.5980045351474,79.5980045351474
858,858,79.6908843537415,79.6908843537415
859,859,79.7837641723356,79.7837641723356
860,860,79.87664399092971,79.87664399092971
861,861,79.9695238095238,79.9695238095238
862,862,80.06240362811792,80.06240362811792
863,863,80.15528344671202,80.15528344671202
864,864,80.24816326530612,80.24816326530612
865,865,80.34104308390023,80.34104308390023
866,866,80.43392290249433,80.43392290249433
867,867,80.52680272108843,80.52680272108843
868,867,80.61968253968254,80.52680272108843
869,868,80.71256235827664,80.61968253968254
870,869,80.80544217687074,80.71256235827664
871,869,80.89832199546485,80.71256235827664
872,870,80.99120181405895,80.80544217687074
873,871,81.08408163265307,80.89832199546485
873,872,81.08408163265307,80.99120181405895
873,873,81.08408163265307,81.08408163265307
874,874,81.17696145124717,81.17696145124717
875,875,81.26984126984127,81.26984126984127
876,876,81.36272108843538,81.36272108843538
877,877,81.45560090702948,81.45560090702948
878,878,81.54848072562358,81.54848072562358
879,879,81.64136054421769,81.64136054421769
879,880,81.64136054421769,81.73424036281179
880,881,81.73424036281179,81.8271201814059
881,882,81.8271201814059,81.92
882,882,81.92,81.92
883,882,82.0128798185941,81.92
884,882,82.10575963718821,81.92
885,883,82.19863945578231,82.0128798185941
886,884,82.29151927437641,82.10575963718821
887,885,82.38439909297053,82.19863945578231
888,886,82.47727891156462,82.29151927437641
889,887,82.57015873015872,82.38439909297053
890,888,82.66303854875284,82.47727891156462
890,889,82.66303854875284,82.57015873015872
890,890,82.66303854875284,82.66303854875284
891,891,82.75591836734694,82.75591836734694
892,892,82.84879818594105,82.84879818594105
893,893,82.94167800453515,82.94167800453515
894,894,83.03455782312925,83.03455782312925
895,895,83.12743764172336,83.12743764172336
896,896,83.22031746031746,83.22031746031746
897,897,83.31319727891156,83.31319727891156
898,898,83.40607709750567,83.40607709750567
899,899,83.49895691609977,83.49895691609977
899,900,83.49895691609977,83.59183673469387
899,901,83.49895691609977,83.68471655328798
899,902,83.49895691609977,83.77759637188208
899,903,83.49895691609977,83.8704761904762
900,904,83.59183673469387,83.9633560090703
901,905,83.68471655328798,84.0562358276644
902,905,83.77759637188208,84.0562358276644
903,905,83.8704761904762,84.0562358276644
904,905,83.9633560090703,84.0562358276644
905,906,84.0562358276644,84.14911564625851
906,907,84.14911564625851,84.24199546485261
907,908,84.24199546485261,84.3348752834467
908,908,84.3348752834467,84.3348752834467
909,909,84.42775510204082,84.42775510204082
910,910,84.52063492063492,84.52063492063492
911,911,84.61351473922902,84.61351473922902
912,912,84.70639455782313,84.70639455782313
913,913,84.79927437641723,84.79927437641723
914,914,84.89215419501134,84.89215419501134
915,915,84.98503401360544,84.98503401360544
915,916,84.98503401360544,85.07791383219954
916,917,85.07791383219954,85.17079365079366
917,917,85.17079365079366,85.17079365079366
918,917,85.26367346938775,85.17079365079366
919,917,85.35655328798185,85.17079365079366
920,918,85.44943310657597,85.26367346938775
921,919,85.54231292517007,85.35655328798185
922,920,85.63519274376418,85.44943310657597
923,921,85.72807256235828,85.54231292517007
924,922,85.82095238095238,85.63519274376418
925,923,85.91383219954649,85.72807256235828
925,924,85.91383219954649,85.82095238095238
925,925,85.91383219954649,85.91383219954649
926,926,86.00671201814059,86.00671201814059
927,927,86.09959183673469,86.09959183673469
928,928,86.1924716553288,86.1924716553288
929,929,86.2853514739229,86.2853514739229
930,930,86.378231292517,86.378231292517
931,931,86.47111111111111,86.47111111111111
932,932,86.56399092970521,86.56399092970521
933,933,86.65687074829933,86.65687074829933
934,934,86.74975056689343,86.74975056689343
935,935,86.84263038548752,86.84263038548752
936,935,86.93551020408164,86.84263038548752
937,935,87.02839002267574,86.84263038548752
938,935,87.12126984126984,86.84263038548752
939,936,87.21414965986395,86.93551020408164
940,937,87.30702947845805,87.02839002267574
941,937,87.39990929705215,87.02839002267574
942,937,87.49278911564626,87.02839002267574
943,937,87.58566893424036,87.02839002267574
944,938,87.67854875283447,87.12126984126984
945,939,87.77142857142857,87.21414965986395
945,940,87.77142857142857,87.30702947845805
946,941,87.86430839002267,87.39990929705215
946,942,87.86430839002267,87.49278911564626
946,943,87.86430839002267,87.58566893424036
947,944,87.95718820861678,87.67854875283447
947,945,87.95718820861678,87.77142857142857
947,946,87.95718820861678,87.86430839002267
947,947,87.95718820861678,87.95718820861678
947,948,87.95718820861678,88.05006802721088
947,949,87.95718820861678,88.14294784580498
948,950,88.05006802721088,88.2358276643991
948,951,88.05006802721088,88.3287074829932
948,952,88.05006802721088,88.42158730158731
948,953,88.05006802721088,88.51446712018141
949,954,88.14294784580498,88.6073469387755
950,954,88.2358276643991,88.6073469387755
951,954,88.3287074829932,88.6073469387755
952,954,88.42158730158731,88.6073469387755
953,954,88.51446712018141,88.6073469387755
954,954,88.6073469387755,88.6073469387755
955,955,88.70022675736962,88.70022675736962
956,956,88.79310657596372,88.79310657596372
956,957,88.79310657596372,88.88598639455782
957,958,88.88598639455782,88.97886621315193
958,959,88.97886621315193,89.07174603174603
959,959,89.07174603174603,89.07174603174603
960,960,89.16462585034013,89.16462585034013
961,961,89.25750566893424,89.25750566893424
962,962,89.35038548752834,89.35038548752834
963,963,89.44326530612246,89.44326530612246
964,964,89.53614512471655,89.53614512471655
965,965,89.62902494331065,89.62902494331065
966,965,89.72190476190477,89.62902494331065
967,966,89.81478458049887,89.72190476190477
968,967,89.90766439909297,89.81478458049887
969,968,90.00054421768708,89.90766439909297
969,969,90.00054421768708,90.00054421768708
969,970,90.00054421768708,90.09342403628118
970,971,90.09342403628118,90.18630385487528
971,972,90.18630385487528,90.27918367346939
972,973,90.27918367346939,90.37206349206349
973,974,90.37206349206349,90.4649433106576
974,975,90.4649433106576,90.5578231292517
975,976,90.5578231292517,90.6507029478458
976,976,90.6507029478458,90.6507029478458
977,977,90.74358276643991,90.74358276643991
978,977,90.83646258503401,90.74358276643991
979,978,90.92934240362811,90.83646258503401
980,979,91.02222222222223,90.92934240362811
981,980,91.11510204081632,91.02222222222223
982,981,91.20798185941042,91.11510204081632
982,982,91.20798185941042,91.20798185941042
983,983,91.30086167800454,91.30086167800454
983,984,91.30086167800454,91.39374149659864
983,985,91.30086167800454,91.48662131519275
983,986,91.30086167800454,91.57950113378685
984,987,91.39374149659864,91.67238095238095
984,988,91.39374149659864,91.76526077097506
985,989,91.48662131519275,91.85814058956916
986,990,91.57950113378685,91.95102040816326
987,991,91.67238095238095,92.04390022675737
988,992,91.76526077097506,92.13678004535147
989,992,91.85814058956916,92.13678004535147
990,992,91.95102040816326,92.13678004535147
991,992,92.04390022675737,92.13678004535147
992,992,92.13678004535147,92.13678004535147
993,993,92.22965986394559,92.22965986394559
994,994,92.32253968253968,92.32253968253968
995,995,92.41541950113378,92.41541950113378
996,996,92.5082993197279,92.5082993197279
997,997,92.601179138322,92.601179138322
998,998,92.6940589569161,92.6940589569161
999,999,92.78693877551021,92.78693877551021
1000,1000,92.87981859410431,92.87981859410431
1001,1001,92.9726984126984,92.9726984126984
1002,1002,93.06557823129252,93.06557823129252
1003,1003,93.15845804988662,93.15845804988662
1004,1004,93.25133786848073,93.25133786848073
1005,1005,93.34421768707483,93.34421768707483
1006,1006,93.43709750566893,93.43709750566893
1007,1007,93.52997732426304,93.52997732426304
1008,1008,93.62285714285714,93.62285714285714
1009,1009,93.71573696145124,93.71573696145124
1010,1010,93.80861678004536,93.80861678004536
1011,1011,93.90149659863945,93.90149659863945
1012,1012,93.99437641723355,93.99437641723355
1013,1013,94.08725623582767,94.08725623582767
1014,1014,94.18013605442177,94.18013605442177
1015,1015,94.27301587301588,94.27301587301588
1016,1016,94.36589569160998,94.36589569160998
1017,1017,94.45877551020408,94.45877551020408
1018,1018,94.55165532879819,94.55165532879819
1019,1019,94.64453514739229,94.64453514739229
1020,1020,94.73741496598639,94.73741496598639
1021,1020,94.8302947845805,94.73741496598639
1022,1021,94.9231746031746,94.8302947845805
1023,1022,95.0160544217687,94.9231746031746
1024,1023,95.10893424036281,95.0160544217687
1025,1024,95.20181405895691,95.10893424036281
1026,1025,95.29469387755103,95.20181405895691
1027,1026,95.38757369614513,95.29469387755103
1028,1027,95.48045351473922,95.38757369614513
1028,1028,95.48045351473922,95.48045351473922
1029,1029,95.57333333333334,95.57333333333334
1030,1030,95.66621315192744,95.66621315192744
1031,1031,95.75909297052154,95.75909297052154
1032,1032,95.85197278911565,95.85197278911565
1033,1033,95.94485260770975,95.94485260770975
1033,1034,95.94485260770975,96.03773242630386
1033,1035,95.94485260770975,96.13061224489796
1034,1036,96.03773242630386,96.22349206349206
1035,1037,96.13061224489796,96.31637188208617
1036,1038,96.22349206349206,96.40925170068027
1037,1039,96.31637188208617,96.50213151927437
1038,1040,96.40925170068027,96.59501133786848
1039,1040,96.50213151927437,96.59501133786848
1040,1040,96.59501133786848,96.59501133786848
1041,1041,96.68789115646258,96.68789115646258
1042,1041,96.78077097505668,96.68789115646258
1043,1041,96.8736507936508,96.68789115646258
1044,1041,96.9665306122449,96.68789115646258
1045,1042,97.05941043083901,96.78077097505668
1045,1043,97.05941043083901,96.8736507936508
1045,1044,97.05941043083901,96.9665306122449
1045,1045,97.05941043083901,97.05941043083901
1046,1046,97.15229024943311,97.15229024943311
1047,1047,97.2451700680272,97.2451700680272
1048,1048,97.33804988662132,97.33804988662132
1049,1049,97.43092970521542,97.43092970521542
1050,1050,97.52380952380952,97.52380952380952
1051,1051,97.61668934240363,97.61668934240363
1052,1052,97.70956916099773,97.70956916099773
1053,1053,97.80244897959183,97.80244897959183
1054,1054,97.89532879818594,97.89532879818594
1055,1054,97.98820861678004,97.89532879818594
1056,1054,98.08108843537416,97.89532879818594
1057,1054,98.17396825396825,97.89532879818594
1058,1054,98.26684807256235,97.89532879818594
1059,1055,98.35972789115647,97.98820861678004
1060,1055,98.45260770975057,97.98820861678004
1061,1056,98.54548752834467,98.08108843537416
1062,1057,98.63836734693878,98.17396825396825
1062,1058,98.63836734693878,98.26684807256235
1062,1059,98.63836734693878,98.35972789115647
1062,1060,98.63836734693878,98.45260770975057
1062,1061,98.63836734693878,98.54548752834467
1062,1062,98.63836734693878,98.63836734693878
1063,1063,98.73124716553288,98.73124716553288
1064,1064,98.82412698412699,98.82412698412699
1065,1065,98.91700680272109,98.91700680272109
1066,1065,99.00988662131519,98.91700680272109
1067,1066,99.1027664399093,99.00988662131519
1068,1066,99.1956462585034,99.00988662131519
1069,1066,99.2885260770975,99.00988662131519
1070,1066,99.38140589569161,99.00988662131519
1071,1066,99.47428571428571,99.00988662131519
1072,1066,99.56716553287981,99.00988662131519
1073,1067,99.66004535147393,99.1027664399093
1074,1068,99.75292517006802,99.1956462585034
1075,1069,99.84580498866214,99.2885260770975
1076,1070,99.93868480725624,99.38140589569161
1076,1071,99.93868480725624,99.47428571428571
1076,1072,99.93868480725624,99.56716553287981
1076,1073,99.93868480725624,99.66004535147393
1076,1074,99.93868480725624,99.75292517006802
1076,1075,99.93868480725624,99.84580498866214
1076,1076,99.93868480725624,99.93868480725624
1077,1077,100.03156462585034,100.03156462585034
1078,1078,100.12444444444445,100.12444444444445
1079,1079,100.21732426303855,100.21732426303855
1080,1080,100.31020408163265,100.31020408163265
1081,1081,100.40308390022676,100.40308390022676
1082,1082,100.49596371882086,100.49596371882086
1083,1083,100.58884353741496,100.58884353741496
1084,1084,100.68172335600907,100.68172335600907
1085,1085,100.77460317460317,100.77460317460317
1086,1086,100.86748299319729,100.86748299319729
1087,1087,100.96036281179138,100.96036281179138
1088,1088,101.05324263038548,101.05324263038548
1089,1089,101.1461224489796,101.1461224489796
1090,1090,101.2390022675737,101.2390022675737
1091,1091,101.3318820861678,101.3318820861678
1092,1092,101.42476190476191,101.42476190476191
1093,1093,101.51764172335601,101.51764172335601
1094,1094,101.6105215419501,101.6105215419501
1095,1095,101.70340136054422,101.70340136054422
1096,1096,101.79628117913832,101.79628117913832
1097,1097,101.88916099773243,101.88916099773243
1098,1098,101.98204081632653,101.98204081632653
1099,1099,102.07492063492063,102.07492063492063
1100,1100,102.16780045351474,102.16780045351474
1101,1101,102.26068027210884,102.26068027210884
1102,1102,102.35356009070294,102.35356009070294
1103,1103,102.44643990929706,102.44643990929706
1104,1104,102.53931972789115,102.53931972789115
1105,1105,102.63219954648527,102.63219954648527
1106,1106,102.72507936507937,102.72507936507937
1107,1107,102.81795918367347,102.81795918367347
1108,1108,102.91083900226758,102.91083900226758
1109,1109,103.00371882086168,103.00371882086168
1110,1110,103.09659863945578,103.09659863945578
1111,1111,103.18947845804989,103.18947845804989
1112,1112,103.28235827664399,103.28235827664399
1113,1113,103.37523809523809,103.37523809523809
1114,1114,103.4681179138322,103.4681179138322
1115,1115,103.5609977324263,103.5609977324263
1116,1116,103.65387755102041,103.65387755102041
1117,1117,103.74675736961451,103.74675736961451
1118,1118,103.83963718820861,103.83963718820861
1119,1119,103.93251700680273,103.93251700680273
1120,1120,104.02539682539683,104.02539682539683
1121,1121,104.11827664399092,104.11827664399092
1122,1122,104.21115646258504,104.21115646258504
1123,1123,104.30403628117914,104.30403628117914
1124,1124,104.39691609977324,104.39691609977324
1125,1125,104.48979591836735,104.48979591836735
1126,1126,104.58267573696145,104.58267573696145
1127,1127,104.67555555555556,104.67555555555556
1128,1128,104.76843537414966,104.76843537414966
1129,1129,104.86131519274376,104.86131519274376
1130,1130,104.95419501133787,104.95419501133787
1131,1131,105.04707482993197,105.04707482993197
1132,1132,105.13995464852607,105.13995464852607
1132,1133,105.13995464852607,105.23283446712018
1132,1134,105.13995464852607,105.32571428571428
1133,1135,105.23283446712018,105.41859410430838
1134,1136,105.32571428571428,105.5114739229025
1135,1137,105.41859410430838,105.6043537414966
1136,1138,105.5114739229025,105.69723356009071
1137,1139,105.6043537414966,105.79011337868481
1138,1140,105.69723356009071,105.8829931972789
1139,1141,105.79011337868481,105.97587301587302
1140,1142,105.8829931972789,106.06875283446712
1141,1143,105.97587301587302,106.16163265306122
1142,1143,106.06875283446712,106.16163265306122
1143,1143,106.16163265306122,106.16163265306122
1144,1144,106.25451247165533,106.25451247165533
1145,1145,106.34739229024943,106.34739229024943
1146,1146,106.44027210884354,106.44027210884354
1147,1147,106.53315192743764,106.53315192743764
1148,1148,106.62603174603174,106.62603174603174
1149,1149,106.71891156462586,106.71891156462586
1150,1150,106.81179138321995,106.81179138321995
1151,1151,106.90467120181405,106.90467120181405
1152,1152,106.99755102040817,106.99755102040817
1153,1153,107.09043083900227,107.09043083900227
1154,1154,107.18331065759637,107.18331065759637
1155,1155,107.27619047619048,107.27619047619048
1156,1156,107.36907029478458,107.36907029478458
1157,1157,107.46195011337869,107.46195011337869
1158,1158,107.55482993197279,107.55482993197279
1159,1159,107.64770975056689,107.64770975056689
1160,1160,107.740589569161,107.740589569161
1161,1161,107.8334693877551,107.8334693877551
1162,1162,107.9263492063492,107.9263492063492
1163,1163,108.01922902494331,108.01922902494331
1164,1164,108.11210884353741,108.11210884353741
1165,1165,108.20498866213151,108.20498866213151
1166,1166,108.29786848072563,108.29786848072563
1167,1167,108.39074829931972,108.39074829931972
1168,1168,108.48362811791384,108.48362811791384
1169,1169,108.57650793650794,108.57650793650794
1170,1170,108.66938775510204,108.66938775510204
1171,1171,108.76226757369615,108.76226757369615
1172,1172,108.85514739229025,108.85514739229025
1173,1173,108.94802721088435,108.94802721088435
1174,1173,109.04090702947846,108.94802721088435
1175,1173,109.13378684807256,108.94802721088435
1176,1173,109.22666666666667,108.94802721088435
1177,1173,109.31954648526077,108.94802721088435
1178,1174,109.41242630385487,109.04090702947846
1178,1175,109.41242630385487,109.13378684807256
1178,1176,109.41242630385487,109.22666666666667
1178,1177,109.41242630385487,109.31954648526077
1178,1178,109.41242630385487,109.41242630385487
1179,1179,109.50530612244899,109.50530612244899
1180,1180,109.59818594104308,109.59818594104308
1181,1181,109.69106575963718,109.69106575963718
1182,1182,109.7839455782313,109.7839455782313
1183,1183,109.8768253968254,109.8768253968254
1184,1184,109.9697052154195,109.9697052154195
1185,1185,110.06258503401361,110.06258503401361
1186,1185,110.15546485260771,110.06258503401361
1187,1185,110.24834467120182,110.06258503401361
1188,1186,110.34122448979592,110.15546485260771
1189,1187,110.43410430839002,110.24834467120182
1190,1188,110.52698412698413,110.34122448979592
1190,1189,110.52698412698413,110.43410430839002
1190,1190,110.52698412698413,110.52698412698413
1190,1191,110.52698412698413,110.61986394557823
1191,1192,110.61986394557823,110.71274376417233
1191,1193,110.61986394557823,110.80562358276644
1191,1194,110.61986394557823,110.89850340136054
1191,1195,110.61986394557823,110.99138321995464
1191,1196,110.61986394557823,111.08426303854876
1192,1197,110.71274376417233,111.17714285714285
1193,1197,110.80562358276644,111.17714285714285
1194,1197,110.89850340136054,111.17714285714285
1195,1198,110.99138321995464,111.27002267573697
1196,1199,111.08426303854876,111.36290249433107
1197,1200,111.17714285714285,111.45578231292517
1198,1200,111.27002267573697,111.45578231292517
1199,1201,111.36290249433107,111.54866213151928
1200,1202,111.45578231292517,111.64154195011338
1201,1203,111.54866213151928,111.73442176870748
1202,1203,111.64154195011338,111.73442176870748
1203,1203,111.73442176870748,111.73442176870748
1204,1203,111.82730158730159,111.73442176870748
1205,1204,111.92018140589569,111.82730158730159
1206,1205,112.01306122448979,111.92018140589569
1207,1206,112.1059410430839,112.01306122448979
1208,1207,112.198820861678,112.1059410430839
1209,1208,112.29170068027211,112.198820861678
1210,1209,112.38458049886621,112.29170068027211
1210,1210,112.38458049886621,112.38458049886621
1211,1211,112.47746031746031,112.47746031746031
1212,1212,112.57034013605443,112.57034013605443
1213,1213,112.66321995464853,112.66321995464853
1213,1214,112.66321995464853,112.75609977324262
1214,1215,112.75609977324262,112.84897959183674
1215,1215,112.84897959183674,112.84897959183674
1216,1215,112.94185941043084,112.84897959183674
1217,1216,113.03473922902495,112.94185941043084
1218,1217,113.12761904761905,113.03473922902495
1219,1218,113.22049886621315,113.12761904761905
1220,1219,113.31337868480726,113.22049886621315
1221,1220,113.40625850340136,113.31337868480726
1222,1221,113.49913832199546,113.40625850340136
1222,1222,113.49913832199546,113.49913832199546
1222,1223,113.49913832199546,113.59201814058957
1222,1224,113.49913832199546,113.68489795918367
1222,1225,113.49913832199546,113.77777777777777
1222,1226,113.49913832199546,113.87065759637188
1223,1227,113.59201814058957,113.96353741496598
1224,1228,113.68489795918367,114.0564172335601
1225,1229,113.77777777777777,114.1492970521542
1226,1229,113.87065759637188,114.1492970521542
1227,1230,113.96353741496598,114.2421768707483
1228,1231,114.0564172335601,114.33505668934241
1229,1231,114.1492970521542,114.33505668934241
1230,1232,114.2421768707483,114.42793650793651
1231,1233,114.33505668934241,114.5208163265306
1232,1233,114.42793650793651,114.5208163265306
1233,1234,114.5208163265306,114.61369614512472
1234,1235,114.61369614512472,114.70657596371882
1235,1236,114.70657596371882,114.79945578231292
1236,1237,114.79945578231292,114.89233560090703
1237,1238,114.89233560090703,114.98521541950113
1238,1239,114.98521541950113,115.07809523809524
1239,1240,115.07809523809524,115.17097505668934
1240,1240,115.17097505668934,115.17097505668934
1241,1241,115.26385487528344,115.26385487528344
1242,1242,115.35673469387756,115.35673469387756
1243,1243,115.44961451247165,115.44961451247165
1244,1244,115.54249433106575,115.54249433106575
1245,1245,115.63537414965987,115.63537414965987
1246,1246,115.72825396825397,115.72825396825397
1247,1247,115.82113378684807,115.82113378684807
1248,1248,115.91401360544218,115.91401360544218
1249,1249,116.00689342403628,116.00689342403628
1250,1250,116.09977324263039,116.09977324263039
1251,1251,116.19265306122449,116.19265306122449
1252,1252,116.28553287981859,116.28553287981859
1253,1252,116.3784126984127,116.28553287981859
1254,1253,116.4712925170068,116.3784126984127
1255,1254,116.5641723356009,116.4712925170068
1255,1255,116.5641723356009,116.5641723356009
1256,1256,116.65705215419501,116.65705215419501
1257,1257,116.74993197278911,116.74993197278911
1258,1258,116.84281179138323,116.84281179138323
1259,1259,116.93569160997733,116.93569160997733
1260,1259,117.02857142857142,116.93569160997733
1261,1260,117.12145124716554,117.02857142857142
1261,1261,117.12145124716554,117.12145124716554
1262,1262,117.21433106575964,117.21433106575964
1263,1263,117.30721088435374,117.30721088435374
1264,1264,117.40009070294785,117.40009070294785
1265,1265,117.49297052154195,117.49297052154195
1266,1266,117.58585034013605,117.58585034013605
1267,1267,117.67873015873016,117.67873015873016
1268,1268,117.77160997732426,117.77160997732426
1269,1269,117.86448979591837,117.86448979591837
1270,1270,117.95736961451247,117.95736961451247
1271,1271,118.05024943310657,118.05024943310657
1272,1272,118.14312925170069,118.14312925170069
1273,1273,118.23600907029478,118.23600907029478
1274,1274,118.32888888888888,118.32888888888888
1275,1275,118.421768707483,118.421768707483
1276,1276,118.5146485260771,118.5146485260771
1277,1277,118.6075283446712,118.6075283446712
1278,1278,118.70040816326531,118.70040816326531
1279,1278,118.79328798185941,118.70040816326531
1280,1278,118.88616780045352,118.70040816326531
1281,1278,118.97904761904762,118.70040816326531
1282,1278,119.07192743764172,118.70040816326531
1283,1278,119.16480725623583,118.70040816326531
1284,1278,119.25768707482993,118.70040816326531
1285,1278,119.35056689342403,118.70040816326531
1286,1278,119.44344671201814,118.70040816326531
1287,1278,119.53632653061224,118.70040816326531
1288,1279,119.62920634920636,118.79328798185941
1289,1280,119.72208616780046,118.88616780045352
1290,1281,119.81496598639455,118.97904761904762
1291,1282,119.90784580498867,119.07192743764172
1291,1283,119.90784580498867,119.16480725623583
1291,1284,119.90784580498867,119.25768707482993
1291,1285,119.90784580498867,119.35056689342403
1291,1286,119.90784580498867,119.44344671201814
1291,1287,119.90784580498867,119.53632653061224
1291,1288,119.90784580498867,119.62920634920636
1291,1289,119.90784580498867,119.72208616780046
1291,1290,119.90784580498867,119.81496598639455
1291,1291,119.90784580498867,119.90784580498867
1292,1292,120.00072562358277,120.00072562358277
1293,1293,120.09360544217687,120.09360544217687
1294,1294,120.18648526077098,120.18648526077098
1295,1295,120.27936507936508,120.27936507936508
1296,1296,120.37224489795918,120.37224489795918
1297,1297,120.46512471655329,120.46512471655329
1298,1298,120.55800453514739,120.55800453514739
1299,1299,120.6508843537415,120.6508843537415
1300,1300,120.7437641723356,120.7437641723356
1301,1301,120.8366439909297,120.8366439909297
1302,1302,120.92952380952381,120.92952380952381
1303,1302,121.02240362811791,120.92952380952381
1304,1303,121.11528344671201,121.02240362811791
1305,1303,121.20816326530613,121.02240362811791
1306,1304,121.30104308390023,121.11528344671201
1307,1304,121.39392290249432,121.11528344671201
1308,1304,121.48680272108844,121.11528344671201
1309,1305,121.57968253968254,121.20816326530613
1310,1306,121.67256235827665,121.30104308390023
1311,1307,121.76544217687075,121.39392290249432
1312,1308,121.85832199546485,121.48680272108844
1313,1309,121.95120181405896,121.57968253968254
1313,1310,121.95120181405896,121.67256235827665
1313,1311,121.95120181405896,121.76544217687075
1313,1312,121.95120181405896,121.85832199546485
1313,1313,121.95120181405896,121.95120181405896
1314,1314,122.04408163265306,122.04408163265306
1315,1315,122.13696145124716,122.13696145124716
1316,1315,122.22984126984127,122.13696145124716
1317,1315,122.32272108843537,122.13696145124716
1318,1316,122.41560090702947,122.22984126984127
1319,1317,122.50848072562358,122.32272108843537
1320,1318,122.60136054421768,122.41560090702947
1320,1319,122.60136054421768,122.50848072562358
1321,1320,122.6942403628118,122.60136054421768
1321,1321,122.6942403628118,122.6942403628118
1322,1322,122.7871201814059,122.7871201814059
1323,1323,122.88,122.88
1324,1324,122.97287981859411,122.97287981859411
1325,1325,123.06575963718821,123.06575963718821
1326,1326,123.1586394557823,123.1586394557823
1327,1327,123.25151927437642,123.25151927437642
1328,1328,123.34439909297052,123.34439909297052
1329,1329,123.43727891156463,123.43727891156463
1330,1330,123.53015873015873,123.53015873015873
1331,1331,123.62303854875283,123.62303854875283
1332,1332,123.71591836734694,123.71591836734694
1333,1333,123.80879818594104,123.80879818594104
1334,1334,123.90167800453514,123.90167800453514
1335,1335,123.99455782312926,123.99455782312926
1336,1336,124.08743764172335,124.08743764172335
1337,1337,124.18031746031745,124.18031746031745
1338,1337,124.27319727891157,124.18031746031745
1339,1338,124.36607709750567,124.27319727891157
1340,1339,124.45895691609978,124.36607709750567
1340,1340,124.45895691609978,124.45895691609978
1341,1341,124.55183673469388,124.55183673469388
1342,1342,124.64471655328798,124.64471655328798
1343,1343,124.73759637188209,124.73759637188209
1343,1344,124.73759637188209,124.83047619047619
1343,1345,124.73759637188209,124.92335600907029
1343,1346,124.73759637188209,125.0162358276644
1343,1347,124.73759637188209,125.1091156462585
1343,1348,124.73759637188209,125.2019954648526
1343,1349,124.73759637188209,125.29487528344671
1343,1350,124.73759637188209,125.38775510204081
1343,1351,124.73759637188209,125.48063492063493
1344,1352,124.83047619047619,125.57351473922903
1345,1353,124.92335600907029,125.66639455782312
1346,1354,125.0162358276644,125.75927437641724
1347,1354,125.1091156462585,125.75927437641724
1348,1354,125.2019954648526,125.75927437641724
1349,1354,125.29487528344671,125.75927437641724
1350,1354,125.38775510204081,125.75927437641724
1351,1354,125.48063492063493,125.75927437641724
1352,1355,125.57351473922903,125.85215419501134
1353,1356,125.66639455782312,125.94503401360544
1354,1356,125.75927437641724,125.94503401360544
1355,1357,125.85215419501134,126.03791383219955
1356,1357,125.94503401360544,126.03791383219955
1357,1357,126.03791383219955,126.03791383219955
1358,1358,126.13079365079365,126.13079365079365
1359,1359,126.22367346938775,126.22367346938775
1360,1360,126.31655328798186,126.31655328798186
1361,1361,126.40943310657596,126.40943310657596
1362,1362,126.50231292517007,126.50231292517007
1363,1363,126.59519274376417,126.59519274376417
1364,1364,126.68807256235827,126.68807256235827
1364,1365,126.68807256235827,126.78095238095239
1364,1366,126.68807256235827,126.87383219954648
1365,1367,126.78095238095239,126.96671201814058
1366,1367,126.87383219954648,126.96671201814058
1367,1368,126.96671201814058,127.0595918367347
1368,1368,127.0595918367347,127.0595918367347
1369,1369,127.1524716553288,127.1524716553288
1370,1370,127.24535147392291,127.24535147392291
1370,1371,127.24535147392291,127.33823129251701
1370,1372,127.24535147392291,127.43111111111111
1370,1373,127.24535147392291,127.52399092970522
1370,1374,127.24535147392291,127.61687074829932
1371,1375,127.33823129251701,127.70975056689342
1371,1376,127.33823129251701,127.80263038548753
1372,1377,127.43111111111111,127.89551020408163
1373,1378,127.52399092970522,127.98839002267573
1374,1378,127.61687074829932,127.98839002267573
1375,1378,127.70975056689342,127.98839002267573
1376,1378,127.80263038548753,127.98839002267573
1377,1378,127.89551020408163,127.98839002267573
1378,1378,127.98839002267573,127.98839002267573
1379,1378,128.08126984126983,127.98839002267573
1380,1378,128.17414965986396,127.98839002267573
1381,1378,128.26702947845806,127.98839002267573
1382,1378,128.35990929705216,127.98839002267573
1383,1379,128.45278911564625,128.08126984126983
1384,1380,128.54566893424035,128.17414965986396
1385,1381,128.63854875283448,128.26702947845806
1386,1382,128.73142857142858,128.35990929705216
1387,1382,128.82430839002268,128.35990929705216
1388,1382,128.91718820861678,128.35990929705216
1389,1382,129.01006802721088,128.35990929705216
1390,1382,129.10294784580498,128.35990929705216
1391,1382,129.1958276643991,128.35990929705216
1392,1382,129.2887074829932,128.35990929705216
1393,1382,129.3815873015873,128.35990929705216
1394,1382,129.4744671201814,128.35990929705216
1395,1382,129.5673469387755,128.35990929705216
1396,1382,129.66022675736963,128.35990929705216
1397,1382,129.75310657596373,128.35990929705216
1398,1382,129.84598639455783,128.35990929705216
1399,1382,129.93886621315193,128.35990929705216
1400,1382,130.03174603174602,128.35990929705216
1401,1383,130.12462585034012,128.45278911564625
1402,1384,130.21750566893425,128.54566893424035
1402,1385,130.21750566893425,128.63854875283448
1402,1386,130.21750566893425,128.73142857142858
1402,1387,130.21750566893425,128.82430839002268
1402,1388,130.21750566893425,128.91718820861678
1403,1389,130.31038548752835,129.01006802721088
1404,1390,130.40326530612245,129.10294784580498
1405,1391,130.49614512471655,129.1958276643991
1406,1392,130.58902494331065,129.2887074829932
1407,1393,130.68190476190478,129.3815873015873
1407,1394,130.68190476190478,129.4744671201814
1407,1395,130.68190476190478,129.5673469387755
1407,1396,130.68190476190478,129.66022675736963
1407,1397,130.68190476190478,129.75310657596373
1407,1398,130.68190476190478,129.84598639455783
1407,1399,130.68190476190478,129.93886621315193
1407,1400,130.68190476190478,130.03174603174602
1407,1401,130.68190476190478,130.12462585034012
1407,1402,130.68190476190478,130.21750566893425
1407,1403,130.68190476190478,130.31038548752835
1407,1404,130.68190476190478,130.40326530612245
1407,1405,130.68190476190478,130.49614512471655
1407,1406,130.68190476190478,130.58902494331065
1407,1407,130.68190476190478,130.68190476190478
1408,1408,130.77478458049887,130.77478458049887
1409,1409,130.86766439909297,130.86766439909297
1410,1410,130.96054421768707,130.96054421768707
1411,1411,131.05342403628117,131.05342403628117
1412,1412,131.14630385487527,131.14630385487527
1413,1413,131.2391836734694,131.2391836734694
1414,1414,131.3320634920635,131.3320634920635
1415,1415,131.4249433106576,131.4249433106576
1416,1415,131.5178231292517,131.4249433106576
1417,1416,131.6107029478458,131.5178231292517
1418,1417,131.70358276643992,131.6107029478458
1419,1418,131.79646258503402,131.70358276643992
1420,1418,131.88934240362812,131.70358276643992
1421,1419,131.98222222222222,131.79646258503402
1422,1420,132.07510204081632,131.88934240362812
1423,1421,132.16798185941042,131.98222222222222
1424,1422,132.26086167800455,132.07510204081632
1425,1422,132.35374149659864,132.07510204081632
1426,1422,132.44662131519274,132.07510204081632
1427,1422,132.53950113378684,132.07510204081632
1428,1422,132.63238095238094,132.07510204081632
1429,1422,132.72526077097507,132.07510204081632
1430,1422,132.81814058956917,132.07510204081632
1431,1422,132.91102040816327,132.07510204081632
1432,1422,133.00390022675737,132.07510204081632
1433,1422,133.09678004535147,132.07510204081632
1434,1422,133.18965986394556,132.07510204081632
1435,1422,133.2825396825397,132.07510204081632
1436,1423,133.3754195011338,132.16798185941042
1437,1424,133.4682993197279,132.26086167800455
1438,1425,133.561179138322,132.35374149659864
1438,1426,133.561179138322,132.44662131519274
1438,1427,133.561179138322,132.53950113378684
1438,1428,133.561179138322,132.63238095238094
1438,1429,133.561179138322,132.72526077097507
1438,1430,133.561179138322,132.81814058956917
1438,1431,133.561179138322,132.91102040816327
1438,1432,133.561179138322,133.00390022675737
1438,1433,133.561179138322,133.09678004535147
1438,1434,133.561179138322,133.18965986394556
1438,1435,133.561179138322,133.2825396825397
1438,1436,133.561179138322,133.3754195011338
1438,1437,133.561179138322,133.4682993197279
1438,1438,133.561179138322,133.561179138322
1439,1439,133.6540589569161,133.6540589569161
1440,1440,133.74693877551022,133.74693877551022
1441,1441,133.83981859410432,133.83981859410432
1442,1442,133.93269841269841,133.93269841269841
1443,1443,134.0255782312925,134.0255782312925
1444,1444,134.1184580498866,134.1184580498866
1445,1445,134.2113378684807,134.2113378684807
1446,1446,134.30421768707484,134.30421768707484
1447,1447,134.39709750566894,134.39709750566894
1448,1448,134.48997732426304,134.48997732426304
1449,1449,134.58285714285714,134.58285714285714
1450,1450,134.67573696145124,134.67573696145124
1450,1451,134.67573696145124,134.76861678004536
1450,1452,134.67573696145124,134.86149659863946
1450,1453,134.67573696145124,134.95437641723356
1451,1454,134.76861678004536,135.04725623582766
1452,1455,134.86149659863946,135.14013605442176
1453,1456,134.95437641723356,135.2330158730159
1454,1456,135.04725623582766,135.2330158730159
1455,1456,135.14013605442176,135.2330158730159
1456,1456,135.2330158730159,135.2330158730159
1457,1457,135.32589569161,135.32589569161
1457,1458,135.32589569161,135.41877551020409
1458,1459,135.41877551020409,135.51165532879818
1459,1460,135.51165532879818,135.60453514739228
1460,1460,135.60453514739228,135.60453514739228
1461,1461,135.69741496598638,135.69741496598638
1462,1462,135.7902947845805,135.7902947845805
1463,1463,135.8831746031746,135.8831746031746
1464,1464,135.9760544217687,135.9760544217687
1465,1465,136.0689342403628,136.0689342403628
1466,1466,136.1618140589569,136.1618140589569
1467,1467,136.25469387755103,136.25469387755103
1468,1468,136.34757369614513,136.34757369614513
1469,1469,136.44045351473923,136.44045351473923
1470,1470,136.53333333333333,136.53333333333333
1471,1471,136.62621315192743,136.62621315192743
1472,1472,136.71909297052153,136.71909297052153
1473,1473,136.81197278911566,136.81197278911566
1474,1474,136.90485260770976,136.90485260770976
1475,1475,136.99773242630386,136.99773242630386
1476,1476,137.09061224489795,137.09061224489795
1477,1477,137.18349206349205,137.18349206349205
1478,1478,137.27637188208618,137.27637188208618
1479,1479,137.36925170068028,137.36925170068028
1480,1480,137.46213151927438,137.46213151927438
1481,1481,137.55501133786848,137.55501133786848
1482,1482,137.64789115646258,137.64789115646258
1483,1483,137.74077097505668,137.74077097505668
1484,1484,137.8336507936508,137.8336507936508
1485,1485,137.9265306122449,137.9265306122449
1486,1486,138.019410430839,138.019410430839
1487,1487,138.1122902494331,138.1122902494331
1488,1488,138.2051700680272,138.2051700680272
1489,1489,138.29804988662133,138.29804988662133
1490,1490,138.39092970521543,138.39092970521543
1491,1491,138.48380952380953,138.48380952380953
1492,1492,138.57668934240363,138.57668934240363
1493,1493,138.66956916099772,138.66956916099772
1494,1494,138.76244897959182,138.76244897959182
1495,1495,138.85532879818595,138.85532879818595
1496,1496,138.94820861678005,138.94820861678005
1497,1496,139.04108843537415,138.94820861678005
1498,1497,139.13396825396825,139.04108843537415
1499,1498,139.22684807256235,139.13396825396825
1499,1499,139.22684807256235,139.22684807256235
1500,1500,139.31972789115648,139.31972789115648
1501,1501,139.41260770975057,139.41260770975057
1502,1502,139.50548752834467,139.50548752834467
1503,1503,139.59836734693877,139.59836734693877
1504,1504,139.69124716553287,139.69124716553287
1505,1505,139.78412698412697,139.78412698412697
1506,1506,139.8770068027211,139.8770068027211
1507,1507,139.9698866213152,139.9698866213152
1508,1508,140.0627664399093,140.0627664399093
1509,1509,140.1556462585034,140.1556462585034
1510,1510,140.2485260770975,140.2485260770975
1511,1511,140.34140589569162,140.34140589569162
1512,1512,140.43428571428572,140.43428571428572
1513,1513,140.52716553287982,140.52716553287982
1514,1514,140.62004535147392,140.62004535147392
1515,1515,140.71292517006802,140.71292517006802
1516,1516,140.80580498866212,140.80580498866212
1517,1517,140.89868480725625,140.89868480725625
1518,1518,140.99156462585034,140.99156462585034
1519,1519,141.08444444444444,141.08444444444444
1520,1519,141.17732426303854,141.08444444444444
1521,1519,141.27020408163264,141.08444444444444
1522,1519,141.36308390022677,141.08444444444444
1523,1519,141.45596371882087,141.08444444444444
1524,1519,141.54884353741497,141.08444444444444
1525,1520,141.64172335600907,141.17732426303854
1526,1521,141.73460317460317,141.27020408163264
1527,1522,141.82748299319726,141.36308390022677
1527,1523,141.82748299319726,141.45596371882087
1527,1524,141.82748299319726,141.54884353741497
1527,1525,141.82748299319726,141.64172335600907
1527,1526,141.82748299319726,141.73460317460317
1527,1527,141.82748299319726,141.82748299319726
1528,1528,141.9203628117914,141.9203628117914
1529,1529,142.0132426303855,142.0132426303855
1530,1530,142.1061224489796,142.1061224489796
1531,1531,142.1990022675737,142.1990022675737
1532,1532,142.2918820861678,142.2918820861678
1533,1533,142.38476190476192,142.38476190476192
1534,1534,142.47764172335602,142.47764172335602
1535,1535,142.57052154195011,142.57052154195011
1536,1535,142.6634013605442,142.57052154195011
1537,1536,142.7562811791383,142.6634013605442
1538,1537,142.84916099773244,142.7562811791383
1538,1538,142.84916099773244,142.84916099773244
1539,1539,142.94204081632654,142.94204081632654
1540,1540,143.03492063492064,143.03492063492064
1541,1541,143.12780045351474,143.12780045351474
1542,1542,143.22068027210884,143.22068027210884
1543,1543,143.31356009070294,143.31356009070294
1544,1544,143.40643990929706,143.40643990929706
1545,1545,143.49931972789116,143.49931972789116
1546,1546,143.59219954648526,143.59219954648526
1547,1547,143.68507936507936,143.68507936507936
1548,1548,143.77795918367346,143.77795918367346
1549,1549,143.8708390022676,143.8708390022676
1550,1550,143.9637188208617,143.9637188208617
1551,1551,144.05659863945579,144.05659863945579
1552,1552,144.14947845804988,144.14947845804988
1553,1553,144.24235827664398,144.24235827664398
1554,1554,144.33523809523808,144.33523809523808
1555,1555,144.4281179138322,144.4281179138322
1556,1556,144.5209977324263,144.5209977324263
1557,1557,144.6138775510204,144.6138775510204
1558,1558,144.7067573696145,144.7067573696145
1559,1559,144.7996371882086,144.7996371882086
1560,1560,144.89251700680273,144.89251700680273
1561,1561,144.98539682539683,144.98539682539683
1562,1562,145.07827664399093,145.07827664399093
1563,1563,145.17115646258503,145.17115646258503
1564,1564,145.26403628117913,145.26403628117913
1565,1565,145.35691609977323,145.35691609977323
1566,1566,145.44979591836736,145.44979591836736
1567,1567,145.54267573696146,145.54267573696146
1568,1568,145.63555555555556,145.63555555555556
1569,1569,145.72843537414965,145.72843537414965
1570,1570,145.82131519274375,145.82131519274375
1571,1571,145.91419501133788,145.91419501133788
1572,1572,146.00707482993198,146.00707482993198
1573,1572,146.09995464852608,146.00707482993198
1574,1573,146.19283446712018,146.09995464852608
1575,1574,146.28571428571428,146.19283446712018
1576,1575,146.37859410430838,146.28571428571428
1577,1576,146.4714739229025,146.37859410430838
1577,1577,146.4714739229025,146.4714739229025
1578,1578,146.5643537414966,146.5643537414966
1579,1579,146.6572335600907,146.6572335600907
1580,1580,146.7501133786848,146.7501133786848
1581,1581,146.8429931972789,146.8429931972789
1582,1582,146.93587301587303,146.93587301587303
1583,1583,147.02875283446713,147.02875283446713
1584,1584,147.12163265306123,147.12163265306123
1585,1585,147.21451247165533,147.21451247165533
1586,1586,147.30739229024942,147.30739229024942
1587,1587,147.40027210884352,147.40027210884352
1588,1588,147.49315192743765,147.49315192743765
1589,1589,147.58603174603175,147.58603174603175
1590,1590,147.67891156462585,147.67891156462585
1591,1591,147.77179138321995,147.77179138321995
1592,1592,147.86467120181405,147.86467120181405
1593,1593,147.95755102040818,147.95755102040818
1594,1594,148.05043083900227,148.05043083900227
1595,1595,148.14331065759637,148.14331065759637
1596,1596,148.23619047619047,148.23619047619047
1597,1597,148.32907029478457,148.32907029478457
1598,1598,148.42195011337867,148.42195011337867
1599,1599,148.5148299319728,148.5148299319728
1600,1600,148.6077097505669,148.6077097505669
1601,1601,148.700589569161,148.700589569161
1602,1602,148.7934693877551,148.7934693877551
1603,1603,148.8863492063492,148.8863492063492
1604,1604,148.97922902494332,148.97922902494332
1605,1605,149.07210884353742,149.07210884353742
1606,1606,149.16498866213152,149.16498866213152
1607,1607,149.25786848072562,149.25786848072562
1608,1608,149.35074829931972,149.35074829931972
1609,1609,149.44362811791385,149.44362811791385
1609,1610,149.44362811791385,149.53650793650795
1609,1611,149.44362811791385,149.62938775510204
1609,1612,149.44362811791385,149.72226757369614
1609,1613,149.44362811791385,149.81514739229024
1609,1614,149.44362811791385,149.90802721088434
1609,1615,149.44362811791385,150.00090702947847
1610,1616,149.53650793650795,150.09378684807257
1611,1617,149.62938775510204,150.18666666666667
1612,1618,149.72226757369614,150.27954648526077
1613,1619,149.81514739229024,150.37242630385487
1614,1619,149.90802721088434,150.37242630385487
1615,1619,150.00090702947847,150.37242630385487
1616,1619,150.09378684807257,150.37242630385487
1617,1619,150.18666666666667,150.37242630385487
1618,1619,150.27954648526077,150.37242630385487
1619,1620,150.37242630385487,150.465306122449
1620,1620,150.465306122449,150.465306122449
1621,1621,150.5581859410431,150.5581859410431
1622,1622,150.6510657596372,150.6510657596372
1623,1623,150.7439455782313,150.7439455782313
1624,1624,150.8368253968254,150.8368253968254
1625,1625,150.9297052154195,150.9297052154195
1626,1626,151.02258503401362,151.02258503401362
1627,1627,151.11546485260772,151.11546485260772
1628,1628,151.20834467120181,151.20834467120181
1629,1629,151.3012244897959,151.3012244897959
1630,1630,151.39410430839,151.39410430839
1631,1631,151.48698412698414,151.48698412698414
1632,1632,151.57986394557824,151.57986394557824
1633,1633,151.67274376417234,151.67274376417234
1634,1634,151.76562358276644,151.76562358276644
1635,1635,151.85850340136054,151.85850340136054
1636,1636,151.95138321995464,151.95138321995464
1637,1637,152.04426303854876,152.04426303854876
1638,1638,152.13714285714286,152.13714285714286
1639,1639,152.23002267573696,152.23002267573696
1640,1640,152.32290249433106,152.32290249433106
1641,1641,152.41578231292516,152.41578231292516
1642,1642,152.5086621315193,152.5086621315193
1643,1643,152.6015419501134,152.6015419501134
1644,1644,152.69442176870749,152.69442176870749
1645,1645,152.78730158730158,152.78730158730158
1646,1646,152.88018140589568,152.88018140589568
1647,1647,152.97306122448978,152.97306122448978
1648,1648,153.0659410430839,153.0659410430839
1649,1649,153.158820861678,153.158820861678
1650,1649,153.2517006802721,153.158820861678
1651,1649,153.3445804988662,153.158820861678
1652,1649,153.4374603174603,153.158820861678
1653,1649,153.53034013605443,153.158820861678
1654,1649,153.62321995464853,153.158820861678
1655,1650,153.71609977324263,153.2517006802721
1656,1650,153.80897959183673,153.2517006802721
1657,1650,153.90185941043083,153.2517006802721
1658,1650,153.99473922902493,153.2517006802721
1659,1650,154.08761904761906,153.2517006802721
1660,1650,154.18049886621316,153.2517006802721
1661,1651,154.27337868480726,153.3445804988662
1662,1652,154.36625850340135,153.4374603174603
1662,1653,154.36625850340135,153.53034013605443
1662,1654,154.36625850340135,153.62321995464853
1662,1655,154.36625850340135,153.71609977324263
1662,1656,154.36625850340135,153.80897959183673
1662,1657,154.36625850340135,153.90185941043083
1662,1658,154.36625850340135,153.99473922902493
1662,1659,154.36625850340135,154.08761904761906
1662,1660,154.36625850340135,154.18049886621316
1662,1661,154.36625850340135,154.27337868480726
1662,1662,154.36625850340135,154.36625850340135
1663,1663,154.45913832199545,154.45913832199545
1664,1664,154.55201814058958,154.55201814058958
1664,1665,154.55201814058958,154.64489795918368
1665,1666,154.64489795918368,154.73777777777778
1666,1666,154.73777777777778,154.73777777777778
1667,1667,154.83065759637188,154.83065759637188
1668,1668,154.92353741496598,154.92353741496598
1669,1669,155.01641723356008,155.01641723356008
1670,1670,155.1092970521542,155.1092970521542
1671,1671,155.2021768707483,155.2021768707483
1672,1672,155.2950566893424,155.2950566893424
1673,1673,155.3879365079365,155.3879365079365
1674,1674,155.4808163265306,155.4808163265306
1675,1675,155.57369614512473,155.57369614512473
1676,1676,155.66657596371883,155.66657596371883
1677,1677,155.75945578231293,155.75945578231293
1678,1678,155.85233560090703,155.85233560090703
1679,1679,155.94521541950112,155.94521541950112
1680,1680,156.03809523809525,156.03809523809525
1681,1681,156.13097505668935,156.13097505668935
1682,1682,156.22385487528345,156.22385487528345
1683,1683,156.31673469387755,156.31673469387755
1684,1684,156.40961451247165,156.40961451247165
1685,1685,156.50249433106575,156.50249433106575
1686,1686,156.59537414965988,156.59537414965988
1687,1687,156.68825396825397,156.68825396825397
1688,1688,156.78113378684807,156.78113378684807
1689,1689,156.87401360544217,156.87401360544217
1690,1690,156.96689342403627,156.96689342403627
1691,1691,157.0597732426304,157.0597732426304
1692,1692,157.1526530612245,157.1526530612245
1693,1693,157.2455328798186,157.2455328798186
1694,1694,157.3384126984127,157.3384126984127
1695,1695,157.4312925170068,157.4312925170068
1696,1696,157.5241723356009,157.5241723356009
1697,1697,157.61705215419502,157.61705215419502
1698,1698,157.70993197278912,157.70993197278912
1699,1699,157.80281179138322,157.80281179138322
1700,1700,157.89569160997732,157.89569160997732
1701,1701,157.98857142857142,157.98857142857142
1702,1702,158.08145124716555,158.08145124716555
1703,1703,158.17433106575965,158.17433106575965
1704,1704,158.26721088435374,158.26721088435374
1705,1705,158.36009070294784,158.36009070294784
1706,1706,158.45297052154194,158.45297052154194
1707,1707,158.54585034013604,158.54585034013604
1708,1708,158.63873015873017,158.63873015873017
1709,1709,158.73160997732427,158.73160997732427
1710,1710,158.82448979591837,158.82448979591837
1711,1711,158.91736961451247,158.91736961451247
1711,1712,158.91736961451247,159.01024943310657
1712,1713,159.01024943310657,159.1031292517007
1713,1713,159.1031292517007,159.1031292517007
1714,1714,159.1960090702948,159.1960090702948
1715,1715,159.2888888888889,159.2888888888889
1716,1716,159.381768707483,159.381768707483
1717,1717,159.4746485260771,159.4746485260771
1718,1718,159.5675283446712,159.5675283446712
1719,1719,159.66040816326532,159.66040816326532
1720,1720,159.75328798185942,159.75328798185942
1721,1721,159.84616780045351,159.84616780045351
1722,1722,159.9390476190476,159.9390476190476
1723,1723,160.0319274376417,160.0319274376417
1724,1724,160.12480725623584,160.12480725623584
1725,1725,160.21768707482994,160.21768707482994
1726,1726,160.31056689342404,160.31056689342404
1727,1727,160.40344671201814,160.40344671201814
1728,1728,160.49632653061224,160.49632653061224
1729,1729,160.58920634920634,160.58920634920634
1730,1730,160.68208616780046,160.68208616780046
1731,1731,160.77496598639456,160.77496598639456
1732,1732,160.86784580498866,160.86784580498866
1732,1733,160.86784580498866,160.96072562358276
1732,1734,160.86784580498866,161.05360544217686
1732,1735,160.86784580498866,161.146485260771
1732,1736,160.86784580498866,161.2393650793651
1733,1737,160.96072562358276,161.33224489795919
1734,1738,161.05360544217686,161.42512471655328
1735,1739,161.146485260771,161.51800453514738
1736,1739,161.2393650793651,161.51800453514738
1737,1739,161.33224489795919,161.51800453514738
1738,1739,161.42512471655328,161.51800453514738
1739,1739,161.51800453514738,161.51800453514738
1740,1739,161.61088435374148,161.51800453514738
1741,1739,161.7037641723356,161.51800453514738
1742,1739,161.7966439909297,161.51800453514738
1743,1739,161.8895238095238,161.51800453514738
1744,1739,161.9824036281179,161.51800453514738
1745,1739,162.075283446712,161.51800453514738
1746,1739,162.16816326530613,161.51800453514738
1747,1740,162.26104308390023,161.61088435374148
1747,1741,162.26104308390023,161.7037641723356
1747,1742,162.26104308390023,161.7966439909297
1747,1743,162.26104308390023,161.8895238095238
1747,1744,162.26104308390023,161.9824036281179
1747,1745,162.26104308390023,162.075283446712
1748,1746,162.35392290249433,162.16816326530613
1749,1747,162.44680272108843,162.26104308390023
1749,1748,162.44680272108843,162.35392290249433
1749,1749,162.44680272108843,162.44680272108843
1750,1750,162.53968253968253,162.53968253968253
1751,1751,162.63256235827666,162.63256235827666
1751,1752,162.63256235827666,162.72544217687076
1751,1753,162.63256235827666,162.81832199546486
1752,1754,162.72544217687076,162.91120181405896
1753,1754,162.81832199546486,162.91120181405896
1754,1754,162.91120181405896,162.91120181405896
1755,1754,163.00408163265305,162.91120181405896
1756,1754,163.09696145124715,162.91120181405896
1757,1754,163.18984126984128,162.91120181405896
1758,1754,163.28272108843538,162.91120181405896
1759,1754,163.37560090702948,162.91120181405896
1760,1754,163.46848072562358,162.91120181405896
1761,1755,163.56136054421768,163.00408163265305
1761,1756,163.56136054421768,163.09696145124715
1761,1757,163.56136054421768,163.18984126984128
1761,1758,163.56136054421768,163.28272108843538
1761,1759,163.56136054421768,163.37560090702948
1761,1760,163.56136054421768,163.46848072562358
1761,1761,163.56136054421768,163.56136054421768
1762,1762,163.6542403628118,163.6542403628118
1763,1763,163.7471201814059,163.7471201814059
1763,1764,163.7471201814059,163.84
1764,1765,163.84,163.9328798185941
1764,1766,163.84,164.0257596371882
1765,1767,163.9328798185941,164.1186394557823
1766,1768,164.0257596371882,164.21151927437643
1767,1768,164.1186394557823,164.21151927437643
1768,1768,164.21151927437643,164.21151927437643
1769,1769,164.30439909297053,164.30439909297053
1770,1770,164.39727891156463,164.39727891156463
1771,1771,164.49015873015873,164.49015873015873
1772,1772,164.58303854875282,164.58303854875282
1773,1773,164.67591836734695,164.67591836734695
1774,1774,164.76879818594105,164.76879818594105
1775,1774,164.86167800453515,164.76879818594105
1776,1774,164.95455782312925,164.76879818594105
1777,1774,165.04743764172335,164.76879818594105
1778,1775,165.14031746031745,164.86167800453515
1779,1775,165.23319727891158,164.86167800453515
1780,1776,165.32607709750567,164.95455782312925
1781,1777,165.41895691609977,165.04743764172335
1782,1778,165.51183673469387,165.14031746031745
1782,1779,165.51183673469387,165.23319727891158
1782,1780,165.51183673469387,165.32607709750567
1782,1781,165.51183673469387,165.41895691609977
1782,1782,165.51183673469387,165.51183673469387
1782,1783,165.51183673469387,165.60471655328797
1782,1784,165.51183673469387,165.6975963718821
1782,1785,165.51183673469387,165.7904761904762
1782,1786,165.51183673469387,165.8833560090703
1782,1787,165.51183673469387,165.9762358276644
1782,1788,165.51183673469387,166.0691156462585
1783,1789,165.60471655328797,166.1619954648526
1784,1790,165.6975963718821,166.25487528344672
1785,1791,165.7904761904762,166.34775510204082
1786,1791,165.8833560090703,166.34775510204082
1787,1791,165.9762358276644,166.34775510204082
1788,1792,166.0691156462585,166.44063492063492
1789,1792,166.1619954648526,166.44063492063492
1790,1792,166.25487528344672,166.44063492063492
1791,1792,166.34775510204082,166.44063492063492
1792,1792,166.44063492063492,166.44063492063492
1793,1792,166.53351473922902,166.44063492063492
1794,1793,166.62639455782312,166.53351473922902
1794,1794,166.62639455782312,166.62639455782312
1795,1795,166.71927437641725,166.71927437641725
1796,1796,166.81215419501135,166.81215419501135
1797,1797,166.90503401360544,166.90503401360544
1798,1798,166.99791383219954,166.99791383219954
1799,1799,167.09079365079364,167.09079365079364
1800,1800,167.18367346938774,167.18367346938774
1800,1801,167.18367346938774,167.27655328798187
1801,1802,167.27655328798187,167.36943310657597
1802,1803,167.36943310657597,167.46231292517007
1803,1803,167.46231292517007,167.46231292517007
1804,1804,167.55519274376417,167.55519274376417
1805,1805,167.64807256235827,167.64807256235827
1806,1805,167.7409523809524,167.64807256235827
1807,1805,167.8338321995465,167.64807256235827
1808,1806,167.9267120181406,167.7409523809524
1809,1807,168.0195918367347,167.8338321995465
1810,1808,168.1124716553288,167.9267120181406
1810,1809,168.1124716553288,168.0195918367347
1810,1810,168.1124716553288,168.1124716553288
1811,1811,168.2053514739229,168.2053514739229
1812,1812,168.29823129251702,168.29823129251702
1813,1813,168.39111111111112,168.39111111111112
1814,1814,168.48399092970521,168.48399092970521
1815,1815,168.5768707482993,168.5768707482993
1816,1816,168.6697505668934,168.6697505668934
1817,1816,168.76263038548754,168.6697505668934
1818,1816,168.85551020408164,168.6697505668934
1819,1817,168.94839002267574,168.76263038548754
1820,1817,169.04126984126984,168.76263038548754
1821,1817,169.13414965986394,168.76263038548754
1822,1818,169.22702947845804,168.85551020408164
1823,1819,169.31990929705216,168.94839002267574
1824,1820,169.41278911564626,169.04126984126984
1824,1821,169.41278911564626,169.13414965986394
1824,1822,169.41278911564626,169.22702947845804
1824,1823,169.41278911564626,169.31990929705216
1824,1824,169.41278911564626,169.41278911564626
1824,1825,169.41278911564626,169.50566893424036
1824,1826,169.41278911564626,169.59854875283446
1824,1827,169.41278911564626,169.69142857142856
1824,1828,169.41278911564626,169.7843083900227
1824,1829,169.41278911564626,169.8771882086168
1825,1830,169.50566893424036,169.97006802721089
1826,1830,169.59854875283446,169.97006802721089
1827,1830,169.69142857142856,169.97006802721089
1828,1830,169.7843083900227,169.97006802721089
1829,1830,169.8771882086168,169.97006802721089
1830,1830,169.97006802721089,169.97006802721089
1831,1831,170.06294784580498,170.06294784580498
1832,1832,170.15582766439908,170.15582766439908
1833,1833,170.2487074829932,170.2487074829932
1834,1834,170.3415873015873,170.3415873015873
1835,1835,170.4344671201814,170.4344671201814
1836,1836,170.5273469387755,170.5273469387755
1837,1837,170.6202267573696,170.6202267573696
1838,1838,170.7131065759637,170.7131065759637
1839,1839,170.80598639455783,170.80598639455783
1840,1840,170.89886621315193,170.89886621315193
1841,1841,170.99174603174603,170.99174603174603
1842,1842,171.08462585034013,171.08462585034013
1843,1843,171.17750566893423,171.17750566893423
1844,1844,171.27038548752836,171.27038548752836
1845,1845,171.36326530612246,171.36326530612246
1846,1846,171.45614512471656,171.45614512471656
1847,1847,171.54902494331066,171.54902494331066
1848,1848,171.64190476190475,171.64190476190475
1849,1849,171.73478458049885,171.73478458049885
1850,1850,171.82766439909298,171.82766439909298
1851,1851,171.92054421768708,171.92054421768708
1852,1852,172.01342403628118,172.01342403628118
1853,1853,172.10630385487528,172.10630385487528
1854,1854,172.19918367346938,172.19918367346938
1855,1855,172.2920634920635,172.2920634920635
1856,1856,172.3849433106576,172.3849433106576
1857,1857,172.4778231292517,172.4778231292517
1858,1858,172.5707029478458,172.5707029478458
1859,1859,172.6635827664399,172.6635827664399
1860,1860,172.756462585034,172.756462585034
1861,1861,172.84934240362813,172.84934240362813
1862,1862,172.94222222222223,172.94222222222223
1863,1863,173.03510204081633,173.03510204081633
1864,1864,173.12798185941043,173.12798185941043
1865,1865,173.22086167800452,173.22086167800452
1866,1866,173.31374149659865,173.31374149659865
1867,1867,173.40662131519275,173.40662131519275
1868,1868,173.49950113378685,173.49950113378685
1869,1869,173.59238095238095,173.59238095238095
1870,1870,173.68526077097505,173.68526077097505
1871,1871,173.77814058956915,173.77814058956915
1872,1872,173.87102040816328,173.87102040816328
1873,1873,173.96390022675737,173.96390022675737
1874,1874,174.05678004535147,174.05678004535147
1875,1875,174.14965986394557,174.14965986394557
1876,1876,174.24253968253967,174.24253968253967
1877,1877,174.3354195011338,174.3354195011338
1878,1877,174.4282993197279,174.3354195011338
1879,1877,174.521179138322,174.3354195011338
1880,1877,174.6140589569161,174.3354195011338
1881,1877,174.7069387755102,174.3354195011338
1882,1878,174.7998185941043,174.4282993197279
1883,1879,174.89269841269842,174.521179138322
1884,1880,174.98557823129252,174.6140589569161
1885,1881,175.07845804988662,174.7069387755102
1886,1882,175.17133786848072,174.7998185941043
1886,1883,175.17133786848072,174.89269841269842
1886,1884,175.17133786848072,174.98557823129252
1886,1885,175.17133786848072,175.07845804988662
1886,1886,175.17133786848072,175.17133786848072
1887,1887,175.26421768707482,175.26421768707482
1888,1888,175.35709750566895,175.35709750566895
1889,1889,175.44997732426305,175.44997732426305
1890,1890,175.54285714285714,175.54285714285714
1891,1891,175.63573696145124,175.63573696145124
1892,1892,175.72861678004534,175.72861678004534
1893,1893,175.82149659863944,175.82149659863944
1894,1894,175.91437641723357,175.91437641723357
1895,1895,176.00725623582767,176.00725623582767
1896,1896,176.10013605442177,176.10013605442177
1897,1897,176.19301587301587,176.19301587301587
1898,1898,176.28589569160997,176.28589569160997
1899,1899,176.3787755102041,176.3787755102041
1900,1900,176.4716553287982,176.4716553287982
1901,1901,176.5645351473923,176.5645351473923
1902,1902,176.6574149659864,176.6574149659864
1903,1903,176.7502947845805,176.7502947845805
1904,1904,176.84317460317462,176.84317460317462
1905,1905,176.93605442176872,176.93605442176872
1906,1906,177.02893424036282,177.02893424036282
1907,1907,177.12181405895691,177.12181405895691
1908,1908,177.214693877551,177.214693877551
1909,1909,177.3075736961451,177.3075736961451
1910,1910,177.40045351473924,177.40045351473924
1911,1911,177.49333333333334,177.49333333333334
1912,1912,177.58621315192744,177.58621315192744
1913,1913,177.67909297052154,177.67909297052154
1914,1914,177.77197278911564,177.77197278911564
1915,1915,177.86485260770976,177.86485260770976
1916,1916,177.95773242630386,177.95773242630386
1917,1917,178.05061224489796,178.05061224489796
1918,1918,178.14349206349206,178.14349206349206
1919,1919,178.23637188208616,178.23637188208616
1920,1920,178.32925170068026,178.32925170068026
1921,1921,178.4221315192744,178.4221315192744
1922,1922,178.5150113378685,178.5150113378685
1923,1923,178.60789115646259,178.60789115646259
1924,1924,178.70077097505668,178.70077097505668
1925,1925,178.79365079365078,178.79365079365078
1926,1926,178.8865306122449,178.8865306122449
1927,1927,178.979410430839,178.979410430839
1928,1928,179.0722902494331,179.0722902494331
1929,1929,179.1651700680272,179.1651700680272
1930,1930,179.2580498866213,179.2580498866213
1931,1931,179.3509297052154,179.3509297052154
1932,1932,179.44380952380953,179.44380952380953
1933,1933,179.53668934240363,179.53668934240363
1934,1934,179.62956916099773,179.62956916099773
1935,1935,179.72244897959183,179.72244897959183
1936,1936,179.81532879818593,179.81532879818593
1937,1937,179.90820861678006,179.90820861678006
1938,1938,180.00108843537416,180.00108843537416
1939,1939,180.09396825396826,180.09396825396826
1940,1940,180.18684807256236,180.18684807256236
1941,1941,180.27972789115645,180.27972789115645
1942,1942,180.37260770975055,180.37260770975055
1943,1943,180.46548752834468,180.46548752834468
1944,1944,180.55836734693878,180.55836734693878
1945,1945,180.65124716553288,180.65124716553288
1946,1946,180.74412698412698,180.74412698412698
1947,1947,180.83700680272108,180.83700680272108
1948,1948,180.9298866213152,180.9298866213152
1949,1949,181.0227664399093,181.0227664399093
1950,1950,181.1156462585034,181.1156462585034
1951,1951,181.2085260770975,181.2085260770975
1952,1952,181.3014058956916,181.3014058956916
1953,1953,181.3942857142857,181.3942857142857
1954,1954,181.48716553287983,181.48716553287983
1955,1955,181.58004535147393,181.58004535147393
1956,1956,181.67292517006803,181.67292517006803
1957,1957,181.76580498866213,181.76580498866213
1958,1958,181.85868480725622,181.85868480725622
1959,1959,181.95156462585035,181.95156462585035
1960,1960,182.04444444444445,182.04444444444445
1961,1961,182.13732426303855,182.13732426303855
1962,1962,182.23020408163265,182.23020408163265
1963,1963,182.32308390022675,182.32308390022675
1964,1964,182.41596371882085,182.41596371882085
1965,1965,182.50884353741498,182.50884353741498
1966,1966,182.60172335600907,182.60172335600907
1967,1967,182.69460317460317,182.69460317460317
1968,1968,182.78748299319727,182.78748299319727
1969,1969,182.88036281179137,182.88036281179137
1970,1970,182.9732426303855,182.9732426303855
1971,1971,183.0661224489796,183.0661224489796
1972,1972,183.1590022675737,183.1590022675737
1973,1973,183.2518820861678,183.2518820861678
1974,1974,183.3447619047619,183.3447619047619
1975,1975,183.43764172335602,183.43764172335602
1976,1976,183.53052154195012,183.53052154195012
1977,1977,183.62340136054422,183.62340136054422
1978,1978,183.71628117913832,183.71628117913832
1979,1979,183.80916099773242,183.80916099773242
1980,1980,183.90204081632652,183.90204081632652
1981,1981,183.99492063492065,183.99492063492065
1982,1982,184.08780045351475,184.08780045351475
1983,1983,184.18068027210884,184.18068027210884
1984,1984,184.27356009070294,184.27356009070294
1985,1985,184.36643990929704,184.36643990929704
1986,1986,184.45931972789117,184.45931972789117
1987,1987,184.55219954648527,184.55219954648527
1988,1988,184.64507936507937,184.64507936507937
1989,1989,184.73795918367347,184.73795918367347
1990,1990,184.83083900226757,184.83083900226757
1991,1991,184.92371882086167,184.92371882086167
1992,1992,185.0165986394558,185.0165986394558
1993,1993,185.1094784580499,185.1094784580499
1994,1994,185.202358276644,185.202358276644
1995,1995,185.2952380952381,185.2952380952381
1996,1996,185.3881179138322,185.3881179138322
1997,1997,185.48099773242632,185.48099773242632
1998,1998,185.57387755102042,185.57387755102042
1999,1999,185.66675736961452,185.66675736961452
2000,2000,185.75963718820861,185.75963718820861
2001,2001,185.8525170068027,185.8525170068027
2002,2002,185.9453968253968,185.9453968253968
2003,2003,186.03827664399094,186.03827664399094
2004,2004,186.13115646258504,186.13115646258504
2005,2005,186.22403628117914,186.22403628117914
2006,2006,186.31691609977324,186.31691609977324
2007,2007,186.40979591836734,186.40979591836734
2008,2008,186.50267573696146,186.50267573696146
