start_time_s,end_time_s,pitch_midi,velocity,pitch_bend
201.73693015873016,201.89946984126985,93,46,1,1,1,1,1,1,1,1,1,1,1,1,1,1
201.597610430839,201.98073968253968,71,67,1,1,1,1,1,1,1,1,1,1,1,1,1,1,1,1,1,1,1,1,1,1,1,1,1,1,1,1,1,1,1,1,1
201.58600045351474,201.73693015873016,93,59,1,1,1,1,1,1,1,1,1,1,1,1,1
201.27253106575964,201.42346077097505,87,73,1,1,1,1,1,1,1,1,1,1,1,1,1
201.00550158730158,201.27253106575964,87,57,1,1,1,1,1,1,1,1,1,1,1,1,1,1,1,1,1,1,1,1,1,1,1
200.8777918367347,201.14482131519276,83,76,1,1,1,1,1,1,1,1,1,1,1,1,1,1,1,1,1,1,1,1,1,1,1
200.73847210884355,201.2260911564626,75,62,1,1,1,1,1,1,1,1,1,1,1,1,1,1,1,1,1,1,1,1,1,1,1,1,1,1,1,1,1,1,1,1,1,1,1,1,1,1,1,1,1,1
200.72686213151928,201.00550158730158,87,59,1,1,1,1,1,1,1,1,1,1,1,1,1,1,1,1,1,1,1,1,1,1,1,1
200.62108843537413,200.8777918367347,83,75,1,1,1,1,1,1,1,1,1,1,1,1,1,1,1,1,1,1,1,1,1,1,1
200.62108843537413,200.9010117913832,71,50,1,1,1,1,1,1,1,1,1,1,1,1,1,1,1,1,1,1,1,1,1,1,1,1,1
200.38888888888889,200.62108843537413,83,54,1,1,1,1,1,1,1,1,1,1,1,1,1,1,1,1,1,1,1,1
200.37727891156462,200.62108843537413,71,65,1,1,1,1,1,1,1,1,1,1,1,1,1,1,1,1,1,1,1,1,1
200.28439909297052,200.58625850340135,78,69,1,1,1,1,1,1,1,1,1,1,1,1,1,1,1,1,1,1,1,1,1,1,1,1,1,1
200.28439909297052,201.98073968253968,47,66,1,1,1,1,1,1,1,1,1,1,1,1,1,1,1,1,1,1,1,1,1,1,1,1,1,1,1,1,1,1,1,1,1,1,1,1,1,1,1,1,1,1,1,1,1,1,1,1,1,1,1,1,1,1,1,1,1,1,1,1,1,1,1,1,1,1,1,1,1,1,1,1,1,1,1,1,1,1,1,1,1,1,1,1,1,1,1,1,1,1,1,1,1,1,1,1,1,1,1,1,1,1,1,1,1,1,1,1,1,1,1,1,1,1,1,1,1,1,1,1,1,1,1,1,1,1,1,1,1,1,1,1,1,1,1,1,1,1,1,1,1,1,1,1,1,1,1
200.14507936507934,200.73847210884355,75,76,1,1,1,1,1,1,1,1,1,1,1,1,1,1,1,1,1,1,1,1,1,1,1,1,1,1,1,1,1,1,1,1,1,1,1,1,1,1,1,1,1,1,1,1,1,1,1,1,1,1,1,1
200.14507936507934,200.6920321995465,63,47,1,1,1,1,1,1,1,1,1,1,1,1,1,1,1,1,1,1,1,1,1,1,1,1,1,1,1,1,1,1,1,1,1,1,1,1,1,1,1,1,1,1,1,1,1,1,1,1
200.0057596371882,200.28439909297052,78,45,1,1,1,1,1,1,1,1,1,1,1,1,1,1,1,1,1,1,1,1,1,-8,-8,-8
199.9128798185941,200.14507936507934,75,80,1,1,1,1,1,1,1,1,1,1,1,1,1,1,1,1,1,1,1,1
199.7851700680272,200.21473922902493,83,43,1,1,1,1,1,1,1,1,1,1,1,1,1,1,1,1,1,1,1,1,1,1,1,1,1,1,1,1,1,1,1,1,1,1,1,1,1
199.7851700680272,200.1566893424036,71,81,1,1,1,1,1,1,1,1,1,1,1,1,1,1,1,1,1,1,1,1,1,1,1,1,1,1,1,1,1,1,1,1
199.6574603174603,199.9128798185941,75,68,1,1,1,1,1,1,1,1,1,1,1,1,1,1,1,1,1,1,1,1,1,1
199.6574603174603,200.14507936507934,63,53,1,1,1,1,1,1,1,1,1,1,1,1,1,1,1,1,1,1,1,1,1,1,1,1,1,1,1,1,1,1,1,1,1,1,1,1,1,1,1,1,1,1
199.5297505668934,199.7851700680272,71,64,1,1,1,1,1,1,1,1,1,1,1,1,1,1,1,1,1,1,1,1,1,1
199.4136507936508,200.0638095238095,66,74,1,1,1,1,1,1,1,1,1,1,1,1,1,1,1,1,1,1,1,1,1,1,1,1,1,1,1,1,1,1,1,1,1,1,1,1,1,1,1,1,1,1,1,1,1,1,1,1,1,1,1,1,1,1,1,1
199.4136507936508,199.6574603174603,63,71,1,1,1,1,1,1,1,1,1,1,1,1,1,1,1,1,1,1,1,1,1
199.2743310657596,199.5297505668934,71,43,1,1,1,1,1,1,1,1,1,1,1,1,1,1,1,1,1,1,1,1,1,1
199.158231292517,199.4136507936508,66,83,1,1,1,1,1,1,1,1,1,1,1,1,1,1,1,1,1,1,1,1,1,1
199.158231292517,200.28439909297052,47,60,1,1,1,1,1,1,1,1,1,1,1,1,1,1,1,1,1,1,1,1,1,1,1,1,1,1,1,1,1,1,1,1,1,1,1,1,1,1,1,1,1,1,1,1,1,1,1,1,1,1,1,1,1,1,1,1,1,1,1,1,1,1,1,1,1,1,1,1,1,1,1,1,1,1,1,1,1,1,1,1,1,1,1,1,1,1,1,1,1,1,1,1,1,1,1,1,1
199.04213151927436,199.4136507936508,63,86,1,1,1,1,1,1,1,1,1,1,1,1,1,1,1,1,1,1,1,1,1,1,1,1,1,1,1,1,1,1,1,1
198.91442176870748,199.158231292517,66,52,1,1,1,1,1,1,1,1,1,1,1,1,1,1,1,-8,-8,-8,-8,-8,1
198.78671201814058,199.0305215419501,75,39,1,1,1,1,1,1,1,1,1,1,1,1,1,1,1,1,1,1,1,1,1
198.78671201814058,199.04213151927436,63,78,1,1,1,1,1,1,1,1,1,1,1,1,1,1,1,1,1,1,1,1,1,1
198.67061224489794,198.91442176870748,71,52,1,1,1,-5,1,1,1,1,1,1,1,1,1,1,-5,-5,-5,-5,1,1,1
198.67061224489794,199.16984126984127,59,67,1,1,1,1,1,1,1,1,1,1,1,1,1,1,1,1,1,1,1,1,1,1,1,1,1,1,1,1,1,1,1,1,1,1,1,1,1,1,1,1,1,1,1
198.47195873015872,198.67061224489794,71,68,1,1,1,1,1,1,1,1,1,1,1,1,1,1,1,-5,-5,1
198.47195873015872,198.67061224489794,59,54,1,1,1,1,1,1,1,1,1,1,-5,-5,-5,1,1,1,1,1
198.23975918367347,198.9956916099773,69,70,1,1,1,1,1,1,1,1,1,1,1,1,1,1,1,1,1,1,1,1,1,1,1,1,1,1,1,1,1,1,1,1,1,1,1,1,1,1,1,1,1,1,1,1,1,1,1,1,1,1,1,1,1,1,1,1,1,1,1,1,1,1,1,1,1,1
198.2281492063492,198.7751020408163,57,56,1,1,1,1,1,1,1,1,1,1,1,1,1,1,1,1,1,1,1,1,1,1,1,1,1,1,1,1,1,1,1,1,1,1,1,1,1,1,1,1,1,1,1,1,1,1,1,1
198.01916961451246,198.2281492063492,57,66,1,1,1,1,1,1,1,1,1,1,1,1,1,1,1,1,1,1
198.0075596371882,198.91442176870748,66,72,-5,1,1,1,1,1,1,1,1,1,1,1,1,1,1,1,1,1,1,1,1,1,1,1,1,1,1,1,1,1,1,1,1,1,1,1,1,1,1,1,1,1,1,1,1,1,1,1,1,1,1,1,1,1,1,1,1,1,1,1,1,1,1,1,1,1,1,1,1,1,1,1,1,1,1,1,1,1,1
197.78697006802722,198.3906888888889,64,71,1,1,1,1,1,1,1,1,1,1,1,1,1,1,1,1,1,1,1,1,1,1,1,1,1,1,1,1,1,1,1,1,1,1,1,1,1,1,1,1,1,1,1,1,1,1,1,1,1,1,1,1
197.69409024943312,198.01916961451246,59,74,1,1,1,1,1,1,1,1,1,1,1,1,1,1,1,1,1,1,1,1,1,1,1,1,1,1,1,1
197.5431605442177,197.69409024943312,59,85,1,1,1,1,1,1,1,1,1,1,1,1,1
197.5431605442177,197.76375011337868,47,59,1,1,1,1,1,1,1,1,1,1,1,1,1,1,1,1,1,1,1
197.39223083900228,198.34424897959184,54,58,1,1,1,1,1,1,1,1,1,1,1,1,1,1,1,1,1,1,1,1,1,1,1,1,1,1,1,1,1,1,1,1,1,1,1,1,1,1,1,1,1,1,1,1,1,1,1,1,1,1,1,1,1,1,1,1,1,1,1,1,1,1,1,1,1,1,1,1,1,1,1,1,1,1,1,1,1,1,1,1,1,1
197.39223083900228,197.5431605442177,47,78,1,1,1,1,1,1,1,1,1,1,1,1,1
197.33418095238096,198.01916961451246,57,62,1,1,1,1,1,1,1,1,1,1,1,1,1,1,1,1,1,1,1,1,1,1,1,1,1,1,1,1,1,1,1,1,1,1,1,1,1,1,1,1,1,1,1,1,1,1,1,1,1,1,1,1,1,1,1,1,1,1,1
197.10198140589569,197.39223083900228,47,65,1,1,1,1,1,1,1,1,1,1,1,1,1,1,1,1,1,1,1,1,1,1,1,1,1
197.09037142857142,197.39223083900228,54,85,1,1,1,1,1,1,1,1,1,1,1,1,1,1,1,1,1,1,1,1,1,1,1,1,1,1
196.86978185941044,197.27613106575964,59,62,1,1,1,1,1,1,1,1,1,1,1,1,1,1,1,1,1,1,1,1,1,1,1,1,1,1,1,1,1,1,1,1,1,1,1
196.86978185941044,197.10198140589569,47,91,1,1,1,1,1,1,1,1,1,1,1,1,1,1,1,1,1,1,1,1
196.6130784580499,197.04393151927437,76,61,1,1,1,1,1,1,1,1,1,1,1,1,1,1,1,1,1,1,1,1,1,1,1,1,1,1,1,1,1,1,1,1,1,1,1,1,1,1
196.6130784580499,196.8233419501134,57,48,1,1,1,1,1,1,1,1,1,1,1,1,1,1,1,1,1,1,1
196.60146848072563,196.74207210884353,83,61,1,1,1,1,1,1,1,1,1,1,1,1,1
196.60146848072563,196.80012199546485,78,55,2,1,1,-5,-5,1,-5,-5,1,1,1,1,1,1,1,1,1,1
196.60146848072563,196.90461179138322,49,78,1,1,1,1,1,1,1,1,1,1,1,1,1,1,1,1,1,1,1,1,1,1,1,1,1,-5,-5
196.60146848072563,197.11359138321995,42,66,1,1,1,1,1,1,1,1,1,1,1,1,1,1,1,1,1,1,1,1,1,1,1,1,1,1,1,1,1,1,1,2,2,2,2,1,1,1,1,1,1,1,1,1,1
196.38087891156465,196.60146848072563,83,62,2,2,2,1,1,1,1,1,1,1,1,2,2,2,2,2,2,1,1
196.38087891156465,196.6130784580499,57,73,1,1,1,1,1,1,1,1,1,1,1,1,1,1,1,1,1,1,1,1
196.38087891156465,196.62468843537417,54,66,1,1,1,1,1,1,1,1,1,1,1,1,1,1,1,1,1,1,1,1,1
195.97452970521542,196.18350929705215,81,56,1,1,1,1,1,1,1,1,1,1,1,1,1,1,1,1,1,1
195.91647981859413,196.2996090702948,73,43,1,1,1,1,1,1,1,1,1,1,1,1,1,1,1,1,1,1,1,1,1,1,1,1,1,1,1,1,1,1,1,1,1
195.91647981859413,196.38087891156465,54,49,1,1,1,1,1,1,1,1,1,1,1,1,1,1,1,1,1,1,1,1,1,1,1,1,1,1,1,1,1,1,1,1,1,1,1,1,1,1,1,1
195.69589024943312,195.97452970521542,81,69,1,1,1,1,1,1,1,1,1,1,1,1,1,1,1,1,1,1,1,1,1,1,1,1
195.69589024943312,195.91647981859413,73,40,1,1,1,1,1,1,1,1,1,1,1,1,1,1,1,1,1,1,1
195.69589024943312,195.87003990929705,69,51,1,1,1,1,1,1,1,1,1,1,1,1,1,1,1
195.69589024943312,196.38087891156465,57,83,1,1,1,1,1,1,1,1,1,1,1,1,1,1,1,1,1,1,1,1,1,1,1,1,1,1,1,1,1,1,1,1,1,1,1,1,1,1,1,1,1,1,1,1,1,1,1,1,1,1,1,1,1,1,1,1,1,1,1
195.69589024943312,195.91647981859413,54,54,1,1,1,1,1,1,1,1,1,1,1,1,1,1,1,1,1,1,1
195.69589024943312,196.60146848072563,42,57,1,1,1,1,1,1,1,1,1,1,1,1,1,1,1,1,1,1,1,1,1,1,1,1,0,0,0,1,1,1,1,1,1,1,1,1,1,1,1,1,1,1,1,1,1,1,1,1,1,1,1,1,1,1,1,1,1,1,1,1,1,1,1,1,1,1,1,1,1,1,1,1,1,1,1,1,1,1
195.4753006802721,195.69589024943312,54,62,1,1,1,1,1,1,1,1,1,1,1,1,1,1,1,1,1,1,1
195.46369070294784,195.61462040816326,80,59,1,1,1,1,1,1,1,1,1,1,1,1,1
195.46369070294784,195.69589024943312,61,59,1,1,1,1,1,1,1,1,1,1,1,1,1,1,1,1,1,1,1,1
195.21988117913833,195.5681804988662,49,72,1,1,1,1,1,1,1,1,1,1,1,1,1,1,1,1,1,1,1,1,1,1,1,1,1,1,1,1,1,1
195.02251156462586,195.4172507936508,57,55,1,1,1,1,1,1,1,1,1,1,1,1,1,1,1,1,1,1,1,1,1,1,1,1,1,1,1,1,1,1,1,1,1,1
195.0109015873016,195.40564081632655,81,62,1,1,1,1,1,1,1,1,1,1,1,1,1,1,1,1,1,1,1,1,1,1,1,1,1,1,1,1,1,1,1,1,1,1
195.0109015873016,195.382420861678,42,79,1,1,1,1,1,1,0,0,0,0,1,1,1,1,1,1,1,1,1,1,1,1,1,1,1,1,1,1,1,1,1,1
194.99929160997735,195.21988117913833,49,67,1,1,1,1,1,1,1,1,1,1,1,1,1,1,1,1,1,1,1
194.76709206349207,195.09217142857145,61,57,1,1,1,1,1,1,1,1,1,1,1,1,1,1,1,1,1,1,1,1,1,1,1,1,1,1,1,1
194.76709206349207,194.99929160997735,49,74,1,1,1,1,1,1,1,1,1,1,1,1,1,1,1,1,1,1,1,1
194.56843854875282,194.99929160997735,54,65,1,1,1,1,1,1,1,1,1,1,1,1,1,1,1,1,1,1,1,1,1,1,1,1,1,1,1,1,1,1,1,1,1,1,1,1,1,1
194.56843854875282,194.70904217687075,42,53,1,1,1,1,1,1,1,1,1,1,1,1,1
194.55682857142855,194.94124172335603,69,59,1,1,1,1,1,1,1,1,1,1,1,1,1,1,1,1,1,1,1,1,1,1,1,1,1,1,1,1,1,1,1,1,1,1
194.55682857142855,195.02251156462586,57,88,1,1,1,1,1,1,1,1,1,1,1,1,1,1,1,1,1,1,1,1,1,1,1,1,1,1,1,1,1,1,1,1,1,1,1,1,1,1,1,1,1
194.34784897959182,194.55682857142855,57,87,1,1,1,1,1,1,1,1,1,1,1,1,1,1,1,1,1,1
194.34784897959182,194.56843854875282,54,68,1,1,1,1,1,1,1,1,1,1,1,1,1,1,1,1,1,1,1
194.09242947845803,194.28979909297053,73,31,1,1,1,1,1,1,1,1,2,2,1,1,1,1,1,1,1
194.09242947845803,194.34784897959182,54,60,1,1,1,1,1,1,1,1,1,1,1,1,1,1,1,1,1,1,1,1,1,1
193.87183990929705,194.34784897959182,57,77,1,1,1,1,1,1,1,1,1,1,1,1,1,1,1,1,1,1,1,1,1,1,1,1,1,1,1,1,1,1,1,1,1,1,1,1,1,1,1,1,1
193.87183990929705,194.11564943310657,42,63,1,1,1,1,1,1,1,1,1,1,1,1,1,1,1,1,1,1,1,1,1
193.65125034013604,194.09242947845803,54,70,1,1,1,1,1,1,1,1,1,1,1,1,1,1,1,1,1,1,1,1,1,1,1,1,1,1,1,1,1,1,1,1,1,1,1,1,1,1
193.47710068027212,194.05759954648525,49,56,1,1,1,1,1,1,1,1,1,1,1,1,1,1,1,1,1,1,1,1,1,1,1,1,1,1,1,1,1,1,1,1,1,1,1,1,1,1,1,1,1,1,1,1,1,1,1,1,1,1
193.21007120181406,193.56998049886622,76,45,1,1,1,1,1,1,1,1,1,1,1,1,1,1,1,1,1,1,1,1,1,1,1,1,1,1,1,1,1,1,1
193.21007120181406,193.95310975056688,61,51,1,1,1,1,1,1,1,1,1,1,1,1,1,1,1,1,1,1,1,1,1,1,1,1,1,1,1,1,1,1,1,1,1,1,1,1,1,1,1,1,1,1,1,1,1,1,1,1,1,1,1,1,1,1,1,1,1,1,1,1,1,1,1,1
193.21007120181406,193.40744081632653,42,52,1,1,1,1,1,1,1,1,1,1,1,1,1,1,1,1,1
193.1984612244898,193.95310975056688,69,48,1,1,1,1,1,1,1,1,1,1,1,1,1,1,1,1,1,1,1,1,1,1,1,1,1,1,1,1,1,1,1,1,1,1,1,1,1,1,1,1,1,1,1,1,1,1,1,1,1,1,1,1,1,1,1,1,1,1,1,1,1,1,1,1,1
193.1984612244898,193.72091020408163,57,54,1,1,1,1,1,1,1,1,1,1,1,1,1,1,1,1,1,1,1,1,1,1,1,1,1,1,1,1,1,1,1,1,1,1,1,1,1,1,1,1,1,1,1,1,1
192.95465170068027,193.18685124716552,78,58,1,1,1,1,1,1,1,1,1,1,1,1,1,1,1,1,1,1,1,1
192.95465170068027,193.163631292517,59,65,1,1,1,1,1,1,1,1,1,1,1,1,1,1,1,1,1,1
192.95465170068027,193.163631292517,56,67,1,1,1,1,1,1,1,1,1,1,1,1,1,1,1,1,1,1
192.95465170068027,193.11719138321996,44,40,1,1,1,1,1,1,1,1,1,1,1,1,1,1
192.93143174603173,193.21007120181406,51,80,1,1,1,1,1,1,1,1,1,1,1,1,1,1,1,1,1,1,1,1,1,1,1,1
192.7572820861678,192.95465170068027,56,86,1,1,1,1,1,1,1,1,1,1,1,1,1,1,1,1,1
192.73406213151927,192.95465170068027,59,68,1,1,1,1,1,1,1,1,1,1,1,1,1,1,1,1,1,1,1
192.722452154195,192.95465170068027,80,66,1,1,1,1,1,1,1,1,1,1,1,1,1,1,1,1,1,1,1,1
192.722452154195,192.90821179138322,68,48,1,1,1,1,1,1,1,1,1,1,1,1,1,1,1,1
192.53540861678005,192.73406213151927,59,83,1,1,1,1,1,1,1,1,1,1,1,1,1,1,1,1,1,1
192.53540861678005,192.7572820861678,56,51,1,1,1,1,1,1,1,1,1,1,1,1,1,1,1,1,1,1,1,1
192.07100952380952,192.53540861678005,59,63,1,1,1,1,1,1,1,1,1,1,1,1,1,1,1,1,1,1,1,1,1,1,1,1,1,1,1,1,1,-2,1,1,1,1,1,1,1,1,1,1
192.07100952380952,192.31481904761904,56,68,1,1,1,1,1,1,1,1,1,1,1,1,1,1,1,1,1,1,1,1,1
191.85041995464854,192.07100952380952,56,81,1,1,1,1,1,1,1,1,1,1,1,1,1,1,1,1,1,1,1
191.76915011337869,192.33803900226758,51,75,1,1,1,1,1,1,1,1,1,1,1,1,1,1,1,1,1,1,1,1,1,1,1,1,1,1,1,1,1,1,1,1,1,1,1,1,1,1,1,1,1,1,1,1,1,1,1,1,1
191.2350911564626,191.85041995464854,56,73,1,1,1,1,1,1,1,1,1,1,1,1,1,1,1,1,1,1,1,1,1,1,1,1,1,1,1,1,1,1,1,1,1,1,1,1,1,1,1,1,1,1,1,1,1,1,1,1,1,1,1,1,1
191.22348117913833,191.76915011337869,51,98,1,1,1,1,1,1,1,1,1,1,1,1,1,1,1,1,1,1,1,1,1,1,1,1,1,1,1,1,1,1,1,1,1,1,1,1,1,1,1,1,1,1,1,1,1,1,1
190.944841723356,191.11899138321996,80,63,1,1,1,1,1,1,1,1,1,1,1,1,1,1,1
190.944841723356,191.2350911564626,56,86,1,1,1,1,1,1,1,1,1,1,1,1,1,1,1,1,1,1,1,1,1,1,1,1,1
190.93323174603174,191.17704126984128,75,65,1,1,1,1,1,1,1,1,1,1,1,1,1,1,1,1,1,1,1,1,1
190.72425215419503,192.07100952380952,59,60,1,1,1,1,1,1,1,1,1,1,1,1,1,1,1,1,1,1,1,1,1,1,1,1,1,1,1,1,1,1,1,1,1,1,1,1,1,1,1,1,1,1,1,1,1,1,1,1,1,1,1,1,1,1,1,1,1,1,1,1,1,1,1,1,1,1,1,1,1,1,1,1,1,1,1,1,1,1,1,1,1,1,1,1,1,1,1,1,1,1,1,1,1,1,1,1,1,1,1,1,1,1,1,1,1,1,1,1,1,1,1,1,1,1,1,1
190.71264217687076,190.944841723356,81,85,1,1,1,1,1,1,1,1,1,1,1,1,1,1,1,1,1,1,1,1
190.30500907029477,190.50237868480724,83,43,1,1,1,1,1,1,1,1,1,1,1,1,1,1,1,1,1
190.2933990929705,190.59525850340134,80,46,1,1,1,1,1,1,1,1,1,1,1,1,1,1,1,1,1,1,1,1,1,1,1,1,1,1
190.28178911564623,190.50237868480724,75,49,1,1,1,1,1,1,1,1,1,1,1,1,1,1,1,1,1,1,1
190.28178911564623,190.72425215419503,59,80,1,1,1,1,1,1,1,1,1,1,1,1,1,1,1,1,1,1,1,1,1,1,1,1,1,1,1,1,1,1,1,1,1,1,1,1,1,1,1
190.270179138322,190.944841723356,56,75,1,1,1,1,1,1,1,1,1,1,1,1,1,1,1,1,1,1,1,1,1,1,1,1,1,1,1,1,1,1,1,1,1,1,1,1,1,1,1,1,1,1,1,1,1,1,1,1,1,1,1,1,1,1,1,1,1,1,1
190.02636961451245,190.270179138322,56,81,1,1,1,1,1,1,1,1,1,1,1,1,1,1,1,1,1,1,1,1,1
190.0147596371882,190.22373922902494,85,65,1,1,1,1,1,1,1,1,1,1,1,1,1,1,1,1,1,1
190.00314965986394,190.6416984126984,51,67,1,1,1,1,1,1,1,1,1,1,1,1,1,1,1,1,1,1,1,1,1,1,1,1,1,1,1,1,1,1,1,1,1,1,1,1,1,1,1,1,1,1,1,1,1,1,1,1,1,1,1,1,1,1,1
189.80578004535147,190.00314965986394,51,98,1,1,1,1,1,1,1,1,1,1,1,1,1,1,1,1,1
189.6316303854875,189.82899999999998,44,47,0,0,1,1,1,1,1,1,1,1,1,1,1,1,1,1,1
189.58519047619046,189.73612018140588,71,49,1,1,1,1,1,1,1,1,1,1,1,1,1
189.58519047619046,190.16568934240362,61,60,1,1,1,1,1,1,1,1,1,1,1,1,1,1,1,1,1,1,1,1,1,1,1,1,1,1,1,1,1,1,1,1,1,1,1,1,1,1,1,1,1,1,1,1,1,1,1,1,1,1
189.58519047619046,190.02636961451245,56,53,1,1,1,1,1,1,1,1,1,1,1,1,1,1,1,1,1,1,1,1,1,1,1,1,1,1,1,1,1,1,1,1,1,1,1,1,1,1
189.49231065759636,189.6316303854875,44,31,4,4,4,4,4,4,1,1,1,1,1,1
189.34138095238094,189.58519047619046,61,87,1,1,1,1,1,1,1,1,1,1,1,1,1,1,1,1,1,1,1,1,1
189.32977097505668,189.5387505668934,85,66,1,1,1,1,1,1,1,1,1,1,1,1,1,1,1,1,1,1
189.32977097505668,189.608410430839,64,66,1,1,1,1,1,1,1,1,1,1,1,1,1,1,1,1,1,1,1,1,1,1,1,1
189.09757142857143,189.32977097505668,64,80,1,1,1,1,1,1,1,1,1,1,1,1,1,1,1,1,1,1,1,1
189.09757142857143,189.34138095238094,61,85,1,1,1,1,1,1,1,1,1,1,1,1,1,1,1,1,1,1,1,1,1
188.90020181405893,189.08596145124716,76,39,1,1,1,1,1,1,1,1,1,1,1,1,1,1,1,1
188.90020181405893,189.09757142857143,64,96,1,1,1,1,1,1,1,1,1,1,1,1,1,1,1,1,1
188.6783283446712,189.09757142857143,61,95,1,1,1,1,1,1,1,1,1,1,1,1,1,1,1,1,1,1,1,1,1,1,1,1,1,1,1,1,1,1,1,1,1,1,1,1,1
188.44612879818595,188.63188843537415,76,34,1,1,1,1,1,1,1,1,1,1,1,1,1,1,1,1
188.44612879818595,188.90020181405893,64,99,1,1,1,1,1,1,1,1,1,1,1,1,1,1,1,1,1,1,1,1,1,1,1,1,1,1,1,1,1,1,1,1,1,1,1,1,1,1,1,1
188.23714920634922,188.6783283446712,61,98,1,1,1,1,1,1,1,1,1,1,1,1,1,1,1,1,1,1,1,1,1,1,1,1,1,1,1,1,1,1,1,1,1,1,1,1,1,1
187.99333968253967,188.1790993197279,56,62,1,1,1,1,1,1,1,1,1,1,1,1,1,1,1,1
187.80758004535147,188.44612879818595,64,53,1,1,1,1,1,1,1,1,1,1,1,1,1,1,1,1,1,1,1,1,1,1,1,1,1,1,1,1,1,1,1,1,1,1,1,1,1,1,1,1,1,1,1,-8,-8,-8,-8,-8,-8,-8,-8,1,1,1,1
187.80758004535147,188.39968888888887,49,49,1,1,1,1,1,1,1,1,1,1,1,1,1,1,1,1,1,1,1,1,1,1,1,1,1,1,1,1,1,1,1,1,1,1,1,1,1,1,1,1,1,1,1,1,1,1,1,1,1,1,1
187.65665034013605,188.23714920634922,61,81,1,1,1,1,1,1,1,1,1,1,1,1,1,1,1,1,1,1,1,1,1,1,1,1,1,1,1,1,1,1,1,1,1,1,1,1,1,1,1,1,1,1,1,1,1,1,1,1,1,1
187.2967410430839,187.65665034013605,61,102,1,1,1,1,1,1,1,1,1,1,1,1,1,1,1,1,1,1,1,1,1,1,1,1,1,1,1,1,1,1,1
187.0761514739229,187.54055056689342,64,89,1,1,1,1,1,1,1,1,1,1,1,1,1,1,1,1,1,1,1,1,1,1,1,1,1,1,1,1,1,1,1,1,1,1,1,1,1,1,1,1
186.86717188208615,187.2967410430839,61,94,1,1,1,1,1,1,1,1,1,1,1,1,1,1,1,1,1,1,1,1,1,1,1,1,1,1,1,1,1,1,1,1,1,1,1,1,1
186.6569083900227,186.948441723356,76,52,1,1,1,1,1,1,1,1,1,1,1,1,1,1,1,1,1,1,1,1,1,1,1,1,1,1
186.6569083900227,186.93683174603174,73,47,1,1,1,1,1,1,1,1,1,1,1,1,1,1,1,1,1,1,1,1,1,1,1,1,1
186.6569083900227,187.0761514739229,64,90,1,1,1,1,1,1,1,1,1,1,1,1,1,1,1,1,1,1,1,1,1,1,1,1,1,1,1,1,1,1,1,1,1,1,1,1,1
186.6569083900227,186.86717188208615,61,96,1,1,1,1,1,1,1,1,1,1,1,1,1,1,1,1,1,1,1
186.47114875283447,186.7975120181406,49,50,0,1,1,1,1,1,1,1,1,1,1,1,1,1,1,1,1,1,1,1,1,1,1,1,1,1,1,1,1
186.4363188208617,186.6569083900227,76,51,1,1,1,1,1,1,1,1,1,1,1,1,1,1,1,1,1,1,1
186.41309886621318,186.6569083900227,61,92,1,1,1,1,1,1,1,1,1,1,1,1,1,1,1,1,1,1,1,1,1
186.4014888888889,186.57563854875283,56,59,1,1,1,1,1,1,1,1,1,1,1,1,1,1,0
186.19250929705217,186.4014888888889,56,67,1,1,1,1,1,1,1,1,1,1,1,1,1,1,1,1,1,1
185.98352970521543,186.41309886621318,61,50,1,1,1,1,1,1,1,1,1,1,1,1,1,1,1,1,1,1,1,1,1,1,1,1,1,1,1,1,1,1,1,1,1,1,1,1,1
185.98352970521543,186.33182902494332,49,81,1,1,1,1,1,1,1,1,1,1,1,1,1,1,1,1,1,1,1,1,1,1,1,1,1,1,1,1,1,1
185.9603097505669,186.4363188208617,76,52,1,1,1,1,1,1,1,1,1,1,1,1,1,1,1,1,1,1,1,1,1,1,1,1,1,1,1,1,1,1,1,1,1,1,1,1,1,1,1,1,1
185.75133015873016,185.91386984126984,83,76,1,1,1,1,1,1,1,1,1,1,1,1,1,1
185.60040045351474,185.75133015873016,83,30,1,1,-8,-8,1,-8,-8,-8,-8,-8,-8,-8,1
185.60040045351474,186.06479954648526,80,74,1,1,1,1,1,1,1,1,1,1,1,1,1,1,1,1,1,1,1,1,1,1,1,1,1,1,1,1,1,1,1,1,1,1,1,1,1,1,1,1
185.44947074829932,185.60040045351474,80,62,1,1,1,1,1,1,1,1,1,1,1,1,1
185.44947074829932,185.9603097505669,76,60,1,1,1,1,1,1,1,1,1,1,1,1,1,1,1,1,1,1,1,1,1,1,1,1,1,1,1,1,1,1,1,1,1,1,1,1,1,1,1,1,1,1,1,1
185.44947074829932,185.9254798185941,64,66,1,1,1,1,1,1,1,1,1,1,1,1,1,1,1,1,1,1,1,1,1,1,1,1,1,1,1,1,1,1,1,1,1,1,1,1,1,1,1,1,1
185.26371111111112,185.44947074829932,80,71,1,1,1,1,1,1,1,1,1,1,1,1,1,1,1,1
185.14761133786848,185.44947074829932,76,60,1,1,1,1,1,1,1,1,1,1,1,1,1,1,1,1,1,1,1,1,1,1,1,1,1,1
185.14761133786848,185.34498095238095,52,64,1,1,1,1,1,1,1,1,1,1,1,1,1,1,1,1,1
184.86897188208619,185.14761133786848,76,63,1,1,1,1,1,1,1,1,1,1,1,1,1,1,1,1,1,1,1,1,1,1,1,1
184.86897188208619,185.19405124716553,64,46,1,1,1,1,1,1,1,1,1,1,1,1,1,1,1,1,1,1,1,1,1,1,1,1,1,1,1,1
184.69353832199545,184.86897188208619,64,65,1,1,1,1,1,1,1,1,1,1,1,1,1,1,1,1
184.67031836734694,185.22888117913834,68,56,1,1,1,1,1,1,1,1,1,1,1,1,1,1,1,1,1,1,1,1,1,1,1,1,1,1,1,1,1,1,1,1,1,1,1,1,1,1,1,1,1,1,1,1,1,1,1,1,1
184.34523900226756,184.67031836734694,68,74,1,1,1,1,1,1,1,1,1,1,1,1,1,1,1,1,1,1,1,1,1,1,1,1,1,1,1,1
184.25235918367346,184.69353832199545,64,79,1,1,1,1,1,1,1,1,1,1,1,1,1,1,1,1,1,1,1,1,1,1,1,1,1,1,1,1,1,1,1,1,1,1,1,1,1,1
184.02015963718821,184.25235918367346,71,67,1,1,1,1,1,1,1,1,1,1,1,1,1,1,1,1,1,1,1,1
183.82279002267572,184.34523900226756,68,67,1,1,1,1,1,1,1,1,1,1,1,1,1,1,1,1,1,1,1,1,1,1,1,1,1,1,1,1,1,1,1,1,1,1,1,1,1,1,1,1,1,1,1,1,1
183.68347029478457,184.25235918367346,64,82,1,1,1,1,1,1,1,1,1,1,1,1,1,1,1,1,1,1,1,1,1,1,1,1,1,1,1,1,1,1,1,1,1,1,1,1,1,1,1,1,1,1,1,1,1,1,1,1,1
183.6718603174603,184.44972879818593,59,68,1,1,1,1,1,1,1,1,1,1,1,1,1,1,1,1,1,1,1,1,1,1,1,1,1,1,1,1,1,1,1,1,1,1,1,1,1,1,1,1,1,1,1,1,1,1,1,1,1,1,1,1,1,1,1,1,1,1,1,1,1,1,1,1,1,1,1
183.59059047619047,183.82279002267572,68,49,1,1,1,1,1,1,1,1,1,1,1,1,1,1,1,1,1,1,1,1
183.59059047619047,184.3336290249433,56,56,1,1,1,1,1,1,1,1,1,1,1,1,1,1,1,1,1,1,1,1,1,1,1,1,1,1,1,1,1,1,1,1,1,1,1,1,1,1,1,1,1,1,1,1,1,1,1,1,1,1,1,1,1,1,1,1,1,1,1,1,1,1,1,1
183.59059047619047,184.49616870748298,47,57,1,1,1,1,1,1,1,1,1,1,1,1,1,1,1,1,1,1,1,1,1,1,1,1,1,1,1,1,1,1,1,1,1,1,1,1,1,1,1,1,1,1,1,1,1,1,1,1,1,1,1,1,1,1,1,1,1,1,1,1,1,1,1,1,1,1,1,1,1,1,1,1,1,1,1,1,1,1
183.38161088435373,183.54415056689342,56,63,1,1,1,1,1,1,1,1,1,1,1,1,1,1
183.37000090702946,183.6718603174603,59,44,1,1,1,1,1,1,1,1,1,1,1,1,1,1,1,1,1,1,1,1,1,1,1,1,1,1
183.16102131519273,183.38161088435373,56,77,1,1,1,1,1,1,1,1,1,1,1,1,1,1,1,1,1,1,1
183.06814149659863,183.68347029478457,64,62,1,1,1,1,1,1,1,1,1,1,1,1,1,1,1,1,1,1,1,1,1,1,1,1,1,1,1,1,1,1,1,1,1,1,1,1,1,1,1,1,1,0,1,1,1,1,1,1,1,1,1,1,1
182.952041723356,184.2987990929705,52,77,1,1,1,1,1,1,1,1,1,1,1,1,1,1,1,1,1,1,1,1,1,1,1,1,1,1,1,1,1,1,1,1,1,1,1,1,1,1,1,1,1,1,1,1,1,1,1,1,1,1,1,1,1,1,1,1,1,1,1,1,1,1,1,1,1,1,1,1,1,1,1,1,1,1,1,1,1,1,1,1,1,1,1,1,1,1,1,1,1,1,1,1,1,1,1,1,1,1,1,1,1,1,1,1,1,1,1,1,1,1,1,1,1,1,1,1
182.80111201814057,183.59059047619047,47,65,1,1,1,1,1,1,1,1,1,1,1,1,1,1,1,1,1,1,1,1,1,1,1,1,1,1,1,1,1,1,1,1,1,1,1,1,1,1,1,1,1,1,1,1,1,1,0,1,1,1,1,1,1,1,1,1,1,1,1,1,1,1,1,1,1,1,1,1
182.6256784580499,182.80111201814057,47,73,1,1,1,1,1,1,1,1,1,1,1,1,1,1,1,1
182.50957868480725,183.38161088435373,40,56,1,1,1,1,1,1,1,1,1,1,1,1,1,1,1,1,1,1,1,1,1,1,1,1,1,1,1,1,1,1,1,1,1,1,1,1,1,1,1,1,1,1,1,1,1,1,1,1,1,1,1,1,1,1,1,1,1,1,1,1,1,1,1,1,1,1,1,1,1,1,1,1,1,1,1,1
182.48635873015874,182.952041723356,52,64,1,1,1,1,1,1,1,1,1,1,1,1,1,1,1,1,1,1,1,1,1,1,1,1,1,1,1,1,1,1,1,1,0,0,1,1,1,1,1,1,1
182.25415918367347,182.52118866213152,57,72,1,1,1,1,1,1,1,1,1,1,1,1,1,1,1,1,1,1,1,1,1,1,1
182.25415918367347,182.4631387755102,54,51,1,1,1,1,1,1,1,1,1,1,1,1,1,1,1,1,1,1
182.2425492063492,182.56762857142857,76,57,1,1,1,1,1,1,1,1,1,1,1,1,1,1,1,1,1,1,1,1,1,1,1,1,1,1,1,1
182.2425492063492,182.54440861678006,71,62,1,1,1,1,1,1,1,1,1,1,1,1,1,1,1,1,1,1,1,1,1,1,1,1,1,1
182.2425492063492,182.54440861678006,68,64,1,1,1,1,1,1,1,1,1,1,1,1,1,1,1,1,1,1,1,1,1,1,1,1,1,1
182.01034965986395,182.2425492063492,78,72,1,1,1,1,1,1,1,1,1,1,1,1,1,1,1,1,1,1,1,1
182.01034965986395,182.19610929705215,69,56,1,1,1,1,1,1,1,1,1,1,1,1,1,1,1,1
182.01034965986395,182.25415918367347,57,75,1,1,1,1,1,1,1,1,1,1,1,1,1,1,1,1,1,1,1,1,1
181.53434058956915,182.01034965986395,57,77,1,1,1,1,1,1,1,1,1,1,1,1,1,1,1,1,1,1,1,1,1,1,1,1,1,1,1,1,1,1,1,1,1,1,1,1,1,1,1,1,1
181.36019092970523,182.01034965986395,69,60,1,1,1,1,1,1,1,1,1,1,1,1,1,1,1,1,1,1,1,1,1,1,1,1,1,1,1,1,1,1,1,1,1,1,1,1,1,1,1,1,1,1,1,1,1,1,1,1,1,1,1,1,1,1,1,1
181.34858095238096,182.11483945578232,62,56,1,1,1,1,1,1,1,1,1,1,1,1,1,1,1,1,1,1,1,1,1,1,1,1,1,1,1,1,1,1,1,1,1,1,1,1,1,1,1,1,1,1,1,1,1,1,1,1,1,1,1,1,1,1,1,1,1,1,1,1,1,1,1,1,1,1
181.34858095238096,181.88263990929707,50,65,1,1,1,1,1,1,1,1,1,1,1,1,1,1,1,1,1,1,1,1,1,1,1,1,1,1,1,1,1,1,1,1,1,1,1,1,1,1,1,1,1,1,1,1,1,1
181.32536099773242,181.53434058956915,79,47,1,1,1,1,1,1,1,1,1,1,1,1,1,1,1,1,1,1
181.10477142857144,181.4879006802721,74,55,1,1,1,1,1,1,1,1,1,1,1,1,1,1,1,1,1,1,1,1,1,1,1,1,1,1,1,1,1,1,1,1,1
181.10477142857144,181.34858095238096,62,67,1,1,1,1,1,1,1,1,1,1,1,1,1,1,1,1,1,1,1,1,1
181.10477142857144,181.34858095238096,50,65,1,1,1,1,1,1,1,1,1,1,1,1,1,1,1,1,1,1,1,1,1
181.09316145124717,181.2440911564626,78,63,1,1,1,1,1,1,1,1,1,1,1,1,1
181.09316145124717,181.31375102040818,57,55,1,1,1,1,1,1,1,1,1,1,1,1,1,1,1,1,1,1,1
180.88418185941043,181.27892108843537,54,66,1,1,1,1,1,1,1,1,1,1,1,1,1,1,1,1,1,1,1,1,1,1,1,1,1,1,1,1,1,1,1,1,1,1
180.66230839002267,181.03511156462585,81,53,1,1,1,1,1,1,1,1,1,1,1,1,1,1,1,1,1,1,1,1,1,1,1,1,1,1,1,1,1,1,1,1,1
180.66230839002267,180.86096190476192,78,56,1,1,1,1,1,1,1,1,1,1,1,1,1,1,1,1,1,1
180.6506984126984,181.10477142857144,50,83,1,1,1,1,1,1,1,1,1,1,1,1,1,1,1,1,1,1,1,1,1,1,1,1,1,1,1,1,1,1,1,1,1,1,1,1,1,1,1,1
180.4068888888889,180.54620861678004,79,58,1,1,1,1,1,1,1,1,1,1,1,1
180.4068888888889,180.62747845804986,76,64,1,1,1,1,1,1,1,1,1,1,1,1,1,1,1,1,1,1,1
180.38366893424035,180.6506984126984,52,64,1,1,1,1,1,1,1,1,1,1,1,1,1,1,1,1,1,1,1,1,1,1,1
180.18629931972788,180.76679818594104,55,67,1,1,1,1,1,1,1,1,1,1,1,1,1,1,1,1,1,1,1,1,1,1,1,1,1,1,1,1,1,1,1,1,1,1,1,1,1,1,1,1,1,1,1,1,1,1,1,1,1,1
179.96570975056687,180.18629931972788,55,80,1,1,1,1,1,1,1,1,1,1,1,1,1,1,1,1,1,1,1
179.9540997732426,180.59264852607708,60,82,1,1,1,1,1,1,1,1,1,1,1,1,1,1,1,1,1,1,1,1,1,1,1,1,1,1,1,1,1,1,1,1,1,1,1,1,1,1,1,1,1,1,1,1,1,1,1,1,1,1,1,1,1,1,1
179.9540997732426,180.66230839002267,48,57,1,1,1,1,1,1,1,1,1,1,1,1,1,1,1,1,1,1,1,1,1,1,1,1,1,1,1,1,1,1,1,1,1,1,1,1,1,1,1,1,1,1,1,1,1,1,1,1,1,1,1,1,1,1,1,1,1,1,1,1,1
179.73351020408163,179.96570975056687,55,87,1,1,1,1,1,1,1,1,1,1,1,1,1,1,1,1,1,1,1,1
179.7102902494331,179.9540997732426,48,63,1,1,1,1,1,1,1,1,1,1,1,1,1,1,1,1,1,1,1,1,1
179.5245306122449,179.87282993197277,76,46,1,1,1,1,1,1,1,1,1,1,1,1,1,1,1,1,1,1,1,1,1,1,1,1,1,1,1,1,1,1
179.5245306122449,179.73351020408163,55,55,1,1,1,1,1,1,1,1,1,1,1,1,1,1,1,1,1,1
179.5245306122449,179.7102902494331,48,75,1,1,1,1,1,1,1,1,1,1,1,1,1,1,1,1
179.51292063492062,179.9540997732426,60,83,1,1,1,1,1,1,1,1,1,1,1,1,1,1,1,1,1,1,1,1,1,1,1,1,1,1,1,1,1,1,1,1,1,1,1,1,1,1
179.30394104308388,179.51292063492062,60,46,1,1,1,1,1,1,1,1,1,1,1,1,1,1,1,1,1,1
179.30394104308388,179.88443990929704,52,60,1,1,1,1,1,1,1,1,1,1,1,1,1,1,1,1,1,1,1,1,1,1,1,1,1,1,1,1,1,1,1,1,1,1,1,1,1,1,1,1,1,1,1,1,1,1,1,1,1,1
179.30394104308388,179.5245306122449,48,86,1,1,1,1,1,1,1,1,1,1,1,1,1,1,1,1,1,1,1
179.2923310657596,179.47809070294784,79,48,1,1,1,1,1,1,1,1,1,1,1,1,1,1,1,1
179.2923310657596,179.5245306122449,76,61,1,1,1,1,1,1,1,1,1,1,1,1,1,1,1,1,1,1,1,1
179.2923310657596,179.5245306122449,55,80,1,1,1,1,1,1,1,1,1,1,1,1,1,1,1,1,1,1,1,1
179.16462131519273,179.30394104308388,52,84,1,1,1,1,1,1,1,1,1,1,1,1
178.87437188208617,179.30394104308388,48,82,1,1,1,1,1,1,1,1,1,1,1,1,1,1,1,1,1,1,1,1,1,1,1,1,1,1,1,1,1,1,1,1,1,1,1,1,1
178.8627619047619,179.00208163265305,79,62,1,1,1,1,1,1,1,1,1,1,1,1
178.85115192743763,179.2923310657596,76,69,1,1,1,1,1,1,1,1,1,1,1,1,1,1,1,1,1,1,1,1,1,1,1,1,1,1,1,1,1,1,1,1,1,1,1,1,1,1
178.6292784580499,178.7931020408163,47,61,1,1,1,1,1,1,1,1,1,1,1,1,1,1,1
178.5944485260771,178.81632199546485,56,71,1,1,1,1,1,1,1,1,1,1,1,1,1,1,1,1,1,1,1,1
178.3738589569161,178.5944485260771,80,65,1,1,1,1,1,1,1,1,1,1,1,1,1,1,1,1,1,1,1
178.2461492063492,178.4667387755102,76,59,1,1,1,1,1,1,1,1,1,1,1,1,1,1,1,1,1,1,1
178.23453922902493,178.5944485260771,83,47,1,1,1,1,1,1,1,1,1,1,1,1,1,1,1,1,1,1,0,0,2,2,2,1,1,1,1,1,1,1,1
178.23453922902493,178.3738589569161,80,53,1,1,1,1,1,1,1,1,1,1,1,1
178.23453922902493,178.61766848072563,64,60,1,1,1,1,1,1,1,1,1,1,1,1,1,1,1,1,1,1,1,1,1,1,1,1,1,1,1,1,1,1,1,1,1
178.23453922902493,179.16462131519273,52,81,1,1,1,1,1,1,1,1,1,1,1,1,1,1,1,1,1,1,1,1,1,1,1,1,1,1,1,1,1,1,1,1,1,1,1,1,1,1,1,1,1,1,1,1,1,1,1,1,1,1,1,1,1,1,1,1,1,1,1,1,1,1,1,1,1,1,1,1,1,1,1,1,1,1,1,1,1,1,1,1,1
177.97911972789115,178.23453922902493,52,89,1,1,1,1,1,1,1,1,1,1,1,1,1,1,1,1,1,1,1,1,1,1
177.9675097505669,178.2461492063492,76,68,1,1,1,1,1,1,1,1,1,1,1,1,1,1,1,1,1,1,1,1,1,1,1,1
177.9675097505669,178.23453922902493,64,60,1,1,1,1,1,1,1,1,1,1,1,1,1,1,1,1,1,1,1,1,1,1,1
177.88623990929705,178.0836095238095,68,54,1,1,1,1,1,1,1,1,1,1,1,1,1,1,1,1,1
177.80497006802722,177.9675097505669,76,73,1,1,1,1,1,1,1,1,1,1,1,1,1,1
177.56116054421767,177.97911972789115,52,95,1,1,1,1,1,1,1,1,1,1,1,1,1,1,1,1,1,1,1,1,1,1,1,1,1,1,1,1,1,1,1,1,1,1,1,1
177.56116054421767,177.85140997732427,40,63,0,0,0,1,1,1,1,1,1,1,1,1,1,1,1,1,1,1,1,1,1,1,1,1,1
177.54955056689343,177.88623990929705,68,78,1,1,1,1,1,1,1,1,1,1,1,1,1,1,1,1,1,1,1,1,1,1,1,1,1,1,1,1,1
177.41023083900225,177.79336009070295,47,71,1,1,1,1,1,1,1,1,1,1,1,1,1,1,1,1,1,1,1,1,1,1,1,1,1,1,1,1,1,1,1,1,1
177.3405709750567,177.95589977324263,59,57,1,1,1,1,1,1,1,1,1,1,1,1,1,1,1,1,1,1,1,1,1,1,1,1,1,1,1,1,1,1,1,1,1,1,1,1,1,1,1,1,1,1,1,1,1,1,1,1,1,1,1,1,1
177.3405709750567,177.56116054421767,52,78,1,1,1,1,1,1,1,1,1,1,1,1,1,1,1,1,1,1,1
177.32896099773242,177.66565034013604,64,70,1,1,1,1,1,1,1,1,1,1,1,1,1,1,1,1,1,1,1,1,1,1,1,1,1,1,1,1,1
177.13159138321996,177.32896099773242,64,77,1,1,1,1,1,1,1,1,1,1,1,1,1,1,1,1,1
177.13159138321996,177.3405709750567,52,64,1,1,1,1,1,1,1,1,1,1,1,1,1,1,1,1,1,1
177.1199814058957,177.41023083900225,47,60,1,1,1,1,1,1,1,1,1,1,1,1,1,1,1,1,1,1,1,1,1,1,1,1,1
176.92261179138322,177.1199814058957,47,77,1,1,1,1,1,1,1,1,1,1,1,1,1,1,1,1,1
176.88778185941044,177.13159138321996,52,92,1,1,1,1,1,1,1,1,1,1,1,1,1,1,1,1,1,1,1,1,1
176.77039818594105,176.92261179138322,47,51,2,2,2,2,2,2,1,1,1,1,1,1,1,1
176.49175873015875,176.77039818594105,47,60,1,1,1,1,1,1,1,1,1,1,1,1,1,1,1,1,1,1,1,1,1,1,1,1
176.48014875283448,177.0851514739229,56,73,1,1,1,1,1,1,1,1,1,1,1,1,1,1,1,1,1,1,1,1,1,1,1,1,1,1,1,1,1,1,1,1,1,1,1,1,1,1,1,1,1,1,1,1,1,1,1,1,1,1,1,1,1
176.34082902494333,176.88778185941044,52,98,1,1,1,1,1,1,1,1,1,1,1,1,1,1,1,1,1,1,1,1,1,1,1,1,1,1,1,1,1,1,1,1,1,1,1,1,1,1,1,1,1,1,1,1,1,1,1,1
176.30599909297052,176.49175873015875,47,51,1,1,1,1,1,1,1,1,1,1,1,1,4,4,1,1
176.282779138322,176.4453188208617,68,52,1,1,1,1,1,1,1,1,1,1,1,0,0,1
176.07379954648528,176.48014875283448,56,88,1,1,1,1,1,1,1,1,1,1,1,1,1,1,1,1,1,1,1,1,1,1,1,1,1,1,1,1,1,1,1,1,1,1,1
175.99252970521542,176.30599909297052,47,58,1,1,1,1,1,1,1,1,1,1,1,1,1,1,1,1,1,1,1,1,1,1,1,1,1,1,1
175.85320997732427,176.12023945578233,59,47,1,1,1,1,1,1,1,1,1,1,1,1,1,1,1,1,1,1,1,1,1,1,1
175.85320997732427,176.34082902494333,52,91,1,1,1,1,1,1,1,1,1,1,1,1,1,1,1,1,1,1,1,1,1,1,1,1,1,1,1,1,1,1,1,1,1,1,1,1,1,1,1,1,1,1
175.69067029478458,175.85320997732427,47,63,1,1,1,1,1,1,1,1,1,1,1,1,1,1
175.38881088435375,175.76033015873017,64,42,1,1,1,1,1,1,1,1,1,1,1,1,1,1,1,1,1,1,1,1,1,1,1,1,1,1,1,1,1,1,1,1
175.38881088435375,175.85320997732427,52,81,1,1,1,1,1,1,1,1,1,1,1,1,1,1,1,1,1,1,1,1,1,1,1,1,1,1,1,1,1,1,1,1,1,1,1,1,1,1,1,1
175.179831292517,175.4700807256236,68,60,1,1,1,1,1,1,1,1,1,1,1,1,1,1,1,1,1,1,1,1,1,1,1,1,1
174.9360217687075,175.11017142857145,50,52,1,1,1,1,1,1,1,1,1,1,1,1,1,1,1
174.92441179138322,175.40042086167801,57,60,1,1,1,1,1,1,1,1,1,1,1,1,1,1,1,1,1,1,1,1,1,1,1,1,1,1,1,1,1,1,1,1,1,1,1,1,1,1,1,1,1
174.67931836734692,174.91280181405895,62,59,1,1,1,1,1,1,1,1,1,1,1,1,1,1,1,1,1,1,1,1,1
174.2497492063492,174.48194875283446,74,62,1,1,1,1,1,1,1,1,1,1,1,1,1,1,1,1,1,1,1,1
174.2497492063492,174.70253832199546,69,68,1,1,1,1,1,1,1,1,1,1,1,1,1,1,1,1,1,1,1,1,1,1,1,1,1,1,1,1,1,1,1,1,1,1,1,1,1,1,1
174.2497492063492,174.66770839002265,62,66,1,1,1,1,1,1,1,1,1,1,1,1,1,1,1,1,1,1,1,1,1,1,1,1,1,1,1,1,1,1,1,1,1,1,1,1
174.2497492063492,174.92441179138322,57,70,1,1,1,1,1,1,1,1,1,1,1,1,1,1,1,1,1,1,1,1,1,1,1,1,1,1,1,1,1,1,1,1,1,1,1,1,1,1,1,1,1,1,1,1,1,1,1,1,1,1,1,1,1,1,1,1,1,1,1
174.2497492063492,174.6212684807256,50,57,1,1,1,1,1,1,1,1,1,1,1,1,1,1,1,1,1,1,1,1,1,1,1,1,1,1,1,1,1,1,1,1
174.23813922902494,174.44711882086168,79,68,1,1,1,1,1,1,1,1,1,1,1,1,1,1,1,1,1,1
174.0291596371882,174.2497492063492,74,66,1,1,1,1,1,1,1,1,1,1,1,1,1,1,1,1,1,1,1
174.0291596371882,174.2497492063492,57,75,1,1,1,1,1,1,1,1,1,1,1,1,1,1,1,1,1,1,1
173.66925034013605,174.2497492063492,50,80,1,1,1,1,1,1,1,1,1,1,1,1,1,1,1,1,1,1,1,1,1,1,1,1,1,1,1,1,1,1,1,1,1,1,1,1,1,1,1,1,1,1,1,1,1,1,1,1,1,1
173.59959047619046,173.76213015873014,78,62,1,1,1,1,1,1,1,1,1,1,1,1,1,1
173.57637052154195,173.87822993197278,81,49,1,1,1,1,1,1,1,1,1,1,1,1,1,1,1,1,1,1,1,1,1,1,1,1,1,1
173.57637052154195,174.0291596371882,74,59,1,1,1,1,1,1,1,1,1,1,1,1,1,1,1,1,1,1,1,1,1,1,1,1,1,1,1,1,1,1,1,1,1,1,1,1,1,1,1
173.34417097505667,173.61120045351473,52,73,1,1,1,1,1,1,1,1,1,1,1,1,1,1,1,1,1,1,1,1,1,1,1
173.33256099773243,173.56476054421768,76,83,1,1,1,1,1,1,1,1,1,1,1,1,1,1,1,1,1,1,1,1
173.10036145124715,173.83179002267573,55,69,1,1,1,1,1,1,1,1,1,1,1,1,1,1,1,1,1,1,1,1,1,1,1,1,1,1,1,1,1,1,1,1,1,1,1,1,1,1,1,1,1,1,1,1,1,1,1,1,1,1,1,1,1,1,1,1,1,1,1,1,1,1,-2
172.77399818594105,173.10036145124715,55,89,1,1,1,1,1,1,1,1,1,1,1,1,1,1,1,1,1,1,1,1,1,1,1,1,1,1,1,1,1
172.46052879818595,172.62306848072564,79,66,1,1,1,1,1,1,1,1,1,1,1,1,1,1
172.44891882086168,173.01909160997732,76,54,1,1,1,1,1,1,1,1,1,1,1,1,1,1,1,1,1,1,1,1,1,1,1,1,1,1,1,1,1,1,1,1,1,1,1,1,1,1,1,1,1,1,1,1,1,1,1,1,1,1
172.44891882086168,173.34417097505667,52,62,1,1,1,1,1,1,1,1,1,1,1,1,1,1,1,1,1,1,1,1,1,1,1,1,1,1,1,1,1,1,1,1,1,1,1,1,1,1,1,1,1,1,1,1,1,1,1,1,1,1,1,1,1,1,1,1,1,1,1,1,1,1,1,1,1,1,1,1,1,1,1,1,1,1,1,1,1,1
172.36764897959185,173.32095102040816,60,70,1,1,1,1,1,1,1,1,1,1,1,1,1,1,1,1,1,1,1,1,1,1,1,1,1,1,1,1,1,1,1,1,1,1,1,1,1,1,1,1,1,1,1,1,1,1,1,1,1,1,1,1,1,1,1,1,1,1,1,1,1,1,1,1,1,1,1,1,1,1,1,1,1,1,1,1,1,1,1,1,1,1,1
172.36764897959185,172.77399818594105,55,72,1,1,1,1,1,1,1,1,1,1,1,1,1,1,1,1,0,0,0,1,1,1,1,1,1,1,1,1,1,1,1,1,1,1,1
172.21671927437643,172.36764897959185,55,73,1,1,1,1,1,1,1,1,1,1,1,1,1
172.20510929705216,172.46052879818595,79,67,1,1,1,1,1,1,1,1,1,1,1,1,1,1,1,1,1,1,1,1,1,1
172.20510929705216,172.44891882086168,76,77,1,1,1,1,1,1,1,1,1,1,1,1,1,1,1,1,1,1,1,1,1
172.20510929705216,173.51832063492063,48,71,1,1,1,1,1,1,1,1,1,1,1,1,1,1,1,1,1,1,1,1,1,1,1,1,1,1,1,1,1,1,1,1,1,1,1,1,1,1,1,1,1,1,1,1,1,1,1,1,1,1,1,1,1,1,1,1,1,1,1,1,1,1,1,1,1,1,1,1,1,1,1,1,1,1,1,1,1,1,1,1,1,1,1,1,1,1,1,1,1,1,1,1,1,1,1,1,1,1,1,1,1,1,1,1,1,1,1,1,1,1,1,1,1,1
172.07739954648525,172.44891882086168,52,84,1,1,1,1,1,1,1,1,1,1,1,1,1,1,1,1,1,1,1,1,1,1,1,1,1,1,1,1,1,1,1,1
171.76393015873015,172.0309596371882,79,61,1,1,1,1,1,1,1,1,1,1,1,1,1,1,1,1,1,1,1,1,1,1,1
171.76393015873015,172.20510929705216,48,80,1,1,1,1,1,1,1,1,1,1,1,1,1,1,1,1,1,1,1,1,1,1,1,1,1,1,1,1,1,1,1,1,1,1,1,1,1,1
171.7523201814059,172.04256961451247,76,53,1,1,1,1,1,1,1,1,1,1,1,1,1,1,1,1,1,1,1,1,1,1,1,1,1
171.50851065759636,171.7523201814059,76,93,1,1,1,1,1,1,1,1,1,1,1,1,1,1,1,1,1,1,1,1,1
171.50851065759636,171.76393015873015,64,62,1,1,1,1,1,1,1,1,1,1,1,1,1,1,1,1,1,1,1,1,1,1
171.2763111111111,171.50851065759636,76,71,1,1,1,1,1,1,1,1,1,1,1,1,1,1,1,1,1,1,1,1
171.0557215419501,171.64783038548754,59,48,1,1,1,1,1,1,1,1,1,1,1,1,1,1,1,1,1,1,1,1,1,1,1,1,1,1,1,1,1,1,1,1,1,1,1,1,1,1,1,1,1,1,1,1,1,1,1,1,1,1,1
171.04411156462587,171.2763111111111,71,74,1,1,1,1,1,1,1,1,1,1,1,1,1,1,1,1,1,1,1,1
170.84545804988664,171.42724081632653,68,68,1,1,1,1,1,1,1,1,1,1,1,1,1,1,1,1,1,1,1,1,1,1,1,1,1,1,1,1,1,1,1,1,1,1,1,1,1,1,1,1,1,1,1,1,1,1,1,1,1,1,1
170.83384807256238,171.50851065759636,64,61,1,1,1,1,1,1,1,1,1,1,1,1,1,1,1,1,1,1,1,1,1,1,1,1,1,1,1,1,1,1,1,1,1,1,1,1,1,1,1,1,1,1,1,1,1,1,1,1,1,1,1,1,1,1,1,1,1,1,1
170.83384807256238,171.7523201814059,52,66,1,1,1,1,1,1,1,1,1,1,1,1,1,1,1,1,1,1,1,1,1,1,1,1,1,1,1,1,1,1,1,1,1,1,1,1,1,1,1,1,1,1,1,1,1,1,1,1,1,1,1,1,1,1,1,1,1,1,1,1,1,1,1,1,1,1,1,1,1,1,1,1,1,1,1,1,1,1,1,1
170.62486848072564,170.83384807256238,64,87,1,1,1,1,1,1,1,1,1,1,1,1,1,1,1,1,1,1
170.62486848072564,170.83384807256238,52,73,1,1,1,1,1,1,1,1,1,1,1,1,1,1,1,1,1,1
170.40427891156463,171.0557215419501,59,78,1,1,1,1,1,1,1,1,1,1,1,1,1,1,1,1,1,1,1,1,1,1,1,1,1,1,1,1,1,1,1,1,1,1,1,1,1,1,1,1,1,1,1,1,1,1,1,1,1,1,1,1,1,1,1,1,1
170.1372494331066,170.74096825396828,56,82,1,1,1,1,1,1,1,1,1,1,1,1,1,1,1,1,1,1,1,1,1,1,1,1,1,1,1,1,1,1,1,1,1,1,1,1,1,1,1,1,1,1,1,1,1,1,1,1,1,1,1,1
170.12563945578233,170.62486848072564,52,95,1,1,1,1,1,1,1,1,1,1,1,1,1,1,1,1,1,1,1,1,1,1,1,1,1,1,1,1,1,1,1,1,1,1,1,1,1,1,1,1,1,1,1
169.847,170.12563945578233,52,77,1,1,1,1,1,1,1,1,1,1,1,1,1,1,1,1,1,1,1,1,1,1,1,1
169.83539002267574,170.07919954648528,64,61,1,1,1,1,1,1,1,1,1,1,1,1,1,1,1,1,1,1,1,1,1
169.83539002267574,169.98631972789116,59,65,1,1,1,1,1,1,1,1,1,1,1,1,1
169.83539002267574,170.1372494331066,56,66,1,1,1,1,1,1,1,1,1,1,1,1,1,1,1,1,1,1,1,1,1,1,1,1,1,1
169.6960702947846,169.83539002267574,56,91,1,1,1,1,1,1,1,1,1,1,1,1
169.49870068027212,169.73090022675737,47,53,1,1,1,1,1,1,1,1,1,1,1,1,1,1,1,1,1,1,1,1
169.48709070294785,169.83539002267574,59,80,1,1,1,1,1,1,1,1,1,1,1,1,1,1,1,1,1,1,1,1,1,1,1,1,1,1,1,1,1,1
169.3477709750567,169.83539002267574,64,82,1,1,1,1,1,1,1,1,1,1,1,1,1,1,1,1,1,1,1,1,1,1,1,1,1,1,1,1,1,1,1,1,1,1,1,1,1,1,1,1,1,1
169.27811111111112,169.48709070294785,59,73,1,1,1,1,1,1,1,1,1,1,1,1,1,1,1,1,1,1
169.26650113378687,169.45226077097507,68,50,1,1,1,1,1,1,1,1,1,1,1,1,1,1,1,1
169.2548911564626,169.847,52,68,1,1,1,1,1,1,1,1,1,1,1,1,1,1,1,1,1,1,1,1,1,1,1,1,1,1,1,1,1,1,1,1,1,1,1,1,1,1,1,1,1,1,1,1,1,1,1,1,1,1,1
169.24328117913834,169.76573015873018,76,43,1,1,1,1,1,1,1,1,1,1,1,1,1,1,1,1,1,1,1,1,1,1,1,1,1,1,1,1,1,1,1,1,1,1,1,1,1,1,1,1,1,1,1,1,1
169.05752154195014,169.2548911564626,52,69,1,1,1,1,1,1,1,1,1,1,1,1,1,1,1,1,1
169.04591156462587,169.27811111111112,59,80,1,1,1,1,1,1,1,1,1,1,1,1,1,1,1,1,1,1,1,1
168.84725804988662,169.04591156462587,59,51,1,1,1,1,1,1,1,1,1,1,1,1,1,1,1,1,1,1
168.83564807256235,169.05752154195014,52,87,1,1,1,1,1,1,1,1,1,1,1,1,1,1,1,1,1,1,1,1
168.82403809523808,169.6960702947846,56,71,1,1,1,1,1,1,1,1,1,1,1,1,1,1,1,1,1,1,1,1,1,1,1,1,1,1,1,1,1,1,1,1,1,1,1,1,1,1,1,1,1,1,1,1,1,1,1,1,1,1,1,1,1,1,1,1,1,1,1,1,1,1,1,1,1,1,1,1,1,1,1,1,1,1,1,1
168.3828589569161,168.66149841269842,47,74,1,1,1,1,1,1,1,1,1,1,1,1,1,1,1,1,1,1,1,1,1,1,1,1
167.9416798185941,168.34802902494332,76,59,-2,-2,-2,-2,-2,-2,-2,-2,-2,-2,1,1,1,1,1,1,1,1,1,1,1,1,1,1,1,1,1,1,1,1,1,1,1,1,1
167.9416798185941,168.49895873015873,64,48,1,1,1,1,1,1,1,1,1,1,1,1,1,1,1,1,1,1,1,1,1,1,1,1,1,1,1,1,1,1,1,1,1,1,1,1,1,1,1,1,1,1,1,1,1,1,1,1
167.93006984126984,168.25514920634922,68,52,1,1,1,1,1,1,1,1,1,1,1,1,1,1,1,1,1,1,1,1,1,1,1,1,1,1,1,1
167.91845986394557,168.1970993197279,71,49,1,1,1,1,1,1,1,1,1,1,1,1,1,1,1,1,1,1,1,1,1,1,1,1
167.91845986394557,168.42929886621314,57,48,1,1,1,1,1,1,1,1,1,1,1,1,1,1,1,1,1,1,1,1,1,1,1,1,1,1,1,0,1,1,1,1,1,1,1,1,1,1,1,1,1,1,1,1
167.7210902494331,167.9416798185941,75,76,1,1,1,1,1,1,1,1,1,1,1,1,1,1,1,1,1,1,1
167.70948027210883,168.1274394557823,61,68,1,1,1,1,1,1,1,1,1,1,1,1,1,1,1,1,1,1,1,1,1,1,1,1,1,1,1,1,1,1,1,1,1,1,1,1
167.5005006802721,167.7210902494331,76,66,1,1,1,1,1,1,1,1,1,1,1,1,1,1,1,1,1,1,1
167.5005006802721,167.9416798185941,64,76,1,1,1,1,1,1,1,1,1,1,1,1,1,1,1,1,1,1,1,1,1,1,1,1,1,1,1,1,1,1,1,1,1,1,1,1,1,1
167.5005006802721,167.70948027210883,61,71,1,1,1,1,1,1,1,1,1,1,1,1,1,1,1,1,1,1
167.5005006802721,167.67465034013605,57,64,1,1,1,1,1,1,1,1,1,1,1,1,1,1,1
167.32635102040817,167.46567074829932,47,51,1,1,1,1,1,1,1,1,1,1,1,1
167.3147410430839,167.5005006802721,64,70,1,1,1,1,1,1,1,1,1,1,1,1,1,1,1,1
167.3147410430839,167.5005006802721,61,89,1,1,1,1,1,1,1,1,1,1,1,1,1,1,1,1
167.3147410430839,167.5005006802721,57,75,1,1,1,1,1,1,1,1,1,1,1,1,1,1,1,1
167.07093151927438,167.39601088435373,81,40,1,1,1,1,1,1,1,1,1,1,1,1,1,1,1,1,1,1,1,1,1,1,1,1,1,1,1,1
167.07093151927438,167.4772807256236,69,77,1,1,1,1,1,1,1,1,1,1,1,1,1,1,1,1,1,1,1,1,1,1,1,1,1,1,1,1,1,1,1,1,1,1,1
167.0593215419501,167.3147410430839,64,73,1,1,1,1,1,1,1,1,1,1,1,1,1,1,1,1,1,1,1,1,1,1
166.8606680272109,167.3147410430839,57,70,1,1,1,1,1,1,1,1,1,1,1,1,1,1,1,1,1,1,1,1,1,1,1,1,1,1,1,1,1,1,1,1,1,1,1,1,1,1,1,1
166.84905804988662,167.14059138321994,76,51,1,1,1,1,1,1,1,1,1,1,1,1,1,1,1,1,1,1,1,1,1,1,1,1,1,1
166.84905804988662,167.07093151927438,69,73,1,1,1,1,1,1,1,1,1,1,1,1,1,1,1,1,1,1,1,1
166.83744807256235,167.3147410430839,61,82,1,1,1,1,1,1,1,1,1,1,1,1,1,1,1,1,1,1,1,1,1,1,1,1,1,1,1,1,1,1,1,1,1,1,1,1,1,1,1,1,1,1
166.65168843537415,166.7910081632653,47,57,1,1,1,1,1,1,1,1,1,1,1,1
166.61685850340137,166.84905804988662,69,44,1,1,1,1,1,1,1,1,1,1,1,1,1,1,1,1,1,1,1,1
166.61685850340137,166.8606680272109,57,86,1,1,1,1,1,1,1,1,1,1,1,1,1,1,1,1,1,1,1,1,1
166.48914875283447,166.65168843537415,47,71,1,1,1,1,1,1,1,1,1,1,1,1,1,1
166.30338911564627,166.61685850340137,69,65,1,1,1,1,1,1,1,1,1,1,1,1,1,1,1,1,1,1,1,1,1,1,1,1,1,1,1
166.23372925170068,166.55880861678006,61,67,1,1,1,1,1,1,1,1,1,1,1,1,1,1,1,1,1,1,1,1,1,1,1,1,1,1,1,1
165.95508979591838,166.09440952380953,80,39,0,0,0,1,1,1,1,1,1,1,1,1
165.7925501133787,166.071189569161,57,65,1,1,1,1,1,1,1,1,1,1,1,1,1,1,1,1,1,1,1,1,1,1,1,1
165.76933015873016,166.08279954648526,54,55,1,1,1,1,1,1,1,1,1,1,1,1,1,1,1,1,1,1,1,1,1,1,1,1,1,1,1
165.49069070294786,165.82738004535148,76,51,1,1,1,1,1,1,1,1,1,1,1,1,1,1,1,1,1,1,1,1,1,1,1,1,1,1,1,1,1
165.2933210884354,165.56035056689342,73,45,1,1,1,1,1,1,1,1,1,1,1,1,1,1,1,1,1,1,1,1,1,1,1
165.09595147392292,165.7925501133787,57,60,0,1,1,1,1,1,1,1,1,1,1,1,1,1,1,1,1,1,1,1,1,1,1,1,1,1,1,1,1,1,1,1,1,1,1,1,1,1,1,1,1,1,1,1,1,1,1,1,1,1,1,1,1,1,1,1,1,1,1,1
164.99146167800455,165.23527120181407,73,57,1,1,1,1,1,1,1,1,1,1,1,1,1,1,1,1,1,1,1,1,1
164.96824172335602,165.2236612244898,76,43,1,1,4,4,4,4,1,1,1,1,1,1,1,1,1,1,1,1,1,1,1,1
164.9101918367347,166.0363596371882,42,50,1,1,1,1,1,1,1,2,0,1,1,1,1,1,1,1,1,1,1,1,1,1,1,1,1,1,1,1,1,1,1,1,1,1,1,1,1,1,1,1,1,1,1,1,1,1,1,1,1,1,1,1,1,1,1,1,1,1,1,1,1,1,1,1,1,1,1,1,1,1,1,1,1,1,1,1,1,1,1,2,2,2,0,0,0,0,1,1,1,1,1,1,1,1,1,1,1
164.8869718820862,165.10756145124716,49,61,1,1,1,1,1,1,1,1,1,1,1,1,1,1,1,1,1,1,1
164.69992834467118,164.9101918367347,42,85,1,1,1,1,1,1,1,1,1,1,1,1,1,1,1,1,1,1,1
164.68831836734694,164.97985170068029,61,55,1,1,1,1,1,1,1,1,1,1,1,1,1,1,1,1,1,1,1,1,1,1,1,1,1,1
164.67670839002267,164.99146167800455,73,60,1,1,1,1,1,1,1,1,1,1,1,1,1,1,1,1,1,1,1,1,1,1,1,1,1,1,1,1
164.2587492063492,164.51416870748298,56,64,1,1,1,1,1,1,1,1,1,1,1,1,1,1,1,1,1,1,1,1,1,1
163.7827401360544,164.2587492063492,56,48,1,1,1,1,1,1,1,1,1,1,1,1,1,1,1,1,1,1,1,1,1,1,1,1,1,1,1,1,1,1,1,1,1,1,1,1,1,1,1,1,1
163.58537052154193,164.02654965986395,59,65,1,1,1,1,1,1,1,1,1,1,1,1,1,1,1,1,1,1,1,1,1,1,1,1,1,1,1,1,1,1,1,1,1,1,1,1,1,1
162.46952879818593,162.67850839002267,56,63,1,1,1,1,1,1,1,1,1,1,1,1,1,1,1,1,1,1
162.4579188208617,162.6088485260771,80,60,1,1,1,1,1,1,1,1,1,1,1,1,1
162.4579188208617,162.63206848072562,59,41,1,1,1,1,1,1,1,1,1,1,1,1,1,1,1
162.28376916099774,162.4579188208617,59,59,1,1,1,1,1,1,1,1,1,1,1,1,1,1,1
162.2373292517007,162.4579188208617,81,74,1,1,1,1,1,1,1,1,1,1,1,1,1,1,1,1,1,1,1
162.2373292517007,162.62045850340135,47,45,1,2,2,2,1,1,1,1,1,1,1,1,1,1,1,1,1,1,1,1,1,1,1,1,1,1,1,1,1,1,1,1,1
161.80776009070294,161.99351972789117,80,60,1,1,1,1,1,1,1,1,1,1,1,1,1,1,1,1
161.80776009070294,162.03995963718822,68,49,1,1,1,1,1,1,1,1,1,1,1,1,1,1,1,1,1,1,1,1
161.80776009070294,162.28376916099774,59,58,1,1,1,1,1,1,1,1,1,1,1,1,1,1,1,1,1,1,1,1,1,1,1,1,1,1,1,1,1,1,1,1,1,1,1,1,1,1,1,1,1
161.7961501133787,161.93546984126985,56,60,1,1,1,1,1,1,1,1,1,1,1,1
161.58717052154196,161.7613201814059,51,64,1,1,1,1,1,1,1,1,1,1,1,1,1,1,1
161.5755605442177,161.73810022675738,85,50,1,1,1,1,1,1,1,1,1,1,1,1,1,1
161.38980090702947,161.58717052154196,51,82,1,1,1,1,1,1,1,1,1,1,1,1,1,1,1,1,1
161.14599138321995,161.36658095238096,80,54,1,1,1,1,1,1,1,1,1,1,1,1,1,1,1,1,1,1,1
161.13438140589568,161.43624081632655,75,41,1,1,1,1,1,1,1,1,1,1,1,1,1,1,1,1,1,1,1,1,1,1,1,1,1,1
161.13438140589568,161.7961501133787,56,56,0,0,0,1,1,1,1,1,1,1,1,1,1,1,1,1,1,1,1,1,1,1,1,1,1,1,1,1,1,1,1,1,1,1,1,1,1,1,1,1,1,1,1,1,1,1,1,1,1,1,1,1,1,1,1,1,1
160.90089795918368,161.13438140589568,56,71,1,1,1,1,1,1,1,1,1,1,1,1,1,1,1,1,1,1,1,1,1
160.8892879818594,161.0763315192744,64,55,1,1,1,1,1,1,1,1,1,1,1,1,1,1,1,1,1
160.6803083900227,160.8892879818594,85,57,1,1,1,1,1,1,1,1,1,1,1,1,1,1,1,1,1,1
160.6803083900227,161.27370113378686,61,73,1,1,1,1,1,1,1,1,1,1,1,1,1,1,1,1,1,1,1,1,1,1,1,1,1,1,1,1,1,1,1,1,1,1,1,1,1,1,1,1,0,0,0,0,1,1,1,1,1,1,1,1
160.4829387755102,160.6803083900227,61,90,1,1,1,1,1,1,1,1,1,1,1,1,1,1,1,1,1
160.47132879818597,160.8892879818594,64,82,1,1,1,1,1,1,1,1,1,1,1,1,1,1,1,1,1,1,1,1,1,1,1,1,1,1,1,1,1,1,1,1,1,1,1,1
160.25073922902496,160.4829387755102,61,93,1,1,1,1,1,1,1,1,1,1,1,1,1,1,1,1,1,1,1,1
160.2042993197279,160.47132879818597,64,83,1,1,1,1,1,1,1,1,1,1,1,1,1,1,1,1,1,1,1,1,1,1,1
160.03014965986395,160.19268934240364,76,37,1,1,1,1,1,1,1,1,1,1,1,1,1,1
160.03014965986395,160.2042993197279,64,76,1,1,1,1,1,1,1,1,1,1,1,1,1,1,1
159.69346031746034,160.25073922902496,61,72,1,1,1,1,1,1,1,1,1,1,1,1,1,1,1,1,1,1,1,1,1,1,1,1,1,1,1,1,1,1,1,1,1,1,1,1,1,1,1,1,1,1,1,1,1,1,1,1
159.40321088435377,159.69346031746034,61,55,1,1,1,1,1,1,1,1,1,1,1,1,1,1,1,1,1,1,1,1,1,1,1,1,1
159.40321088435377,160.01853968253968,56,70,1,1,1,1,1,1,1,1,1,1,1,1,1,1,1,1,1,1,1,1,1,1,1,1,1,1,1,1,1,1,1,1,1,1,1,1,1,1,1,1,1,1,1,1,1,1,1,1,1,1,1,1,1
159.40321088435377,159.77473015873016,49,74,1,1,1,1,1,1,1,1,1,1,1,1,1,1,1,1,1,1,1,1,1,1,1,1,1,1,1,1,1,1,1,1
159.2290612244898,159.40321088435377,56,54,1,1,1,1,1,1,1,1,1,1,1,1,1,1,1
158.93881179138324,159.40321088435377,61,78,1,1,1,1,1,1,1,1,1,1,1,1,1,1,1,1,1,1,1,1,1,1,1,1,1,1,1,1,1,1,1,1,1,1,1,1,1,1,1,1
158.92720181405898,159.20584126984127,76,54,1,1,1,1,1,1,1,1,1,1,1,1,1,1,1,1,1,1,1,1,1,1,1,1
158.68210839002268,158.9852517006803,80,55,1,1,1,1,1,1,1,1,1,1,1,1,1,1,1,1,1,1,1,1,1,1,1,1,1,1,1
158.68210839002268,158.92720181405898,76,67,1,1,1,1,1,1,1,1,1,1,1,1,1,1,1,1,1,1,1,1,1,1
158.68210839002268,158.99686167800454,64,76,1,1,1,1,1,1,1,1,1,1,1,1,1,1,1,1,1,1,1,1,1,1,1,1,1,1,1,1
158.68210839002268,158.93881179138324,61,65,1,1,1,1,1,1,1,1,1,1,1,1,1,1,1,1,1,1,1,1,1,1,1
158.4847387755102,158.68210839002268,61,75,1,1,1,1,1,1,1,1,1,1,1,1,1,1,1,1,1
158.25253922902493,158.3918589569161,76,51,1,1,1,1,1,1,1,1,1,1,1,1
158.25253922902493,158.68210839002268,64,85,1,1,1,1,1,1,1,1,1,1,1,1,1,1,1,1,1,1,1,1,1,1,1,1,1,1,1,1,1,1,1,1,1,1,1,1,1
158.25253922902493,158.56600861678004,52,36,1,1,1,1,1,1,1,1,1,1,1,1,1,1,1,1,1,1,1,1,1,1,1,1,1,1,1
158.24092925170066,158.38024897959184,80,38,0,0,0,0,0,1,1,1,1,1,1,1
158.0435596371882,158.25253922902493,76,68,1,1,1,1,1,1,1,1,1,1,1,1,1,1,1,1,1,1
158.03194965986395,158.4847387755102,61,89,1,1,1,1,1,1,1,1,1,1,1,1,1,1,1,1,1,1,1,1,1,1,1,1,1,1,1,1,1,1,1,1,1,1,1,1,1,1,1
157.6023804988662,158.0435596371882,76,51,1,1,1,1,1,1,1,1,1,1,1,1,1,1,1,1,1,1,1,1,1,1,1,1,1,1,1,1,1,1,1,1,1,1,1,1,1,1
157.6023804988662,158.03194965986395,61,78,1,1,1,1,1,1,1,1,1,1,1,1,1,1,1,1,1,1,1,1,1,1,1,1,1,1,1,1,1,1,1,1,1,1,1,1,1
157.6023804988662,158.08999954648525,49,38,1,1,1,1,1,1,1,1,1,1,1,1,1,1,1,1,1,1,1,1,1,1,1,1,1,1,1,1,1,1,1,1,1,1,1,1,1,1,1,1,1,1
157.59077052154194,157.79975011337868,52,58,1,1,1,1,1,1,1,1,1,1,1,1,1,1,1,1,1,1
157.33535102040815,157.59077052154194,71,72,1,1,1,1,1,1,1,1,1,1,1,1,1,1,1,1,1,1,1,1,1,1
157.11476145124715,157.71848027210885,68,59,1,1,1,1,1,1,1,1,1,1,1,1,1,1,1,1,1,1,1,1,1,1,1,1,1,1,1,1,1,1,1,1,1,1,1,1,1,1,1,1,1,1,1,1,1,1,1,1,1,1,1,1
157.1031514739229,157.6023804988662,61,93,1,1,1,1,1,1,1,1,1,1,1,1,1,1,1,1,1,1,1,1,1,1,1,1,1,1,1,1,1,1,1,1,1,1,1,1,1,1,1,1,1,1,1
156.9044979591837,157.1031514739229,61,108,1,1,1,1,1,1,1,1,1,1,1,1,1,1,1,1,1,1
156.741958276644,156.9044979591837,59,78,1,1,1,1,1,1,1,1,1,1,1,1,1,1
156.4865387755102,156.99866167800454,52,82,1,1,1,1,1,1,1,1,1,1,1,1,1,1,1,1,1,1,1,1,1,1,1,1,1,1,1,1,1,1,1,1,1,1,1,1,1,1,1,1,1,1,1,1,1
156.44009886621316,156.86966802721088,56,73,1,1,1,1,1,1,1,1,1,1,1,1,1,1,1,1,1,1,1,1,1,1,1,1,1,1,1,1,1,1,1,1,1,1,1,1,1
156.2659492063492,156.70712834467122,40,56,0,0,0,1,1,1,1,1,1,1,1,1,1,1,1,1,1,1,1,1,1,1,1,1,1,1,1,1,1,1,1,1,1,1,1,1,1,1
156.21950929705216,156.37043900226757,64,40,1,1,0,1,1,1,1,1,1,1,1,1,1
156.21950929705216,156.40526893424038,59,51,1,1,1,1,1,1,1,1,1,1,1,1,1,1,1,1
156.21950929705216,156.4865387755102,52,96,1,1,1,1,1,1,1,1,1,1,1,1,1,1,1,1,1,1,1,1,1,1,1
155.77833015873017,155.9524798185941,52,72,1,1,1,1,1,1,1,1,1,1,1,1,1,1,1
155.77833015873017,155.9873097505669,40,54,1,1,1,1,1,1,1,1,1,1,1,1,1,1,1,1,1,1
155.5461306122449,155.9292598639456,47,71,1,1,1,1,1,1,1,1,1,1,1,1,1,1,1,1,1,1,1,1,1,1,1,1,1,1,1,1,1,1,1,1,1
155.34876099773243,155.77833015873017,40,46,1,1,1,1,1,1,1,1,1,1,1,1,1,1,1,1,1,1,1,1,1,1,1,1,1,1,1,1,1,1,1,1,1,1,1,1,1
155.33715102040816,155.77833015873017,52,90,1,1,1,1,1,1,1,1,1,1,1,1,1,1,1,1,1,1,1,1,1,1,1,1,1,1,1,1,1,1,1,1,1,1,1,1,1,1
155.12817142857145,155.82477006802722,56,71,1,1,1,1,1,1,1,1,1,1,1,1,1,1,1,1,1,1,1,1,1,1,1,1,1,1,1,1,1,1,1,1,1,1,1,1,1,1,1,1,1,1,1,1,1,1,1,1,1,1,1,1,1,1,1,1,1,1,1,1
154.94112789115644,155.40681088435375,59,73,1,1,1,1,1,1,1,1,1,1,1,1,1,1,1,1,1,1,1,1,1,1,1,1,1,1,1,1,1,1,1,1,1,1,1,1,1,1,1,1,1
154.7089283446712,155.12817142857145,56,78,1,1,1,1,1,1,1,1,1,1,1,1,1,1,1,1,1,1,1,1,1,1,1,1,1,1,1,1,1,1,1,1,1,1,1,1,1
154.49994875283446,154.8598580498866,71,68,1,1,1,1,1,1,1,1,1,1,1,1,1,1,1,1,1,1,1,1,1,1,1,1,1,1,1,1,1,1,1
154.49994875283446,155.33715102040816,52,74,1,1,1,1,1,1,1,1,1,1,1,1,1,1,1,1,1,1,1,1,1,1,1,1,1,1,1,1,1,1,1,1,1,1,1,1,1,1,1,1,1,1,1,1,1,1,1,1,1,1,1,1,1,1,1,1,1,1,1,1,1,1,1,1,1,1,1,1,1,1,1,1,1
154.31418911564626,155.5461306122449,47,61,1,1,1,1,1,1,1,1,1,1,1,1,1,1,1,1,1,1,1,1,1,1,1,1,1,1,1,1,1,1,1,1,1,1,1,1,1,1,1,1,1,1,1,1,1,1,1,1,1,1,1,1,1,1,1,1,1,1,1,1,1,1,1,1,1,1,1,1,1,1,1,1,1,1,1,1,1,1,1,1,1,1,1,1,1,1,1,1,1,1,1,1,1,1,1,1,1,1,1,1,1,1,1,1,0,0,0
154.09359954648525,154.49994875283446,52,69,1,1,1,1,1,1,1,1,1,1,1,1,1,1,1,1,1,1,1,1,1,0,0,0,0,0,0,1,1,1,1,1,1,1,1
153.84979002267573,154.09359954648525,51,77,1,1,1,1,1,1,1,1,1,1,1,1,1,1,1,1,1,1,1,1,1
153.81496009070293,154.0703795918367,73,66,1,1,1,1,1,1,1,1,1,1,1,1,1,1,1,1,1,1,1,1,1,1
153.81496009070293,154.01232970521542,54,72,1,1,1,1,1,1,1,1,1,1,1,1,1,1,1,1,1
153.74530022675737,153.9194498866213,47,55,1,1,1,1,1,1,1,1,1,1,1,1,1,1,1
153.61759047619046,153.81496009070293,54,71,1,1,1,1,1,1,1,1,1,1,1,1,1,1,1,1,1
153.3853909297052,153.79174013605441,75,76,1,1,1,1,1,1,1,1,1,1,1,1,1,1,1,1,1,1,1,1,1,1,1,1,1,1,1,1,1,1,1,1,1,1,1
153.3853909297052,153.75691020408163,63,66,1,1,1,1,1,1,1,1,1,1,1,1,1,1,1,1,1,1,1,1,1,1,1,1,1,1,1,1,1,1,1,1
153.3853909297052,153.79174013605441,59,68,1,1,1,1,1,1,1,1,1,1,1,1,1,1,1,1,1,1,1,1,1,1,1,1,1,1,1,1,1,1,1,1,1,1,1
153.3853909297052,153.74530022675737,47,62,1,1,1,1,1,1,1,1,1,1,1,1,1,1,1,1,1,1,1,1,1,1,1,1,1,1,1,1,1,1,1
153.17641133786847,153.3853909297052,75,43,1,1,1,1,1,1,1,1,1,1,1,1,1,1,1,1,1,1
153.17641133786847,153.3853909297052,63,73,1,1,1,1,1,1,1,1,1,1,1,1,1,1,1,1,1,1
152.96614784580498,153.18802131519274,78,60,-5,1,1,1,1,1,1,1,1,1,1,1,1,1,1,1,1,1,1,1
152.96614784580498,153.3853909297052,59,79,1,1,1,1,1,1,1,1,1,1,1,1,1,1,1,1,1,1,1,1,1,1,1,1,1,1,1,1,1,1,1,1,1,1,1,1,1
152.9545378684807,153.3853909297052,47,73,1,1,1,1,1,1,1,1,1,1,1,1,1,1,1,1,1,1,1,1,1,1,1,1,1,1,1,1,1,1,1,1,1,1,1,1,1,1
152.90809795918366,153.61759047619046,54,64,1,1,1,1,1,1,1,1,1,1,1,1,1,1,1,1,1,1,1,1,1,1,1,1,1,1,1,1,1,1,1,1,1,1,1,1,1,1,1,1,1,1,1,1,1,1,1,1,1,1,1,1,1,1,1,1,1,1,1,1,1,1
152.745558276644,152.99065170068027,76,73,1,1,1,1,1,1,1,1,1,1,1,1,1,1,1,1,1,1,1,1,1,1
152.745558276644,153.17641133786847,51,64,1,1,1,1,1,1,1,1,1,1,1,1,1,1,1,1,1,1,1,1,1,1,1,1,1,1,1,1,1,1,1,1,1,1,1,1,1,1
152.73394829931974,152.89648798185942,61,57,1,1,1,1,1,1,1,1,1,1,1,1,1,1
152.73394829931974,152.90809795918366,54,66,1,1,1,1,1,1,1,1,1,1,1,1,1,1,1
152.72233832199547,153.31573106575962,39,48,1,1,1,1,1,1,1,1,1,1,1,1,1,1,1,1,1,1,1,1,1,1,1,1,1,1,1,1,1,1,1,1,1,1,1,1,1,1,1,1,1,1,1,1,1,1,1,1,1,1,1,1
152.524968707483,152.745558276644,51,57,1,1,1,1,1,1,1,1,1,1,1,1,1,1,1,1,1,1,1
152.31598911564626,152.9545378684807,47,75,1,1,1,1,1,1,1,1,1,1,1,1,1,1,1,1,1,1,1,1,1,1,1,1,1,1,1,1,1,1,1,1,1,1,1,1,1,1,1,1,1,1,1,1,1,1,1,1,1,1,1,1,1,1,1
152.13022947845806,152.3624290249433,52,69,1,1,1,1,1,1,1,1,1,1,1,1,1,1,1,1,1,1,1,1
152.09539954648525,152.44369886621314,49,77,1,1,1,1,1,1,1,1,1,1,1,1,1,1,1,1,1,1,1,1,1,1,1,1,1,1,1,1,1,-5
152.07217959183674,152.51335873015873,75,71,1,1,1,1,1,1,1,1,1,1,1,1,1,1,1,1,1,1,1,1,1,1,1,1,1,1,1,1,1,1,1,1,1,1,1,1,1,1
151.85159002267574,152.06056961451247,76,78,1,1,1,1,1,1,1,1,1,1,1,1,1,1,1,1,1,1
151.85159002267574,152.06056961451247,73,64,1,1,1,1,1,1,1,1,1,1,1,1,1,1,1,1,1,1
151.85159002267574,152.22310929705216,57,62,1,1,1,1,1,1,1,1,1,1,1,1,1,1,1,1,1,1,1,1,1,1,1,1,1,1,1,1,1,1,1,1
151.85159002267574,152.13022947845806,52,87,1,1,1,1,1,1,1,1,1,1,1,1,1,1,1,1,1,1,1,1,1,1,1,1
151.85159002267574,152.0489596371882,45,63,1,1,1,1,1,1,1,1,1,1,1,1,1,1,1,1,1
151.72388027210886,151.94446984126984,64,30,-8,-8,-8,-8,-8,-8,-8,-8,-8,-8,1,1,1,1,1,1,1,1,1
151.7122702947846,151.85159002267574,52,68,1,1,1,1,1,1,1,1,1,1,1,1
151.57295056689344,151.85159002267574,45,79,1,1,1,1,1,1,1,1,1,1,1,1,1,1,1,1,1,1,1,1,1,1,1,1
151.422020861678,151.85159002267574,73,52,1,1,1,1,1,1,1,1,1,1,1,1,1,1,1,1,1,1,1,0,0,0,1,1,1,1,1,1,1,1,1,1,1,1,1,1,1
151.422020861678,152.4320888888889,61,67,1,1,1,1,1,1,1,1,1,1,1,1,1,1,1,1,1,1,1,1,1,1,1,1,1,1,1,1,1,1,1,1,1,1,1,1,1,1,1,1,1,1,1,1,1,1,1,1,1,1,1,1,1,1,1,1,1,1,1,1,1,1,1,1,1,1,1,1,1,1,1,1,1,1,1,1,1,1,1,1,1,1,1,1,1,1,1
151.22465124716553,151.422020861678,73,38,1,1,1,1,1,1,1,1,1,1,1,1,1,1,1,1,1
151.22465124716553,151.422020861678,61,60,1,1,1,1,1,1,1,1,1,1,1,1,1,1,1,1,1
151.21304126984128,151.642610430839,69,87,1,1,1,1,1,1,1,1,1,1,1,1,1,1,1,1,1,1,1,1,1,1,1,1,1,1,1,1,1,1,1,1,1,1,1,1,1
151.21304126984128,151.85159002267574,57,57,1,1,1,1,1,1,1,1,1,1,1,1,1,1,1,1,1,2,2,2,1,1,1,1,1,1,1,1,1,1,1,1,1,1,1,1,1,1,1,1,1,1,1,1,1,1,1,1,1,1,1,1,1,1,1
151.0156716553288,151.21304126984128,69,78,1,1,1,1,1,1,1,1,1,1,1,1,1,1,1,1,1
151.0156716553288,151.7122702947846,52,68,1,1,1,1,1,1,1,1,1,1,1,1,1,1,1,1,1,1,1,1,1,1,1,1,1,1,1,1,1,1,1,1,1,1,1,1,1,1,1,1,1,1,1,1,1,1,1,1,1,1,1,1,1,1,1,1,1,1,1,1
151.00406167800455,151.22465124716553,73,45,1,1,1,1,1,1,1,1,1,1,1,1,1,1,1,1,1,1,1
150.97955782312926,151.10855147392292,40,30,0,1,1,0,0,1,1,1,1,1,1,1
150.967947845805,151.22465124716553,61,71,1,1,1,1,1,1,1,1,1,1,1,1,1,1,1,1,1,1,1,1,1,1,1
150.95633786848074,151.08533151927438,49,50,1,1,1,1,1,1,1,1,1,1,1,1
150.79379818594106,150.95633786848074,49,58,2,1,1,1,1,1,1,1,1,1,1,1,1,1
150.7821882086168,151.0156716553288,69,88,1,1,1,1,1,1,1,1,1,1,1,1,1,1,1,1,1,1,1,1,1
150.71252834467123,151.57295056689344,45,76,1,1,1,1,1,1,1,1,1,1,1,1,1,1,1,1,1,1,1,1,1,1,1,1,1,1,1,1,1,1,1,1,1,1,1,1,1,1,1,1,1,1,1,1,1,1,1,1,1,1,1,1,1,1,1,1,1,1,1,1,1,1,1,1,1,1,1,1,1,1,1,1,1,1,1
150.70091836734696,151.21304126984128,57,68,1,1,1,1,1,1,1,1,1,1,1,1,1,1,1,1,1,1,1,1,1,1,1,1,1,1,1,1,1,1,1,1,1,1,1,1,1,1,1,1,1,1,1,1,1
150.44549886621317,150.60803854875286,47,53,1,1,1,1,1,1,1,1,0,1,1,1,1,1
150.37583900226758,150.79379818594106,73,51,1,1,1,1,1,1,1,1,1,1,1,1,1,1,1,1,1,1,1,1,1,1,1,1,1,1,1,1,1,1,1,1,1,1,1,1
150.3642290249433,150.5964285714286,52,60,1,1,1,1,1,1,1,1,1,1,1,1,1,1,1,1,1,1,1,1
150.3642290249433,150.5035487528345,40,60,1,1,1,1,1,1,1,1,1,1,1,1
150.23651927437643,150.39905895691612,42,42,1,1,1,1,1,1,1,1,2,2,-5,-5,-5,-5
150.14363945578233,150.306179138322,49,54,1,1,0,0,0,1,1,1,1,1,1,1,1,1
150.01592970521543,150.3642290249433,40,63,1,1,1,1,1,1,1,1,1,1,1,1,1,1,1,1,1,1,1,1,1,1,1,1,1,1,1,1,1,1
149.76051020408164,150.03914965986397,47,50,1,1,1,1,1,1,1,1,1,0,0,0,0,0,0,1,0,0,0,0,0,1,0,0
149.74890022675737,150.09719954648529,78,52,1,1,1,1,1,1,1,1,1,1,1,1,1,1,1,1,1,1,1,1,1,1,1,1,1,1,1,1,1,1
149.73729024943313,150.13202947845807,59,73,1,1,1,1,1,1,1,1,1,1,1,1,1,1,1,1,1,1,1,1,1,1,1,1,1,1,1,1,1,1,1,1,1,1
149.49348072562358,150.306179138322,56,67,1,1,1,1,1,1,1,1,1,1,1,1,1,1,1,1,1,1,1,1,1,1,1,1,1,1,1,1,1,1,1,1,1,1,1,1,1,1,1,1,1,1,1,1,1,1,1,1,1,1,1,1,1,1,1,1,1,1,1,1,1,1,1,1,1,1,1,1,1,1
149.48187074829934,149.76051020408164,47,58,0,0,1,1,1,1,1,1,1,1,1,1,1,1,1,1,1,1,1,1,1,1,1,1
149.4354308390023,149.74890022675737,40,66,1,1,1,1,1,1,1,1,1,1,1,1,1,1,1,1,1,1,1,1,1,1,1,1,1,1,1
149.3077210884354,149.5283106575964,80,63,1,1,1,1,1,1,1,1,1,1,1,1,1,1,1,1,1,1,1
149.3077210884354,150.3642290249433,52,66,1,1,1,1,1,1,1,1,1,1,1,1,1,1,1,1,1,1,1,1,1,1,1,1,1,1,1,1,1,1,1,1,1,1,1,1,1,1,1,1,1,1,1,1,1,1,1,1,1,1,1,1,1,1,1,1,1,1,1,1,1,1,1,1,1,1,1,1,1,1,1,1,1,1,1,1,1,1,1,1,1,1,1,1,1,1,1,1,1,1,1
149.0523015873016,149.48187074829934,47,73,1,1,1,1,1,1,1,1,1,1,1,1,1,1,1,1,1,1,0,0,0,1,1,1,1,1,1,1,1,1,1,1,1,1,1,1,0
148.9000879818594,149.0523015873016,47,77,1,1,1,1,1,1,1,1,1,1,1,1,1,1
148.88847800453513,149.19162131519275,59,57,1,1,1,1,1,1,1,1,1,1,1,1,1,1,1,1,1,1,1,1,1,1,1,1,1,1,1
148.88847800453513,149.3077210884354,52,61,1,1,1,1,1,1,1,1,1,1,1,1,1,1,1,1,1,1,1,1,1,1,1,1,1,1,1,1,1,1,1,1,1,1,1,1,1
148.88847800453513,149.01747165532882,40,38,1,1,1,1,1,1,1,1,1,1,1,1
148.65627845804988,148.9000879818594,47,84,1,1,1,1,1,1,1,1,1,1,1,1,1,1,1,1,1,1,1,1,1
148.44729886621315,148.88847800453513,52,87,0,1,1,1,1,1,1,1,1,1,1,1,1,1,1,1,1,1,1,1,1,1,1,1,1,1,1,1,1,1,1,1,1,1,1,1,1,1
148.24992925170068,148.84203809523808,56,74,1,1,1,1,1,1,1,1,1,1,1,1,1,1,1,1,1,1,1,1,1,1,1,1,1,1,1,1,1,1,1,1,1,1,1,1,1,1,1,1,1,1,1,1,1,1,1,1,1,1,1
148.02933968253967,148.88847800453513,59,64,1,1,1,1,1,1,1,1,1,1,1,1,1,1,1,1,1,1,1,1,1,1,1,1,1,1,1,1,1,1,1,1,1,1,1,1,1,1,1,1,1,1,1,1,1,1,1,1,1,1,1,1,1,1,1,1,1,1,1,1,1,1,1,1,1,1,1,1,1,1,1,1,1,1
147.8319700680272,148.24992925170068,56,73,1,1,1,1,1,1,1,1,1,1,1,1,1,1,1,1,1,1,1,1,1,1,1,1,1,1,1,1,1,1,1,1,1,1,1,1
147.8319700680272,148.44729886621315,52,80,1,1,1,1,1,1,1,1,1,1,1,1,1,1,1,1,1,1,1,1,1,1,1,1,1,1,1,1,1,1,1,1,1,1,1,1,1,1,1,1,1,1,1,1,1,1,1,1,1,1,1,1,0
147.39079092970522,148.65627845804988,47,68,1,1,1,1,1,1,1,1,1,1,1,1,1,1,1,1,1,1,1,1,1,1,1,1,1,1,1,1,1,1,1,1,1,1,1,1,1,1,1,1,1,1,1,1,1,1,1,1,1,1,1,1,1,1,1,1,1,1,1,1,1,1,1,1,1,1,1,1,1,1,1,1,1,1,1,1,1,1,1,1,1,1,1,1,1,1,1,1,1,1,1,1,1,1,1,1,1,1,1,1,1,1,1,1,1,1,1,1,1
147.205031292517,147.43723083900227,73,56,1,1,1,1,1,1,1,1,1,1,1,1,1,1,1,1,1,1,1,1
147.205031292517,147.8319700680272,52,53,1,1,1,1,1,1,1,1,1,1,1,1,1,1,1,1,1,1,1,1,1,1,1,1,1,1,1,1,1,1,1,1,1,1,1,1,1,1,1,1,1,1,1,1,1,1,1,1,1,1,1,1,1,1
147.19342131519275,147.7390902494331,40,54,1,1,1,1,1,1,1,1,1,1,1,1,1,1,1,1,1,1,1,1,1,1,1,1,0,0,0,0,1,1,1,1,1,1,1,1,1,1,1,1,1,1,1,1,1,1,1
146.98315782312926,147.205031292517,73,58,1,1,1,1,1,1,1,1,1,1,1,1,1,1,1,1,1,1,1,1
146.98315782312926,147.205031292517,51,78,1,1,1,1,1,1,1,1,1,1,1,1,1,1,1,1,1,1,1,1
146.971547845805,147.12376145124716,42,51,1,1,1,1,1,1,1,1,1,1,1,1,1,1
146.77417823129252,146.99476780045353,76,77,1,1,1,1,1,1,1,1,1,1,1,1,1,1,1,1,1,1,1
146.76256825396825,147.39079092970522,54,57,1,1,1,1,1,1,1,1,1,1,1,1,1,1,1,1,1,1,1,1,1,1,1,1,1,1,1,1,1,1,1,1,1,1,1,1,1,1,1,1,1,1,1,1,1,1,1,1,1,1,1,1,1,1,1
146.57680861678006,147.08893151927438,47,61,1,1,1,1,1,1,1,1,1,1,1,1,1,1,1,1,1,1,1,1,1,1,1,1,1,1,1,1,1,1,1,1,1,1,1,1,1,1,1,1,1,1,1,1,1
146.5651986394558,147.06571156462584,59,71,1,1,1,1,1,1,1,1,1,1,1,1,1,1,1,1,1,1,1,1,1,1,1,1,1,1,1,1,1,1,1,1,1,1,1,1,1,1,1,1,1,1,1,1
146.36782902494332,146.76256825396825,54,58,1,1,1,1,1,1,1,1,1,1,1,1,1,1,1,1,1,1,1,1,1,1,1,1,1,1,1,1,1,1,1,1,1,1
146.35621904761905,146.76256825396825,63,66,1,1,1,1,1,1,1,1,1,1,1,1,1,1,1,1,1,1,1,1,1,1,1,1,1,1,1,1,1,1,1,1,1,1,1
146.34460907029478,146.54197868480728,78,65,1,1,1,1,1,1,1,1,1,1,1,1,1,1,1,1,1
146.34460907029478,146.5651986394558,59,84,1,1,1,1,1,1,1,1,1,1,1,1,1,1,1,1,1,1,1
146.34460907029478,146.57680861678006,47,56,1,1,1,1,1,1,1,1,0,0,0,0,1,1,1,1,1,1,1,1
146.1472394557823,146.34460907029478,47,56,1,1,1,1,1,1,1,1,1,1,1,1,1,1,1,1,1
146.13562947845804,146.34460907029478,59,83,1,1,1,1,1,1,1,1,1,1,1,1,1,1,1,1,1,1
146.0311396825397,146.32138911564627,51,70,1,1,1,1,1,1,1,1,1,1,1,1,1,1,1,1,1,1,1,1,1,1,1,1,1
145.92664988662133,146.36782902494332,54,68,1,1,1,1,1,1,1,1,1,1,1,1,1,1,1,1,1,1,1,1,1,1,1,1,1,1,1,1,1,1,1,1,1,1,1,1,1,1
145.91503990929706,146.15884943310658,80,69,1,1,1,1,1,1,1,1,1,1,1,1,1,1,1,1,1,1,1,1,1
145.91503990929706,146.27494920634922,61,54,1,1,1,1,1,1,1,1,1,1,1,1,1,1,1,1,1,1,1,1,1,-5,-5,-5,-5,-5,-5,-5,-5,-5,-5
145.78733015873016,146.1472394557823,47,56,1,1,1,1,1,1,1,1,1,1,1,1,1,1,1,1,1,1,1,1,1,1,1,1,1,1,1,1,1,1,1
145.76411020408165,146.0311396825397,51,68,1,1,1,1,1,1,1,1,1,1,1,1,1,1,1,1,1,1,1,1,1,1,1
145.62479047619047,145.78733015873016,47,69,1,1,1,1,1,1,1,1,1,1,1,1,1,1
145.35776099773244,145.69445034013606,49,53,1,1,1,1,1,1,1,1,1,1,1,1,1,1,1,1,1,1,1,1,1,1,1,1,1,1,1,1,1
145.0559015873016,145.70606031746033,52,70,1,1,1,1,1,1,1,1,1,1,1,1,1,1,1,1,1,1,1,1,1,1,1,1,1,1,1,1,1,1,1,1,1,1,1,1,1,1,1,1,1,1,1,1,1,1,1,1,1,1,1,1,1,1,1,1
145.04429160997734,145.53191065759637,61,60,1,1,1,1,1,1,1,1,1,1,1,1,1,1,1,1,1,1,1,1,1,1,1,1,1,1,1,1,1,1,1,1,1,1,1,1,1,1,1,1,1,1
145.04429160997734,145.4622507936508,57,77,1,1,1,1,1,1,1,1,1,1,1,1,1,1,1,1,1,1,1,1,1,1,1,1,1,1,1,1,1,1,1,1,1,1,1,1
145.04429160997734,145.45064081632654,45,74,1,1,1,1,1,1,1,1,1,1,1,1,1,1,1,1,1,1,1,1,1,1,1,1,1,1,1,1,1,1,1,1,1,1,1
144.8688580498866,145.04429160997734,57,89,1,1,1,1,1,1,1,1,1,1,1,1,1,1,1,1
144.6598784580499,145.04429160997734,61,73,1,1,1,1,1,1,1,1,1,1,1,1,1,1,1,1,1,1,1,1,1,1,1,1,1,1,1,1,1,1,1,1,1,1
144.43928888888888,144.8688580498866,57,76,1,1,1,1,1,1,1,1,1,1,1,1,1,1,1,1,1,1,1,1,1,1,1,1,1,1,1,1,1,1,1,1,1,1,1,1,1
144.21869931972788,145.0559015873016,52,69,1,1,1,1,1,1,1,1,1,1,1,1,1,1,1,1,1,1,1,1,1,1,1,1,1,1,1,1,1,1,1,1,1,1,1,1,1,1,1,1,1,1,1,1,1,1,1,1,1,1,1,1,1,1,1,1,1,1,1,1,1,1,1,1,1,1,1,1,1,1,1,1,1
144.13742947845805,144.79919818594104,45,66,1,1,1,1,1,1,1,1,1,0,1,1,1,1,1,1,1,1,1,1,1,1,1,1,1,1,1,1,1,1,1,1,1,1,1,1,1,1,1,1,1,1,1,1,1,1,1,1,1,1,1,1,1,1,1,1,1
144.06776961451246,144.35801904761902,49,56,1,1,1,1,1,1,1,1,1,1,1,1,1,1,1,1,1,1,1,1,1,1,1,1,1
144.0561596371882,144.6598784580499,61,62,1,1,1,1,1,1,1,1,1,1,1,1,1,1,1,1,1,1,1,1,1,1,1,1,1,1,1,1,1,1,1,1,1,1,1,1,1,1,1,1,1,1,1,1,1,1,1,1,1,1,1,1
143.78913015873016,144.12581950113378,73,56,1,1,1,1,1,1,1,1,1,1,1,1,1,1,1,1,1,1,1,1,1,1,1,1,1,1,1,1,1
143.78913015873016,144.13742947845805,45,73,1,1,1,1,1,1,1,1,1,1,1,1,1,1,1,1,1,1,1,1,1,1,1,1,1,0,0,1,1,1
143.33634104308388,143.8007401360544,76,82,1,1,1,1,1,1,1,1,1,1,1,1,1,1,1,1,1,1,1,1,1,1,1,1,1,1,1,1,1,1,1,1,1,1,1,1,1,1,1,1
143.33634104308388,143.71947029478457,64,63,1,1,1,1,1,1,1,1,1,1,1,1,1,1,1,1,1,1,1,1,1,1,1,1,1,1,1,1,1,1,1,1,1
142.9054879818594,143.2318512471655,78,70,1,1,1,1,1,1,1,1,1,1,1,1,1,1,1,1,1,1,1,1,1,1,1,1,1,1,1,1,1
142.41786893424037,142.9054879818594,80,61,1,1,1,1,1,1,1,1,1,1,1,1,1,1,1,1,1,1,1,1,1,1,1,1,1,1,1,1,1,1,1,1,1,1,1,1,1,1,1,1,1,1
141.97668979591836,142.42947891156462,71,76,-5,1,1,1,1,1,1,1,1,1,1,1,1,1,1,1,1,1,1,1,1,1,1,1,1,1,1,1,1,1,1,1,1,1,1,1,1,1,1
141.97668979591836,142.15083945578232,64,38,1,1,1,1,1,1,1,1,1,1,1,1,1,1,1
141.97668979591836,142.34820907029479,59,54,1,1,1,1,1,1,1,1,1,1,1,1,1,1,1,1,1,1,1,1,1,1,1,1,1,1,1,1,1,1,1,1
141.7444902494331,141.91863990929704,59,46,-5,-5,-5,-5,-5,-5,-5,-5,-5,-5,-5,-5,-5,-5,-5
141.7444902494331,142.38303900226757,57,55,1,1,1,1,1,1,1,1,1,1,1,1,1,1,1,1,1,1,1,1,1,1,1,1,1,1,1,1,1,1,1,1,1,1,1,1,1,1,1,1,1,1,1,1,1,1,1,1,1,1,1,1,1,1,1
141.73288027210884,142.34820907029479,69,70,1,1,1,1,1,1,1,1,1,1,1,1,1,1,1,1,1,1,1,1,1,1,1,1,1,1,1,1,1,1,1,1,1,1,1,1,1,1,1,1,1,1,1,1,1,1,1,1,1,1,1,1,1
141.51229070294784,142.15083945578232,66,67,1,1,1,1,1,1,1,1,1,1,1,1,1,1,1,1,1,1,1,1,1,1,1,1,1,1,1,1,1,1,1,1,1,1,1,1,1,1,1,1,1,1,1,1,1,1,1,1,1,1,1,1,1,1,1
141.51229070294784,141.72127029478457,54,56,1,1,1,1,1,1,1,1,1,1,1,1,1,1,1,1,1,1
141.2800911564626,141.9302498866213,64,69,1,1,1,1,1,1,1,1,1,1,1,1,1,1,1,1,1,1,1,1,1,1,1,1,1,1,1,1,1,1,1,1,1,1,1,1,1,1,1,1,1,1,1,1,1,1,1,1,1,1,1,1,1,1,1,1
141.2800911564626,141.6864403628118,59,58,1,1,1,1,1,1,1,1,1,1,1,1,1,1,1,1,1,1,1,1,1,1,1,1,1,-5,-5,-5,-5,-5,-5,-5,1,1,-5
141.2800911564626,141.7444902494331,57,63,1,1,1,1,1,1,1,1,1,1,1,1,1,1,1,1,1,1,1,1,1,1,1,1,1,1,1,1,1,1,1,1,1,1,1,1,1,1,1,1
141.05950158730158,141.2800911564626,59,80,1,1,1,1,1,1,1,1,1,1,1,1,1,1,1,1,1,1,1
141.05950158730158,141.51229070294784,54,61,1,1,1,1,1,1,1,1,1,1,1,1,1,1,1,1,1,1,1,1,1,1,1,1,1,1,1,1,1,1,1,1,1,1,1,1,1,1,1
140.8492380952381,141.3729709750567,69,47,1,1,1,1,1,1,1,1,1,1,1,1,1,1,1,1,1,1,1,1,1,1,1,1,1,1,1,1,1,1,1,1,1,1,1,1,1,1,1,1,1,1,1,1,1,1
140.8492380952381,141.2800911564626,57,73,1,1,1,1,1,1,1,1,1,1,1,1,1,1,1,1,1,1,1,1,1,1,1,1,1,1,1,1,1,1,1,1,1,1,1,1,1,1
140.62864852607711,141.05950158730158,54,88,1,1,1,1,1,1,1,1,1,1,1,1,1,1,1,1,1,1,1,1,1,1,1,1,1,1,1,1,1,1,1,1,1,1,1,1,1,1
140.21068934240364,140.83762811791385,59,73,1,1,1,1,1,1,1,1,1,1,1,1,1,1,1,1,1,1,1,1,1,1,1,1,1,1,1,1,1,1,1,1,1,1,1,1,1,1,1,1,1,1,1,1,1,1,1,1,1,1,1,1,1,1
140.21068934240364,140.8840680272109,47,72,1,1,1,1,1,1,1,1,1,1,1,1,1,1,1,1,1,1,1,1,1,1,1,1,1,1,1,1,1,1,1,1,1,1,1,1,1,1,1,1,1,1,1,1,1,1,1,1,1,1,1,1,1,1,1,1,1,1
140.19907936507937,140.5009387755102,71,76,1,1,1,1,1,1,1,1,1,1,1,1,1,1,1,1,1,1,1,1,1,1,1,1,1,1
139.8159501133787,140.02492970521544,61,39,1,1,1,1,1,1,1,1,1,1,1,1,1,1,1,1,1,1
139.7811201814059,140.19907936507937,71,60,1,1,1,1,1,1,1,1,1,1,1,1,1,1,1,1,1,1,1,1,1,1,1,1,1,1,1,1,1,1,1,1,1,1,1,1
139.7811201814059,140.14102947845805,57,77,1,1,1,1,1,1,1,1,1,1,1,1,1,1,1,1,1,1,1,1,1,1,1,1,1,1,1,1,1,1,1
139.7811201814059,140.19907936507937,52,76,1,1,1,1,1,1,1,1,1,1,1,1,1,1,1,1,1,1,1,1,1,1,1,1,1,1,1,1,1,1,1,1,1,1,1,1
139.76951020408166,140.04814965986395,69,44,1,1,1,1,1,1,1,1,1,1,1,1,1,1,1,1,1,1,1,1,1,1,1,1
139.76951020408166,140.11780952380954,64,45,1,1,1,1,1,1,1,1,1,1,1,1,1,1,1,1,1,1,1,1,1,1,1,1,1,1,1,1,1,1
139.4096009070295,139.57214058956916,42,57,1,1,1,1,1,1,1,1,1,1,1,1,1,1
139.31672108843537,139.7811201814059,52,88,1,1,1,1,1,1,1,1,1,1,1,1,1,1,1,1,1,1,1,1,1,1,1,1,1,1,1,1,1,1,1,1,1,1,1,1,1,1,1,1
139.30511111111113,139.76951020408166,69,83,1,1,1,1,1,1,1,1,1,1,1,1,1,1,1,1,1,1,1,1,1,1,1,1,1,1,1,1,1,1,1,1,1,1,1,1,1,1,1,1
138.99035782312924,139.64180045351475,49,77,1,1,1,1,1,1,1,1,1,1,1,1,1,1,1,1,1,1,1,1,1,1,1,1,1,1,1,1,1,1,1,1,1,0,1,1,1,1,1,1,1,1,1,1,1,1,1,1,1,1,1,1,1,1,1,1,1
138.99035782312924,139.4096009070295,42,52,1,1,1,1,1,1,1,1,1,1,1,1,1,1,1,1,1,1,1,1,1,1,1,1,1,1,1,1,1,1,1,1,1,1,1,1,1
138.60722857142858,138.80459818594105,69,70,1,1,1,1,1,1,1,1,1,1,1,1,1,1,1,1,1
138.4446888888889,138.74654829931973,42,64,0,0,0,0,1,1,1,1,1,1,1,1,1,1,1,1,1,1,1,1,1,1,1,1,0,0
138.1892693877551,138.60722857142858,69,89,1,1,1,1,1,1,1,1,1,1,1,1,1,1,1,1,1,1,1,1,1,1,1,1,1,1,1,1,1,1,1,1,1,1,1,1
138.1892693877551,138.45629886621316,57,64,1,1,1,1,1,1,1,1,1,1,1,1,1,1,1,1,1,1,1,1,1,1,1
137.98028979591837,138.1892693877551,69,55,1,1,1,1,1,1,1,1,1,1,1,1,1,1,1,1,1,1
137.98028979591837,138.1892693877551,57,72,1,1,1,1,1,1,1,1,1,1,1,1,1,1,1,1,1,1
137.95706984126983,138.45629886621316,52,80,1,1,1,1,1,1,1,1,1,1,1,1,1,1,1,1,1,1,1,1,1,1,1,1,1,1,1,1,1,1,1,1,1,1,1,1,1,1,1,1,1,1,1
137.9454598639456,138.4446888888889,64,72,1,1,1,1,1,1,1,1,1,1,1,1,1,1,1,1,1,1,1,1,1,1,1,1,1,1,1,1,1,1,1,1,1,1,1,1,1,1,1,1,1,1,1
137.51589070294784,137.9454598639456,64,55,1,1,1,1,1,1,1,1,1,1,1,1,1,1,1,1,1,1,1,1,1,1,1,1,1,1,1,1,1,1,1,1,1,1,1,1,1
137.51589070294784,137.95706984126983,52,99,1,1,1,1,1,1,1,1,1,1,1,1,1,1,1,1,1,1,1,1,1,1,1,1,1,1,1,1,1,1,1,1,1,1,1,1,1,1
137.09793151927437,137.82936009070295,61,58,1,1,1,1,1,1,1,1,1,1,1,1,1,1,1,1,1,1,1,1,1,1,1,1,1,1,1,1,1,1,1,1,1,1,1,1,1,1,1,1,1,1,1,1,1,1,1,1,1,1,1,1,1,1,1,1,1,1,1,1,1,1,1
137.0863215419501,137.66682040816326,49,73,1,1,1,1,1,1,1,1,1,1,1,1,1,1,1,1,1,1,1,1,1,1,1,1,1,1,1,1,1,1,1,1,1,1,1,1,1,1,1,1,1,1,1,1,1,1,1,1,1,1
136.6670784580499,137.05020770975057,54,45,1,1,1,1,1,1,1,1,1,1,1,1,1,1,1,1,1,1,1,1,1,1,1,1,1,1,1,1,1,1,1,1,1
136.6670784580499,137.27208117913833,42,62,1,1,1,1,1,1,1,1,1,1,1,1,1,1,1,1,1,1,1,1,1,1,1,1,1,1,1,1,1,1,1,1,1,1,1,1,1,1,1,1,1,1,1,1,1,1,1,1,1,1,1,1,1
136.65546848072563,137.50428072562357,64,76,1,1,1,1,1,1,1,1,1,1,1,1,1,1,1,1,1,1,1,1,1,1,1,1,1,1,1,1,1,1,1,1,1,1,1,1,1,1,1,1,1,1,1,1,1,1,1,1,1,1,1,1,1,1,1,1,1,1,1,1,1,1,1,1,1,1,1,1,1,1,1,1,1,1
136.40004897959184,136.67868843537414,66,80,1,1,1,1,1,1,1,1,1,1,1,1,1,1,1,1,1,1,1,1,1,1,1,1
136.34199909297052,136.49292879818594,56,39,1,1,1,1,1,1,1,1,1,1,1,1,1
136.31877913832201,136.56258866213153,59,74,1,1,1,1,1,1,1,1,1,1,1,1,1,1,1,1,1,1,1,1,1
136.1910693877551,136.539368707483,68,68,1,1,1,1,1,1,1,1,1,1,1,1,1,1,1,1,1,1,1,1,-5,-5,-5,-5,-5,-5,-5,-5,-5,-5
135.74989024943312,136.12140952380952,56,72,1,1,1,1,1,1,1,1,1,1,1,1,1,1,1,1,1,1,1,1,1,0,0,0,1,1,1,1,1,1,1,1
135.33193106575965,136.0401396825397,51,86,1,1,1,1,1,1,1,1,1,1,1,1,1,1,1,1,1,1,1,1,1,1,1,1,1,1,1,1,1,1,1,1,1,1,1,1,1,1,1,1,1,1,1,1,1,1,1,1,1,1,1,1,1,1,1,1,1,1,1,1,1
134.90107800453512,135.26227120181406,56,64,1,1,1,1,1,1,1,1,1,1,1,1,1,1,1,1,1,1,1,1,1,1,1,1,1,1,1,1,1,1,1,1
134.4715088435374,134.88946802721088,68,72,1,1,1,1,1,1,1,1,1,1,1,1,1,1,1,1,1,1,1,1,1,1,1,1,1,1,4,4,4,4,1,1,1,1,1,1
134.4715088435374,134.93590793650793,59,86,1,1,1,1,1,1,1,1,1,1,1,1,1,1,1,1,1,1,1,1,1,1,1,1,1,1,1,1,1,1,1,1,1,1,1,1,1,1,1,1
134.4715088435374,134.90107800453512,56,60,1,1,1,1,1,1,1,1,1,1,1,1,1,1,1,1,1,1,1,1,1,1,1,1,1,1,1,1,1,1,1,1,1,1,1,1,1
134.320579138322,134.4715088435374,69,81,1,1,1,1,1,1,1,1,1,1,1,1,1
133.9722798185941,134.4715088435374,56,66,1,1,1,1,1,1,1,1,1,1,1,1,1,1,1,1,1,1,1,1,1,1,1,1,1,1,1,1,1,1,1,1,1,1,1,1,1,1,1,1,1,1,1
133.71686031746032,134.00710975056688,71,76,1,1,1,1,1,1,1,1,1,1,1,1,1,1,1,1,1,1,1,1,1,1,1,1,1
133.71686031746032,133.9722798185941,56,52,1,1,1,1,1,1,1,1,1,1,1,1,1,1,1,1,1,1,1,1,1,1
133.70525034013605,134.09998956916098,39,75,1,1,1,1,1,1,1,1,1,1,1,1,1,1,1,1,1,1,1,1,1,1,1,1,1,1,1,2,2,2,2,2,2,2
133.63559047619046,134.0651596371882,51,79,1,1,1,1,1,1,1,1,1,1,1,1,1,1,1,1,1,1,1,1,1,1,1,1,1,1,1,1,1,1,1,1,1,1,1,1,1
133.4962707482993,133.63559047619046,51,77,1,1,1,1,1,1,1,1,1,1,1,1
133.48466077097504,133.70525034013605,39,77,1,1,1,1,1,1,1,1,1,1,1,1,1,1,1,1,1,1,1
133.12475147392288,133.29890113378684,71,71,1,1,1,1,1,1,1,1,1,1,1,1,1,1,1
132.75194829931974,133.03058775510203,73,57,1,1,1,1,1,1,1,1,1,1,1,1,1,1,1,1,1,1,1,1,1,1,1,1
132.75194829931974,133.2524612244898,61,84,1,1,1,1,1,1,1,1,1,1,1,1,1,1,1,1,1,1,1,1,1,1,1,1,1,1,1,1,1,1,1,1,1,1,1,1,1,1,1,1,1,1,1,1
132.60101859410432,132.75194829931974,73,77,1,1,1,1,1,1,1,1,1,1,1,1,1
132.1946693877551,132.36881904761904,68,41,1,1,1,1,1,1,1,1,1,1,1,1,1,1,1
132.1946693877551,132.87965804988661,56,76,1,1,1,1,1,1,1,1,1,1,1,1,1,1,1,1,1,1,1,1,1,1,1,1,1,1,1,1,1,1,1,1,1,1,1,1,1,1,1,1,1,1,1,1,1,1,1,1,1,1,1,1,1,1,1,1,1,1,1
132.05534965986394,132.84482811791383,52,80,1,1,1,1,1,1,1,1,1,1,1,1,1,1,1,1,1,1,1,1,1,1,1,1,1,1,1,1,1,1,1,1,1,1,1,1,1,1,1,1,1,1,1,1,1,1,1,1,1,1,1,1,1,1,1,1,1,1,1,1,1,1,1,1,1,1,1,1
131.74188027210883,132.05534965986394,52,88,1,1,1,1,1,1,1,1,1,1,1,1,1,1,1,1,1,1,1,1,1,1,1,1,1,1,1
131.32392108843538,132.75194829931974,61,72,1,1,1,1,1,1,1,1,1,1,1,1,1,1,1,1,1,1,1,1,1,1,1,1,1,1,1,1,1,1,1,1,1,1,1,1,1,1,1,1,1,1,1,1,1,1,1,1,1,1,1,1,1,1,1,1,1,1,1,1,1,1,1,1,1,1,1,1,1,1,1,1,1,1,1,1,1,1,1,1,1,1,1,1,1,1,1,1,1,1,1,1,1,1,1,1,1,1,1,1,1,1,1,1,1,1,1,1,1,1,1,1,1,1,1,1,1,1,1,1,1,1,1
131.32392108843538,131.76510022675737,49,86,1,1,1,1,1,1,1,1,1,1,1,1,1,1,1,1,1,1,1,1,1,1,1,1,1,1,1,1,1,1,1,1,1,1,1,1,1,1
131.31231111111111,131.46324081632653,56,53,1,1,1,1,1,1,1,1,1,1,1,1,1
131.30070113378684,131.45163083900226,42,45,0,0,0,0,0,0,0,0,0,0,0,0,0
130.83501814058957,131.32392108843538,61,81,1,1,1,1,1,1,1,1,1,1,1,1,1,1,1,1,1,1,1,1,1,1,1,1,1,1,1,1,1,1,1,1,1,1,1,1,1,1,1,1,1,1,1
130.60281859410432,131.11494149659865,56,77,1,1,1,1,1,1,1,1,1,1,1,1,1,1,1,1,1,1,1,1,1,1,1,1,1,1,1,1,1,1,1,1,1,1,1,1,1,1,1,1,1,1,1,1,1
130.59120861678005,131.13816145124716,68,80,0,0,0,1,1,1,1,1,1,1,1,1,1,1,1,1,1,1,1,1,1,1,1,1,1,1,1,1,1,1,1,1,1,1,1,1,1,1,1,1,1,1,1,1,1,1,1,1
130.59120861678005,131.00916780045353,52,66,1,1,1,1,1,1,1,1,1,1,1,1,1,1,1,1,1,1,1,1,1,1,1,1,1,1,1,1,1,1,1,1,1,1,1,1
130.16163945578234,130.59120861678005,52,65,1,1,1,1,1,1,1,1,1,1,1,1,1,1,1,1,1,1,1,1,1,1,1,1,1,1,1,1,1,1,1,1,1,1,1,1,1
130.15002947845807,130.28934920634921,80,42,1,1,1,1,1,1,1,1,1,1,1,1
130.15002947845807,130.59120861678005,68,83,0,1,1,1,1,1,1,1,1,1,1,1,1,1,1,1,1,1,1,1,1,1,1,1,1,1,1,1,1,1,1,1,1,1,1,1,0,0
129.9526598639456,130.16163945578234,52,91,1,1,1,1,1,1,1,1,1,1,1,1,1,1,1,1,1,1
129.92943990929706,130.15002947845807,68,83,1,1,1,1,1,1,1,1,1,1,1,1,1,1,1,1,1,1,1
129.5463106575964,129.70885034013605,68,30,1,1,1,1,1,1,1,1,1,1,1,1,1,1
129.5463106575964,129.81334013605442,49,64,1,1,1,1,1,1,1,1,1,1,1,1,1,1,1,1,1,1,1,1,1,1,1
129.45343083900227,130.12680952380953,73,47,1,1,1,1,1,1,1,1,1,1,1,1,1,1,1,1,1,1,1,1,1,1,1,1,1,1,1,1,1,1,1,1,1,1,1,1,1,1,1,1,1,1,1,1,1,1,1,1,1,1,1,1,1,1,1,1,1,1
128.62783854875283,128.94130793650794,68,66,1,1,1,1,1,1,1,1,1,1,1,1,1,1,1,1,1,1,1,1,1,1,1,1,1,1,1
127.98928979591835,128.46529886621315,61,43,-5,-5,-5,1,1,1,1,1,1,1,1,1,1,1,1,1,1,1,1,1,1,1,1,1,1,1,1,1,-5,-5,-5,-5,1,1,1,1,1,1,1,1,1
127.98928979591835,128.47690884353742,59,49,1,1,1,1,1,1,1,1,1,1,1,1,1,1,1,1,1,1,1,1,1,1,1,1,1,1,1,1,1,1,1,1,1,1,1,1,1,1,1,1,1,1
127.69904036281179,128.37241904761905,64,51,1,1,1,1,1,1,1,1,1,1,1,1,1,1,1,1,1,1,1,1,1,1,1,1,1,1,1,1,1,1,1,1,1,1,1,1,1,1,1,1,1,1,1,1,1,1,1,1,1,1,1,1,1,1,1,1,1,1
127.69904036281179,127.83836009070293,47,55,1,1,1,1,1,1,1,1,1,1,1,1
127.68743038548752,128.61622857142856,52,58,1,1,1,1,1,1,1,1,1,1,1,1,1,1,1,1,1,1,1,1,1,1,1,1,1,1,1,1,1,1,1,1,1,1,1,1,1,1,1,1,1,1,1,1,1,1,1,1,1,1,1,1,1,1,1,1,1,1,1,1,1,1,1,1,1,1,1,1,1,1,1,1,1,1,1,1,1,1,1,1
127.68743038548752,128.72071836734693,40,56,1,1,1,1,1,1,1,1,1,1,1,1,1,1,1,1,1,1,1,1,1,1,1,1,1,1,1,1,1,1,1,1,1,1,1,1,1,1,1,1,1,1,1,1,1,1,1,1,1,1,1,1,1,1,1,1,1,1,1,1,1,1,1,1,1,1,1,1,1,1,1,1,1,1,1,1,1,1,1,1,1,1,1,1,1,1,1,1,1
127.50167074829932,127.98928979591835,59,47,1,1,1,1,1,1,1,1,1,1,1,1,1,1,1,1,1,1,1,1,1,1,1,1,1,1,1,1,1,1,1,1,1,1,1,1,1,1,1,1,1,1
127.49006077097505,127.6293804988662,64,68,1,1,1,1,1,1,1,1,1,1,1,1
127.47845079365078,127.68743038548752,69,58,1,1,1,1,1,1,1,1,1,1,1,1,1,1,1,1,1,1
127.33913106575963,127.47845079365078,68,55,4,1,1,1,1,1,1,1,1,4,0,0
127.32752108843536,127.49006077097505,64,79,1,1,1,1,1,1,1,1,1,1,1,1,1,1
127.32752108843536,127.50167074829932,59,74,1,1,1,1,1,1,1,1,1,1,1,1,1,1,1
127.32752108843536,127.68743038548752,52,70,1,1,1,1,1,1,1,1,1,1,1,1,1,1,1,1,1,1,1,1,1,1,1,1,1,1,1,1,1,1,1
127.09403764172336,127.223031292517,76,32,1,1,1,1,1,1,1,1,1,1,1,1
127.09403764172336,127.32752108843536,64,86,1,1,1,1,1,1,1,1,1,1,1,1,1,1,1,1,1,1,1,1,1
127.08242766439909,127.33913106575963,69,91,1,1,1,1,1,1,1,1,1,1,1,1,1,1,1,1,1,1,1,1,1,1,1
127.08242766439909,127.3159111111111,61,82,1,1,1,1,1,1,1,1,1,1,1,1,1,1,1,1,1,1,1,1,1
127.08242766439909,127.32752108843536,52,68,1,1,1,1,1,1,1,1,1,1,1,1,1,1,1,1,1,1,1,1,1,1
127.07081768707484,127.21142131519274,81,42,1,1,1,1,1,1,1,1,1,1,1,1,1
126.68768843537416,127.08242766439909,52,90,1,1,1,1,1,1,1,1,1,1,1,1,1,1,1,1,1,1,1,1,1,1,1,1,1,1,1,1,1,1,1,1,1,1
126.50192879818594,126.71090839002268,59,61,1,1,1,1,1,1,1,1,1,1,1,1,1,1,1,1,1,1
126.50192879818594,126.9547179138322,47,63,1,1,1,1,1,1,1,1,1,1,1,1,1,1,1,1,1,1,1,1,1,1,1,1,1,1,1,1,1,1,1,1,1,1,1,1,1,1,1
126.21167936507938,126.50192879818594,47,55,1,1,1,1,1,1,1,1,1,1,1,1,1,1,1,0,0,0,0,1,1,1,1,1,1
125.8866,126.09557959183674,64,47,1,1,1,1,1,1,1,1,1,1,1,1,1,1,1,1,1,1
125.87499002267575,126.33938911564627,59,61,1,1,1,1,1,1,1,1,1,1,1,1,1,1,1,1,1,1,1,1,1,1,1,1,1,1,1,1,1,1,1,1,1,1,1,1,1,1,1,1
125.50347074829932,125.87499002267575,59,74,1,1,1,1,1,1,1,1,1,1,1,1,1,1,1,1,1,1,1,1,1,1,1,1,1,1,1,1,1,1,1,1
125.49186077097507,126.17684943310658,68,62,1,1,1,1,1,1,1,1,1,1,1,1,1,1,1,1,1,1,1,1,1,1,1,1,1,1,1,1,1,1,1,1,1,1,1,1,1,1,1,1,1,1,1,1,1,1,1,1,1,1,1,1,1,1,1,1,1,1,1
125.4802507936508,125.74728027210885,64,72,1,1,1,1,1,1,1,1,1,1,1,1,1,1,1,1,1,1,1,1,1,1,1
125.46864081632654,125.77050022675738,76,50,1,1,1,1,1,1,1,1,1,1,1,1,1,1,1,1,1,1,1,1,1,1,1,1,1,1
125.28288117913833,125.4802507936508,64,63,1,1,1,1,1,1,1,1,1,1,1,1,1,1,1,1,1
125.23644126984128,125.50347074829932,59,66,1,1,1,1,1,1,1,1,1,1,1,1,1,1,1,1,1,1,1,1,1,1,1
125.16678140589569,125.39898095238095,54,65,1,1,1,1,1,1,1,1,1,1,1,1,1,1,1,1,1,1,1,1
124.85202811791383,125.0493977324263,66,61,1,1,1,1,1,1,1,1,1,1,1,1,1,1,1,1,1
124.80558820861678,125.06100770975057,47,37,1,1,1,1,0,0,0,0,0,0,1,1,1,1,1,1,1,1,1,1,1,1
124.60821859410432,125.28288117913833,64,66,1,1,1,1,1,1,1,1,1,1,1,1,1,1,1,1,1,1,1,1,1,1,1,1,1,1,1,1,1,1,1,1,1,1,1,1,1,1,1,1,1,1,1,1,1,1,1,1,1,1,1,1,1,1,1,1,1,1,1
123.58654058956917,123.83035011337869,52,46,1,1,1,1,1,1,1,1,1,2,1,1,1,1,1,1,1,1,1,1,1
123.40078095238096,123.58654058956917,52,58,1,1,1,1,1,1,1,1,1,1,1,1,1,1,1,1
123.15568752834467,123.40078095238096,52,51,0,1,1,1,1,1,1,2,2,1,1,1,1,1,1,1,1,0,0,0,0,1
122.74933832199547,122.92348798185941,49,54,1,1,1,2,2,0,0,0,1,1,1,1,1,1,1
122.57518866213152,122.74933832199547,49,45,1,1,1,1,1,1,1,1,1,1,1,1,1,1,1
122.44747891156463,122.65645850340135,45,53,1,1,1,1,1,1,1,1,1,1,1,1,1,1,1,1,1,1
122.41264897959184,122.7377283446712,61,50,1,1,1,1,1,1,1,1,1,1,1,1,1,0,0,0,1,1,1,1,1,1,1,1,1,1,1,1
122.41264897959184,122.57518866213152,53,26,-2,-2,-2,-2,-2,-2,-2,-2,-2,-2,-2,1,1,1
122.29654920634921,122.44747891156463,45,45,1,1,1,1,1,1,1,1,1,1,1,1,1
122.14561950113378,122.41264897959184,61,62,1,1,1,1,1,1,1,1,1,1,0,1,1,1,1,1,1,1,1,1,1,1,1
122.110789569161,122.25010929705215,45,44,1,1,1,1,1,1,1,1,1,1,1,1
121.78571020408162,121.92502993197279,52,53,1,1,1,1,1,1,1,1,1,1,1,1
121.73927029478457,121.92502993197279,56,65,1,1,1,1,1,1,1,1,1,1,1,1,1,1,1,1
121.48385079365079,121.72766031746032,52,50,1,1,1,1,1,1,1,1,1,1,1,1,1,1,1,1,1,1,1,1,1
121.30970113378685,121.48385079365079,52,47,1,1,1,1,1,1,1,1,1,1,1,1,1,1,1
119.7991201814059,120.36800907029478,68,62,1,1,1,1,1,1,1,1,1,1,1,1,1,1,1,1,1,1,1,1,1,1,1,1,1,1,1,1,1,1,1,1,1,1,1,1,1,1,1,1,1,1,1,1,1,1,1,1,1
119.7991201814059,120.48410884353741,64,65,1,1,1,1,1,1,1,1,1,1,1,1,1,1,1,1,1,1,1,1,1,1,1,1,1,1,1,1,1,1,1,1,1,1,1,1,1,1,1,1,1,1,1,1,1,1,1,1,1,1,1,1,1,1,1,1,1,1,1
119.77590022675737,120.48410884353741,52,59,1,1,1,1,1,1,1,1,1,1,1,1,1,1,1,1,1,1,1,1,1,1,1,1,1,1,1,1,1,1,1,1,1,1,1,1,1,1,1,1,1,1,1,1,1,1,1,1,1,1,1,1,1,1,1,1,1,1,1,1,1
119.07801768707483,119.3231111111111,75,43,1,1,1,1,1,1,1,1,1,1,1,1,1,1,1,1,1,1,1,1,1,1
119.07801768707483,119.31150113378685,71,52,1,1,1,1,1,1,1,1,1,1,1,1,1,1,1,1,1,1,1,1,1
119.07801768707483,119.3231111111111,63,64,1,1,1,1,1,1,1,1,1,1,1,1,1,1,1,1,1,1,1,1,1,1
119.06640770975058,119.38116099773242,66,69,1,1,1,1,1,1,1,1,1,1,1,1,1,1,1,1,1,1,1,1,1,1,1,1,1,1,1,1
119.06640770975058,119.19540136054421,47,38,1,1,1,1,1,1,1,1,1,1,1,1
118.35819909297052,119.07801768707483,69,79,1,1,1,1,1,1,1,1,1,1,1,1,1,1,1,1,1,1,1,1,1,1,1,1,1,1,1,1,1,1,1,1,1,1,1,1,1,1,1,1,1,1,1,1,1,1,1,1,1,1,1,1,1,1,1,1,1,1,1,1,1,1
118.35819909297052,119.03157777777778,61,70,1,1,1,1,1,1,1,1,1,1,1,1,1,1,1,1,1,1,1,1,1,1,1,1,1,1,1,1,1,1,1,1,1,1,1,1,1,1,1,1,1,1,1,1,1,1,1,1,1,1,1,1,1,1,1,1,1,1
118.34658911564627,119.05479773242631,64,77,1,1,1,1,1,1,1,1,1,1,1,1,1,1,1,1,1,1,1,1,1,1,1,1,1,1,1,1,1,1,1,1,1,1,1,1,1,1,1,1,1,1,1,1,1,1,1,1,1,1,1,1,1,1,1,1,1,1,1,1,1
118.34658911564627,119.77590022675737,52,65,1,1,1,1,1,1,1,1,1,1,1,1,1,1,1,1,1,1,1,1,1,1,1,1,1,1,1,1,1,1,1,1,1,1,1,1,1,1,1,1,1,1,1,1,1,1,1,1,1,1,1,1,1,1,1,1,1,1,1,1,1,1,1,1,1,1,1,1,1,1,1,1,1,1,1,1,1,1,1,1,1,1,1,1,1,1,1,1,1,1,1,1,1,1,1,1,1,1,1,1,1,1,1,1,1,1,1,1,1,1,1,1,1,1,1,1,1,1,1,1,1,1,1,1
118.05633968253969,118.34658911564627,68,75,-5,-5,1,1,1,1,1,1,1,1,1,1,1,1,1,1,1,1,1,1,1,1,1,1,1
118.05633968253969,118.23048934240363,59,59,1,1,1,1,1,1,1,1,1,1,1,1,1,1,1
118.05633968253969,118.34658911564627,52,60,1,1,1,1,1,1,1,1,1,1,1,1,1,1,1,1,1,1,1,1,1,1,1,1,1
117.84736009070295,118.26531927437642,66,74,1,1,1,1,1,1,1,1,1,1,1,1,1,1,1,1,1,1,1,1,1,1,1,1,1,1,1,1,1,1,1,1,1,1,1,1
117.61516054421769,117.95184988662132,56,70,1,1,1,1,1,1,1,1,1,1,1,1,1,1,1,1,1,1,1,1,1,1,1,1,1,1,1,1,1
117.42940090702949,118.05633968253969,52,66,1,1,1,1,1,1,1,1,1,1,1,1,1,1,1,1,1,1,1,1,1,1,1,1,1,1,1,1,1,1,1,1,1,1,1,1,1,1,1,1,1,1,1,1,1,1,1,1,1,1,1,1,1,1
117.41779092970522,118.05633968253969,59,84,1,1,1,1,1,1,1,1,1,1,1,1,1,1,1,1,1,1,1,1,1,1,1,1,1,1,1,1,1,1,1,1,1,1,1,1,1,1,1,1,1,1,1,1,1,1,1,1,1,1,1,1,1,1,1
117.02176780045352,117.61516054421769,56,81,1,1,1,1,1,1,1,1,1,1,1,1,1,1,1,1,1,1,1,1,1,1,1,1,1,1,1,1,1,1,1,1,1,1,1,1,1,1,1,1,1,1,1,1,1,1,1,1,1,1,1,1
117.02176780045352,117.42940090702949,52,93,1,1,1,1,1,1,1,1,1,1,1,1,1,1,1,1,1,1,1,1,1,1,1,1,1,1,1,1,1,1,1,1,1,1,1,1
116.82439818594105,117.02176780045352,52,88,1,1,1,1,1,1,1,1,1,1,1,1,1,1,1,1,1
116.54575873015874,116.70829841269841,64,58,1,1,1,1,1,1,1,1,1,1,1,1,1,1
116.53414875283447,116.82439818594105,52,90,1,1,1,1,1,1,1,1,1,1,1,1,1,1,1,1,1,1,1,1,1,1,1,1,1
116.49931882086169,116.70829841269841,59,45,1,1,1,1,1,1,1,1,1,1,1,1,1,1,1,1,1,1
116.32516916099773,116.54575873015874,64,80,1,1,1,1,1,1,1,1,1,1,1,1,1,1,1,1,1,1,1
116.08135963718821,116.49931882086169,59,56,1,1,1,1,1,1,1,1,1,1,1,1,1,1,1,1,1,1,1,1,1,1,1,1,1,1,1,1,1,1,1,1,1,1,1,1
116.06974965986394,116.32516916099773,64,96,1,1,1,1,1,1,1,1,1,1,1,1,1,1,1,1,1,1,1,1,1,1
115.3963709750567,116.20906938775511,68,66,1,1,1,1,1,1,1,1,1,1,1,1,1,1,1,1,1,1,1,1,1,1,1,1,1,1,1,1,1,1,1,1,1,1,1,1,1,1,1,1,1,1,1,1,1,1,1,1,1,1,1,1,1,1,1,1,1,1,1,1,1,1,1,1,1,1,1,1,1,1
115.22093741496599,115.64018049886621,56,71,1,1,1,1,1,1,1,1,1,1,1,1,1,1,1,1,1,1,1,1,1,1,1,1,1,1,1,1,1,1,1,1,1,1,1,1,1
114.98873786848073,115.53569070294785,52,64,1,1,1,1,1,1,1,1,1,1,1,1,1,1,1,1,1,1,1,1,1,1,1,1,1,1,1,1,1,1,1,1,1,1,1,1,1,1,1,1,1,1,1,1,1,1,1,1
114.97712789115646,115.3963709750567,68,75,1,1,1,1,1,1,1,1,1,1,1,1,1,1,1,1,1,1,1,1,1,1,1,1,1,1,1,-5,-5,-5,-5,-5,-5,-5,-5,-5,1
114.80297823129251,114.98873786848073,52,48,1,1,1,1,1,1,1,1,1,1,1,1,1,1,1,1
114.74492834467121,115.64018049886621,66,62,1,1,1,1,1,1,1,1,1,1,1,1,1,1,1,1,1,1,1,1,1,1,1,1,1,1,1,1,1,1,1,1,1,1,1,1,1,1,1,1,1,1,1,1,1,1,1,1,1,1,1,1,1,1,1,1,1,1,1,1,1,1,1,1,1,1,1,1,1,1,1,1,1,7,1,1,1,1
112.79316825396825,113.68842040816327,76,50,1,1,1,1,1,1,1,1,1,1,1,1,1,1,1,1,1,1,1,1,1,1,1,1,1,1,1,1,1,1,1,1,1,1,1,1,1,1,1,1,1,1,1,1,1,1,1,1,1,1,1,1,1,0,0,0,1,1,1,1,1,1,1,1,1,1,1,1,1,1,1,1,1,1,1,1,1,1
112.75833832199547,112.95570793650793,79,67,1,1,1,1,1,1,1,1,1,1,1,1,1,1,1,1,1
112.16622947845805,112.79316825396825,76,55,1,1,1,1,1,1,1,1,1,1,1,1,1,1,1,1,1,1,1,1,1,1,1,1,1,1,1,1,1,1,1,1,1,1,1,1,1,1,1,1,1,1,1,1,1,1,1,1,1,1,1,1,1,1
112.15461950113378,112.75833832199547,79,64,1,1,1,1,1,1,1,1,1,1,1,1,1,1,1,1,1,1,1,1,1,1,1,1,1,1,1,1,1,1,1,1,1,1,1,1,1,1,1,1,1,1,1,1,1,1,1,1,1,1,1,1
112.15461950113378,112.92087800453514,72,66,1,1,1,1,1,1,1,1,1,1,1,1,1,1,1,1,1,1,1,1,1,1,1,1,1,1,1,1,1,1,1,1,1,1,1,1,1,1,1,1,1,1,1,1,1,1,1,1,1,1,1,1,1,1,1,1,1,1,1,1,1,1,1,1,1,1
112.15461950113378,112.97892789115646,67,71,1,1,1,1,1,1,1,1,1,1,1,1,1,1,1,1,1,1,1,1,1,1,1,1,1,1,1,1,1,1,1,1,1,1,1,1,1,1,1,1,1,1,1,1,1,1,1,1,1,1,1,1,1,1,1,1,1,1,1,1,1,1,1,1,1,1,1,1,1,1,1
111.93402993197279,112.73511836734694,84,63,1,1,1,1,1,1,1,1,1,1,1,1,1,1,1,1,1,1,1,1,1,1,1,1,1,1,1,1,1,1,1,1,1,1,1,1,1,1,1,1,1,1,1,1,1,1,1,1,1,1,1,1,1,1,1,1,1,1,1,1,1,1,1,1,1,1,1,1,1
111.93402993197279,112.15461950113378,72,69,1,1,1,1,1,1,1,1,1,1,1,1,1,1,1,1,1,1,1
111.50446077097506,111.93402993197279,72,74,1,1,1,1,1,1,1,1,1,1,1,1,1,1,1,1,1,1,1,1,1,1,1,1,1,1,1,1,1,1,1,1,1,1,1,1,1
111.49285079365079,111.79471020408162,76,59,1,1,1,1,1,1,1,1,1,1,1,1,1,1,1,1,1,1,1,1,1,1,1,1,1,1
111.49285079365079,112.15461950113378,67,65,1,1,1,1,1,1,1,1,1,1,1,1,1,1,1,1,1,1,1,1,1,1,1,1,1,1,1,1,1,1,1,1,1,1,1,1,1,1,1,1,1,1,1,1,1,1,1,1,1,1,1,1,1,1,1,1,1
111.46963083900226,111.93402993197279,84,81,1,1,1,1,1,1,1,1,1,1,1,1,1,1,1,1,1,1,1,1,1,1,1,1,1,1,1,1,1,1,1,1,1,1,1,1,1,1,1,1
111.01555782312924,111.49285079365079,67,81,1,1,1,1,1,1,1,1,1,1,1,1,1,1,1,1,1,1,1,1,1,1,1,1,1,1,1,1,1,1,1,1,1,1,1,1,1,1,1,1,1,1
110.8414081632653,111.01555782312924,67,65,1,1,1,1,1,1,1,1,1,1,1,1,1,1,1
110.81818820861677,111.46963083900226,84,87,1,1,1,1,1,1,1,1,1,1,1,1,1,1,1,1,1,1,1,1,1,1,1,1,1,1,1,1,1,1,1,1,1,1,1,1,1,1,1,1,1,1,1,1,1,1,1,1,1,1,1,1,1,1,1,1,1
110.81818820861677,111.06199773242629,64,60,2,1,1,1,1,1,1,1,1,1,1,1,1,1,1,1,1,1,1,1,1
110.64403854875283,111.50446077097506,72,72,1,1,1,1,1,1,1,1,1,1,1,1,1,1,1,1,1,1,1,1,1,1,1,1,1,1,1,1,1,1,1,1,1,1,1,1,1,1,1,1,1,1,1,1,1,1,1,1,1,1,1,1,1,1,1,1,1,1,1,1,1,1,1,1,1,1,1,1,1,1,1,1,1,1,1
110.50471882086167,111.13165759637188,48,52,1,1,1,1,1,1,1,1,1,1,1,1,1,1,1,1,1,1,1,1,1,1,1,1,1,1,1,1,1,1,1,1,1,1,1,1,1,1,1,1,1,1,1,1,1,1,1,1,1,1,1,1,1,1
110.33056916099773,111.08521768707483,79,54,1,1,1,1,1,1,1,1,1,1,1,1,1,1,1,1,1,1,1,1,1,1,1,1,1,1,1,1,1,1,1,1,1,1,1,1,1,1,1,1,1,1,1,1,1,1,1,1,1,1,1,1,1,1,1,1,1,1,1,1,1,1,1,1,1
110.31895918367347,111.49285079365079,76,63,1,1,1,1,1,1,1,1,1,1,1,1,1,1,1,1,1,1,1,1,1,1,1,1,1,1,1,1,1,1,1,1,1,1,1,1,1,1,1,1,1,1,1,1,1,1,1,1,1,1,1,1,1,1,1,1,1,1,1,1,1,1,1,1,1,1,1,1,1,1,1,1,1,1,1,1,1,1,1,1,1,1,1,1,1,1,1,1,1,1,1,1,1,1,1,1,1,1,1,1,1,1
110.20285941043083,110.8414081632653,67,66,1,1,1,1,1,1,1,1,1,1,1,1,1,1,1,1,1,1,1,1,1,1,1,1,1,1,1,1,1,1,1,1,1,1,1,1,1,1,1,1,1,1,1,1,1,1,1,1,1,1,1,1,1,1,1
110.15641950113378,110.81818820861677,84,98,1,1,1,1,1,1,1,1,1,1,1,1,1,1,1,1,1,1,1,1,1,1,1,1,1,1,1,1,1,1,1,1,1,1,1,1,1,1,1,1,1,1,1,1,1,1,1,1,1,1,1,1,1,1,1,1,1
110.14480952380951,110.64403854875283,72,70,1,1,1,1,1,1,1,1,1,1,1,1,1,1,1,1,1,1,1,1,1,1,1,1,1,1,1,1,1,1,1,1,1,1,1,1,1,1,1,1,1,1,1
110.14480952380951,110.29573922902493,60,56,1,1,1,1,1,1,1,1,1,1,1,1,1
110.00548979591836,110.14480952380951,60,38,1,1,1,1,1,1,1,1,1,1,1,1
109.91260997732425,110.20285941043083,67,72,1,1,1,1,1,1,1,1,1,1,1,1,1,1,1,1,1,1,1,1,1,1,1,1,1
109.83134013605442,110.10997959183673,64,67,1,1,1,1,1,1,1,1,1,1,1,1,1,1,1,1,1,1,1,1,1,1,1,1
108.66905850340137,109.459820861678,86,83,1,1,1,1,1,1,1,1,1,1,1,1,1,1,1,1,1,1,1,1,1,1,1,1,1,1,1,1,1,1,1,1,1,1,1,1,1,1,1,1,1,1,1,1,1,1,1,1,1,1,1,1,1,1,1,1,1,1,1,1,1,1,1,1,1,1,1,1,1
108.49490884353742,108.84320816326532,65,59,1,1,1,1,1,1,1,1,1,1,1,1,1,1,1,1,1,1,1,1,1,1,1,1,1,1,1,1,1,1
108.30914920634922,108.49490884353742,65,86,1,1,1,1,1,1,1,1,1,1,1,1,1,1,1,1
108.29753922902495,108.70388843537415,83,87,1,1,1,1,1,1,1,1,1,1,1,1,1,1,1,1,1,1,1,1,1,1,1,1,1,1,1,1,1,1,1,1,1,1,1
108.18143945578232,108.80837823129252,77,63,1,1,1,1,1,1,1,1,1,1,1,1,1,1,1,1,1,1,1,1,1,1,1,1,1,1,1,1,1,1,1,1,1,1,1,1,1,1,1,1,1,1,1,1,1,1,1,1,1,1,1,1,1,1
108.00728979591837,108.18143945578232,77,71,1,1,1,1,1,1,1,1,1,1,1,1,1,1,1
108.00728979591837,109.49465079365079,74,70,1,1,1,1,1,1,1,1,1,1,1,1,1,1,1,1,1,1,1,1,1,1,1,1,1,1,1,1,1,1,1,1,1,1,1,1,1,1,1,1,1,1,1,1,1,1,1,1,1,1,1,1,1,1,1,1,1,1,1,1,1,1,1,1,1,1,1,1,1,1,1,1,1,1,1,1,1,1,1,1,1,1,1,1,1,1,1,1,1,1,1,1,1,1,1,1,1,1,1,1,1,1,1,1,1,1,1,1,1,1,1,1,1,1,1,1,1,1,1,1,1,1,1,1,1,1,1,1,1
107.8447501133787,108.30914920634922,65,80,1,1,1,1,1,1,1,1,1,1,1,1,1,1,1,1,1,1,1,1,1,1,1,1,1,1,1,1,1,1,1,1,1,1,1,1,1,1,1,1
107.83314013605442,108.00728979591837,77,70,1,1,1,1,1,1,1,1,1,1,1,1,1,1,1
107.72865034013606,108.00728979591837,74,64,1,1,1,1,1,1,1,1,1,1,1,1,1,1,1,1,1,1,1,1,1,1,1,1
107.51967074829932,107.8447501133787,65,89,1,1,1,1,1,1,1,1,1,1,1,1,1,1,1,1,1,1,1,1,1,1,1,1,1,1,1,1
107.50806077097506,108.29753922902495,83,72,1,1,1,1,1,1,1,1,1,1,1,1,1,1,1,1,1,1,1,1,1,1,1,1,1,1,1,1,1,1,1,1,1,1,1,1,1,1,1,1,1,1,1,1,1,1,1,1,1,1,1,1,1,1,1,1,1,1,1,1,1,1,1,1,1,1,1,1
107.27457732426303,107.51967074829932,65,83,1,1,1,1,1,1,1,1,1,1,1,1,1,1,1,1,1,1,1,1,1,1
107.007547845805,107.27457732426303,65,67,1,1,1,1,1,1,1,1,1,1,1,1,1,1,1,1,1,1,1,1,1,1,1
106.85661814058957,107.50806077097506,84,98,1,1,1,1,1,1,1,1,1,1,1,1,1,1,1,1,1,1,1,1,1,1,1,1,1,1,1,1,1,1,1,1,1,1,1,1,1,1,1,1,1,1,1,1,1,1,1,1,1,1,1,1,1,1,1,1,1
106.72890839002268,107.4035709750567,43,51,1,0,1,1,1,1,1,1,1,1,1,1,1,1,1,1,1,1,1,1,1,1,1,1,1,1,1,1,1,1,1,1,1,1,1,1,1,1,1,1,1,1,1,1,1,1,1,1,1,1,1,1,1,1,1,1,1,1,1
106.125189569161,106.79856825396826,81,76,1,1,1,1,1,1,1,1,1,1,1,1,1,1,1,1,1,1,1,1,1,1,1,1,1,1,1,1,1,1,1,1,1,1,1,1,1,1,1,1,1,1,1,1,1,1,1,1,1,1,1,1,1,1,1,1,1,1
105.9046,106.16001950113379,79,93,1,1,1,1,1,1,1,1,1,1,1,1,1,1,1,1,1,1,1,1,1,7
105.9046,106.57797868480726,65,67,1,1,1,1,1,1,1,1,1,1,1,1,1,0,0,0,0,0,1,1,1,1,1,1,1,1,1,1,1,1,1,1,1,1,1,1,1,1,1,1,1,1,0,0,1,1,1,1,1,1,1,1,1,1,1,1,1,1
105.9046,106.8450081632653,62,77,1,1,1,1,1,1,1,1,1,1,1,1,1,1,1,1,1,1,1,1,1,1,1,1,1,1,1,1,1,1,1,1,1,1,1,1,1,1,1,1,1,1,1,1,1,1,1,1,1,1,1,1,1,1,1,1,1,1,1,1,1,1,1,1,1,1,1,1,1,1,1,1,1,1,1,1,1,1,1,1,1
105.89299002267575,106.13679954648526,74,64,1,1,1,1,1,1,1,1,1,1,1,1,1,1,1,1,1,1,1,1,1
105.83494013605443,106.83339818594105,69,71,-5,-5,-5,1,1,1,1,1,1,1,1,1,1,1,1,1,1,1,1,1,1,1,1,1,1,1,1,1,1,1,1,2,2,1,1,1,1,1,1,1,1,1,1,1,1,1,1,1,1,1,1,1,1,1,1,1,1,1,1,1,1,1,1,1,1,1,1,1,1,1,1,1,1,1,1,1,1,1,1,1,1,1,1,1,1,1
105.64918049886622,105.9046,65,65,1,1,1,1,1,1,1,1,1,1,1,1,1,1,1,1,1,1,1,1,1,1
105.62596054421769,105.89299002267575,74,64,1,1,1,1,1,1,1,1,1,1,1,1,1,1,1,1,1,1,1,1,1,1,1
105.54469070294785,105.9046,79,98,1,1,1,1,1,1,1,1,1,1,1,1,1,1,1,1,1,1,1,1,1,1,1,1,1,1,1,1,1,1,1
105.04417777777778,105.55630068027212,77,97,1,1,1,1,1,1,1,1,1,1,1,1,1,1,1,1,1,1,1,1,1,1,1,1,1,1,1,1,1,1,1,1,1,1,1,1,1,1,1,1,1,1,1,1,1
104.9745179138322,105.64918049886622,65,64,1,1,1,1,1,1,1,1,1,1,1,1,1,1,1,1,1,1,1,1,1,1,1,1,1,1,1,1,1,1,1,1,1,1,1,1,1,1,1,1,1,1,1,1,1,1,1,1,1,1,1,1,1,1,1,1,1,1,1
104.76553832199546,104.95129795918368,50,67,1,1,1,1,1,1,1,1,1,1,1,1,1,1,1,1
104.7539283446712,105.12544761904762,57,42,1,1,1,1,1,1,1,1,1,1,1,1,1,1,1,1,1,1,1,1,1,1,1,1,1,1,1,1,1,1,1,1
104.7539283446712,106.40382902494332,38,74,1,1,1,1,1,1,1,1,1,1,1,1,1,1,1,1,1,1,1,1,1,1,1,1,1,1,1,1,1,1,1,1,1,1,1,1,1,1,1,1,1,1,1,1,1,1,1,1,1,1,1,1,1,1,1,1,1,1,1,1,1,1,1,1,1,1,1,1,1,1,1,1,1,1,1,1,1,1,1,1,1,0,0,1,1,1,1,1,1,1,1,1,1,1,1,1,1,1,1,1,1,1,1,1,1,1,1,1,1,1,1,1,1,1,1,1,1,1,1,1,1,1,1,1,1,1,1,1,1,1,1,1,1,1,1,1,1,1,1,1,1,1,1
104.60299863945578,104.7539283446712,38,55,1,1,1,1,1,1,1,1,1,1,1,1,1
103.98766984126983,104.46367891156463,58,78,1,1,1,1,1,1,1,1,1,1,1,1,1,1,1,1,1,1,1,1,1,1,1,1,1,1,1,1,1,1,1,1,1,1,1,1,1,1,1,1,1
103.92961995464853,104.40562902494331,76,69,1,1,1,1,1,1,1,1,1,1,1,1,1,1,1,1,1,1,1,1,1,1,1,1,1,1,1,1,1,1,1,1,1,1,1,1,1,1,1,1,1
103.91800997732426,104.19664943310657,45,53,1,1,1,1,1,1,1,1,1,1,1,1,1,1,1,1,1,1,1,1,1,1,1,1
103.5929306122449,103.92961995464853,76,73,1,1,1,1,1,1,1,1,1,1,1,1,1,1,1,1,1,1,1,1,1,1,1,1,1,1,1,1,1
103.465220861678,103.98766984126983,58,96,1,1,1,1,1,1,1,1,1,1,1,1,1,1,1,1,1,1,1,1,1,1,1,1,1,1,1,1,1,1,1,1,1,1,1,1,1,1,1,1,1,1,1,1,1
103.30139727891157,104.40562902494331,67,81,1,1,1,1,1,1,1,1,1,1,1,1,1,1,1,1,1,1,1,1,1,1,1,1,1,1,1,1,1,1,1,1,1,1,1,1,1,1,1,1,1,1,1,1,1,1,1,1,1,1,1,1,1,1,1,1,1,1,1,1,1,1,1,1,1,1,1,1,1,1,1,1,1,1,1,1,1,1,1,1,1,1,1,1,1,1,1,1,1,1,1,1,1,1,1,1
103.23173741496598,103.61615056689342,45,71,1,1,1,1,1,1,1,1,1,1,1,1,1,1,1,1,1,1,1,1,1,1,1,1,1,1,1,1,1,1,1,1,1,1
103.1969074829932,104.31274920634921,64,54,1,1,1,1,1,1,1,1,1,1,1,1,1,1,1,1,1,1,1,1,1,1,1,1,1,1,1,1,1,1,1,1,1,1,1,1,1,1,1,1,1,1,1,1,1,1,1,1,1,1,1,1,1,1,1,1,1,1,1,1,1,1,1,1,1,1,1,1,1,1,1,1,1,1,1,1,1,1,1,1,1,1,1,1,1,1,1,1,1,1,1,1,1,1,1,1,1
103.08080770975056,103.9064,88,65,1,1,1,1,1,1,1,1,1,1,1,1,1,1,1,1,1,1,1,1,1,1,1,1,1,1,1,1,1,1,1,1,1,1,1,1,1,1,1,1,1,1,1,1,1,1,1,1,1,1,1,1,1,1,1,1,1,1,1,1,1,1,1,1,1,1,1,1,1,1,1,1
103.08080770975056,103.5929306122449,76,66,1,1,1,1,1,1,1,1,1,1,1,1,1,1,1,1,1,1,1,1,1,1,1,1,1,1,1,1,1,1,1,1,1,1,1,1,1,1,1,1,1,1,1,1,1
102.96470793650793,103.79030022675737,55,60,1,1,1,1,1,1,1,1,1,1,1,1,1,1,1,1,1,1,1,1,1,1,1,1,1,1,1,1,1,1,1,1,1,1,1,1,1,1,1,1,1,1,1,1,1,1,1,1,1,1,1,1,1,1,1,0,0,0,0,0,0,1,1,1,1,1,1,1,1,1,1,1
102.73250839002267,103.03436780045351,59,83,1,1,1,1,1,1,1,1,1,1,1,1,1,1,1,1,1,1,1,1,1,1,1,1,1,1
102.59318866213151,103.1969074829932,64,74,1,1,1,1,1,1,1,1,1,1,1,1,1,1,1,1,1,1,1,1,1,1,1,1,1,1,1,1,1,1,1,1,1,1,1,1,1,1,1,1,1,1,1,1,1,1,1,1,1,1,1,1
102.55835873015873,102.96470793650793,55,64,1,1,1,1,1,1,1,1,1,1,1,1,1,1,1,1,1,1,1,1,1,1,1,1,1,1,1,1,1,1,1,1,1,1,1
102.36098911564626,102.83699818594104,67,53,1,1,1,1,1,1,1,1,1,1,1,1,1,1,1,1,1,1,1,1,1,1,1,1,1,1,1,1,1,1,1,1,1,1,1,1,1,1,1,1,1
102.27971927437642,102.73250839002267,59,84,1,1,1,1,1,1,1,1,1,1,1,1,2,1,1,1,1,1,1,1,1,1,1,1,1,1,1,2,2,2,2,1,1,1,1,1,1,1,1
102.0939596371882,103.11563764172335,79,100,1,1,1,1,1,1,1,1,1,1,1,1,1,1,1,1,1,1,1,1,1,1,1,1,1,1,1,1,1,1,1,1,1,1,1,1,1,1,1,1,1,1,1,1,1,1,1,1,1,1,1,1,1,1,1,1,1,1,1,1,1,1,1,1,1,1,1,1,1,1,1,1,1,1,1,1,1,1,1,1,1,1,1,1,1,1,1,1
102.08234965986394,102.59318866213151,64,94,1,1,1,1,1,1,1,1,1,1,1,1,1,1,1,1,1,1,1,1,1,1,1,1,1,1,1,1,1,1,1,1,1,1,1,1,1,1,1,1,1,1,1,1
102.04751972789116,102.29132925170067,55,64,1,1,1,1,1,1,1,1,1,1,1,1,1,1,1,1,1,1,1,1,1
102.03590975056689,102.36098911564626,67,64,1,1,1,1,1,1,1,1,1,1,1,1,1,1,1,1,1,1,1,1,1,1,1,1,1,1,1,1
101.94302993197279,102.27971927437642,59,87,1,1,1,1,1,1,1,1,1,1,1,1,1,1,1,1,1,1,1,1,1,1,1,1,1,1,1,1,1
101.687610430839,102.08234965986394,64,91,1,1,1,1,1,1,1,1,1,1,1,1,1,1,1,1,1,1,1,1,1,1,1,1,1,1,1,1,1,1,1,1,1,1
101.58312063492063,102.03590975056689,67,69,1,1,1,1,1,1,1,1,1,1,1,1,1,1,1,1,1,1,1,1,1,1,1,1,1,1,1,1,1,1,1,1,1,1,1,1,1,1,1
101.58312063492063,102.0010798185941,48,68,1,1,1,1,1,1,1,1,1,1,1,1,1,1,1,1,1,1,1,1,1,1,1,1,1,1,1,1,1,1,1,1,1,1,1,1
101.57151065759636,102.0939596371882,79,93,1,1,1,1,1,1,1,1,1,1,1,1,1,1,1,1,1,1,1,1,1,1,1,1,1,1,1,1,1,1,1,1,1,1,1,1,1,1,1,1,1,1,1,1,1
101.57151065759636,102.38420907029479,36,69,2,1,1,1,1,1,1,1,1,1,1,1,1,1,1,1,1,1,1,1,1,1,1,1,1,1,1,1,1,1,1,1,1,1,1,1,1,1,1,1,1,1,1,1,1,1,1,1,1,1,1,1,1,1,1,1,1,1,1,1,1,1,1,1,1,1,1,1,1,1
101.3741410430839,101.57151065759636,36,54,1,1,1,1,1,1,1,1,1,1,1,1,1,1,1,1,1
101.31480725623582,101.53668072562358,74,66,1,1,1,1,1,1,1,1,1,1,1,1,1,1,1,1,1,1,1,1
101.30319727891155,101.5947306122449,86,76,1,1,1,1,1,1,1,1,1,1,1,1,1,1,1,1,1,1,1,1,1,1,1,1,1,1
101.14065759637188,101.32770113378685,64,74,1,1,1,1,1,1,1,1,1,1,1,1,1,1,1,1,1
100.98972789115646,101.3393111111111,83,72,1,1,1,1,1,1,1,1,1,1,1,1,1,1,1,1,1,1,1,1,1,1,1,1,1,1,1,1,1,1,1
100.98972789115646,101.75727029478458,71,74,1,1,1,1,1,1,1,1,1,1,1,1,1,1,1,1,1,1,1,1,1,1,1,1,1,1,1,1,1,1,1,1,1,1,1,1,1,1,1,1,1,1,1,1,1,1,1,1,1,1,1,1,1,1,1,1,1,1,1,1,1,1,1,1,1,1,1
100.8155782312925,101.51346077097506,68,77,1,1,1,1,1,1,1,1,1,1,1,1,1,1,1,1,1,1,1,1,1,1,1,1,1,1,1,1,1,1,1,1,1,1,1,1,1,1,1,1,1,1,1,1,1,1,1,1,1,1,1,1,1,1,1,1,1,1,1,1,1
100.66464852607709,100.98972789115646,71,98,1,1,1,1,1,1,1,1,1,1,1,1,1,1,1,1,1,1,1,1,1,1,1,1,1,1,1,1
100.66464852607709,100.90845804988662,59,42,1,1,1,1,1,1,1,1,1,1,1,1,1,1,1,1,1,1,1,1,1
100.64142857142856,100.98972789115646,83,64,1,1,1,1,1,1,1,1,1,1,1,1,1,1,1,1,1,1,1,1,1,1,1,1,1,1,1,1,1,1
100.64142857142856,100.8155782312925,68,80,1,1,1,1,1,1,1,1,1,1,1,1,0,1,1
100.62981859410431,100.8155782312925,52,33,4,4,1,1,1,1,1,1,1,1,1,1,1,1,1,1
100.57176870748299,100.7575283446712,62,67,1,1,1,1,1,1,1,1,1,1,1,1,1,1,1,1
100.17702947845804,100.64142857142856,84,73,-8,1,1,1,1,1,1,1,1,1,1,1,1,1,1,1,1,1,1,1,1,1,1,1,1,1,1,1,1,1,1,1,1,1,1,1,1,1,1,1
100.17702947845804,100.66464852607709,72,76,1,1,1,1,1,1,1,1,1,1,1,1,1,1,1,1,1,1,1,1,1,1,1,1,1,1,1,1,1,1,1,1,1,1,1,1,1,1,1,1,1,1
100.08414965986394,100.3163492063492,65,57,1,1,1,1,1,1,1,1,1,1,1,1,1,1,1,1,1,1,1,1
99.79390022675736,100.20024943310656,69,68,1,1,1,1,1,1,1,1,1,1,1,1,1,1,1,1,1,1,1,1,1,1,1,1,1,1,1,1,1,1,1,1,1,1,1
99.7822902494331,100.29312925170068,60,44,1,1,1,1,1,1,1,1,1,1,1,1,1,1,1,1,1,1,1,1,1,1,1,1,1,1,1,1,1,1,1,1,1,1,1,1,1,1,1,1,1,1,1,1
99.7822902494331,100.33956916099773,57,58,1,1,1,1,1,1,1,1,1,1,1,1,1,1,1,1,1,1,1,1,1,1,1,1,1,1,1,1,1,1,1,1,1,1,1,1,1,1,1,1,1,1,1,1,1,1,1,1
99.77068027210883,100.17702947845804,72,57,1,1,1,1,1,1,1,1,1,1,1,1,1,1,1,1,1,1,1,1,1,1,1,1,1,1,1,1,1,1,1,1,1,1,1
99.73585034013605,100.08414965986394,65,71,1,1,1,1,1,1,1,1,1,1,1,1,1,1,1,1,1,1,1,1,1,1,1,1,1,1,1,1,1,1
99.59653061224489,99.7822902494331,79,85,1,1,1,1,1,1,1,1,1,1,1,1,1,1,1,1
99.59653061224489,99.77068027210883,59,74,1,1,1,1,1,1,1,1,1,1,1,1,1,1,1
99.55009070294784,99.71263038548753,71,39,1,1,1,1,1,1,1,1,1,1,1,1,1,1
99.52687074829932,99.73585034013605,64,85,1,1,1,1,1,1,1,1,1,1,1,1,1,1,1,1,1,1
99.44560090702947,99.75907029478458,67,75,1,1,1,1,1,1,1,1,1,1,1,1,1,1,1,1,1,1,1,1,1,1,1,1,1,1,1
99.3759410430839,99.59653061224489,59,65,1,1,1,1,1,1,1,1,1,1,1,1,1,1,1,1,1,1,1
99.3282172335601,99.52687074829932,64,77,-5,1,1,1,1,1,1,1,1,1,1,1,1,1,1,1,1,1
99.2933873015873,99.59653061224489,79,88,1,1,1,1,1,1,1,1,1,1,1,1,1,1,1,1,1,1,1,1,1,1,1,1,1,1,1
99.28177732426305,99.44560090702947,67,70,1,1,1,1,1,1,1,1,1,1,1,1,1,1,1
99.28177732426305,99.55009070294784,55,58,1,1,1,1,1,1,1,1,1,1,1,1,1,1,1,1,1,1,1,1,1,1,1,1
99.17728752834468,99.38755102040815,57,68,1,1,1,1,1,1,1,1,1,1,1,1,1,1,1,1,1,1,1
99.09601768707483,99.35272108843537,62,81,1,1,1,1,1,1,1,1,1,1,1,1,1,1,1,1,1,1,1,1,1,1,1
99.04957777777778,99.2933873015873,65,75,1,1,1,1,1,1,1,1,1,1,1,1,1,1,1,1,1,1,1,1,1
98.92186802721089,99.09601768707483,62,64,1,1,1,1,1,1,1,1,1,1,1,1,1,1,1
98.89864807256237,100.23507936507936,38,76,1,1,1,1,1,1,1,1,1,1,1,1,1,1,1,1,1,1,1,1,1,1,1,1,1,1,1,1,1,1,1,1,1,1,1,1,1,1,1,1,1,1,1,1,1,1,1,1,1,1,1,1,1,1,1,1,1,1,1,1,1,1,1,1,1,1,1,1,1,1,1,1,1,1,1,1,1,1,1,1,1,1,1,1,1,1,1,1,1,1,1,1,1,1,1,1,1,1,1,1,1,1,1,1,1,1,1,1,1,1,1,1,1,1,1,1
98.81737823129252,99.31660725623583,77,89,1,1,1,1,1,1,1,1,1,1,1,1,1,1,1,1,1,1,1,1,1,1,1,1,1,1,1,1,1,1,1,1,1,1,1,1,1,1,1,1,1,1,1
98.81737823129252,99.04957777777778,65,66,-2,1,1,1,1,1,1,1,1,1,1,1,1,1,1,1,1,1,1,1
98.41102902494332,98.81737823129252,76,106,1,1,1,1,1,1,1,1,1,1,1,1,1,1,1,1,1,1,1,1,1,1,1,1,1,1,1,1,1,1,1,1,1,1,1
98.41102902494332,98.81737823129252,64,72,1,1,1,1,1,1,1,1,1,1,1,1,1,1,1,1,1,1,1,1,1,1,1,1,1,1,1,1,1,1,1,1,1,1,1
98.41102902494332,98.55034875283447,61,68,1,1,1,1,1,1,1,1,1,1,1,1
98.32975918367347,98.53873877551021,67,45,1,1,1,1,1,1,1,1,1,1,1,1,1,1,1,1,1,1
97.96984988662132,98.132389569161,61,66,1,1,1,1,1,1,1,1,1,1,1,1,1,1
97.93501995464852,98.41102902494332,64,46,1,1,1,1,1,1,1,2,1,1,1,1,1,1,1,1,1,1,1,1,1,1,1,1,1,1,1,1,1,1,1,1,1,1,1,1,1,1,1,1,1
97.92340997732427,98.132389569161,73,72,1,1,1,1,1,1,1,1,1,1,1,1,1,0,0,0,0,0
97.67960045351474,98.34136916099774,45,68,1,1,1,1,1,1,1,1,1,1,1,1,1,1,1,1,1,1,1,1,1,1,1,1,1,1,1,1,1,1,1,1,1,1,1,1,1,1,1,1,1,1,1,1,1,1,1,1,1,1,1,1,1,1,1,1,1
97.47062086167801,98.31814920634922,33,56,1,1,1,1,1,1,1,1,1,1,1,1,1,1,1,1,1,1,1,1,1,1,1,1,1,1,1,1,1,1,1,1,1,1,1,1,1,1,1,1,1,1,1,1,1,1,1,1,1,1,1,1,1,1,1,1,1,1,1,1,1,1,1,1,1,1,1,1,1,1,1,1,1
97.45901088435375,97.92340997732427,73,96,1,1,1,1,1,1,1,1,1,1,1,1,1,1,1,1,1,1,1,1,1,1,1,1,1,1,1,1,1,1,1,2,2,1,1,1,1,1,1,1
97.44740090702949,97.74926031746033,57,53,1,1,1,1,1,1,1,1,1,1,1,1,1,1,1,1,1,1,1,1,1,1,1,1,1,1
97.44740090702949,97.67960045351474,45,104,1,1,1,1,1,1,1,1,1,1,1,1,1,1,1,1,1,1,1,1
97.2951873015873,97.58672063492064,64,44,1,1,1,1,1,1,1,1,1,1,1,1,1,1,1,1,1,1,1,1,1,1,1,1,1,1
97.23713741496599,97.44740090702949,74,60,1,1,1,1,1,1,1,1,1,1,1,1,1,1,1,1,1,1,1
97.12103764172336,97.38935102040817,71,77,1,1,1,1,1,1,1,1,1,1,1,1,1,1,1,1,1,1,1,1,1,1,1,1
97.016547845805,97.70282040816328,79,66,1,1,1,1,1,1,1,1,1,1,1,1,1,1,1,1,1,1,1,1,1,1,1,1,1,1,1,1,1,1,1,1,1,1,1,1,1,1,1,1,1,1,1,1,1,1,1,1,1,1,1,1,1,1,1,1,1,1,1,1
97.016547845805,97.3300172335601,67,57,1,1,1,1,1,1,1,1,1,1,1,1,1,1,1,1,1,1,1,1,1,1,1,1,1,1,1
97.00493786848072,97.16747755102041,59,43,1,1,1,1,1,1,1,1,1,1,1,1,1,1
97.00493786848072,97.40096099773243,55,74,1,1,1,1,1,1,1,1,1,1,1,1,1,1,1,1,1,1,1,2,1,1,1,1,1,1,1,1,1,1,1,1,1,1,1
96.99332789115647,97.2951873015873,64,56,1,1,1,1,1,1,1,1,1,1,1,1,1,1,1,1,1,1,1,1,2,2,1,1,1,1
96.7611283446712,97.016547845805,67,82,1,1,1,1,1,1,1,1,1,1,1,1,1,1,1,1,1,1,1,1,1,1
96.59858866213152,97.00493786848072,55,77,1,1,1,1,1,1,1,1,1,1,1,1,1,1,1,1,1,1,1,1,1,1,1,1,1,1,1,1,1,1,1,1,1,1,1
96.56375873015874,97.016547845805,79,96,1,1,1,1,1,1,1,1,1,1,1,1,1,1,1,1,1,1,1,1,1,1,1,1,1,1,1,1,1,1,1,1,1,1,1,1,1,1,1
96.5405387755102,96.79595827664399,65,79,-2,1,1,1,1,1,1,1,1,1,1,1,1,1,1,1,1,1,1,1,1,1
96.51731882086168,96.72629841269841,40,56,1,1,1,1,1,1,1,1,1,1,1,1,1,1,1,1,1,1
96.34316916099773,96.5405387755102,64,88,1,1,1,1,1,1,1,1,1,1,1,1,1,1,1,1,1
96.33155918367348,96.52892879818594,76,71,1,1,1,1,1,1,1,1,1,1,1,1,1,1,1,1,1
96.09935963718821,96.56375873015874,79,93,4,1,1,1,1,1,1,1,1,1,1,1,1,1,1,1,1,1,1,1,1,1,1,1,1,1,1,1,1,1,1,1,1,1,1,1,1,1,1,1
96.08774965986395,96.33155918367348,52,64,1,1,1,1,1,1,1,1,1,1,1,1,1,1,1,1,1,1,1,1,1
96.01808979591837,96.15740952380952,41,50,0,0,2,1,1,1,1,1,1,1,1,1
95.84394013605443,96.07613968253969,65,75,1,1,1,1,1,1,1,1,1,1,1,1,1,1,1,1,1,1,1,1
95.83233015873016,96.08774965986395,56,72,1,1,1,1,1,1,1,1,1,1,1,1,1,1,1,1,1,1,1,1,1,1
95.65818049886622,96.09935963718821,80,92,1,1,1,1,1,1,1,1,1,1,1,1,1,1,1,1,1,1,1,1,1,1,1,1,1,1,1,1,1,1,1,1,1,1,1,1,1,1
95.65818049886622,95.84394013605443,65,93,1,1,1,1,1,1,1,1,1,1,1,1,1,1,1,1
95.63496054421769,95.77428027210884,62,44,1,1,1,1,1,1,1,1,1,1,1,1
95.63496054421769,95.83233015873016,56,89,1,1,1,1,1,1,1,1,1,1,1,1,1,1,1,1,1
95.472420861678,95.65818049886622,65,78,1,1,1,1,1,1,1,1,1,1,1,1,1,1,1,1
95.39115102040816,95.63496054421769,56,77,1,1,1,1,1,1,1,1,1,1,1,1,1,1,1,1,1,1,1,1,1
95.23893741496599,95.76267029478458,76,72,2,1,1,1,1,1,1,1,1,1,1,1,1,1,2,2,2,2,1,1,1,1,1,1,1,1,1,1,1,1,1,1,1,1,1,1,1,1,1,1,1,1,1,1,1,1
95.23893741496599,95.39115102040816,56,79,1,1,1,1,1,1,1,1,1,1,1,1,1,1
95.19249750566894,95.96003990929705,84,64,1,1,1,1,1,1,1,1,1,1,1,1,1,1,1,1,1,1,1,1,1,1,1,1,1,1,1,1,1,1,1,1,1,1,1,1,1,1,1,1,1,1,1,1,1,1,1,1,1,1,1,1,1,1,1,1,1,1,1,1,1,1,1,1,1,1,1
95.19249750566894,95.472420861678,65,59,1,1,1,1,1,1,1,1,1,1,1,1,1,1,1,1,1,1,1,1,1,1,1,1,1
94.75131836734694,95.23893741496599,76,94,-5,-5,1,1,1,1,1,1,1,1,1,1,1,1,1,1,1,1,1,1,1,1,1,1,1,1,2,2,2,1,1,1,1,1,1,1,1,1,2,2,2,2
94.75131836734694,95.06478775510205,57,50,1,1,1,1,1,1,1,1,1,1,1,1,1,1,1,1,1,1,1,1,1,1,1,1,1,1,1
94.71648843537415,95.78589024943311,29,70,1,1,1,1,1,1,1,1,1,1,1,1,1,1,1,1,1,1,1,1,1,1,1,1,1,1,1,1,1,1,1,1,1,1,1,1,1,1,1,1,1,1,1,1,1,1,1,1,1,1,1,1,1,1,1,1,1,1,1,1,1,1,1,1,1,1,1,1,1,1,1,1,1,1,1,1,1,1,1,1,1,1,1,1,1,1,1,1,1,1,1,1,1
94.50750884353741,94.79775827664399,74,76,1,1,1,1,1,1,1,1,1,1,1,1,1,1,1,1,1,1,1,1,1,1,1,1,1
94.50750884353741,94.69326848072562,65,76,1,1,1,1,1,1,1,1,1,1,1,1,1,1,1,1
94.49589886621315,94.75131836734694,57,54,1,1,1,1,1,1,1,1,1,1,1,1,1,1,1,1,1,1,1,1,1,1
94.35657913832199,94.49589886621315,57,78,1,1,1,1,1,1,1,1,1,1,1,1
94.26369931972789,94.6352185941043,62,48,1,1,1,1,1,1,1,1,1,1,1,1,1,1,1,1,1,1,1,1,-1,-1,-1,-1,1,1,1,1,1,1,1,1
94.21725941043084,94.39140907029478,55,43,1,1,1,1,1,1,1,1,1,1,1,1,1,1,1
94.0431097505669,94.35657913832199,57,51,1,1,1,1,1,1,1,1,1,1,1,1,1,1,1,1,-5,-5,-5,-5,-5,1,1,1,1,1,1
94.03149977324263,94.25208934240362,84,41,-2,1,1,1,1,1,1,1,1,1,1,1,1,1,1,1,1,1,1
94.03149977324263,94.50750884353741,65,82,1,1,1,1,1,1,1,1,1,1,1,1,1,1,1,1,1,1,1,1,1,1,1,1,1,1,1,1,1,1,1,1,1,1,1,1,1,1,1,1,1
93.86896009070294,94.03149977324263,64,82,1,1,1,1,1,1,1,1,1,1,1,1,1,1
93.81091020408164,93.97344988662131,67,47,1,1,1,1,1,1,1,1,1,1,1,1,1,1
93.81091020408164,94.0431097505669,57,62,0,0,1,1,1,1,1,1,1,1,1,1,1,1,1,1,1,1,1,1
93.79930022675737,93.96183990929705,76,50,1,1,1,1,1,1,1,1,1,1,1,1,1,1
93.78769024943311,94.47267891156463,38,71,1,1,1,1,1,1,1,1,1,1,1,1,1,1,1,1,1,1,1,1,1,1,1,1,1,1,1,1,1,1,1,1,1,1,1,1,1,1,1,1,1,1,1,1,1,1,1,1,1,1,1,1,1,1,1,1,1,1,1
93.57871065759637,93.78769024943311,74,59,1,1,1,1,1,1,1,1,1,1,1,1,1,1,1,1,1,1
93.5671006802721,93.93861995464853,62,80,1,1,1,1,1,1,1,1,1,1,1,1,1,1,1,1,1,1,1,1,1,1,1,1,1,1,1,1,1,1,1,1
93.5671006802721,93.78769024943311,38,88,1,1,1,1,1,1,1,1,1,1,1,1,1,1,1,1,1,1,1
93.39295102040816,93.5671006802721,38,92,1,1,1,1,0,1,1,1,1,1,1,1,1,1,1
93.13624761904761,93.55549070294785,69,71,1,1,1,1,1,1,1,1,1,1,1,1,1,1,1,1,1,1,1,1,1,1,1,1,1,1,1,1,1,1,1,1,1,1,1,1,1
93.13624761904761,93.5671006802721,57,68,1,1,1,1,1,1,1,1,1,1,1,1,1,1,1,1,1,1,1,1,1,1,1,1,1,1,1,1,1,1,1,1,1,1,1,1,1,1
92.92726802721089,93.1710775510204,65,52,1,1,1,1,1,1,1,1,1,1,1,1,1,1,1,1,1,1,1,1,1
92.91565804988662,93.1710775510204,81,86,1,1,1,1,1,1,1,1,1,1,1,1,1,1,1,1,1,1,1,1,1,1
92.91565804988662,93.13624761904761,57,74,1,1,1,1,1,1,1,1,1,1,1,1,1,1,1,1,1,1,1
92.69506848072562,92.91565804988662,57,69,1,1,1,1,1,1,1,1,1,1,1,1,1,1,1,1,1,1,1
92.66023854875283,93.12463764172335,77,76,-2,1,1,1,1,1,1,1,1,1,1,1,1,1,1,1,1,1,1,1,1,1,1,1,1,1,1,1,1,1,1,1,1,1,1,1,1,1,1,1
92.66023854875283,92.81116825396825,45,43,1,1,1,1,1,1,1,1,1,1,1,1,1
92.46286893424036,92.61379863945578,53,61,1,1,1,1,1,1,1,1,1,1,1,1,1
92.43964897959184,92.66023854875283,76,93,1,1,1,1,1,1,1,1,1,1,1,1,1,1,1,1,1,1,1
92.21905941043083,92.48608888888889,74,91,1,1,1,1,1,1,1,1,1,1,1,1,1,1,1,1,1,1,1,1,1,1,1
92.1029596371882,92.41642902494331,45,65,1,2,2,2,2,2,1,1,1,1,1,1,1,1,1,1,1,1,1,1,1,1,1,1,1,1,1
91.96363990929704,92.21905941043083,73,92,1,1,1,1,1,1,1,1,1,1,1,1,1,1,1,1,1,1,1,1,1,1
91.77788027210885,91.95202993197279,57,59,1,1,1,1,1,1,1,1,1,1,1,1,1,1,1
91.73144036281178,91.96363990929704,74,92,1,1,1,1,1,1,1,1,1,1,1,1,1,1,1,1,1,1,1,1
91.71983038548753,91.88237006802721,62,34,1,1,1,1,1,1,1,1,1,1,1,1,1,1
91.56890068027211,92.02168979591836,38,61,1,1,1,1,1,1,1,1,1,1,1,1,1,1,1,1,1,1,1,1,1,1,1,1,1,1,1,1,1,1,1,1,1,1,1,1,1,1,1
91.55729070294784,92.2654993197279,65,82,1,1,1,1,1,1,1,1,1,1,1,1,1,1,1,1,2,2,2,1,1,1,1,1,1,1,1,1,1,1,1,1,1,1,1,1,1,1,1,1,1,1,1,1,1,1,1,1,1,1,1,1,1,1,1,1,1,1,1,1,1
91.55729070294784,91.77788027210885,57,60,1,1,1,1,1,1,1,1,1,1,1,1,1,1,1,1,1,1,1
91.54568072562358,91.75466031746032,77,68,1,1,1,1,1,1,1,1,1,1,1,1,1,1,1,1,1,1
91.34702721088435,91.55729070294784,65,90,2,1,1,1,1,1,1,1,1,1,1,1,1,1,1,1,1,1,1
91.34702721088435,91.55729070294784,57,46,1,1,1,1,1,1,1,1,1,1,1,1,1,1,1,1,1,1,1
91.2657573696145,91.54568072562358,74,84,1,1,1,1,1,1,1,1,1,1,1,1,1,1,1,1,1,1,1,1,1,1,1,1,1
91.16126757369614,91.34702721088435,65,93,1,2,2,2,1,1,1,1,1,1,1,1,1,1,1,2
91.16126757369614,91.34702721088435,57,61,1,1,1,1,1,1,1,1,1,1,1,1,1,1,1,1
91.14965759637188,91.3005873015873,69,70,1,1,1,1,1,1,1,1,1,1,1,1,1
91.07999773242629,91.25414739229025,53,54,1,1,1,1,1,1,1,1,1,1,1,1,1,1,1
91.01033786848072,91.16126757369614,65,92,2,2,1,1,1,1,1,1,1,1,1,1,1
90.70847845804988,91.01033786848072,65,85,1,1,1,1,1,1,1,1,1,1,1,1,1,1,1,1,1,1,1,1,1,1,1,1,1,2
90.66203854875283,91.56890068027211,38,86,1,1,1,1,1,1,1,1,1,1,1,1,1,1,0,0,0,0,0,0,0,1,1,1,1,1,1,1,1,1,1,1,1,1,1,1,1,1,1,1,1,1,1,1,1,1,1,1,1,1,1,1,1,1,1,1,1,1,1,1,1,1,1,1,1,1,1,1,1,1,1,1,1,1,1,1,1,1,1
90.4182290249433,90.59237868480724,98,41,1,1,1,1,1,1,1,1,1,1,1,1,1,1,1
90.17441950113378,90.39500907029478,55,64,2,1,1,1,1,1,1,1,1,1,1,1,1,1,1,1,1,1,1
90.16280952380951,90.46466893424035,64,75,1,1,1,1,1,1,1,1,1,1,1,1,1,1,1,1,1,1,1,1,1,1,2,2,2,2
90.0118798185941,90.7665283446712,71,67,1,1,1,1,1,1,1,1,1,1,1,2,2,2,2,1,1,1,1,1,1,1,1,1,1,1,4,4,4,4,1,1,1,1,1,1,1,1,1,1,1,1,1,1,1,1,1,1,1,1,1,1,1,1,1,1,1,1,1,1,1,1,1,1,1
89.94221995464852,90.16280952380951,64,62,2,2,2,1,1,1,1,1,1,1,1,1,1,1,1,1,1,1,1
89.76807029478458,89.94221995464852,64,52,1,1,1,1,1,1,1,1,1,1,1,1,1,1,2
89.75646031746031,90.0118798185941,71,94,1,1,1,1,1,1,1,1,1,1,1,1,1,1,1,1,2,2,2,2,2,1
89.74485034013605,90.17441950113378,55,58,1,1,1,1,1,1,1,1,1,1,1,1,1,1,1,1,2,2,2,1,1,1,1,1,1,1,1,1,1,1,1,1,1,1,1,1,2
89.74485034013605,90.12797959183673,52,58,1,1,1,1,2,1,1,1,1,1,1,1,1,1,1,1,1,1,1,1,1,1,1,2,1,1,1,1,1,1,1,1,1
89.27916734693878,89.54748072562357,79,75,1,1,1,1,1,1,1,1,1,1,1,1,1,1,1,1,1,1,1,1,1,1,1,1
89.27916734693878,89.68680045351473,45,66,1,1,1,1,1,1,1,1,1,0,0,1,1,1,1,1,0,0,0,0,0,0,1,1,1,1,1,1,1,1,1,1,1,1,1,1
89.22111746031746,89.75646031746031,72,84,1,1,1,1,1,1,1,1,1,1,1,1,1,1,1,1,1,1,1,1,1,1,1,1,1,1,1,1,1,1,1,1,1,1,1,1,1,1,1,1,1,1,1,1,1,1,1
89.02374784580499,89.18628752834468,64,60,1,1,1,1,1,1,1,1,1,1,1,1,1,1
88.79154829931973,89.02374784580499,64,53,4,1,1,1,1,1,1,1,1,1,1,1,1,1,1,1,1,1,1,1
88.77993832199547,89.31399727891157,67,68,-5,1,1,1,1,1,1,1,1,1,1,1,1,1,1,1,1,1,1,1,1,1,1,1,1,1,1,1,1,1,1,1,1,1,1,1,1,1,1,1,1,1,1,1,1,1
88.77993832199547,89.19789750566893,55,56,1,1,1,1,1,1,1,1,1,1,1,1,1,1,1,1,1,1,1,1,1,1,1,1,1,1,1,1,1,1,1,1,1,1,1,1
88.62900861678006,88.79154829931973,65,81,1,1,1,1,1,1,1,1,1,1,1,1,1,1
88.361979138322,89.29077732426305,76,75,1,1,1,1,1,1,1,1,1,1,1,1,1,1,1,1,1,1,1,1,1,1,1,1,1,1,1,1,1,1,1,1,1,1,1,1,1,1,1,1,1,1,1,1,1,1,1,1,1,1,1,1,1,1,1,1,1,1,1,1,1,1,1,1,1,1,1,1,1,1,1,1,1,1,1,1,1,1,1,1
88.361979138322,88.62900861678006,65,82,-2,-2,-2,1,1,1,1,1,1,1,1,1,1,1,1,1,1,1,1,1,1,1,1
88.361979138322,88.77993832199547,55,69,2,1,1,1,1,1,1,1,1,1,1,1,1,1,2,2,2,2,2,2,2,2,2,1,1,1,1,1,1,1,1,1,1,1,1,1
88.07172970521542,88.44324897959184,48,56,1,1,1,1,1,1,1,1,1,1,1,1,1,1,1,1,1,1,1,1,1,1,1,1,1,1,1,1,1,1,1,1
88.07172970521542,88.55934875283447,36,79,1,1,1,1,1,1,1,1,1,1,1,1,1,1,1,1,1,1,1,1,1,1,1,1,1,1,1,1,1,1,1,1,1,1,1,1,1,1,1,1,1,1
88.06011972789116,88.361979138322,64,98,1,1,1,1,1,1,1,1,1,1,1,1,1,1,1,1,1,1,1,1,1,1,1,1,1,1
87.90919002267574,88.07172970521542,36,70,1,1,1,1,1,1,1,1,1,1,1,1,1,1
87.88597006802722,88.361979138322,76,77,1,1,1,1,1,1,1,1,1,1,1,1,1,1,1,1,1,1,1,1,1,1,1,1,1,1,1,1,1,1,1,1,1,1,1,1,1,1,1,1,1
87.68860045351474,87.87436009070295,77,57,-2,1,1,1,1,1,1,1,1,1,1,1,1,1,1,1
87.45640090702948,87.67699047619048,79,80,1,1,1,1,1,1,1,1,1,1,1,1,1,1,1,1,1,1,1
87.44479092970522,87.70021043083901,67,57,1,1,1,1,1,1,1,1,1,1,1,1,1,1,1,1,1,1,1,1,1,1
87.44479092970522,87.67699047619048,64,75,1,1,1,1,1,1,1,1,1,1,1,1,1,1,1,1,1,1,1,1
87.24613741496599,87.46801088435375,81,92,1,1,1,1,1,1,1,1,1,1,1,1,1,1,1,1,1,1,1,1
87.01393786848072,87.3970671201814,77,79,1,1,1,1,1,1,1,1,1,1,1,1,1,1,1,1,1,1,1,1,1,1,1,1,1,1,1,1,1,1,1,1,1
86.93266802721088,87.16486757369614,64,70,1,1,1,1,1,1,1,1,1,1,1,1,1,1,1,1,1,1,1,1
86.80495827664399,87.11842766439909,74,80,1,1,1,1,1,1,1,1,1,1,1,1,1,1,1,1,1,1,1,1,1,1,1,1,1,1,1
86.6772485260771,86.82817823129251,71,80,1,1,1,1,1,1,1,1,1,1,1,1,1
86.6772485260771,86.97910793650794,43,71,1,1,1,1,1,1,1,1,1,1,1,1,1,1,1,1,1,1,1,1,1,1,1,1,1,1
86.51470884353742,86.6772485260771,71,86,1,1,1,1,1,1,1,1,1,1,1,1,1,1
86.50309886621315,86.6772485260771,43,77,1,1,1,1,1,1,1,1,1,1,1,1,1,1,1
86.32894920634921,86.51470884353742,72,74,1,1,1,1,1,1,1,1,1,1,1,1,1,1,1,1
86.32894920634921,86.97910793650794,67,70,1,1,1,1,1,1,1,1,1,1,1,1,1,1,1,1,1,1,1,1,1,1,1,1,1,1,1,1,1,1,1,1,1,1,1,1,1,1,1,1,1,1,1,1,1,1,1,1,1,1,1,1,1,1,1,1
86.08513968253969,86.32894920634921,67,85,1,1,1,1,1,1,1,1,1,1,1,1,1,1,1,1,1,1,1,1,1
86.08513968253969,86.4566589569161,64,59,1,1,1,1,1,1,1,1,1,1,1,1,1,1,1,1,1,1,1,1,1,1,1,1,1,1,1,1,1,1,1,1
85.88777006802721,86.08513968253969,67,86,1,1,1,1,1,1,1,1,1,1,1,1,1,1,1,1,1
85.87616009070295,86.15479954648526,55,49,1,1,1,1,1,1,1,1,1,1,1,1,1,1,1,1,1,1,1,1,1,1,1,2
85.86455011337868,86.08513968253969,72,83,1,1,1,1,1,1,1,1,1,1,1,1,1,1,1,1,1,1,1
85.64396054421769,85.81811020408163,79,35,1,1,1,1,1,1,1,1,1,1,1,1,1,1,1
85.64396054421769,85.87616009070295,55,72,1,1,1,1,1,1,1,1,1,1,1,1,1,1,1,1,1,1,1,1
85.63235056689342,85.88777006802721,67,87,1,1,1,1,1,1,1,1,1,1,1,1,1,1,1,1,1,1,1,1,1,1
85.42208707482993,85.77167029478458,36,70,1,1,1,1,1,1,1,1,1,1,1,1,1,1,1,1,1,1,1,1,1,1,1,1,1,1,1,1,1,1,1
85.41047709750566,85.63235056689342,67,86,1,1,1,1,1,1,1,1,1,1,1,1,1,1,1,1,1,1,1,1
85.41047709750566,85.71362040816327,64,70,1,1,1,1,1,1,1,1,1,1,1,1,1,1,1,1,1,1,1,1,1,1,1,1,1,1,1
85.39886712018141,85.52786077097505,48,53,1,1,1,1,1,1,1,1,1,1,1,2
85.25954739229024,85.42208707482993,36,82,2,1,1,1,1,1,1,1,1,1,1,1,1,1
85.24793741496599,85.41047709750566,67,74,1,1,1,1,1,1,1,1,1,1,1,1,1,1
85.1202276643991,85.39886712018141,48,52,1,1,1,1,1,1,1,1,1,1,1,1,1,1,1,1,1,1,1,1,1,1,1,1
85.10861768707483,85.25954739229024,36,64,1,1,1,1,1,1,1,1,1,1,2,2,2
84.96929795918368,85.1782775510204,76,48,1,1,1,1,1,1,1,1,1,1,1,1,1,1,1,1,1,1
84.96929795918368,85.41047709750566,64,71,1,1,1,1,1,1,1,1,1,1,1,1,1,1,1,1,1,1,1,1,1,1,1,1,1,1,1,1,1,1,1,1,1,1,1,1,1,1
84.96929795918368,85.42208707482993,55,47,1,1,1,1,1,1,1,1,1,1,1,1,1,1,1,1,1,1,1,1,1,1,1,1,1,1,1,1,1,1,1,1,1,1,1,1,1,1,1
84.72548843537415,84.94607800453515,67,68,1,1,1,1,1,1,1,1,1,1,1,1,1,1,1,1,1,1,1
84.72548843537415,84.96929795918368,55,36,2,2,1,1,1,1,1,1,1,1,1,1,1,1,1,1,1,1,1,1,1
84.71387845804989,84.89963809523809,64,57,1,1,1,1,1,1,1,1,1,1,1,1,1,1,1,1
84.71387845804989,84.89963809523809,52,40,1,1,1,1,1,1,1,1,1,1,1,1,1,1,1,1
84.5513387755102,84.88802811791383,71,81,1,1,1,2,2,2,2,2,2,1,1,1,1,2,2,2,2,2,2,2,2,2,1,1,1,4,4,1,1
84.42362902494331,84.71387845804989,64,51,1,1,1,1,1,1,1,1,1,1,1,1,1,1,1,1,1,1,1,1,1,1,1,1,1
84.41201904761904,84.5513387755102,71,90,2,2,2,2,2,2,1,1,1,1,1,1
84.27269931972789,84.41201904761904,71,86,4,1,2,2,2,1,1,1,1,1,1,1
84.27269931972789,84.42362902494331,64,63,1,1,1,1,1,1,1,1,1,1,1,1,1
83.81991020408164,84.27269931972789,72,94,0,0,0,0,1,1,1,1,1,1,1,1,1,1,1,1,1,1,1,1,1,1,1,1,1,1,1,1,1,1,1,1,1,1,1,1,1,1,1
83.78508027210884,84.12176961451247,43,63,1,1,1,1,1,1,1,1,1,1,1,1,1,1,1,1,1,1,1,1,1,1,1,1,1,1,1,1,1
83.46000090702948,83.78508027210884,67,78,1,1,1,1,1,1,1,1,1,1,1,1,1,1,1,1,1,1,1,2,3,3,3,1,1,1,1,1
83.36583718820862,83.63415056689342,91,49,1,1,1,1,1,1,1,1,1,1,1,1,1,1,1,1,1,1,1,1,1,1,1,1
83.34261723356009,83.97083990929706,55,57,2,1,1,1,1,1,1,1,1,1,1,1,1,1,1,1,1,1,1,1,1,1,1,1,1,1,1,1,1,1,2,2,2,1,1,1,1,1,1,1,1,1,1,1,1,1,1,1,1,1,1,1,1,1,1
83.33100725623582,83.46000090702948,67,56,-5,-5,-5,1,1,1,1,1,1,1,1,1
83.33100725623582,83.65737052154195,64,70,4,1,1,1,1,1,1,1,1,1,1,1,1,1,1,1,1,1,1,1,1,1,1,1,1,1,1,1,1
83.14524761904761,83.34261723356009,55,52,1,1,1,1,1,1,1,1,1,1,1,1,1,1,1,2,2
82.93626802721089,83.33100725623582,65,86,1,1,1,1,1,1,1,1,1,1,1,1,1,1,1,1,1,1,1,1,1,1,1,1,1,1,1,1,1,1,1,1,1,1
82.91304807256235,83.3077873015873,77,54,-2,1,1,1,1,1,1,1,1,1,1,1,1,1,1,1,1,1,1,1,1,1,1,1,1,1,1,1,1,1,1,1,1,1
82.91304807256235,83.14524761904761,55,69,1,1,1,1,1,1,1,1,1,1,1,1,1,1,1,1,1,1,1,1
82.91304807256235,83.06397777777778,36,57,1,1,1,1,1,1,1,1,1,1,1,1,1
82.59957868480726,82.93626802721089,64,100,1,1,1,1,1,1,1,1,1,1,1,1,1,1,1,1,1,1,1,1,1,1,1,2,2,2,3,4,4
82.59957868480726,82.91304807256235,36,57,1,1,1,1,1,1,1,1,1,2,2,2,2,2,2,2,2,2,2,2,2,1,1,1,1,1,1
81.57790068027211,82.13517959183673,64,66,1,1,1,1,1,1,1,1,1,1,1,1,1,1,1,1,1,1,1,1,1,1,1,1,1,1,1,1,1,1,1,1,1,1,1,1,1,1,1,1,1,1,1,1,1,1,1,1
81.53146077097506,81.69400045351473,53,43,1,1,1,0,0,1,1,1,1,1,1,1,1,1
81.29797732426304,81.57790068027211,64,83,1,1,1,1,1,1,1,1,1,1,1,1,1,1,1,1,1,1,1,1,1,1,1,1,1
81.28636734693879,81.47341088435374,43,45,1,1,1,1,1,1,1,1,1,2,2,2,2,1,1,1,1
81.17026757369615,81.42568707482994,72,46,1,1,1,1,1,1,1,1,1,1,1,1,1,1,1,1,1,1,1,1,1,1
81.14704761904763,81.28636734693879,43,37,-1,1,1,1,1,1,1,1,0,0,1,1
81.13543764172336,81.29797732426304,64,85,1,1,1,1,1,1,1,1,1,1,1,1,1,1
81.11221768707483,82.44864897959184,31,63,0,0,0,1,1,1,1,1,1,1,1,1,1,1,1,1,1,1,1,1,1,1,1,1,1,1,1,1,1,1,1,1,1,1,1,1,1,1,1,1,1,1,1,1,1,1,1,1,1,1,1,1,1,1,1,1,1,1,1,1,1,1,1,1,1,1,1,1,1,1,1,1,1,1,1,0,0,0,0,0,1,1,1,2,2,2,1,1,1,1,1,1,1,1,1,1,1,1,1,1,1,1,1,1,1,1,1,1,1,1,1,1,1,1,1,1
80.82196825396827,81.17026757369615,72,67,1,1,1,1,1,1,1,1,1,1,1,1,1,1,1,1,1,1,1,1,1,1,1,1,1,1,1,1,1,1
80.69425850340137,80.96128798185941,48,38,1,1,1,1,1,1,1,1,1,1,1,1,1,1,1,1,1,1,1,1,1,1,1
80.6826485260771,80.83357823129252,55,42,1,1,1,1,1,1,1,1,1,1,1,1,1
80.67103854875285,81.13543764172336,64,80,1,1,1,1,1,1,1,1,1,1,1,1,1,1,1,1,1,1,1,1,1,1,1,1,1,1,1,1,1,1,1,1,1,1,1,1,1,1,1,1
80.65942857142858,81.26314739229025,84,63,1,1,1,1,1,1,1,1,1,1,1,1,1,1,1,1,1,1,1,1,1,1,1,1,1,1,1,1,1,1,1,1,1,1,1,1,1,1,1,1,1,1,1,1,1,1,1,1,1,1,1,1
80.48527891156463,80.82196825396827,72,75,1,1,1,1,1,1,1,1,1,1,1,1,1,1,1,1,1,1,1,1,1,1,1,1,1,1,1,1,1
80.20663945578232,80.35756916099774,55,57,1,1,1,1,1,1,1,1,1,1,1,1,1
80.1834195011338,80.67103854875285,64,69,1,1,1,1,1,1,1,1,1,1,1,1,1,1,1,1,1,1,1,1,1,1,1,1,1,1,1,1,1,1,1,1,1,1,1,1,1,1,1,1,1,1
80.17180952380953,80.48527891156463,72,77,1,1,1,1,1,1,1,1,1,1,1,1,1,1,1,1,1,1,1,1,1,1,1,1,1,1,1
79.82351020408164,80.17180952380953,72,91,1,1,1,1,1,1,1,1,1,1,1,1,1,1,1,1,1,1,1,1,1,1,1,1,1,1,1,1,1,1
79.73063038548753,80.65942857142858,84,77,1,1,1,1,1,1,1,1,1,1,1,1,1,1,1,1,1,1,1,1,1,1,1,1,1,1,1,1,1,1,1,1,1,1,1,1,1,1,1,1,1,1,1,1,1,1,1,1,1,1,1,1,1,1,1,1,1,1,1,1,1,1,1,1,1,1,1,1,1,1,1,1,1,1,1,1,1,1,1,1
79.73063038548753,80.21824943310658,36,63,1,1,1,1,1,1,1,1,1,1,1,1,1,1,1,1,1,1,1,1,1,1,1,1,1,1,1,1,1,1,1,1,1,1,1,1,1,1,1,1,1,2
79.48682086167801,79.63775056689343,55,39,1,1,1,1,1,1,1,1,1,1,1,1,1
79.48682086167801,79.67258049886622,43,52,1,1,1,1,1,1,1,1,1,1,1,1,1,1,1,1
79.46360090702949,79.68419047619048,86,84,1,1,1,1,1,1,1,1,1,1,1,1,1,1,1,1,1,1,1
79.46360090702949,79.75385034013605,74,71,1,1,1,1,1,1,1,1,1,1,1,1,1,1,1,1,1,1,1,1,1,1,1,1,1
79.32299727891157,79.67258049886622,65,49,1,1,1,1,1,-2,-2,1,0,-2,-2,1,1,1,1,1,1,1,1,1,1,1,1,1,1,1,1,1,1,1,1
79.25333741496598,79.45070702947847,55,49,1,1,1,1,1,1,1,1,1,1,1,1,1,1,1,1,1
79.03274784580499,79.62614058956916,71,54,1,1,1,1,1,1,1,1,1,1,1,1,1,1,1,1,1,1,1,1,1,1,1,1,1,1,1,1,1,1,1,1,1,1,1,1,1,1,1,1,1,1,1,1,1,1,1,1,1,1,1,1
78.84698820861678,79.13723764172336,43,49,1,1,1,1,1,1,1,1,1,1,1,1,1,1,1,1,1,1,1,1,1,1,1,1,1
78.83537823129252,79.03274784580499,71,83,1,1,1,1,1,1,1,1,1,1,1,1,1,1,1,1,1
78.7773283446712,79.46360090702949,83,63,4,4,1,1,1,1,1,1,1,1,1,1,1,1,1,1,1,1,1,1,1,1,1,1,1,1,1,1,1,1,1,1,1,1,1,1,1,1,1,1,1,1,1,1,1,1,1,1,1,1,1,1,1,1,1,1,1,1,1,1
78.45224897959184,78.6844485260771,43,65,0,0,1,1,1,1,1,1,1,1,1,1,1,1,1,1,1,1,1,1
78.42902902494332,78.57995873015874,62,48,1,1,1,1,1,1,1,1,1,1,1,1,1
78.42902902494332,78.76571836734695,31,67,0,1,1,1,1,1,1,1,1,1,1,1,1,1,1,1,1,1,1,1,1,1,1,1,1,1,1,1,1
78.4058090702948,78.82376825396825,72,76,1,1,1,1,1,1,1,1,1,1,1,1,1,1,1,1,1,1,1,1,1,1,1,1,1,1,1,1,1,1,1,1,1,1,1,1
78.370979138322,78.7773283446712,84,90,1,1,1,1,1,1,1,1,1,1,1,1,1,1,1,1,1,1,1,1,1,1,1,1,1,1,1,1,1,1,1,1,1,1,1
78.18521950113379,78.32453922902495,57,68,1,1,1,1,1,1,1,1,1,1,1,1
77.97623990929705,78.18521950113379,57,67,1,1,1,1,1,1,1,1,1,1,1,1,1,1,1,1,1,1
77.9298,78.28970929705216,38,57,1,1,1,1,1,1,1,1,1,1,1,1,1,1,1,1,1,1,1,1,1,1,1,1,1,1,1,1,1,1,1
77.90658004535148,78.32453922902495,69,61,1,1,1,1,1,1,1,1,1,1,1,1,1,1,1,1,1,1,1,1,1,1,1,1,1,1,1,1,1,1,1,1,1,1,1,1
77.90658004535148,78.19682947845806,65,67,1,1,1,1,1,1,1,1,1,1,1,1,1,1,1,1,1,1,1,1,1,1,1,1,1
77.90658004535148,78.150389569161,62,49,1,1,1,1,1,1,1,1,1,1,1,1,1,1,1,1,1,1,1,1,1
77.89497006802722,78.4058090702948,81,86,1,1,1,1,1,1,1,1,1,1,1,1,1,1,1,1,1,1,1,1,1,1,1,1,1,1,1,1,1,1,1,1,1,1,1,1,1,1,1,1,1,1,1,1
77.76726031746033,77.91819002267574,79,82,1,1,1,1,1,1,1,1,1,1,1,1,1
77.70921043083901,77.97623990929705,57,40,1,1,1,1,1,1,1,1,1,1,1,1,1,1,1,1,1,1,1,1,1,1,1
77.68599047619048,77.88336009070295,67,71,1,1,1,1,1,1,1,1,1,1,1,1,1,1,1,1,2
77.54667074829932,77.76726031746033,79,88,1,1,1,1,1,1,1,1,1,1,1,1,1,1,1,1,1,1,1
77.53506077097506,77.68599047619048,67,70,1,1,1,1,1,1,1,1,1,1,1,1,1
77.47701088435375,77.9298,38,56,0,1,1,1,1,1,1,1,1,1,1,1,1,1,1,1,1,1,1,1,1,1,1,1,1,1,1,1,1,1,1,1,1,1,1,1,1,1,1
77.47572698412698,77.63955056689343,57,42,1,1,0,1,1,1,1,1,1,1,1,1,1,1,1
77.46411700680272,77.61633061224491,53,48,1,1,1,1,1,0,0,0,0,1,1,1,1,1
77.33640725623583,77.47572698412698,77,80,1,1,1,1,1,1,1,1,1,1,1,1
77.30157732426304,77.68599047619048,65,58,1,1,1,1,1,1,1,1,1,1,1,1,1,1,1,1,1,1,1,0,0,0,0,0,1,1,1,1,1,1,1,1,1,1
77.1274276643991,77.33640725623583,77,71,1,1,1,1,1,1,1,1,1,1,1,1,1,1,1,1,1,1
77.1274276643991,77.47701088435375,38,46,1,1,1,1,1,1,1,1,1,1,1,1,1,1,1,1,1,1,1,1,0,0,0,0,0,0,0,0,0,0,0
76.95327800453515,77.1274276643991,38,48,1,1,1,1,1,1,1,1,1,1,1,1,1,1,1
76.54692879818595,76.70946848072562,64,67,1,1,1,1,1,1,1,1,1,1,1,1,1,1
76.53531882086168,76.70946848072562,55,58,2,2,1,1,1,1,1,1,1,1,1,1,1,1,1
76.53531882086168,76.67463854875284,45,39,1,1,0,1,1,1,1,1,1,1,1,1
76.30311927437641,76.53531882086168,55,47,1,1,1,1,1,1,1,1,1,1,1,1,1,1,1,1,1,1,1,2
76.10574965986395,76.27989931972789,60,49,1,1,1,1,1,1,1,1,1,1,1,1,1,1,1
76.09413968253968,76.30311927437641,55,75,1,1,1,1,1,1,1,1,1,1,1,1,1,1,1,1,1,1
76.03608979591837,76.19862947845805,72,52,1,1,1,1,1,1,1,1,1,1,1,1,1,1
75.81550022675736,76.08252970521542,45,73,1,1,1,1,1,1,1,1,1,1,1,1,1,1,1,1,1,1,1,1,1,1,1
75.66457052154195,75.9316,72,59,-2,1,1,1,1,1,1,1,1,1,1,1,1,1,1,1,1,1,1,1,1,1,1
75.65296054421769,76.17540952380952,84,72,-2,1,1,1,1,1,1,1,1,1,1,1,1,1,1,1,1,1,1,1,1,1,1,1,1,1,1,1,1,1,1,1,1,1,1,1,1,1,1,1,1,1,1,1,1
75.64135056689342,75.81550022675736,45,49,1,1,1,1,1,1,1,1,1,0,0,0,0,0,0
75.56008072562358,75.711010430839,64,62,1,1,1,1,1,1,1,1,1,1,1,1,1
75.54847074829932,75.73423038548754,52,51,1,1,1,1,1,0,0,0,1,1,1,1,1,1,1,1
75.41947709750566,75.54847074829932,52,66,1,1,1,1,1,1,1,1,1,1,1,1
75.40786712018141,75.64135056689342,71,49,1,1,1,1,1,1,1,1,1,1,1,1,1,1,1,1,1,1,1,1,1
75.39625714285714,75.65296054421769,83,90,1,1,1,1,1,1,1,1,1,1,1,1,1,1,1,1,1,1,1,1,1,1,1
75.39625714285714,75.80389024943311,67,62,1,1,1,1,1,1,1,1,1,1,1,1,1,1,1,1,1,1,1,1,1,1,1,1,1,1,1,1,1,1,1,1,1,1,1,1
75.39625714285714,75.56008072562358,64,59,1,1,1,1,1,1,1,1,1,1,1,1,1,1,1
75.39625714285714,75.56008072562358,55,63,1,1,1,1,1,1,1,1,1,1,1,1,1,1,1
75.19888752834467,75.39625714285714,55,48,1,1,1,1,1,1,1,1,1,1,1,1,1,1,1,1,1
75.17566757369615,75.38464716553288,40,58,1,1,1,1,1,1,1,1,1,1,1,1,1,1,1,1,1,1
75.16405759637188,75.33820725623582,64,60,1,1,1,1,1,1,1,1,1,1,1,1,1,1,1
74.92024807256236,75.16405759637188,64,67,1,1,1,1,1,1,1,1,1,1,1,1,1,1,1,1,1,1,1,1,1
74.75770839002267,75.36142721088436,72,41,-2,-2,1,1,1,1,1,1,1,1,1,1,1,1,1,1,1,1,1,1,1,1,1,1,1,1,1,1,1,1,1,1,1,1,1,1,1,1,1,1,1,1,1,1,1,1,1,1,1,1,1,1
74.74609841269842,75.39625714285714,84,87,-2,1,1,1,1,1,1,1,1,1,1,1,1,1,1,1,1,1,1,1,1,1,1,1,1,1,1,1,1,1,1,1,1,1,1,1,1,1,1,1,1,1,1,1,1,1,1,1,1,1,1,1,1,1,1,1
74.6532185941043,74.80414829931972,55,55,1,1,1,1,1,1,1,1,1,1,1,1,1
74.64160861678005,74.92024807256236,64,64,1,1,1,1,1,1,1,1,1,1,1,1,1,1,1,1,1,1,1,1,1,1,1,1
74.54872879818593,75.17566757369615,40,54,1,1,1,1,1,1,1,1,1,1,1,1,1,1,1,1,1,0,1,1,1,1,1,1,1,1,1,1,1,1,1,1,1,1,1,1,1,1,1,1,1,1,1,1,1,1,1,1,1,1,1,1,1,1
74.47906893424036,74.64160861678005,52,58,0,0,1,1,1,1,1,1,1,1,1,1,1,1
74.44423900226757,74.6532185941043,71,59,1,1,1,1,1,1,1,1,1,1,1,1,1,1,1,1,1,1
74.44423900226757,74.64160861678005,64,59,1,1,1,1,1,1,1,1,1,1,1,1,1,1,1,1,1
74.33974920634921,74.54872879818593,40,43,-1,-1,1,1,0,0,0,2,2,2,2,2,2,2,2,2,1,1
74.25847936507937,74.44423900226757,71,51,1,1,1,1,1,1,1,1,1,1,1,1,1,1,1,1
74.25847936507937,74.47906893424036,52,73,1,1,1,1,1,0,1,1,1,1,1,1,1,1,1,1,1,1,1
73.86374013605442,74.10754965986395,65,52,1,1,1,1,1,1,1,1,1,1,1,1,1,1,1,1,1,1,1,1,1
73.82891020408162,74.04949977324263,56,60,1,1,1,1,1,1,1,1,1,1,1,1,1,1,1,1,1,1,1
73.8056902494331,74.17720952380952,41,62,1,1,1,1,1,1,1,1,1,1,1,1,1,1,1,1,1,1,1,1,1,1,1,1,1,1,1,1,1,1,1,1
73.60832063492063,73.82891020408162,56,65,1,1,1,1,1,1,1,1,1,1,1,1,1,1,1,1,1,1,1
73.42127709750567,73.59671065759638,68,56,1,1,1,2,2,2,1,1,1,1,1,1,1,1,1,1
73.42127709750567,73.55027074829931,60,52,1,1,1,1,1,1,1,1,1,1,1,1
73.4096671201814,73.60832063492063,56,86,1,1,1,1,1,1,1,1,1,1,1,1,1,1,1,1,1,1
73.38644716553287,73.8056902494331,41,57,1,1,1,1,1,1,1,1,1,1,1,1,1,1,1,1,1,1,1,1,1,1,1,1,1,1,1,1,1,1,1,1,1,1,1,1,1
73.15424761904761,73.42127709750567,68,88,1,1,1,1,1,1,1,1,1,1,1,1,1,1,1,1,1,1,1,1,1,1,1
72.94526802721087,73.38644716553287,41,58,1,1,1,1,1,1,1,1,1,1,1,1,1,1,1,1,1,1,1,1,1,1,1,1,1,1,1,0,1,1,1,1,1,1,1,1,1,1
72.93365804988662,73.39805714285714,62,54,1,1,1,1,1,1,1,1,1,1,1,1,1,1,1,1,1,1,1,1,1,1,1,1,1,1,1,1,1,1,1,1,1,1,1,1,1,1,1,1
72.93365804988662,73.15424761904761,57,54,1,1,1,1,1,1,1,1,1,1,1,1,1,1,1,1,1,1,1
72.92204807256235,73.0961977324263,76,56,1,1,1,1,1,1,1,1,1,1,1,1,1,1,1
72.91043809523809,73.60832063492063,88,80,-5,1,1,1,1,1,1,1,1,1,1,1,1,1,1,1,1,1,1,1,1,1,1,1,1,1,1,1,1,1,1,1,1,1,1,1,1,1,1,1,1,1,1,1,1,1,1,1,1,1,1,1,1,1,1,1,1,1,1,1,1
72.91043809523809,73.91018004535147,29,56,1,1,1,1,1,1,1,1,1,1,1,1,1,1,1,1,1,1,1,1,1,1,1,1,1,1,1,1,1,1,1,1,1,1,1,1,1,1,1,1,1,1,1,1,1,1,1,1,1,1,1,1,1,1,1,1,1,1,1,1,1,1,1,1,1,1,1,1,1,1,1,1,1,1,1,1,1,1,1,1,1,1,1,1,1,1,1
72.68984852607709,72.93365804988662,86,79,1,1,1,1,1,1,1,1,1,1,1,1,1,1,1,1,1,1,1,1,1
72.68984852607709,72.91043809523809,74,70,1,1,1,1,1,1,1,1,1,1,1,1,1,1,1,1,1,1,1
72.68984852607709,72.8756081632653,69,62,1,1,1,1,1,1,1,1,1,1,1,1,1,1,1,1
72.68984852607709,72.93365804988662,62,53,1,1,1,1,1,1,1,1,1,1,1,1,1,1,1,1,1,1,1,1,1
72.68984852607709,72.93365804988662,57,57,1,1,1,1,1,1,1,1,1,1,1,1,1,1,1,1,1,1,1,1,1
72.4692589569161,72.6550185941043,65,75,1,1,1,1,1,1,1,1,1,1,1,1,1,1,1,1
72.4692589569161,72.63179863945578,53,44,1,1,1,1,1,1,1,1,1,1,1,1,1,1
72.4692589569161,72.86399818594104,38,75,1,1,1,1,1,1,1,1,1,1,1,1,1,1,1,1,1,1,1,1,1,1,1,1,1,1,1,1,1,1,1,1,1,1
72.45764897959184,72.68984852607709,62,69,1,1,1,1,1,1,1,1,1,1,1,1,1,1,1,1,1,1,1,1
72.45764897959184,72.68984852607709,57,67,1,1,1,1,1,1,1,1,1,1,1,1,1,1,1,1,1,1,1,1
72.44603900226757,72.68984852607709,69,79,1,1,1,1,1,1,1,1,1,1,1,1,1,1,1,1,1,1,1,1,1
72.28349931972788,72.44603900226757,69,78,1,1,1,1,1,1,1,1,1,1,1,1,1,1
72.27188934240363,72.45764897959184,57,64,1,1,1,1,1,1,1,1,1,1,1,1,1,1,1,1
72.06290975056689,72.26027936507936,76,36,1,1,1,1,1,1,1,1,1,1,1,1,1,1,1,1,1
72.06290975056689,72.20222947845805,53,62,1,1,1,1,1,1,1,1,1,1,1,1
72.05129977324262,72.45764897959184,62,70,1,1,1,1,1,1,1,1,1,1,1,1,1,1,1,1,1,1,1,1,1,1,1,1,1,1,1,1,1,1,1,1,1,1,1
72.05129977324262,72.41120907029477,50,48,1,1,1,1,1,1,1,1,1,1,1,1,1,1,1,1,1,1,1,1,1,1,1,1,1,1,1,1,1,1,1
72.01646984126984,72.66662857142856,88,81,1,1,1,1,1,1,1,1,1,1,1,1,1,1,1,1,1,1,1,1,1,1,1,1,1,1,1,1,1,1,1,1,1,1,1,1,1,1,1,1,1,1,1,1,1,1,1,1,1,1,1,1,1,1,1,1
72.01646984126984,72.28349931972788,69,70,1,1,1,1,1,1,1,1,1,1,1,1,1,1,1,1,1,1,1,1,1,1,1
72.01646984126984,72.27188934240363,57,70,1,1,1,1,1,1,1,1,1,1,1,1,1,1,1,1,1,1,1,1,1,1
71.62173061224489,72.4692589569161,38,85,1,1,1,1,1,1,1,1,1,1,1,1,1,1,1,1,1,1,1,1,1,1,1,1,1,1,1,1,1,1,1,1,1,1,1,1,1,1,1,1,1,1,1,1,1,1,1,1,1,1,1,1,1,1,1,1,1,1,1,1,1,1,1,1,1,1,1,1,1,1,1,1,1
71.61012063492063,71.92359002267573,74,61,1,1,1,1,1,1,1,1,1,1,1,1,1,1,1,1,1,1,1,1,1,1,1,1,1,1,1
71.30697732426304,71.52885079365079,57,66,1,1,1,1,1,1,1,1,1,1,1,1,1,1,1,1,1,1,1,1
71.09799773242631,71.260537414966,69,62,1,1,1,1,1,1,1,1,1,1,1,1,1,1
71.09799773242631,71.51724081632652,65,76,1,1,1,1,1,1,1,1,1,1,1,1,1,1,1,1,1,1,1,1,1,1,1,1,1,1,1,1,1,1,1,1,1,1,1,1,1
71.09799773242631,71.44629705215421,62,47,1,1,1,1,1,1,1,1,1,1,1,1,1,1,1,1,1,1,1,1,1,1,1,1,1,1,1,1,1,1
71.09799773242631,71.30697732426304,57,74,1,1,1,1,1,1,1,1,1,1,1,1,1,1,1,1,1,1
70.88901814058957,71.09799773242631,57,87,1,1,1,1,1,1,1,1,1,1,1,1,1,1,1,1,1,1
70.68003854875285,70.88901814058957,57,73,1,1,1,1,1,1,1,1,1,1,1,1,1,1,1,1,1,1
70.66842857142858,70.819358276644,53,62,1,1,1,1,1,1,1,1,1,1,1,1,1
70.50588888888889,70.6916485260771,45,67,1,1,1,1,1,1,1,1,1,1,1,1,1,1,1,1
70.2504693877551,70.50588888888889,45,81,1,1,1,1,1,1,1,1,1,1,1,1,1,1,1,1,1,1,1,1,1,1
70.16919954648526,70.61037868480726,33,57,1,1,1,1,1,1,1,1,1,1,1,1,1,1,1,1,1,1,1,1,1,1,1,1,1,1,1,1,1,1,1,1,1,1,1,1,1,1
70.11114965986395,70.2504693877551,45,67,1,1,1,1,1,1,1,1,1,1,1,1
69.96021995464854,70.21563945578232,65,69,1,1,1,1,1,1,1,1,1,1,1,1,1,1,1,1,1,1,1,1,1,1
69.96021995464854,70.35495918367347,57,60,1,1,1,1,1,1,1,1,1,1,1,1,1,1,1,1,1,1,1,1,1,1,1,1,1,1,1,1,1,1,1,1,1,1
69.79768027210885,69.96021995464854,57,79,1,1,1,1,1,1,1,1,1,1,1,1,1,1
69.77446031746032,69.96021995464854,65,85,1,1,1,1,1,1,1,1,1,1,1,1,1,1,1,1
69.51775691609977,69.77446031746032,65,88,1,1,1,1,1,1,1,1,1,1,1,1,1,1,1,1,1,1,1,1,1,1,1
69.51775691609977,69.79768027210885,57,69,1,1,1,1,1,1,1,1,1,1,1,1,1,1,1,1,1,1,1,2,1,1,1,1,1
69.48292698412699,69.65836054421769,45,56,2,2,1,1,1,1,1,1,1,1,1,1,2,2,2,2
69.29716734693878,69.51775691609977,62,43,2,1,1,1,1,1,1,1,1,1,1,1,1,1,1,1,1,1,1
69.29716734693878,69.51775691609977,57,71,2,1,1,1,1,1,2,2,2,1,1,1,1,2,2,2,2,2,1
69.29716734693878,69.64675056689343,53,56,0,0,1,1,1,1,1,1,1,1,1,1,1,1,0,0,0,1,1,1,1,1,1,1,1,1,1,1,1,1,1
68.99530793650794,70.18080952380953,38,77,1,1,1,1,1,1,1,1,1,1,1,1,1,1,1,1,1,1,1,1,1,1,1,1,1,1,1,1,1,1,1,1,1,1,1,1,1,1,1,1,1,1,1,1,1,1,1,1,1,1,1,1,1,1,1,1,1,1,1,1,1,1,1,1,1,1,1,1,1,1,1,1,1,1,1,1,1,1,1,1,1,1,1,1,1,1,1,1,1,1,1,1,1,1,1,1,1,1,1,1,1,1,1
68.9140380952381,69.64675056689343,77,93,1,1,1,1,1,1,1,1,1,1,1,1,1,1,1,1,1,1,1,1,1,1,1,1,1,1,1,1,1,1,1,1,1,1,1,1,1,1,1,1,1,1,1,1,1,1,1,1,1,1,1,1,1,1,1,1,1,1,1,1,1,1,1,1
68.85598820861678,69.51775691609977,65,56,1,1,1,1,1,1,1,1,1,1,1,1,1,1,1,1,1,1,1,1,1,1,1,1,1,1,1,1,1,1,1,1,1,1,1,1,1,1,1,1,1,1,1,1,1,1,1,1,1,1,1,1,1,1,1,1,1
68.85598820861678,68.99530793650794,38,90,1,1,2,1,1,1,1,1,1,1,1,1
68.60056870748299,68.7863283446712,86,86,1,1,1,1,1,1,1,1,1,1,1,1,1,1,1,1
68.58895873015874,68.8792081632653,74,61,1,1,1,1,1,1,1,1,1,1,1,1,1,1,1,1,1,1,1,1,1,1,1,1,1
68.4148090702948,68.76310839002268,64,74,1,1,1,1,1,1,1,1,1,1,1,1,1,1,1,1,1,1,1,1,1,1,1,1,1,1,1,1,1,1
68.379979138322,68.56573877551021,55,70,1,1,1,1,1,1,1,1,1,1,1,1,1,1,1,1
68.36836916099773,68.76310839002268,45,45,1,1,1,1,1,1,1,1,1,2,2,2,2,1,1,1,1,1,1,1,1,1,1,1,1,1,1,1,1,1,1,1,1,1
67.96201995464853,68.17099954648526,83,68,4,1,1,1,1,1,1,1,1,1,1,1,1,1,1,1,1,1
67.92719002267575,68.3451492063492,71,51,1,1,1,1,1,1,1,1,1,1,1,1,1,1,1,1,1,1,1,1,1,1,1,1,1,1,1,1,1,1,1,1,1,1,1,1
67.92719002267575,68.4148090702948,64,78,1,1,1,1,1,1,1,1,1,1,1,1,1,1,1,1,1,1,1,1,1,1,1,1,1,1,1,1,1,1,1,1,1,1,1,1,1,1,1,1,1,1
67.91558004535148,68.08972970521542,61,58,1,1,1,1,1,1,1,1,1,1,1,1,1,1,1
67.91558004535148,68.22904943310658,55,39,1,1,1,1,1,1,1,1,1,1,1,1,1,1,1,1,1,1,1,1,1,1,1,1,1,1,1
67.90397006802722,68.36836916099773,45,45,1,1,1,1,1,1,1,1,1,1,1,1,1,1,1,1,1,1,1,1,1,1,1,1,1,1,1,1,1,1,1,1,1,1,1,1,1,1,1,1
67.51955691609977,67.90397006802722,45,95,1,1,1,1,1,1,1,1,1,1,1,1,1,1,1,1,1,1,1,1,1,1,1,1,1,1,1,1,1,1,1,1,1,1
67.48472698412698,67.82270022675738,72,56,1,1,1,1,1,1,1,1,1,1,1,1,1,1,1,1,1,1,1,1,1,1,1,1,1,1,1,1,1,1
67.47311700680272,67.96201995464853,84,100,1,1,1,1,1,1,1,1,1,1,1,1,1,1,1,1,1,1,1,1,1,1,1,1,1,1,1,1,1,1,1,1,1,1,1,1,1,1,1,1,1,1,1
67.43828707482993,68.04328979591837,33,45,1,1,1,1,1,1,1,1,1,1,1,1,1,1,1,1,1,1,1,1,1,1,1,1,1,1,1,1,1,1,1,1,1,1,1,1,1,1,1,1,1,1,1,1,1,1,1,1,1,1,1,1,1
67.22930748299319,67.39184716553288,64,67,1,1,1,1,1,1,1,1,1,1,1,1,1,1
67.02032789115646,67.48472698412698,79,100,1,1,1,1,1,1,1,1,1,1,1,1,1,1,1,1,1,1,1,1,1,1,1,1,1,1,1,1,1,1,1,1,1,1,1,1,1,1,1,1
67.02032789115646,67.22930748299319,64,87,1,1,1,1,1,1,1,1,1,1,1,1,1,1,1,1,1,1
66.99710793650793,67.43828707482993,67,69,1,1,1,1,1,1,1,1,1,1,1,1,1,1,1,1,1,1,1,1,1,1,1,1,1,1,1,1,1,1,1,1,1,1,1,1,1,1
66.98549795918368,67.31057732426304,55,62,1,1,1,1,1,1,1,1,1,1,1,1,1,1,1,1,1,1,1,1,1,1,1,1,1,2,2,1
66.62558866213152,67.02032789115646,64,70,1,1,1,1,1,1,1,1,1,1,1,1,1,1,1,1,1,1,1,1,1,1,1,1,1,1,1,1,1,1,1,1,1,1
66.54431882086168,66.98549795918368,55,75,1,1,1,1,1,1,1,1,1,1,1,1,1,1,1,1,2,2,1,1,1,1,1,1,1,1,1,1,1,1,1,1,1,1,1,1,1,1
66.53270884353742,67.02032789115646,77,91,-2,1,1,1,1,1,1,1,1,1,1,1,1,1,1,1,1,1,1,1,1,1,1,1,1,1,1,1,1,1,1,1,1,1,1,1,1,1,1,1,1,1
66.30050929705216,66.53270884353742,76,113,1,1,1,1,1,1,1,1,1,1,1,1,1,1,1,1,1,1,1,1
66.10313968253968,66.62558866213152,64,74,1,1,1,1,1,1,1,1,1,1,1,1,1,1,1,1,1,1,1,1,1,1,1,1,1,1,1,1,1,1,1,1,1,1,1,1,1,1,1,1,1,1,1,1,1
66.10313968253968,66.53270884353742,48,68,1,1,1,1,1,1,1,1,1,1,1,1,1,1,1,1,1,1,1,1,1,1,1,1,1,1,1,1,1,1,1,1,1,1,1,1,1
66.09152970521542,66.30050929705216,76,85,1,1,1,1,1,1,1,1,1,1,1,1,1,1,1,1,1,1
66.09152970521542,66.62558866213152,36,75,1,1,1,1,1,1,1,1,1,1,1,1,1,1,1,1,1,1,1,1,1,1,1,1,1,1,1,1,1,1,1,1,1,1,1,1,1,1,1,1,1,1,1,1,1,1
65.66196054421769,66.02186984126985,67,67,-8,1,1,1,1,1,1,1,1,1,1,1,1,1,1,1,1,1,1,1,1,1,1,1,1,1,1,1,1,1,1
65.6271306122449,65.76645034013606,71,50,1,1,1,1,1,1,1,1,1,1,1,1
65.46330702947846,66.10313968253968,64,76,1,1,1,1,1,1,1,1,1,1,1,1,1,1,1,1,1,1,1,1,1,1,1,1,1,1,1,1,1,1,1,1,1,1,1,1,1,1,1,1,1,1,1,1,1,1,1,1,1,1,1,1,1,1,1,1
65.39364716553288,65.58069070294785,55,63,1,1,1,1,1,1,1,1,1,1,1,1,1,1,1,1,1
65.39364716553288,65.82450022675737,43,47,1,1,1,1,1,1,1,1,1,1,1,1,1,1,1,1,1,1,1,1,1,1,1,1,1,1,1,1,1,1,1,1,1,1,1,1,1,1
64.82475827664399,65.17305759637188,43,82,1,1,1,1,1,1,1,1,1,1,1,1,1,1,1,1,1,1,1,1,1,1,1,1,1,1,1,1,1,1
64.82475827664399,65.98703990929705,31,62,1,1,1,1,1,1,1,1,1,1,1,1,1,1,1,1,1,1,1,1,1,1,1,1,1,1,1,1,1,1,1,1,1,1,1,1,1,1,1,1,1,1,1,1,1,1,1,1,1,1,1,1,1,1,1,1,1,1,1,1,1,1,1,1,1,1,1,1,1,1,1,1,1,1,1,1,1,1,1,1,1,1,1,1,1,1,1,1,1,1,1,1,1,1,1,1,1,1,1,1,1
64.80153832199547,65.1033977324263,55,50,1,1,1,1,1,1,1,1,1,1,1,1,1,1,1,1,1,1,1,1,1,1,1,1,1,1
64.29069931972789,64.68543854875283,64,71,1,1,1,1,1,1,1,1,1,1,1,1,1,1,1,1,1,1,1,1,1,1,1,1,1,1,1,1,1,1,1,1,1,1
64.29069931972789,64.53450884353741,55,50,1,1,1,1,1,1,1,1,1,1,1,1,1,1,1,1,1,1,1,1,1
64.162989569161,64.32552925170067,59,39,1,1,1,1,1,1,1,1,1,1,1,1,1,1
64.13976961451247,64.29069931972789,64,85,1,1,1,1,1,1,1,1,1,1,1,1,1
63.87274013605442,64.13976961451247,64,61,1,1,1,1,1,1,1,1,1,1,1,1,1,1,1,1,1,1,1,1,1,1,1
63.83791020408162,64.02366984126984,59,55,1,1,1,1,1,1,1,1,1,1,1,1,1,1,1,1
63.791470294784574,64.29069931972789,55,55,1,1,1,1,1,1,1,1,1,1,1,1,1,1,1,1,1,1,1,1,1,1,1,1,1,1,1,1,1,1,1,1,1,1,1,1,1,1,1,2,2,1,1
63.686980498866205,63.94239999999999,36,58,1,1,1,1,1,1,1,1,1,1,1,1,1,1,1,1,1,1,1,1,1,1
63.418667120181404,63.686980498866205,36,77,1,1,1,1,1,1,1,1,1,1,1,1,1,1,1,1,1,1,1,1,1,1,1,1
63.40705714285714,63.791470294784574,48,69,1,1,1,1,1,1,1,1,1,1,1,1,1,1,1,1,1,1,1,1,1,1,1,1,1,1,1,1,1,1,1,1,1,1
63.39544716553288,64.96407800453514,67,68,1,1,1,1,1,1,1,1,1,1,1,1,1,1,1,1,1,1,1,1,1,1,1,1,1,1,1,1,1,1,1,1,1,1,1,1,1,1,1,1,1,1,1,1,1,1,1,1,1,1,1,1,1,1,1,1,1,1,1,1,1,1,1,1,1,1,1,1,1,1,1,1,1,1,1,1,1,1,1,1,1,1,1,1,1,1,1,1,1,1,1,1,1,1,1,1,1,1,1,1,1,1,1,1,1,1,1,1,1,1,1,1,1,1,1,1,1,1,1,1,-2,-2,1,1,1,1,1,1,1,1,1,1,1,1,1,1
63.39544716553288,63.87274013605442,64,67,1,1,1,1,1,1,1,1,1,1,1,1,1,1,1,1,1,1,1,1,1,1,1,1,1,1,1,1,1,1,1,1,1,1,1,1,1,1,1,1,1,1
63.38383718820862,64.73187845804988,79,82,1,1,1,1,1,1,1,1,1,1,1,1,1,1,1,1,1,1,1,1,1,1,1,1,1,1,1,1,1,1,1,1,1,1,1,1,1,1,1,1,1,1,1,1,1,1,1,1,1,1,1,1,1,1,1,1,1,1,1,1,1,1,1,1,1,1,1,1,1,1,1,1,1,1,1,1,1,1,1,1,1,1,1,1,1,1,1,1,1,1,1,1,1,1,1,1,1,1,1,1,1,1,1,1,1,1,1,1,1,1,1,1,1,1,1,1,1
63.14002766439909,63.39544716553288,64,87,1,1,1,1,1,1,1,1,1,1,1,1,1,1,1,1,1,1,1,1,1,1
63.12841768707483,63.418667120181404,76,99,1,1,1,1,1,1,1,1,1,1,1,1,1,1,1,1,1,1,1,1,1,1,1,1,1
62.93104807256236,63.11680770975057,67,78,1,1,1,1,1,1,1,1,1,1,1,1,1,1,1,1
62.9194380952381,63.14002766439909,64,73,1,1,1,1,1,1,1,1,1,1,1,1,1,1,1,1,0,0,0
62.9194380952381,63.07036780045352,59,51,1,1,1,1,1,1,1,1,1,1,1,1,1
62.6988485260771,62.9194380952381,64,71,1,1,1,1,1,1,1,1,1,1,1,1,1,1,2,2,2,1,1
62.559528798185944,62.722068480725625,59,60,1,1,1,1,1,1,1,1,1,1,1,1,1,1
62.52469886621315,62.6988485260771,64,87,1,1,1,1,1,1,1,1,1,1,1,1,1,1,1
62.48986893424036,62.93104807256236,67,58,1,1,1,1,1,1,1,1,1,1,1,1,1,1,1,1,1,1,1,-8,-8,1,1,1,1,1,1,1,1,1,1,1,1,1,1,1,1,1
62.46664897959184,62.80333832199547,52,55,1,1,1,1,1,1,1,1,1,1,1,2,2,2,2,1,1,1,1,1,1,1,1,1,1,1,1,1,1
62.46664897959184,62.97748798185941,43,55,0,1,1,1,1,1,1,1,1,1,1,1,1,1,1,1,1,1,1,1,1,1,1,1,1,1,1,1,1,1,1,1,1,1,1,1,1,1,1,1,1,1,1,1
62.455039002267576,63.27934739229025,71,56,1,1,1,1,1,1,1,1,1,1,1,1,1,1,1,1,1,1,1,1,1,1,1,1,1,1,1,1,1,1,1,1,1,1,1,1,1,1,1,1,1,1,1,1,1,1,1,1,1,1,1,1,1,1,1,1,1,1,1,1,1,1,1,1,1,1,1,1,1,1,1
62.43181904761905,63.11680770975057,83,64,4,1,1,1,1,1,1,1,1,1,1,1,1,1,1,1,1,1,1,1,1,1,1,1,1,1,1,1,1,1,1,1,1,1,1,1,1,1,1,1,1,1,1,1,1,1,1,1,1,1,1,1,1,1,1,1,1,1,1
62.12995963718821,62.46664897959184,43,62,1,1,1,1,1,1,1,1,1,1,1,1,1,1,1,1,1,1,1,1,1,1,1,0,0,0,0,0,0
61.97902993197279,62.385379138321994,72,54,0,1,1,1,1,1,1,1,1,1,1,1,1,1,1,1,1,1,1,1,1,1,1,1,1,1,1,1,1,1,1,1,1,1,1
61.96741995464853,62.43181904761905,84,101,1,1,1,1,1,1,1,1,1,1,1,1,1,1,1,1,1,1,1,1,1,1,1,1,1,1,1,1,1,1,1,1,1,1,1,1,1,1,1,1
61.58300680272109,61.71200045351474,59,54,1,1,1,1,1,1,1,1,1,1,1,1
61.571396825396825,62.338939229024945,79,81,1,1,1,1,1,1,1,1,1,1,1,1,1,1,1,1,1,1,1,1,1,1,1,1,1,1,1,1,1,1,1,1,1,1,1,1,1,1,1,1,1,1,1,1,1,1,1,1,1,1,1,1,1,1,1,1,1,1,1,1,1,1,1,1,1,1,1
61.571396825396825,61.92098004535148,71,61,1,1,1,1,1,1,1,1,1,1,1,1,1,1,1,1,1,1,1,1,1,1,1,1,1,1,1,1,1,1,1
61.571396825396825,62.01385986394558,67,70,1,1,1,1,1,1,1,1,1,1,1,1,1,1,1,1,1,1,1,1,1,1,1,2,2,2,1,1,1,1,1,1,1,1,1,1,1,1,1
61.571396825396825,61.93259002267574,64,65,1,1,1,1,1,1,1,1,1,1,1,1,1,1,1,1,1,1,1,1,1,1,1,1,1,1,1,1,1,1,1,1
61.571396825396825,61.87454013605442,55,56,1,1,1,1,1,1,1,1,1,1,1,1,1,1,1,1,1,1,1,1,1,1,1,1,1,1,1
61.14182766439909,61.59590068027211,77,91,1,1,1,1,1,1,1,1,1,1,1,1,1,1,1,1,1,1,1,1,1,1,1,1,1,1,1,1,1,1,1,1,1,1,1,1,1,1,7,7
61.14182766439909,61.304367346938776,67,61,1,1,1,1,1,1,1,1,1,1,1,1,1,1
61.130217687074826,61.29275736961451,65,53,1,1,1,1,1,1,1,1,1,1,1,1,1,1
61.11860770975056,61.25792743764172,62,64,1,1,1,1,1,1,1,1,1,1,1,1
61.11860770975056,61.571396825396825,55,67,1,1,1,1,1,1,1,1,1,1,1,1,1,1,1,1,1,1,1,1,1,1,1,1,1,1,1,1,1,1,1,1,1,1,1,1,1,1,1
60.95606802721088,61.14182766439909,76,101,1,1,1,1,1,1,1,1,1,1,1,1,1,1,1,4
60.851578231292514,61.130217687074826,64,68,1,1,1,1,1,1,1,1,1,1,1,1,1,1,1,1,1,1,1,1,1,1,1,1
60.630988662131514,60.851578231292514,64,82,1,1,1,1,1,1,1,1,1,1,1,1,1,1,1,1,1,1,1
60.60776870748299,61.072167800453514,48,73,1,1,1,1,1,1,1,1,1,1,1,1,1,1,1,1,1,1,1,1,1,1,1,1,1,1,1,1,1,1,1,1,1,1,1,1,1,1,1,1
60.59615873015873,61.466907029478456,36,61,1,1,1,1,1,1,1,1,1,1,1,1,1,1,1,1,2,2,2,2,2,1,1,1,1,1,1,1,1,1,1,1,1,1,1,1,1,1,1,1,1,1,1,1,2,1,1,1,1,1,1,1,1,1,1,1,1,1,1,1,1,1,1,1,1,1,1,1,1,1,1,1,1,1,1
60.247859410430834,60.630988662131514,64,64,1,1,1,1,1,1,1,1,1,1,1,1,1,1,1,1,1,1,1,1,1,1,1,1,1,1,1,1,1,1,1,1,1
60.17819954648526,60.93284807256236,67,67,1,1,1,1,1,1,1,1,1,1,1,1,1,1,1,1,1,1,1,1,1,1,1,1,1,1,1,1,1,1,1,1,1,1,1,1,1,1,1,1,1,1,1,1,1,1,1,1,1,1,1,1,1,1,1,1,1,1,1,1,1,1,1,1,1
59.99243990929705,60.17819954648526,67,83,1,1,1,1,1,1,1,1,1,2,2,2,1,1,1,1
59.99243990929705,60.247859410430834,64,73,1,1,1,1,1,1,1,1,1,1,1,1,1,1,1,1,1,1,1,1,1,1
59.78346031746032,59.99243990929705,64,38,1,1,1,1,1,1,1,-5,-5,-5,-5,1,1,1,1,1,1,1
59.771850340136055,59.99243990929705,67,76,1,1,1,1,1,1,1,1,1,1,1,1,1,1,1,1,1,1,1
59.73702040816326,59.887950113378686,71,41,1,1,1,1,1,1,1,1,1,1,1,1,1
59.725410430839,59.946,43,56,1,1,1,1,1,1,1,1,1,1,1,1,1,1,1,1,1,1,1
59.31777732426304,59.67897052154195,55,59,0,0,1,1,1,1,1,1,1,1,1,1,1,1,1,1,1,1,1,1,1,1,1,1,1,1,1,1,1,1,1,1
59.31777732426304,59.725410430839,43,81,0,0,0,1,1,1,1,1,1,1,1,1,1,1,1,1,1,1,1,1,1,1,1,1,1,1,1,1,1,1,1,1,1,1,0,1
59.08557777777778,59.25972743764172,64,55,1,1,1,1,1,1,1,1,1,1,1,1,1,1,1
58.83015827664399,59.02752789115647,76,57,1,1,1,1,1,1,1,1,1,1,1,1,1,1,1,1,1
58.83015827664399,59.08557777777778,64,65,1,1,1,1,1,1,1,1,1,1,1,1,1,1,1,1,1,1,1,1,1,1
58.83015827664399,58.98108798185941,55,68,1,1,1,1,1,1,1,1,1,1,1,1,1
58.81854829931973,58.957868027210885,62,51,1,1,1,1,1,1,1,1,1,1,1,1
58.60956870748299,58.83015827664399,64,75,1,1,1,1,1,1,1,1,1,1,1,1,1,1,1,1,1,1,1
58.59795873015873,58.78371836734694,69,75,1,1,1,1,1,1,1,1,1,1,1,1,1,1,1,1
58.37736916099774,58.59795873015873,67,64,1,1,1,1,1,1,1,1,1,1,1,1,1,1,1,1,1,1,1
58.37736916099774,58.60956870748299,64,76,1,1,1,1,1,1,1,1,1,1,1,1,1,1,1,1,1,1,1,1
58.37736916099774,58.83015827664399,55,55,1,1,1,1,1,1,1,1,1,1,1,1,1,1,1,1,1,1,1,1,1,1,1,1,1,1,1,1,1,1,1,1,1,1,1,1,1,1,1
58.08711972789116,58.412199092970525,36,75,1,1,1,1,1,1,1,1,1,1,1,1,1,1,1,1,1,1,1,1,1,1,1,1,1,1,1,1
57.9478,58.08711972789116,36,95,2,1,1,1,1,1,1,1,1,1,1,1
57.912970068027214,58.20321950113379,48,65,1,1,1,1,1,1,1,1,1,1,1,1,1,1,1,1,1,1,1,1,1,1,1,1,1
57.49372698412698,57.66916054421769,67,67,2,1,1,1,1,1,1,1,1,1,1,1,1,1,1,1
57.48211700680272,57.79687029478458,71,57,1,1,1,1,1,1,1,1,1,1,2,2,1,1,1,1,1,1,1,1,1,1,1,1,1,1,1,1
57.470507029478455,57.62272063492064,62,59,1,1,1,1,1,1,1,1,1,1,1,1,1,1
57.470507029478455,57.61111065759637,59,44,1,1,1,1,1,1,1,1,1,2,2,2,1
57.45889705215419,57.59821678004535,64,69,1,1,1,1,1,1,1,1,1,1,-5,-5
57.307967346938774,57.48211700680272,71,95,1,1,1,1,1,1,1,1,1,1,1,1,1,1,1
57.22669750566893,57.45889705215419,64,60,1,1,1,1,1,1,1,1,1,1,1,1,1,1,1,1,1,1,1,1
57.12220770975057,57.49372698412698,67,47,1,1,1,1,1,1,1,1,1,1,1,1,1,1,1,1,1,1,1,1,1,1,1,1,1,1,2,2,2,2,2,2
57.00610793650794,57.16864761904762,64,66,1,1,1,1,1,1,1,1,1,1,1,1,1,1
57.00610793650794,57.145427664399094,52,52,2,1,1,1,1,1,1,1,1,1,1,1
56.95966802721088,57.377627210884356,43,46,1,1,1,1,1,1,1,1,0,0,0,0,0,0,0,0,0,0,1,1,1,1,1,1,1,1,1,1,1,1,1,1,1,1,1,1
56.71585850340136,56.95966802721088,43,86,1,1,1,1,1,1,1,1,1,1,1,1,1,1,1,1,1,1,1,1,1
56.56492879818594,56.71585850340136,43,82,0,0,0,0,1,1,1,1,1,1,1,1,1
56.13535963718821,56.30950929705215,67,69,1,1,1,1,1,1,1,1,1,1,1,1,2,1,1
56.112139682539684,56.274679365079365,55,64,1,1,1,1,1,1,1,1,1,1,1,1,1,1
56.10052970521542,56.23984943310658,71,54,1,1,1,1,1,1,1,2,2,2,2,2
56.10052970521542,56.541708843537414,64,65,1,1,1,1,1,1,1,1,1,1,1,1,1,1,1,1,0,1,1,1,1,1,1,1,1,1,1,1,1,1,1,1,1,1,1,1,1,1
55.87994013605442,56.0424798185941,72,86,1,1,1,1,1,1,1,1,1,1,1,1,1,1
55.86833015873016,56.10052970521542,64,75,1,1,1,1,1,1,1,1,1,1,1,1,1,1,1,1,1,1,1,1
55.64774058956916,55.87994013605442,67,67,1,1,1,1,1,2,2,2,2,2,2,2,2,2,2,2,2,2,1,1
55.6361306122449,55.86833015873016,64,85,1,1,1,1,1,1,1,1,1,1,1,1,1,1,1,1,1,1,1,1
55.6361306122449,56.112139682539684,55,54,1,1,1,1,1,1,1,1,1,1,1,1,1,1,1,1,1,1,1,1,1,1,1,1,1,1,1,1,1,1,1,1,1,1,1,1,1,1,2,2,1
55.6361306122449,55.787060317460316,52,31,1,1,1,1,1,1,1,1,1,1,1,1,1
55.32137732426304,55.6361306122449,48,59,1,1,1,1,1,1,1,1,1,1,1,1,1,1,1,1,1,1,1,1,1,1,1,1,1,1,1,1
54.961468027210884,55.20527755102041,76,63,1,1,1,1,1,1,1,1,1,1,1,1,1,1,1,1,1,1,1,1,1
54.52028888888889,54.752488435374154,71,82,1,1,1,1,1,1,1,1,1,1,1,1,1,1,1,1,1,1,1,1
54.369359183673474,54.531898866213155,69,76,1,1,1,1,1,1,1,1,1,1,1,1,1,1
54.06749977324263,54.311309297052155,67,78,1,1,1,1,1,1,1,1,1,1,1,1,1,1,1,1,1,1,1,1,1
53.719200453514745,53.93979002267574,65,68,0,1,1,1,1,1,1,1,1,1,1,1,1,1,1,1,1,1,1
52.464039002267576,52.78911836734694,64,78,1,1,1,1,1,1,1,1,1,1,1,1,1,1,1,1,1,1,1,1,1,1,1,1,1,1,1,1
51.66295056689342,51.82549024943311,35,51,2,1,1,1,1,2,2,2,2,2,2,2,2,1
51.6500566893424,51.790660317460315,67,54,1,1,1,1,1,1,1,1,1,1,1,1,1
51.63844671201814,51.906760090702946,55,64,1,1,1,1,1,1,1,1,1,1,1,1,1,1,1,1,1,1,1,1,1,1,1,1
51.37141723356009,51.76744036281179,59,48,1,1,1,1,1,1,1,1,1,1,1,1,1,1,1,1,1,1,1,1,1,1,1,1,1,1,1,1,1,1,1,1,1,1,1
51.197267573696145,51.63844671201814,55,75,1,1,1,1,1,1,1,1,1,1,1,1,1,1,1,1,1,1,1,1,1,1,1,1,1,1,1,1,1,1,1,1,1,1,1,1,1,1
51.15082766439909,51.6500566893424,67,58,1,1,1,1,1,1,1,1,1,1,1,1,1,1,1,1,1,1,1,1,1,1,1,1,1,1,1,1,1,1,1,1,1,1,1,1,1,1,1,1,1,1,1
50.976678004535145,51.15082766439909,67,84,1,1,1,1,1,1,1,1,1,1,1,1,1,1,1
50.18719954648526,50.87218820861678,55,63,1,1,1,1,1,1,1,1,1,1,1,1,1,1,1,1,1,1,1,1,1,1,1,1,1,1,1,1,1,1,1,1,1,1,1,1,1,1,1,1,1,1,1,1,1,1,1,1,1,1,1,1,1,1,1,1,1,1,1
49.89695011337868,51.25531746031746,43,72,1,1,1,1,1,1,1,1,1,1,1,1,1,1,1,1,1,1,1,1,1,1,1,1,1,1,1,1,1,1,1,1,1,1,1,1,1,1,1,1,1,1,1,1,1,1,1,1,1,1,1,1,1,1,1,1,1,1,1,1,1,1,1,1,1,1,1,1,1,1,1,1,1,1,1,1,1,1,1,1,1,1,1,1,1,1,1,1,1,1,1,1,1,1,1,1,1,1,1,1,1,1,1,1,1,1,1,1,1,1,1,1,1,1,1,1,1
49.41965714285715,49.62863673469388,50,50,1,1,1,1,1,1,1,1,1,1,1,1,1,1,1,1,1,1
49.25711746031746,49.396437188208616,48,53,1,1,1,1,1,1,1,1,1,1,1,1
49.16423764172336,49.454487074829935,81,52,1,1,1,1,1,1,1,1,1,1,1,1,1,1,1,1,1,1,1,1,1,1,1,1,1
48.94364807256236,49.233897505668935,62,65,1,1,1,1,1,1,1,1,1,1,1,1,1,1,1,1,1,1,1,1,1,1,1,1,1
48.90881814058957,49.2455074829932,69,70,1,1,1,1,1,1,1,1,1,1,1,1,1,1,1,1,1,1,1,1,1,1,1,1,1,1,1,1,1
48.90881814058957,49.44287709750567,57,62,1,1,1,1,1,1,1,1,1,1,1,1,1,1,1,1,1,1,1,1,1,1,1,1,1,1,1,1,1,1,1,1,1,1,1,1,1,1,1,1,1,1,1,1,1,1
48.59534875283447,48.90881814058957,69,67,1,1,1,1,1,1,1,1,1,1,1,1,1,1,1,1,1,1,1,1,1,1,1,1,1,1,1
48.47924897959184,48.688228571428574,57,59,1,1,1,1,1,1,1,1,1,1,1,1,1,1,1,1,1,1
48.38636916099773,49.16423764172336,81,69,1,1,1,1,1,1,1,1,1,1,1,1,1,1,1,1,1,1,1,1,1,1,1,1,1,1,1,1,1,1,1,1,1,1,1,1,1,1,1,1,1,1,1,1,1,1,1,1,1,1,1,1,1,1,1,1,1,1,1,1,1,1,1,1,1,1,1
48.305099319727894,48.45602902494331,48,54,1,1,1,1,1,1,1,1,1,1,1,1,1
48.28187936507937,48.45602902494331,72,61,1,1,1,1,1,1,1,1,1,1,1,1,1,1,1
48.14255963718821,48.28187936507937,72,70,1,1,1,1,1,1,1,1,1,1,1,1
48.06128979591837,48.40958911564626,84,60,1,1,1,1,1,1,1,1,1,1,1,1,1,1,1,1,1,1,1,1,1,1,1,1,1,1,1,1,1,1
48.038069841269845,48.200609523809526,50,63,1,1,1,1,1,1,1,1,1,1,1,1,1,1
48.01484988662131,48.94364807256236,62,63,1,1,1,1,1,1,1,1,-5,-5,-5,-5,-5,-5,-5,-5,-5,-5,-5,1,1,1,1,1,1,1,1,1,1,1,1,1,1,1,1,1,1,1,1,1,1,1,1,1,1,1,1,1,1,1,1,1,1,1,1,1,1,1,1,1,1,1,1,1,1,1,1,1,1,1,1,1,1,1,1,1,1,1,1,1
48.00323990929705,48.57212879818594,60,53,1,1,1,1,1,1,1,1,1,1,1,1,1,1,1,1,1,1,1,1,1,1,1,1,1,1,1,1,1,1,1,1,1,1,1,1,1,1,1,1,1,1,1,1,1,1,1,1,1
47.980019954648526,48.16577959183674,38,50,1,1,1,1,0,0,0,1,1,1,1,1,1,1,1,1
47.87553015873016,48.038069841269845,50,53,1,1,1,1,1,1,1,1,1,1,1,1,1,1
47.85231020408163,48.06128979591837,83,75,1,1,1,1,1,1,1,1,1,1,1,1,1,1,1,1,1,1
47.60721678004535,47.980019954648526,38,56,-1,-1,-1,0,0,0,0,0,0,0,0,0,0,0,0,0,0,0,0,0,0,0,0,0,0,0,1,1,1,1,1,1,1
47.46789705215419,47.921970068027214,74,75,1,1,1,1,1,1,1,1,1,1,1,1,1,1,1,1,1,1,1,1,1,1,1,1,1,1,1,1,1,1,1,1,1,1,1,1,1,1,1,1
47.35179727891156,48.130949659863944,71,75,1,1,1,1,1,1,1,1,1,1,1,1,1,1,1,1,1,1,1,1,1,1,1,1,1,1,1,1,1,1,1,1,1,1,1,1,1,1,1,1,1,1,1,1,1,1,1,1,1,1,1,1,1,1,1,1,1,1,1,1,1,1,1,1,1,1,1,1
47.28213741496599,47.87553015873016,50,51,1,1,1,1,1,1,1,1,1,1,1,1,1,1,1,1,1,1,1,1,1,0,0,0,0,0,0,1,1,1,1,1,1,1,1,1,1,1,1,1,1,1,1,1,1,1,1,1,1,1,1,1
47.10798775510204,47.35179727891156,71,99,1,1,1,1,1,1,1,1,1,1,1,1,1,1,1,1,1,1,1,1,1
47.06154784580499,47.50272698412698,67,73,1,1,1,1,1,1,1,1,1,1,1,1,1,1,1,1,1,1,1,1,1,1,1,1,1,1,1,1,1,1,1,1,1,1,1,1,1,1
46.92222811791383,47.28213741496599,50,72,1,1,1,1,1,1,1,1,1,1,1,1,1,1,1,1,1,1,1,1,1,1,1,1,1,1,1,1,1,1,1
46.8061283446712,47.096377777777775,62,55,1,1,1,1,1,1,1,1,1,1,1,1,1,1,1,1,1,1,1,1,1,1,1,1,1
46.74807845804988,47.10798775510204,71,77,1,1,1,1,1,1,1,1,1,1,1,1,1,1,1,1,1,1,1,1,1,1,1,1,1,1,1,1,1,1,1
46.50426893424036,46.74807845804988,71,75,1,1,1,1,1,1,1,1,1,1,1,1,1,1,1,1,1,1,1,1,1
46.492658956916095,47.52594693877551,83,74,1,1,1,1,1,1,1,2,1,1,1,1,1,1,1,1,1,1,1,1,1,1,1,1,1,1,1,1,1,1,1,1,1,2,2,2,2,2,2,2,2,2,2,2,1,2,2,2,2,2,2,2,2,2,1,1,1,1,1,1,1,1,1,1,1,1,1,1,1,1,1,1,1,1,1,1,1,1,1,1,1,1,1,1,1,1,1,1,1
46.41138911564626,46.550708843537414,62,65,1,1,1,1,1,1,1,1,1,1,1,1
46.388169160997734,47.06154784580499,67,85,1,1,1,1,1,1,1,1,1,1,1,1,1,1,1,1,1,1,1,1,1,1,1,1,1,1,1,1,1,1,1,1,1,1,1,1,1,1,1,1,1,1,1,1,1,1,1,1,1,1,1,1,1,1,2,2,2,2
46.34172925170068,46.492658956916095,83,98,1,1,1,1,1,1,1,1,1,1,1,1,1
46.34172925170068,46.666808616780045,50,43,1,1,1,1,1,1,1,1,1,1,1,1,1,1,1,1,1,1,1,1,1,1,1,1,1,1,1,1
46.214019501133784,46.41138911564626,62,64,1,1,1,1,1,1,1,1,2,2,1,1,1,1,1,1,1
46.214019501133784,46.3649492063492,38,59,1,1,1,1,1,1,1,1,1,1,1,1,1
46.167579591836734,46.50426893424036,71,60,1,1,1,1,1,1,1,1,1,1,1,1,1,1,1,1,1,1,1,1,1,1,1,1,1,1,1,1,1
46.15596961451247,46.34172925170068,83,96,1,1,1,2,2,2,2,1,1,1,1,1,1,1,1,1
46.15596961451247,46.666808616780045,59,54,1,1,1,1,1,1,1,1,1,1,1,1,1,1,1,1,1,1,1,1,1,1,1,1,1,1,1,1,1,1,1,1,1,1,1,1,1,1,1,1,1,1,1,1
45.9586,46.214019501133784,38,74,1,1,1,1,1,1,1,1,1,0,0,1,1,1,1,1,1,1,1,1,1,1
45.70318049886621,46.09791972789115,55,58,1,1,1,1,1,1,1,1,1,1,1,1,1,1,1,1,1,1,1,1,1,1,1,1,1,1,1,1,1,1,1,1,1,1
45.67867664399093,46.15596961451247,83,83,1,1,1,1,1,1,1,1,1,1,1,1,1,1,1,1,1,1,1,1,1,1,1,1,1,1,1,1,1,1,1,1,1,1,1,1,1,1,1,1,1,1
45.60901678004535,45.9586,38,76,1,1,1,1,1,1,1,1,1,1,1,1,1,1,1,1,1,1,1,1,1,1,1,1,1,1,1,1,1,1,1
45.144617687074835,45.50452698412698,63,54,1,1,1,1,1,1,1,1,1,1,1,1,1,1,1,1,1,1,1,-2,-2,-2,-2,1,1,1,-2,1,1,1,1
45.086567800453516,45.307157369614515,60,72,1,1,1,1,1,1,1,1,1,1,1,1,1,1,1,1,1,1,1
45.07495782312925,45.3419873015873,48,47,1,1,1,1,-1,-1,-1,1,1,1,1,1,1,1,1,1,1,1,1,1,1,1,1
45.05173786848073,45.469697052154196,75,50,-2,1,1,1,1,1,1,1,1,1,1,1,1,1,1,1,1,1,1,1,1,1,1,1,1,1,1,1,1,1,1,1,1,1,1,1
44.79631836734694,45.086567800453516,60,44,1,1,1,1,1,1,1,1,1,1,1,1,1,1,1,1,1,1,1,1,1,1,1,1,1
44.656998639455786,44.877588208616785,74,65,1,1,1,1,1,1,1,1,1,1,1,1,1,1,1,1,1,1,1
44.33191927437642,44.90080816326531,62,60,1,1,1,1,1,1,1,1,1,1,1,1,1,1,1,1,1,1,1,1,1,1,1,1,1,1,1,1,1,1,1,1,1,1,1,1,1,1,1,1,1,1,1,1,1,1,1,1,1
44.273869387755106,44.482848979591836,60,53,1,1,1,1,1,1,1,1,1,1,1,1,1,1,1,1,1,1
44.19259954648526,44.35513922902494,55,30,1,1,1,1,1,1,1,0,0,0,0,1,1,1
44.14615963718821,44.819538321995466,36,59,1,1,1,1,1,1,1,1,1,1,1,1,1,1,1,1,1,1,1,1,1,1,1,1,1,1,1,1,1,1,1,1,1,1,1,1,1,1,1,1,1,1,1,1,1,1,1,1,1,1,1,1,1,1,1,1,1,1
43.995229931972794,44.14615963718821,36,71,1,1,1,1,1,1,1,1,1,1,1,1,1
43.73981043083901,43.995229931972794,36,67,0,0,1,1,1,1,1,1,1,1,1,1,1,1,1,1,0,0,1,1,1,1
43.11158775510204,43.390227210884355,55,65,1,1,1,1,1,1,1,1,1,1,1,1,1,1,1,1,1,1,1,1,1,1,1,1
42.99548798185941,43.23929750566894,71,50,1,1,1,1,1,1,1,1,1,1,1,1,1,1,1,1,1,1,1,1,1
42.96065804988662,43.11158775510204,55,73,1,1,1,1,1,1,1,1,1,1,1,1,1
42.84455827664399,42.99548798185941,71,50,1,1,1,1,1,1,1,1,1,1,1,-5,-5
42.33371927437641,42.77489841269841,55,62,1,1,1,1,1,1,1,1,1,1,1,1,1,1,1,1,1,1,1,1,1,1,1,1,1,1,1,1,1,1,1,1,1,1,1,1,1,1
41.962199999999996,42.17117959183673,52,42,1,1,1,1,1,1,0,0,0,0,0,0,0,1,1,1,1,1
41.89254013605442,42.17117959183673,64,61,1,1,1,1,1,1,1,1,1,1,1,1,1,1,1,1,1,1,1,1,1,1,1,1
41.17143764172336,41.51973696145125,60,48,1,1,1,1,1,1,1,1,1,1,1,1,1,1,1,1,1,1,1,1,1,1,1,1,1,1,1,1,1,1
41.02050793650794,41.29914739229025,57,44,1,1,1,1,1,1,1,1,1,1,1,1,1,1,1,1,1,1,1,1,1,1,1,1
40.86957823129252,41.02050793650794,57,62,1,1,1,1,1,1,1,1,1,1,1,1,1
40.85796825396826,41.02050793650794,71,37,1,1,1,1,1,1,1,1,1,1,1,1,1,1
40.47483900226758,40.95084807256236,59,53,1,1,1,1,1,1,1,1,1,1,1,1,1,1,1,1,1,1,1,1,1,1,1,1,1,1,1,1,1,1,1,1,1,1,1,1,1,1,1,1,1
40.47483900226758,40.614158730158735,38,47,1,1,1,1,1,1,1,1,1,1,1,1
40.33551927437642,40.47483900226758,38,52,1,1,1,1,1,1,1,1,1,1,1,1
40.03365986394558,40.33551927437642,38,74,1,1,1,1,1,1,1,1,1,1,1,1,1,1,1,1,1,1,1,1,1,1,1,1,1,1
39.8711201814059,40.03365986394558,38,77,1,1,1,0,0,0,0,0,0,0,1,1,1,1
39.71890657596372,40.21941950113379,50,69,1,1,1,1,1,1,1,1,1,1,1,1,1,1,1,1,1,1,1,1,1,1,1,1,1,1,1,1,1,1,1,1,1,1,1,1,1,1,1,1,1,1,1,1
39.71890657596372,39.8711201814059,38,63,1,1,1,1,1,1,1,1,0,0,0,0,1,1
39.70729659863946,40.14975963718821,55,68,1,1,1,1,1,1,1,1,1,1,1,1,1,1,1,1,1,1,1,1,1,1,1,1,1,1,1,1,1,1,1,1,1,1,1,1,1,1,1
39.567976870748296,40.16136961451247,62,67,1,1,1,1,1,1,1,1,1,1,1,1,1,1,1,1,1,1,1,1,1,1,1,1,1,1,1,1,1,1,1,1,1,1,1,1,1,1,1,1,1,1,1,1,1,1,1,1,1,1,1,1
39.289337414965985,39.70729659863946,55,73,1,1,1,1,1,1,1,1,1,1,1,1,1,1,1,1,1,1,1,1,1,1,1,1,1,1,1,1,1,1,1,1,1,1,1,1
39.196457596371886,39.71890657596372,38,49,1,1,1,1,1,1,1,1,1,1,1,1,1,1,1,1,1,1,1,1,1,1,0,0,0,0,0,1,1,1,1,1,1,1,1,1,1,1,1,1,1,1,1,1,0
38.964258049886624,40.04526984126984,59,63,1,1,1,1,1,1,1,1,1,1,1,1,1,1,1,1,1,1,1,1,1,1,1,1,1,1,1,1,1,1,1,1,1,1,1,1,1,1,1,1,1,1,1,1,1,1,1,1,1,1,1,1,1,1,1,1,1,1,1,1,1,1,1,1,1,1,1,1,1,1,1,1,1,1,1,1,1,1,1,1,1,1,1,1,1,1,1,1,1,1,1,1,1,1
38.964258049886624,39.289337414965985,55,84,1,1,1,1,1,1,1,1,1,1,1,1,1,1,1,1,1,1,1,1,1,1,1,1,1,1,1,1
38.88298820861678,39.23128752834467,62,42,1,1,1,1,1,1,1,1,1,1,1,1,1,1,1,1,1,1,1,1,1,1,1,1,1,1,1,1,1,1
38.88298820861678,39.05713786848072,57,55,1,1,1,1,1,1,1,1,1,1,1,-5,-5,-5,-5
38.581128798185944,38.88298820861678,57,73,1,1,1,1,1,1,1,1,1,1,1,1,1,1,1,1,1,1,1,1,1,1,1,1,1,1
38.581128798185944,39.022307936507936,50,51,0,1,1,1,1,1,1,1,1,1,1,1,1,1,1,1,1,1,1,1,1,1,1,1,1,1,1,1,1,1,1,1,1,1,1,1,1,1
38.54629886621315,38.964258049886624,55,67,1,1,1,1,1,1,1,1,1,1,1,1,1,1,1,1,1,1,1,1,1,1,1,1,1,1,1,1,1,1,1,1,1,1,1,1
38.34892925170068,38.581128798185944,57,57,1,1,1,1,1,1,1,1,1,1,1,1,1,1,1,0,-5,-5,-5,-5
38.24443945578231,38.54629886621315,55,69,1,1,1,1,1,1,1,1,1,1,1,1,1,1,1,1,1,1,1,1,1,1,1,1,1,1
38.07028979591837,38.26765941043084,50,64,1,1,1,1,1,1,1,1,1,1,1,1,1,1,1,1,1
38.035459863945576,39.567976870748296,71,73,1,1,1,1,1,1,1,1,1,1,1,1,1,1,1,1,1,1,1,1,1,1,1,1,1,1,1,1,1,1,1,1,1,1,1,1,1,1,1,1,1,1,1,1,1,1,1,1,1,1,1,1,1,1,1,1,1,1,1,1,1,1,1,1,1,1,1,1,1,1,1,1,1,1,1,1,1,1,1,1,1,1,1,1,1,1,1,1,1,1,1,1,1,1,1,1,1,1,1,1,1,1,1,1,1,1,1,1,1,1,1,1,1,1,1,1,1,1,1,1,1,1,1,1,1,1,1,1,1,1,1,1
37.745210430839,38.07028979591837,50,82,1,1,1,1,1,1,1,1,1,1,1,1,1,1,1,1,1,1,1,1,1,1,1,1,1,1,1,1
37.745210430839,38.093509750566895,38,68,1,1,0,0,0,0,0,0,0,0,0,1,1,1,1,1,1,1,1,1,1,1,1,1,1,1,1,1,1,1
35.54835691609978,35.851500226757366,69,55,1,1,1,1,1,1,1,1,1,1,1,1,1,1,1,1,1,1,1,1,1,1,1,1,1,1,1
35.536746938775515,35.80506031746032,36,47,2,1,1,1,1,1,1,1,1,1,1,1,1,1,1,1,1,1,1,1,1,1,1,1
35.38581723356009,35.54835691609978,69,55,1,1,1,1,1,1,1,1,1,1,1,1,1,1
35.32776734693878,35.82828027210884,81,63,1,1,1,1,1,1,1,1,1,1,1,1,1,1,1,1,1,1,1,1,1,1,1,1,1,1,1,1,1,1,1,1,1,1,1,1,1,1,1,1,1,1,1,1
35.200057596371884,35.38581723356009,69,75,1,1,1,1,1,1,1,1,1,1,1,1,1,1,1,1
35.01429795918367,35.200057596371884,69,60,1,1,1,1,1,1,1,1,1,1,1,1,1,1,1,1
35.01429795918367,35.33937732426304,36,56,1,1,1,1,1,1,1,1,1,1,1,1,1,1,1,1,1,1,1,0,0,0,0,1,1,1,1,1
35.00268798185941,35.32776734693878,81,68,1,1,1,1,1,1,1,1,1,1,1,1,1,1,1,1,1,1,1,1,1,1,1,1,1,1,1,1
35.00268798185941,35.21166757369615,57,43,1,1,1,1,1,1,1,1,1,1,1,1,1,1,1,1,1,1
34.84014829931973,35.01429795918367,69,52,1,1,1,1,1,1,1,1,1,1,1,1,1,1,1
34.665998639455786,34.82853832199547,48,45,1,1,1,1,1,1,1,1,1,1,1,1,1,1
34.63116870748299,35.00268798185941,81,73,1,1,1,1,1,1,1,1,1,1,1,1,1,1,1,1,1,1,1,1,1,1,1,1,1,1,1,1,1,1,1,1
34.57311882086168,35.01429795918367,36,64,1,1,1,1,1,1,1,1,1,1,1,1,1,1,1,1,1,1,1,1,1,1,1,1,1,1,1,1,1,1,1,1,1,1,1,1,1,1
34.480239002267574,34.63116870748299,81,78,1,1,1,1,1,1,1,1,1,1,1,1,1
34.35252925170068,34.57311882086168,36,57,1,1,1,1,1,1,1,1,1,1,1,1,1,1,1,1,1,1,1
34.31769931972789,34.480239002267574,81,69,1,1,1,1,1,1,1,1,1,1,1,1,1,1
34.12032970521542,34.31769931972789,81,69,1,1,1,1,1,1,1,1,1,1,1,1,1,1,1,1,1
34.12032970521542,34.282869387755106,69,41,1,1,1,1,1,1,1,1,1,1,1,1,1,1
34.01583990929706,34.189989569161,57,47,1,1,1,1,1,1,1,1,1,1,1,1,1,1,1
33.93457006802721,34.35252925170068,36,54,1,1,1,1,1,1,1,1,1,1,1,1,1,1,1,1,1,1,1,1,1,1,1,1,1,1,1,1,1,1,1,1,1,1,1,1
33.724306575963716,34.01583990929706,57,46,1,1,1,1,1,1,1,1,1,1,1,1,1,1,1,1,1,1,1,1,1,1,1,1,1,1
33.52693696145125,33.724306575963716,57,64,1,1,1,1,1,1,1,1,1,1,1,1,1,1,1,1,1
33.51532698412698,33.68947664399093,69,41,1,1,1,1,1,1,1,1,1,1,1,1,1,1,1
33.46888707482993,34.12032970521542,81,76,1,1,1,1,1,1,1,1,1,1,1,1,1,1,1,1,1,1,1,1,1,1,1,1,1,1,1,1,1,1,1,1,1,1,1,1,1,1,1,1,1,1,1,1,1,1,1,1,1,1,1,1,1,1,1,1,1
33.36439727891156,33.64303673469388,36,51,1,1,1,1,1,1,1,1,1,1,1,1,1,1,1,1,1,1,1,1,1,1,1,1
33.30634739229025,33.445667120181405,55,57,1,1,1,1,1,1,1,1,1,1,1,1
33.225077551020405,33.52693696145125,57,61,1,1,1,1,1,1,1,1,1,1,1,1,1,1,1,1,1,1,1,1,1,1,1,1,1,1
33.08575782312925,33.225077551020405,57,54,1,1,1,1,1,1,1,1,1,1,1,1
33.062537868480725,33.45727709750567,51,56,1,1,1,1,1,1,1,1,1,1,1,1,1,1,1,1,1,1,1,1,1,1,1,1,1,1,1,1,1,1,1,1,1,1
32.96965804988662,33.46888707482993,81,69,1,1,1,1,1,1,1,1,1,1,1,1,1,1,1,1,1,1,1,1,1,1,1,1,1,1,1,1,1,1,1,1,1,1,1,1,1,1,1,1,1,1,1
32.80711836734694,33.09736780045351,59,68,1,1,1,1,1,1,1,1,1,1,1,1,1,1,1,1,1,1,1,1,1,1,1,1,1
32.621358730158725,33.108977777777774,83,70,1,1,1,1,1,1,1,1,1,1,1,1,1,1,1,1,1,1,1,1,1,2,2,2,2,1,1,1,1,1,1,1,1,1,1,1,1,2,2,2,1,1
32.342719274376414,32.80711836734694,59,51,4,4,1,1,1,1,1,1,1,1,1,1,1,1,1,1,1,1,1,1,1,1,1,1,1,1,1,1,1,1,1,1,1,1,1,1,1,1,1,1
32.249839455782315,32.66779863945578,43,60,1,1,1,1,1,1,1,1,1,1,1,1,1,1,1,1,1,1,1,1,1,1,1,1,1,1,1,1,1,1,1,1,1,1,1,1
32.18017959183673,32.5052589569161,84,67,1,1,1,1,2,2,2,2,2,1,1,1,1,1,1,1,1,2,2,2,1,1,1,1,1,1,1,1
32.11051972789115,32.342719274376414,60,73,1,1,1,1,1,1,1,1,1,1,1,1,1,1,1,1,1,1,1,1
31.924760090702947,32.11051972789115,60,75,1,1,1,1,1,1,1,1,1,1,1,1,1,1,1,1
31.83188027210884,32.249839455782315,43,56,1,1,1,1,1,1,1,1,1,1,1,1,1,1,1,1,1,1,1,1,1,1,1,1,1,1,1,1,1,1,1,1,1,1,1,1
31.784156462585035,32.18017959183673,84,74,1,1,1,1,1,1,1,1,1,1,1,1,1,1,1,1,2,2,2,2,1,1,1,1,1,1,1,1,1,1,1,1,1,1,1
31.73771655328798,31.924760090702947,60,42,7,7,1,0,0,0,0,0,1,1,1,1,1,1,1,1,1
31.70288662131519,33.30634739229025,55,55,1,1,1,1,1,1,1,1,1,1,1,1,1,1,1,1,1,1,1,1,1,1,1,1,1,1,1,1,1,1,1,1,1,1,1,1,1,1,1,1,1,1,1,1,1,1,1,1,1,1,1,1,1,1,1,1,1,1,1,1,1,1,1,1,1,1,1,1,1,1,1,1,1,1,1,1,1,1,1,1,1,1,1,1,1,1,1,1,1,1,1,1,1,1,1,1,1,1,1,1,1,1,1,1,1,1,1,1,1,1,1,1,1,1,1,1,1,1,1,1,1,1,1,1,1,1,1,1,1,1,1,1,1,1,1,1,1,1,1
31.679666666666666,31.83188027210884,86,78,2,2,2,2,2,1,1,1,1,1,1,1,1,1
31.54034693877551,31.797050340136053,62,76,1,1,1,1,1,1,1,1,1,1,1,1,1,1,1,1,1,1,1,1,1,1,1
31.482297052154195,31.679666666666666,86,83,1,1,1,2,2,2,1,1,1,1,1,1,1,1,1,1,1
31.180437641723355,31.42424716553288,74,52,2,2,2,2,1,1,1,1,1,1,1,1,1,1,1,1,1,1,1,1,1
30.75086848072562,31.087557823129252,55,54,1,1,1,1,1,1,1,1,1,1,1,1,1,1,1,1,1,1,1,1,1,1,1,1,1,1,1,1,1
30.704428571428572,30.878578231292515,67,53,1,1,1,1,1,1,1,1,1,1,1,1,1,1,1
30.62315873015873,30.797308390022675,74,41,-5,-5,-5,-5,1,1,1,1,1,1,1,1,1,1,1
30.62315873015873,30.762478458049884,62,53,1,1,1,1,1,1,1,1,1,1,1,1
30.611548752834466,30.75086848072562,55,56,1,1,1,1,1,1,1,1,1,1,1,1
30.44900907029478,30.62315873015873,74,63,1,1,1,1,1,1,1,1,1,1,1,1,1,-5,-5
30.298079365079364,30.62315873015873,62,60,1,1,1,1,1,1,1,1,1,1,1,1,1,1,1,1,1,1,1,1,1,1,1,1,1,1,1,1
30.17036961451247,30.692818594104306,57,55,1,1,1,1,1,1,1,1,1,1,1,1,1,1,1,1,1,1,1,1,1,1,1,1,1,1,1,1,1,1,1,1,1,1,1,1,1,1,1,1,1,1,1,1,1
29.926560090702946,30.298079365079364,62,66,1,1,1,1,1,1,1,1,1,1,1,1,1,1,1,1,1,1,1,1,1,1,1,1,1,1,1,1,1,1,1,1
29.76273650793651,29.961390022675737,78,64,1,1,1,1,1,1,1,1,1,1,1,1,1,1,1,1,1,1
29.600196825396825,29.996219954648524,69,66,1,1,1,1,1,1,1,1,1,1,1,1,1,1,1,1,1,1,1,1,1,1,1,1,1,1,1,1,1,1,1,1,1,1,1
29.518926984126985,30.17036961451247,57,65,1,1,1,1,1,1,1,1,1,1,1,1,1,1,1,1,1,1,1,1,1,1,1,1,1,1,1,1,1,1,1,1,1,1,1,1,1,1,1,1,1,1,1,1,1,1,1,1,1,1,1,1,1,1,1,1,1
29.43765714285714,29.600196825396825,69,48,1,1,1,1,1,1,1,1,1,1,1,1,1,1
29.24028752834467,29.43765714285714,67,78,1,1,1,1,1,1,1,1,1,1,1,1,1,1,1,1,2
29.12418775510204,29.34477732426304,48,56,1,1,1,1,1,1,1,1,1,1,1,1,1,1,1,1,1,0,0
29.100967800453514,29.24028752834467,67,77,1,1,1,1,1,1,1,1,1,1,1,1
28.903598185941043,29.12418775510204,48,68,1,1,1,1,1,1,1,1,1,1,1,1,1,1,1,1,1,1,1
28.89198820861678,29.100967800453514,67,57,1,1,1,1,1,1,1,1,1,1,1,1,1,1,1,1,1,1
28.70622857142857,29.08935782312925,76,58,0,1,1,1,1,1,1,1,1,1,1,1,1,1,1,1,1,1,1,1,1,1,1,1,1,1,1,1,1,1,1,1,1
28.70622857142857,29.228677551020407,64,77,1,1,1,1,1,1,1,1,1,1,1,1,1,1,1,1,1,1,1,1,1,1,1,1,1,1,1,1,1,1,1,1,1,1,1,1,1,1,1,1,1,1,1,1,0
28.683008616780043,29.39121723356009,36,64,1,1,1,1,1,1,1,1,1,1,1,1,1,1,1,1,1,1,1,1,1,1,1,1,1,1,1,1,1,2,2,2,2,2,2,1,1,1,1,1,1,1,1,1,1,2,2,2,1,1,1,1,1,1,1,1,1,1,1,1,1
28.636568707482994,28.89198820861678,67,53,1,1,1,1,1,1,1,1,1,1,1,1,1,1,1,1,1,1,1,1,1,1
28.636568707482994,28.89198820861678,60,65,1,1,1,1,1,1,1,1,1,1,1,1,1,1,1,1,1,1,1,1,1,1
28.55529886621315,28.70622857142857,64,56,1,1,1,1,1,1,1,1,1,1,1,1,1
28.450809070294785,28.683008616780043,36,84,1,1,1,1,1,1,1,1,1,1,1,1,1,1,1,1,1,1,1,1
28.415979138321994,28.55529886621315,64,57,1,1,1,1,1,1,1,1,1,1,1,1
28.31148934240363,28.636568707482994,55,54,1,1,1,1,1,1,1,1,1,1,1,1,1,1,1,1,1,1,1,1,1,1,1,1,1,1,1,1
28.218609523809523,28.636568707482994,60,58,1,1,1,1,1,1,0,0,1,1,1,1,1,1,1,1,1,1,1,1,1,1,1,1,1,1,1,1,1,1,1,1,1,1,1,1
28.195389569160998,28.450809070294785,36,87,1,1,1,1,1,1,1,1,1,1,1,1,1,1,1,1,1,1,1,1,1,1
28.160559637188207,28.70622857142857,76,52,1,1,1,1,1,1,1,1,1,1,1,1,1,1,1,1,1,1,1,1,1,1,1,1,1,1,1,1,1,1,1,1,1,1,1,1,1,1,1,1,1,1,1,1,1,1,1
28.056069841269842,28.31148934240363,55,54,1,1,1,1,1,1,1,1,1,1,1,1,1,1,1,1,1,1,1,1,1,1
27.893530158730158,28.044459863945576,60,55,1,1,1,1,1,1,1,1,1,1,1,1,1
27.858700226757367,28.056069841269842,55,57,1,1,1,1,1,1,1,1,1,1,1,1,1,1,1,1,1
27.82387029478458,28.160559637188207,76,72,1,1,1,1,1,1,1,1,1,1,1,1,1,1,1,1,1,1,1,1,1,1,1,1,1,1,1,1,1
27.69487664399093,28.415979138321994,64,55,1,1,1,1,1,1,1,1,1,1,1,1,1,1,1,1,1,1,1,1,1,1,1,1,1,1,1,1,1,1,1,1,1,1,1,1,1,1,1,1,1,1,1,1,1,1,1,1,1,1,1,0,0,0,1,1,1,1,1,1,1,1,1
27.69487664399093,28.195389569160998,36,71,1,1,1,1,1,1,1,1,1,1,1,1,1,1,1,1,1,1,1,1,1,1,1,1,1,1,1,1,1,1,1,1,1,1,1,1,1,1,1,1,1,1,1,1
27.601996825396824,27.893530158730158,60,57,1,1,1,1,1,1,1,1,1,1,1,1,1,1,1,1,1,1,1,1,1,1,1,1,1,1
27.39301723356009,27.613606802721087,66,53,1,1,1,1,1,1,1,1,1,1,1,1,1,1,1,1,1,1,1
27.172427664399095,27.39301723356009,66,66,1,1,1,1,1,1,1,1,1,1,1,1,1,1,1,1,1,1,1
27.172427664399095,27.42784716553288,62,43,1,1,1,1,1,1,1,1,1,1,1,1,1,1,1,1,1,1,1,1,1,1
27.11437777777778,27.404627210884353,69,49,1,1,1,1,1,1,1,1,1,1,1,1,1,1,1,1,1,1,1,1,1,1,1,1,1
26.78929841269841,27.102767800453513,64,48,1,1,1,1,1,1,1,1,-5,-5,-5,-5,-5,-5,-5,-5,-5,-5,-5,1,1,1,1,1,1,1,2
26.70802857142857,27.033107936507935,55,53,1,1,1,1,1,1,1,1,1,1,1,1,1,1,1,1,1,1,1,1,1,1,1,1,1,1,1,1
26.475829024943312,27.172427664399095,62,77,1,1,1,1,1,1,1,1,1,1,1,1,1,1,1,1,1,1,1,1,1,1,1,1,1,1,1,1,1,1,1,1,1,1,1,1,1,1,1,1,1,1,1,1,1,1,1,1,1,1,1,1,1,1,1,1,1,1,1,1
26.34811927437642,26.568708843537415,38,59,1,1,1,1,1,1,1,1,1,1,1,1,1,1,1,1,1,1,1
25.754726530612245,26.34811927437642,38,69,0,1,1,1,1,1,1,1,1,1,1,1,1,1,1,1,1,1,1,1,1,1,1,1,1,1,1,1,1,1,1,1,1,1,1,1,1,1,1,1,1,1,1,1,1,1,1,1,1,1,1,1
25.743116553287983,26.475829024943312,62,87,1,1,1,1,1,1,1,1,1,1,1,1,1,1,1,1,1,1,1,1,1,1,1,1,1,1,1,1,1,1,1,1,1,1,1,1,1,1,1,1,1,1,1,1,1,1,1,1,1,1,1,1,1,1,1,1,1,1,1,1,1,1,1,1
25.650236734693877,25.988209977324264,57,49,1,1,1,1,1,1,1,1,1,1,1,1,1,1,1,1,1,1,1,1,1,1,1,1,1,1,1,1,1,1
25.452867120181406,25.86050022675737,69,77,1,1,1,1,1,1,1,1,1,1,1,1,1,1,1,1,1,1,1,1,1,1,1,1,1,1,1,1,1,1,1,1,1,1,1,1
25.174227664399094,25.452867120181406,69,72,1,1,1,1,1,1,1,1,1,1,1,1,1,1,1,1,1,1,1,1,1,1,1,1
24.7330485260771,25.545746938775512,71,70,1,1,1,1,4,4,4,4,4,4,4,1,1,2,2,1,1,1,1,1,1,1,1,1,1,1,1,1,1,1,1,1,1,1,1,1,1,1,1,1,1,1,1,1,1,1,1,1,1,1,1,1,1,1,1,1,1,1,1,1,1,1,1,-5,-5,-5,-5,-5,-5,-5
24.651778684807258,25.371597278911565,62,71,1,1,1,1,1,1,1,1,1,1,1,1,1,1,1,1,1,1,1,1,1,1,1,1,1,1,1,1,1,1,1,1,1,1,1,1,1,1,1,1,1,1,1,1,1,1,1,1,1,1,1,1,1,1,1,1,1,1,1,1,1,1
24.535678911564627,24.81431836734694,60,48,1,1,1,1,1,1,1,1,1,1,1,1,1,1,1,1,1,1,1,1,1,1,1,1
24.338309297052156,24.7330485260771,72,73,1,1,1,1,1,1,1,1,1,1,1,1,1,1,1,1,1,1,1,1,1,1,1,1,1,1,1,1,1,1,1,1,1,1
24.24542947845805,24.651778684807258,62,83,1,1,1,1,1,1,1,1,1,1,1,1,1,1,1,1,1,1,1,1,1,1,1,1,1,1,1,1,1,1,1,1,1,1,1
24.198989569160997,24.62855873015873,52,57,1,1,1,1,1,1,1,1,1,1,1,1,1,1,1,1,1,1,1,1,1,1,1,1,1,1,1,1,1,1,1,1,1,1,1,1,1
24.198989569160997,24.593728798185943,45,47,1,1,1,1,1,1,1,1,1,1,1,1,1,1,1,1,1,1,1,1,1,1,1,1,1,1,1,1,1,1,1,1,1,1
24.117719727891156,24.338309297052156,74,73,1,1,1,1,1,1,1,1,1,1,1,1,1,1,1,1,1,1,1
24.04805986394558,24.198989569160997,45,43,0,0,1,1,1,1,1,1,1,1,1,1,1
24.036449886621316,24.24542947845805,62,71,1,1,1,1,1,1,1,1,1,1,1,1,1,1,1,1,1,1
23.76813650793651,24.303479365079365,59,60,1,1,1,1,1,1,1,1,1,1,1,1,1,1,1,1,1,1,1,1,1,1,1,1,1,1,1,1,1,1,1,1,1,1,1,1,1,1,1,1,1,1,1,1,1,1,1
23.570766893424036,24.09449977324263,71,85,1,1,1,1,1,1,1,1,1,1,1,1,1,1,1,1,1,1,1,1,1,1,1,1,1,1,1,1,1,1,1,1,1,1,1,1,1,1,1,1,1,1,1,1,1,1
23.373397278911565,23.76813650793651,59,63,1,1,1,1,1,1,1,1,1,1,1,1,1,1,1,1,1,1,1,1,1,1,1,1,1,1,1,1,1,1,1,1,1,1
23.31534739229025,23.920350113378685,67,52,-2,-2,-2,1,1,1,1,1,1,1,1,1,1,1,1,1,1,1,1,1,1,1,1,1,1,1,1,1,1,1,1,1,1,1,1,1,1,1,1,1,1,1,-2,-2,-2,-2,1,1,1,1,1,1,1
23.303737414965987,23.570766893424036,71,86,1,1,1,1,1,1,1,1,1,1,1,1,1,1,1,1,1,1,1,1,1,1,1
23.08314784580499,23.303737414965987,71,73,1,1,1,1,1,1,1,1,1,1,1,1,1,1,1,1,1,1,1
23.08314784580499,23.31534739229025,66,66,1,1,1,1,1,1,1,1,1,1,1,1,1,1,1,1,1,1,1,1
22.955438095238097,23.12958775510204,47,55,1,1,1,1,1,1,1,1,1,1,1,1,1,1,1
22.839338321995466,23.385007256235827,62,65,1,1,1,1,1,1,1,1,1,1,1,1,1,1,1,1,1,1,1,1,1,1,1,1,1,1,1,1,1,1,1,1,1,1,1,1,1,1,1,1,1,1,1,1,1,1,1
22.688408616780045,23.65203673469388,55,55,1,1,1,1,1,1,1,1,1,1,1,1,1,1,1,1,1,1,1,1,1,1,1,1,1,1,1,1,1,1,1,1,1,1,1,1,1,1,1,1,1,1,1,1,1,1,1,1,1,1,1,1,1,1,1,1,1,1,1,1,1,1,1,1,1,1,1,1,1,1,1,1,1,1,1,1,1,1,1,1,1,1,1
22.653578684807258,22.88577823129252,72,74,1,1,1,1,1,1,1,1,1,1,1,1,1,1,-2,-2,-2,-2,-2,-2
22.491039002267573,22.653578684807258,72,68,1,1,1,1,1,1,1,1,1,1,1,1,1,1
22.212399546485262,22.421379138321996,67,51,1,1,1,1,1,1,1,1,1,1,1,1,1,1,1,1,1,1
22.200789569161,22.595528798185942,74,77,1,1,1,1,1,1,1,1,1,1,1,1,1,1,1,1,1,2,2,1,1,1,1,1,1,1,1,1,1,1,1,1,1,1
22.200789569161,22.839338321995466,62,71,1,1,1,1,1,1,1,1,1,1,1,1,1,1,1,1,1,1,1,1,1,1,1,1,1,1,1,1,1,1,1,1,1,1,1,1,1,1,1,1,1,1,1,1,1,1,1,1,1,1,1,1,1,1,1
22.189179591836737,22.456209070294786,40,61,1,1,1,1,1,1,1,1,1,1,1,1,1,1,1,1,1,1,1,1,1,1,1
22.026639909297053,22.351719274376418,71,63,1,2,1,1,1,1,1,2,2,2,2,2,1,1,1,1,1,1,1,1,1,1,1,1,1,1,1,1
21.711886621315195,22.200789569161,62,60,1,1,1,1,1,1,1,1,1,1,1,1,1,1,1,1,1,1,1,1,1,1,1,1,1,1,1,1,1,1,1,1,1,1,1,1,1,1,1,1,1,1,1
21.642226757369617,21.945370068027213,55,48,1,1,1,1,1,1,1,1,1,1,1,1,1,1,1,1,1,1,1,1,1,1,1,1,1,1,1
21.375197278911568,21.514517006802723,69,50,-5,1,1,1,1,1,1,1,1,1,1,1
20.922408163265306,21.711886621315195,62,80,1,1,1,1,1,1,1,1,1,1,1,1,1,1,1,1,1,1,1,1,1,1,1,1,1,1,1,1,1,1,1,1,1,1,1,1,1,1,1,1,1,1,1,1,1,1,1,1,1,1,1,1,1,1,1,1,1,1,1,1,1,1,1,1,1,1,1,1
20.492839002267576,20.922408163265306,62,85,1,1,1,1,1,1,1,1,1,1,1,1,1,1,1,1,1,1,1,1,1,1,1,1,1,1,1,1,1,1,1,1,1,1,1,1,1
20.21419954648526,20.492839002267576,62,71,1,1,1,1,1,1,1,1,1,1,1,1,1,1,1,1,1,1,1,1,1,1,1,1
20.202589569161,20.574108843537417,66,60,1,1,1,1,1,1,1,1,1,1,1,1,1,1,1,1,1,1,1,1,1,1,1,1,1,1,1,1,1,1,1,1
20.04004988662132,20.21419954648526,62,54,1,1,1,1,1,1,1,1,1,1,1,1,1,1,1
20.01682993197279,20.202589569161,66,60,1,1,1,1,1,1,1,1,1,1,1,1,1,1,1,1
19.71368662131519,20.43478911564626,69,77,1,1,1,1,1,1,1,1,1,1,1,1,1,1,1,1,1,1,1,1,1,1,1,1,1,1,1,1,1,1,1,1,1,1,1,1,1,1,1,1,1,1,1,1,1,1,1,1,1,1,1,1,1,1,1,1,1,1,1,1,1,1,1
19.71368662131519,20.063269841269843,57,59,1,1,1,1,1,1,1,1,1,1,1,1,1,1,1,1,1,1,1,1,1,1,1,1,1,1,1,1,1,1,1
19.609196825396825,19.78334648526077,62,50,1,1,1,1,1,1,1,1,1,1,1,1,1,1,1
19.295727437641723,19.71368662131519,69,87,1,1,1,1,1,1,1,1,1,1,1,1,1,1,1,1,1,1,1,1,1,1,1,1,1,1,1,1,1,1,1,1,1,1,1,1
18.308879365079363,18.86615827664399,62,66,1,1,1,1,1,1,1,1,1,1,1,1,1,1,1,1,1,1,1,1,1,1,1,1,1,1,1,1,1,1,1,1,1,1,1,1,1,1,1,1,1,1,1,1,1,1,1,1
18.09989977324263,18.308879365079363,62,58,1,1,1,1,1,1,1,1,1,1,1,1,1,-5,1,1,1,1
17.925750113378683,18.09989977324263,72,48,-2,1,1,1,1,1,1,1,1,1,1,1,1,1,1
17.843196371882087,17.99540997732426,52,56,1,1,1,1,1,1,1,1,1,1,1,1,1,1
17.75031655328798,17.99540997732426,60,45,0,1,1,1,1,1,1,0,0,0,0,0,0,1,1,1,1,1,1,1,1,1
17.727096598639456,18.09989977324263,62,81,1,1,1,1,1,1,1,1,1,1,1,1,1,1,1,1,1,1,1,1,1,1,1,1,1,1,1,1,1,1,1,1,1
17.378797278911563,17.529726984126984,72,49,1,1,1,1,1,1,1,1,1,1,1,1,1
17.3671873015873,17.727096598639456,62,78,1,1,1,1,1,1,1,1,1,1,1,1,1,1,1,1,1,1,1,1,1,1,1,1,1,1,1,1,1,1,1
17.3671873015873,17.657436734693878,60,40,1,1,1,1,1,1,1,1,1,1,1,1,1,1,1,1,1,1,1,1,1,1,1,1,1
17.227867573696145,17.541336961451247,36,60,1,1,1,1,1,1,1,1,1,1,1,1,1,1,1,1,1,1,1,1,1,1,1,1,1,1,1
17.053717913832198,17.25108752834467,64,33,-5,-5,-5,-5,-5,-5,-5,-5,-5,-5,-5,-5,1,1,1,1,1
17.053717913832198,17.599386848072562,52,51,1,1,1,1,1,1,1,1,1,1,1,1,1,1,1,1,1,1,1,1,1,1,1,1,1,1,1,1,1,1,1,1,1,1,1,1,1,1,1,1,1,1,1,1,1,1,1
17.030497959183673,17.274307482993198,45,64,1,1,1,1,1,1,1,1,1,1,1,1,1,1,1,1,1,1,1,1,0
17.007278004535145,17.3671873015873,62,74,1,1,1,1,1,1,1,1,1,1,1,1,1,1,1,1,1,1,1,1,1,1,1,1,1,1,1,1,1,1,1
17.007278004535145,17.146597732426304,57,51,1,1,1,1,1,1,1,1,1,1,1,1
16.79829841269841,16.98405804988662,67,72,1,1,1,1,1,1,1,1,1,1,1,1,1,1,1,1
16.75185850340136,17.007278004535145,57,45,-5,-5,1,1,1,1,1,1,1,1,1,1,1,1,1,1,1,1,1,1,1,1
16.68219863945578,17.007278004535145,55,49,1,1,1,1,1,1,1,1,1,1,1,1,1,1,1,1,1,1,0,0,0,0,0,0,1,1,1,1
16.531268934240362,16.79829841269841,67,73,1,1,1,1,1,1,1,1,1,1,1,1,1,-2,-2,-2,-2,-2,-2,-2,-2,1,1
16.33389931972789,16.531268934240362,67,84,1,1,1,1,1,1,1,1,1,1,1,1,1,1,1,1,1
16.33389931972789,16.68219863945578,55,63,1,1,1,1,1,1,1,1,1,1,1,1,1,1,1,1,1,1,1,1,1,1,1,1,1,1,1,1,1,1
16.13652970521542,16.33389931972789,67,88,1,1,1,1,1,1,1,1,1,1,1,1,1,1,1,1,1
15.939160090702948,16.33389931972789,55,63,1,1,1,1,1,1,1,1,1,1,1,1,1,1,1,1,1,1,1,1,1,1,1,1,1,1,1,1,1,0,1,1,1,1
15.927550113378683,16.13652970521542,67,73,1,1,1,1,1,1,1,1,1,1,1,1,1,1,1,1,1,1
15.763726530612244,15.927550113378683,67,87,1,1,1,1,1,1,1,1,1,1,1,1,1,1,1
15.624406802721088,15.939160090702948,55,69,1,1,1,1,1,1,1,1,1,1,1,1,1,1,1,1,1,1,1,1,1,1,1,1,1,1,1,1
15.368987301587302,15.763726530612244,67,75,1,1,1,1,1,1,1,1,1,1,1,1,1,1,1,1,1,1,1,1,1,1,1,1,1,1,1,1,1,1,1,1,1,1
15.113567800453515,15.368987301587302,67,65,1,1,1,1,1,1,1,1,1,1,1,1,1,1,1,1,1,1,1,1,1,1
14.916198185941044,15.310937414965986,62,69,1,1,1,1,1,1,1,1,1,1,1,1,1,1,1,1,1,1,1,1,1,1,1,1,1,1,1,1,1,1,1,1,1,1
14.75365850340136,14.962638095238095,43,55,1,1,1,1,1,1,1,1,1,1,1,1,1,1,1,1,1,1
14.742048526077097,14.90458820861678,67,53,1,1,1,1,1,1,1,1,1,1,1,1,1,1
14.440189115646259,14.916198185941044,62,83,1,1,1,1,1,1,1,1,1,1,1,1,1,1,1,1,1,1,1,1,1,1,1,1,1,1,1,1,1,1,1,1,1,1,1,1,1,1,1,1,1
14.358919274376417,14.75365850340136,43,76,1,1,1,1,1,1,1,1,1,1,1,1,1,1,1,1,1,1,1,1,1,1,1,1,1,1,1,1,1,1,1,1,1,1
14.231209523809524,14.440189115646259,62,67,1,1,1,1,1,1,1,1,1,1,1,1,1,1,1,1,1,1
14.196379591836735,14.358919274376417,36,50,1,1,1,1,1,1,1,1,1,1,1,1,1,1
14.149939682539681,14.358919274376417,43,81,1,1,1,1,1,1,1,1,1,1,1,1,1,1,1,1,1,1
14.091889795918368,14.428579138321995,69,57,1,1,1,1,1,1,1,1,1,1,1,1,1,1,1,1,1,1,1,1,1,1,1,1,1,1,1,1,1
14.080279818594104,14.231209523809524,62,64,1,1,1,1,1,1,1,1,1,1,1,1,1
14.010619954648526,14.196379591836735,36,39,1,1,1,1,1,1,1,1,1,1,1,1,1,1,1,1
13.9874,14.149939682539681,43,76,1,1,1,1,1,1,1,1,1,1,1,1,1,1
13.82357641723356,13.9874,43,87,1,1,1,1,1,1,1,1,1,1,1,1,1,1,1
13.811966439909297,14.347309297052155,59,64,1,1,1,1,1,1,1,1,1,1,1,1,1,1,1,1,1,1,1,1,1,1,1,1,1,1,1,1,1,1,1,1,1,1,1,1,1,1,1,1,1,1,1,1,1,1,1
13.695866666666667,13.95257006802721,50,63,1,1,1,1,1,1,1,1,1,1,1,1,1,1,1,1,1,1,1,1,1,1,1
13.463667120181405,13.695866666666667,55,55,1,1,1,1,1,1,1,1,1,1,1,1,1,1,1,1,1,1,1,1
13.463667120181405,13.82357641723356,43,54,1,1,1,1,1,1,1,1,1,1,1,1,0,0,0,1,1,1,1,1,1,1,1,1,1,1,1,1,1,1,1
13.196637641723356,13.463667120181405,55,49,1,1,1,1,1,1,1,1,1,1,1,1,1,1,1,1,1,1,1,1,1,1,1
13.13858775510204,13.463667120181405,43,41,1,1,1,1,1,1,1,1,1,1,1,1,1,1,1,1,1,1,1,0,0,0,1,1,1,1,1,1
9.629806802721088,9.815566439909297,57,40,2,1,1,1,1,1,1,1,1,1,1,1,1,1,1,1
9.629806802721088,10.10709977324263,45,60,1,1,1,1,1,1,1,1,1,1,1,1,1,1,1,1,1,1,1,1,1,1,1,1,1,1,1,1,1,1,1,1,1,1,1,1,1,1,1,1,1,1
9.5949768707483,9.757516553287982,81,57,1,1,1,1,1,1,1,1,1,1,1,1,1,1
9.339557369614512,9.478877097505668,46,59,1,1,1,1,1,1,1,1,1,1,1,1
9.281507482993197,9.455657142857142,58,59,1,1,1,1,1,1,1,1,1,1,1,1,1,1,1
9.269897505668935,9.536926984126984,82,56,1,1,1,1,1,1,1,1,1,1,1,1,1,1,1,1,1,1,1,1,1,1,1
9.269897505668935,9.467267120181406,70,61,1,1,1,1,1,1,1,1,1,1,1,1,1,1,1,1,1
9.269897505668935,9.502097052154195,34,52,1,1,1,1,1,1,1,1,1,1,1,1,1,1,1,1,1,1,1,1
8.968038095238095,9.17701768707483,82,51,1,1,1,1,1,1,1,1,1,1,1,1,1,1,1,1,1,1
8.933208163265306,9.142187755102041,46,45,-1,1,1,1,0,1,1,1,1,1,1,1,1,1,1,1,1,1
8.666178684807257,8.863548299319728,34,65,1,1,1,1,1,1,1,1,1,1,1,1,1,1,1,1,1
8.631348752834466,8.782278458049886,82,59,1,1,1,1,1,1,1,1,1,1,1,1,1
8.631348752834466,8.79388843537415,70,58,1,1,1,1,1,1,1,1,1,1,1,1,1,1
8.631348752834466,8.863548299319728,46,74,1,1,1,1,1,1,1,1,1,1,1,1,1,1,1,1,1,1,1,1
8.619738775510204,8.817108390022675,58,42,1,1,1,1,1,1,1,1,1,1,1,1,1,1,1,1,1
8.596518820861677,8.747448526077097,40,41,1,1,1,2,2,2,1,1,1,1,1,1,1
8.097289795918368,8.433979138321995,46,50,0,0,0,0,0,0,0,0,0,0,0,0,0,0,1,1,1,1,1,1,1,1,0,0,0,0,0,0,0
8.074069841269841,8.224999546485261,53,51,2,1,1,1,1,1,1,1,1,1,1,0,0
7.190427664399093,7.434237188208617,34,74,1,1,1,1,1,1,1,1,1,1,1,1,1,1,1,1,1,1,1,1,1
6.9930580498866215,7.190427664399093,34,40,1,1,1,1,1,1,1,1,1,1,1,1,1,1,1,1,1
6.807298412698413,6.9930580498866215,34,70,1,1,1,1,1,1,1,1,1,1,1,1,1,1,1,1
6.64475873015873,6.807298412698413,34,56,1,1,1,1,1,1,1,1,1,1,1,1,1,1
6.191969614512471,6.5286589569161,48,63,1,0,0,0,0,1,1,1,1,1,1,1,1,2,2,1,1,1,1,1,1,1,1,1,1,1,1,1,1
6.1223097505668935,6.2732394557823135,36,49,2,2,2,2,1,1,1,0,0,0,0,0,1
5.772726530612244,5.959770068027211,36,71,1,1,1,1,1,1,1,1,1,1,1,1,1,1,0,0,0
5.099347845804989,5.772726530612244,36,91,1,1,1,1,1,1,1,1,1,1,1,1,1,1,1,1,1,1,1,1,1,1,1,1,1,1,1,1,1,1,1,1,1,1,1,1,1,1,1,1,1,1,1,1,1,1,1,1,1,1,1,1,1,1,1,1,1,1
4.925198185941043,5.099347845804989,36,89,1,1,1,1,1,1,1,1,1,1,1,1,1,1,1
4.751048526077097,4.925198185941043,36,88,1,1,1,1,1,1,1,1,1,1,1,1,1,1,1
4.518848979591836,4.704608616780045,38,41,1,1,1,1,1,1,1,1,1,1,1,1,1,1,1,1
3.1708077097505667,3.3333473922902495,38,52,1,1,1,1,1,1,1,1,1,1,1,1,1,1
2.7412385487528343,3.1708077097505667,38,89,1,1,1,1,1,1,1,1,1,1,1,1,1,1,1,1,1,1,1,1,1,1,1,1,1,1,1,1,1,1,1,1,1,1,1,1,1
60.59615873015873,60.94445804988662,76,92,1,1,1,1,1,1,1,1,1,1,1,1,1,1,1,1,1,1,1,1,1,1,1,1,1,1,1,1,1,1
115.59374058956917,116.06974965986394,59,93,1,1,1,1,1,1,1,1,1,1,1,1,1,1,1,1,1,1,1,1,1,1,1,1,1,1,1,1,1,1,1,1,1,1,1,1,1,1,1,1,1
130.3590090702948,130.59120861678005,56,81,1,1,1,1,1,1,1,1,1,1,1,1,1,1,1,1,1,1,1,1
109.64558049886621,110.14480952380951,84,93,1,1,1,1,1,1,1,1,1,1,1,1,1,1,1,1,1,1,1,1,1,1,1,1,1,1,1,1,1,1,1,1,1,1,1,1,1,1,1,1,1,1,1
39.70729659863946,40.056879818594105,71,73,1,1,1,1,1,1,1,1,1,1,1,1,1,1,1,1,1,1,1,1,1,1,1,1,1,1,1,1,1,1,1
71.65656054421768,72.01646984126984,86,84,1,1,1,1,1,1,1,1,1,1,1,1,1,1,1,1,1,1,1,1,1,1,1,1,1,1,1,1,1,1,1
20.98045804988662,22.200789569161,67,70,1,1,1,1,1,1,1,1,1,1,1,1,1,1,1,1,1,1,1,1,1,1,1,1,1,1,1,1,1,1,1,1,1,1,1,1,1,1,1,1,1,1,1,1,1,1,1,1,1,1,1,1,1,1,1,1,1,1,1,1,1,1,1,1,1,1,1,1,1,1,1,1,1,1,1,1,1,1,1,1,1,1,1,1,1,1,1,1,1,1,1,1,1,1,1,1,1,1,1,1,1,1,1,1,1,1
156.54458866213153,156.73034829931973,59,70,1,1,1,1,1,1,1,1,1,1,1,1,1,1,1,1
18.58751882086168,19.284117460317457,69,76,1,1,1,1,1,1,1,1,1,1,1,1,1,1,1,1,1,1,1,1,1,1,1,1,1,1,1,1,1,1,1,1,1,1,1,1,1,1,1,1,1,1,1,1,1,1,1,1,1,1,1,1,1,1,1,1,1,1,1,1
74.4674589569161,74.73448843537415,83,81,1,1,1,1,1,1,1,1,1,1,1,1,1,1,1,1,1,1,1,1,1,1,1
49.75763038548752,52.10412970521542,79,68,1,1,1,1,1,1,1,1,1,1,1,1,1,1,1,1,1,1,1,1,1,1,1,1,1,1,1,1,1,1,1,1,1,1,1,1,1,1,1,1,1,1,1,1,1,1,1,1,1,1,1,1,1,1,1,1,1,1,1,1,1,1,1,1,1,1,1,1,1,1,1,1,1,1,1,1,1,1,1,1,1,1,1,1,1,1,1,1,1,1,1,1,1,1,1,1,1,1,1,1,1,1,1,1,1,1,1,1,1,1,1,1,1,1,1,1,1,1,1,1,1,1,1,1,1,1,1,1,1,1,1,1,1,1,1,1,1,1,1,1,1,1,1,1,1,1,1,1,1,1,1,1,1,1,1,1,1,1,1,1,1,1,1,1,1,1,1,1,1,1,1,1,1,1,1,1,1,1,1,1,1,1,1,1,1,1,1,1,1,1,1,1,1,1,1,1,1,1,1,1,1,1,1
117.22042131519275,117.40618095238096,59,58,-8,-8,-8,-8,-8,1,1,1,1,1,1,1,1,1,1,1
97.93501995464852,98.43424897959184,81,71,1,1,1,1,1,1,1,1,1,1,1,1,1,1,1,1,1,1,1,1,1,1,1,1,1,1,1,1,1,1,1,1,1,1,1,1,1,1,1,1,1,1,1
68.35675918367347,68.67022857142858,83,74,1,1,1,1,1,1,1,1,1,1,1,1,1,1,1,1,1,1,1,1,1,1,1,1,1,1,1
168.68471836734693,168.82403809523808,52,83,1,1,1,1,1,1,1,1,1,1,1,1
45.79606031746032,46.15596961451247,71,74,1,1,1,1,1,1,1,1,1,1,1,1,1,1,1,1,1,1,1,1,1,1,1,1,1,1,1,1,1,1,1
31.93637006802721,32.98126802721088,31,72,1,1,1,1,1,1,1,1,1,1,1,1,1,1,1,1,1,1,1,1,1,1,1,1,1,1,1,1,1,1,1,1,1,1,1,1,1,1,1,1,1,1,1,1,1,1,1,1,1,1,1,1,1,1,1,1,1,1,1,1,1,1,1,1,1,1,1,1,1,1,1,1,1,1,1,1,1,1,1,1,1,1,1,1,1,1,1,1,1,0
21.50290702947846,22.01502993197279,71,78,1,1,1,1,1,1,1,1,1,1,1,1,1,1,1,1,1,1,1,1,1,1,1,1,1,1,1,1,1,1,1,1,1,1,1,1,1,1,1,1,1,1,1,1,1
49.38482721088435,49.93178004535147,62,70,1,1,1,1,1,1,1,1,1,1,1,1,1,1,1,1,1,1,1,1,1,1,1,1,1,1,1,1,1,1,1,1,1,1,1,1,1,1,1,1,1,1,1,1,1,1,1,1
29.90334013605442,31.20365759637188,35,63,1,1,1,1,1,1,1,1,1,1,1,1,1,1,1,1,1,1,1,1,1,1,1,1,1,1,1,1,1,1,1,1,1,1,1,1,1,1,1,1,1,1,1,1,1,1,1,1,1,1,1,1,1,1,1,1,1,1,1,1,1,1,1,1,1,1,1,1,1,1,1,1,1,1,1,1,1,1,1,1,1,1,1,1,1,1,1,1,1,1,1,1,1,1,1,1,1,1,1,1,1,1,1,1,1,1,1,1,1,1,2,2
70.819358276644,71.08638775510205,65,76,1,1,1,1,1,1,1,1,1,1,1,1,1,1,1,1,1,1,1,1,1,1,1
126.79217823129252,127.08242766439909,64,48,1,1,1,1,1,1,1,1,1,1,1,1,1,1,1,1,1,1,1,1,1,1,1,1,1
49.129407709750566,49.873730158730154,74,68,1,1,1,1,1,1,1,1,1,1,1,1,1,1,1,1,1,1,1,1,1,1,1,1,1,1,1,1,1,1,1,1,1,1,1,1,1,1,1,1,1,1,1,1,1,1,1,1,1,1,1,1,1,1,1,1,1,1,1,1,1,1,1,1,1
49.769240362811786,50.96506802721088,67,68,1,1,1,1,1,1,1,1,1,1,1,1,1,1,1,1,1,1,1,1,1,1,1,1,1,1,1,1,1,1,1,1,1,1,1,1,1,1,1,1,1,1,1,1,1,1,1,1,1,1,1,1,1,1,1,1,1,1,1,1,1,1,1,1,1,1,1,1,1,1,1,1,1,1,1,1,1,1,1,1,1,1,1,1,1,1,1,1,1,1,1,1,1,1,1,1,1,1,1,1,1,1,1
99.74746031746031,100.25829931972788,81,75,-5,-5,1,1,1,1,1,1,1,1,1,1,1,1,1,1,1,1,1,1,1,1,1,1,1,1,1,1,1,1,1,1,1,1,1,1,1,1,1,1,1,1,1,1
37.6626566893424,38.02384988662131,71,75,1,1,1,1,1,1,1,1,1,1,1,1,1,1,1,1,1,1,1,1,1,1,1,1,1,1,1,1,1,1,1,1
145.47386077097505,145.61318049886623,47,78,7,1,1,1,1,1,1,1,1,1,1,1
22.88577823129252,23.07153786848073,71,73,1,1,1,1,1,1,1,1,1,1,1,1,1,1,1,1
150.526768707483,150.95633786848074,61,59,1,1,1,1,1,1,1,1,1,1,1,1,1,1,1,1,1,1,1,1,1,1,1,1,1,1,1,1,1,1,1,1,1,1,1,1,1
165.8854299319728,166.22211927437644,61,53,1,1,1,1,1,1,1,1,1,1,1,1,1,1,1,1,1,1,1,1,1,1,1,1,1,1,1,1,1
168.1274394557823,168.45251882086168,52,71,1,1,1,1,1,1,1,1,1,1,1,1,1,1,1,1,1,1,1,1,1,1,1,1,1,1,1,1
72.99170793650794,73.14263764172335,68,61,1,1,1,1,1,1,1,1,1,1,1,1,1
125.75889024943311,126.30455918367348,40,61,1,1,1,1,1,1,1,1,1,1,1,1,1,1,1,1,1,1,1,1,1,1,1,1,0,0,1,1,1,1,1,1,1,1,1,1,1,1,1,1,1,1,1,1,1,1,1
16.82151836734694,16.995668027210883,62,71,1,1,1,1,1,1,1,1,1,1,1,1,1,1,1
178.60605850340136,178.83954195011336,76,54,1,1,1,1,1,1,1,1,1,1,1,1,1,1,1,1,1,1,1,1,1
166.23372925170068,166.39626893424037,49,70,1,1,1,1,1,1,1,1,1,1,1,1,1,1
96.15740952380952,96.33155918367348,64,63,2,1,1,1,1,1,1,1,1,1,1,1,1,1,1
23.920350113378685,24.106109750566894,74,74,1,1,1,1,1,1,1,1,1,1,1,1,1,1,1,1
103.15046757369615,103.2897873015873,67,62,1,1,1,1,1,1,1,1,1,1,1,1
146.63485850340138,146.971547845805,51,49,1,1,1,1,1,1,1,1,1,1,1,1,1,1,1,1,1,1,1,1,1,1,1,1,1,1,1,1,1
198.19331927437642,199.14662131519273,47,70,1,1,1,1,1,1,1,1,1,1,1,1,1,1,1,1,1,1,1,1,1,1,1,1,1,1,1,1,1,1,1,1,1,1,1,1,1,1,1,1,1,1,1,1,1,1,1,1,1,1,1,1,1,1,1,1,1,1,1,1,1,1,1,1,1,1,1,1,1,1,1,1,1,1,1,1,1,1,1,1,1,1,1
98.94508798185942,99.16567755102041,57,52,1,1,1,1,1,1,1,1,1,1,1,1,1,1,1,1,1,1,2
47.67687664399093,47.84070022675737,83,59,1,1,1,1,1,1,1,1,1,1,1,1,1,1,1
98.73610839002268,98.8870380952381,38,54,0,0,0,0,0,1,1,0,0,0,0,0,0
50.372959183673466,50.96506802721088,38,60,0,0,0,0,0,1,1,1,1,1,1,1,0,0,1,1,1,1,1,1,1,1,1,1,1,1,1,1,1,1,1,1,1,1,1,1,1,1,1,1,1,0,0,0,1,1,1,1,1,1,1
157.39340090702947,157.57916054421767,59,66,7,7,7,1,1,1,1,1,1,1,1,1,1,1,1,1
64.98729795918366,65.45169705215419,64,61,1,1,1,1,1,1,1,1,1,1,1,1,1,1,1,1,1,1,1,1,1,1,1,1,1,1,1,1,1,1,1,1,1,1,1,1,1,1,1,1
173.88983990929705,174.23813922902494,62,59,1,1,1,1,1,1,1,1,1,1,1,1,1,1,1,1,1,1,1,1,1,1,1,1,1,1,1,1,1,1
177.20125124716554,177.53794058956916,68,75,0,1,1,1,1,1,1,1,1,1,1,1,1,1,1,1,1,1,1,1,1,1,1,1,1,1,1,1,1
57.762040362811796,57.93619002267574,36,58,1,1,1,1,1,1,1,1,1,1,1,1,2,2,2
71.66817052154194,72.03968979591836,62,53,1,1,1,1,1,1,1,1,1,1,1,1,1,1,1,1,1,1,1,1,1,1,1,1,1,1,1,1,1,1,1,1
18.64556870748299,19.13318775510204,57,63,1,1,1,1,1,1,1,1,1,1,1,1,1,1,1,1,1,1,1,1,1,1,1,1,1,1,1,1,1,1,1,1,1,1,1,1,1,1,1,1,1,1
58.81854829931973,58.957868027210885,67,69,1,1,1,1,1,1,1,1,1,1,1,1
107.32230113378685,107.82153015873017,77,62,1,1,1,1,1,1,1,1,1,1,1,1,1,1,1,1,1,1,1,1,1,1,1,1,1,1,1,1,1,1,1,1,1,1,1,1,1,1,1,1,1,1,1
101.687610430839,101.93141995464852,59,64,1,1,1,1,1,1,1,1,1,1,1,1,1,1,1,1,1,1,1,1,2
49.93178004535147,51.03472789115646,59,66,1,1,1,1,1,1,1,1,1,1,1,1,1,1,1,1,1,1,1,1,1,1,1,0,0,0,0,0,0,0,0,0,1,1,1,1,1,1,1,0,0,0,0,0,0,1,1,1,1,1,1,1,1,1,1,1,1,1,1,1,1,1,1,1,1,1,1,1,1,1,1,1,1,1,1,1,1,1,1,1,1,1,1,0,0,0,0,1,1,1,1,1,0,0,0
68.67022857142858,68.84437823129252,38,62,1,1,1,1,1,1,1,1,1,1,1,1,1,1,1
94.28691927437642,94.58877868480725,69,65,1,1,1,1,1,1,1,1,1,1,1,1,1,1,1,1,1,1,1,1,1,1,1,1,1,1
129.49987074829934,130.17324943310658,61,65,1,1,1,1,1,1,1,1,1,1,1,1,1,1,1,1,1,1,1,1,1,1,1,1,1,1,1,1,1,1,1,1,1,1,1,1,1,1,1,1,1,1,1,1,1,1,1,1,1,1,1,1,1,1,1,1,1,1
103.22012743764172,103.45361088435374,58,58,1,1,1,1,1,1,1,1,1,1,1,1,1,1,1,1,1,1,1,1,1
107.2758612244898,107.87958004535147,68,51,1,1,1,1,1,1,1,1,1,1,1,1,1,1,1,1,1,1,1,1,1,1,1,1,1,1,1,1,1,1,1,1,1,1,1,1,1,1,-8,1,1,1,1,1,1,1,1,1,1,1,1,1
78.96308798185942,79.26494739229025,31,66,1,1,1,1,1,1,1,1,1,1,1,1,1,1,1,1,1,1,1,1,1,1,1,1,1,1
100.23507936507936,100.62981859410431,68,57,1,1,1,1,1,1,1,1,1,1,1,1,1,1,1,1,1,1,1,1,1,1,1,1,1,1,1,1,1,1,0,0,0,0
135.48286077097507,135.73828027210885,56,50,1,1,1,1,1,1,1,1,1,1,1,1,1,1,1,1,1,1,1,1,1,1
154.16325941043084,154.302579138322,47,58,1,1,1,1,1,1,1,1,1,1,1,1
46.85256825396825,47.44467709750567,59,64,1,1,1,1,1,1,1,1,1,1,1,1,1,1,1,1,1,1,1,1,1,1,1,1,1,1,1,1,1,1,1,1,1,1,1,1,1,1,1,1,1,1,1,1,1,1,1,1,1,1,1
100.15380952380951,101.08260770975056,31,63,1,1,1,1,1,1,1,1,1,1,1,1,1,1,1,1,1,1,1,1,1,1,1,1,1,1,1,1,1,1,1,1,1,1,1,1,1,1,1,1,1,1,1,1,1,1,1,1,1,1,1,1,1,1,1,1,1,1,1,1,1,1,1,1,1,1,1,1,1,1,1,1,1,1,1,1,1,1,1,1
42.33371927437641,42.4962589569161,83,65,1,1,1,1,1,1,1,1,1,1,1,1,1,1
31.296537414965986,31.470687074829932,86,69,1,1,1,1,1,1,1,1,1,1,1,1,1,1,1
71.38824716553289,71.61012063492063,38,50,1,1,1,1,1,1,1,1,1,1,1,1,1,1,1,1,1,1,1,1
83.84313015873016,84.42362902494331,31,53,1,1,1,1,1,1,1,1,1,1,1,1,1,1,1,1,1,1,1,1,1,1,1,1,1,1,1,1,1,1,1,1,1,1,1,1,1,1,1,1,1,1,1,1,1,1,1,1,1,1
195.83520997732427,196.46214875283448,61,58,1,1,1,1,1,1,1,1,1,1,1,1,1,1,1,1,1,1,1,1,1,1,1,1,1,1,1,1,1,1,1,1,1,1,1,1,1,1,1,1,1,1,1,1,1,1,1,1,1,1,1,1,1,1
45.50452698412698,46.20240952380952,62,56,1,1,1,1,1,1,1,1,1,1,1,1,1,1,1,1,1,1,1,1,1,1,1,1,1,1,1,1,1,1,1,1,1,1,1,1,1,1,1,1,1,1,1,1,1,1,1,1,1,1,1,1,1,1,1,1,1,1,1,1,1
125.22483129251701,125.37576099773243,66,61,-5,-5,-5,1,1,1,1,1,1,1,1,1,1
93.21751746031745,93.38134104308389,38,50,1,1,1,1,0,0,0,0,0,2,1,1,1,1,1
175.16822131519274,175.50491065759638,71,64,1,1,1,1,1,1,1,1,1,1,1,1,1,1,1,1,1,1,1,1,1,1,1,1,1,1,1,1,1
52.19700952380953,52.69623854875284,31,59,1,1,1,1,1,1,1,1,1,1,1,1,1,1,1,1,1,1,1,1,1,1,1,1,1,0,0,0,0,0,0,0,0,0,0,0,0,0,0,0,0,0,0
184.42650884353742,185.1360013605442,52,52,1,1,1,1,1,1,1,1,1,1,1,1,1,1,1,1,1,1,1,1,1,1,1,1,1,1,1,1,1,1,1,1,1,1,1,1,1,1,1,1,1,1,1,1,1,1,1,1,1,1,1,1,1,1,1,1,1,1,1,1,1,1
200.2960090702948,200.81974195011338,66,55,1,1,1,1,1,1,1,1,1,1,1,1,1,1,1,1,1,1,1,1,1,1,1,1,1,1,1,1,1,1,1,1,1,1,1,1,1,1,1,1,1,1,1,1,1,1
141.39619092970523,142.1856693877551,47,64,1,1,1,1,1,1,1,1,1,1,1,1,1,1,1,1,1,1,1,1,1,1,1,1,1,1,1,1,1,1,1,1,1,1,1,1,1,1,1,1,1,1,1,1,1,1,1,1,1,1,1,1,1,1,1,1,1,1,1,1,1,1,1,1,1,1,1,1
143.12736145124717,143.32473106575964,64,66,1,1,1,1,1,1,1,1,1,1,1,1,1,1,1,1,1
40.95084807256236,41.159827664399096,60,68,1,1,1,1,1,1,1,1,1,1,1,1,1,1,1,1,1,1
39.2545074829932,39.90595011337869,43,54,1,1,1,1,1,1,1,1,1,1,1,1,1,1,1,1,1,1,1,1,1,1,1,1,1,1,1,1,1,1,1,1,1,1,1,1,1,1,1,1,1,1,1,1,1,1,1,1,1,1,1,1,1,1,1,1,1
17.75031655328798,17.91414013605442,71,61,1,1,1,1,1,1,1,1,1,1,1,1,1,1,1
178.92081179138322,179.1994512471655,60,61,1,1,1,1,1,1,1,1,1,1,1,1,1,1,1,1,1,1,1,1,1,1,1,1
69.82090022675737,70.12275963718821,77,60,1,1,1,1,1,1,1,1,1,1,1,1,1,1,1,1,1,1,1,1,1,1,1,1,1,1
29.3563873015873,29.693076643990928,76,60,1,1,1,1,1,1,1,1,1,1,1,1,1,1,1,1,1,1,1,1,1,1,1,1,1,1,1,2,2
47.35179727891156,48.00323990929705,62,52,1,1,1,1,1,1,1,1,1,1,1,1,1,1,1,1,1,1,1,1,1,1,1,1,1,1,1,1,1,1,1,1,2,2,1,1,1,1,1,1,1,1,1,1,1,1,1,1,1,1,1,1,1,1,1,1,1
82.49508888888889,82.82016825396825,76,54,1,1,1,1,1,1,1,1,1,1,1,1,1,1,1,1,1,1,1,1,1,1,1,1,1,1,1,1
143.208631292517,143.6846403628118,57,50,1,1,1,1,1,1,1,1,1,1,1,1,1,1,1,1,1,1,1,1,1,1,1,1,1,1,1,1,1,1,1,1,1,1,1,1,1,1,1,1,1
9.583366893424035,9.722686621315193,69,59,-2,1,1,1,1,1,1,1,1,1,1,1
115.76789024943311,116.0233097505669,56,63,1,1,1,1,1,1,1,1,1,1,1,1,1,1,1,1,1,1,1,1,1,1
157.30052108843537,157.57916054421767,52,55,1,1,1,1,1,1,1,1,1,1,1,1,1,1,1,1,1,1,1,1,1,1,1,1
13.929350113378684,14.219599546485261,74,61,1,1,1,1,1,1,1,1,1,1,1,1,1,1,1,1,1,1,1,1,1,1,1,1,1
78.39419909297052,78.84698820861678,65,56,1,1,1,1,1,1,1,1,1,1,1,1,1,1,1,1,1,1,1,1,1,1,1,1,1,1,1,1,1,1,1,1,1,1,1,1,1,1,1
187.58699047619046,187.98172970521543,56,55,1,1,1,1,1,1,1,1,1,1,1,1,1,1,1,1,1,1,1,1,1,1,1,1,1,1,1,1,1,1,1,1,1,1
18.575908843537412,18.924208163265305,38,60,1,1,1,1,1,1,1,1,1,1,1,1,1,1,1,1,1,1,1,1,1,1,1,1,1,1,1,1,1,1
91.95202993197279,92.09134965986394,45,55,2,1,1,1,1,1,1,1,1,1,1,1
62.09512970521542,63.09358775510204,31,56,1,1,1,1,1,1,1,1,1,1,1,1,1,1,1,1,1,1,1,1,1,1,1,1,1,1,1,1,1,1,1,1,1,1,1,1,1,1,1,1,1,1,1,1,1,1,1,1,1,1,1,1,1,1,1,1,1,1,1,1,1,1,1,1,1,1,1,1,1,1,1,1,1,1,1,1,1,1,1,1,1,1,1,1,1,1
86.584368707483,87.66538049886621,31,54,1,1,1,1,1,1,1,1,1,1,1,1,1,1,1,1,1,1,1,1,1,1,1,1,1,1,1,1,1,0,1,1,1,1,1,1,1,1,1,1,1,1,1,1,1,1,1,1,1,1,1,1,1,1,1,1,1,1,1,1,1,1,1,1,1,1,1,1,1,1,1,1,1,1,1,1,1,1,1,1,1,1,1,1,0,0,0,0,0,0,0,0,1,1
92.11456961451246,92.52091882086168,33,55,1,1,1,1,1,1,1,1,1,1,1,1,1,1,1,1,1,1,1,1,1,1,1,1,1,1,1,1,1,1,1,1,1,1,1
164.28196916099773,164.59543854875284,59,59,1,1,1,1,1,1,1,1,1,1,1,1,1,1,1,1,1,1,1,1,1,1,1,1,1,1,1
175.19144126984128,175.5281306122449,76,62,1,1,1,1,1,1,1,1,1,1,1,1,1,1,1,1,1,1,1,1,1,1,1,1,1,1,1,1,1
79.8351201814059,80.11375963718821,48,64,1,1,1,1,1,1,1,1,1,1,1,1,1,1,1,1,1,1,1,1,1,1,1,1
101.38575102040816,101.64117052154195,55,57,1,1,1,1,1,1,1,1,1,1,1,1,1,1,1,1,1,1,1,1,1,1
75.67618049886622,75.91999002267573,60,57,1,1,1,1,1,1,1,1,1,1,1,1,1,1,1,1,1,1,1,1,1
31.482297052154195,31.77254648526077,53,59,1,1,1,1,1,1,1,1,1,1,1,1,1,1,1,1,1,1,1,1,1,1,1,1,1
25.568966893424037,25.73150657596372,62,48,1,1,1,1,1,1,1,1,1,1,1,1,1,1
15.322547392290248,15.612796825396826,55,46,1,1,1,1,1,1,1,1,1,1,1,1,1,1,1,1,1,1,1,1,1,1,1,1,1
16.658978684807256,17.40201723356009,74,46,1,1,1,1,1,1,1,1,1,1,1,1,1,1,1,1,1,1,1,1,1,1,1,1,1,1,1,1,1,1,1,1,1,1,1,1,1,1,1,1,1,1,1,1,1,1,1,1,1,0,0,1,1,1,1,1,1,1,1,1,1,1,1,1
81.96102993197279,82.10034965986394,71,59,1,1,1,1,1,1,1,1,1,1,1,1
30.55349886621315,30.692818594104306,72,58,1,1,1,1,1,1,1,1,1,1,1,1
115.82594013605443,116.00008979591837,40,59,1,1,1,1,1,1,1,1,1,1,1,1,1,1,1
143.0460916099773,143.62659047619047,47,54,1,1,1,1,1,1,1,1,1,1,1,1,1,1,1,1,1,1,1,1,1,1,1,1,1,1,1,1,1,1,1,1,1,1,1,1,1,1,1,1,1,1,1,1,1,1,1,1,1,1
124.81719818594104,125.15517142857144,54,44,1,1,1,1,1,1,1,1,1,1,1,1,1,1,1,1,1,1,1,1,1,1,1,1,1,1,1,1,1,1
170.28817913832202,170.64808843537418,40,50,1,1,1,1,1,1,1,1,1,1,1,1,1,1,1,1,1,1,1,1,1,1,1,1,1,1,1,1,1,1,1
48.47924897959184,48.69983854875284,50,60,1,1,1,1,1,1,1,1,1,1,1,1,1,1,1,1,1,1,1
89.72163038548752,89.86095011337868,61,60,-2,-2,-2,1,1,1,1,1,1,1,1,1
14.533068934240363,14.683998639455782,59,57,0,0,1,1,1,1,1,1,1,1,1,1,1
201.36541088435374,201.58600045351474,71,61,1,1,1,1,1,1,1,1,1,1,1,1,1,1,1,1,1,1,1
79.12562766439909,79.3113873015873,65,58,1,1,1,1,1,1,1,1,1,1,1,1,1,1,1,1
33.004487981859405,33.3527873015873,36,53,1,1,1,1,1,1,1,1,1,1,1,1,1,1,1,1,1,1,1,1,1,1,1,1,1,1,1,1,1,1
113.47944081632653,113.81613015873016,67,51,1,1,1,1,1,1,1,1,1,1,1,1,1,1,1,1,1,1,1,1,1,1,1,1,1,1,1,1,1
59.15523764172336,59.35260725623583,67,54,1,1,1,1,1,1,1,1,1,1,1,1,1,1,1,1,1
147.46045079365078,147.65782040816325,71,61,1,1,1,1,1,1,1,1,1,1,1,1,1,1,1,1,1
29.961390022675737,30.43739909297052,74,57,1,1,1,1,1,1,1,1,1,1,1,1,1,1,1,1,1,1,1,1,1,1,1,1,1,1,1,1,1,1,1,1,1,1,1,1,1,1,1,1,1
42.949048072562356,43.22768752834467,59,55,1,1,1,1,1,1,1,1,1,1,1,1,1,1,1,1,1,1,1,1,1,1,1,1
7.132377777777778,7.283307482993197,46,59,1,1,1,1,1,1,1,1,1,1,1,1,1
79.93960997732427,80.17180952380953,64,50,1,1,1,1,1,1,1,1,1,1,1,1,2,2,2,2,2,2,1,1
185.63523038548755,185.89064988662133,52,58,1,1,1,1,1,1,1,1,1,1,1,1,1,1,1,1,1,1,1,1,1,1
150.23651927437643,150.39905895691612,76,57,1,1,1,1,1,1,1,1,1,1,1,1,1,1
44.99368798185941,45.13300770975057,63,61,1,1,1,1,1,1,1,1,1,1,1,1
86.02708979591837,86.30572925170068,76,58,1,1,1,1,1,1,1,1,1,1,1,1,1,1,1,1,1,1,1,1,1,1,1,1
86.82817823129251,87.09520770975057,55,50,1,1,1,1,1,1,1,1,1,1,1,1,1,1,1,1,1,1,1,1,1,1,1
61.350807256235825,61.55978684807256,64,53,1,1,1,1,1,1,1,1,1,1,1,1,2,2,2,2,1,0
201.67888027210884,201.98073968253968,59,50,1,1,1,1,1,1,1,1,1,1,1,1,1,1,1,1,1,1,1,1,1,1,1,1,1,1
40.277469387755104,40.440009070294785,57,57,1,1,1,1,1,1,1,1,1,1,1,1,1,1
48.23543945578231,48.467639002267575,57,52,1,1,1,1,1,1,1,1,1,1,1,1,1,1,1,1,1,1,1,1
30.913408163265306,31.296537414965986,62,55,1,1,1,1,1,1,1,1,1,1,1,1,1,1,1,1,1,1,1,1,1,1,1,1,1,1,1,1,1,1,1,1,1
15.427037188208617,15.624406802721088,47,56,1,1,1,1,1,1,1,1,1,1,1,1,1,1,1,1,1
168.18548934240363,168.44090884353741,40,51,1,1,1,1,1,1,1,1,1,1,1,1,1,1,1,1,1,1,1,1,1,1
129.99909977324265,130.20807936507939,40,58,-1,-1,1,1,1,1,1,1,1,1,1,1,1,1,1,1,1,1
164.7928081632653,165.08434149659865,57,54,1,1,1,1,1,1,1,1,1,1,1,1,1,1,1,1,1,1,1,1,1,1,1,1,1,1
125.75889024943311,126.0143097505669,52,54,1,1,1,1,1,1,1,1,1,1,1,1,1,1,1,1,1,1,1,1,1,1
109.1915074829932,109.32050113378685,65,57,1,1,1,1,1,1,1,1,1,1,1,1
4.240209523809524,4.472409070294784,45,57,1,1,1,1,1,1,1,1,1,1,1,1,1,1,1,1,1,1,1,1
89.41977097505668,90.08153968253967,33,56,1,1,1,1,1,1,1,1,1,1,1,1,1,1,1,1,1,1,1,1,1,1,1,1,1,1,1,1,1,1,1,1,1,1,1,1,1,1,1,1,1,1,1,1,1,1,1,1,1,1,1,1,1,1,1,1,1
13.661036734693878,14.068669841269841,62,56,1,1,1,1,1,1,1,1,1,1,1,1,1,1,1,1,1,1,1,1,1,1,1,1,1,1,1,1,1,1,1,1,1,1,1,1
201.36541088435374,201.93429977324263,83,54,1,1,1,1,1,1,1,1,1,1,1,1,1,1,1,1,1,1,1,1,1,1,1,1,1,1,1,1,1,1,1,1,1,1,1,1,1,1,1,1,1,1,1,1,1,1,1,1,1
184.8921918367347,185.22888117913834,71,49,1,1,1,1,1,1,1,1,1,1,1,1,1,1,1,1,1,1,1,1,1,1,1,1,1,1,1,1,1
15.10195782312925,15.810166439909297,40,53,1,1,1,1,1,1,1,1,1,1,1,1,1,1,1,1,1,1,1,1,1,1,1,1,1,1,1,1,1,1,1,1,1,1,1,1,1,1,1,1,1,1,1,1,1,1,1,1,1,1,1,1,1,0,0,0,0,1,1,1,1
111.50446077097506,111.98046984126984,48,56,1,1,1,1,1,1,1,1,1,1,1,1,1,1,1,1,1,1,1,1,1,1,1,1,1,1,1,1,1,1,1,1,1,1,1,1,1,1,1,1,1
29.785956462585034,29.914950113378683,62,59,1,1,1,1,1,1,1,1,1,1,1,1
183.59059047619047,183.82279002267572,40,55,1,1,1,1,1,1,1,1,1,1,1,1,1,1,1,1,1,1,1,1
175.3423709750567,175.82999002267576,59,49,-5,1,1,1,1,1,1,1,1,1,1,1,1,1,1,1,1,1,1,1,1,1,1,1,1,1,1,1,1,1,1,1,1,1,1,1,1,1,1,1,1,1
166.22211927437644,166.37304897959186,57,56,1,1,1,1,1,1,1,1,1,1,1,1,1
14.556288888888888,14.75365850340136,31,55,1,1,1,1,1,1,1,1,1,1,1,1,1,1,1,1,1
49.80407029478458,50.175589569161,55,60,1,1,1,1,1,1,1,1,1,1,1,1,1,1,1,1,1,1,1,1,1,1,1,1,1,1,1,1,1,1,1,1
8.933208163265306,9.130577777777777,30,56,1,1,1,1,1,1,1,1,1,1,1,1,1,1,1,1,1
15.833386394557824,16.090089795918367,71,50,1,1,1,1,1,1,1,1,1,1,1,1,1,1,1,1,1,1,1,1,1,1,1
14.614338775510204,14.823318367346939,50,55,1,1,1,1,1,1,1,1,1,1,1,1,1,1,1,1,1,1
38.17477959183673,38.65078866213152,62,52,2,1,1,1,1,1,1,1,1,1,1,1,1,1,1,1,1,1,1,1,1,1,1,1,1,1,1,1,1,1,1,1,1,1,1,1,1,1,1,1,1
154.523168707483,155.11656145124718,40,54,0,0,0,0,1,1,1,1,1,1,1,1,1,1,1,1,1,1,1,1,1,1,1,1,1,1,1,1,1,1,1,1,1,1,1,1,1,1,1,1,1,1,1,1,1,1,1,1,1,1,1,1
190.4211088435374,190.59525850340134,68,56,1,1,1,1,1,1,1,1,1,1,1,1,1,1,1
201.38863083900227,201.55117052154196,75,55,1,1,1,1,1,1,1,1,1,1,1,1,1,1
55.27493741496599,55.6361306122449,67,44,1,1,1,1,1,1,1,1,1,1,1,1,1,1,1,1,1,1,1,1,1,1,1,1,1,1,1,1,1,1,1,1
75.24532743764172,75.38464716553288,67,54,1,1,1,1,1,1,1,1,1,1,1,1
60.83996825396825,60.97928798185941,52,55,1,1,1,1,1,1,1,1,1,1,1,1
147.47206077097505,147.75070022675737,59,55,1,1,1,1,1,1,1,1,1,1,1,1,1,1,1,1,1,1,1,1,1,1,1,1
193.66286031746031,193.86022993197278,42,49,1,1,1,1,1,1,1,1,1,1,1,1,1,1,1,1,1
98.95669795918369,99.27016734693878,50,54,1,1,1,1,1,1,1,1,1,1,1,1,1,1,1,1,1,1,1,1,1,1,1,1,1,1,1
97.47062086167801,97.60994058956916,61,55,1,1,1,1,1,1,1,1,1,1,1,1
87.9208,88.06011972789116,48,50,1,1,1,1,1,1,1,1,1,1,1,1
71.8074902494331,72.03968979591836,50,52,1,1,1,1,1,1,1,1,1,1,1,1,1,1,1,1,1,1,1,1
197.31096099773242,197.45028072562357,69,54,1,1,1,1,1,1,1,1,1,1,1,1
83.43549705215419,83.63415056689342,36,55,2,2,2,2,1,1,1,1,1,1,1,1,1,1,1,1,1,1
111.75988027210884,112.14300952380952,79,48,1,1,1,1,1,1,1,1,1,1,1,1,1,1,1,1,1,1,1,1,1,1,1,1,1,1,1,1,1,1,1,1,1
113.0950276643991,113.29368117913832,79,54,1,1,1,1,1,1,1,1,1,1,1,1,1,1,1,1,1,1
138.97874784580497,139.36316099773245,61,52,1,1,1,1,1,1,1,1,1,1,1,1,1,1,1,1,1,1,1,1,1,1,1,1,1,1,1,1,1,1,1,1,1,1
143.12736145124717,143.26668117913832,54,55,1,1,1,1,1,1,1,1,1,1,1,1
143.0460916099773,143.33634104308388,80,53,-5,-5,-5,1,1,1,1,1,1,1,1,1,1,1,1,1,1,1,1,1,1,1,1,1,1
191.45568072562358,192.2335492063492,44,49,1,1,1,1,1,1,1,1,1,1,1,1,1,1,1,1,1,1,1,1,1,1,1,1,1,1,1,1,1,1,1,1,1,1,1,1,1,1,1,1,1,1,1,1,1,1,1,1,1,1,1,1,1,1,1,1,1,1,1,1,1,1,1,1,1,1,1
69.86734013605442,70.09953968253969,62,57,1,1,1,1,1,1,1,1,1,1,1,1,1,1,1,1,1,1,1,1
165.1540013605442,165.4790807256236,61,47,1,1,1,1,1,1,1,1,1,1,1,1,1,1,1,1,1,1,1,1,1,1,1,1,1,1,1,1
177.42184081632652,177.56116054421767,71,55,1,1,1,1,1,1,1,1,1,1,1,1
82.41381904761904,82.85499818594104,48,51,0,0,1,1,1,1,1,1,1,0,0,0,1,1,1,1,1,1,1,1,1,1,1,1,1,1,1,1,1,1,1,1,1,1,1,1,1,1
140.39644897959184,140.53576870748302,83,54,1,1,1,1,1,1,1,1,1,1,1,1
84.72548843537415,84.95768798185941,76,50,1,1,1,1,1,1,1,1,1,1,1,1,1,1,1,1,1,1,1,1
44.656998639455786,45.06334784580499,69,50,1,1,1,1,1,1,1,1,1,1,1,1,1,1,1,1,1,1,1,1,1,1,1,1,1,1,1,1,1,1,1,1,1,1,1
90.18602947845804,90.42983900226757,67,54,1,1,1,1,1,1,1,1,1,1,1,1,1,1,1,1,1,1,1,1,1
23.12958775510204,23.396617233560093,57,47,1,1,1,1,1,1,1,1,1,1,1,1,1,1,1,1,1,1,1,1,1,1,1
25.522526984126984,25.754726530612245,45,54,1,1,1,1,1,1,1,1,1,1,1,1,1,1,1,1,1,1,1,1
38.77849841269841,39.2545074829932,74,51,1,1,1,1,1,1,1,1,1,1,1,1,1,1,1,1,1,1,1,1,1,1,1,1,1,1,1,1,1,1,1,1,1,1,1,1,1,1,1,1,1
155.59257052154194,156.2078993197279,59,48,1,1,1,1,1,1,1,1,1,1,1,1,1,1,1,1,1,1,1,1,1,1,1,1,1,1,1,1,1,1,1,1,1,1,1,1,1,1,1,1,1,1,1,1,1,1,1,1,1,1,1,1,1
197.68248027210885,197.97272970521541,69,51,1,1,1,1,1,1,1,1,1,1,1,1,1,1,1,1,1,1,1,1,1,1,1,1,1
176.98066167800454,177.32896099773242,59,45,1,1,1,1,1,1,1,1,1,1,1,1,1,1,1,1,1,1,1,1,1,1,1,1,1,1,1,1,1,1
77.56989070294784,77.8369201814059,95,47,1,1,1,1,1,1,1,1,1,1,1,1,1,1,1,1,1,1,1,1,1,1,1
94.01988979591836,94.15920952380952,77,50,-2,1,1,1,1,1,1,1,1,1,1,1
59.399047165532885,59.76024036281179,31,52,1,1,1,1,1,1,1,1,1,1,1,1,1,1,1,1,0,0,0,0,1,1,1,1,1,1,1,1,1,1,1,1
146.79739818594106,146.95993786848072,42,56,1,1,1,1,1,1,1,1,1,1,1,1,1,1
92.95048798185941,93.12463764172335,69,44,1,1,1,1,1,1,1,1,1,1,1,1,1,1,1
20.725038548752835,20.88757823129252,74,53,1,1,1,1,1,1,1,1,1,1,1,1,1,1
18.192779591836732,18.575908843537412,60,47,1,1,0,1,1,1,1,1,1,1,1,1,1,1,1,1,1,1,1,1,1,1,1,1,1,1,1,1,1,1,1,1,1
166.08279954648526,166.47753877551023,73,47,1,1,1,1,1,1,1,1,1,1,1,1,1,1,1,1,1,1,1,1,1,1,1,1,1,1,1,1,1,1,1,1,1,1
44.50606893424037,44.64538866213152,48,53,1,1,1,1,1,1,1,1,1,1,1,1
178.36224897959184,178.61766848072563,68,51,1,1,1,1,1,1,1,1,1,1,1,1,1,1,1,1,1,1,1,1,1,1
103.17368752834467,103.34912108843537,61,51,1,1,1,1,1,1,1,1,1,1,1,1,1,1,1,1
106.74051836734694,106.99593786848072,65,55,1,1,1,1,1,1,1,1,1,1,1,1,1,1,1,1,1,1,1,1,1,1
172.58823854875283,172.84494195011337,84,48,1,1,1,1,1,1,1,1,1,1,1,1,1,1,1,1,1,1,1,1,1,1,1
21.073337868480728,21.2707074829932,35,52,1,1,1,1,1,1,1,1,1,1,1,1,1,1,1,1,1
134.7501482993197,135.02878775510203,44,50,1,1,1,1,1,1,1,1,1,1,1,1,1,1,1,1,1,1,1,1,1,1,1,1
132.24110929705216,132.51974875283446,49,52,1,1,1,1,1,1,1,1,1,1,1,1,1,1,1,1,1,1,1,1,1,1,1,1
53.00970793650794,53.14902766439909,64,53,1,1,1,1,1,1,1,1,1,1,1,1
128.30275918367346,128.48851882086169,47,52,1,1,1,1,1,1,1,1,1,1,1,1,1,1,1,1
58.66761859410431,58.81854829931973,76,44,1,1,1,1,1,1,1,1,1,1,1,1,1
143.46405079365078,143.6846403628118,54,51,1,1,1,1,1,1,1,1,1,1,1,1,1,1,1,1,1,1,1
139.5953605442177,139.76951020408166,57,43,1,1,1,1,1,1,1,1,1,1,1,1,1,1,1
164.04976961451246,164.34001904761905,61,50,1,1,1,1,1,1,1,1,1,1,1,1,1,1,1,1,1,0,0,0,0,0,0,1,1
20.829528344671203,21.142997732426306,71,44,1,1,1,1,1,1,1,1,1,1,1,1,1,1,1,1,1,1,1,1,1,1,1,1,1,1,1
97.99306984126984,98.21365941043085,57,53,1,1,1,1,1,1,1,1,1,1,1,1,1,1,1,1,1,1,1
123.9812798185941,124.13220952380952,47,52,0,0,0,1,1,1,1,1,1,1,1,1,1
145.4970807256236,145.69445034013606,59,53,1,1,1,1,1,1,1,1,1,1,1,1,1,1,1,1,1
173.83179002267573,174.23813922902494,54,44,1,1,1,1,1,1,1,0,0,0,0,0,1,1,1,1,1,1,1,1,1,1,1,1,1,1,1,1,1,1,1,1,1,1,1
96.81917823129253,97.14425759637189,95,47,1,1,1,1,1,1,1,1,1,1,1,1,1,1,1,1,1,1,1,1,1,1,1,1,1,1,1,1
177.22447120181405,177.54955056689343,40,50,1,1,1,1,1,1,1,1,1,1,1,1,1,1,1,1,1,1,1,1,1,1,1,1,1,1,1,0
177.6540403628118,177.9675097505669,56,52,1,1,1,1,1,1,1,1,1,1,1,1,1,1,1,1,1,1,1,1,1,1,1,1,1,1,1
69.09979773242631,69.61192063492064,50,46,1,1,1,1,1,1,1,1,1,1,1,1,1,1,1,1,0,0,0,0,0,1,1,0,1,1,1,1,1,1,1,1,0,0,0,1,1,1,1,1,1,1,1,1,1
119.7991201814059,120.18224943310658,40,48,1,1,1,1,1,1,1,1,1,1,1,1,1,1,1,1,1,1,1,1,1,1,1,1,1,1,1,1,1,1,1,1,1
83.33100725623582,83.62254058956916,89,47,1,1,1,1,1,1,1,1,1,1,1,1,1,1,1,1,1,1,1,1,1,1,1,1,1,1
166.21050929705217,166.74456825396825,54,41,1,1,1,1,1,1,1,1,1,1,1,1,1,1,1,1,1,1,1,1,1,1,1,1,1,1,1,1,1,1,1,1,1,1,1,1,1,1,1,1,1,1,1,1,1,1
75.83872018140589,76.12896961451247,33,52,1,1,1,1,1,1,1,1,1,1,1,1,1,1,1,1,1,1,1,1,1,1,1,1,1
87.25774739229026,87.43318095238095,67,42,1,1,1,1,1,1,1,1,1,1,1,1,1,1,1,1
113.46783083900227,113.65359047619047,72,52,1,1,1,1,1,1,1,1,1,1,1,1,1,1,1,1
112.27071927437642,112.80477823129252,60,42,1,1,1,1,1,1,1,1,1,1,1,1,1,1,1,1,1,1,1,1,1,1,1,1,1,1,1,1,1,1,1,1,1,1,1,1,1,1,1,1,1,1,1,1,1,1
152.96743174603174,153.12997142857142,42,52,1,1,1,1,1,1,1,1,1,1,1,1,1,1
27.218867573696144,27.625216780045353,38,49,1,1,1,1,1,1,1,1,1,1,1,1,1,1,1,1,1,1,1,1,1,1,1,1,1,1,1,1,1,1,1,1,1,1,1
100.18863945578231,100.46727891156462,43,49,1,1,1,1,1,1,1,1,1,1,1,1,1,1,1,1,1,1,1,1,1,1,1,1
27.07954784580499,27.230477551020407,59,50,1,1,1,1,1,1,1,1,1,1,1,1,1
100.69947845804988,100.9781179138322,43,50,1,1,1,1,1,1,1,1,1,1,1,1,1,1,1,1,1,1,1,1,1,1,1,1
111.72505034013605,112.00368979591836,60,49,1,1,1,1,1,1,1,1,1,1,1,1,1,1,1,1,1,1,1,1,1,1,1,1
135.41320090702948,135.6918403628118,44,50,1,1,1,1,1,1,1,1,1,1,1,1,1,1,1,1,1,1,1,1,1,1,1,1
44.378359183673474,44.703438548752835,81,51,1,1,1,1,1,1,1,1,1,1,1,1,1,1,1,1,1,1,1,1,1,1,1,1,1,1,1,1
174.04076961451247,174.20330929705216,81,52,1,1,1,1,1,1,1,1,1,1,1,1,1,1
59.99243990929705,60.317519274376416,76,48,1,1,1,1,1,1,1,1,1,1,1,1,1,1,1,1,1,1,1,1,1,1,1,1,1,1,1,1
133.94905986394556,134.12320952380952,73,50,-5,1,1,1,1,1,1,1,1,1,1,1,1,1,1
96.18062947845806,96.50570884353742,40,40,1,1,1,1,1,1,1,1,1,1,1,1,1,1,1,1,1,1,1,1,1,1,1,1,1,1,1,1
27.218867573696144,27.47428707482993,74,51,1,1,1,1,1,1,1,1,1,1,1,1,1,1,1,1,1,1,1,1,1,1
17.43684716553288,17.657436734693878,48,52,1,1,1,1,1,1,1,1,1,1,0,0,0,0,1,1,1,1,1
55.624520634920636,55.79867029478458,76,49,1,1,1,1,1,2,2,2,2,2,2,2,2,2,2
200.7849120181406,201.36541088435374,59,43,1,1,1,1,1,1,1,1,1,1,1,1,1,1,1,1,1,1,1,1,1,1,1,1,1,1,1,1,1,1,1,1,1,1,1,1,1,1,1,1,1,1,1,1,1,1,1,1,1,1
157.74170022675736,157.89262993197278,56,51,1,1,1,1,1,1,1,1,1,1,1,1,1
98.48068888888889,98.73610839002268,57,44,1,1,1,1,1,1,1,1,1,1,1,1,1,1,1,1,1,1,1,1,1,1
116.20906938775511,116.3716090702948,76,49,1,1,1,1,1,1,1,1,1,1,1,1,1,1
106.7521283446712,106.99593786848072,72,47,1,1,1,1,1,1,1,1,1,1,1,1,1,1,1,1,1,1,1,1,1
21.5841768707483,21.723496598639457,74,50,1,1,1,1,1,1,1,1,1,1,1,1
26.754468480725624,26.89378820861678,67,50,1,1,1,1,1,1,1,1,1,1,1,1
119.1825074829932,119.31150113378685,40,49,1,1,1,1,1,1,1,1,1,1,1,1
38.55790884353741,38.75527845804989,38,49,0,0,1,1,1,1,1,1,1,1,1,1,1,1,1,1,1
45.01690793650794,45.3419873015873,55,48,1,1,1,1,1,1,1,1,1,1,1,1,1,1,1,1,1,1,1,1,1,1,1,1,1,1,1,1
92.75311836734693,92.91565804988662,65,44,1,1,1,1,1,1,1,1,1,1,1,1,1,1
92.57896870748299,93.00853786848072,62,43,1,1,1,1,1,1,1,1,1,1,1,1,1,1,1,1,1,1,1,1,1,1,1,1,1,1,1,1,1,1,1,1,1,1,1,1,1
111.18970748299319,111.33031111111111,64,51,1,1,1,1,1,1,1,1,1,1,1,1,1
169.54514058956917,169.68446031746032,40,49,1,1,1,1,1,1,1,1,1,1,1,1
14.33569931972789,14.765268480725624,71,47,1,1,1,1,1,1,1,1,1,1,1,1,1,1,1,1,1,1,1,1,1,1,1,1,1,1,1,1,1,1,1,1,1,1,1,1,1
113.46783083900227,113.6187605442177,79,51,1,1,1,1,1,1,1,1,1,1,1,1,1
34.46862902494331,34.654388662131524,57,49,1,1,1,1,1,1,1,1,1,1,1,1,1,1,1,1
46.388169160997734,46.64358866213152,55,48,1,1,1,1,1,1,1,1,1,1,1,1,1,1,1,1,1,1,1,1,1,1
42.19439954648526,42.716848526077094,38,48,1,1,1,1,1,1,1,1,1,1,1,1,1,1,1,1,1,1,1,1,1,1,1,1,1,1,1,1,1,1,1,1,1,1,1,1,1,1,1,1,1,1,1,1,1
184.08981950113377,184.57743854875284,40,48,1,1,1,1,1,1,1,1,1,1,1,1,1,1,1,1,1,1,1,1,1,1,1,1,1,1,1,1,1,1,1,1,1,1,1,1,1,1,1,1,1,1
160.4597188208617,160.62225850340138,68,50,1,1,1,1,1,1,1,1,1,1,1,1,1,1
166.47753877551023,166.75617823129252,59,41,1,1,1,1,1,1,1,1,1,1,1,1,1,-4,-5,-5,-5,-5,-5,-5,-5,-5,-5,-5
56.66941859410431,56.93644807256236,31,44,0,0,0,0,0,1,1,1,1,1,1,1,1,1,1,1,1,1,1,1,1,1,1
107.21652743764173,107.38035102040817,56,49,1,1,1,1,1,1,1,1,1,1,1,1,1,1,1
51.510736961451244,51.65134058956916,35,48,2,1,1,1,1,1,1,1,1,1,1,1,2
28.764278458049887,29.414437188208616,55,40,1,1,1,1,1,1,1,1,1,1,1,1,1,1,1,1,1,1,1,1,1,1,1,1,1,1,1,1,1,1,1,1,1,1,1,1,1,1,1,1,1,1,1,1,1,1,1,1,1,1,1,1,1,1,1,1
23.54754693877551,23.826186394557823,40,43,1,1,1,1,1,1,1,1,1,1,1,1,1,1,1,1,1,1,1,1,1,1,1,1
83.11041768707483,83.2729573696145,43,50,2,1,1,1,1,1,1,1,1,1,1,1,1,1
38.73205850340136,38.98747800453515,67,46,1,1,1,1,1,1,1,1,1,1,1,1,1,1,1,1,1,1,1,1,1,1
98.30653922902495,98.45746893424037,73,49,1,1,1,1,1,1,1,1,1,1,1,1,1
165.49069070294786,165.630010430839,69,47,1,1,1,1,1,1,1,1,1,1,1,1
19.02869795918367,19.237677551020408,62,48,1,1,1,1,1,1,1,1,1,1,1,1,1,1,1,1,1,1
199.20467120181405,199.36721088435374,75,46,1,1,1,1,1,1,1,1,1,1,1,1,1,1
31.250097505668933,31.760936507936506,38,42,1,1,1,1,1,1,1,1,1,1,1,1,1,1,1,1,1,1,1,1,1,1,1,1,1,1,1,1,1,1,1,1,1,1,0,0,0,0,0,1,1,1,1,1
48.31670929705216,48.4908589569161,38,47,1,1,1,1,1,1,1,1,1,1,1,1,1,1,1
116.91727800453515,117.10303764172336,64,42,1,1,1,1,1,1,1,1,1,1,1,1,1,1,1,1
66.18440952380952,66.37016916099773,43,45,1,1,1,1,1,1,1,1,1,1,1,1,1,1,1,1
147.93645986394557,148.20348934240363,40,41,1,1,1,1,1,1,1,1,1,1,1,1,1,1,1,1,1,1,1,1,1,1,1
59.92278004535147,60.096929705215416,31,48,1,1,1,1,1,1,1,1,1,1,1,1,1,1,1
96.4824888888889,97.13264761904762,98,42,1,1,1,1,1,1,1,1,1,1,1,1,1,1,1,1,1,1,1,1,1,1,1,1,1,1,1,1,1,1,1,1,1,1,1,1,1,1,1,1,1,1,1,1,1,1,1,1,1,1,1,1,1,1,1,1
196.53180861678007,196.7536820861678,45,47,1,1,1,1,1,1,1,1,1,1,1,1,1,1,1,1,1,1,1,1
80.34595918367347,80.74069841269842,36,44,1,1,1,1,1,1,1,1,1,1,1,1,1,1,1,1,1,1,1,1,1,1,1,1,1,1,1,1,1,1,1,1,1,1
103.23173741496598,103.43039092970521,33,46,1,1,1,1,1,1,1,1,1,1,1,1,1,1,1,1,1,1
195.24310113378687,195.46369070294784,54,36,1,1,1,1,1,1,1,1,1,1,1,1,1,1,0,0,1,1,1
3.809356462585034,4.124109750566893,38,42,1,1,1,1,1,1,1,1,1,1,1,1,1,1,1,1,1,1,-2,-1,-1,1,1,1,1,0,0,0
118.7413283446712,118.99674784580499,40,45,1,1,1,1,1,1,1,1,1,1,1,1,1,1,1,1,1,1,1,1,1,1
121.5767306122449,121.72766031746032,56,43,1,1,1,1,1,1,1,1,1,1,1,1,1
13.742306575963719,13.929350113378684,31,46,1,1,1,1,1,1,1,1,1,1,1,1,1,1,1,1,1
51.6500566893424,51.80227029478458,43,46,1,1,1,1,1,1,1,1,1,1,1,1,1,1
132.2294993197279,132.4733088435374,40,42,1,1,1,1,1,1,1,1,1,1,1,1,1,1,1,1,1,1,1,1,1
84.87641814058956,85.10861768707483,43,47,1,1,1,1,1,1,1,1,1,1,1,1,1,1,1,1,1,1,1,1
20.527668934240364,20.81791836734694,57,45,1,1,1,1,1,1,1,1,1,1,1,1,1,1,1,1,1,1,1,1,1,1,1,1,1
56.437219047619045,56.62297868480726,67,46,1,2,2,2,2,2,2,2,2,2,1,1,1,1,1,1
155.55774058956916,155.72028027210885,64,47,1,1,1,1,1,1,1,1,1,1,1,1,1,1
100.90845804988662,101.2567573696145,60,42,1,1,1,1,1,1,1,1,1,1,1,1,1,1,1,1,1,1,1,1,1,-2,-2,-2,-2,-2,-2,1,1,1
30.147149659863945,30.2864693877551,69,48,1,1,1,1,1,1,1,1,1,1,1,1
85.43498095238095,85.65557052154195,91,47,1,1,1,1,1,1,1,1,1,1,1,1,1,1,1,1,1,1,1
180.31400907029476,180.45332879818594,64,47,1,1,1,1,1,1,1,1,1,1,1,1
144.62504852607708,144.76436825396826,69,46,1,1,1,1,1,1,1,1,1,1,1,1
72.56213877551019,72.7827283446712,81,37,1,1,1,1,1,1,1,1,1,1,1,1,1,1,1,1,1,1,1
181.53434058956915,181.67366031746033,54,48,1,1,1,1,1,1,1,1,1,1,1,1
85.59752063492064,85.85294013605443,76,40,1,1,1,1,1,1,1,1,1,1,1,1,1,1,1,1,1,1,1,1,1,1
9.014478004535148,9.25828752834467,34,43,1,1,1,1,1,1,1,1,1,1,1,1,1,1,1,1,1,1,1,1,1
192.98948163265305,193.17524126984125,39,43,1,1,1,1,1,1,1,1,1,1,1,1,1,1,1,1
182.5327986394558,182.78950204081633,64,43,1,1,1,1,1,1,1,1,1,1,1,1,1,1,1,1,1,1,1,1,1,1,1
107.53128072562359,107.7170403628118,74,37,1,1,1,1,1,1,1,1,1,1,1,1,1,1,1,1
28.20699954648526,28.35792925170068,67,43,1,1,1,1,1,1,1,1,1,1,1,1,1
82.99431791383219,83.20329750566893,84,43,1,1,1,1,1,1,1,1,1,1,1,1,1,1,1,1,1,1
142.47591882086166,142.61523854875284,64,46,1,1,1,1,1,1,1,1,1,1,1,1
65.25432743764172,65.39364716553288,52,45,1,1,1,1,1,1,1,1,1,1,1,1
194.4175088435374,194.55682857142855,42,42,1,1,1,1,1,1,1,1,1,1,1,1
134.6572684807256,134.84302811791383,80,45,1,1,1,1,1,1,1,1,1,1,1,1,1,1,1,1
30.112319727891155,30.460619047619048,47,40,1,1,1,1,1,1,1,1,1,1,1,1,1,1,1,1,1,1,1,1,1,1,1,1,1,1,1,1,1,1
82.44864897959184,82.58796870748299,36,45,1,1,1,1,1,1,1,1,1,1,1,1
19.179627664399092,19.318947392290248,60,44,1,1,1,1,1,1,1,1,1,1,1,1
200.37727891156462,200.56303854875281,59,41,1,1,1,1,1,1,1,1,1,1,1,1,1,1,1,1
24.106109750566894,24.338309297052156,40,44,1,1,1,1,1,1,1,1,1,1,1,1,1,1,1,1,1,1,1,1
60.21302947845805,60.41039909297052,43,44,1,1,1,1,1,1,1,1,1,1,1,1,1,1,1,1,1
125.29449115646258,125.45703083900227,76,37,1,1,1,1,1,1,1,1,1,1,1,1,1,1
145.07912154195012,145.27649115646258,73,38,1,1,1,1,1,1,1,1,1,1,1,1,1,1,1,1,1
123.22663129251701,123.40078095238096,45,43,2,1,1,1,1,1,2,2,1,1,1,1,1,1,1
154.38384897959182,154.59282857142856,59,40,1,1,1,1,1,1,1,1,1,1,1,1,1,1,1,1,1,1
27.3581873015873,27.520726984126984,57,43,1,1,1,1,1,1,1,1,1,1,1,1,1,1
180.22112925170066,180.37205895691608,52,39,1,1,1,1,1,1,1,1,1,1,1,1,1
66.30050929705216,66.48626893424036,67,39,1,1,1,1,1,1,1,1,1,1,1,1,1,1,1,1
14.080279818594104,14.25442947845805,50,39,1,1,1,1,1,1,1,1,1,1,1,1,1,1,1
38.26765941043084,38.45341904761905,43,41,1,1,1,1,1,1,1,1,1,1,1,1,1,1,1,1
165.6067904761905,165.75772018140592,54,32,1,1,1,1,1,1,1,1,1,0,0,0,1
124.85202811791383,124.991347845805,59,42,1,1,1,1,1,1,1,1,1,1,1,1
26.417779138321997,26.568708843537415,50,41,1,1,1,1,1,1,1,1,1,1,1,1,1
40.347129251700686,40.52127891156463,36,39,1,1,1,1,1,1,1,1,1,1,1,1,1,1,1
44.494458956916105,44.64538866213152,74,38,1,1,1,1,1,1,1,1,1,1,1,1,1
176.89939183673468,177.06193151927437,68,37,1,1,1,1,0,1,1,1,1,1,1,1,1,1
39.847900226757375,40.02204988662132,31,38,1,1,1,1,1,1,1,1,1,1,1,1,1,1,1
23.802966439909298,23.931960090702947,55,38,1,1,1,1,1,1,1,1,1,1,1,1
52.20861950113379,52.347939229024945,55,38,1,1,1,1,1,1,1,1,1,1,1,1
132.2875492063492,132.4733088435374,64,36,1,1,1,1,1,1,1,1,1,1,1,1,1,1,1,1
