stem,start_seconds,end_seconds,mfcc_1_mean,mfcc_1_std,mfcc_2_mean,mfcc_2_std,mfcc_3_mean,mfcc_3_std,mfcc_4_mean,mfcc_4_std,mfcc_5_mean,mfcc_5_std,mfcc_6_mean,mfcc_6_std,mfcc_7_mean,mfcc_7_std,mfcc_8_mean,mfcc_8_std,mfcc_9_mean,mfcc_9_std,mfcc_10_mean,mfcc_10_std,mfcc_11_mean,mfcc_11_std,mfcc_12_mean,mfcc_12_std,mfcc_13_mean,mfcc_13_std,chroma_0,chroma_1,chroma_2,chroma_3,chroma_4,chroma_5,chroma_6,chroma_7,chroma_8,chroma_9,chroma_10,chroma_11,rms_mean,rms_std,spectral_centroid_mean,spectral_centroid_std,spectral_bandwidth_mean,spectral_bandwidth_std,spectral_rolloff_mean,spectral_rolloff_std,zero_crossing_rate_mean,zero_crossing_rate_std,spectral_contrast_0_mean,spectral_contrast_0_std,spectral_contrast_1_mean,spectral_contrast_1_std,spectral_contrast_2_mean,spectral_contrast_2_std,spectral_contrast_3_mean,spectral_contrast_3_std,spectral_contrast_4_mean,spectral_contrast_4_std,spectral_contrast_5_mean,spectral_contrast_5_std,spectral_contrast_6_mean,spectral_contrast_6_std
original_mix,0.0,5.0,-320.1473388671875,69.67610931396484,163.97962951660156,54.55405044555664,-4.4333319664001465,23.937541961669922,20.55246925354004,25.74248695373535,4.491339683532715,19.956045150756836,8.62947940826416,17.654512405395508,-9.167364120483398,14.629469871520996,0.4705234169960022,13.150555610656738,-2.0754222869873047,14.556483268737793,-4.0302019119262695,12.186908721923828,-7.887208938598633,9.129864692687988,-4.665895938873291,8.434273719787598,-5.141012668609619,8.737324714660645,0.24371373653411865,0.42501214146614075,0.6491106152534485,0.4465866684913635,0.42642006278038025,0.36467260122299194,0.3644164800643921,0.3375038206577301,0.4175875186920166,0.4891531467437744,0.3009057939052582,0.23104922473430634,0.051723727306001006,0.04342018594615257,2138.6437015175825,1570.6411992866344,2738.3846026402507,1024.326726099975,3828.2637806337007,3139.990922661339,0.047721278639791184,0.05192946363376611,19.555737625918322,6.678668396816342,10.508932601991184,4.3044140213299755,17.35295837252239,4.569382404882391,18.142950409421537,4.7552515828285005,17.403838841319807,2.826082198522702,20.586965583439174,5.630545720493855,31.59135610745283,5.469662213231892
original_mix,2.5,7.5,-307.1562805175781,63.27644348144531,170.66749572753906,48.63437271118164,-10.681835174560547,22.603776931762695,22.686437606811523,28.680376052856445,8.152273178100586,18.325986862182617,11.89072322845459,18.383190155029297,-5.584000110626221,14.404468536376953,2.3633999824523926,10.811100006103516,-4.4097981452941895,11.686644554138184,-6.832521438598633,12.49161434173584,-3.5190248489379883,10.326120376586914,-0.17466193437576294,11.28859806060791,-1.5214203596115112,10.516780853271484,0.2728058695793152,0.3229120671749115,0.5125945210456848,0.5029862523078918,0.49446675181388855,0.4915272891521454,0.4873705506324768,0.44560661911964417,0.3644396662712097,0.44825345277786255,0.3775409460067749,0.2889212369918823,0.051934588862596005,0.03720493315465652,1944.4665728278833,1313.7986518351756,2442.1991540005315,850.7766726038293,3486.230582040313,2576.064804851693,0.047640842517401395,0.043925619054508445,19.89256936123546,6.391806178971229,10.987952745920984,4.34341630911632,16.915822137732125,4.609325009121456,17.15206661610492,4.039183337936733,17.56882503154286,2.8575187817053505,23.18704366660956,6.713077115789064,32.26121955960413,5.283160207920229
original_mix,5.0,10.0,-303.1621398925781,59.51068878173828,169.8988494873047,46.37938690185547,-8.88219928741455,22.687196731567383,23.6610164642334,29.554805755615234,5.698281288146973,17.743656158447266,6.576813220977783,17.82961654663086,-6.727172374725342,13.477791786193848,-0.2616235911846161,10.685108184814453,-4.527785301208496,11.137825965881348,-6.125584602355957,12.105663299560547,-3.9308950901031494,12.167929649353027,2.007840156555176,10.706297874450684,0.02159065566956997,10.155088424682617,0.3009428381919861,0.28336361050605774,0.41059410572052,0.43740370869636536,0.46162861585617065,0.47539597749710083,0.4669250249862671,0.45974817872047424,0.3586418032646179,0.46219900250434875,0.4147144854068756,0.314673513174057,0.05440852701612111,0.04045065684864511,1904.866709916614,1174.421340088018,2415.1398478823558,664.8829471097595,3321.109384063225,2099.1344856550863,0.04789008120649652,0.04356065310835881,19.192597737020755,6.2503152604862535,10.967994467176014,4.247999134185331,16.555077838813034,4.309562663240382,17.516673955761352,3.9279935620729987,17.289180417683063,2.9666035056116047,22.88102833768069,6.669663331383027,32.46691308972945,5.089329824470633
original_mix,7.5,12.5,-306.09716796875,58.35200500488281,182.1117706298828,41.077144622802734,-7.616319179534912,23.75702476501465,18.879501342773438,23.65420150756836,11.565105438232422,15.785301208496094,6.195321559906006,17.17839241027832,-7.486522197723389,13.310419082641602,1.2900216579437256,9.486271858215332,-1.5940790176391602,9.951570510864258,-5.005434989929199,11.114747047424316,-4.2422308921813965,10.494034767150879,0.8855904340744019,8.97496509552002,-2.5159921646118164,9.32689094543457,0.3731919825077057,0.32883766293525696,0.4845631718635559,0.5067171454429626,0.46792203187942505,0.4458447992801666,0.4522523880004883,0.45200279355049133,0.3967283070087433,0.5345622301101685,0.4974336326122284,0.42879003286361694,0.05436632418335176,0.04411909930145581,1686.8560217668096,924.6844551072392,2300.1645937899393,688.3680903846314,3011.0012824463456,1879.600999153892,0.038590079393851506,0.028140504159946764,18.71711004018633,5.733610651970812,9.950889739682212,3.9003964856121787,15.87420243072424,3.7350825726279635,17.491073095376407,4.284607741706251,16.81681924162358,2.6180759365843214,23.22686914247184,7.256628189734867,31.313342726471365,4.436814831909161
original_mix,10.0,15.0,-301.40338134765625,55.370338439941406,180.5870819091797,44.4834098815918,-18.839008331298828,22.707218170166016,24.08757781982422,25.853710174560547,14.917877197265625,16.14421844482422,8.731216430664062,15.29630184173584,-4.510639667510986,13.756365776062012,5.5458664894104,7.352016925811768,-2.770480155944824,10.770721435546875,-5.185774803161621,9.811792373657227,-2.127324104309082,8.663107872009277,-0.76153165102005,9.803960800170898,-3.4537577629089355,8.986525535583496,0.3719646632671356,0.35765478014945984,0.4665207266807556,0.4683848023414612,0.543466329574585,0.5162495970726013,0.45237335562705994,0.4451627731323242,0.4121078550815582,0.5819015502929688,0.49256014823913574,0.3950493335723877,0.048500376963110645,0.03401830262151967,1796.117712704519,1053.2347124945923,2248.4024410603997,628.5109737851642,3216.790757323086,1799.5256123992244,0.04358051769141531,0.03904644795270429,18.729731526988832,5.870928346656956,9.934418936019474,3.588712691783927,16.11651902544464,3.7300508637145757,17.565556804425487,4.164592394670741,17.048067633340665,2.8125329521153217,23.28243121779976,7.135306362363881,31.42617892484004,4.781922978877455
original_mix,12.5,17.5,-288.58929443359375,48.32547378540039,182.15773010253906,45.32879638671875,-18.21466827392578,21.359079360961914,26.129714965820312,24.030967712402344,11.04445743560791,17.23265266418457,14.892253875732422,15.69317626953125,-5.077521324157715,13.433009147644043,3.7409534454345703,7.762235164642334,-2.6128921508789062,11.461081504821777,-6.293031215667725,11.207090377807617,-4.290185928344727,9.126463890075684,-2.408315658569336,9.112419128417969,-4.226136684417725,8.457746505737305,0.4064755141735077,0.3640174865722656,0.3892485201358795,0.4148337244987488,0.5407599210739136,0.5044781565666199,0.3902600407600403,0.3768123984336853,0.41435983777046204,0.6172285079956055,0.5062097311019897,0.41366130113601685,0.056503591374029556,0.032354352965126634,1780.337282696559,1051.8896205032013,2291.798147488876,641.8825957079627,3178.8703369707077,1852.8511853284717,0.04196046621229698,0.0389474981020857,18.142205835283225,6.095920874473469,10.610654902295133,3.69408383848928,16.61210232306656,4.312534161890133,16.602955599105925,4.309799067010311,16.953653166418967,2.9152866748738036,21.331892380686057,5.579176167964752,32.17254450749303,4.795571359982235
original_mix,15.0,20.0,-291.6441955566406,46.752445220947266,189.025634765625,38.30672073364258,-7.054605960845947,18.690879821777344,23.444364547729492,20.307415008544922,12.291038513183594,16.387460708618164,19.83775520324707,13.680397033691406,-7.356866836547852,13.119661331176758,4.153627395629883,8.445786476135254,-2.8456125259399414,10.569608688354492,-10.319401741027832,11.90478801727295,-4.576077938079834,8.237159729003906,-0.7316769957542419,7.862949848175049,-4.685235977172852,9.004756927490234,0.42521435022354126,0.33293911814689636,0.43824806809425354,0.5120331048965454,0.5417816638946533,0.5275493264198303,0.3992047607898712,0.38991573452949524,0.4515111446380615,0.5563344955444336,0.4737478494644165,0.4360714852809906,0.061096039410516306,0.03216870753532312,1560.7189794523185,781.5767906692328,2315.7240740995744,697.2666563800469,2862.7669119779584,1700.6375248143127,0.03167483867459397,0.02303729234242642,18.090546450555404,5.30936369689074,10.528384016778991,3.7421211852810616,16.809590871955123,3.888991212872404,16.496114279702248,4.1788331635417455,16.73286919716495,2.6727616594066212,21.755855742770958,5.606687363867248,31.912927271281095,3.5782009587603323
original_mix,17.5,22.5,-283.3658142089844,47.48284149169922,184.35491943359375,42.27138137817383,0.3877962827682495,17.916667938232422,21.133832931518555,18.568124771118164,11.993325233459473,17.744407653808594,18.22690200805664,13.607723236083984,-6.080476760864258,11.949541091918945,3.996504545211792,8.90424633026123,-2.7033438682556152,10.829317092895508,-9.363411903381348,11.186728477478027,-5.9545488357543945,9.330415725708008,-2.025287628173828,8.090842247009277,-4.305944919586182,9.144216537475586,0.35292762517929077,0.33555081486701965,0.5108845829963684,0.4771571457386017,0.4689604938030243,0.43322035670280457,0.37653592228889465,0.4135066270828247,0.4517793357372284,0.5479640960693359,0.4573102295398712,0.3971775770187378,0.06963669215037278,0.044574742699876775,1645.5997380412111,1066.6866982914785,2414.2698548499034,884.0233878468413,3057.2651944968097,2320.8688136020232,0.03303772114269141,0.027243410616219873,19.202181264097618,5.919487626216132,10.639392737194818,3.910028217869935,17.628078840306415,3.6823947986466052,17.40118100774524,4.398962992183101,16.976058107181913,2.8714012670348494,22.36585865062765,6.234452991665584,32.2449398125059,3.9674370460809354
original_mix,20.0,25.0,-272.5736999511719,50.25188064575195,174.20181274414062,46.19681167602539,2.6997292041778564,19.561147689819336,20.790740966796875,22.113929748535156,7.547909259796143,15.35737133026123,13.414520263671875,15.111044883728027,-3.345841884613037,11.944048881530762,3.25876522064209,9.495769500732422,-1.665244698524475,10.377971649169922,-6.484445095062256,11.07892894744873,-8.803308486938477,10.937501907348633,-4.873781681060791,8.769256591796875,-3.279369831085205,8.966043472290039,0.3544936180114746,0.37219762802124023,0.513215184211731,0.41903361678123474,0.33538174629211426,0.32898613810539246,0.3378778100013733,0.360871285200119,0.40277963876724243,0.627133309841156,0.5333051085472107,0.37965622544288635,0.07854878219825555,0.05434322164885244,1835.7377860034383,1250.5682377199726,2545.451623642817,975.0328322289694,3376.516164261891,2769.8463855358405,0.038956007105568444,0.032572995190753525,19.011082034895715,5.35664358777018,11.152272736119954,4.188127413091928,17.773441157808545,4.067454760782563,18.469659105689875,4.2696918159070165,17.298263284195315,3.1707866834170413,21.005971570799122,5.703144392575669,33.1350432960786,4.155990599865116
original_mix,22.5,27.5,-274.0499267578125,47.895965576171875,164.106689453125,43.736331939697266,-3.8731961250305176,21.17926025390625,27.371610641479492,25.310895919799805,9.640498161315918,14.828598022460938,11.740588188171387,12.272294044494629,-1.7443978786468506,12.360453605651855,5.243078708648682,7.719979763031006,-1.3129518032073975,8.853668212890625,-5.91562557220459,11.151834487915039,-6.186984062194824,12.125978469848633,-3.7397711277008057,10.04016399383545,-1.679000973701477,9.12486457824707,0.30751749873161316,0.34768298268318176,0.5296273231506348,0.468671053647995,0.42555496096611023,0.41423851251602173,0.3765823543071747,0.3289506435394287,0.3603760600090027,0.6086673736572266,0.4979182183742523,0.31287240982055664,0.06629060756138541,0.04569640205817802,1986.509833500424,1184.2516074090179,2629.22141242632,842.101485663026,3626.1214608106147,2480.878893863914,0.0442387344112529,0.03669723902546892,18.302366085079356,5.419349044309192,10.31147806100798,3.6894070192878905,17.337871735852794,4.363610478066622,18.354717020960443,4.423173825158564,17.344835750784046,3.342726135983891,20.848549680080016,5.538987286108295,33.57916442582674,4.31653195485243
original_mix,25.0,30.0,-268.304931640625,43.96117401123047,168.24302673339844,43.40859603881836,-18.803285598754883,20.0777587890625,39.38610076904297,24.789928436279297,8.330227851867676,14.870098114013672,15.785842895507812,11.28052806854248,-3.495821952819824,13.294888496398926,6.929516315460205,7.518301486968994,-3.875605583190918,9.516523361206055,-3.890970230102539,10.792166709899902,-4.617751121520996,10.185935020446777,-3.0624237060546875,9.288262367248535,-2.0192458629608154,8.659746170043945,0.31346315145492554,0.3237908184528351,0.5020399689674377,0.5394914746284485,0.5534119009971619,0.5733677744865417,0.47179147601127625,0.3980684280395508,0.3757459223270416,0.5401557087898254,0.4802147448062897,0.3152523934841156,0.061056779494418345,0.03400063051907439,2042.8708782383012,1116.988736105857,2589.6225336972334,670.8433225715239,3738.9834233613688,1986.5275095112363,0.04820049666473318,0.039739949557498246,18.101256780304755,5.292381143502936,10.260985828487678,3.448112620804751,16.92202104042832,4.169586525459699,17.91920191841027,4.312672589329123,17.287170987982,2.836530229201671,21.04249937955629,5.427681314214355,34.20924992245293,3.9373291464854154
original_mix,27.5,32.5,-318.18194580078125,86.26834106445312,155.55018615722656,36.87216567993164,-12.253104209899902,20.989959716796875,28.18214225769043,29.278404235839844,4.553206920623779,15.11101245880127,9.5918550491333,16.24867820739746,-4.284112453460693,13.985153198242188,4.764269828796387,12.00770092010498,-4.624526500701904,9.806949615478516,-0.9705776572227478,10.122414588928223,-2.6056952476501465,8.327420234680176,-1.646848440170288,8.272418975830078,-1.1938358545303345,7.2464704513549805,0.2187252640724182,0.2886647880077362,0.4855555593967438,0.4229872226715088,0.5538783073425293,0.36921101808547974,0.3033422529697418,0.28662389516830444,0.39903369545936584,0.6560121178627014,0.3486711084842682,0.23167893290519714,0.041146633770584785,0.03318877553009567,2000.3968467189684,976.7790315307498,2628.652894743797,720.7321242653375,3768.4604299593966,2038.6730784866036,0.045540440110208816,0.03556748284898158,16.894466216626984,5.690246252502424,11.058611714562558,3.7027174296579575,18.08542063449202,4.160933607170943,20.082553287997705,4.866950950294525,18.48713088484213,3.4368296451509046,19.774795195403257,4.508835777706902,31.667340160855574,5.54872898144473
original_mix,30.0,35.0,-427.5248107910156,78.50409698486328,183.4092254638672,31.809709548950195,-15.97004222869873,10.002408981323242,10.19307804107666,25.621320724487305,1.0663119554519653,16.118417739868164,-6.157323360443115,21.52433204650879,-10.079939842224121,11.803410530090332,-1.7013641595840454,15.257473945617676,-11.806231498718262,10.069892883300781,-2.5073230266571045,10.339617729187012,-5.924412727355957,8.157957077026367,-5.076149940490723,10.224174499511719,-4.722956657409668,6.670365810394287,0.47108685970306396,0.28981560468673706,0.27354487776756287,0.1915740817785263,0.2974139153957367,0.14366909861564636,0.11889766901731491,0.1977805644273758,0.30832019448280334,0.6184726357460022,0.28288722038269043,0.2504480481147766,0.015311038129684233,0.010678460775044982,1570.897651641743,812.5001554222573,2191.2181038786534,815.3131530655626,2852.0252909295245,1919.4088038012026,0.035053155814965195,0.022964649807675513,17.79697347168829,7.165965249229402,11.096537739913376,3.57993991153515,17.954261785003773,3.894141169823454,20.573852370196633,4.133566209488674,19.038755624664123,3.3763049298934087,21.050250690192357,4.430934825507061,25.38574185605231,5.470358788279854
original_mix,32.5,37.5,-418.2884216308594,63.91389465332031,182.43409729003906,23.639244079589844,0.3680382966995239,16.076936721801758,-6.3264031410217285,15.276145935058594,11.887018203735352,12.000977516174316,-6.492945194244385,14.939229011535645,-15.972221374511719,8.611021995544434,-6.265727519989014,6.463052749633789,-12.022075653076172,5.794083595275879,-9.286724090576172,6.586767673492432,-7.099467754364014,7.100097179412842,-10.03207015991211,5.8324294090271,-9.945228576660156,5.593003273010254,0.7953943610191345,0.4236550033092499,0.20769962668418884,0.13518069684505463,0.1706218272447586,0.1281813085079193,0.17798268795013428,0.35434144735336304,0.292013555765152,0.37251928448677063,0.2725055515766144,0.4166606068611145,0.018322250668041565,0.02320301895399203,1242.0128540341525,589.4727901725671,1772.594256320589,557.2838347968739,2129.8885903059745,1160.418621517396,0.02933539370649652,0.015297654884576937,22.532125192194798,7.603340687461364,10.847875847196462,3.65563189637079,15.943401615679372,3.0225628617934146,18.44779977330485,3.850914909553472,18.094448530583875,2.7170156302585338,23.977124751407857,4.930166716327534,23.43399209169021,4.779058941614986
original_mix,35.0,40.0,-339.4317626953125,84.34757995605469,183.5830535888672,32.25990676879883,-4.348153114318848,25.297870635986328,1.5639747381210327,23.665348052978516,15.442731857299805,11.791014671325684,12.569378852844238,18.63008689880371,-17.440805435180664,14.28696060180664,-0.8712690472602844,9.08543586730957,-8.964005470275879,9.041058540344238,-10.48072338104248,9.83120059967041,-6.463860988616943,9.686136245727539,-5.871364593505859,7.703853130340576,-7.5215229988098145,7.81422233581543,0.6170645952224731,0.369762659072876,0.30619946122169495,0.2983943223953247,0.3505997359752655,0.34611019492149353,0.40156883001327515,0.5107771754264832,0.3732137680053711,0.32667478919029236,0.35090938210487366,0.5308663249015808,0.04380143816710348,0.037947934360072134,1525.455219832,804.3570578450394,2179.5466902116,713.6742959834913,2612.911810288573,1566.1444772956681,0.03501350420533643,0.025525227100293847,23.777394324038468,5.5979436281578465,10.555245868297373,3.8409178513434945,15.383484526444661,3.6591990423506653,16.478305520417983,4.090871171743698,17.54607164750237,3.0333601701370974,25.37448710591483,7.32961751241777,28.611612415565176,6.4250367055634845
original_mix,37.5,42.5,-298.0857849121094,61.95989990234375,190.46279907226562,37.256317138671875,-6.6245198249816895,24.79389762878418,10.218573570251465,31.010459899902344,14.978658676147461,16.762577056884766,19.319868087768555,19.689714431762695,-17.122764587402344,17.287118911743164,2.2988250255584717,10.897317886352539,-10.205794334411621,11.13101577758789,-9.269718170166016,12.037505149841309,-7.130919933319092,10.41652774810791,-4.456982612609863,8.311412811279297,-5.566160202026367,8.202200889587402,0.4530670940876007,0.34697481989860535,0.33398357033729553,0.4121568202972412,0.6073340177536011,0.6189056038856506,0.4728154242038727,0.46740150451660156,0.4017001688480377,0.34519511461257935,0.34472718834877014,0.4440307021141052,0.059402727569494475,0.033828168468669886,1670.2491790577337,831.1194244952163,2430.893461363598,682.6483690320871,2874.8574807859627,1712.1636176877214,0.03667094148781903,0.026470410151525927,25.178397225129043,5.914250201396353,10.310029355539205,3.7279262597753235,15.143714509148273,3.6165625646783677,15.340298348278987,3.9880110791005308,16.978611326182442,2.897405477969453,24.363797079681273,8.23600021915764,31.81553409209866,4.614130978856128
original_mix,40.0,45.0,-309.5473937988281,62.95677185058594,192.29771423339844,42.690120697021484,-9.27958869934082,22.978961944580078,21.119720458984375,32.370025634765625,13.863419532775879,18.400802612304688,15.917403221130371,22.186378479003906,-17.817903518676758,17.08039665222168,1.767621636390686,10.655843734741211,-9.570352554321289,11.811966896057129,-4.986641883850098,12.293509483337402,-8.637866020202637,10.724949836730957,-2.882943868637085,8.56198501586914,-9.29854679107666,8.664558410644531,0.3830030858516693,0.3263886272907257,0.35743969678878784,0.4604347050189972,0.7140554189682007,0.6779833436012268,0.4414982199668884,0.42356494069099426,0.3746641278266907,0.36746034026145935,0.35690027475357056,0.3748925030231476,0.05491488980963446,0.030951516198916368,1702.0221645852687,992.9241805084181,2361.0884667322675,720.002971896445,2961.2900594547564,1890.1347680514386,0.03815051297853828,0.03134259679145018,25.144419447111154,5.7646836648826385,10.221379433504941,3.577976115198637,15.04833663719526,3.426957842078233,16.06566099928761,3.9972005998125923,16.56901932231491,3.2204467645125003,24.117397636647414,8.275939253738914,31.684988751696366,5.081714025803061
original_mix,42.5,47.5,-325.22760009765625,67.96648406982422,192.48861694335938,42.1851692199707,-12.11375617980957,24.133302688598633,21.001779556274414,28.506010055541992,14.031272888183594,16.71240234375,10.451973915100098,21.35325050354004,-15.742767333984375,15.391629219055176,0.6248818039894104,10.668737411499023,-6.461811065673828,10.713455200195312,-5.4660820960998535,11.779621124267578,-6.475004196166992,10.44403076171875,-1.411212682723999,8.556220054626465,-9.547224044799805,8.103219032287598,0.5099173784255981,0.4408875107765198,0.3916221559047699,0.46654558181762695,0.6055029034614563,0.6002554297447205,0.4282592535018921,0.44412949681282043,0.40161338448524475,0.4337746500968933,0.4521005153656006,0.42803147435188293,0.04512241174382635,0.028804947845291373,1681.074258580286,1000.7333127380373,2282.237808864328,711.9013603648034,2919.122951711137,1860.937143725735,0.03949640189965197,0.033142464721298774,23.568058262688602,5.6444661029923315,9.81236241741679,3.4719618262466923,14.585073666265242,3.3822727768720116,16.42645285133278,3.856442581097775,16.670176808171206,2.8608542834231647,24.139854480608474,7.7287481141850956,30.611419465640797,5.773338491007618
original_mix,45.0,50.0,-322.4820251464844,59.10948181152344,182.82272338867188,46.20500183105469,-7.772254943847656,26.54155731201172,16.982847213745117,31.87470054626465,9.739887237548828,16.54258918762207,3.7794089317321777,17.429826736450195,-10.285252571105957,13.011697769165039,-0.5247892737388611,10.10720443725586,-3.9859554767608643,10.230257987976074,-5.903218746185303,9.63028621673584,-4.492614269256592,10.28117847442627,-2.7480955123901367,8.127102851867676,-7.130807399749756,6.6491570472717285,0.6957423686981201,0.5192942023277283,0.49136197566986084,0.48984578251838684,0.4766254127025604,0.41135135293006897,0.3491152822971344,0.41331639885902405,0.35387560725212097,0.4630754590034485,0.44492432475090027,0.49107059836387634,0.03836262807479072,0.02432835093515135,1805.862790807452,1131.3758945530878,2289.9021653253894,773.1739935856539,3174.9234157482597,2159.7846487112256,0.045676388486078884,0.041426061898622295,23.32498965947979,5.790812781000958,9.318965528441444,3.0802262995344827,14.46446696958628,3.30685280190598,16.581103662297824,3.826192360455253,16.666696931183328,2.861144226231788,22.410969385662423,6.8544059151650325,30.707639455104797,5.767800412262858
original_mix,47.5,52.5,-317.6597900390625,60.55741500854492,185.7378387451172,49.01447296142578,-9.608790397644043,28.366914749145508,15.06429672241211,32.0076904296875,8.158381462097168,16.509925842285156,3.4744160175323486,16.047822952270508,-10.67188835144043,12.824423789978027,-1.7865517139434814,8.975363731384277,-2.8310258388519287,10.040749549865723,-3.7440550327301025,8.45406436920166,-6.064087390899658,10.393278121948242,-2.341715097427368,8.068387031555176,-6.687261581420898,6.887777328491211,0.6651685237884521,0.5505656003952026,0.5549575090408325,0.5559506416320801,0.44109562039375305,0.41100987792015076,0.3840252757072449,0.4779255986213684,0.39219751954078674,0.3727542757987976,0.39677032828330994,0.4872142970561981,0.042077931661910775,0.02821916667028476,1806.6801108604604,1178.0041073590717,2258.733079640772,829.2645480018267,3161.6837432932134,2269.456769112396,0.0456095472012761,0.042538605041934276,23.277440685781414,5.789513542539188,9.47022371917346,3.3064920361261456,14.414830363785702,3.410808737257346,16.278727741289376,3.9750357096111606,16.38081287207596,3.137934453227233,21.421306837816218,6.302442065769802,30.514869297286083,5.7135594202093705
original_mix,50.0,55.0,-309.2539367675781,67.84300231933594,190.63580322265625,50.474552154541016,-14.018195152282715,26.2568359375,18.337970733642578,30.75856590270996,9.321331977844238,16.02135467529297,3.517409563064575,17.960229873657227,-12.3942232131958,14.539742469787598,0.08339370787143707,9.497306823730469,-3.2961461544036865,10.351567268371582,-1.7540608644485474,9.010509490966797,-8.27073860168457,9.692668914794922,-2.400365114212036,8.37203311920166,-8.722038269042969,8.274012565612793,0.55918949842453,0.4857642352581024,0.5193572640419006,0.5298624634742737,0.5400726795196533,0.4937892258167267,0.4178428649902344,0.5259286761283875,0.39400428533554077,0.33376649022102356,0.3559543490409851,0.47428175806999207,0.05170536809870995,0.035024942245365794,1761.0963062292965,1167.588821345831,2216.0884398546887,772.0194235342348,3028.0379930394433,2094.43069464679,0.04452649180684455,0.041817795643659623,23.670635673965457,6.238454453303772,9.930098084677615,3.342832914478519,14.474532074967083,3.466282275216277,16.403645351127828,4.009473037689689,16.591531549514055,2.956876812533409,22.007505156551876,6.271091636031557,30.81512404501613,5.569233111486839
original_mix,52.5,57.5,-292.2838134765625,57.18756103515625,180.43431091308594,53.45283126831055,-10.614191055297852,23.95542335510254,20.75531578063965,33.786537170410156,10.641439437866211,18.462890625,6.671679973602295,20.637060165405273,-7.631624698638916,16.17428207397461,0.29898613691329956,8.492108345031738,-2.836703062057495,11.462518692016602,-4.680208206176758,11.922130584716797,-7.506237983703613,9.525958061218262,-4.885221481323242,7.818829536437988,-9.81905460357666,8.081809997558594,0.49476513266563416,0.4476832449436188,0.42499423027038574,0.4816117286682129,0.5651230812072754,0.5397809743881226,0.4477543234825134,0.5414527654647827,0.441387414932251,0.37555673718452454,0.36325982213020325,0.38469594717025757,0.06148361826743369,0.042667457390216657,1884.040007277837,1322.5638006454694,2253.0712088249556,755.203940952285,3213.293485353828,2125.4220012490646,0.05077558548433875,0.05238570926206,24.93417326992132,6.5892024779380725,10.31588908916304,3.4544685891507343,15.108616499078108,4.049487503062879,16.54455726685807,4.030149619530295,17.061775003696486,3.067291461193518,22.65822535016047,6.969758950677498,32.30677976446048,5.551766069953099
original_mix,55.0,60.0,-273.0486755371094,62.93305969238281,179.61068725585938,51.5884895324707,-11.150571823120117,22.80828857421875,19.0949649810791,31.49880027770996,9.701746940612793,19.63753890991211,14.016162872314453,20.38054656982422,-7.557756423950195,16.830074310302734,-0.5115886926651001,10.093835830688477,-4.790384769439697,11.463354110717773,-4.9002251625061035,12.397944450378418,-8.98963451385498,10.737082481384277,-2.9871535301208496,8.963869094848633,-7.106168746948242,9.392989158630371,0.4894111752510071,0.42012450098991394,0.3754040002822876,0.45649468898773193,0.5293393731117249,0.5665782690048218,0.5031926035881042,0.5475273728370667,0.47506260871887207,0.4089953899383545,0.3772572875022888,0.3890272080898285,0.0731892173055326,0.04771869042717595,1943.9890238314415,1305.8966980292626,2409.5612034429296,835.832573133736,3320.659734810035,2166.070535677813,0.0495157972012761,0.050030014970383944,23.86994086503507,6.2251413912547395,10.654512217117666,3.4724761414810614,15.165152581603758,4.020045698524872,15.471626122153667,3.5729996643647266,16.785227827546876,3.1176756899284896,21.89330682135293,6.385762076462151,33.28929343571521,5.529197387935027
original_mix,57.5,62.5,-273.0726623535156,67.7079849243164,182.54212951660156,47.036251068115234,-8.4047269821167,25.51125717163086,18.259592056274414,28.481718063354492,13.315231323242188,17.115694046020508,18.185182571411133,17.431821823120117,-9.092556953430176,15.551401138305664,0.5249322652816772,10.322447776794434,-2.33144474029541,11.112258911132812,-5.5548858642578125,12.92534065246582,-7.522177696228027,10.984447479248047,-0.7905996441841125,8.993355751037598,-5.887019157409668,10.07125186920166,0.5743252038955688,0.4498652219772339,0.3614315688610077,0.4144015610218048,0.503449559211731,0.5261198878288269,0.5018030405044556,0.5650403499603271,0.4804688096046448,0.397490531206131,0.3517094850540161,0.42255687713623047,0.07282402734174945,0.044532209954961786,1830.9123652085873,1144.2358186927793,2448.939047909949,849.7111872879512,3230.180312862529,2057.465423644025,0.04219271135440835,0.0392068082440442,21.69084434467934,6.118140325511289,11.079349469784587,3.5748332101983213,15.467469856755562,3.9502733608954568,15.542704025052752,3.8009046367696095,16.428192786439936,2.773461294096042,22.395024321869883,6.738441273804059,33.15426152508975,5.529600803848953
original_mix,60.0,65.0,-304.9573059082031,63.253318786621094,191.29458618164062,45.595279693603516,-8.557247161865234,26.17747688293457,23.087261199951172,31.339773178100586,19.910400390625,14.069156646728516,20.13302230834961,16.58964729309082,-6.156526565551758,13.27833080291748,2.068864107131958,9.061293601989746,-0.17294800281524658,9.184213638305664,-6.448225975036621,14.774741172790527,-0.9473241567611694,9.510588645935059,-0.043668776750564575,8.952569007873535,-7.498312950134277,8.224743843078613,0.5237192511558533,0.40204429626464844,0.35152000188827515,0.3699808716773987,0.4437747299671173,0.4541573226451874,0.5118803381919861,0.6379156112670898,0.5253588557243347,0.4237404763698578,0.35841959714889526,0.42885369062423706,0.0590208195919158,0.035999835807100505,1604.0264956893682,1041.903453844572,2179.2709397549093,723.5781527445805,2913.577277588457,1876.7303735678688,0.03687033243909513,0.03499024733410864,19.338491787934707,5.450129284331489,11.352920516409103,3.494003795156381,16.153163507863482,3.9871938163066654,15.858922642823309,3.6820035006005427,17.242508293685898,2.909277384947448,22.622267928993317,7.3490864423224025,31.499270317171195,5.592824190392692
original_mix,62.5,67.5,-312.6287841796875,62.43271255493164,202.0308074951172,44.839088439941406,-6.836097240447998,23.843624114990234,21.51041603088379,30.399717330932617,15.343254089355469,17.12004852294922,14.096708297729492,18.60025405883789,-4.421283721923828,12.694966316223145,3.1581337451934814,9.180534362792969,0.6529337167739868,8.673410415649414,-3.634809732437134,13.54276180267334,-1.3888243436813354,10.07924747467041,-1.7404136657714844,9.951087951660156,-4.860501289367676,8.043681144714355,0.43403658270835876,0.38697895407676697,0.42404526472091675,0.547437310218811,0.5128993391990662,0.44816941022872925,0.5509729385375977,0.5255954265594482,0.4093761146068573,0.3644314408302307,0.4751257598400116,0.5497764348983765,0.05799136079605798,0.03570990487825017,1447.3066551575293,987.3160698972267,1973.2580767280322,640.3003275135304,2540.4683194968097,1731.693232210057,0.03420687717517401,0.034443948659248554,20.05529622010926,5.75280623859884,10.760429454074346,3.7843369552159407,15.144314102106668,3.4173579980014814,15.85509354468909,3.5166545170336074,17.25020310036073,2.7639008605852786,22.419039624753783,6.847177077004584,30.606203480070413,5.875687259980845
original_mix,65.0,70.0,-311.38720703125,58.89015579223633,206.553955078125,40.149803161621094,0.5805508494377136,22.6522274017334,18.350772857666016,25.983444213867188,12.424507141113281,15.993913650512695,10.563703536987305,18.007125854492188,-6.717379570007324,14.305397987365723,1.499781608581543,9.841998100280762,0.5685914754867554,9.497160911560059,-3.97654390335083,12.704473495483398,-3.9152536392211914,10.22381591796875,-2.432058572769165,9.098233222961426,-3.687289237976074,8.7830228805542,0.5320603251457214,0.3965170979499817,0.3575217127799988,0.4443967640399933,0.6681311130523682,0.5920569896697998,0.4099733531475067,0.4809144139289856,0.46513062715530396,0.4196997582912445,0.405391126871109,0.5204357504844666,0.061135660699220794,0.03732527192092874,1342.321940733781,828.6355449770608,1999.7630498420872,724.8861919473543,2335.2284159295245,1678.2328457771775,0.029623151102088168,0.02293536126428768,21.842883371527464,6.173865820213838,10.630240211775348,3.875119434464363,15.191601924519146,3.8320942356799503,16.230579761926826,4.075511985921727,17.12709473191827,2.7141936662211834,22.771029818231305,6.326389831014484,30.321935556157975,4.717653606350576
original_mix,67.5,72.5,-314.05657958984375,54.16761016845703,192.16514587402344,39.040584564208984,5.203619480133057,24.847505569458008,18.867366790771484,28.707210540771484,18.982263565063477,15.125014305114746,10.775102615356445,16.57362174987793,-8.488594055175781,13.601481437683105,-0.07845155894756317,9.64400577545166,-0.4949013292789459,8.809074401855469,-5.960484981536865,13.092480659484863,-0.7249537110328674,10.485873222351074,0.7369543313980103,7.681724548339844,-4.4884748458862305,8.724730491638184,0.44931596517562866,0.3547521233558655,0.37581825256347656,0.4685942828655243,0.616502583026886,0.5282757878303528,0.4198043644428253,0.49726539850234985,0.483847975730896,0.5688167214393616,0.5253171324729919,0.46423450112342834,0.05181871923529424,0.03163516279701687,1454.4349066874897,937.3650672954125,2110.4904164637137,723.4459299296633,2560.2029256090486,1802.6985221106027,0.033792234628770304,0.03338978442607067,21.099295457796845,6.078954073952941,9.916227623366627,3.5694860173031935,14.815835081641639,3.3262580279426675,16.203888502732944,4.22909144408852,16.8775103662701,2.8156931513691377,23.13530786314067,6.892673115972422,30.124703324843466,5.38222035498609
original_mix,70.0,75.0,-310.4671325683594,53.4251823425293,196.13079833984375,42.515682220458984,5.277235984802246,24.895891189575195,18.83768653869629,31.26077651977539,18.456695556640625,16.598201751708984,7.702047824859619,17.257680892944336,-9.673540115356445,12.593778610229492,2.1100897789001465,9.906954765319824,2.4502832889556885,9.272234916687012,-5.124562740325928,12.719128608703613,-1.5254086256027222,11.943727493286133,0.731940507888794,7.862274169921875,-6.661977291107178,8.94759750366211,0.5006438493728638,0.4109156131744385,0.4025627076625824,0.45874133706092834,0.5202083587646484,0.4993340075016022,0.3968926668167114,0.43482449650764465,0.4370321035385132,0.543940544128418,0.5282863974571228,0.47177034616470337,0.059710267667600285,0.037291743059969,1402.6114990782594,986.5708594003652,1956.9785358648242,621.9599644561335,2365.9544482308584,1687.1436296818645,0.03546553255510441,0.0383044408930663,19.73240138342298,5.957916288927397,10.342417917082674,3.5513234010212233,15.11315780692346,3.8727876751724812,17.270803322737958,4.291996542490363,17.30785291896401,2.8878202986440438,25.251260715979477,7.572120969785133,30.299791865844025,5.506531818799283
original_mix,72.5,77.5,-312.4524230957031,56.54001235961914,202.0891876220703,42.82830047607422,4.5719428062438965,21.55120849609375,18.478273391723633,29.28540802001953,12.294967651367188,17.317176818847656,7.211627960205078,17.076168060302734,-7.452905654907227,12.038899421691895,4.3364715576171875,8.546918869018555,3.0435471534729004,8.819084167480469,-2.65370512008667,12.150115966796875,-2.75591778755188,11.427020072937012,-0.4877915382385254,7.084593296051025,-8.83829402923584,8.486684799194336,0.5604921579360962,0.4472443163394928,0.41598328948020935,0.43051090836524963,0.434003084897995,0.44157835841178894,0.41251716017723083,0.5269473195075989,0.47458258271217346,0.4706543982028961,0.4519742429256439,0.49231094121932983,0.06138703527184,0.03977417986140363,1383.4237898090716,925.912193042291,1995.6540347394732,743.8059290561159,2406.522803074246,1864.134482669331,0.03239876377610209,0.03161113614713518,18.891272823435095,5.263734116053879,10.959088449390913,3.5043735990937286,15.229402243822847,3.9997470396573034,17.15986554765795,3.8783814825210943,17.06260876420933,2.8758504269645475,24.8869111899329,7.8502630075295805,30.376929330676166,5.541713760912926
original_mix,75.0,80.0,-316.4655456542969,59.72303771972656,197.89329528808594,43.46753692626953,1.7270241975784302,20.98650550842285,21.482383728027344,30.036396026611328,11.054505348205566,17.18121337890625,11.220690727233887,15.992355346679688,-7.190279006958008,12.99874210357666,5.504271984100342,9.079538345336914,0.6927652955055237,8.626055717468262,-3.292694091796875,12.162896156311035,-0.7707345485687256,10.376338005065918,0.2256595939397812,7.186916828155518,-8.75643253326416,9.614773750305176,0.5533498525619507,0.4473487436771393,0.4381539225578308,0.43987563252449036,0.46369901299476624,0.4669411778450012,0.455147385597229,0.6041127443313599,0.5187084078788757,0.43338239192962646,0.3949756622314453,0.4741353392601013,0.05313656679646322,0.03296383526581763,1514.3241989919436,1027.9972381779871,2160.6032313652004,760.8427275013665,2668.5683956279004,2049.1516742112894,0.034832239704176336,0.034029411086125116,19.431499400093774,5.518668399399035,10.228124723465223,3.3960894930444647,15.441612071931353,3.823334761450211,16.656325889617612,3.805231361716553,16.561224562810924,2.8102376189178107,23.785747228433713,7.656696839180466,30.697847142863825,5.396159023751407
original_mix,77.5,82.5,-334.64898681640625,66.33096313476562,198.8737335205078,39.5323371887207,4.404581069946289,23.463729858398438,18.33814239501953,32.478694915771484,14.072783470153809,15.57959270477295,9.224682807922363,14.920334815979004,-7.076481342315674,13.623222351074219,3.8748538494110107,9.580626487731934,-1.1029422283172607,8.7218599319458,-3.6834867000579834,12.006002426147461,0.8241034746170044,9.495524406433105,-0.5498800277709961,7.959144115447998,-8.305926322937012,8.843062400817871,0.47155046463012695,0.350154310464859,0.350757360458374,0.4095761775970459,0.523166298866272,0.46388760209083557,0.48483118414878845,0.6620798707008362,0.4896490275859833,0.3779638111591339,0.3128308057785034,0.37614914774894714,0.047036945603770614,0.03049343718694115,1386.0180759983332,998.0086618322156,1938.0389747344452,632.2918684794487,2305.9512534440255,1707.0018551216936,0.03538962804524362,0.037371591723354775,19.795990749812326,5.432302487482668,10.415522319428765,3.5964317886220467,14.878301233834488,3.655733239452944,17.004398435248902,3.9033970708524297,17.304489508690118,2.739806305950203,23.89134769407293,6.651438395182967,29.08222496603681,6.284465295967561
original_mix,80.0,85.0,-399.0457458496094,54.25114440917969,222.32931518554688,24.695598602294922,1.4030942916870117,15.232725143432617,8.27725887298584,21.6732177734375,18.929227828979492,12.91728401184082,1.0805610418319702,11.151543617248535,0.5365041494369507,10.1148681640625,5.6439619064331055,6.668490409851074,-1.3031257390975952,6.82310676574707,4.462510585784912,9.577231407165527,3.9695115089416504,7.605691909790039,-0.17701399326324463,6.329732418060303,-3.08205509185791,7.279742240905762,0.6090584397315979,0.39871740341186523,0.3068265914916992,0.32015374302864075,0.4378790855407715,0.36916202306747437,0.37506330013275146,0.6330610513687134,0.5582640171051025,0.6008499264717102,0.465205579996109,0.44655323028564453,0.026402643047653468,0.018924488047713812,997.0321060685902,607.8008446929297,1503.7307835273302,362.1577541744595,1677.8412077653713,937.9536602996761,0.024929533425174014,0.025744077964545344,19.733285477001886,5.4337317378352035,11.021179807360777,3.442248257988686,14.106916532969246,3.4692709827358383,17.91172993498851,3.5191958590813,17.83671585566917,2.417435635788547,24.05117799201518,4.302670440021946,24.336746431575158,4.7237678214861765
original_mix,82.5,87.5,-355.2146911621094,56.59382629394531,200.50636291503906,30.854854583740234,14.521032333374023,18.092315673828125,7.781869888305664,25.717660903930664,17.64241600036621,10.582489967346191,4.570085525512695,10.335700035095215,-2.5926153659820557,10.819255828857422,7.154880523681641,6.97544527053833,3.7287700176239014,8.456833839416504,2.6885733604431152,8.796923637390137,3.4629313945770264,8.675166130065918,0.16908493638038635,7.1601786613464355,-2.545682430267334,7.047354221343994,0.6613527536392212,0.4802519679069519,0.3774600327014923,0.3879282772541046,0.4918418228626251,0.4237414002418518,0.35032904148101807,0.5178332328796387,0.5400874614715576,0.6600275039672852,0.5677339434623718,0.5317338109016418,0.039406636500787295,0.03137701843103528,1063.0174641392766,702.0777399493347,1625.0861565233567,576.935918841321,1841.8632631235498,1265.999627372642,0.02386687028712297,0.0229069336699122,18.802539338405406,4.648315805982863,10.738064197558211,3.3743986477847736,14.251251456640164,3.6535222678979573,18.011576861855893,3.9298583826178937,16.919447576225103,2.6068778627105145,23.709334585610144,5.531179095736744,25.966474485072144,5.406825356368453
original_mix,85.0,90.0,-317.1341247558594,54.04338836669922,208.90298461914062,38.42739486694336,6.517187118530273,20.752565383911133,11.206995010375977,26.43681526184082,16.354934692382812,14.072477340698242,9.2549409866333,14.418927192687988,-6.535425662994385,14.622335433959961,3.8819563388824463,8.456881523132324,5.2672929763793945,11.230570793151855,0.7576751112937927,11.631813049316406,-2.076659679412842,9.171468734741211,-3.1541802883148193,8.227282524108887,-5.329270362854004,7.5960283279418945,0.5871845483779907,0.5194661617279053,0.4099152386188507,0.46923962235450745,0.5252807140350342,0.48669540882110596,0.4261719882488251,0.508071780204773,0.48660990595817566,0.46569934487342834,0.4684101343154907,0.4768838882446289,0.05770442803366555,0.03150605941148539,1252.6868294177764,814.0814543322738,1916.658948552392,767.6416883136199,2212.8238970055104,1744.1471586863688,0.027232725493039442,0.02404164313554335,19.241533789057566,5.377151682272253,10.260813944656897,3.213788857243996,14.97226428919246,3.7762941806660435,17.56639094728308,4.015363959230487,16.591336537094275,2.784758123570459,24.052596144932828,7.867626894052115,29.226111810388275,4.751688022211147
original_mix,87.5,92.5,-318.2704772949219,58.82550048828125,210.82347106933594,35.4052848815918,-2.367018699645996,23.931673049926758,8.967057228088379,20.294517517089844,18.4289608001709,13.932706832885742,15.34375,14.576316833496094,-6.797751426696777,13.849897384643555,1.5839152336120605,7.816014766693115,4.493338108062744,10.104166030883789,-0.48643720149993896,12.424064636230469,-0.48161354660987854,9.717028617858887,-1.5893027782440186,8.089879035949707,-4.977526664733887,7.09529447555542,0.584550678730011,0.4846663773059845,0.39628756046295166,0.46709582209587097,0.4794013500213623,0.4647561013698578,0.4307572543621063,0.5230697393417358,0.47153419256210327,0.43416622281074524,0.45803776383399963,0.49761679768562317,0.05416532338590398,0.03158502434607622,1263.389092002406,707.0773275591791,1931.7939174179814,710.7465921988565,2276.574168902262,1593.4449270821117,0.0265643126450116,0.02084108783136164,18.82769062751782,5.429416708646311,10.41259782497676,3.446428231819758,15.175520193512277,4.115743311073347,16.514254350368258,3.9555981856675113,16.97055690202296,3.076704384340186,24.553112710971682,8.226700782035714,29.24831504477608,4.827904915865449
original_mix,90.0,95.0,-318.31951904296875,56.11591720581055,207.8371124267578,35.66971206665039,-3.448014259338379,23.700103759765625,13.896116256713867,23.199440002441406,17.17650604248047,14.498945236206055,15.435370445251465,14.010553359985352,-2.9618113040924072,11.15251350402832,1.7769081592559814,7.398825168609619,1.7471011877059937,8.622628211975098,-2.9661080837249756,11.462696075439453,-2.0188345909118652,10.674405097961426,0.2376597821712494,7.624881267547607,-3.3276567459106445,8.019622802734375,0.4642677307128906,0.3661346137523651,0.36695554852485657,0.47448447346687317,0.6540765166282654,0.551148533821106,0.3927384316921234,0.45385873317718506,0.4098975658416748,0.3904869556427002,0.4078829288482666,0.47684600949287415,0.05282135572491901,0.028720910274834095,1272.4282888678906,705.7791201824807,1926.67122470464,610.1095087565772,2244.1494616444315,1347.4109229830535,0.026413636528422275,0.02220946727372011,18.60002610198456,5.588544588116503,10.696632580457425,3.4657929295267564,15.033190653994874,3.7483835220926176,15.776455061097886,3.722746461499238,17.296726944211454,3.0037964373655273,23.15570684261716,6.9421985013880585,29.767154978825047,4.729459015622826
original_mix,92.5,97.5,-310.24578857421875,53.967857360839844,206.3675994873047,47.751102447509766,-8.883667945861816,23.0733699798584,25.390716552734375,31.987621307373047,9.696677207946777,15.869837760925293,11.472040176391602,14.848694801330566,-3.011453151702881,12.116636276245117,4.361119270324707,8.593185424804688,-0.8218874335289001,9.773784637451172,-2.165712594985962,12.045001983642578,-6.072210311889648,9.9307279586792,0.416828989982605,8.797128677368164,-5.473186016082764,8.363221168518066,0.39957061409950256,0.34455111622810364,0.3544372022151947,0.4503822326660156,0.7095317840576172,0.5990938544273376,0.3659008741378784,0.3533809185028076,0.34872373938560486,0.39070621132850647,0.3995699882507324,0.410938024520874,0.0542331469394353,0.023563210967320055,1496.0373073192804,1041.3209329804604,2019.822695602592,657.0876988550036,2552.259122136021,1769.4047963740502,0.03721813370069606,0.040072666726480854,18.862736643596,5.557264492149782,10.675696500197041,3.303699818810138,14.548702970792368,3.3313247337794714,15.88213180312573,3.60194534240294,17.25578028292053,3.0849035195157604,22.705392318186362,6.747066354023228,30.94905599467837,5.165948995147313
original_mix,95.0,100.0,-298.4010925292969,64.8272476196289,191.1067352294922,48.251338958740234,-5.709509372711182,28.007328033447266,22.353153228759766,34.761322021484375,15.764304161071777,16.558481216430664,12.266993522644043,17.100584030151367,-2.8522403240203857,13.73888111114502,2.0151021480560303,10.365407943725586,-2.1214354038238525,8.971427917480469,-5.345571517944336,13.020021438598633,-3.1057207584381104,9.593284606933594,1.503830075263977,8.519437789916992,-4.873947620391846,8.606746673583984,0.4942665100097656,0.4219436049461365,0.34685635566711426,0.3806754946708679,0.5532102584838867,0.5791342854499817,0.42210084199905396,0.4252323806285858,0.42646586894989014,0.500039279460907,0.4790404140949249,0.43600043654441833,0.060335991709663805,0.04065423109073018,1628.1370346143078,1159.7379732258585,2078.0830936029124,704.297963226458,2849.0276292415892,2009.639577228195,0.04163985462587007,0.0431785368151206,19.699336581493665,5.919763322666825,10.386122764645204,3.3826820632626946,15.13476286309277,3.603370239409588,15.79921363721077,3.7547247322345294,17.270478520613857,3.191724662888724,23.269370992534068,7.627412475582072,31.219770445270875,5.9041172670586874
original_mix,97.5,102.5,-297.2998962402344,67.07738494873047,192.6120147705078,46.34114456176758,-5.1644182205200195,25.89950180053711,19.731168746948242,31.881885528564453,18.0814266204834,17.2233943939209,17.686359405517578,15.666116714477539,-5.799881935119629,14.103039741516113,1.9464075565338135,10.047918319702148,-1.9874777793884277,9.486635208129883,-6.632221221923828,12.526400566101074,-2.7982513904571533,11.341920852661133,0.9335350394248962,8.244878768920898,-4.977626323699951,9.653268814086914,0.5059168934822083,0.3805592358112335,0.3868648111820221,0.46127068996429443,0.5157459378242493,0.4630393087863922,0.5034238696098328,0.5103535056114197,0.48950257897377014,0.46965980529785156,0.4470294117927551,0.5599707365036011,0.06627070534490308,0.045325395747941484,1589.061981616473,1136.9257822874856,2109.0300602896586,727.0610441022883,2834.738775195766,2013.1719890442073,0.03800663428074246,0.03850158455807829,19.06597713568742,5.961930556298859,10.54825235190226,3.6110258840234817,15.511955563023065,3.963621626976839,15.796100596765529,3.6008256341594125,17.17528882051422,3.079886128982633,23.757867799665505,8.04107221171547,31.314203957936556,5.749640777175172
original_mix,100.0,105.0,-302.58355712890625,64.40904235839844,183.89736938476562,42.139034271240234,5.773808002471924,23.07297134399414,13.515981674194336,26.920799255371094,17.194110870361328,15.390382766723633,9.879920959472656,14.72440242767334,-7.510267734527588,12.73172664642334,4.163321495056152,8.881270408630371,2.1712522506713867,8.953112602233887,-2.556394100189209,10.558162689208984,-3.783151626586914,12.063733100891113,-0.009890669025480747,8.003146171569824,-4.947498798370361,9.225883483886719,0.5723996758460999,0.41501927375793457,0.3743402361869812,0.38775917887687683,0.39396485686302185,0.4107247591018677,0.4542000889778137,0.5900516510009766,0.46790236234664917,0.40819865465164185,0.4015541970729828,0.5197921991348267,0.05775798973897494,0.0427118622408603,1580.173932908548,1181.1188619656764,2201.3147375444833,891.4083019066736,2834.6888141676336,2371.431039308437,0.035949282192575406,0.03476410118841234,18.19352683047945,5.475141873532619,11.107120290758198,3.9399758175075275,15.201421420183152,3.9127977844096113,16.28610758993025,3.6842925730635514,16.789610818853067,2.8967297271107912,24.232828368625853,7.8586678267594365,30.42492775931665,6.197487306903829
original_mix,102.5,107.5,-305.7227783203125,71.12298583984375,181.44480895996094,40.866783142089844,8.258696556091309,24.347366333007812,11.888580322265625,25.464794158935547,16.49557113647461,15.695805549621582,12.078516960144043,15.439851760864258,-6.991455554962158,12.372389793395996,3.369434118270874,9.37841510772705,2.074228286743164,8.46310043334961,-1.789467215538025,11.299844741821289,-4.916998386383057,11.917525291442871,1.5770186185836792,7.54813814163208,-5.411593914031982,9.547323226928711,0.5137462019920349,0.3490131199359894,0.34608617424964905,0.392365038394928,0.4581424295902252,0.4099681079387665,0.44434013962745667,0.5640435218811035,0.44856926798820496,0.4005466103553772,0.4066067636013031,0.5449921488761902,0.05888241658899112,0.04688803053162913,1549.9329323587956,1166.1508114414592,2231.391220014582,887.7217831087344,2737.864341647332,2374.9734699356422,0.034342825551044086,0.03453448306184428,18.81690249582027,5.6508980709484975,11.501134295026478,3.7591155480285643,15.433848543194102,4.06446965650893,16.198835006791953,3.542402943541566,16.83857283657591,2.531150991153798,23.73266114156371,7.713586615836445,30.288415663576444,6.555965241057061
original_mix,105.0,110.0,-300.75482177734375,69.15715026855469,197.1106414794922,45.019840240478516,0.022814970463514328,22.796497344970703,17.90526008605957,30.91411590576172,16.739961624145508,18.240530014038086,15.82285213470459,18.292129516601562,-7.150831699371338,12.721986770629883,1.1517263650894165,10.052316665649414,-1.5338631868362427,11.260985374450684,-1.7211412191390991,12.336702346801758,-4.193424701690674,10.898308753967285,1.368382453918457,8.164239883422852,-8.497319221496582,10.468520164489746,0.4206944704055786,0.33256253600120544,0.32022449374198914,0.3698180913925171,0.6138049960136414,0.65990149974823,0.4562893509864807,0.44790953397750854,0.4312884211540222,0.40170910954475403,0.34589308500289917,0.3872199058532715,0.0685983435369665,0.041102945979317455,1481.00646840485,1086.904977447087,2092.4092543683755,679.6025777383456,2472.77112637761,1836.17782533497,0.035433811267401395,0.040460520609914875,21.512277972084554,6.206149554259677,11.508744307813181,3.765211877789606,15.51984322435416,4.101813936764867,16.35631191391924,3.8105816595020885,17.2580763744357,2.639374293367383,23.18951418264986,7.423813091736195,30.996995410710706,6.154272828025548
original_mix,107.5,112.5,-309.61614990234375,64.404052734375,203.34291076660156,37.45869827270508,3.7159194946289062,18.70248794555664,14.3720064163208,26.80318832397461,17.43216896057129,17.15580177307129,14.226034164428711,18.472322463989258,-10.046754837036133,13.56809139251709,1.5402512550354004,10.365091323852539,-0.6996070742607117,10.800090789794922,-1.1961171627044678,11.663604736328125,-3.0789005756378174,10.481650352478027,-0.08168336004018784,7.8087544441223145,-6.904860019683838,10.461138725280762,0.3907744586467743,0.3154405951499939,0.3380228877067566,0.5498782396316528,0.6980970501899719,0.5198278427124023,0.43409937620162964,0.41363269090652466,0.4761092960834503,0.4290004074573517,0.3406558334827423,0.4160761535167694,0.06389984022177704,0.03975748972352713,1339.6653671565696,823.2299070962537,2061.9525586479785,644.4170164035459,2279.072220308875,1548.2046606818192,0.029147331786542923,0.02846242410714734,21.821862567096016,6.3990029320526345,11.23777862791807,3.655328371328975,15.423532647492497,3.7269085996883238,16.69804563046825,3.897927942067301,17.098141360099763,3.047055805005499,23.67072612630474,7.262183080525502,30.146151062059424,5.322759571661767
original_mix,110.0,115.0,-306.42327880859375,61.5820426940918,196.40216064453125,42.44535446166992,1.478001594543457,21.63237953186035,15.795445442199707,30.3138484954834,15.729802131652832,15.679301261901855,15.164064407348633,16.25203514099121,-6.148372173309326,14.13697624206543,4.214306831359863,9.203519821166992,1.042644739151001,8.374772071838379,-4.505631446838379,14.039752960205078,-3.6350743770599365,11.406755447387695,-1.1170963048934937,8.358518600463867,-6.660082817077637,10.053413391113281,0.4674595594406128,0.4289754331111908,0.3379746079444885,0.3621777296066284,0.4605412781238556,0.53054279088974,0.4783276319503784,0.5023345351219177,0.47710487246513367,0.5373733639717102,0.5056878328323364,0.382594496011734,0.06392742427640752,0.04303917970514035,1477.3774797523663,968.7549438181079,2143.3511185362026,691.1892911383526,2611.5628625290024,1796.6641088613778,0.03234211861948956,0.03274993529518226,19.62935647169041,5.227693865258381,11.539804981109414,3.6946784263126404,16.058823808424847,4.188130750702856,16.647515600149607,3.7699555069346764,17.02290600185498,3.2459095063309613,23.41971124426829,7.272920011081479,30.841854078336006,5.0398034219762975
original_mix,112.5,117.5,-304.6991882324219,58.71975326538086,184.8673858642578,47.611122131347656,2.226367473602295,23.165624618530273,18.53543472290039,34.12431335449219,13.583938598632812,14.994951248168945,14.180971145629883,14.986787796020508,0.06882195174694061,11.412859916687012,4.445460319519043,7.488733291625977,0.061279721558094025,8.252126693725586,-5.108614921569824,15.05706787109375,-0.45479193329811096,10.654153823852539,-0.853329598903656,8.226738929748535,-8.809408187866211,8.695125579833984,0.5190673470497131,0.4448468089103699,0.40541496872901917,0.4293327033519745,0.430824339389801,0.4885678291320801,0.5016561150550842,0.6357339024543762,0.5840519070625305,0.5099442601203918,0.4414900839328766,0.41131678223609924,0.058317076159844265,0.04176058752482567,1653.7272495262475,1227.0546609331393,2193.236783931112,755.1403230040587,2887.647503987819,2130.5721823511685,0.040259978610788866,0.044009719779416055,18.500658770130368,5.508259059115877,11.175895729509774,3.485445099811607,15.974859115613421,4.206063709951169,16.433702475839997,3.635080913172247,17.21765104373859,3.142324670632167,22.024484971799417,6.838427142417716,31.126445863297274,5.945825518205023
original_mix,115.0,120.0,-292.5385437011719,62.538063049316406,171.11158752441406,45.94233703613281,8.530625343322754,22.183568954467773,18.032121658325195,33.82524108886719,13.287862777709961,15.934804916381836,12.524062156677246,14.910173416137695,-2.006937265396118,12.998456001281738,1.5687346458435059,7.167292594909668,0.3651200830936432,9.75599193572998,-5.124990463256836,15.837441444396973,-1.471229076385498,11.352750778198242,0.44709548354148865,8.038575172424316,-8.344555854797363,7.356582164764404,0.5233286023139954,0.44815030694007874,0.4114784300327301,0.42482540011405945,0.46338123083114624,0.4568343460559845,0.4622500538825989,0.6489123106002808,0.5646862387657166,0.43629664182662964,0.38642019033432007,0.4142625629901886,0.06195651178665269,0.05731508508047493,1786.7454203253963,1312.2747985186961,2371.8128835049215,813.4819996839233,3119.7164796621228,2316.2085272764953,0.04415263377320185,0.049806360721526756,19.280727782806864,5.642616944191462,10.46017957088802,3.7389072918028172,15.547731510990243,4.375488221848317,16.567126389365093,3.925565291595401,17.110175891759056,2.8869918171823135,22.867891696087273,8.41224077828467,31.84086118792005,6.202728638597873
original_mix,117.5,122.5,-285.88519287109375,59.55777359008789,174.25326538085938,45.5294303894043,6.256134033203125,26.79497718811035,20.9427433013916,33.546287536621094,15.436227798461914,17.921327590942383,10.839402198791504,15.23589038848877,-3.6083576679229736,14.468804359436035,0.34584537148475647,8.129570007324219,1.584298014640808,10.323227882385254,-5.101258277893066,15.729597091674805,-3.8124196529388428,11.58445930480957,-1.7888875007629395,9.035154342651367,-9.247060775756836,8.650492668151855,0.43820297718048096,0.3777678906917572,0.370991587638855,0.40129560232162476,0.5028339624404907,0.47085967659950256,0.46367329359054565,0.5660076141357422,0.46339213848114014,0.45011770725250244,0.42199403047561646,0.40553826093673706,0.06906572368272565,0.05519729299255696,1734.540562528788,1275.6992314295994,2280.8935643631335,774.1214028855802,2994.2143769939094,2217.6099179883995,0.04337319641821346,0.049187672200657374,21.21821221308151,6.3398776606817435,10.517796809600023,3.8449611175277187,15.32000778041614,4.313816237420444,16.5354568797327,3.6479837764714196,17.29466479045453,3.1175167555176726,23.957333749839037,8.759952833126663,32.51743244726767,6.196560504873764
original_mix,120.0,125.0,-301.39642333984375,54.83199691772461,193.29725646972656,48.51963424682617,-4.502470970153809,26.56120491027832,24.815988540649414,34.63104248046875,11.172515869140625,19.90779685974121,11.016364097595215,15.31706714630127,-0.36556121706962585,14.775769233703613,3.6597979068756104,8.585148811340332,1.1968096494674683,9.666560173034668,-3.122333526611328,13.87255573272705,-2.7459311485290527,11.814155578613281,-2.3500142097473145,8.73022747039795,-8.462069511413574,10.305511474609375,0.4734291136264801,0.3971133530139923,0.41205134987831116,0.4495089650154114,0.49738016724586487,0.5068808794021606,0.4578109085559845,0.47649142146110535,0.4558391273021698,0.509398877620697,0.47990959882736206,0.46202731132507324,0.060409312175366416,0.033412887140632924,1620.7024887076066,1226.5671137207808,2041.8565028680205,651.02336179218,2722.4763449825987,2014.83727596749,0.04359977704466357,0.04951433533366729,21.384226900082506,5.776976029307792,10.20314834453529,3.4990662819237976,14.826878752704179,3.798162913285523,15.743987977920748,3.530766625709586,17.19474356969847,3.134470081818484,22.643095297403235,7.0919338340013205,32.20602870159466,5.669466315841117
original_mix,122.5,127.5,-312.7686767578125,64.20840454101562,200.5921173095703,46.93819046020508,-2.0702764987945557,23.144975662231445,23.525802612304688,31.996370315551758,11.739316940307617,18.111186981201172,10.601219177246094,15.386526107788086,-0.07316642254590988,13.752102851867676,6.527622222900391,8.903850555419922,1.4573396444320679,8.466165542602539,1.4740033149719238,12.004313468933105,-3.8301193714141846,12.484369277954102,-1.59766685962677,8.820290565490723,-4.83922815322876,9.065136909484863,0.5548943281173706,0.4506455063819885,0.41169473528862,0.438996285200119,0.48877090215682983,0.510587215423584,0.48176267743110657,0.5219126343727112,0.4779365658760071,0.5015125870704651,0.45825931429862976,0.45531052350997925,0.057877272203253484,0.03269329492625102,1494.4048484966106,1136.308822639273,2055.1173832860904,731.0807995677005,2531.924983686195,1979.1288469480926,0.03810859556264501,0.04582427530640545,20.073360759929283,6.259730610490773,10.627485065347813,3.558916170000993,15.086475166975676,3.6628679053173916,16.52492789770564,3.8594418886937043,17.044969131517757,3.01112965519512,21.2058894645906,5.742335337025124,30.774029239852098,6.137331802107748
original_mix,125.0,130.0,-310.57135009765625,61.69318771362305,200.2559051513672,38.52176284790039,3.955502986907959,23.99329376220703,16.235919952392578,28.089393615722656,19.072647094726562,14.191512107849121,13.546629905700684,15.10258674621582,-4.995882034301758,14.810798645019531,4.579655170440674,9.490077018737793,1.609369158744812,7.27559757232666,1.2248728275299072,9.979347229003906,-4.355250358581543,11.00239372253418,-1.6032434701919556,8.511027336120605,-5.300602436065674,8.819023132324219,0.5297977924346924,0.44281792640686035,0.3734980523586273,0.4033842384815216,0.4990290105342865,0.542526125907898,0.5127938985824585,0.5836303234100342,0.5444989204406738,0.47468867897987366,0.39403989911079407,0.40950170159339905,0.05923704588850593,0.03289877199043656,1361.4234241287065,888.5285736806312,2116.3315959530087,727.2623603059108,2330.582040313225,1697.1898549522639,0.02953138594837587,0.028474898917258462,18.47459446760923,5.5576625589518684,10.521730360795173,3.3546192340830228,15.385214649900558,4.035808022240354,16.678033229661953,3.9547611472827655,16.927251901615474,2.8897844613317822,22.280616570284653,6.615542230867987,30.147403153784126,5.2160618833959145
original_mix,127.5,132.5,-307.6532287597656,49.56208801269531,199.5580291748047,40.43903732299805,1.1093778610229492,25.701683044433594,19.633953094482422,30.680910110473633,15.499113082885742,17.44118881225586,11.525662422180176,15.82190227508545,-5.576476097106934,15.445612907409668,1.8222376108169556,9.91922664642334,0.5765773057937622,8.342978477478027,-0.562532365322113,10.260522842407227,-3.855459690093994,9.18545150756836,0.4021329879760742,8.626202583312988,-4.1384687423706055,8.20911693572998,0.4960505962371826,0.421305775642395,0.42421209812164307,0.48359546065330505,0.537442684173584,0.5208650827407837,0.4801841080188751,0.5451692938804626,0.49753448367118835,0.46151113510131836,0.39642179012298584,0.44423240423202515,0.05601975912111541,0.02993792827901674,1479.7174170346377,940.6477166223167,2146.229885536507,720.8878583713853,2519.9343369344547,1822.495068852646,0.034828840994779585,0.034190700908608734,18.33740264162204,5.040876069949829,9.925441592838618,3.458768409847627,14.784329191531041,3.8570155038846052,16.32706942670519,4.085236000052003,16.83134733568607,3.0941618825136916,22.35765639549553,6.763448410802173,30.845079607862058,4.9444683881025755
original_mix,130.0,135.0,-306.16229248046875,54.079261779785156,188.25039672851562,43.40853500366211,2.1134791374206543,25.32831573486328,28.11261558532715,30.93728256225586,14.730615615844727,17.945755004882812,9.475367546081543,16.26810646057129,-3.2315762042999268,14.09190845489502,1.2017560005187988,9.68052864074707,-0.7857380509376526,8.728591918945312,-1.1196916103363037,11.131247520446777,-2.693453073501587,9.442185401916504,1.4320615530014038,7.840479373931885,-3.2846412658691406,8.270615577697754,0.42316484451293945,0.3705258369445801,0.4006979465484619,0.4864729940891266,0.6175059676170349,0.5271282196044922,0.44421160221099854,0.47545111179351807,0.3972753584384918,0.38371244072914124,0.34635093808174133,0.39978793263435364,0.0586411090105288,0.0351021851047232,1583.3931933971812,1124.5075668268894,2183.9605223342533,761.9410901508361,2752.3530398056846,2103.9953890654338,0.037527416255800465,0.04077557707864771,18.307849214492737,5.301827163071288,10.881417986827945,4.02023792421285,14.89203284993878,3.9177125727712894,16.326468823000045,4.1221577001489225,16.774348322631358,2.913585189870517,20.920151827124446,5.838857541495313,31.285333322072212,5.478330566837744
original_mix,132.5,137.5,-293.06109619140625,64.40632629394531,185.87078857421875,48.42833709716797,-1.2437200546264648,25.407793045043945,24.38925552368164,32.72346496582031,14.771076202392578,17.018335342407227,12.724366188049316,16.432188034057617,-6.89734411239624,13.770525932312012,2.457292079925537,9.297120094299316,-3.2763264179229736,10.048577308654785,-1.4499742984771729,11.44670295715332,-4.926003932952881,10.818388938903809,1.7291111946105957,7.832394123077393,-4.942136287689209,8.891791343688965,0.38041457533836365,0.3232732117176056,0.33770936727523804,0.41494640707969666,0.6468475461006165,0.5812605023384094,0.41283509135246277,0.40027710795402527,0.353230744600296,0.3829014301300049,0.37308886647224426,0.3808540403842926,0.06523152238747705,0.03884081871017577,1688.363800395902,1233.4847101445548,2268.129124420155,696.1654767962677,2880.852804161833,2105.637239720742,0.04086608178654293,0.04560303799597885,19.556514347941583,5.3604151234243105,10.864184254504943,3.5391095886336794,15.324115666503769,3.8957208032878676,16.03066049580726,3.6757522663601874,16.95846636439867,2.9574867163465357,22.069977017189338,6.428134786014447,31.953670832950905,5.936752904637178
original_mix,135.0,140.0,-305.72119140625,69.50394439697266,196.77017211914062,46.406558990478516,-1.836757779121399,25.723731994628906,16.879871368408203,29.625606536865234,13.19408893585205,14.203156471252441,12.399554252624512,14.54720401763916,-8.384561538696289,14.282846450805664,3.508112907409668,9.470964431762695,-0.8379150032997131,11.648520469665527,0.14152728021144867,10.162267684936523,-4.16356086730957,11.653695106506348,2.843440055847168,7.678701877593994,-4.143580913543701,10.499767303466797,0.5725429654121399,0.4733870029449463,0.40247631072998047,0.42630407214164734,0.5890251994132996,0.5723873376846313,0.4205567240715027,0.4430638253688812,0.41964006423950195,0.498389333486557,0.5032649040222168,0.49728766083717346,0.0576604642168448,0.03804508745598823,1564.8892055012846,1102.9516453366498,2172.426946551548,687.3064315599713,2623.203782083817,1907.9541448724924,0.03872716067285383,0.04184354516396774,19.604020387804873,6.230428523833411,10.224895306680912,3.4289916386097343,14.385212851875973,3.9015452825797055,16.44422315445281,3.8232033529790836,16.780197749119935,3.0755276938722806,22.19758902040653,6.566942006498906,30.72893834597375,5.641065003337951
original_mix,137.5,142.5,-309.43560791015625,64.04487609863281,194.58236694335938,46.11460494995117,-2.9234352111816406,22.27918815612793,20.695539474487305,29.5858097076416,14.20089054107666,14.846805572509766,14.407065391540527,13.803670883178711,-4.795819282531738,14.35761547088623,3.405796527862549,9.497114181518555,1.564914584159851,10.264647483825684,-3.4121053218841553,12.349799156188965,-1.7492598295211792,10.067099571228027,1.887522578239441,7.858641624450684,-4.585597515106201,10.600465774536133,0.6337509155273438,0.5245421528816223,0.4191051721572876,0.43432310223579407,0.5078740119934082,0.5092411041259766,0.4520512819290161,0.5365161299705505,0.49722710251808167,0.5388574004173279,0.5018855929374695,0.5100041627883911,0.05533952492650106,0.035301260367571884,1558.7515191545267,1141.990547463745,2143.475650127356,694.5855647033751,2670.167148528132,1908.768680836942,0.03866031938805104,0.04445278421316803,18.271789487062694,5.280745868034574,10.610629493806302,3.582213318130955,14.88794347607821,3.7777918836147824,16.088120086049557,3.724202997231539,16.695670470997886,2.9714427155112713,22.97576016960666,7.21279080393173,30.91511425928743,5.6505230176974806
original_mix,140.0,145.0,-304.34521484375,54.837135314941406,194.21250915527344,47.66905975341797,-4.1844868659973145,20.656314849853516,22.265287399291992,28.640708923339844,12.882429122924805,16.209449768066406,14.784903526306152,14.74256706237793,-4.5474419593811035,14.355055809020996,2.2486884593963623,8.419302940368652,0.4781414866447449,9.613442420959473,-4.3046088218688965,12.730825424194336,-1.8032344579696655,8.757034301757812,1.647528886795044,8.427703857421875,-6.185660362243652,8.101505279541016,0.5593132972717285,0.44373655319213867,0.40634047985076904,0.46824774146080017,0.5084624290466309,0.5073407888412476,0.4838070869445801,0.5654727816581726,0.5115551948547363,0.4949076771736145,0.4832373261451721,0.5347536206245422,0.05410610266643514,0.03131526691890741,1616.9898630781547,1162.3366204347406,2208.37483739707,745.1203502714984,2825.246179850638,2028.3872115674917,0.03853796584976798,0.04225531389531171,18.378144076121885,5.0454370896289,10.314094779850667,3.7446928582793335,14.708595329778452,3.924771290757451,15.705982416826735,3.6878670112431897,16.759149465240696,2.7185396337350225,22.680299878790038,6.897588494289412,31.629213012399205,5.045218078316977
original_mix,142.5,147.5,-368.83795166015625,60.39608383178711,210.41358947753906,29.426395416259766,7.878978729248047,18.912704467773438,13.972421646118164,17.489273071289062,19.654874801635742,13.925740242004395,10.399672508239746,11.8170747756958,-3.914973258972168,11.232760429382324,3.534318447113037,6.0387420654296875,0.9476812481880188,7.616216659545898,0.7552422285079956,8.597508430480957,0.9631531238555908,6.388439178466797,1.6406861543655396,6.664275646209717,-1.0853806734085083,7.913145542144775,0.44704383611679077,0.3326800763607025,0.33885547518730164,0.4867749810218811,0.7532211542129517,0.5650707483291626,0.45152562856674194,0.6047766804695129,0.4612102508544922,0.36838796734809875,0.37574586272239685,0.4597763121128082,0.03539491271958827,0.02312519366711299,1087.2123748932686,730.3836198048257,1757.6826994658313,708.8535851025324,1879.783683475928,1501.7496745245398,0.023016060034802784,0.018988335625221255,19.70631998197889,5.2253344870261325,11.312215385900098,3.587829026557189,14.538281309699377,3.4640035815369097,16.714457818005936,3.57557962365913,17.01034991380221,2.5520778874412495,21.522739066586084,4.928029176327721,26.423481330180504,5.303101721694937
original_mix,145.0,150.0,-388.9609069824219,54.146949768066406,207.90335083007812,11.126328468322754,19.036048889160156,17.924846649169922,6.140859603881836,10.967101097106934,25.879230499267578,7.287507057189941,9.937740325927734,12.851700782775879,-5.677481651306152,8.311358451843262,1.6591715812683105,7.880710124969482,0.8231848478317261,6.309694290161133,0.9863332509994507,6.580343246459961,2.0884110927581787,6.071979999542236,0.8273653984069824,5.220545768737793,1.1092363595962524,6.86220645904541,0.37301409244537354,0.28313976526260376,0.25268033146858215,0.41152051091194153,0.8395373225212097,0.5990423560142517,0.37830883264541626,0.5394183993339539,0.4379127025604248,0.40645021200180054,0.3268350064754486,0.34133264422416687,0.03204045785707692,0.025813818795404744,845.4246831061253,327.3523586446342,1446.256908018546,383.316609312768,1403.7550074318447,660.0214468152863,0.018722357163573084,0.006848516471999943,20.392637921585216,5.4920760232086385,12.222619267000338,3.886217956881215,15.299408304838153,3.733708664510243,17.702639632244626,3.475555478076321,17.335624882658557,2.2080495297556078,22.726487244911194,6.3743090744205615,23.87983198475284,4.348102460697529
original_mix,147.5,152.5,-325.9317626953125,64.94393920898438,197.9625701904297,32.283302307128906,9.771602630615234,29.92873191833496,9.900891304016113,24.599811553955078,22.032215118408203,11.938096046447754,15.555458068847656,14.25499153137207,-7.544991493225098,11.416674613952637,-1.5406193733215332,9.24444580078125,0.847834587097168,8.07349681854248,-3.4719157218933105,11.377800941467285,-1.1049485206604004,9.685565948486328,-1.8322522640228271,9.303339004516602,-3.0581917762756348,8.236238479614258,0.4054597318172455,0.34732264280319214,0.29981791973114014,0.3404392600059509,0.5752204656600952,0.5802093148231506,0.41460779309272766,0.4684007465839386,0.44187676906585693,0.48252320289611816,0.4211965799331665,0.37350818514823914,0.05535684119728491,0.038974056660355506,1194.712742868955,738.0474002134044,1794.4648493500024,687.7835130142001,2081.376431989559,1506.7070248419288,0.027393597737819027,0.0226396623780812,19.776421198545908,5.262170118606217,11.183190026755918,3.609255765958378,16.082329957434915,4.491935076636079,16.806547622914998,3.7946580011779942,17.158262655768798,2.5587396916449525,24.360370730790915,7.890693500020754,28.236265634836393,5.793943131162282
original_mix,150.0,155.0,-276.3417663574219,56.68073272705078,197.37660217285156,50.21705627441406,-6.8506999015808105,26.715045928955078,18.933290481567383,35.21043395996094,16.385236740112305,17.068605422973633,15.641901016235352,15.276006698608398,-4.81076717376709,14.763813972473145,1.7857667207717896,8.546863555908203,-0.8738043904304504,9.47125244140625,-5.796046733856201,14.390564918518066,-3.8895604610443115,10.67439079284668,-2.112598419189453,9.403841018676758,-5.892945289611816,9.213644981384277,0.42782890796661377,0.4051859676837921,0.4021965563297272,0.4082778990268707,0.46292346715927124,0.5420743823051453,0.497898668050766,0.490674763917923,0.44881170988082886,0.4373483955860138,0.3701840043067932,0.3516311049461365,0.08251478901595362,0.05138549419917159,1628.0810895850034,1126.1941684538294,2110.873197132656,776.5236916849599,2864.6154700188513,2039.288968276131,0.04095331532772622,0.04073398113542504,19.922698306173917,5.449380566117619,10.993848770031606,3.4777303156571855,15.683736151578382,4.184568966926864,15.83687734001297,3.868866584031912,17.00492975118588,2.9164126809059687,24.623799509391205,8.433711369520223,32.37586150171851,4.887926631783688
original_mix,152.5,157.5,-277.0584716796875,65.33233642578125,193.58407592773438,53.07755661010742,-3.9973044395446777,26.877273559570312,16.779041290283203,34.79680252075195,10.183915138244629,17.178253173828125,12.739947319030762,15.670255661010742,-4.025979042053223,14.977005004882812,2.879188060760498,8.174057960510254,0.4131166636943817,10.366443634033203,-3.907242774963379,13.29886531829834,-4.853240489959717,10.27066421508789,0.0408673919737339,7.472029685974121,-8.022444725036621,8.850275039672852,0.4962630569934845,0.42980414628982544,0.46267762780189514,0.4779033958911896,0.459870845079422,0.5271605849266052,0.5067903399467468,0.5423269867897034,0.4809417128562927,0.43487676978111267,0.3892771899700165,0.42625728249549866,0.08037277910287931,0.055323275463462884,1729.5851137518196,1253.3857471007966,2205.1973478405507,837.767069640462,2993.914610825116,2325.923937696363,0.04449363761600928,0.04607891619854194,20.24158608238769,6.174157016228863,11.221319206986774,3.6896787826643838,15.133150587162879,3.76510814981385,16.068337816074173,3.6980817842522193,16.831692107027877,2.838073067876374,23.942959319550155,8.429696148495289,32.39898348994783,5.585509937364884
original_mix,155.0,160.0,-300.3597717285156,63.258705139160156,194.82920837402344,48.785682678222656,4.03400182723999,27.378530502319336,15.462541580200195,31.662336349487305,9.60936164855957,17.255525588989258,13.249748229980469,16.742738723754883,-3.948578119277954,13.676198959350586,1.075340986251831,9.298385620117188,2.2977373600006104,9.46936321258545,-3.3696300983428955,12.291888236999512,-2.9962339401245117,11.12951374053955,-1.1672916412353516,6.951111316680908,-9.411574363708496,7.856393814086914,0.5301569700241089,0.41623184084892273,0.3875613510608673,0.39376017451286316,0.4570213258266449,0.528171181678772,0.5078098773956299,0.608734130859375,0.5319295525550842,0.406791090965271,0.37597575783729553,0.45557311177253723,0.06867195410208815,0.04973396566560551,1600.3483923489096,1154.5128988378235,2172.45341449127,926.9687729764725,2859.5694061774943,2387.888585078343,0.038531168430974476,0.040600368295202284,20.99477660132014,6.32892982010134,11.216140658753194,3.711221135928382,15.026574942635836,3.4540752403482085,16.469190600584085,3.5850819727437724,17.232002059183444,2.9193272666311354,23.157167732988924,7.746650697865702,31.268771236320983,5.742747605413348
original_mix,157.5,162.5,-302.5705871582031,65.1209716796875,196.3101043701172,44.25833511352539,2.9771225452423096,25.172025680541992,15.809616088867188,31.090166091918945,16.148548126220703,16.864879608154297,16.779150009155273,17.795846939086914,-3.8916473388671875,13.33085823059082,1.8766251802444458,9.258817672729492,-0.02603340521454811,8.769508361816406,-3.9526243209838867,12.033855438232422,0.6602793335914612,9.959184646606445,-1.159364104270935,6.569492816925049,-8.278936386108398,8.624966621398926,0.47207146883010864,0.4045356214046478,0.36754509806632996,0.40042170882225037,0.5422281622886658,0.5978344678878784,0.5380591154098511,0.6462402939796448,0.5945760011672974,0.4393314719200134,0.38098499178886414,0.40869465470314026,0.07119431550638305,0.05090093994695775,1470.862302094725,991.0651049007981,2076.89105251304,833.9754961944317,2703.6410373767403,2021.8062442341359,0.03328016241299304,0.03366345193754483,21.185350899493695,6.0133745151922975,10.842901416330855,3.365094490191524,15.152242231674844,3.6932888661081127,16.34876339226465,3.8493660082783636,17.54217615950088,3.08938001836045,23.368177721517544,7.752683125170177,30.623693915872366,5.77607836415225
original_mix,160.0,165.0,-278.806884765625,63.56196212768555,197.5548553466797,51.110721588134766,-1.9716274738311768,25.19837760925293,16.94892120361328,31.570255279541016,18.011850357055664,14.75584888458252,15.480191230773926,18.658546447753906,-7.015211582183838,13.999648094177246,5.659435272216797,9.440939903259277,0.8076177835464478,9.712477684020996,-6.090401649475098,12.224071502685547,-1.0350902080535889,10.401350975036621,-0.3758949935436249,8.937129974365234,-8.450906753540039,9.124229431152344,0.4438389837741852,0.3741958439350128,0.434388667345047,0.4919678568840027,0.5069666504859924,0.479679673910141,0.5308857560157776,0.5805625915527344,0.5027977824211121,0.4684922397136688,0.426358699798584,0.43774887919425964,0.0876870947736564,0.05542840961765564,1534.9511882861398,1138.3405094114746,2063.6251066756895,805.7087902044893,2733.0680829466355,2097.74043317869,0.03635599441705337,0.03677982412194171,21.54586115230924,5.758517409559639,10.965458808377244,3.9075018253733176,15.263255174058848,3.9672904712334067,16.102855974045923,3.7971106367839402,16.920238616788843,2.947280145815062,24.300019754694187,8.212269495944385,31.456189093981095,5.867774095245875
original_mix,162.5,167.5,-264.1209716796875,54.14806365966797,195.97842407226562,61.361995697021484,-2.7312490940093994,27.519489288330078,16.988683700561523,33.47346496582031,12.3732328414917,15.197110176086426,16.31393051147461,19.77790069580078,-6.961883068084717,14.561474800109863,4.9282026290893555,11.042187690734863,2.209021806716919,10.035499572753906,-5.705684185028076,13.05422592163086,-5.547489166259766,10.961912155151367,0.9319129586219788,9.259501457214355,-7.076483249664307,9.758296012878418,0.4848744571208954,0.4118230938911438,0.39245712757110596,0.4395097494125366,0.48282989859580994,0.47342896461486816,0.4648895263671875,0.5160907506942749,0.4776478111743927,0.4774320125579834,0.4534522593021393,0.4286586046218872,0.09537772674398744,0.056602620532974476,1757.3597388902733,1392.2428531978323,2208.6577200794736,1006.2390324428138,3142.8983967154873,2696.247109328586,0.04371986477668213,0.04636089400076728,20.450965443731743,6.113937942567318,11.032129513872434,3.929175199046203,15.353553504116077,4.766866766499511,15.849965299416441,4.154269832722319,16.953470484460002,3.0337229617299375,24.386975004608264,8.350674298561866,32.856114378619,5.458243678062337
original_mix,165.0,170.0,-264.6369934082031,59.973472595214844,188.26116943359375,59.92943572998047,-4.156682014465332,26.45380401611328,19.570520401000977,34.34040832519531,9.246349334716797,17.91936492919922,16.94593048095703,17.04998779296875,-3.8218822479248047,15.424257278442383,2.7807281017303467,9.582962989807129,-0.2807982563972473,10.283801078796387,-2.855983018875122,13.206499099731445,-7.151374340057373,10.328166007995605,0.8020167946815491,8.78847885131836,-5.353017330169678,9.215047836303711,0.5141688585281372,0.4158640503883362,0.43000850081443787,0.47676634788513184,0.5010243058204651,0.5262890458106995,0.5055034756660461,0.5691574811935425,0.5069445967674255,0.47144559025764465,0.42496421933174133,0.46179795265197754,0.08603551849861156,0.055201154150619526,1918.0408771721932,1448.2326361606322,2392.687126606994,1010.8245147430056,3415.78553237384,2751.740959581866,0.04783343604988399,0.05319934039308086,19.260223301249383,5.590821687510475,11.143644086999634,4.069861759452204,15.307725473546606,4.103717589354069,15.870522155879561,3.972550602877323,16.80679827377627,3.2679452886467226,22.607183261541117,7.62834559810548,33.365132457547965,5.715690492878344
original_mix,167.5,172.5,-284.57781982421875,74.73391723632812,189.40545654296875,49.640296936035156,-5.0931291580200195,24.154788970947266,21.49012565612793,32.113365173339844,10.397601127624512,18.941970825195312,12.084973335266113,14.552474021911621,-2.615736722946167,14.692961692810059,3.3849477767944336,9.157755851745605,-1.8473014831542969,9.544876098632812,-1.094282865524292,11.830634117126465,-3.6537015438079834,10.096552848815918,0.6733601689338684,9.184453964233398,-3.426863431930542,8.214262008666992,0.5486465096473694,0.4111920893192291,0.4002561867237091,0.46183302998542786,0.5499826669692993,0.4825628101825714,0.4355095326900482,0.5388944149017334,0.469941109418869,0.42923787236213684,0.40541383624076843,0.5263408422470093,0.0742717282371185,0.05972079169532447,1738.605584830657,1264.8836493661056,2257.926269828413,844.9176726471293,3055.0669092589906,2292.7354944398385,0.04312282482598608,0.04594845736011365,18.192995407217815,5.582298564642551,11.03208367091386,3.8436980399648135,14.817388153601945,3.6199282902788146,16.377447814451763,3.981715919229174,17.133922558509223,3.1202609998311233,22.18021261769109,6.917837549914529,31.962827633644284,6.14132915550387
original_mix,170.0,175.0,-279.3715515136719,74.0163345336914,196.79429626464844,41.41069412231445,2.2868943214416504,26.81976318359375,12.621858596801758,27.094749450683594,14.223546028137207,16.868562698364258,15.138850212097168,15.764874458312988,-6.653541088104248,14.130796432495117,1.1150081157684326,10.487004280090332,-0.9769690632820129,9.665430068969727,-1.585971474647522,11.338133811950684,-3.373486042022705,10.513792991638184,-2.388308048248291,9.892937660217285,-2.191206216812134,8.607621192932129,0.49749329686164856,0.3903491795063019,0.37958598136901855,0.44934865832328796,0.6526152491569519,0.5659609436988831,0.3999803066253662,0.4640938639640808,0.43810972571372986,0.40675389766693115,0.36415669322013855,0.4637616276741028,0.08665747275217296,0.06386661867617646,1430.6700116061354,929.5596278346533,2078.6047759675316,684.0342459834527,2421.760916654582,1710.4786929749114,0.03384774688225058,0.03318812575974252,19.342746514458625,6.142173820310034,10.355652233592252,3.458645487466334,14.562108025249982,3.7723937954350224,15.800423782327588,3.5784515501039595,17.380704700686188,2.7729367292352807,21.96527395146757,5.8862262774254965,31.53559209840358,5.693936390727468
original_mix,172.5,177.5,-269.7054748535156,69.12028503417969,192.51058959960938,48.34734344482422,1.7698814868927002,26.57314109802246,14.516875267028809,29.92654800415039,13.46192741394043,16.730134963989258,19.034915924072266,16.168678283691406,-7.935206890106201,14.101869583129883,1.0605003833770752,10.040423393249512,-1.567649006843567,11.278623580932617,-3.715470314025879,13.663715362548828,-4.917830467224121,11.393637657165527,-2.844852924346924,9.711624145507812,-4.092433452606201,9.408881187438965,0.4562658369541168,0.39144694805145264,0.38264694809913635,0.43430203199386597,0.5849263668060303,0.6062132120132446,0.40790465474128723,0.42659246921539307,0.4701732099056244,0.5576223134994507,0.4637596309185028,0.4280351996421814,0.09364503597421464,0.06492115190910662,1604.1525239101638,1153.619079968205,2240.055372242525,737.609052741537,2688.253040712007,2016.886476583848,0.03917352450696056,0.04479741397854297,20.872613292989175,5.766900411295177,10.23505320535949,3.3918051299290006,15.444345031523882,4.026318565529065,15.576890019619324,3.799111606297134,17.123282055614567,2.6719840389692147,22.164649651598232,6.435751268666857,32.76644276859703,5.478121685410493
original_mix,175.0,180.0,-290.691650390625,70.05839538574219,180.20652770996094,48.66926574707031,-0.053962018340826035,25.237525939941406,22.346471786499023,34.22069549560547,14.247203826904297,16.70728874206543,14.143060684204102,16.34144401550293,-3.8211004734039307,13.536953926086426,3.223548173904419,9.559060096740723,-1.0788862705230713,10.66669750213623,-3.8460497856140137,13.226875305175781,-0.6638302803039551,10.685908317565918,0.33381029963493347,8.492403984069824,-3.4087331295013428,8.43459701538086,0.5458906292915344,0.4657086730003357,0.38975125551223755,0.42464160919189453,0.5071666240692139,0.5373944640159607,0.4236801266670227,0.4936271607875824,0.5115371942520142,0.5687568783760071,0.49220922589302063,0.4466317594051361,0.06936432698227275,0.057053227503790445,1751.4530092763969,1247.1905587792803,2319.3510921417324,728.1985991801205,2996.2128181191997,2067.5660973780355,0.04330408932714617,0.049273324295739024,19.765952606635736,5.781106688407664,10.404374791347758,3.7535805332106786,14.961219406380133,3.6746181237251103,15.951387643695224,3.688266467281355,16.93653387673939,2.911095792586893,22.194506133839514,7.442766460890839,32.036219176626325,6.292155451010112
original_mix,177.5,182.5,-278.95501708984375,63.310482025146484,188.28233337402344,50.653564453125,-4.53943395614624,27.782150268554688,23.838665008544922,33.29060363769531,13.923039436340332,16.818635940551758,11.504973411560059,16.104446411132812,-3.7049472332000732,12.962307929992676,4.9667510986328125,9.292506217956543,-0.95127934217453,9.812702178955078,-4.47799015045166,13.062191009521484,-3.0966873168945312,10.556375503540039,-0.37807518243789673,8.89997673034668,-6.310290336608887,10.352001190185547,0.5236817002296448,0.4517936408519745,0.444088339805603,0.4643131196498871,0.47862040996551514,0.48987650871276855,0.4869704246520996,0.5263565182685852,0.45137810707092285,0.4401927590370178,0.4145372211933136,0.4243706464767456,0.07550319839969036,0.04653019160103169,1705.6458805436687,1214.5321116188245,2243.896140454801,776.3054172334439,2926.766989015371,2174.282390479321,0.04256770229118329,0.04556436055165302,19.617052678316945,5.785700394293313,10.294775114907468,3.5324448671379933,14.892578373461363,3.8743474360921617,16.10049103401409,3.967553301395552,16.75973774401631,2.7574644141922175,23.49524151705791,7.800868231069129,32.58263623918669,5.649775131519956
original_mix,180.0,185.0,-278.36968994140625,60.487098693847656,185.57591247558594,55.69967269897461,-4.4358744621276855,29.872543334960938,23.532482147216797,33.88303756713867,12.636916160583496,15.62015151977539,8.273869514465332,16.136146545410156,-5.826931953430176,13.49072551727295,4.929085731506348,8.362924575805664,0.1597030907869339,10.51609992980957,-1.8629400730133057,13.132455825805664,-3.6485514640808105,10.322914123535156,-0.33823099732398987,9.657588958740234,-9.012467384338379,9.400093078613281,0.5159799456596375,0.4702129662036896,0.45021024346351624,0.4571698307991028,0.436845988035202,0.4490128457546234,0.46980223059654236,0.568833589553833,0.5163795948028564,0.45207884907722473,0.43581509590148926,0.4557565152645111,0.07404118877232697,0.047865768684139935,1839.696201463217,1342.071798641756,2300.081250238805,879.8728102968045,3144.197383446926,2474.9985773964354,0.0478492966937355,0.04757669134622012,19.76078394081427,6.018914348493607,10.08735268956664,3.516454612611218,14.747574181506634,3.7763324364528317,16.3148598101289,4.1951295762693075,17.009397085575216,2.9574758062098696,22.826266203606863,7.2844955670268545,32.6440982781992,5.777346661710035
original_mix,182.5,187.5,-286.903564453125,69.16527557373047,186.25762939453125,55.75209426879883,-5.764995098114014,28.526832580566406,22.035831451416016,34.76164245605469,12.947646141052246,14.725729942321777,10.482831954956055,15.051498413085938,-9.224845886230469,13.990385055541992,3.9726874828338623,8.217890739440918,-0.4845268130302429,11.638225555419922,-0.8031660914421082,12.041739463806152,-2.846463203430176,11.7344331741333,-0.5457696914672852,9.86521053314209,-8.068843841552734,8.055378913879395,0.4815457761287689,0.4082008898258209,0.4097311198711395,0.4313240349292755,0.4673825204372406,0.44476374983787537,0.4623318314552307,0.6033954620361328,0.46089619398117065,0.40122827887535095,0.3922932744026184,0.421000599861145,0.06888064002216278,0.04637656787008366,1812.2054662991347,1296.163064102807,2291.3232634336164,788.5152796783957,3034.782731837297,2241.2486437163593,0.04597660781612529,0.04626215249248316,20.784069307830944,6.057943574438258,10.461320456244321,3.82828060371917,14.977379303599726,3.76358805712142,16.20404982841081,4.163373307768266,17.21103481763447,3.2057648481042804,22.261729447929994,6.751249940049053,32.2221063003108,6.147262934654739
original_mix,185.0,190.0,-293.64453125,74.81236267089844,188.1057891845703,50.368778228759766,-4.123195648193359,28.05559730529785,16.838733673095703,30.397077560424805,14.370079040527344,18.131425857543945,16.82840347290039,17.130847930908203,-4.421661376953125,14.024443626403809,3.2538914680480957,8.81649112701416,-0.7126758098602295,10.444424629211426,-1.290746808052063,12.317227363586426,-2.0634093284606934,11.811566352844238,-0.4177318215370178,8.85383129119873,-7.73669958114624,9.207767486572266,0.4803723394870758,0.3796418607234955,0.38302236795425415,0.4242413640022278,0.4900749921798706,0.4622109532356262,0.4293676018714905,0.5440757870674133,0.4845139682292938,0.49479129910469055,0.4281984269618988,0.40573880076408386,0.06798116321483165,0.04808215965556184,1675.170507002559,1250.5838922081534,2230.97266657549,703.8355406991407,2808.109547201276,2034.8259382966885,0.04007531540023202,0.045392554005248574,21.410769328428,5.600358502269841,10.771210366778428,3.439431314363674,14.737977250962262,3.915833880469656,16.029990699650828,4.057276015726797,17.44470602640192,3.0551856373800925,22.958883718033533,7.145802871570249,31.572282315773677,6.603297953755706
original_mix,187.5,192.5,-309.5834655761719,75.91586303710938,190.69761657714844,45.6619758605957,-1.9055384397506714,26.434011459350586,17.684120178222656,27.455398559570312,14.233426094055176,18.610111236572266,14.975568771362305,17.7425537109375,-1.0794646739959717,12.644388198852539,5.414297580718994,10.153966903686523,0.924582302570343,8.368834495544434,1.3876181840896606,10.61612319946289,-1.0591206550598145,10.108037948608398,1.7702935934066772,8.041373252868652,-5.708909511566162,9.79502010345459,0.5881574153900146,0.5011168718338013,0.40493860840797424,0.4193859398365021,0.46951162815093994,0.5183426141738892,0.4649949073791504,0.5585066676139832,0.5500224828720093,0.5782526135444641,0.49862611293792725,0.4412230849266052,0.058445353398052007,0.04361739312630032,1562.3044741563872,1165.6402154010182,2190.353836189693,681.654656436409,2652.9305938225057,1959.6270141897642,0.035653594475058004,0.041080108327148736,19.679301457069567,5.692952663232404,10.576204393103401,3.612209725034302,14.52938502175767,3.9337815808136742,16.390113357570677,3.8317721697075497,17.214059977697097,2.7902544480712317,21.374162029348057,6.615038928099003,30.517508035100576,6.381182524769448
original_mix,190.0,195.0,-292.7341613769531,63.21232223510742,181.19155883789062,49.964473724365234,-0.03542191535234451,26.50934410095215,20.01825714111328,30.539249420166016,12.183728218078613,16.09613609313965,12.010108947753906,16.92001724243164,-2.4663381576538086,12.208565711975098,5.8658857345581055,10.176254272460938,1.0507920980453491,9.328243255615234,0.15571342408657074,10.877514839172363,-2.284886360168457,9.686127662658691,2.006019353866577,7.8910675048828125,-4.618165016174316,8.581097602844238,0.64255291223526,0.5090941786766052,0.422167032957077,0.44483861327171326,0.4857196807861328,0.5118567943572998,0.5052247047424316,0.585646390914917,0.4806368350982666,0.46990418434143066,0.441474974155426,0.487545371055603,0.058669048936264005,0.04013057368400603,1818.9828747494528,1232.4283038820927,2468.7651039344387,987.2977511919343,3259.457475348028,2525.738744217941,0.03911914515661253,0.03569988567612105,18.97898893099586,6.162757164392242,10.624725896892208,3.6640334389288496,14.063082709095292,3.7188064361108877,16.163482100289706,3.763852347277554,16.701985416529308,2.7776318772775213,20.734470946135126,6.516684067723528,31.8847594692099,5.331590103504533
original_mix,192.5,197.5,-283.5358581542969,68.18084716796875,166.7850799560547,50.54314041137695,0.26891955733299255,25.51353645324707,26.191301345825195,36.007591247558594,10.727951049804688,15.860315322875977,10.134790420532227,17.478492736816406,-0.4261477589607239,13.001273155212402,4.9410505294799805,10.54255199432373,-1.065510630607605,9.273761749267578,-0.7011973857879639,11.446346282958984,-2.7814011573791504,10.940173149108887,0.2578110098838806,8.728289604187012,-6.586816787719727,9.01148796081543,0.6280154585838318,0.4923410415649414,0.42642268538475037,0.4244057536125183,0.43481358885765076,0.41585198044776917,0.43285197019577026,0.5587832927703857,0.468838095664978,0.417819619178772,0.43061137199401855,0.5375362038612366,0.06373528771214793,0.05654577291144275,2086.4863543086403,1386.260433584995,2633.0291073307053,1052.1210816069745,3823.917171186195,2821.8890317331625,0.048411216647331785,0.04429664247940931,18.168004457603782,5.657912465271753,10.660470496876446,4.2027280295749225,14.857219781510585,3.851139296679579,16.19292492259416,3.6316378513198564,16.93036865517641,2.9605529620852566,20.449753102112677,5.90807577243848,32.62876198102942,6.3288700420594415
original_mix,195.0,200.0,-272.03143310546875,71.049072265625,178.23159790039062,49.874839782714844,-4.723633289337158,26.924991607666016,26.343097686767578,34.678646087646484,16.688392639160156,18.52982521057129,12.08195972442627,20.665573120117188,-4.5421223640441895,14.984493255615234,2.8523576259613037,11.16424560546875,-0.03856557980179787,10.765908241271973,-2.69352388381958,11.85750961303711,-3.8276336193084717,10.793585777282715,-2.1721301078796387,9.209156036376953,-8.202502250671387,9.296926498413086,0.4700905680656433,0.4136272966861725,0.4027884006500244,0.4582553505897522,0.5368804335594177,0.4673959016799927,0.44725024700164795,0.5135377049446106,0.43874165415763855,0.38096103072166443,0.36823293566703796,0.44611671566963196,0.08214684258368549,0.0613928642704779,1803.4900558366785,1246.7957668431739,2308.4463775434847,853.8348410624665,3263.8540458236657,2347.894198754945,0.04329049448955916,0.04155039497140487,18.8141866783923,5.682514800087655,10.766130816008095,3.7929803769877033,15.017917192761123,3.973149789584836,16.055454004804666,3.9746258873244904,17.15611671678972,2.9245630908187215,22.692630232113824,8.278736044975053,32.859091878031556,6.275871410101176
original_mix,197.5,202.5,-289.5177001953125,67.08821868896484,190.25894165039062,42.8401985168457,0.07749680429697037,28.98828887939453,19.092119216918945,26.97568130493164,19.851055145263672,16.602214813232422,14.96536922454834,20.40459632873535,-7.663184642791748,13.418866157531738,1.265409231185913,9.253645896911621,2.101433515548706,10.800677299499512,-3.508587121963501,12.331168174743652,-2.7131142616271973,10.0485200881958,-2.2238800525665283,8.32121753692627,-6.198209285736084,8.769065856933594,0.37977415323257446,0.3386557996273041,0.3362154960632324,0.4384051561355591,0.6987911462783813,0.6208397746086121,0.4202764630317688,0.401152104139328,0.3840663731098175,0.442584753036499,0.38773494958877563,0.3766999840736389,0.07378888815174661,0.05053505558467263,1502.593174732851,977.8973665579119,2142.976169978298,790.0250184446874,2709.6863217807427,1974.9256950198087,0.03289157663863109,0.029426264540083083,19.579147229534,6.504984571128415,10.760045857451269,3.548547522843838,14.583672896103202,3.772533380894575,16.269724738019775,4.013223142797605,16.957054782974765,2.7848674317319917,22.972595028928406,8.393075901164119,31.257110286849443,5.8752531623799715
original_mix,200.0,205.0,-294.6271057128906,62.570335388183594,179.79042053222656,44.80025100708008,11.724519729614258,27.69032859802246,19.766340255737305,29.65139389038086,15.11456298828125,16.392332077026367,13.663105964660645,15.973960876464844,-2.8026905059814453,14.32106876373291,0.31148025393486023,9.244451522827148,0.3824538588523865,10.285536766052246,-2.8646559715270996,11.59175968170166,-1.9595290422439575,9.734480857849121,-1.3759759664535522,8.887126922607422,-5.961991310119629,9.887450218200684,0.4415368139743805,0.3770836889743805,0.33931228518486023,0.3986826539039612,0.5977134108543396,0.5843740701675415,0.380764365196228,0.3722946345806122,0.40350285172462463,0.5097708702087402,0.4570767283439636,0.413250207901001,0.07382534215066867,0.05947193471309432,1591.2530449154967,1189.3816158165334,2239.941995108296,899.0639842337426,2832.39060687355,2372.9054757316862,0.0358461880075406,0.03734725627160679,20.142677339711675,6.29825610861999,10.607008455720742,3.5128693687763732,14.99509703669395,3.7938332433223474,16.729537495689225,3.9775682254929157,17.197087329149156,3.095699460564964,21.180213164236058,6.42054836848694,30.82069023984986,6.352329525527736
original_mix,202.5,207.5,-276.8204040527344,63.08209991455078,175.25193786621094,46.651458740234375,7.866349697113037,29.109588623046875,23.413650512695312,32.55618667602539,16.028690338134766,18.216463088989258,15.915861129760742,17.4050235748291,-2.1436047554016113,14.990850448608398,1.1501083374023438,10.645455360412598,-1.521358609199524,10.192858695983887,-2.798842668533325,11.200085639953613,-1.840636968612671,9.703598022460938,-0.5665154457092285,9.218147277832031,-7.650207996368408,10.01533031463623,0.4797252416610718,0.384183406829834,0.3575766682624817,0.406804621219635,0.4962495267391205,0.5236949920654297,0.46422091126441956,0.4822942018508911,0.4437694251537323,0.4825439453125,0.405060738325119,0.3911757469177246,0.08423501817971953,0.06109004451142449,1726.8690462091515,1253.7823812752436,2379.0341705275655,822.2818761876667,2992.515702037413,2312.466931871929,0.04046616698085847,0.04293299224876455,19.65725185703954,5.907708007774676,10.490180459339745,3.5360520428336577,15.960468003441331,3.956780967122275,16.178266473003738,4.01953742307991,16.998874588780108,2.9229690231627674,21.148298420288306,6.434555255134064,32.30656469082883,6.067314207423614
original_mix,205.0,210.0,-277.1515808105469,65.08200073242188,176.3993377685547,42.97633361816406,3.2934107780456543,27.267641067504883,19.223188400268555,28.993959426879883,19.283449172973633,15.865385055541992,16.735515594482422,15.834451675415039,-4.336271286010742,13.929666519165039,2.962376356124878,9.282249450683594,-1.0365575551986694,9.355623245239258,-4.262375354766846,12.182456016540527,-2.003275156021118,11.295428276062012,-1.0777806043624878,8.508231163024902,-6.206952095031738,8.371031761169434,0.5111362338066101,0.370624303817749,0.3355492651462555,0.3679436445236206,0.45915770530700684,0.5159899592399597,0.5436102151870728,0.6029682159423828,0.5112100839614868,0.4929630756378174,0.38647353649139404,0.43263325095176697,0.07562071266702945,0.052442643244765316,1700.8844074261046,1124.5312824292528,2415.7104735048074,822.7320860381594,3050.8701828958815,2238.7726514795554,0.036726453741299306,0.03811522872292625,19.4127750897781,6.021301030002818,11.256260367794212,3.9852222745495975,15.95357004518039,4.178874443084564,15.757970857413907,3.93872710462137,16.872659321252527,2.79187122259417,22.498772213117782,7.590205270878872,32.2166177132566,5.634524131762966
original_mix,207.5,212.5,-269.41949462890625,59.20930099487305,187.02297973632812,51.44380187988281,-6.39723539352417,23.360380172729492,22.859575271606445,32.88494110107422,15.806941986083984,16.217140197753906,16.920917510986328,16.09641456604004,-4.95977783203125,15.70287799835205,4.227576732635498,8.595276832580566,-2.045140027999878,10.558634757995605,-4.79331636428833,13.798532485961914,-3.909107208251953,11.0485258102417,-1.9576305150985718,9.818750381469727,-6.755087852478027,7.976653575897217,0.4747638404369354,0.3824273943901062,0.36782342195510864,0.41489696502685547,0.5035581588745117,0.5058614015579224,0.5164501667022705,0.6042234897613525,0.510547399520874,0.4630909264087677,0.40030205249786377,0.447893887758255,0.0828099050742775,0.04956304974755573,1762.044791404605,1203.8734872494656,2333.199504303814,855.3740663248083,3182.2676868837007,2260.3129275045603,0.03953378770301624,0.04263862113085136,21.25632809525652,6.590110918164838,11.350652964604627,3.8054229423439496,15.603425951031655,4.236750545299787,15.78013414822688,3.714421231401635,16.90368959683171,2.667616372389969,24.031409695428746,8.244306609552622,33.22952539350686,4.900093218777186
original_mix,210.0,215.0,-270.5127868652344,68.10972595214844,174.81436157226562,55.286319732666016,-3.720202684402466,30.101478576660156,27.062870025634766,39.15474319458008,15.574508666992188,17.066436767578125,14.763396263122559,17.33725929260254,-3.267700672149658,14.06822681427002,2.6857659816741943,10.485940933227539,-2.0651774406433105,10.054022789001465,-4.13926887512207,12.523419380187988,-4.282955646514893,10.1107177734375,-0.4841511845588684,9.880269050598145,-6.347639083862305,8.446304321289062,0.3719721734523773,0.34391316771507263,0.3957037925720215,0.5803840160369873,0.6231404542922974,0.4729311168193817,0.5227014422416687,0.5045259594917297,0.4302307963371277,0.35377195477485657,0.3547142744064331,0.4318782091140747,0.07911775842646089,0.04991097424392364,1886.2535435430766,1380.930331299385,2304.600430262719,760.150716172905,3203.501123839907,2281.193354659019,0.04874995468387471,0.052730650730551186,22.098751270425325,6.597016074266486,11.259060702981255,3.7682309781966694,15.594424884659603,3.902466162108075,15.861315553751803,3.6973918159217662,17.18548769690609,2.888739440351026,22.104906380949956,7.181876463490982,33.03438969985913,6.790946159501871
original_mix,212.5,217.5,-289.5262756347656,70.88327026367188,175.20870971679688,51.44163513183594,1.7001961469650269,31.688901901245117,22.85022735595703,36.60544204711914,15.793392181396484,15.15051555633545,15.692322731018066,16.618247985839844,-3.9654927253723145,12.537980079650879,0.39196082949638367,9.948616027832031,-1.1949279308319092,9.134896278381348,-3.8127713203430176,11.22652816772461,-2.1063921451568604,10.609541893005371,0.7732130289077759,9.019855499267578,-4.619450569152832,8.242608070373535,0.4494297504425049,0.3569863438606262,0.3233942687511444,0.3819580674171448,0.6027416586875916,0.5856041312217712,0.438016414642334,0.5068631768226624,0.5039092898368835,0.5282599925994873,0.43066611886024475,0.4097406268119812,0.0670858006989216,0.047135271763815455,1747.6072838270563,1274.046858386195,2263.838347462007,722.9860103010187,3007.7538156177493,2185.029380946751,0.04319419772331787,0.045183142903781934,20.77596828847696,5.890264798312619,10.85040280450114,3.753548917241614,15.086117884142077,3.3493149563255034,15.846991553472838,3.719773192746467,17.358529242984744,3.11234125791713,20.952075321833824,5.858856510427892,31.71832200706198,6.770231169357599
original_mix,215.0,220.0,-280.32672119140625,61.471153259277344,183.939208984375,45.51381301879883,8.320667266845703,27.687490463256836,12.619359970092773,29.1900634765625,18.62334632873535,16.592065811157227,18.871248245239258,17.320640563964844,-5.323185920715332,14.899177551269531,-0.060362283140420914,9.885454177856445,-1.851141333580017,8.839522361755371,-5.228244304656982,12.577502250671387,-0.3418015241622925,9.005626678466797,-1.697790265083313,8.979497909545898,-3.995340347290039,8.070076942443848,0.45332810282707214,0.3687307834625244,0.33930644392967224,0.40080443024635315,0.5049733519554138,0.5583028793334961,0.5000364184379578,0.5397661924362183,0.5300915241241455,0.588523268699646,0.4989861249923706,0.4243308901786804,0.08019928823024242,0.05918755000663609,1545.9813396263,1068.99306225487,2206.3200753861943,726.5417202404277,2635.0945067792923,1898.7799515343063,0.03590736477668213,0.03758759206255421,20.433172592831742,6.075128837789497,10.211156632643652,3.468459445645689,15.066335016736213,4.115296621214599,15.63014373550367,3.997061099222155,17.18886063340332,3.02184145055793,22.64063459628159,7.087176120893061,31.498628285448422,5.532857968690651
original_mix,217.5,222.5,-279.5351867675781,59.054168701171875,175.71005249023438,45.4742317199707,7.763777256011963,24.96057891845703,18.67385482788086,29.582979202270508,16.832080841064453,18.97075080871582,16.55615997314453,16.960731506347656,-4.8291144371032715,15.015549659729004,1.4032557010650635,10.300151824951172,-3.440072536468506,9.579833030700684,-5.199392318725586,13.73311996459961,-0.5215917825698853,9.37071704864502,-2.96702241897583,8.088676452636719,-6.409631729125977,9.003579139709473,0.4873948097229004,0.4142797291278839,0.3864118754863739,0.4198475182056427,0.41838017106056213,0.46005570888519287,0.5017203092575073,0.6328414082527161,0.5674592852592468,0.5501793026924133,0.4841545820236206,0.441032737493515,0.07585949812023933,0.059097854673109455,1758.7631641200119,1210.9362297332427,2443.766261598549,801.2559912498077,3042.9263794228536,2190.5852219582193,0.04126939530162413,0.043300335444743564,19.460034535399778,5.824841365854261,10.155133664325264,3.7928661315218593,15.611035848665036,4.018482187458573,16.107445038756328,3.9065283096167143,16.940073871738598,2.927621229549859,22.518246262225755,7.1308679212848105,32.40607306096721,5.2451917282812515
original_mix,220.0,225.0,-307.861572265625,69.63105010986328,180.4569091796875,40.92298126220703,5.774338722229004,22.3349666595459,22.32391929626465,29.32021713256836,10.658686637878418,16.07122039794922,11.933165550231934,12.46837043762207,-4.7263946533203125,14.127038955688477,2.9254794120788574,8.283722877502441,-0.44310206174850464,11.38654899597168,-2.6965811252593994,14.195002555847168,-1.2925318479537964,11.304478645324707,-1.3606047630310059,7.867257595062256,-7.037435531616211,8.267099380493164,0.5406026840209961,0.43615859746932983,0.42278754711151123,0.39216840267181396,0.41607367992401123,0.415444016456604,0.47125887870788574,0.676344633102417,0.5162402391433716,0.46967625617980957,0.42157474160194397,0.45868217945098877,0.05675720993273842,0.04447541482737558,1671.4217138735053,1111.8440337776185,2405.4862291582294,774.9611005349566,2958.2424367386893,2112.0842341982757,0.037099178871809746,0.036535738121041154,19.2090811958458,5.837167943635685,10.358328082601211,3.447547914710642,15.851521113370156,3.7080971626848878,16.738834763393346,3.743835183418831,16.926542355953146,2.7356940608627704,21.01998570817438,6.258243674951043,31.298257620091768,6.218435293380428
original_mix,222.5,227.5,-300.5677490234375,66.25061798095703,189.30084228515625,40.62185287475586,4.203065872192383,26.141700744628906,18.371376037597656,29.994831085205078,7.9951300621032715,14.109047889709473,12.708284378051758,15.205572128295898,-4.863064765930176,14.959894180297852,1.6846137046813965,8.169553756713867,4.380075931549072,10.019984245300293,-6.465090751647949,15.102594375610352,-4.309530258178711,11.143844604492188,-1.3544851541519165,9.083232879638672,-7.091582298278809,7.291567325592041,0.42981842160224915,0.38367897272109985,0.38974595069885254,0.4771909713745117,0.522683322429657,0.4658152759075165,0.5700828433036804,0.5508117079734802,0.4423970580101013,0.3989299535751343,0.41412675380706787,0.5225356221199036,0.0619508905223897,0.04091911773621572,1507.5282456906384,976.111311219789,2163.0032953790715,585.5422404260414,2496.5525757685614,1705.6191098816205,0.03508034549013921,0.03549376585344414,21.765363425351463,6.474698656451065,10.482296841338126,3.568839734171072,15.4286403354418,4.0184798806852715,16.267401776023036,3.938452548069605,17.052688146403188,2.7531318164328997,22.52738134636532,7.26194075200121,31.860097826606843,5.879011035451091
original_mix,225.0,230.0,-301.70733642578125,60.651756286621094,200.38906860351562,43.78126525878906,-4.7834930419921875,26.5675106048584,20.854637145996094,27.048189163208008,5.620230674743652,13.734410285949707,16.05946922302246,17.7911376953125,-6.920643329620361,14.992937088012695,4.073850154876709,9.661178588867188,3.405552625656128,9.700984954833984,-4.669035911560059,14.897514343261719,-3.6347100734710693,10.167574882507324,1.013386607170105,10.096441268920898,-7.79351806640625,8.402935028076172,0.5042321681976318,0.385844349861145,0.37069472670555115,0.41926100850105286,0.5396935343742371,0.5370386242866516,0.46193113923072815,0.5024965405464172,0.506449282169342,0.5660218596458435,0.5353767275810242,0.5095185041427612,0.06081154939703418,0.03480363871722823,1517.239784628037,946.6022466247877,2160.570071989401,656.7632493730058,2493.8047192212875,1715.7627541390377,0.035542569968097446,0.03470165391144965,22.155865945927154,5.925281762146561,10.382292599444506,3.2650077706341536,14.406580194814536,4.119305674898188,16.186383500009338,3.6831484141371895,16.974119593881525,2.748790304213488,22.574555838674883,6.781320421456419,31.794139534054477,5.466837763962054
original_mix,227.5,232.5,-304.83636474609375,63.786075592041016,184.87107849121094,39.353092193603516,4.918951988220215,28.180376052856445,15.9385986328125,28.211872100830078,15.880266189575195,14.158811569213867,14.048946380615234,15.011065483093262,-3.3796541690826416,14.194759368896484,2.7503490447998047,9.118629455566406,3.518909215927124,8.46339225769043,-2.496631145477295,14.121949195861816,1.6300898790359497,8.745131492614746,1.1132826805114746,9.950942039489746,-4.592689037322998,8.176997184753418,0.5533251166343689,0.40385758876800537,0.3442954123020172,0.3778824508190155,0.46570441126823425,0.47149303555488586,0.48464271426200867,0.5599403977394104,0.5156354308128357,0.5784006714820862,0.5103892683982849,0.4810827970504761,0.0625783365647678,0.051269802444385164,1455.0445332278393,938.8397735222442,2108.4454215433975,650.3966851373414,2511.5908452363688,1725.8668563468755,0.033041119852088165,0.03476322954754042,19.50654813428707,5.749942161995991,10.980131706476033,3.399453502603191,14.804284833467545,4.08867697778656,16.418145736878323,3.787893236906306,16.96539548033146,2.8395552158245523,21.76177064384418,6.687664565945081,30.714250332250568,5.775466244446707
original_mix,230.0,235.0,-297.1783752441406,60.62297058105469,189.5242156982422,37.10261917114258,5.979723930358887,24.373205184936523,17.11347770690918,28.096723556518555,16.202465057373047,15.58937931060791,13.839741706848145,18.92893409729004,-5.714323043823242,14.469240188598633,1.7566410303115845,8.704153060913086,3.951540946960449,9.474140167236328,-4.586753845214844,13.271949768066406,0.3826935589313507,10.239416122436523,0.8328419327735901,9.244636535644531,-5.464364528656006,9.197062492370605,0.5436369776725769,0.426198810338974,0.31549298763275146,0.36233407258987427,0.4611532390117645,0.4956232011318207,0.4754984974861145,0.5467098355293274,0.47729310393333435,0.4618698060512543,0.3851202130317688,0.3859840929508209,0.06927932098101643,0.05010730669091442,1393.1045666705538,874.5327707380796,2080.950397161533,588.4669222437524,2346.9692575406034,1505.4998866304893,0.03140407482598608,0.0346133555913573,18.85026944458614,6.2209935330258,11.126877689886879,3.4476799056923833,15.526550820095894,3.972462708295251,16.477063876594155,4.189854013165465,17.194904892044367,2.9043611754574705,23.56529119684657,7.399790616377966,31.555104149997508,5.467965622913316
original_mix,232.5,237.5,-299.1554260253906,56.070987701416016,200.9464874267578,32.90153121948242,4.9713029861450195,20.30988121032715,13.813192367553711,22.929914474487305,12.557791709899902,16.333240509033203,14.725433349609375,20.201932907104492,-6.720999717712402,13.28759765625,2.0615580081939697,8.301745414733887,4.349531650543213,10.31174373626709,-5.900002956390381,12.708637237548828,-1.665073037147522,11.12851333618164,2.1387293338775635,7.28708028793335,-7.207992076873779,10.191262245178223,0.5180884003639221,0.3843497931957245,0.3218705356121063,0.37247270345687866,0.479832261800766,0.5091387629508972,0.48040637373924255,0.5277482867240906,0.45490366220474243,0.4212047755718231,0.37904322147369385,0.4430272877216339,0.06861590583032978,0.043694557129549484,1351.1068209810685,694.3226085147338,2169.514519249915,621.3241578963697,2252.7427584831785,1367.2592922081694,0.02816170606148492,0.02198266788071958,19.1634288529347,5.990486276792987,10.775465423789493,3.8732650546244343,15.192513782151181,4.059959506832803,16.18930821040199,4.338485729584932,17.489558129382345,2.863452894200809,24.19937548405042,7.659727638903216,31.709248930220888,4.744086228478272
original_mix,235.0,240.0,-296.72705078125,60.047508239746094,193.72824096679688,35.33369445800781,1.972252607345581,24.68448829650879,13.92708683013916,28.285106658935547,17.180797576904297,18.034626007080078,18.201353073120117,18.09331703186035,-4.4712605476379395,14.343462944030762,1.717038869857788,7.7425103187561035,0.7876414060592651,10.366406440734863,-6.0891828536987305,13.846782684326172,-2.047089099884033,9.661489486694336,1.9503902196884155,7.342371463775635,-5.929447174072266,9.747122764587402,0.3942922353744507,0.31249189376831055,0.31387147307395935,0.3919272720813751,0.6094224452972412,0.570519745349884,0.4757605791091919,0.4983467757701874,0.414716899394989,0.37352943420410156,0.3697489798069,0.43394699692726135,0.06808012115429836,0.044851784545062924,1480.6626737461827,841.2363473630004,2279.8261296903484,610.7713756939397,2509.792248223608,1605.1973153886493,0.031867432207076565,0.02994405246016833,18.967461421013038,5.616363328825464,11.07737721756669,4.071051670757758,15.211995850713357,3.7351617741371843,15.64008780295072,4.080354890163244,17.335957628707217,3.0931883830661513,23.05384101414086,7.61494519421541,31.34665208686151,5.117615642882385
original_mix,237.5,242.5,-292.03228759765625,63.294673919677734,185.61093139648438,44.379173278808594,-5.111786842346191,25.83481216430664,26.565813064575195,37.58817672729492,17.96782684326172,18.19846534729004,13.817179679870605,19.633176803588867,-5.164867877960205,15.349824905395508,2.627548933029175,9.006365776062012,-2.34743332862854,10.98851203918457,-2.8009696006774902,12.726548194885254,-1.8081867694854736,10.779273986816406,2.85927414894104,8.342592239379883,-4.774048805236816,9.086255073547363,0.36976131796836853,0.32587987184524536,0.35434359312057495,0.45389679074287415,0.6739192605018616,0.638724148273468,0.42148450016975403,0.42458367347717285,0.4073987603187561,0.4546971917152405,0.402510404586792,0.3850690722465515,0.06306208198211585,0.03825970434702049,1763.7074499935518,1150.9121054326724,2383.9109399195836,644.3819536822507,2994.114454937645,1981.4850311011232,0.04406653313515081,0.04643533319655795,20.220278708443345,6.014734360218932,11.219416609834354,3.896286461981318,15.518167003987841,3.754951632995384,15.967141468996495,4.086235113042253,16.90297280684913,3.027815699307277,22.47574047066306,7.092554271925563,32.118029577286556,5.616184736549387
original_mix,240.0,245.0,-308.83184814453125,72.81121826171875,184.739990234375,44.36670684814453,5.45538854598999,25.566364288330078,22.635690689086914,36.4740104675293,18.710819244384766,17.08807945251465,9.307211875915527,15.400105476379395,-6.087557315826416,13.663589477539062,1.7987710237503052,9.06999683380127,-1.8581868410110474,9.532938003540039,-0.009363409131765366,10.968148231506348,0.4743460416793823,10.442041397094727,2.153463363647461,8.610857009887695,-4.454007148742676,9.322243690490723,0.5404843688011169,0.47738078236579895,0.3892979919910431,0.43745481967926025,0.5251365303993225,0.5491739511489868,0.4381619095802307,0.49770215153694153,0.4714967608451843,0.5129304528236389,0.46574151515960693,0.4058891832828522,0.05741839467822261,0.041133990349992273,1651.899735692786,1218.3000759700917,2291.1147641328453,806.2587571163735,2822.598245359629,2220.626148338084,0.040971441777842225,0.04708429373293869,19.922085336325036,5.857617911129939,11.100060677950873,3.837871091381684,14.96086542056664,3.390125571309773,16.687879177535528,3.9881441546011405,16.803915295803332,2.9306345193958117,22.344733579005887,6.897874305885675,30.653619616373636,6.4256299914965584
original_mix,242.5,247.5,-363.48095703125,62.866912841796875,194.23806762695312,26.69634437561035,21.16441535949707,15.635237693786621,5.636489391326904,20.71828269958496,21.580387115478516,11.700743675231934,7.282783508300781,9.058647155761719,-5.51314640045166,9.607402801513672,3.711444854736328,7.13083553314209,1.5535744428634644,6.3543806076049805,2.6360630989074707,8.51388168334961,4.5518035888671875,7.150564193725586,1.09894597530365,6.255612850189209,-3.6150894165039062,7.463055610656738,0.7074668407440186,0.4944029748439789,0.4247312545776367,0.3820602595806122,0.3940593898296356,0.4209260940551758,0.4688621461391449,0.6603179574012756,0.4943861961364746,0.48959916830062866,0.3937535881996155,0.44604843854904175,0.03745409496249566,0.0376489624550006,1056.7584701710139,773.1486751421833,1708.997545945631,717.8136247017844,1792.1520401319606,1532.6500081869683,0.023520201928654293,0.02720693980970955,17.494354638467847,5.330647425181316,12.035182855099515,3.35348591548411,14.665090730473196,3.3024888199701317,18.16226311933929,3.8869298655126525,17.154168471335172,2.6023939913001755,22.543857132172164,5.224315726526327,25.623718362351955,5.300024118948317
original_mix,245.0,250.0,-342.67828369140625,66.78299713134766,182.83419799804688,35.82939529418945,17.02182388305664,24.09832000732422,7.616668701171875,24.28463363647461,17.863435745239258,12.918731689453125,10.607367515563965,12.00600814819336,-4.81837797164917,9.27030086517334,3.111621379852295,6.806271553039551,2.6658575534820557,7.269002437591553,0.3148169219493866,11.954808235168457,2.3166236877441406,9.501474380493164,-0.10674800723791122,6.895583152770996,-5.806689739227295,6.374513626098633,0.606624186038971,0.4378911256790161,0.4238496422767639,0.3552364706993103,0.3144533336162567,0.3528210520744324,0.4574134647846222,0.7014347314834595,0.532818078994751,0.5170859098434448,0.41021019220352173,0.477303147315979,0.0446892386764772,0.0473163200121921,1242.163371501315,1023.0520527464898,1773.6455468911843,823.2971642936851,2199.384380437935,1975.3704295552998,0.029034041473317864,0.03357220869897061,17.810371663594584,5.87190362868965,12.136131171078672,3.3773367468952924,15.582096369218085,3.93513360424973,17.653712582091085,3.698054422785393,17.249192385591133,2.7469994038458463,23.268802112288835,6.286794342254301,27.020539517879225,6.487818251646379
original_mix,247.5,252.5,-285.88055419921875,67.21468353271484,187.51544189453125,46.34160232543945,5.210232257843018,26.305810928344727,13.981669425964355,30.729637145996094,10.640987396240234,19.197294235229492,16.956945419311523,15.127902030944824,-6.098159313201904,12.825839042663574,0.3831685781478882,8.414334297180176,1.3298053741455078,9.866188049316406,-5.464296340942383,13.652847290039062,-8.455399513244629,14.546754837036133,-1.933717131614685,8.813714981079102,-8.992287635803223,7.096094608306885,0.47559231519699097,0.34638115763664246,0.3300551772117615,0.33826640248298645,0.36939573287963867,0.40118274092674255,0.4418528378009796,0.6590497493743896,0.545403003692627,0.4363775849342346,0.39837056398391724,0.4633729159832001,0.0768656374696478,0.05242111251711895,1611.3470176513779,1153.6032987947456,2233.372164285301,887.3956538503862,2843.0822668938513,2246.908817763877,0.03791260332076566,0.03918829529935075,20.74156858461956,6.020016831401402,11.522502080934066,3.87373153053002,16.619946810439437,3.9939956907588834,16.69897842862959,3.9358378268096574,17.265629524425112,3.008717170656799,24.299859148824353,8.26253656050586,32.27243169227866,6.072799920708006
original_mix,250.0,255.0,-289.4380798339844,61.457061767578125,191.5554656982422,41.94599533081055,4.898031711578369,23.362348556518555,15.384044647216797,29.621355056762695,6.0879950523376465,18.936004638671875,21.398773193359375,15.587067604064941,-5.770079612731934,12.779214859008789,2.1744673252105713,8.201166152954102,1.8192819356918335,10.48617935180664,-7.855295181274414,14.596814155578613,-8.848986625671387,14.76069450378418,-0.8083893060684204,8.758260726928711,-8.194626808166504,8.160659790039062,0.4742310345172882,0.371883749961853,0.35407939553260803,0.3674101233482361,0.4489666819572449,0.4509207308292389,0.4729333817958832,0.6327247023582458,0.5157904028892517,0.4797205328941345,0.465128093957901,0.47703564167022705,0.06968750297081097,0.04387578999154346,1600.0011770895303,1021.2601974859899,2352.3164329560855,722.618679617633,2694.448208200406,1870.3016735394622,0.03694057243329466,0.03914963274785159,21.517698050298694,5.7181801297489985,10.734961399455608,3.9105076033177526,15.712956749635053,4.256376229775279,16.211151667018378,3.8562266398850737,17.46712182581819,2.844165269166697,23.737787479473035,7.703491364068731,32.78346460594445,5.547161552856534
original_mix,252.5,257.5,-305.1772155761719,57.055877685546875,195.5696563720703,43.60580062866211,-2.052779197692871,26.115238189697266,19.276708602905273,29.081140518188477,8.40487003326416,17.227582931518555,19.223390579223633,17.720008850097656,-6.040849208831787,12.310395240783691,4.196408748626709,7.597375869750977,2.4210994243621826,8.508652687072754,-4.408005714416504,16.070302963256836,-2.331815242767334,10.095827102661133,-0.14033369719982147,8.385990142822266,-4.845278263092041,8.342856407165527,0.5166304707527161,0.38564807176589966,0.3818987309932709,0.4296830892562866,0.5078238248825073,0.4974254071712494,0.5573259592056274,0.5717376470565796,0.5849912762641907,0.5573894381523132,0.47751349210739136,0.545769453048706,0.056309372549682095,0.03238491475738307,1556.7748097500078,990.441990163829,2227.5304511687036,677.4905823760389,2606.6666817720416,1753.419777228526,0.03595494670823666,0.03514057318123557,19.956795176973134,5.429200124167747,9.8683528127088,3.212983015986147,14.802155525491024,3.956238791671041,16.116836685222506,3.80369077233069,17.25854010134653,2.738186242453425,22.193032541734393,6.711088600637662,32.063059884324296,4.830950798175595
original_mix,255.0,260.0,-301.93145751953125,55.09395980834961,200.8149871826172,46.80094528198242,-2.7180652618408203,26.701852798461914,21.341938018798828,31.832473754882812,7.731242656707764,18.124202728271484,17.501903533935547,18.450746536254883,-6.384166240692139,13.006217956542969,6.495240688323975,9.352400779724121,1.99504816532135,8.358553886413574,-2.3425374031066895,14.147026062011719,-2.2003462314605713,9.930830955505371,-0.004582106601446867,8.765654563903809,-5.867888927459717,8.391658782958984,0.5602381825447083,0.4736293852329254,0.39004209637641907,0.41856783628463745,0.4805604815483093,0.5215569734573364,0.4933589994907379,0.5606462955474854,0.5205677151679993,0.5225789546966553,0.44867920875549316,0.430331826210022,0.06149367336832039,0.03179297209352026,1530.5333530803593,1001.5084371387147,2149.307934270105,653.8555538096708,2546.3137597882833,1753.9636606766455,0.03691338275812065,0.03576015249386345,19.08422355453523,5.534991098969237,10.312498974193351,3.5278160934923295,14.860154845911838,3.864483289218204,16.41125783864499,3.771822324530414,17.795097630711606,3.225532581260646,22.44608369834261,6.305818548026379,32.29110044611833,5.014977341192056
original_mix,257.5,262.5,-295.64697265625,55.17536544799805,192.3686981201172,49.56940841674805,-2.5081048011779785,27.042234420776367,23.718170166015625,34.488826751708984,6.902626991271973,17.703426361083984,18.96508026123047,17.94345474243164,-6.736582279205322,13.951148986816406,7.553423881530762,9.878714561462402,0.6778658628463745,9.629054069519043,-4.7783918380737305,14.855555534362793,-2.2481706142425537,9.614673614501953,-0.41634735465049744,8.557236671447754,-8.26762866973877,9.00063705444336,0.5399807691574097,0.43750888109207153,0.3816851079463959,0.4044252038002014,0.4369073510169983,0.45631715655326843,0.4731110632419586,0.5695084929466248,0.5171476006507874,0.4422677159309387,0.3997305929660797,0.4496115744113922,0.06264484348099705,0.03346857966298794,1692.580206523388,1125.0819962750518,2297.496374991249,700.9650662846348,2841.8332411905453,2005.9324112594954,0.042098680394431556,0.04158945555425289,18.218445529193314,5.1045135161396065,10.769761211166287,3.7050698057127986,15.230907413048868,3.7803158669425763,16.108154561153004,3.568584589655452,17.7228245358789,3.336422043297134,23.059357214261315,6.650159597221913,33.065372492968116,5.214923761593976
original_mix,260.0,265.0,-299.763427734375,60.63667297363281,191.35719299316406,53.004146575927734,-2.4669127464294434,26.228519439697266,28.166210174560547,36.12758255004883,6.732603073120117,18.41084861755371,14.399847030639648,16.773889541625977,-3.1356394290924072,15.044940948486328,5.4554123878479,9.937938690185547,-0.35034385323524475,11.290234565734863,-5.03879451751709,14.341773986816406,-2.119798183441162,9.701815605163574,0.42676353454589844,7.853019714355469,-8.032513618469238,9.933134078979492,0.5104311108589172,0.38286858797073364,0.36715999245643616,0.4447133243083954,0.528700053691864,0.45356202125549316,0.40646666288375854,0.4822675287723541,0.42730557918548584,0.378132700920105,0.3991468846797943,0.5298838019371033,0.06186012461729642,0.03648193901864446,1727.6249890036906,1253.229590818893,2218.7824432461557,734.7479145105489,2892.643606801044,2147.7914940131377,0.045594819460556844,0.04821236914361178,18.406941334930465,5.714528460982309,10.691336165406687,3.6414495782922884,15.299412822035745,3.845259130881759,15.897577511123435,3.681001753540392,17.613946771095264,3.3828802558143307,23.103689531595354,6.9954300220728785,32.6604917384168,5.789044259871555
original_mix,262.5,267.5,-302.00555419921875,61.23414611816406,189.79066467285156,48.013187408447266,0.8680428266525269,25.103490829467773,27.129344940185547,34.813594818115234,11.379581451416016,18.76370620727539,11.243136405944824,15.570488929748535,-2.652193069458008,13.939913749694824,4.007063865661621,9.430306434631348,-3.299133539199829,11.461727142333984,-5.051853179931641,13.390466690063477,-3.251241683959961,10.967991828918457,0.9965692758560181,7.367680072784424,-6.706232070922852,9.559147834777832,0.4270692765712738,0.35152575373649597,0.3297458291053772,0.45660725235939026,0.6940066814422607,0.58446204662323,0.36742979288101196,0.4020250141620636,0.4014063775539398,0.40547531843185425,0.3854507803916931,0.4324125647544861,0.06096341395037564,0.03791276064309102,1667.077656472931,1212.7145170647152,2202.2903447550734,711.0290533313283,2750.404559708527,2014.3559988421243,0.043186267401392114,0.04671877944906343,18.46263916857446,5.462322529613711,10.403857597244158,3.388393171623706,15.327974569253996,3.6867131185886386,15.902270796861284,3.842532427501342,17.465111135003642,3.1615376404003506,23.246547539632022,6.89191532325047,31.84204904766217,5.915507073933714
original_mix,265.0,270.0,-304.98779296875,58.27014923095703,189.0905303955078,43.24518966674805,-0.7581465840339661,28.594810485839844,24.974882125854492,32.10669708251953,13.20438289642334,15.602178573608398,14.397780418395996,15.005535125732422,-3.4798789024353027,12.671574592590332,3.2689363956451416,8.378399848937988,-2.09258770942688,10.2713041305542,-7.655566692352295,14.01142406463623,-3.553685426712036,11.270223617553711,1.5729166269302368,8.02926254272461,-4.7097554206848145,8.624825477600098,0.3999563455581665,0.3519744873046875,0.3342488408088684,0.43363362550735474,0.6542171239852905,0.5846977829933167,0.4030902683734894,0.43314406275749207,0.43299195170402527,0.5175507664680481,0.46135979890823364,0.39498192071914673,0.056144942955185254,0.03386987044860722,1623.3781962058067,1078.6684084497713,2213.9558061684816,695.2157806743156,2742.8104834324245,1954.672589346469,0.04043897730568446,0.03979411656031884,19.844641653278707,5.769832456824429,10.425098605536537,3.4446658409736575,15.044179760018228,3.6352321773415013,15.50098607052003,3.4757360838738083,17.09639874396285,3.0563821630015258,23.172747916154858,7.21190347533249,31.79947186205853,5.300703936698345
original_mix,267.5,272.5,-343.4559631347656,59.52280807495117,200.53164672851562,35.21553421020508,9.399155616760254,24.655948638916016,13.305914878845215,27.576921463012695,15.120980262756348,14.331052780151367,14.030275344848633,12.411520004272461,-0.5326219797134399,10.368925094604492,3.0283079147338867,6.853887557983398,1.7336323261260986,8.57144546508789,-3.8011343479156494,14.093387603759766,0.6926992535591125,11.051654815673828,2.2427380084991455,7.046380519866943,-2.3468384742736816,7.200249195098877,0.6175758242607117,0.4711449444293976,0.38405224680900574,0.4199194610118866,0.5321314334869385,0.517825186252594,0.47128936648368835,0.5862756967544556,0.508167564868927,0.5724425911903381,0.4987473487854004,0.47185492515563965,0.04413945250550237,0.029533780813269555,1215.7565968023994,863.0755437849909,1820.9862865810942,573.2555779414657,2049.1515688442573,1573.4819874636946,0.029892782047563807,0.03260034750272581,18.61744037479281,6.157568575988154,10.958211420884167,3.4311739558255434,15.041487846101496,3.4643310134796366,16.56833870968717,3.6390439716882472,17.60033248351163,2.8384098490631873,22.01319331565737,6.109493169364515,28.581581817543917,5.966016784039248
original_mix,270.0,275.0,-364.91876220703125,40.015445709228516,191.47789001464844,16.215858459472656,24.355152130126953,13.942625045776367,-0.0841183066368103,9.738825798034668,19.570144653320312,7.247955322265625,11.031390190124512,7.809698581695557,-2.0237720012664795,6.149064540863037,1.941359519958496,5.177616119384766,3.2240898609161377,6.097960948944092,2.8330531120300293,9.142136573791504,4.317272186279297,8.320481300354004,1.8862823247909546,5.04984712600708,-0.9127327799797058,5.175450325012207,0.6794715523719788,0.47346267104148865,0.4940837025642395,0.38815078139305115,0.38635167479515076,0.40990814566612244,0.5134139060974121,0.7731457948684692,0.5648505687713623,0.533427894115448,0.410765677690506,0.513458251953125,0.030258113405993534,0.02604503132012535,919.4029258063898,365.4980964991214,1579.9900449423221,442.8702129432064,1582.2657609483758,786.1191950561218,0.019875652552204175,0.007784679388275091,16.71161385964825,4.93268911549937,12.066053636256198,3.6095710951529627,14.77816035995103,3.6621583567939897,17.79089671879572,3.372879085491467,17.471638872851948,2.242786392238965,20.261524229434997,3.032100943258861,25.25175167992863,3.4181453319152295
original_mix,272.5,277.5,-311.01190185546875,63.051795959472656,184.62411499023438,36.256629943847656,8.812154769897461,23.769010543823242,15.2530517578125,29.119678497314453,17.020179748535156,13.558713912963867,13.514577865600586,13.764900207519531,-3.2788569927215576,10.866416931152344,2.0702593326568604,7.73075008392334,1.2364752292633057,8.779093742370605,-2.1876723766326904,13.711136817932129,0.7279018759727478,10.503571510314941,0.5139114856719971,6.457267761230469,-4.586779594421387,7.903334140777588,0.47543057799339294,0.3932768702507019,0.4920628070831299,0.4208112955093384,0.3912108540534973,0.42520084977149963,0.5067301988601685,0.71341872215271,0.5408459901809692,0.4751097857952118,0.4065910875797272,0.44251272082328796,0.05591241193593862,0.04589953377526616,1369.3611817795731,977.7958600738843,1965.8508926579957,703.8438895309765,2421.4111894576567,1752.7118684669035,0.031607997389791184,0.03373570250357584,17.766893094660546,5.440855522508628,11.732049805399384,3.7099958726115467,15.211327848431196,4.213544095433769,16.664368106152562,3.6499218685530614,17.32891896872857,2.5712718177667364,21.60338127483466,6.223643232134389,30.155060182566142,5.934513573296568
original_mix,275.0,280.0,-275.0472412109375,45.94775390625,181.9132537841797,46.41387176513672,-4.657907009124756,24.45221710205078,27.369903564453125,33.920570373535156,16.47715950012207,17.487445831298828,17.129993438720703,17.465923309326172,-2.9043326377868652,15.1084566116333,1.4929791688919067,9.910232543945312,-0.1029648408293724,9.812712669372559,-6.59216833114624,14.758039474487305,-0.850273072719574,10.989392280578613,-1.8022511005401611,8.41567611694336,-9.298996925354004,8.500689506530762,0.38938072323799133,0.3552718460559845,0.3675191104412079,0.40689390897750854,0.5176582932472229,0.5437804460525513,0.5031616687774658,0.5564157366752625,0.49574995040893555,0.4915221333503723,0.41862165927886963,0.3741278648376465,0.07276787173884582,0.040108144708463994,1738.4692786229934,1187.6531119953006,2236.0578184735605,698.7554242732197,3070.854594148782,2037.606182110797,0.04328596287703016,0.04642875484109046,19.980589228060943,5.554395183646773,10.824112960822342,3.511766897700179,15.979187543384766,4.374785623187784,15.693946253830507,3.5077121226334325,17.39051005432212,3.1975473213987455,23.49026459894689,7.687527227793418,33.75667880058942,5.187667778926662
original_mix,277.5,282.5,-291.7137145996094,54.03178405761719,183.69908142089844,46.3578987121582,-10.79643726348877,25.33205795288086,28.03410530090332,33.48110580444336,15.998844146728516,16.268198013305664,17.075300216674805,18.05146598815918,-3.042262315750122,15.683280944824219,5.188338279724121,10.107022285461426,-0.5808185338973999,8.779412269592285,-4.10051155090332,14.726398468017578,0.04379265382885933,10.023384094238281,-2.01977801322937,9.03264045715332,-7.842739105224609,8.995302200317383,0.43827635049819946,0.39620131254196167,0.3888702690601349,0.4156494736671448,0.5276215672492981,0.5452424883842468,0.49037495255470276,0.5404167771339417,0.5067154169082642,0.5210007429122925,0.4356120228767395,0.3967978358268738,0.061178642176005237,0.03343474413280577,1760.6529398830642,1198.7629897295299,2225.4169110863368,676.7940376308222,3092.9373685832365,2016.5073322722608,0.045850855568445474,0.04972360730596706,20.0631002211422,6.115730955379414,10.328248277185907,3.5092106357509216,15.439702823110958,3.878972996052797,15.91960326930158,3.517477056799079,17.56532609175281,2.976815898699611,23.324137780360466,6.991984460295316,32.945508606012815,5.712686579166945
original_mix,280.0,285.0,-303.0332336425781,60.59395217895508,179.43313598632812,46.271446228027344,-4.940155029296875,26.121288299560547,25.506574630737305,31.673294067382812,13.76577377319336,15.496604919433594,13.6611328125,17.430543899536133,-2.035895586013794,15.10496711730957,9.206623077392578,8.826571464538574,0.44588837027549744,10.410900115966797,-3.7061045169830322,14.60660457611084,-0.687009871006012,8.912672996520996,0.36809828877449036,8.519143104553223,-5.524791240692139,9.266608238220215,0.5284735560417175,0.469879150390625,0.4296756684780121,0.45868298411369324,0.5410277843475342,0.5293309092521667,0.4915422201156616,0.5812399983406067,0.5149192810058594,0.4900786578655243,0.4517730176448822,0.43160930275917053,0.054443407153360664,0.032845828127627444,1773.399209622735,1183.3899900744034,2384.874952099708,728.9967752543732,3100.78125,2106.2368868523013,0.0426866571200696,0.04665107758666794,15.641254202359049,6.393124523738733,9.512240872176804,3.3659828377968877,14.669271511578193,3.86241878530408,16.20099802129243,3.802010497891673,17.132854060930974,2.826762016604825,22.677921923399175,6.790274496651162,32.28923966068923,5.713586272659733
original_mix,282.5,287.5,-319.8963928222656,57.497562408447266,180.70263671875,47.96425247192383,3.7140841484069824,26.25893211364746,22.570730209350586,31.14601707458496,8.774105072021484,15.388154029846191,12.305145263671875,17.38806915283203,-2.5029056072235107,16.07972526550293,9.988842010498047,8.714037895202637,2.3510565757751465,10.31129264831543,-5.069185256958008,14.24211311340332,-2.229806661605835,8.84582805633545,0.5973985195159912,7.898576259613037,-5.478622913360596,9.408971786499023,0.5479175448417664,0.4864259660243988,0.4486502707004547,0.5096212029457092,0.5734857320785522,0.5057781934738159,0.4613916575908661,0.566176176071167,0.4911839962005615,0.45278164744377136,0.4325528144836426,0.4277005195617676,0.04727931416608618,0.02994251912894984,1743.072536371521,1221.8933937026554,2407.68241800194,767.837064317539,3007.5539715052205,2315.9733724433636,0.04147671657482599,0.04501781480497336,12.368369743446786,4.645485767487201,9.279826208233791,3.4910675590677402,14.844290262533432,4.077133439042555,16.29501808458663,3.9989587307044796,17.10707433240641,2.999466741499514,22.382760307934475,6.577506339760933,31.65010206073156,5.356673935008076
original_mix,285.0,290.0,-319.9073486328125,67.92745208740234,177.46527099609375,50.368106842041016,1.8084875345230103,29.059768676757812,21.23454475402832,31.31795883178711,9.372137069702148,18.31170082092285,11.309144020080566,15.853020668029785,-2.745422601699829,15.930336952209473,8.984009742736816,9.003156661987305,3.744943857192993,8.721362113952637,-4.811071395874023,13.840761184692383,-5.8193840980529785,10.497062683105469,-0.6665645241737366,7.581096649169922,-5.218306064605713,8.591519355773926,0.5490999221801758,0.514915943145752,0.5025985836982727,0.5495966672897339,0.589235246181488,0.49933701753616333,0.4560723304748535,0.5436548590660095,0.458301842212677,0.419746071100235,0.4409717321395874,0.4722345173358917,0.0521458297202973,0.04114040943050518,1785.2268872690834,1322.1231761367396,2344.2691393879663,775.1210792799741,3069.25584124855,2360.019969782913,0.04320212804524362,0.04823437178806198,14.760684233289625,5.760223014852054,9.487916283150106,3.546211124250555,15.225569054617917,4.378979864170437,15.860956746115773,3.989813982861553,17.105481801304002,2.8456316432886677,21.99333830914224,6.007438891724421,31.28434645870606,6.494729905300617
original_mix,287.5,292.5,-320.36688232421875,70.49993896484375,177.94888305664062,45.54719161987305,-0.13808877766132355,27.858287811279297,19.033815383911133,26.894428253173828,15.297569274902344,19.626726150512695,17.039344787597656,15.639200210571289,-1.9376499652862549,15.446146011352539,5.957980155944824,9.118928909301758,1.825844407081604,8.978891372680664,-6.455585479736328,13.889917373657227,-5.227505683898926,11.410565376281738,-0.49066320061683655,7.284456253051758,-6.539277076721191,8.711691856384277,0.5085365772247314,0.47861337661743164,0.5278599262237549,0.5573756098747253,0.6020594239234924,0.5226958394050598,0.4929870367050171,0.5674787759780884,0.46007224917411804,0.4177907109260559,0.4406646490097046,0.48425590991973877,0.056521875014541596,0.04400352420368863,1723.2756923897293,1200.2083012818555,2358.6943677714676,832.7643231637729,3119.6165576058584,2338.2658119951034,0.03739260078306265,0.04052857210139132,19.868413867088424,5.8081906391357725,9.76725457973148,3.8636630152447315,15.308162615802933,4.108779874371326,15.535081141766772,3.7508596383873867,16.98220358573269,2.7073949849810597,22.66005224331039,6.764237455598512,31.074994941913328,6.1867890897669975
original_mix,290.0,295.0,-310.61663818359375,59.50726318359375,188.05401611328125,40.080692291259766,-0.31954723596572876,22.589534759521484,11.82824993133545,24.7136173248291,13.534239768981934,19.132129669189453,21.222152709960938,16.348236083984375,-3.507807970046997,15.782593727111816,4.8261799812316895,8.71603775024414,-1.2928181886672974,8.82133674621582,-11.959856033325195,14.571060180664062,-4.842800617218018,11.704991340637207,-1.4394758939743042,8.022746086120605,-7.167579174041748,8.645697593688965,0.43317362666130066,0.3689354360103607,0.438416987657547,0.5290462374687195,0.5669008493423462,0.5180301666259766,0.46252328157424927,0.5064489245414734,0.43241116404533386,0.3717658519744873,0.3761276602745056,0.42867469787597656,0.06200108867302848,0.043136805672814645,1616.0661191530983,996.9366043726875,2323.551501498021,822.8856170680422,2933.8614550101506,2160.359914484213,0.03420461136890951,0.03113365089593217,22.804728201336264,6.236426366338533,10.193317176270579,3.9242628211030786,15.837791461313646,4.425015437066269,15.294819257929465,3.6017852648063693,17.093828142605044,2.77201614797388,25.334298418924025,8.23475780994321,31.785597935712154,4.9885933970392475
original_mix,292.5,297.5,-337.4296569824219,67.87678527832031,185.9251708984375,31.956056594848633,5.832005977630615,20.548995971679688,7.350253582000732,21.934215545654297,12.726120948791504,15.588234901428223,12.909245491027832,14.307043075561523,-2.3372254371643066,13.942426681518555,8.970297813415527,8.704548835754395,1.810134768486023,9.265290260314941,-9.257330894470215,12.79126262664795,-4.621917724609375,9.98585033416748,-1.9567440748214722,7.343183994293213,-5.014328956604004,7.976158142089844,0.5220738649368286,0.4206889867782593,0.49881723523139954,0.5485572814941406,0.5502021908760071,0.5092361569404602,0.4413629174232483,0.48470839858055115,0.4524531960487366,0.5492773652076721,0.47043731808662415,0.4376988112926483,0.048205976530027915,0.04298280579109042,1387.9498799050837,790.7264914836387,2145.8147888499343,646.7419880538889,2437.2488353755803,1589.3133685497953,0.02794532156322506,0.025051129249702122,18.49067831200975,6.17362711590048,10.132859592430952,3.8544954870499963,15.194404164546091,4.178884829016918,15.92186436983757,3.394994671633785,16.70644871165987,2.6903392942429574,24.74878006778482,7.42068113417523,29.011028354219665,5.630368808644669
original_mix,295.0,300.0,-346.050537109375,60.872920989990234,178.49578857421875,35.76741409301758,10.212069511413574,28.959716796875,11.607301712036133,25.242673873901367,12.818361282348633,15.996586799621582,13.178031921386719,13.556854248046875,0.13519662618637085,12.515953063964844,7.874075412750244,10.717546463012695,5.757333278656006,8.697098731994629,-7.698032379150391,10.173861503601074,-7.01304292678833,9.969143867492676,-2.092728614807129,6.505550384521484,-5.677499294281006,8.677505493164062,0.47287172079086304,0.387711763381958,0.4958045482635498,0.47920817136764526,0.5215088725090027,0.5172353386878967,0.48373010754585266,0.5023335814476013,0.5479461550712585,0.6439913511276245,0.465498685836792,0.39958229660987854,0.043817460634194644,0.03854621294794077,1437.8273741737103,940.5553648094136,2182.8673614865875,644.38473586352,2494.054524361949,1794.882300509674,0.031128779364849188,0.03277357885767415,16.17991040045878,4.965830974589052,9.318534931056547,3.297821222574944,14.970674872373818,4.196705554468454,16.06259350812744,3.7546335110275675,16.897808581071597,2.8925544361973907,22.886916061845696,6.183657634829144,28.828682761321154,5.95557630482908
original_mix,297.5,302.5,-328.9603271484375,51.29344940185547,177.08432006835938,47.40843200683594,4.3650898933410645,32.681758880615234,18.07802963256836,31.58367347717285,8.32438850402832,18.302867889404297,13.97895336151123,17.863252639770508,-0.04564310982823372,14.069137573242188,5.78337287902832,11.155265808105469,4.050734996795654,9.616508483886719,-9.921774864196777,11.341161727905273,-5.619393825531006,11.148171424865723,-1.9131574630737305,7.184446811676025,-6.078718185424805,8.791352272033691,0.4249195456504822,0.3965446949005127,0.4197046160697937,0.46915480494499207,0.5231444239616394,0.5300835967063904,0.4914475679397583,0.477135568857193,0.4371897876262665,0.4999809265136719,0.4564148783683777,0.37369754910469055,0.04683363103802616,0.03541832149422424,1759.5659579625415,1232.9417116760164,2277.908616539082,686.4310421856421,2965.336902733469,2171.2557565646516,0.04547586463167053,0.04926970625775678,17.96806562186226,5.335414499994274,9.722876337807106,3.550701776782282,14.806106033370597,4.405201159308493,15.596966764781536,3.899320736702093,17.555366734391676,3.6196907858489173,23.245753499745433,6.488645481929166,31.37413083511267,5.053172369121927
original_mix,300.0,305.0,-329.8120422363281,57.68585968017578,176.11195373535156,45.457157135009766,2.5372226238250732,28.959836959838867,18.868385314941406,28.959936141967773,10.952118873596191,16.630109786987305,11.131928443908691,18.52130126953125,-1.8518975973129272,15.625383377075195,6.40988302230835,9.606812477111816,1.2095927000045776,10.193828582763672,-8.724408149719238,12.791960716247559,-2.637727975845337,9.368202209472656,-2.211125135421753,7.370100021362305,-5.7611589431762695,7.7722578048706055,0.47729355096817017,0.42543041706085205,0.4022410809993744,0.4342361092567444,0.532904326915741,0.5316666960716248,0.47330784797668457,0.49245741963386536,0.45145177841186523,0.5007134675979614,0.4367401897907257,0.38521552085876465,0.046295164164864476,0.038452033177857205,1754.0416591647397,1173.7411915981081,2287.238686165618,740.5607346950676,2998.311181300754,2132.7643816848845,0.04416849441705337,0.04601577773439807,19.386221000145614,5.958776031400906,9.932320626967813,3.708760195884743,14.852300947782883,4.439717984700956,15.969406211568673,3.876896182432232,17.437105873399208,3.8285666541629593,23.21170418769755,7.1247705438800315,30.911910076457854,5.244297047921426
original_mix,302.5,307.5,-326.163818359375,65.70610046386719,176.35867309570312,43.27039337158203,1.1078497171401978,29.873130798339844,12.36392879486084,26.96735382080078,11.436516761779785,16.796850204467773,10.027100563049316,18.798616409301758,-4.244588851928711,14.086860656738281,4.556545257568359,9.336169242858887,0.8335238695144653,10.612950325012207,-5.931661128997803,12.28150749206543,-3.6997833251953125,9.352264404296875,-2.9752087593078613,7.8604559898376465,-10.14470100402832,9.184734344482422,0.47178393602371216,0.4658154845237732,0.39339175820350647,0.3899940550327301,0.4845721125602722,0.5551568865776062,0.47218433022499084,0.5033637881278992,0.47209107875823975,0.483279824256897,0.4429948329925537,0.3693397343158722,0.051995736325328216,0.044881014312692126,1714.1596296860296,1086.4056339335011,2345.090938851999,784.6022758390326,2928.8153911687937,2070.9457110694557,0.041233142401392114,0.03572420687423675,20.577901646984024,6.368397690485572,10.169487584761486,4.06951662752795,14.77683986049165,4.396570649131205,16.481991565584867,3.8541594398660615,17.328962374000366,3.433286554736623,23.33293744969979,6.82708532166745,30.435111877938184,5.290995682419229
original_mix,305.0,310.0,-324.318359375,64.5981674194336,178.84432983398438,43.076385498046875,5.263901233673096,29.143362045288086,7.627313613891602,28.381927490234375,8.336507797241211,16.01320457458496,13.959037780761719,18.58411979675293,-3.103304386138916,13.773030281066895,5.980371475219727,9.055013656616211,0.4699919521808624,9.495177268981934,-6.322815418243408,11.746833801269531,-3.371173858642578,11.125031471252441,-2.0730178356170654,8.95949935913086,-10.702920913696289,9.057530403137207,0.517314612865448,0.4800609052181244,0.4315016567707062,0.4739993214607239,0.5461249947547913,0.5397845506668091,0.44928812980651855,0.5221248269081116,0.49288851022720337,0.48331087827682495,0.4435918927192688,0.378373384475708,0.050453561712531785,0.044023077200252315,1709.0373978272178,1092.019233379923,2402.227913963696,817.1997721233031,2940.8559989486657,2167.2497204277333,0.04039139537412993,0.03723762303577542,17.779690654286888,6.868968902884939,9.627475429694282,3.846405334378627,14.41462691519328,4.349188249341267,15.803390584136087,3.750637404389178,17.907641405399712,3.483221687960838,23.866294552301635,6.774093242797441,30.386570581332066,5.826215491090106
original_mix,307.5,312.5,-314.11749267578125,61.2186279296875,179.1955108642578,46.659236907958984,6.752884864807129,28.44668197631836,13.14310359954834,30.682323455810547,7.036968231201172,14.987524032592773,16.551111221313477,19.489761352539062,-3.322871208190918,16.36379051208496,6.9115166664123535,8.665696144104004,-0.4940466582775116,9.660358428955078,-8.407370567321777,13.094514846801758,-3.1578292846679688,11.555752754211426,-0.4967826306819916,10.171467781066895,-8.55007266998291,8.167590141296387,0.5296499729156494,0.46328940987586975,0.4168664813041687,0.46682703495025635,0.5774519443511963,0.53382408618927,0.4432045519351959,0.517744779586792,0.5052822828292847,0.4517372250556946,0.4483860731124878,0.45897814631462097,0.052290357303591724,0.040352278111786315,1752.1289080370702,1125.7836116987864,2451.661660736619,754.4043544302028,2974.8294980785963,2177.5675743393385,0.04250765842517401,0.03927558902055491,14.595914983345958,5.349747885485262,9.615498712422022,3.844170460828497,15.0850298233086,4.597442549402347,15.948173837981471,3.936951380245628,18.090003706909084,3.2719884108137736,24.06381734967854,7.719332368202678,31.52980223214622,5.469391314735423
original_mix,310.0,315.0,-322.4249572753906,69.35276794433594,171.8555145263672,44.91899871826172,-0.09547314792871475,27.370712280273438,20.433603286743164,31.978137969970703,5.498166561126709,15.61535930633545,11.94368839263916,18.933244705200195,-3.7481088638305664,16.517658233642578,8.987468719482422,8.625199317932129,-0.8709464073181152,9.758090019226074,-5.786733150482178,11.917732238769531,-2.882748603820801,9.739457130432129,-0.6730694770812988,9.693831443786621,-7.693887233734131,8.229207038879395,0.5640500783920288,0.5043654441833496,0.4258343577384949,0.461527019739151,0.6070718169212341,0.5700849890708923,0.4332214891910553,0.5211414694786072,0.5031087398529053,0.39953139424324036,0.3866804540157318,0.4429701864719391,0.04403550053996373,0.034065294437335525,1902.8642894503678,1108.3458750437762,2573.8605794784626,730.1934513869331,3317.861917234629,2168.6899684821465,0.04697242966937355,0.04202791697361592,13.636995052739934,4.722714448395519,9.770161064558161,3.9087140728228675,14.893496068999008,4.279772057728307,15.730437135402534,3.755317718826441,17.61976544261294,3.017388609217496,22.5933750264064,6.95846691517257,31.34634876343275,5.938911532823993
original_mix,312.5,317.5,-330.087158203125,73.94532012939453,174.52987670898438,37.09359359741211,1.7642836570739746,24.416107177734375,16.39822769165039,29.386455535888672,7.2345428466796875,14.743703842163086,14.745436668395996,18.417518615722656,-5.200422286987305,17.182180404663086,9.702021598815918,9.324560165405273,-2.4947550296783447,9.16884708404541,-5.449962139129639,10.523707389831543,-2.738682270050049,9.284318923950195,0.36467429995536804,8.126575469970703,-6.512975692749023,8.202958106994629,0.5595952868461609,0.4936326742172241,0.4589974284172058,0.5047397017478943,0.5778124332427979,0.4788717031478882,0.39638230204582214,0.5284801125526428,0.45048585534095764,0.42623206973075867,0.4250544011592865,0.45871442556381226,0.040844017309147496,0.032598970201312326,1807.3386851411046,995.4122754868638,2591.8690430291695,720.6041388336758,3228.981248187355,2135.3707116805485,0.039164461281902554,0.0375930081650296,17.757248924380356,6.4976459866929455,9.856396016753743,3.6840163161082944,14.788307676801754,4.342400491888297,15.574499618828266,3.656343072652812,17.574423501691264,2.6231465390184936,23.15906996304053,7.026298601822078,30.8507580557273,6.282929268499068
original_mix,315.0,320.0,-337.6982421875,71.1757583618164,183.12924194335938,39.03245162963867,-3.30533504486084,24.338727951049805,13.962053298950195,26.91962432861328,7.4584245681762695,14.051444053649902,15.97848129272461,18.22124671936035,-5.573037147521973,17.187002182006836,8.712479591369629,10.38772964477539,-3.515974521636963,9.244765281677246,-4.475929260253906,10.873509407043457,-5.556921482086182,9.07792854309082,0.7463383078575134,7.842559337615967,-7.475410461425781,8.577343940734863,0.5775051712989807,0.5046945810317993,0.5337144732475281,0.5419176816940308,0.4642920196056366,0.444693922996521,0.37972569465637207,0.47157901525497437,0.40532535314559937,0.4294719696044922,0.419114887714386,0.46962788701057434,0.03957138726327854,0.030016037234864852,1798.2526596465284,1146.6655553032797,2525.9840064006967,859.8556919699218,3198.654904111079,2550.8916304678446,0.040027733468677495,0.03720835538489033,21.02133373121103,5.188271253089148,9.794806869989088,3.7729634524415205,14.692184027472495,4.33929196719764,16.03640436395331,3.575730367738128,17.606320980492516,2.7280211323312855,22.98656617085162,7.031867018524892,30.68085435622999,5.852116690182957
original_mix,317.5,322.5,-341.3077087402344,64.42266845703125,178.3962860107422,43.912899017333984,0.6954926252365112,23.959148406982422,9.308714866638184,30.288925170898438,6.499701023101807,14.992871284484863,8.711498260498047,13.950708389282227,0.19978250563144684,14.619140625,9.224183082580566,10.786715507507324,1.3608468770980835,8.509382247924805,-3.698028326034546,9.250316619873047,-5.66953182220459,8.910293579101562,-2.4579176902770996,6.813294887542725,-6.292380332946777,8.09224796295166,0.6298119425773621,0.4786359965801239,0.5935447812080383,0.50670325756073,0.44504085183143616,0.42008891701698303,0.3524179458618164,0.42877793312072754,0.3621532917022705,0.4001002609729767,0.3760699927806854,0.45952296257019043,0.042606285211398955,0.03982395174287376,1732.2625784908228,1237.046750700765,2302.987010667744,910.17615065299,2984.6718206206497,2571.101604190653,0.04343210738109049,0.04198173238110654,20.866133139170152,5.45906452297814,10.021466596082375,3.9220693438236562,14.529544090581165,4.3921042354796995,17.322083971409423,3.8828454222127933,18.086489652007078,3.099302278658826,21.95205191796626,6.099522738633775,29.475771234180844,6.067557723765121
original_mix,320.0,325.0,-325.7150573730469,63.29403305053711,179.26878356933594,49.93372344970703,1.0836985111236572,27.111980438232422,14.14877700805664,32.323699951171875,6.136125564575195,16.42420196533203,9.57072925567627,17.38787269592285,2.556873321533203,14.662982940673828,10.65336799621582,11.78642749786377,2.2091405391693115,9.603494644165039,-6.662452697753906,11.853445053100586,-6.385792255401611,10.313468933105469,-1.0653847455978394,8.317626953125,-6.386253356933594,9.307378768920898,0.5463989973068237,0.4594707190990448,0.5272496342658997,0.4676191210746765,0.46157220005989075,0.4314669370651245,0.4271993935108185,0.4492121636867523,0.4053921699523926,0.41670212149620056,0.3957678973674774,0.48623305559158325,0.05528063750166766,0.04656509761130154,1710.921743275152,1289.8404735663926,2212.7199259899194,866.7850257126789,2869.711494888341,2481.576449260164,0.04458087115719257,0.04764277298272755,17.944956554519994,5.494588078072902,10.040387082390698,4.036725488092646,15.046095073048424,5.089873482181465,17.31415672521392,4.110525361602313,18.33098152285122,3.4883315177414507,22.940889816601707,6.786448223763572,30.384516611628978,6.1571229770114755
original_mix,322.5,327.5,-312.0395812988281,58.58486557006836,185.51744079589844,50.91507339477539,-1.3902935981750488,28.219850540161133,14.584025382995605,30.40633201599121,8.455611228942871,15.942212104797363,14.633167266845703,18.024507522583008,-0.4750687777996063,15.115415573120117,7.077821254730225,11.91181468963623,2.294171094894409,10.316577911376953,-9.533479690551758,12.584758758544922,-6.914122581481934,9.67319393157959,0.14535699784755707,9.102023124694824,-5.962310791015625,10.567152976989746,0.4467754065990448,0.41685163974761963,0.47628992795944214,0.4873557984828949,0.5379481315612793,0.5477413535118103,0.4832041561603546,0.4731880724430084,0.40190327167510986,0.41597336530685425,0.3897166848182678,0.39312970638275146,0.0578443185532176,0.04080094234904311,1713.6128012927702,1260.7744206371078,2245.7486194367525,873.8714192349732,2998.061376160093,2553.3520302499523,0.042551841647331785,0.043915543513885054,15.573657222781078,4.703076023042291,9.665037750794244,3.7705464458997455,14.859765871293344,4.884555170385212,15.92523977710304,3.9970016752538577,17.834338330597532,3.277401686879454,24.324730549846798,7.821888951030706,31.624959410318485,5.552423640316023
original_mix,325.0,330.0,-335.6589660644531,65.79856872558594,195.52523803710938,39.8311653137207,-1.1431326866149902,24.44141960144043,8.714900970458984,27.595998764038086,8.996984481811523,13.092056274414062,13.40866756439209,16.977306365966797,-2.6767873764038086,14.383353233337402,6.107430934906006,10.6146879196167,3.6517891883850098,9.362000465393066,-7.456481456756592,11.578269004821777,-4.549939155578613,8.976204872131348,-0.8749692440032959,8.191201210021973,-6.4520792961120605,10.426335334777832,0.5485627055168152,0.4092552661895752,0.40368425846099854,0.4604170620441437,0.59122633934021,0.5743902325630188,0.4701588451862335,0.4822687804698944,0.4026409685611725,0.44866853952407837,0.38666751980781555,0.4041384756565094,0.04822705369096967,0.038130234467241404,1461.7772095363503,885.1070478435773,2094.717816716288,604.7324549836236,2492.5556935179816,1728.8471409669462,0.034853764863689095,0.03212677773590651,17.105692545682412,5.658203585791118,10.337621729625317,3.961720051893062,14.259769926003676,3.961099915412403,15.905565696779284,4.25723450130607,17.49793269999468,2.9852830667322245,24.102820524959824,7.405969615944348,29.630381353906458,6.013468905960689
original_mix,327.5,332.5,-347.72003173828125,64.69173431396484,192.0226593017578,42.37250900268555,2.303882360458374,22.584522247314453,11.128060340881348,28.317752838134766,6.851724624633789,15.05860424041748,10.73920726776123,17.82120704650879,-1.880279302597046,14.657670021057129,8.248847961425781,10.327863693237305,0.8277405500411987,9.79279613494873,-5.784032344818115,12.824042320251465,-1.439082384109497,9.65990161895752,-0.20661526918411255,8.016654968261719,-10.057368278503418,9.751947402954102,0.5783575773239136,0.44782760739326477,0.31744059920310974,0.38154345750808716,0.5167039036750793,0.5378125309944153,0.4399538040161133,0.47567611932754517,0.4220530688762665,0.526082456111908,0.4823266863822937,0.3940105438232422,0.04339659510055025,0.03660200610150385,1564.1755748080336,1053.9562593028104,2191.14831464619,674.0741084254818,2594.8259181046983,1887.6430350020826,0.039273219982598605,0.040105101406397496,19.788138982942673,5.957023416879649,10.139801130649241,3.7664180837299526,14.408925382645156,4.025954590876954,16.624995803096144,3.9578321580739955,17.386789157502932,2.9129444300811738,23.009492434452998,6.398518595433643,29.38985753759233,5.785756117289171
original_mix,330.0,335.0,-335.56024169921875,69.64933776855469,178.40374755859375,47.92314910888672,8.06847858428955,25.094675064086914,10.121453285217285,28.070045471191406,3.7486164569854736,16.6321964263916,11.669912338256836,21.38041877746582,-7.036883354187012,16.08668327331543,6.127269268035889,10.76788330078125,1.4469369649887085,10.517406463623047,-3.7282040119171143,13.444368362426758,-0.7866916060447693,8.43895149230957,-1.2726328372955322,7.889448642730713,-11.299429893493652,9.109718322753906,0.5511616468429565,0.41434070467948914,0.3596441447734833,0.3940880596637726,0.47307297587394714,0.47066885232925415,0.41206398606300354,0.4249136447906494,0.36947908997535706,0.5249431133270264,0.45196062326431274,0.36906132102012634,0.04462943289681768,0.03744687103253452,1793.4255971152306,1193.3737404835888,2442.5570465030823,812.5992281730638,3082.645396787993,2370.138279895559,0.045885975565545245,0.04510284099334375,20.494859570829714,5.646005094756555,9.60224148752492,3.6612508940483925,14.317099346105877,4.155108666555474,17.33843341834202,4.412860655175172,17.441177264267008,3.224568795726222,23.7046435840379,6.996969827504241,30.62454973517935,6.1814076317115925
original_mix,332.5,337.5,-334.3003234863281,76.75045776367188,179.2882843017578,48.947181701660156,5.652984619140625,31.940359115600586,8.591032981872559,26.476675033569336,3.951282501220703,16.76228904724121,12.629905700683594,21.62546157836914,-8.964731216430664,17.11536407470703,4.963078498840332,11.052557945251465,3.603192090988159,11.515869140625,-3.887662172317505,13.990382194519043,-5.904865741729736,9.197741508483887,-3.9248456954956055,8.312751770019531,-10.849363327026367,8.182632446289062,0.5856516361236572,0.4547288417816162,0.4146394431591034,0.44325315952301025,0.4562009274959564,0.44615843892097473,0.38736146688461304,0.37641337513923645,0.36107292771339417,0.47952213883399963,0.3913812041282654,0.3746228814125061,0.048621047699819654,0.03813914164748774,1729.534517963621,1108.1128112540387,2388.878992696413,759.398253948719,2956.04415150087,2312.223820420312,0.044163962804524365,0.03881920601780925,20.75871204280635,6.441541807365507,9.74451830720606,3.9286493327718484,15.034712355356705,4.474004620138847,17.315237644833104,4.385639861737561,17.321412469723022,2.973982290967977,24.845604171032278,7.353625646697557,30.66301429869804,5.940713424736103
original_mix,335.0,340.0,-326.1772155761719,70.7594223022461,189.25045776367188,54.63759231567383,-1.2313339710235596,34.639007568359375,13.097946166992188,27.636388778686523,7.678083896636963,18.035490036010742,21.547595977783203,20.483158111572266,-5.590031147003174,18.179447174072266,6.839374542236328,10.406145095825195,4.0121684074401855,12.3618803024292,-5.12040376663208,16.158763885498047,-7.76835298538208,11.913387298583984,-3.074815273284912,8.792037963867188,-9.824533462524414,9.491613388061523,0.5091748237609863,0.45079079270362854,0.4502805769443512,0.508262574672699,0.5267263650894165,0.5202785134315491,0.43614745140075684,0.39317309856414795,0.3786734342575073,0.4191819727420807,0.3658297061920166,0.41391804814338684,0.05646224222372863,0.03398147549265886,1662.6936030687593,1128.5137554161504,2280.884477010921,804.9777348146349,2841.9331632468097,2291.956047715222,0.038236613616589324,0.03398918460042101,18.572276291778486,6.430359400987924,9.888159167511194,3.9059217191568014,15.653039367192653,4.496315851256889,15.922142810684146,4.525281266097997,17.596811627476036,3.538557881750098,23.713863199681516,7.39039297189149,31.48647498153505,5.008296609742775
original_mix,337.5,342.5,-342.0035095214844,74.47827911376953,181.9713592529297,56.56061935424805,0.030717676505446434,34.79916763305664,14.287871360778809,27.526620864868164,13.375250816345215,15.560601234436035,25.263776779174805,17.42786407470703,-0.6956213116645813,17.20125389099121,7.966824054718018,12.098773956298828,6.596751689910889,11.521246910095215,-2.5504446029663086,16.155351638793945,-5.204774379730225,11.348794937133789,-2.3503499031066895,8.052338600158691,-7.2172532081604,11.045002937316895,0.5126726627349854,0.4823600649833679,0.5030034780502319,0.5364177823066711,0.5679463148117065,0.5857051610946655,0.5204486846923828,0.45616990327835083,0.4169404208660126,0.44714972376823425,0.447239488363266,0.4872622787952423,0.04959623270134362,0.03248521655328703,1647.20657005391,1139.4524456283252,2315.7733639161806,817.825116446506,2806.960443554234,2229.4908080134464,0.03431903458526682,0.0343303866275666,15.130613476337706,4.975773831383577,9.727116666052453,4.1708698255621695,15.592504335498028,4.706282903288796,15.768119084791687,4.190801213093399,17.226173104252226,3.656724310766622,21.617786697381273,6.6288461031884625,30.736367511727153,5.066372028511268
original_mix,340.0,345.0,-358.8279724121094,75.81105041503906,174.8776397705078,61.6495361328125,0.07831557840108871,34.10421371459961,17.03411865234375,27.39728355407715,13.419343948364258,14.776156425476074,24.799278259277344,19.930889129638672,-0.6535892486572266,17.661422729492188,9.243515014648438,12.74207592010498,5.281111717224121,11.293895721435547,-0.1822356879711151,14.148619651794434,-3.797710418701172,9.595532417297363,-2.3640737533569336,8.935956954956055,-8.760854721069336,10.74373722076416,0.5099558234214783,0.45104318857192993,0.4678896367549896,0.486014723777771,0.5371827483177185,0.5607818961143494,0.5161745548248291,0.45219898223876953,0.41558513045310974,0.46209654211997986,0.5000089406967163,0.5157279372215271,0.042940784139848226,0.0319325949460314,1819.4208831783453,1324.9015481927206,2502.141097977226,958.0072534686035,3235.2763377320184,2690.022153940653,0.03898206387761021,0.041259856484698584,13.883520749023171,4.190961423643676,10.585804675540599,4.608852802982172,15.6202732764956,4.226003628865021,16.246006631060116,4.277889633405007,17.11549181304811,3.394041923772712,21.465710857745385,7.0877646682660504,30.328089610969318,5.10192584627787
original_mix,342.5,347.5,-358.10064697265625,79.39347076416016,166.37710571289062,65.21073913574219,-1.1201869249343872,35.51152038574219,15.453004837036133,29.576995849609375,9.0060453414917,17.436159133911133,17.408594131469727,23.701427459716797,-3.073221206665039,16.62693214416504,6.513845443725586,13.137362480163574,4.099998950958252,11.237533569335938,-1.1432435512542725,13.457945823669434,-3.315803050994873,9.908180236816406,-3.121976613998413,8.83889102935791,-7.900975227355957,11.359814643859863,0.5211309194564819,0.43944233655929565,0.4029461741447449,0.41266584396362305,0.44850340485572815,0.4764176905155182,0.4719941318035126,0.46565404534339905,0.43266329169273376,0.403601735830307,0.40646836161613464,0.48177558183670044,0.045181566006082634,0.03810681475158628,2018.9103894914463,1348.6011863879703,2602.101698800346,1029.013242624513,3654.1995586209396,2798.5781135230663,0.046489812935034805,0.04466255235788706,14.979952560959704,5.355496366363689,10.928449672327625,5.087199104987432,15.252601217416634,4.768856821364519,16.773723577566752,4.520375959258472,17.515286037362916,3.5577733223409855,22.517081432020582,7.585899151318031,30.503008955994133,5.403322608492349
original_mix,345.0,350.0,-410.706787109375,107.93556213378906,151.9024658203125,66.30316925048828,7.433671474456787,36.16754913330078,7.140172004699707,30.95639991760254,1.0136038064956665,18.55601692199707,11.722875595092773,23.656259536743164,-5.059850215911865,16.04537582397461,1.4542683362960815,12.528154373168945,1.0776140689849854,11.233078956604004,-4.277247905731201,13.23930549621582,-2.1661109924316406,9.441633224487305,-1.0655685663223267,8.374106407165527,-5.764154434204102,11.435718536376953,0.5445128679275513,0.37574225664138794,0.38498052954673767,0.37244465947151184,0.4082866907119751,0.40850114822387695,0.3978732228279114,0.46579256653785706,0.4481395184993744,0.3187379539012909,0.3530610203742981,0.5734314322471619,0.03357234469675967,0.03562988575835464,1898.064082320723,1110.7420756453782,2653.8670119418525,861.1679562169664,2993.3650395156615,2201.162831014459,0.046370858106148494,0.040243042598735276,16.94353134728853,6.349556313946648,10.50741456238413,4.3324793692651395,16.040592270085284,5.042066169895704,17.887005908494125,5.245072820326547,20.0350322291654,5.12138101054229,21.441227622033335,7.376837780786838,27.18874059200803,7.53663638026431
original_mix,347.5,352.5,-532.20068359375,113.22315216064453,133.84503173828125,47.81525802612305,16.6380615234375,23.60318946838379,-17.47528839111328,29.656234741210938,-17.450294494628906,19.0966854095459,3.218766927719116,24.184825897216797,-8.62077808380127,12.181724548339844,-9.135910034179688,11.402356147766113,-10.813277244567871,11.562106132507324,-9.940526008605957,11.587286949157715,-4.603344440460205,8.725024223327637,-1.841288447380066,8.184062004089355,-6.70268440246582,9.561553955078125,0.6318588256835938,0.40580978989601135,0.19556787610054016,0.20305532217025757,0.22213415801525116,0.3236368000507355,0.20692293345928192,0.19545677304267883,0.531019389629364,0.3072066605091095,0.1588527262210846,0.21780195832252502,0.013542316686399844,0.021964938734709793,1749.6331968588074,699.1401906171066,2872.6608291444986,544.1559800095781,2111.9026201783645,1231.415069012971,0.04427838602088167,0.026309571523494352,13.673116978627583,5.916279087784945,14.120546869896318,4.630792602713793,18.635887703769463,4.173770238477818,21.010808386028884,5.306354473816643,25.354662427546682,5.707482838952281,18.940189887572817,5.7157867721693245,20.33951180437472,7.521397838632951
original_mix,350.0,355.0,-468.900146484375,114.25431060791016,101.72554779052734,55.64219284057617,10.553252220153809,21.987308502197266,-7.039956569671631,28.899885177612305,-14.394521713256836,17.001049041748047,-5.783511638641357,14.462989807128906,-6.935146808624268,10.76611042022705,-8.42768383026123,10.466540336608887,-12.46900463104248,10.318755149841309,-11.805861473083496,8.932936668395996,-9.13089656829834,8.51094913482666,-6.016899108886719,8.942306518554688,-7.400790691375732,8.976271629333496,0.5793899893760681,0.3199962079524994,0.11957956850528717,0.14518791437149048,0.17873552441596985,0.3114740252494812,0.18047229945659637,0.19875220954418182,0.5427455306053162,0.2882251441478729,0.13763470947742462,0.18067508935928345,0.024781979350351542,0.04463099564929468,1827.2386240877142,806.8190051631992,2804.8613358736625,619.3060318305683,2410.919373549884,1662.386050260704,0.047083454176334104,0.027612079010428954,14.396468596822832,7.967199104860514,14.961742631496985,4.57722460091692,18.75537845053652,4.364211869559198,21.214389631844615,4.834086493128008,24.717609446449348,5.974185553848751,18.896480850582833,4.996370075066609,21.154863528775365,7.948858969664696
original_mix,352.5,357.5,-365.1532897949219,109.88813018798828,147.26275634765625,62.48863220214844,3.319267511367798,32.679141998291016,10.805097579956055,32.5927734375,2.3804755210876465,18.5310115814209,8.105347633361816,21.143104553222656,-8.553598403930664,18.134288787841797,-2.124752998352051,11.491697311401367,-7.242116928100586,13.470513343811035,-10.051769256591797,10.832568168640137,-10.3479642868042,10.253823280334473,-6.440495491027832,10.668338775634766,-10.558103561401367,9.53636646270752,0.4454311728477478,0.28924745321273804,0.3250153660774231,0.356588214635849,0.4184081256389618,0.4088723957538605,0.3900519013404846,0.5181137919425964,0.5223268270492554,0.3596363067626953,0.32543909549713135,0.4657730162143707,0.048820818107512515,0.046992672832050136,2069.0379862611812,1260.5928403806859,2702.584723395479,952.2678621547979,3558.52418974768,2719.645932679705,0.052260821490719256,0.04122083208605668,20.601075788709736,8.253534631424008,11.022568131388338,4.293489325468897,16.80778542312964,4.499032796007974,17.769163613134594,5.063739356159591,19.616383405180773,4.412906976714174,21.538422412840106,7.831842395169703,29.225426686078524,7.64656192873727
original_mix,355.0,360.0,-327.5600280761719,78.38121795654297,152.06692504882812,60.56351089477539,2.335418462753296,34.4079704284668,19.38292121887207,32.398067474365234,7.271793842315674,15.354324340820312,9.07718563079834,19.85353660583496,-6.226852893829346,19.621767044067383,1.4958034753799438,10.40925407409668,-4.5650954246521,13.006856918334961,-8.360997200012207,11.612070083618164,-9.07545280456543,10.979057312011719,-5.154414653778076,10.111043930053711,-10.159979820251465,9.053024291992188,0.4690574109554291,0.41463857889175415,0.3717491626739502,0.43999338150024414,0.4664381444454193,0.45814427733421326,0.44311103224754333,0.45421120524406433,0.5372182130813599,0.5078433156013489,0.4265577495098114,0.42192065715789795,0.0508324428258373,0.042185445077805646,2224.532429246951,1493.2804596153815,2664.5535926402395,989.2342959136965,3950.8181826421114,2930.062813181183,0.05666441596577726,0.0535434701007952,23.22028730556928,6.353870413211859,10.308158071925046,3.9774427686183027,15.894124511424966,4.306664197421209,16.446526960287127,4.762356554112591,17.92408047864183,3.4146617066414326,22.758465451769265,8.389045331292303,32.165335137756934,5.802896571919092
original_mix,357.5,362.5,-346.6078186035156,88.96975708007812,148.5823516845703,56.00728988647461,10.361788749694824,35.981842041015625,17.54566764831543,31.435699462890625,6.763465881347656,16.953105926513672,16.111963272094727,17.655550003051758,0.584980845451355,16.416032791137695,3.02378511428833,10.509696006774902,-3.2408251762390137,10.882452964782715,-5.563912868499756,11.976163864135742,-7.19539737701416,11.214885711669922,-4.869228839874268,8.913098335266113,-7.882069110870361,10.06709098815918,0.5278055667877197,0.4431876838207245,0.3794834017753601,0.40322595834732056,0.40444812178611755,0.43213462829589844,0.4476757347583771,0.504746675491333,0.5997494459152222,0.5632644891738892,0.4368538558483124,0.4092930555343628,0.04800001165468738,0.04741350138759718,2020.6126687974684,1495.8600444412702,2596.7049187491098,880.7650478224405,3487.379685687355,2926.480304802297,0.04845879857888631,0.05236044698408625,23.555452258946325,5.982450830891214,10.91166981635049,4.042223613985871,16.201136890998306,4.506020623206417,16.870057302006813,4.49041668145484,18.35678268715376,3.306872494378911,21.303722822924776,7.584356677732079,30.699242842676536,6.654354009795957
original_mix,360.0,365.0,-395.1473693847656,99.05779266357422,148.35211181640625,44.09528732299805,17.70840835571289,37.96315383911133,14.892594337463379,26.537763595581055,11.160321235656738,17.536048889160156,23.90900230407715,14.948524475097656,3.6385605335235596,15.659496307373047,2.818335771560669,9.799747467041016,-1.567694067955017,8.315077781677246,-2.375636339187622,9.994537353515625,-3.4557504653930664,9.996105194091797,-2.2320902347564697,8.410358428955078,-3.709900379180908,9.956889152526855,0.6399750113487244,0.45650139451026917,0.34808626770973206,0.32637906074523926,0.3397883176803589,0.45303577184677124,0.4884621500968933,0.5763684511184692,0.6848239302635193,0.6058846116065979,0.41819220781326294,0.45679929852485657,0.03461049004023562,0.04107509385205291,1733.251904678438,1242.4079173569794,2557.1277116325514,685.7366141708276,2860.918353937065,2545.7641497493487,0.03796471686484919,0.04282120922304086,23.271568113742727,5.7388916767986915,10.43858948984387,3.3043383969767555,16.020155894478638,3.9247805545927186,17.53854565300584,4.242077417944377,19.659988895659264,3.5867888241386785,18.982499282461117,5.914025575399337,27.503311150308704,7.110342021857839
original_mix,362.5,367.5,-377.0306701660156,97.04371643066406,163.20147705078125,46.82564926147461,10.46047306060791,38.813995361328125,19.796255111694336,26.893644332885742,10.942137718200684,17.049306869506836,23.76109504699707,15.350229263305664,-0.5542567372322083,16.83563232421875,3.4589831829071045,9.181865692138672,-1.3552894592285156,10.30288028717041,-4.578000068664551,11.85624885559082,-4.487321376800537,9.9532470703125,-1.9550315141677856,8.804289817810059,-5.015708923339844,9.484732627868652,0.5032411813735962,0.4083203375339508,0.3963802754878998,0.4185936152935028,0.49334588646888733,0.5285690426826477,0.5257435441017151,0.5557187795639038,0.5742953419685364,0.4662311375141144,0.39240628480911255,0.5397480726242065,0.03921654568380069,0.035011074726378294,1658.9850874529632,1075.1014518229554,2453.818004099863,520.6421811614458,2647.0851535310326,1941.8292292183448,0.03718414660672854,0.039572376692905475,23.33665434706011,5.7789327302804585,9.946152933601574,3.3082782602163134,15.418098936169503,3.9993293083314634,16.17992389275041,4.012343884025479,19.219268572796018,3.6076273860597876,20.303230565010967,6.577530995321291,29.02063097494195,6.67372074025425
original_mix,365.0,370.0,-337.68939208984375,80.85616302490234,167.7780303955078,53.69293975830078,6.322745323181152,35.10469055175781,19.341411590576172,26.862579345703125,9.7506685256958,18.318111419677734,21.620288848876953,17.444847106933594,-4.147697448730469,17.25568389892578,1.7556195259094238,10.736190795898438,-1.3920090198516846,11.583995819091797,-7.239584445953369,14.088051795959473,-3.7185113430023193,10.622039794921875,-4.121707916259766,8.672015190124512,-9.236194610595703,10.493033409118652,0.4706677198410034,0.418195903301239,0.38776272535324097,0.42586416006088257,0.4694867432117462,0.5255856513977051,0.5526431202888489,0.5382592678070068,0.5333619713783264,0.5063799619674683,0.41255900263786316,0.41324374079704285,0.0510541602024882,0.039271462855201646,1797.9840462490406,1298.0103603331302,2471.1263903717527,790.5748765137724,3049.4213130800463,2532.656749133035,0.0421870468387471,0.044062068970110946,23.840353544418004,5.632021552400908,10.330845563853037,3.6976258080469275,15.245831238497516,4.206918942332173,15.440776906412438,4.172942908582326,18.15683225453678,3.096909154225412,22.311732492227044,7.775978834396576,31.384916645289234,5.697762575659716
original_mix,367.5,372.5,-336.19610595703125,80.18653106689453,169.07565307617188,55.70829391479492,4.49213981628418,33.4345817565918,20.439443588256836,30.368053436279297,11.780034065246582,19.683977127075195,19.144512176513672,18.94561004638672,-4.714968204498291,18.99456214904785,1.9306137561798096,10.58915901184082,-1.6266344785690308,11.229110717773438,-9.293739318847656,14.168209075927734,-3.6222145557403564,11.286874771118164,-3.946854591369629,9.847658157348633,-10.728766441345215,11.024288177490234,0.4438101053237915,0.3987395167350769,0.3398241400718689,0.3501613736152649,0.41068559885025024,0.4749299883842468,0.5017206072807312,0.52048259973526,0.5388463139533997,0.5271444320678711,0.416533499956131,0.3677186965942383,0.05548311858016591,0.03961459806226687,1824.6692219529293,1413.4830185345359,2355.1797184172297,883.1119014260463,3102.230119815835,2704.3942674815917,0.04465904147331787,0.04930030808824456,24.24378582479252,5.7906328024586005,11.253738161278834,3.8375917476439043,16.231298190791083,4.457248729410849,15.913496862554434,4.229647655928606,18.107125409502085,3.34865817984226,24.05368319060911,8.459162963312954,31.343911325351453,6.060245281915168
original_mix,370.0,375.0,-326.4306945800781,70.19654083251953,167.04148864746094,54.903221130371094,6.885175704956055,35.68427276611328,21.135473251342773,31.475168228149414,14.717748641967773,17.504955291748047,14.326318740844727,18.382158279418945,-3.2327401638031006,19.626094818115234,0.05737835913896561,10.050225257873535,0.2359291911125183,10.511709213256836,-8.81430721282959,11.911224365234375,-6.3068695068359375,10.493864059448242,-5.654599189758301,10.949317932128906,-9.95013427734375,10.272590637207031,0.4250107705593109,0.3785177767276764,0.35814979672431946,0.4092036485671997,0.4418385326862335,0.5010482668876648,0.4869507849216461,0.49096906185150146,0.5118806958198547,0.5117058753967285,0.3931683599948883,0.35874441266059875,0.060940119256362696,0.04710315405223002,1741.2786176954667,1307.6767255614548,2194.344332880921,802.5568357108867,2929.7646507033064,2377.88340287248,0.04339358867459397,0.04853211055919634,24.321453144750894,6.449825976826841,10.74297573952288,3.7812041559394496,16.38612935469003,4.111035595716145,16.46001352267376,4.334366406668002,18.064905793464444,3.2364899609220625,24.41934502448732,8.131108631368953,31.548303952006282,5.487850563968504
original_mix,372.5,377.5,-326.01080322265625,75.3018569946289,171.06802368164062,57.67580795288086,7.004919052124023,30.8887939453125,18.982032775878906,29.32985496520996,13.212786674499512,15.776111602783203,11.771003723144531,14.642468452453613,-3.3817622661590576,17.842058181762695,-0.1332181841135025,10.650679588317871,-0.1465846300125122,10.767457008361816,-5.864307880401611,12.542099952697754,-5.672853946685791,11.01683521270752,-5.643886566162109,11.598274230957031,-7.6281256675720215,9.383234977722168,0.4426526129245758,0.3719237446784973,0.35398510098457336,0.39693668484687805,0.41155806183815,0.4461890757083893,0.4359734058380127,0.4822387099266052,0.5352816581726074,0.5698569416999817,0.4507923424243927,0.42783936858177185,0.06444893799627117,0.05730644236578012,1736.9694737653283,1371.0347985907117,2229.257336329274,895.0467649644594,3000.509466538573,2588.817576790366,0.04213380039153132,0.04617201820311742,23.382266366423465,6.347130169069313,10.569801857141067,3.9357511753950876,15.642758742022988,3.949433688259706,16.56837707039979,4.434147764584229,17.52422240684212,3.0795057600028426,23.20900473080664,7.557736952609505,31.05016027581641,5.096414554204668
original_mix,375.0,380.0,-317.5937805175781,74.66020965576172,175.621337890625,53.964847564697266,7.649982929229736,26.561323165893555,15.328237533569336,28.51730728149414,11.592363357543945,16.471210479736328,14.451151847839355,14.383371353149414,-3.213803291320801,14.641490936279297,0.6612571477890015,9.260814666748047,-3.130988597869873,11.243688583374023,-6.312600612640381,14.13702392578125,-4.825445175170898,10.907674789428711,-3.575697660446167,10.42257022857666,-5.291629791259766,8.459607124328613,0.4483453631401062,0.3570871651172638,0.31142905354499817,0.353555828332901,0.39873814582824707,0.46280279755592346,0.45833224058151245,0.49605152010917664,0.5719200372695923,0.6165845394134521,0.4829779863357544,0.45580169558525085,0.06109821854111697,0.04971865414658696,1723.1133524083577,1327.407797411293,2350.7220396444213,891.7148420098898,3000.409544482309,2581.6669224767556,0.039972221215197216,0.043255095768490424,23.30782604499198,5.961408123140263,10.298851998306239,3.6572508169569025,15.256528451302795,3.9708275211920006,15.740706626482616,4.0735061798227985,17.35834601457275,3.1489426682888197,22.270614057444828,8.000882422600178,30.852384537829337,5.624931256348061
original_mix,377.5,382.5,-310.8813171386719,73.725341796875,179.64845275878906,54.74291229248047,4.458070755004883,27.071182250976562,18.63589096069336,32.11094284057617,13.146956443786621,20.09854507446289,16.279260635375977,17.455034255981445,-3.7895421981811523,14.545781135559082,2.3239431381225586,8.955750465393066,-1.0926085710525513,11.674962043762207,-8.700699806213379,14.451810836791992,-6.415086269378662,10.14859390258789,-3.9769394397735596,9.678750991821289,-6.826331615447998,10.240863800048828,0.44368746876716614,0.3840833306312561,0.3478766679763794,0.40638482570648193,0.4795106053352356,0.5222097635269165,0.47829705476760864,0.46514376997947693,0.5032274127006531,0.5420844554901123,0.45115283131599426,0.42369961738586426,0.06714995187143266,0.04878073994681111,1689.7009058620483,1306.0456549423361,2278.761912298049,774.408324213952,2900.637371302204,2277.523989574915,0.04049675536542923,0.050506613359629624,23.783110377925112,6.199336899635304,10.26376947554864,3.548084369787791,15.577018365072432,3.97415831203782,15.827698152335877,3.9717254984889627,17.56930391157328,3.605033997808898,24.116294052716974,9.53877158453957,31.46869134243577,5.44326663179493
original_mix,380.0,385.0,-312.3572692871094,63.13492202758789,180.61843872070312,53.816646575927734,8.207477569580078,29.799779891967773,24.993824005126953,31.942922592163086,17.269386291503906,20.502492904663086,18.893890380859375,17.78264045715332,-6.286165714263916,16.606115341186523,1.4393410682678223,11.199469566345215,1.0554155111312866,11.131795883178711,-9.918800354003906,15.247550010681152,-5.57478666305542,9.79895305633545,-4.030071258544922,9.614187240600586,-10.632231712341309,10.657059669494629,0.41380390524864197,0.40303823351860046,0.4194318354129791,0.5044677257537842,0.506754457950592,0.4613777697086334,0.414381206035614,0.40271735191345215,0.40376901626586914,0.46802395582199097,0.4341990053653717,0.39732620120048523,0.07009200125137503,0.043055041040195044,1600.8230576113338,1282.297871109054,2205.3671451123987,671.3232836202646,2667.7690191777842,2133.31185780559,0.039329865139211134,0.051532058269023684,23.4386955353284,5.463045294265376,10.103010324207824,3.3270544129540527,16.24483203876708,3.9505561487526837,16.074144968708005,4.248872419428307,18.02357817806115,3.7218272852995775,25.795583750902736,9.730616485990042,32.086773396080375,4.898619369859197
original_mix,382.5,387.5,-342.1549072265625,70.6556625366211,169.25180053710938,53.365543365478516,8.557732582092285,30.769559860229492,27.26585578918457,34.66532516479492,18.098819732666016,18.125776290893555,19.340038299560547,16.954029083251953,-7.049854755401611,20.444368362426758,2.6946661472320557,12.524744033813477,-1.2745789289474487,9.761045455932617,-7.567009925842285,14.589333534240723,-0.5423362851142883,9.031649589538574,-1.7404325008392334,8.484256744384766,-11.541638374328613,10.08339786529541,0.5803838968276978,0.5345737338066101,0.46050235629081726,0.477562814950943,0.43228429555892944,0.3846989870071411,0.36194247007369995,0.3717312514781952,0.4088374674320221,0.4700298011302948,0.44648924469947815,0.4774669408798218,0.049902363266502,0.032293448106970254,1720.2283454222045,1269.005066515213,2341.8949490797595,595.1298380954292,2810.757481692285,2086.488345223788,0.042688922926334104,0.049824484089972434,23.07076138116095,4.727618269706247,9.464752252627738,3.275524233325448,16.27745620442,4.068199022023003,16.30775539039198,4.752725028345626,18.552955693063318,3.5882702118234415,24.307126634063234,9.187088997200387,31.170140456279487,6.130402720188405
original_mix,385.0,390.0,-349.0873107910156,92.55872344970703,158.1610565185547,54.73240280151367,4.044466018676758,31.004173278808594,24.951066970825195,39.6728401184082,21.459383010864258,18.497188568115234,19.98734474182129,16.374469757080078,-6.3455281257629395,21.382295608520508,2.6691408157348633,11.481420516967773,-4.50223970413208,9.47878646850586,-6.305752277374268,13.98897647857666,1.064330816268921,9.206399917602539,0.4216979146003723,8.547562599182129,-10.791980743408203,11.552897453308105,0.6614093780517578,0.5306848287582397,0.4246174693107605,0.41492363810539246,0.39527571201324463,0.382597953081131,0.34325361251831055,0.3665643334388733,0.4453575313091278,0.4387205243110657,0.41046109795570374,0.4947983920574188,0.04651876887319536,0.0398063813093346,1869.147807922045,1340.9448205610727,2414.178237755807,601.6885304958557,3079.9475012688513,2091.843905625921,0.04727604770881671,0.05293579000342242,23.135567624224603,5.2159909500367485,10.154936935382088,3.766959820027377,15.945899099609619,3.748293971090909,16.41800109588646,4.636292777353839,19.186288068050917,3.7809188284141237,23.545568895533645,9.046740676391936,30.38915735143463,7.117880978568489
original_mix,387.5,392.5,-335.4704284667969,88.06500244140625,164.3823699951172,58.630252838134766,4.67648983001709,31.285295486450195,23.61763572692871,41.84132766723633,21.038158416748047,19.221904754638672,20.48927879333496,18.560819625854492,-6.7046613693237305,20.781641006469727,3.684703826904297,11.858243942260742,-4.8951520919799805,10.563360214233398,-5.315682411193848,13.990623474121094,-1.6941989660263062,10.293840408325195,-0.015325842425227165,8.5392427444458,-10.536538124084473,12.64962100982666,0.5441856980323792,0.4593525230884552,0.4108116328716278,0.447312593460083,0.46626201272010803,0.48147323727607727,0.40702155232429504,0.38618627190589905,0.41613224148750305,0.3931848704814911,0.37582698464393616,0.458414226770401,0.05171923051326775,0.039134842311987536,1911.257721650258,1428.2558698839807,2451.5739637172737,706.7023530480923,3100.831211028132,2314.861918069034,0.04898219982598608,0.056546697257066694,23.328801439092008,6.63883028638105,10.094701854460196,3.6059957854710163,15.792754206640627,3.940085955203304,16.41486415396263,4.592732724779073,19.113648153349995,4.074156020223787,23.741283946287766,8.226511873410185,30.838081400119044,6.658470130001879
original_mix,390.0,395.0,-335.2915344238281,85.34171295166016,167.7571563720703,52.49381637573242,10.621599197387695,32.81475067138672,17.03893280029297,36.37742614746094,20.55900001525879,18.057693481445312,20.686016082763672,19.77249526977539,-8.29982852935791,19.251575469970703,2.70353627204895,10.928018569946289,-0.3222205340862274,10.675148963928223,-2.8144986629486084,13.125433921813965,-1.803463339805603,12.455876350402832,0.2049216479063034,8.942217826843262,-7.604700565338135,11.743572235107422,0.5503615736961365,0.45273447036743164,0.3811153471469879,0.3935298025608063,0.4651162922382355,0.5630313754081726,0.48225703835487366,0.37922877073287964,0.4077969193458557,0.4356343150138855,0.4532070755958557,0.5478689670562744,0.050549780916457177,0.03910857467405922,1766.761942937888,1245.4873008740146,2468.4362557185264,705.9203137178356,2901.2369036397913,2198.2350661549435,0.04200918104698376,0.04715843379631261,21.72694781358912,6.009385134883462,9.81849990824156,3.6678725041723514,15.593763932728395,4.362270631216192,16.376807641592585,4.560784375656609,18.685928770710458,3.7159292030884465,24.01088189320752,8.782900322340899,30.073012449452026,6.591581881674591
original_mix,392.5,397.5,-347.6857604980469,81.72178649902344,173.7513427734375,43.68989181518555,13.4331636428833,33.67107009887695,15.71194839477539,24.724796295166016,26.624916076660156,16.886981964111328,23.72323226928711,19.20951271057129,-11.082842826843262,18.202037811279297,-1.7964521646499634,8.666295051574707,2.218594789505005,9.337516784667969,-2.4208309650421143,13.146722793579102,-0.6225712895393372,13.128517150878906,3.5088043212890625,8.376107215881348,-7.265783786773682,12.785653114318848,0.5931148529052734,0.481611967086792,0.3580382168292999,0.36155080795288086,0.4142567813396454,0.5693407654762268,0.5155078172683716,0.3742184042930603,0.43775543570518494,0.5226141810417175,0.52177894115448,0.5754929184913635,0.055090822014750226,0.04734155964341243,1535.3950119435747,908.1401243650528,2419.5665322066,745.6339285254993,2718.179696563225,1985.1203838005872,0.030952046476218097,0.02487548963003965,21.824285535379374,6.503192252658113,10.313103804483704,3.5637221082047046,16.469176432544977,4.2686506276664655,16.921695531057956,4.686291455721001,18.144450805576092,3.3085166851693426,23.737802549416205,9.177279048561985,29.247899122667494,5.661162239068951
original_mix,395.0,400.0,-373.1791687011719,80.61161804199219,174.2180633544922,46.59164047241211,17.566282272338867,31.016456604003906,22.339431762695312,26.5601863861084,22.661853790283203,19.5297794342041,18.50893783569336,19.373674392700195,-5.654677391052246,16.9918212890625,-0.05114831030368805,9.38897705078125,3.773071527481079,8.623071670532227,-0.2962550222873688,13.120862007141113,-2.2786474227905273,15.130050659179688,2.7049455642700195,9.535287857055664,-5.2473464012146,12.023331642150879,0.6013738512992859,0.4599438011646271,0.3329048454761505,0.3433397114276886,0.4255664348602295,0.6221479177474976,0.48903951048851013,0.3912288248538971,0.5086174607276917,0.5484628677368164,0.5402655005455017,0.5517460703849792,0.04990207236541085,0.04787887278177686,1489.5395551784434,1148.634813818091,2284.2885954956732,770.4208322929888,2569.695520954176,2204.856957058063,0.03283719728828306,0.03754519667336459,22.50054936718796,6.315782602226371,10.778007569180064,3.37867988726393,17.235549706509182,3.8570311590003032,18.006471469073123,4.694050904464761,18.84546695156169,3.6259252027663016,21.12166101185058,6.78933551783537,28.17180737647139,6.133285159495316
original_mix,397.5,402.5,-366.70941162109375,86.64734649658203,178.524658203125,50.594608306884766,16.2723388671875,30.59035873413086,18.49559211730957,31.30035972595215,17.264524459838867,18.122087478637695,13.724346160888672,15.80787181854248,-3.9883975982666016,15.223830223083496,0.8239794373512268,9.938976287841797,1.5192203521728516,10.668197631835938,-1.0902029275894165,13.656702041625977,-3.655029296875,14.299100875854492,-1.27684485912323,9.739587783813477,-5.819544792175293,8.746172904968262,0.5693416595458984,0.4623863697052002,0.3738398253917694,0.38106396794319153,0.4607449769973755,0.6217526793479919,0.54648756980896,0.50133216381073,0.55250483751297,0.549558162689209,0.4979701340198517,0.5164772272109985,0.04616572618972847,0.041476092963847765,1449.2695813485266,1215.165411552489,2113.49392372469,765.1991654244953,2407.921711861949,2093.6285267184626,0.03431223716647332,0.042418193117454664,23.06620821881669,5.74829688521183,10.78100147928423,3.445423514847567,16.20571117932424,4.085798242937592,17.672563580702132,4.940844516599023,18.841354039811783,3.578132504861769,20.91856089093826,5.964118334008477,27.652437660559837,6.601709410211624
original_mix,400.0,405.0,-329.8858642578125,70.09000396728516,183.7151641845703,56.700523376464844,0.14656367897987366,31.811439514160156,18.517444610595703,36.65323257446289,19.766340255737305,18.075809478759766,15.579390525817871,16.850826263427734,-7.851140022277832,17.222850799560547,0.740880012512207,10.428908348083496,-3.242858648300171,11.78052043914795,-7.783959865570068,13.67035961151123,-3.4127073287963867,10.248374938964844,-3.342735528945923,9.449084281921387,-10.757145881652832,8.474292755126953,0.4499630033969879,0.4038539528846741,0.390370637178421,0.4387238621711731,0.5001574158668518,0.5967493057250977,0.568611204624176,0.5570037961006165,0.5426986813545227,0.5105875134468079,0.4242200255393982,0.41472893953323364,0.05357505154002916,0.03595789238649488,1640.3208280671454,1271.4838346958916,2101.616691693186,783.8866575545841,2819.5506226435614,2144.036633958562,0.040024334759280744,0.04609162844537913,24.76054599449935,5.798787229661495,10.551476245819565,3.6128708542166614,15.697654654407726,3.913561921308072,16.30836303127592,4.27223817662587,17.781365232390325,2.9884865928565665,24.077840539282885,8.030072223777294,29.863923089417664,5.936809624638748
original_mix,402.5,407.5,-330.4363708496094,67.10993194580078,176.68907165527344,62.610984802246094,-2.445949077606201,31.379854202270508,20.70586585998535,39.69091796875,17.326627731323242,17.89970588684082,17.92942237854004,16.250825881958008,-5.946483135223389,17.089998245239258,1.3771241903305054,10.412036895751953,-1.902603268623352,11.468053817749023,-8.317194938659668,12.950551986694336,-4.26973295211792,10.154967308044434,-1.6698209047317505,9.959075927734375,-8.253114700317383,9.984155654907227,0.4145358204841614,0.3759134113788605,0.38313350081443787,0.46252816915512085,0.5791124701499939,0.6865599751472473,0.5855567455291748,0.5295316576957703,0.533346951007843,0.4631894528865814,0.36148151755332947,0.3725964426994324,0.0502440476457301,0.033397387293202574,1852.6774791470332,1399.080137361599,2250.8044830607364,839.2178727688183,3236.4254413790604,2464.6336652986583,0.04564353429524362,0.05077056004599551,24.335747445185525,5.658797533845259,10.558072373810095,3.4758056205111196,16.228943569243466,3.9900668127040175,16.276852996586662,4.383534714934686,18.176043750493374,3.332561685475526,23.757007039077966,7.821477056907387,30.73715389497186,6.038368993055948
original_mix,405.0,410.0,-336.05975341796875,69.0313949584961,183.80978393554688,59.483638763427734,3.3063604831695557,32.31704330444336,12.57418441772461,37.5335693359375,16.469730377197266,15.988834381103516,19.880104064941406,16.036720275878906,-6.495728015899658,15.603736877441406,-0.3519608676433563,10.502801895141602,-0.6869301199913025,9.028129577636719,-10.403512954711914,15.377318382263184,-5.145199775695801,9.731537818908691,-1.6488194465637207,8.912206649780273,-6.716372013092041,9.960176467895508,0.433645099401474,0.3828140199184418,0.4167965054512024,0.4947841763496399,0.6336405277252197,0.5653933882713318,0.449846088886261,0.4893479347229004,0.5049305558204651,0.36388909816741943,0.3635771572589874,0.4744408130645752,0.05283204144247205,0.03720851609053303,1663.2116009009837,1255.545783930911,2143.8757969903268,806.5675894195239,2863.0167171186195,2290.84154754845,0.0408162340487239,0.044092783856754976,24.01271027996924,6.0689655763128325,10.342902837510564,3.5716766901319263,16.00140089015554,4.369914877526543,16.040721557802854,4.308723936336523,18.738343976564103,3.1909588286433483,23.43072238540908,7.441722481837491,30.176724391981033,5.611463622982893
original_mix,407.5,412.5,-337.37005615234375,58.93476486206055,194.09732055664062,47.548614501953125,5.235165119171143,29.181554794311523,11.267948150634766,31.75828742980957,24.104440689086914,15.329629898071289,22.167280197143555,15.412273406982422,-9.983879089355469,15.34335708618164,-1.040160894393921,9.450488090515137,-1.1269398927688599,8.429725646972656,-14.807859420776367,15.735673904418945,-3.0576512813568115,8.55395793914795,-0.37109678983688354,8.740571022033691,-9.458208084106445,9.636292457580566,0.4656338095664978,0.4119853079319,0.39060178399086,0.42651161551475525,0.49241581559181213,0.6274288892745972,0.5088282227516174,0.4169556498527527,0.48321783542633057,0.4722110331058502,0.3485061824321747,0.3849707245826721,0.054177119227000914,0.03384202763221111,1382.388084195951,926.1339368331305,1971.0129986815518,667.9637075587557,2415.865515334977,1669.1465928800797,0.03228660636600928,0.032204810994198474,24.29870315128282,6.450896481823737,9.426460963588609,3.5215683175798373,16.95032473491252,4.026881197584846,15.714736791332584,4.1486076701679835,18.533236646271355,3.206228950664088,24.84455945317626,7.797129481339424,29.787088731038462,4.592004427894688
original_mix,410.0,415.0,-365.0274658203125,59.8857536315918,202.1748504638672,46.463233947753906,2.9647252559661865,24.904041290283203,20.515140533447266,25.95949935913086,19.433481216430664,16.972129821777344,24.860902786254883,14.741105079650879,-11.685141563415527,17.08498191833496,0.6986164450645447,10.330972671508789,1.0212152004241943,10.666088104248047,-10.19841480255127,15.525812149047852,-0.8847975730895996,8.611966133117676,1.0138157606124878,8.680105209350586,-10.236330032348633,9.425253868103027,0.4207460582256317,0.3887944519519806,0.4223615229129791,0.48531994223594666,0.5712060928344727,0.720066249370575,0.515433669090271,0.4190957844257355,0.4902794063091278,0.41706058382987976,0.3312714397907257,0.3875066936016083,0.04390774433243925,0.02626044635154294,1387.6089975269747,916.9275098540048,2124.1501302847196,863.4498136922897,2560.9023800029004,2052.495871190373,0.029104281467517402,0.025836697335681683,23.262126604552805,5.717006430313734,9.146597088212568,3.273047650009906,16.68644223819491,3.7588922564089686,16.63573666668452,4.3684042142070085,18.114754787733215,3.334623055077482,24.041277774930247,7.91219689553258,29.165783097616725,4.515253148986241
original_mix,412.5,417.5,-344.1988830566406,74.50016021728516,180.19139099121094,48.660865783691406,10.301859855651855,33.551185607910156,13.198054313659668,26.62364959716797,16.783517837524414,15.66472339630127,19.27615737915039,15.357046127319336,-7.487293243408203,17.868282318115234,0.019206106662750244,9.693697929382324,1.6149938106536865,10.097110748291016,-7.631070137023926,13.859654426574707,-4.117615699768066,9.441230773925781,-2.158428192138672,8.6609468460083,-6.547764301300049,8.978934288024902,0.44085389375686646,0.40490952134132385,0.40896040201187134,0.42308706045150757,0.4617250859737396,0.6775393486022949,0.5235165357589722,0.3781859278678894,0.42737048864364624,0.42249175906181335,0.33857062458992004,0.3628254234790802,0.04891702381077195,0.038107074636743385,1547.9880049291098,1071.1863494403492,2243.391172417508,808.5701619384116,2700.393570548144,2168.3609965019923,0.034622652624709975,0.03420397387981729,23.372351630946664,6.3430832359787015,9.576715980937424,3.678540977264605,16.191905979841547,3.8168242552338394,16.91744557917421,4.325687477960012,18.089962625449978,3.55921535788082,22.869862163632988,8.27596077249058,29.815805578073,5.4046823321815785
original_mix,415.0,420.0,-332.8905029296875,80.75328826904297,177.40625,48.161643981933594,6.8566060066223145,33.63296127319336,15.099396705627441,30.707626342773438,13.766450881958008,14.425262451171875,17.49958038330078,16.268556594848633,-7.034109115600586,19.763038635253906,4.263858795166016,9.072151184082031,-3.7975378036499023,11.108829498291016,-8.489947319030762,13.348749160766602,-6.698018550872803,10.639976501464844,-2.9784412384033203,9.422934532165527,-5.410864353179932,8.939589500427246,0.4383104741573334,0.3991573452949524,0.3858548104763031,0.4129701554775238,0.5977352261543274,0.5658783912658691,0.4054732620716095,0.4121533930301666,0.43844959139823914,0.3863205313682556,0.37834566831588745,0.4476737976074219,0.05304271021853536,0.04056100204626522,1659.5302864832613,1132.8183951215353,2338.1688602723034,672.5594935924245,2757.598947759571,2129.698398599544,0.039874791545823664,0.04261941422794743,22.916045332105664,5.611945390918392,9.470742579696031,3.2914045458798955,16.45718102653693,4.310210033113916,16.730201117771,4.345196481534477,18.107950056527077,3.5812430741017893,21.962694220240866,7.449816828657148,30.270664544247698,6.014308157989554
original_mix,417.5,422.5,-340.7835693359375,77.53556823730469,176.3018035888672,54.20014190673828,3.944150924682617,31.776756286621094,23.45207405090332,35.712833404541016,11.443777084350586,16.791637420654297,19.143869400024414,16.430946350097656,-4.968850612640381,18.360702514648438,7.413915157318115,9.86242389678955,-6.433495044708252,11.249735832214355,-5.243610382080078,12.566747665405273,-7.091786861419678,11.746611595153809,-1.4441152811050415,9.265658378601074,-7.73703145980835,8.909733772277832,0.485357403755188,0.4697514772415161,0.4306129515171051,0.4613620638847351,0.4900517761707306,0.5867841839790344,0.51870197057724,0.46957018971443176,0.4945743978023529,0.49783727526664734,0.43280062079429626,0.4265775978565216,0.04754297148864155,0.03373074714951946,1837.0129250211749,1332.665003988629,2492.93260263751,892.166086319417,3185.2153875435033,2698.8926541402748,0.04388186992459397,0.04832279984465693,23.88810435063933,5.961749487355442,9.766939141533191,3.3941906295450015,15.970341493311137,3.962027927015261,16.422003157461468,4.317292215261298,18.08994127351913,3.49608242509444,21.09949437444163,7.006173881976315,30.709244138388158,5.596936064354657
original_mix,420.0,425.0,-357.9234924316406,81.24142456054688,165.12355041503906,56.869205474853516,11.83330249786377,32.1973876953125,24.877700805664062,36.757911682128906,14.443685531616211,17.55206871032715,16.163957595825195,16.414005279541016,-1.7560193538665771,14.257612228393555,4.837153434753418,9.170648574829102,-1.6255041360855103,9.862120628356934,-3.9657952785491943,10.691618919372559,-5.900052070617676,11.43281078338623,-1.911912441253662,8.480996131896973,-6.954096794128418,8.312015533447266,0.518017053604126,0.45341524481773376,0.42110002040863037,0.4509372115135193,0.49570563435554504,0.5800355076789856,0.5296573042869568,0.5477243065834045,0.6400130987167358,0.616502583026886,0.4235450327396393,0.4206944406032562,0.0438212139354781,0.03623655124325747,1825.9425436382014,1483.8123996169934,2448.6351877798297,973.0995157018916,3261.4559164733178,2936.968718607922,0.04302879386600928,0.05418565019261372,23.057372046868952,5.105276166495424,10.842405450920106,3.473699965873124,15.909893713929888,3.956234068019771,17.21902459116508,4.357955408864398,17.95218492920171,3.4379436507713024,20.464933078611992,6.793308940830084,29.35442497657194,6.716909291806831
original_mix,422.5,427.5,-347.56170654296875,77.00421905517578,177.42941284179688,51.95667266845703,7.909574508666992,31.701610565185547,19.97705841064453,31.159347534179688,13.657797813415527,16.934650421142578,15.81167221069336,15.630681991577148,-2.99528169631958,13.425496101379395,2.2887749671936035,9.087904930114746,1.2869834899902344,10.14855670928955,-6.411789894104004,11.347028732299805,-8.84625244140625,11.483922958374023,-4.3897600173950195,8.867293357849121,-8.350748062133789,8.98255443572998,0.5698866248130798,0.45638903975486755,0.3783235251903534,0.38439205288887024,0.42498281598091125,0.4816506803035736,0.4318889081478119,0.4629424512386322,0.5894529223442078,0.6109306216239929,0.46549132466316223,0.47826650738716125,0.05152492514722862,0.04303848437141559,1616.3257204480306,1264.0427838871929,2265.4043446998294,901.0480587559977,2878.854363036543,2544.809318425312,0.037067457584106726,0.044881465279405175,23.33226085051465,5.845085968428456,11.053243225061712,3.4864395028796156,17.051208639002738,4.285699754357476,17.25909641115212,3.966943425047679,18.042511976064656,3.257386452346666,21.555271598611814,7.151222957310668,29.531249528195676,6.398059872692042
original_mix,425.0,430.0,-319.9639892578125,55.648170471191406,191.5954132080078,40.043907165527344,0.06054475158452988,31.271467208862305,18.111047744750977,26.142362594604492,14.318069458007812,14.435429573059082,14.418088912963867,17.612979888916016,-0.6634762287139893,15.104509353637695,1.5417550802230835,10.045879364013672,3.924931049346924,10.082269668579102,-8.934906005859375,12.301273345947266,-11.924820899963379,10.051413536071777,-7.018896102905273,8.015546798706055,-10.752318382263184,8.779330253601074,0.5827482342720032,0.4669259488582611,0.3440999984741211,0.3457282483577728,0.39723870158195496,0.4293256402015686,0.3855862021446228,0.38618189096450806,0.4671400785446167,0.539408802986145,0.5170161128044128,0.5262210369110107,0.06121884223955344,0.04380013912201851,1435.7248424131758,881.1340737616902,2056.979563705508,778.5064519568379,2577.0897531177493,1957.2622769022075,0.032216366371809746,0.023308214464171192,22.90985040290468,6.035592004561506,10.681225669373099,4.321390120244481,18.290208700187808,4.4026291676016704,16.85441959332313,3.929113162555876,17.990221558339755,3.486814688444734,21.96088805067987,7.282235036040299,30.785339264825485,5.053819995158642
original_mix,427.5,432.5,-334.5716247558594,65.75352478027344,188.74789428710938,35.37371063232422,8.061880111694336,29.079822540283203,16.082599639892578,28.152690887451172,15.880125999450684,14.552602767944336,13.172574996948242,18.16956901550293,-1.9506391286849976,16.680299758911133,3.352963924407959,9.337732315063477,4.272815227508545,9.406572341918945,-6.078598499298096,11.983186721801758,-8.941646575927734,10.548540115356445,-5.0540337562561035,7.3919267654418945,-8.747021675109863,8.94278621673584,0.5821465849876404,0.465626984834671,0.3336240351200104,0.3399623930454254,0.431322306394577,0.4795769155025482,0.4175623953342438,0.4120399057865143,0.4698046147823334,0.487067848443985,0.47658854722976685,0.507849931716919,0.053030834009270174,0.04012157057135121,1373.5427494744806,774.8623011317069,2099.8536328171263,645.263009896097,2359.4095535455335,1625.2471673407242,0.03068468133700696,0.022285083443500317,20.471590264639833,6.193491441381361,10.065478075730777,3.626747904051966,17.112717591717896,4.210984003194274,16.80488243591554,4.154674820567446,18.326804387700236,3.1025447171851144,22.06348826530717,6.927459459956073,29.831458010027376,5.37703914670862
original_mix,430.0,435.0,-344.2782897949219,73.9459457397461,186.57225036621094,42.6861457824707,12.171384811401367,26.744638442993164,11.634357452392578,26.87432289123535,14.154237747192383,18.3023681640625,17.95020866394043,15.987743377685547,-5.869292259216309,15.977777481079102,4.000314712524414,8.552371978759766,1.9370349645614624,10.40765380859375,-6.214259624481201,12.2496976852417,-6.037965774536133,11.309521675109863,-0.4297378361225128,7.852306365966797,-7.256484508514404,9.899347305297852,0.619864284992218,0.5246908068656921,0.3702648878097534,0.3527061939239502,0.4220896363258362,0.4482771158218384,0.38849255442619324,0.42251062393188477,0.4787493944168091,0.4344015121459961,0.3680437505245209,0.42663270235061646,0.049499742241615206,0.04019563948877896,1498.098953742372,999.7765994863139,2293.5036110919173,783.4644535234563,2617.2084587079466,2133.552666104396,0.03324051080336427,0.030391381179022826,19.24532802084663,5.638514010237319,10.348365049787267,3.6429063163368567,15.99960470917858,4.018052346834451,16.59477957442158,4.157906976036694,18.359611740058188,3.5567373168723333,22.497904097222634,6.75247104104042,29.246566339479553,5.430682579780545
original_mix,432.5,437.5,-335.0824890136719,68.10795593261719,169.42864990234375,48.276634216308594,15.74502182006836,29.152145385742188,14.9429292678833,28.80951690673828,13.216411590576172,19.067955017089844,13.293364524841309,16.772048950195312,-4.017820358276367,16.60647201538086,-0.5826379656791687,9.6254301071167,-0.2749575674533844,10.108642578125,-8.679875373840332,12.360153198242188,-5.875431060791016,11.597979545593262,-1.3474324941635132,8.31614875793457,-9.071062088012695,9.908514976501465,0.5663992166519165,0.46051880717277527,0.3420616090297699,0.3672705292701721,0.38904210925102234,0.38179123401641846,0.3930221498012543,0.4496854245662689,0.4838601052761078,0.42294225096702576,0.3668270707130432,0.411795973777771,0.050545404444766295,0.04656865543397336,1681.6841089319335,1274.3571857218092,2321.260185100103,937.4412811970659,3081.69613725348,2658.9034637426003,0.03949300319025522,0.041874893127026656,20.709624641518168,6.255406830865947,10.109705659701216,3.6739604430890185,16.19902699710131,4.0625112893586826,16.663456655521,4.2433256772182,18.101345000847942,3.651720551331894,21.801760984643526,7.113815420772731,29.99021886547197,6.167550409906249
original_mix,435.0,440.0,-335.1234130859375,60.057613372802734,171.5042724609375,42.97789764404297,16.395978927612305,29.924930572509766,16.388113021850586,28.892799377441406,13.882776260375977,14.844091415405273,12.915008544921875,16.577783584594727,-3.0698885917663574,14.780766487121582,-3.1271841526031494,9.59328842163086,-2.1775403022766113,9.035623550415039,-8.549209594726562,11.074106216430664,-5.853298187255859,10.76757526397705,-2.158886194229126,8.293514251708984,-8.690152168273926,8.969930648803711,0.4886294901371002,0.41705697774887085,0.3358405530452728,0.39184632897377014,0.44739407300949097,0.4942794144153595,0.5525849461555481,0.5265156626701355,0.509732186794281,0.451791912317276,0.4098481237888336,0.45441576838493347,0.04629863729471397,0.03915270905928217,1602.5709039454532,1144.8851945836434,2278.722783483651,890.0352563031096,2906.382889537413,2368.6227452651933,0.0362268434599768,0.03894839881889938,22.52145227661808,5.201451333002395,9.258432619790689,3.4431062363416634,15.799685094323067,3.987497784140169,15.857781807135826,3.883852711198197,17.425509423283014,2.908358551182023,20.86265388888941,6.580341074872891,30.114710449024724,5.398357116520069
original_mix,437.5,442.5,-328.1549072265625,57.634178161621094,194.45225524902344,48.540401458740234,2.8781118392944336,32.30495834350586,16.3333683013916,32.28754425048828,12.513293266296387,14.03276538848877,16.998729705810547,16.832788467407227,-6.373098850250244,14.1924409866333,-2.8639724254608154,11.787280082702637,-1.2807540893554688,9.418127059936523,-6.328691482543945,11.681004524230957,-5.914682388305664,10.573448181152344,-0.792595386505127,8.524930000305176,-7.149432182312012,9.01921558380127,0.46925124526023865,0.406910240650177,0.34631869196891785,0.3896154463291168,0.4940025508403778,0.6041669249534607,0.589545726776123,0.5056286454200745,0.4998162090778351,0.47121745347976685,0.4349643588066101,0.4659016728401184,0.05151658084269466,0.03174019350861102,1548.5850502008543,1024.4100548945771,2158.9570033793398,866.544005022918,2733.917420424884,1983.717505804238,0.035282002247679814,0.035719421378558665,24.33116892951932,5.705839946716103,9.461537345907539,3.2648938231103695,15.427382595324005,4.224470024196487,15.794419098182257,4.383207997837565,17.647832065858324,3.050321590732574,22.73204812097639,8.137080460613186,30.569455644134536,5.008107686410204
original_mix,440.0,445.0,-343.37884521484375,67.43987274169922,188.430908203125,43.70043182373047,11.618501663208008,32.31450653076172,9.569555282592773,28.06667137145996,16.632448196411133,14.913056373596191,15.680140495300293,15.382551193237305,-3.716681957244873,14.29557991027832,-1.0304540395736694,11.045111656188965,0.7337877154350281,7.547325134277344,-5.606576919555664,10.64093017578125,-3.7800371646881104,9.683940887451172,-0.3212689459323883,8.380732536315918,-5.285948276519775,8.612604141235352,0.462456613779068,0.3849128186702728,0.33025550842285156,0.3818168342113495,0.49684765934944153,0.6442070007324219,0.5801176428794861,0.5030924677848816,0.5550550818443298,0.5847108364105225,0.5348268747329712,0.5037993788719177,0.045623553212377696,0.03443120585967232,1381.3322737379294,976.1383137190114,2016.017169369277,742.4150075470461,2381.592250036253,1831.0493068214803,0.030967907120069606,0.03177056256092642,23.358272177172115,6.518979659405455,9.541898222251403,3.2901178021441897,15.069485160292054,4.163931707845789,15.523117506968736,4.146111851277505,18.10152221082134,3.195902801551706,23.548792586837738,8.501292751146938,28.623926201993086,5.591952150770177
original_mix,442.5,447.5,-352.2895812988281,67.94824981689453,187.65780639648438,33.32448196411133,18.11444854736328,28.195831298828125,14.016214370727539,25.745492935180664,22.14395523071289,13.15009593963623,18.11833953857422,14.36354923248291,-1.7305622100830078,15.15307903289795,3.1034159660339355,7.968064785003662,0.5626975297927856,7.222834587097168,-7.661201000213623,10.333687782287598,-3.488314628601074,8.909307479858398,-0.9063054323196411,8.006144523620605,-5.248377323150635,7.94248628616333,0.38600438833236694,0.33415302634239197,0.3509610593318939,0.42494747042655945,0.4998873174190521,0.6423894762992859,0.5874664187431335,0.5507690906524658,0.5680012106895447,0.5823463797569275,0.603019118309021,0.4968605935573578,0.045729267052234325,0.038746926534563,1205.6471137074352,798.293757560559,1966.2672721042968,581.2887632888958,2083.3249120867167,1509.1876614883279,0.02603864559164733,0.02554931151322078,21.144134623611,5.79591843435459,9.306659101842188,3.073516419734089,15.667283170196917,3.6799851438994384,15.235309039831332,3.9995754271374104,17.653578348146095,3.139498573123971,22.438256984098338,6.825011638804776,27.687863797759107,5.333782068704102
original_mix,445.0,450.0,-349.1702575683594,63.22652816772461,186.82713317871094,34.77656936645508,18.449626922607422,28.88509750366211,17.702123641967773,26.647489547729492,22.458005905151367,11.809661865234375,16.24957847595215,14.81967544555664,-0.7335923314094543,15.05355167388916,3.311772346496582,7.799252510070801,0.2037140429019928,6.947264671325684,-6.7191691398620605,10.639649391174316,-4.220337390899658,8.530460357666016,-1.8495030403137207,7.040168285369873,-3.7020130157470703,7.492951393127441,0.408456951379776,0.38911837339401245,0.3956366777420044,0.4454934597015381,0.5091673731803894,0.6934144496917725,0.6459848880767822,0.532508134841919,0.4774934649467468,0.44906002283096313,0.5025131702423096,0.4862990379333496,0.04381405526508519,0.03595167162719458,1274.1262499784496,869.203799596288,2030.5513685019444,769.5801028117476,2285.5671539660675,1980.6393066811877,0.02749669192285383,0.026531186704061564,19.73312203482208,5.524545340685646,9.049766739166273,3.0849522798090727,16.02612812743914,3.654442685214145,15.18644317355344,3.7777158359833276,17.732820077074553,3.1326193786153946,21.492027709682613,6.503593454662995,28.267396589461022,4.98149047812137
original_mix,447.5,452.5,-375.5023193359375,66.90058898925781,201.0395050048828,40.74809646606445,16.255537033081055,26.760173797607422,13.559807777404785,24.997718811035156,17.11810302734375,13.77193546295166,18.083599090576172,14.341191291809082,-0.06079129874706268,14.678208351135254,4.876633167266846,8.983501434326172,-1.6198567152023315,8.136968612670898,-3.9132745265960693,9.883323669433594,-4.981812477111816,9.846659660339355,0.6012904644012451,8.28884506225586,-3.157686471939087,7.613506317138672,0.4750201106071472,0.45502182841300964,0.42041823267936707,0.45430007576942444,0.5263893008232117,0.7296069860458374,0.6711556315422058,0.5499382615089417,0.49282944202423096,0.4328659772872925,0.4679686427116394,0.48293882608413696,0.034943782947006743,0.024638044280804117,1306.4646274347995,960.3033943491382,2119.858707000034,929.6693168309467,2371.10043412848,2422.519919736334,0.026107752682714615,0.020862119785707445,19.12054415583653,5.502572990828781,8.864849686017054,2.8345228144519297,15.266742567976685,3.5405783686435175,15.239523065019739,3.9402076062351017,18.45544348579499,3.3390918281968327,21.351722287769686,6.924417829518897,27.349000470812474,4.719306569930128
original_mix,450.0,455.0,-413.9064025878906,72.78816986083984,198.02793884277344,34.86481475830078,31.542394638061523,24.768301010131836,2.3079724311828613,19.774906158447266,14.699838638305664,11.826743125915527,22.958309173583984,11.753549575805664,5.248426914215088,14.34093189239502,6.021508693695068,9.143024444580078,0.9619882702827454,8.702566146850586,-2.502887725830078,9.410955429077148,-2.8101112842559814,9.458565711975098,1.1255357265472412,7.681461334228516,-0.7891610860824585,8.304746627807617,0.5574455261230469,0.5847755074501038,0.4688352942466736,0.4044783115386963,0.4708821177482605,0.7042975425720215,0.6571096181869507,0.5783065557479858,0.5607747435569763,0.47121018171310425,0.47807273268699646,0.49709466099739075,0.028376944125424682,0.02405643218827573,1053.1704520379672,835.4570004793435,1866.7308716977705,759.1703594065427,1808.0896081061485,1914.9855890094284,0.021417533715197216,0.016982657428518462,18.839606012943726,5.091483203655477,9.837557213495563,3.430151981787283,16.234964938868323,3.7277000304567287,17.000525005128935,4.437357963337918,20.291834044182572,3.846027416859657,20.607493826959406,5.886336968436524,24.3826772000374,5.480979457811397
original_mix,452.5,457.5,-440.7392578125,53.29274368286133,189.1588897705078,22.13658905029297,44.320762634277344,18.60931968688965,-0.4645841717720032,11.316265106201172,13.965582847595215,6.927087783813477,23.011751174926758,8.880311012268066,10.422708511352539,8.318086624145508,5.091628074645996,6.859366416931152,1.4996066093444824,7.364704132080078,-1.5856812000274658,7.842103004455566,-1.0631343126296997,5.887823104858398,0.8666136264801025,5.899689197540283,0.9615713357925415,6.935480117797852,0.584652841091156,0.5974588394165039,0.36716917157173157,0.2755314111709595,0.41225314140319824,0.7686499953269958,0.5698612332344055,0.4545653760433197,0.496848464012146,0.4207216203212738,0.4884686768054962,0.5045508742332458,0.021417388238721545,0.023423362501943504,825.239852637249,590.6018648169799,1612.4268299596097,426.4990634446143,1330.662023274362,1115.4554112340986,0.018805059092227377,0.018621404066479316,19.566399602913336,5.18001578474919,10.125225407453836,3.354403164621996,17.557142077693047,3.5998678797420625,18.591885151392244,3.835315443446732,20.821338605627684,3.1363405558139887,18.388848651487123,3.2175749835923706,21.728267827843762,4.1060781309295695
original_mix,455.0,460.0,-373.9745178222656,83.62022399902344,192.20033264160156,42.08264923095703,21.569128036499023,34.57118606567383,10.75669002532959,26.04958724975586,13.040743827819824,13.308201789855957,21.501197814941406,16.205781936645508,3.4096949100494385,12.687475204467773,4.345061302185059,8.591645240783691,-1.254536509513855,10.215437889099121,-6.027342796325684,11.591889381408691,-4.097654342651367,8.32571029663086,0.29463085532188416,7.942025184631348,-4.395115852355957,9.682247161865234,0.4824969172477722,0.4653192460536957,0.3353700339794159,0.3021704852581024,0.4279078543186188,0.6944340467453003,0.516621470451355,0.39325758814811707,0.4502197802066803,0.4268636703491211,0.4537465274333954,0.48604199290275574,0.040894954953679764,0.03355584651803985,1247.378862583351,1107.1103165862926,1870.3937056539655,657.4645191609876,1990.5472828451277,1884.5105317443872,0.03218577798723898,0.04085908675473883,21.632292916756455,5.71201801496338,9.477530087941156,3.3918263397566593,16.85275542478575,3.8878464742512224,18.011369999350766,4.419638520453621,19.398131471820573,3.570494484052401,20.955625137254632,6.556243135978917,26.860936630004687,6.951692678463056
original_mix,457.5,462.5,-354.8628234863281,76.96710205078125,198.8326873779297,43.728790283203125,7.001461505889893,29.416202545166016,12.598535537719727,25.600784301757812,12.61575984954834,15.536348342895508,21.685569763183594,16.00919532775879,0.97347092628479,15.207573890686035,6.296041011810303,9.453607559204102,0.38780859112739563,11.592141151428223,-8.55068588256836,12.566072463989258,-6.706561088562012,9.985418319702148,-0.9119278192520142,8.083372116088867,-5.4272050857543945,9.892156600952148,0.3782416880130768,0.34455814957618713,0.3113216459751129,0.3585384488105774,0.5127490162849426,0.7249495387077332,0.5080335736274719,0.39702779054641724,0.4886234700679779,0.41049182415008545,0.35747775435447693,0.3729451894760132,0.046868578656176815,0.0324946576251785,1338.268148804002,1009.4437789401018,1990.0185290462134,602.3976633318606,2151.971364740429,1687.7633433071971,0.0324282192575406,0.038591950253396824,22.234791191225863,5.67443681076472,10.543921412361838,3.7188846195180996,16.579622296097366,3.894626983044018,16.92173309662657,3.9777951427491156,19.14954361972012,3.6435482185672154,22.986214977814527,7.5571413396619525,28.813150054896084,6.010965014581232
original_mix,460.0,465.0,-371.35235595703125,76.9195785522461,195.8040313720703,44.52035140991211,12.731488227844238,26.6192569732666,12.030280113220215,28.444398880004883,11.758463859558105,14.157185554504395,19.31816864013672,13.33562183380127,1.062099814414978,15.609383583068848,7.105412483215332,10.72043228149414,1.0767128467559814,10.464882850646973,-7.645033359527588,11.342336654663086,-5.807912826538086,9.82241439819336,-2.199781894683838,7.3826165199279785,-2.121814727783203,8.517845153808594,0.34303393959999084,0.3485678732395172,0.39411264657974243,0.5082659125328064,0.5880923271179199,0.7438655495643616,0.5200153589248657,0.4116821587085724,0.5104210376739502,0.4281052350997925,0.34053653478622437,0.3216758072376251,0.04026049892191198,0.03065184192082182,1329.5324142780084,1100.700215876182,1979.7541045420087,631.106715841801,2148.2242876305104,1818.9471939175705,0.03176320511890951,0.040840886019976604,23.673508771977154,6.280987075145076,10.046292472867536,3.4461672517394266,16.210564926811266,4.018548211080205,16.207530044266928,4.163573246780235,18.72195703380704,3.519866480708493,22.51112998140798,7.055328872556344,27.725686463683317,6.364162718197158
original_mix,462.5,467.5,-380.906982421875,76.79341125488281,189.1534423828125,44.95722579956055,16.985191345214844,26.66929054260254,13.30656623840332,29.367385864257812,12.838292121887207,13.268370628356934,19.354705810546875,16.75370979309082,-1.0957881212234497,13.162859916687012,6.1958394050598145,10.452926635742188,-0.8724117875099182,9.283617973327637,-5.918262004852295,11.897703170776367,-4.507881164550781,8.114843368530273,-1.4304958581924438,8.155001640319824,-0.4634222686290741,10.255528450012207,0.37110310792922974,0.40381157398223877,0.41795381903648376,0.5258320569992065,0.5663725733757019,0.6341476440429688,0.5837904810905457,0.5268861651420593,0.6330227851867676,0.6469823122024536,0.4522877037525177,0.3374383747577667,0.03539287384919252,0.029662001468841934,1425.944521850173,1223.1610956632828,2109.0109598074737,826.7694910579692,2420.661774035673,2385.443470343666,0.033620033352668215,0.04144689400141931,23.38419347458115,5.478323946895482,9.288445328833422,3.2670918249341865,15.250050237893818,3.833277841356147,16.475874398225216,4.13962394662934,18.636075139039605,3.3486589495857766,21.954602668480355,6.850717214401177,27.30165948482843,6.712005900130719
original_mix,465.0,470.0,-382.11920166015625,68.66908264160156,194.61936950683594,36.56179428100586,12.731371879577637,28.04349136352539,9.604065895080566,21.181734085083008,15.537193298339844,11.548796653747559,21.710960388183594,17.763874053955078,-1.1909737586975098,14.346841812133789,3.6903412342071533,8.95146369934082,0.42140039801597595,8.154436111450195,-7.2545037269592285,13.34422492980957,-4.924493312835693,8.787080764770508,-1.9977723360061646,8.606573104858398,-2.0106070041656494,10.438615798950195,0.4126492738723755,0.44676563143730164,0.416280061006546,0.4400622844696045,0.4584081470966339,0.6035004258155823,0.5519322752952576,0.6016327142715454,0.720236599445343,0.681991696357727,0.4877854585647583,0.3884543180465698,0.03475152303760746,0.02930042004859441,1318.519706817754,904.4841954154559,2095.2223840706342,784.0382303232897,2313.795134860789,2090.280700911132,0.028816524071925753,0.023978229042337793,22.739795294052584,5.5971333044144345,9.277499969551336,2.9131337434537423,15.503991450931718,4.0526985942206935,16.666301376105906,4.1664918123671635,18.223675763229718,3.4122892437725985,22.279852596740113,7.847957520339407,27.288439667231497,5.8968437583319435
original_mix,467.5,472.5,-340.84796142578125,67.8603286743164,193.3667755126953,47.43973159790039,0.8568575382232666,27.57002067565918,16.42064094543457,28.70292854309082,10.097841262817383,15.33700942993164,13.522305488586426,18.052217483520508,-2.2540760040283203,17.131088256835938,2.1579184532165527,10.497186660766602,1.724983811378479,10.538249969482422,-7.609458923339844,12.239299774169922,-8.927846908569336,11.820656776428223,-5.662045001983643,9.99528980255127,-7.854889869689941,10.352636337280273,0.5394919514656067,0.5318114757537842,0.4666690230369568,0.43537935614585876,0.42700716853141785,0.5191389918327332,0.5070318579673767,0.5434139370918274,0.6241180896759033,0.5928300619125366,0.4991799294948578,0.501502275466919,0.04927505158631265,0.03866900064999007,1491.7721308698208,1074.7681298058296,2060.6200457756477,667.8439056883745,2517.0865583309164,1911.4271439732274,0.03652592988689095,0.03705411697081468,24.061597001577542,5.835459984936677,10.018912002919196,3.67176528001261,15.595700697635444,4.020611504660049,16.808857144585662,4.524757812143533,17.73616137299326,3.37999641419702,23.090188186656846,7.773729520596863,29.851946717897476,5.598310192444307
original_mix,470.0,475.0,-321.078857421875,68.76514434814453,169.3363037109375,46.54243087768555,8.325807571411133,33.860450744628906,14.652853965759277,28.27924156188965,9.691356658935547,13.253141403198242,8.967005729675293,15.70528507232666,-0.08301638066768646,13.020279884338379,0.7672571539878845,10.48356819152832,0.689092218875885,10.110014915466309,-6.69806432723999,10.544358253479004,-12.704629898071289,11.688830375671387,-8.983131408691406,9.655187606811523,-7.514820575714111,9.369612693786621,0.6351024508476257,0.5384230017662048,0.40831175446510315,0.38935303688049316,0.3990476429462433,0.4934186041355133,0.4566182494163513,0.5022275447845459,0.5769201517105103,0.5133833885192871,0.453266978263855,0.5164797902107239,0.053991939671545044,0.046760168956633444,1659.703238974735,1131.2984550586964,2297.6679965914363,852.2392506668548,2909.030824028422,2216.4041052524735,0.03863086390661253,0.03838393220230258,24.71487148547103,6.2226978548491285,10.541253853839075,3.5962474333398684,15.945315011172264,4.191490085238065,16.851541788622868,4.114918063308701,17.911293107785777,3.5941403695567082,20.849506262197437,6.712295330965077,30.361032796876707,5.887733975513943
original_mix,472.5,477.5,-321.701171875,66.66146087646484,166.12767028808594,45.5438232421875,6.831998348236084,35.11901092529297,16.028915405273438,29.32375144958496,12.922744750976562,13.009111404418945,14.603296279907227,16.697021484375,-1.223820447921753,13.234018325805664,-0.23284855484962463,9.870381355285645,0.35665151476860046,9.125737190246582,-8.416237831115723,11.811470985412598,-10.451714515686035,11.101163864135742,-7.291153907775879,8.414460182189941,-6.676788330078125,8.282882690429688,0.5785607695579529,0.48991936445236206,0.3930858373641968,0.3978729546070099,0.40667271614074707,0.465501606464386,0.43859750032424927,0.4663395285606384,0.5315343737602234,0.5072099566459656,0.45005565881729126,0.4810607135295868,0.05165297458307027,0.0430000789974341,1734.8855893300472,1094.905504100441,2424.5554998089688,882.9864741554208,3097.2839780307427,2242.9487810865344,0.039328732236078884,0.0389011590911767,24.15909824850797,5.66117202156847,10.468981205288108,3.5485993699044465,16.006895890870783,4.589928447363396,16.2817814551579,4.070085811461679,17.620757184441942,3.6272453240333977,21.682664530805862,8.172174589671043,30.986642392301473,5.774306713400272
original_mix,475.0,480.0,-321.4168395996094,64.21898651123047,185.70465087890625,46.86440658569336,1.5159714221954346,29.39970588684082,15.334670066833496,31.499502182006836,10.616860389709473,15.825222969055176,15.277375221252441,16.860225677490234,-5.5168280601501465,16.066652297973633,1.4977660179138184,9.443045616149902,0.3373071849346161,9.726341247558594,-10.999279022216797,12.109845161437988,-8.446442604064941,9.008796691894531,-5.715701580047607,7.216108322143555,-8.51003360748291,8.15648078918457,0.5082619190216064,0.46032261848449707,0.4165714681148529,0.4570144712924957,0.4747407138347626,0.47584855556488037,0.4768584668636322,0.4609268009662628,0.49747857451438904,0.49910101294517517,0.5233267545700073,0.5548420548439026,0.051748499140281685,0.03585356512191951,1599.6119375685687,1072.5644669446526,2185.1278952810167,728.7685060355403,2709.1867114994197,1962.4686571878203,0.03900245613399072,0.03995827188409199,23.927404745667616,5.640835640692195,9.651698589975249,3.68610554317119,15.014229957623401,3.8267098775160395,16.187485447894563,4.29019627048253,17.546065546621037,3.4487789750627016,23.51053499259262,7.689722690341063,31.036409084760965,5.269948501670475
original_mix,477.5,482.5,-325.8509216308594,63.74625015258789,200.54873657226562,41.95204544067383,0.7934496402740479,28.233675003051758,14.70798397064209,28.64185905456543,9.0194673538208,16.28078269958496,14.385883331298828,17.07491111755371,-2.781935214996338,17.10525131225586,3.9659512042999268,10.184673309326172,-0.12102436274290085,9.489923477172852,-9.911439895629883,10.934918403625488,-8.93221378326416,8.586416244506836,-6.679512977600098,7.425194263458252,-8.380327224731445,8.395465850830078,0.43324002623558044,0.38650044798851013,0.37502002716064453,0.4567713141441345,0.4927918314933777,0.5558765530586243,0.5182515382766724,0.4897173345088959,0.5600095987319946,0.5309756398200989,0.5232065916061401,0.5150717496871948,0.054950253880234855,0.03689902377492168,1398.5238393638076,911.4927935352935,1987.3999970885002,691.7016348389367,2377.045796476218,1711.1060440621177,0.03386360752610209,0.03361424266379316,23.8369891941381,5.543453510158346,9.213487010965267,3.0610870692974776,15.860723367277235,4.088672017061668,16.44606465183451,4.2204587719577225,17.382748606752706,3.293312819247038,22.07302024919782,6.373797946184762,30.325354253063463,5.273699047499705
original_mix,480.0,485.0,-327.6053466796875,59.91600799560547,194.74891662597656,47.68778991699219,-1.6880316734313965,31.480314254760742,23.232507705688477,32.4433708190918,11.840970039367676,14.313639640808105,12.778623580932617,17.78668975830078,-1.1435619592666626,16.251636505126953,4.6535773277282715,11.353448867797852,4.573863983154297,10.772156715393066,-7.313892841339111,11.384251594543457,-8.5332670211792,9.545183181762695,-4.618283271789551,8.947368621826172,-8.423105239868164,7.949596881866455,0.41514769196510315,0.3835083544254303,0.4159688353538513,0.4420403242111206,0.5363856554031372,0.5246716141700745,0.49878984689712524,0.6054198741912842,0.6280652284622192,0.48725566267967224,0.4474451243877411,0.46793332695961,0.05370057288237486,0.033627089938828104,1492.8845678204693,1076.4340172994062,1969.7412209083286,695.9904384999169,2573.892247317285,1960.8700578850887,0.03843147295533643,0.040514252951538286,23.39689597689327,5.327299489725623,9.3547240418772,3.2188291800131013,16.13751981218035,4.488262173402489,16.733837116458133,4.362271139775891,17.207319337482733,3.2945318279201317,21.87065422094137,6.471977558414383,30.675123287363444,5.479527306426022
original_mix,482.5,487.5,-323.0784606933594,62.31940460205078,194.64544677734375,49.878639221191406,-6.437399387359619,28.991199493408203,26.19625473022461,34.383724212646484,10.413274765014648,14.742768287658691,13.984295845031738,16.997249603271484,-3.787564277648926,15.40731143951416,6.514826774597168,10.400582313537598,4.029648780822754,10.531418800354004,-7.744391918182373,12.828804969787598,-5.822416305541992,9.488489151000977,-1.080118179321289,8.368840217590332,-8.055685997009277,7.7642974853515625,0.5091447234153748,0.47692185640335083,0.45060357451438904,0.45276129245758057,0.4688457250595093,0.5454240441322327,0.5148721933364868,0.500768780708313,0.549259603023529,0.5543050169944763,0.5253293514251709,0.5072418451309204,0.05070544431621334,0.031495526898927956,1607.0744610948307,1135.5309157957465,2056.988054366382,654.1719244046963,2744.3592753045245,1987.3935543199439,0.04241929198085847,0.04345144424216499,21.631196655499625,5.650260813911032,9.177471611043678,3.1729859336240667,14.857145185964145,4.313847606497104,15.825556858254716,4.298086676681606,16.924902443717404,3.208010395171763,22.385094180392787,6.011117046269893,30.896723823055638,5.548544386069066
original_mix,485.0,490.0,-324.89801025390625,58.09600830078125,187.92764282226562,45.13227081298828,4.455565452575684,27.091325759887695,24.559965133666992,33.5582160949707,9.029566764831543,15.189351081848145,11.043100357055664,16.76019287109375,0.36979857087135315,15.63142204284668,6.692409992218018,9.810521125793457,2.6405766010284424,9.03775405883789,-7.61984920501709,10.842638969421387,-4.722380638122559,9.214426040649414,-2.0140130519866943,7.428653240203857,-8.341398239135742,7.898845195770264,0.5315593481063843,0.5022789835929871,0.45001107454299927,0.4562323987483978,0.485736608505249,0.5696302056312561,0.5497624278068542,0.5125741362571716,0.5044039487838745,0.4986688792705536,0.5248185992240906,0.5421503782272339,0.047672819413175575,0.035046093245671865,1600.7270012096683,1097.960055187484,2190.544748771201,739.2436269310905,2775.6848399434457,2030.5510453166055,0.03943862383990719,0.041671008010554206,20.451843688302755,5.601402033363763,9.194726226357155,3.3868550724678586,14.822947833942434,4.261122540974248,15.68626790870213,4.152631120993962,16.921189767530038,3.12002940270514,21.66078777514259,6.179583006862096,30.826039070394245,5.61922486713242
original_mix,487.5,492.5,-338.1878356933594,63.60481643676758,182.10916137695312,45.78390121459961,10.298368453979492,31.53651237487793,25.736473083496094,31.275720596313477,10.026312828063965,17.61723518371582,12.639728546142578,16.89124298095703,2.472581386566162,15.55489730834961,7.566761493682861,11.301392555236816,3.709724187850952,9.305156707763672,-4.738948345184326,9.981307029724121,-5.696415424346924,9.867246627807617,-2.2294633388519287,8.337467193603516,-8.050276756286621,8.586434364318848,0.4976342022418976,0.48600026965141296,0.4293428063392639,0.4121745824813843,0.4538821578025818,0.5710660815238953,0.5692696571350098,0.5435689687728882,0.5401386618614197,0.5093855261802673,0.5144778490066528,0.5079359412193298,0.048458882652897294,0.038372338029851606,1598.207591314737,1241.8245041333469,2212.5677542256735,862.1768144695415,2815.30393525232,2417.4232656057234,0.03773926914153132,0.04237100743513638,20.64232477354551,5.91567386734242,9.60002593185479,3.683704203367869,15.894879414452147,4.055616600691289,16.81382812292212,4.109506090240844,17.614752390851603,3.735559699672762,20.979952138884205,6.246829740039761,30.15590917046556,6.238981387788379
original_mix,490.0,495.0,-344.34912109375,71.84573364257812,186.12539672851562,47.95719909667969,13.031660079956055,35.67009735107422,22.038776397705078,31.005245208740234,11.256811141967773,16.6939640045166,15.621712684631348,14.382124900817871,0.8675993084907532,13.92263412475586,7.833762168884277,10.577352523803711,2.2715704441070557,9.608014106750488,-5.490207195281982,10.75382137298584,-4.65588903427124,9.812896728515625,-2.792107105255127,8.567113876342773,-8.892730712890625,9.233654022216797,0.45157063007354736,0.457830011844635,0.4021751284599304,0.39236924052238464,0.48014453053474426,0.6072831153869629,0.5412601828575134,0.5189319849014282,0.49236980080604553,0.48948147892951965,0.558059573173523,0.44805774092674255,0.05001262169798054,0.036560710205092065,1514.1133231249387,1280.1752935338084,2054.001470130658,869.0368950898852,2611.06325224768,2392.0098714300852,0.038016830408932716,0.045370361527956496,20.828144191877428,5.359013197501368,9.623697145364774,3.2703895524557907,16.436522861418798,3.9622728743002975,17.082960628426907,4.235293855664126,18.208285752166717,3.483999543116013,21.94600159062225,6.314811537112967,29.348610616379066,6.743879889463524
original_mix,492.5,497.5,-346.79010009765625,66.67408752441406,197.21197509765625,47.75053024291992,5.620171546936035,34.83280944824219,23.9536190032959,31.067811965942383,8.92555046081543,13.93675422668457,16.52549934387207,13.3470458984375,-1.2209386825561523,12.606169700622559,4.775326251983643,10.785030364990234,2.371748208999634,9.624073028564453,-5.712474822998047,10.941131591796875,-6.276394844055176,8.620034217834473,-4.3277153968811035,7.758883476257324,-9.25706958770752,8.81626033782959,0.48123180866241455,0.45115989446640015,0.41421353816986084,0.4180978238582611,0.44551143050193787,0.5559815168380737,0.4813329875469208,0.4740937650203705,0.47409242391586304,0.4688582420349121,0.5985414981842041,0.5291315913200378,0.04551747706859197,0.02780954755442618,1451.83343286502,1133.9134195589313,1985.5285756198125,681.6005228824412,2432.602459759281,1976.3082995219631,0.03818110136310905,0.04523206689049037,21.14508247232623,5.115698312956718,9.580776408557128,3.1963590581229404,16.669662957905285,3.9989077688620753,16.57576002034126,3.9159673747983526,18.485942681075688,3.184721279641948,21.95267257880393,6.407797357926803,29.94140821682415,5.9607449772645555
original_mix,495.0,500.0,-327.6498718261719,62.60277557373047,188.90516662597656,50.67564010620117,-2.6352415084838867,32.879634857177734,21.59069061279297,32.567466735839844,11.464825630187988,15.712437629699707,19.392528533935547,15.422778129577637,-2.0778305530548096,14.532480239868164,4.206735134124756,12.046030044555664,2.2993276119232178,8.999299049377441,-6.392175197601318,13.493534088134766,-5.092085838317871,8.400691986083984,-2.842562437057495,7.799365997314453,-8.62453556060791,8.736376762390137,0.5137062668800354,0.43221768736839294,0.37576571106910706,0.38455525040626526,0.4082098603248596,0.5542287230491638,0.5077232122421265,0.46022695302963257,0.5013413429260254,0.4545450806617737,0.46762850880622864,0.516923189163208,0.04863649291654059,0.029554532042903557,1643.7478925057376,1175.773077642396,2148.4506158658537,717.3870002622625,2832.190762761021,2076.581063990285,0.04308204031322506,0.04537230271505406,21.034914343605863,5.19801096339271,10.162875227327026,3.5370731160382176,16.58978559501818,4.270645880762661,16.50496853412888,3.798052253515421,18.279876033015054,3.334508295985402,23.02089290504142,8.365159634433759,31.09904679962474,5.581843722262684
original_mix,497.5,502.5,-334.4834289550781,63.67245101928711,195.75193786621094,44.20983123779297,2.534266948699951,27.562267303466797,13.250661849975586,29.383316040039062,12.359429359436035,14.251516342163086,18.649160385131836,15.888882637023926,-3.6163108348846436,15.1635160446167,7.304690837860107,10.434054374694824,1.1477487087249756,9.533012390136719,-5.673792839050293,13.2705078125,-2.381223201751709,9.142616271972656,-0.923241913318634,8.440006256103516,-7.022338390350342,9.273835182189941,0.5329797267913818,0.4787538945674896,0.4113175570964813,0.4285300374031067,0.46424251794815063,0.6398035287857056,0.49994510412216187,0.4058844745159149,0.4287673234939575,0.37986668944358826,0.3781331181526184,0.403613805770874,0.045499188522970316,0.028319467810189628,1494.904493806236,1040.3316561701017,2109.9080147713,729.8874073317792,2559.3535881308003,1892.6782848381815,0.037212469185034805,0.03773572569412007,18.311722624646436,6.678407685432844,9.333561791484936,3.2919282177178544,15.899660405297963,4.311932266105642,17.166432586276883,4.099281068736123,18.287850942257457,3.4730201167428825,23.647837038248685,7.903275587234439,29.67065193236418,5.535930339576324
original_mix,500.0,505.0,-334.5173645019531,55.52825164794922,198.4051055908203,44.81465148925781,5.361732006072998,26.04408836364746,17.12550163269043,31.113903045654297,11.574419975280762,17.638364791870117,16.800973892211914,15.761935234069824,-2.8056704998016357,15.891448020935059,6.753072261810303,10.01097297668457,1.2678533792495728,10.507811546325684,-6.114193439483643,11.650382041931152,-2.5355467796325684,9.00369644165039,-1.329610824584961,8.688957214355469,-6.037905693054199,9.494627952575684,0.5183076858520508,0.5437260866165161,0.48439985513687134,0.47803524136543274,0.5042303204536438,0.6444566249847412,0.5962759256362915,0.4650363326072693,0.4127101004123688,0.34778738021850586,0.31267067790031433,0.34025102853775024,0.0465210688488424,0.026409838735193394,1465.2641085152732,1114.2893850487267,2050.8659740112225,786.1612592345937,2514.3387017836426,2095.192304946261,0.035458735136310905,0.04013825927772632,19.037648836917832,6.5749338222535485,9.592278584071545,3.5274795169700837,15.532210472707305,4.1968649253102495,16.460274743547586,4.0274753210095495,17.473965092623146,3.6082442773840353,23.717885841699726,7.16709275148185,29.938418202334635,5.270018978849574
original_mix,502.5,507.5,-329.8996276855469,56.236053466796875,185.04295349121094,53.555023193359375,1.5001858472824097,27.3612117767334,23.08144760131836,36.936859130859375,12.857969284057617,19.527687072753906,16.137258529663086,15.504667282104492,1.8737958669662476,17.230798721313477,5.590024948120117,10.439208030700684,0.7898190021514893,9.678668022155762,-8.682758331298828,12.100749015808105,-3.415156364440918,8.372251510620117,-2.224142551422119,8.038215637207031,-6.88786506652832,9.785490036010742,0.4763782322406769,0.45787087082862854,0.4022587239742279,0.4374854862689972,0.552212655544281,0.6532918214797974,0.5385279655456543,0.45993438363075256,0.41437622904777527,0.3361334204673767,0.3063742518424988,0.3607371151447296,0.04863951691013616,0.0318097382600725,1704.92405060828,1300.1882425324525,2137.4579821010675,804.4978827901826,2950.5983994344547,2246.131871354536,0.04375385187064965,0.05180712764921801,22.395558074581356,5.562490761579762,10.75221644770768,3.8037751812268508,15.768824630483127,4.167320045433777,16.23965620571476,4.526824387939228,17.466190211510103,3.4065074790240164,23.499260325504995,7.625199925722075,30.74613576186046,5.638599219645185
original_mix,505.0,510.0,-336.06829833984375,65.68743896484375,182.7580108642578,50.17636489868164,0.2312214970588684,31.054088592529297,18.968257904052734,34.01844787597656,15.075895309448242,15.63929557800293,19.577959060668945,15.005326271057129,1.3248095512390137,16.938274383544922,4.661966800689697,10.29932975769043,1.1981221437454224,8.595193862915039,-8.127680778503418,12.332964897155762,-4.297731876373291,8.577411651611328,-2.4224109649658203,8.2869873046875,-5.238106727600098,9.098678588867188,0.4190194010734558,0.4053504765033722,0.3606603741645813,0.39066004753112793,0.5221599340438843,0.693905234336853,0.5927465558052063,0.47947660088539124,0.4516385495662689,0.3909703195095062,0.3362314999103546,0.35707879066467285,0.044871719547584135,0.03269278467938482,1666.3485026264657,1120.5896137838702,2216.5018199572773,748.7944915263374,2891.994113435325,1970.0738788876836,0.04063610245069606,0.042795055854464345,21.6812181879905,5.385961207336826,10.583388467912512,3.5883160781660077,15.531744939757969,4.060392152964163,16.57988880024182,4.740217993453256,17.50680691941998,2.9840615588973565,22.61798778930668,6.851372144124462,30.50101377408212,5.1682668245550705
original_mix,507.5,512.5,-340.2240295410156,71.23760986328125,184.52273559570312,50.300086975097656,3.7952961921691895,33.984683990478516,18.95738410949707,32.305301666259766,15.116045951843262,15.851749420166016,23.95692253112793,14.848048210144043,0.7815279960632324,15.359597206115723,5.349670886993408,10.59235668182373,0.418117880821228,8.603517532348633,-8.26048469543457,12.647241592407227,-4.3567728996276855,9.651281356811523,-3.2921547889709473,9.069746017456055,-5.084993839263916,7.81036376953125,0.36455202102661133,0.35353559255599976,0.35435107350349426,0.4275752305984497,0.5716322660446167,0.7005773186683655,0.5669710636138916,0.47843360900878906,0.4631408154964447,0.3944965600967407,0.37080514430999756,0.37467047572135925,0.04632892868462129,0.03081630771426425,1610.713012968598,1173.6919472520265,2236.341459885353,799.5554194547145,2800.665354009571,2234.3838634501885,0.03720453886310905,0.04011536148754981,21.983111844935006,5.557503354128118,10.803126707623171,3.5988134244371266,15.862842569431308,3.9830636003449538,16.244420978141967,4.19120351472156,17.963767833593913,3.43254109487135,21.797254231262933,6.14075603001363,30.309319438749622,5.608620420943741
original_mix,510.0,515.0,-349.3623962402344,69.29217529296875,188.3546600341797,53.568668365478516,4.011319637298584,32.31603240966797,23.739826202392578,35.769248962402344,12.679086685180664,19.31686019897461,22.534255981445312,16.313796997070312,1.4150586128234863,13.99417495727539,6.770909786224365,10.002551078796387,1.0556830167770386,9.44869613647461,-6.380767822265625,13.518011093139648,-5.109365940093994,10.203592300415039,-3.839693307876587,9.547720909118652,-5.425218105316162,7.610804557800293,0.39813974499702454,0.36702945828437805,0.39935413002967834,0.4677434265613556,0.5835515856742859,0.7319674491882324,0.6080946326255798,0.4764470160007477,0.44249677658081055,0.36889758706092834,0.33843931555747986,0.3955655097961426,0.04455897260863515,0.028671734280482294,1608.18669320288,1267.7692889795933,2165.6670919205058,752.686820693005,2753.851870649652,2259.576429475111,0.03696889501160093,0.0436355824668943,22.130139904544954,5.396268242394999,10.933543886871055,3.9859051645124683,16.042174128157725,3.9560196416155198,15.842494654261959,4.33366879344264,18.03149564010328,3.6446549902837857,21.6178058055286,6.17311775507971,30.29648260421642,5.661622285627265
original_mix,512.5,517.5,-396.6812744140625,80.54620361328125,190.87315368652344,42.559478759765625,7.94792366027832,28.76905632019043,16.781084060668945,31.394670486450195,14.68669319152832,17.319202423095703,17.83704376220703,15.854318618774414,1.0499513149261475,12.067742347717285,8.795498847961426,9.052359580993652,2.479222059249878,8.55832576751709,-5.244216442108154,11.851618766784668,-4.177366256713867,8.843944549560547,-0.2606123387813568,8.21893310546875,-1.8793665170669556,7.786567211151123,0.4229174852371216,0.4134299159049988,0.39772334694862366,0.4049348533153534,0.5196782946586609,0.7960624098777771,0.6549736857414246,0.44010454416275024,0.39843153953552246,0.31406649947166443,0.2707678973674774,0.30189046263694763,0.02936646091511901,0.025312182169888727,1382.5787720576052,996.7790751207691,2032.813552407748,579.2094571804962,2300.3556182932134,1745.796808314251,0.03210647476798144,0.03355771234026967,20.685862659272093,5.085119192773592,11.742532966938615,3.892071252048513,16.650213475259964,4.162414937506495,17.26315038873169,4.611429069457728,18.33316955093066,3.316593225278094,21.538716860814304,5.511074310935021,27.134532408804567,6.395926397731404
original_mix,515.0,520.0,-462.2237548828125,50.44868850708008,212.9602813720703,23.631399154663086,24.438486099243164,21.421932220458984,4.863302230834961,16.03974723815918,13.239398002624512,11.975887298583984,5.295943737030029,13.754826545715332,0.3361007869243622,8.22359561920166,6.239914417266846,7.689452171325684,0.27244868874549866,7.19933557510376,-7.35615348815918,8.3087797164917,-3.8641648292541504,6.401122093200684,-0.8691607117652893,6.802392959594727,-3.5960705280303955,9.152795791625977,0.5309358835220337,0.6393136382102966,0.459760844707489,0.3118893504142761,0.40986892580986023,0.6991991400718689,0.4906579256057739,0.29065805673599243,0.3079255521297455,0.2085167020559311,0.18791556358337402,0.2699233293533325,0.0193793577057787,0.01460707921776121,885.1527038457622,446.8420829420217,1588.2080881307625,409.6425698413047,1360.1390298723898,770.8485233365445,0.02152515951276102,0.01670554711778642,22.18657412467554,5.8792773295512575,12.049744524249904,3.8872623945925824,16.795445067009986,3.6152992532938772,19.512941987005963,3.93548034431335,18.82371144799493,2.9474776553631634,21.051456236638597,4.030512754224439,21.945661926895866,3.8264740603453538
original_mix,517.5,522.5,-388.592529296875,70.74596405029297,189.29078674316406,37.75581359863281,37.82539367675781,32.15418243408203,7.047729969024658,26.21391487121582,3.0566818714141846,15.0291166305542,5.540757656097412,14.453469276428223,-8.092606544494629,14.634261131286621,-1.1460347175598145,8.542549133300781,-0.08776306360960007,8.52712631225586,-7.764476776123047,11.042253494262695,-8.118813514709473,7.8836774826049805,-7.20451021194458,7.514074802398682,-9.19006061553955,8.393235206604004,0.5973679423332214,0.6572227478027344,0.44858482480049133,0.3682863414287567,0.4052429795265198,0.4529063105583191,0.34173256158828735,0.3066861629486084,0.3535286784172058,0.30423715710639954,0.3062799274921417,0.42392244935035706,0.04121027744143959,0.03444043983111195,1051.843152298826,929.3744261854335,1644.41198144708,586.015230710158,1591.5085511528423,1530.00133755382,0.02722706097737819,0.03498138252114927,24.811003104814347,5.626837334374884,10.505317711375108,3.611145871357439,16.077967791908645,3.525516156820742,18.684782250961504,4.2290484036760985,17.942625365820426,3.255220358513995,22.206215395131522,6.133255267874714,25.38059370267342,6.380946683411962
original_mix,520.0,525.0,-323.4197082519531,64.24504089355469,179.317138671875,53.707645416259766,13.326687812805176,34.05842590332031,18.13606071472168,32.76691818237305,9.224797248840332,19.79113006591797,9.241209983825684,18.06806755065918,-10.603049278259277,17.053613662719727,-3.4010934829711914,10.859203338623047,-1.6823058128356934,12.228282928466797,-8.661185264587402,14.666441917419434,-9.104114532470703,9.91888427734375,-7.650294780731201,9.145936965942383,-10.9959716796875,9.060361862182617,0.42558836936950684,0.4506393373012543,0.4914865791797638,0.48684754967689514,0.466194748878479,0.4399573504924774,0.4664202630519867,0.4701506793498993,0.42499080300331116,0.4310116469860077,0.4210348129272461,0.4112216830253601,0.06383757355996773,0.0419667086263622,1643.2257312008687,1403.2078094852618,2161.966610569594,907.833250962343,2791.922174086427,2656.402146590692,0.04098503661542923,0.0476718756314833,25.34196033657771,5.739700919577574,10.423050573239394,3.9436566616137267,16.505870138192204,4.544417191390562,17.22262393126794,4.653687193920664,17.260454207629287,3.4400128835401858,22.65454888781873,7.7314685790313025,30.967889202653055,5.300777446020175
original_mix,522.5,527.5,-326.4839172363281,65.27279663085938,170.91490173339844,51.143089294433594,2.4407405853271484,31.5181941986084,19.70726203918457,27.503129959106445,14.006051063537598,20.029829025268555,10.660070419311523,16.944995880126953,-8.792351722717285,14.746012687683105,-3.7761807441711426,10.826397895812988,-2.11433744430542,12.300561904907227,-8.492206573486328,14.112958908081055,-9.213650703430176,10.345924377441406,-6.187015056610107,9.298734664916992,-10.287898063659668,9.319551467895508,0.3196633756160736,0.44665032625198364,0.47069796919822693,0.43092700839042664,0.4051677882671356,0.39849233627319336,0.5053433775901794,0.4979287087917328,0.4467466473579407,0.47050437331199646,0.43261173367500305,0.3622971773147583,0.058433180377254666,0.043894744426216506,1801.5970496359116,1304.3546154529088,2359.347523355945,989.3157598302645,3274.9953550971577,2676.9763006574576,0.041320375942575406,0.03926811259925752,25.38885566766311,5.713560075546137,10.495399349712041,4.210252278325622,16.50859625463485,4.779897303372176,16.54549950509412,4.321517971866103,16.894085056401128,3.3487083740991386,21.387319423311638,6.930033280833189,30.96693303142711,5.076184387055252
original_mix,525.0,530.0,-350.0986022949219,76.59683227539062,185.243408203125,44.730499267578125,4.879541873931885,30.66355323791504,15.73042106628418,24.474645614624023,12.935264587402344,17.042465209960938,14.77143383026123,21.695110321044922,-13.217846870422363,17.44851303100586,-2.9783167839050293,10.894804954528809,1.180739402770996,10.120338439941406,-8.917532920837402,13.562576293945312,-6.753281116485596,10.024978637695312,-6.774437427520752,8.50997257232666,-10.566168785095215,9.063600540161133,0.3434062600135803,0.5285148024559021,0.4588649272918701,0.3818548917770386,0.39320895075798035,0.372104287147522,0.39195284247398376,0.3729267418384552,0.3922756612300873,0.43789806962013245,0.3925955295562744,0.3290809690952301,0.04971838079062301,0.03521057777718247,1506.017416578919,919.3446501179776,2206.938883533141,774.0389725029356,2597.2740084831785,1949.2853588995295,0.03263667343387471,0.024560785206890586,24.952503107763143,6.077125218351548,10.215769484306124,3.469910254658436,15.990054107791424,4.1700311339357885,17.075871039925847,4.990119678839088,16.897486948879287,3.134580820501438,23.823271517154524,8.039118096317155,29.935615335394463,5.2250683230807535
original_mix,527.5,532.5,-365.48260498046875,92.23491668701172,180.84715270996094,47.98951721191406,6.8285813331604,31.145069122314453,15.743531227111816,23.793258666992188,13.085105895996094,16.343616485595703,14.84114933013916,26.085670471191406,-17.515193939208984,18.71936798095703,-1.482038974761963,10.716699600219727,1.3013808727264404,10.934073448181152,-10.088627815246582,14.05606746673584,-5.1004557609558105,10.558826446533203,-6.465787410736084,8.21216869354248,-12.030142784118652,9.367880821228027,0.3607053756713867,0.5132750272750854,0.4666932225227356,0.3776150941848755,0.42012110352516174,0.38641393184661865,0.38388973474502563,0.3438176214694977,0.3036280572414398,0.34226804971694946,0.3930191695690155,0.38299238681793213,0.046499359728271475,0.033202814452044815,1530.3600159323744,928.4427244457984,2246.5172797437153,629.3938417169309,2541.7673062282483,1687.7821538674611,0.034050536542923435,0.03259394798117739,22.90237282717416,7.040424545990251,9.73415542431528,3.407995471411787,16.114930412219305,4.120342283009725,17.57722760687612,5.285253839176731,16.75677197737813,3.0606434412577967,26.439924063538665,9.85092680738911,29.724091693656494,6.041554981329435
original_mix,530.0,535.0,-356.88922119140625,84.15451049804688,172.34945678710938,49.43656921386719,10.984025001525879,35.1767578125,13.567609786987305,26.333919525146484,11.946592330932617,16.789470672607422,8.975646018981934,21.05139923095703,-10.999798774719238,17.290742874145508,0.12666961550712585,9.792394638061523,-0.34651002287864685,11.379106521606445,-9.3213529586792,11.8641357421875,-8.08264446258545,10.003866195678711,-8.638583183288574,8.795798301696777,-11.186437606811523,9.713647842407227,0.4104940593242645,0.5426085591316223,0.40854793787002563,0.3539712727069855,0.32710665464401245,0.31747034192085266,0.3824509382247925,0.3536902368068695,0.35817795991897583,0.3498486876487732,0.40251100063323975,0.37558677792549133,0.05057225684611572,0.040399805383668976,1534.369109633617,945.8335510566019,2222.946716862704,672.1374146470889,2587.6315300536544,1784.5642546066629,0.03339458562935035,0.03259753633767333,23.11671971762705,6.616065447243554,11.076407258240295,4.2880641378914435,16.034175253514153,4.310276176933517,17.54794271127161,5.098144173134062,16.97187306771176,3.8199776079202215,24.230540631699277,9.17497403645929,29.384716814312817,5.648695488913886
original_mix,532.5,537.5,-336.189453125,72.25292205810547,186.22821044921875,49.12350082397461,13.151396751403809,32.93631362915039,10.632933616638184,29.69497299194336,5.478689670562744,16.969079971313477,7.293970108032227,18.813060760498047,-6.883570194244385,15.3003568649292,1.843027114868164,9.748100280761719,-1.4163894653320312,10.193391799926758,-9.053589820861816,12.649192810058594,-9.694438934326172,10.475957870483398,-8.021656036376953,9.738580703735352,-9.581912994384766,9.161002159118652,0.4353022277355194,0.48802128434181213,0.5060012936592102,0.4387117922306061,0.41644248366355896,0.40992385149002075,0.38529172539711,0.3713689148426056,0.39220908284187317,0.402706116437912,0.4155721068382263,0.4455060064792633,0.058209762488234694,0.04185017346385965,1485.2997958641893,1069.0246528330865,2130.942718039086,788.7789212864086,2419.9623196418215,2061.516386766948,0.034711019069025524,0.03606207957995171,25.250813206331667,6.764560163480693,11.752476740014295,4.571310326416231,15.567871481916228,4.234803238134882,17.292655917099463,4.843887262672573,17.371212549904257,3.9608495226512503,22.510302328928315,6.9299779297432265,29.74757963881168,5.067158867481004
original_mix,535.0,540.0,-325.69976806640625,72.31774139404297,177.86050415039062,60.15628433227539,8.375882148742676,34.3847541809082,21.318017959594727,37.52245330810547,0.7224571704864502,17.04923439025879,2.344331979751587,19.165882110595703,-4.753450870513916,13.974649429321289,3.023318290710449,11.01136302947998,-2.8218929767608643,10.074213027954102,-9.422829627990723,13.179177284240723,-8.501420974731445,10.591340065002441,-7.17132568359375,9.887834548950195,-8.422964096069336,8.320989608764648,0.46907997131347656,0.38177019357681274,0.38178542256355286,0.4318537414073944,0.454466849565506,0.46151605248451233,0.43149206042289734,0.3593885600566864,0.3782544732093811,0.4412075877189636,0.4909619688987732,0.5208368897438049,0.055325967202442775,0.038418601476214786,1788.9528510080038,1424.640026914735,2183.5290875003425,799.682435027506,2826.8948937790024,2397.1034716071135,0.04992024361948956,0.05548700758263814,25.260483738916726,6.33716975845107,11.120037667037392,4.221555651432772,15.667246280628495,4.059428176978201,17.53740299589571,4.772240592246604,16.86265371325277,3.443040370092004,22.30708805267109,6.843824539687499,31.122852753281308,6.174081073830719
original_mix,537.5,542.5,-349.061767578125,76.6754150390625,183.22691345214844,52.66730499267578,12.776450157165527,35.7941780090332,20.380151748657227,34.88007354736328,7.433409214019775,18.355743408203125,9.36717414855957,19.562786102294922,-5.2850470542907715,14.113761901855469,2.8038129806518555,11.372599601745605,-0.8681639432907104,11.363123893737793,-8.483580589294434,11.53711986541748,-7.259490489959717,9.20607852935791,-7.203248500823975,8.025007247924805,-8.575952529907227,8.669731140136719,0.518891453742981,0.47565802931785583,0.4569496810436249,0.4434748589992523,0.4780903160572052,0.4753865599632263,0.44134315848350525,0.38753315806388855,0.4001285135746002,0.45071399211883545,0.4469638466835022,0.5046212673187256,0.04770410750190924,0.03363473049546853,1542.4932917744784,1268.238983426378,2082.1602253996066,674.5864239434559,2431.25351199971,2117.6337780759727,0.03989631670533643,0.04927439334445512,24.828050058711533,6.356428830764896,10.689521594925662,3.6155253726821592,15.758139531035027,3.9753328632196823,17.310349911000312,5.074384827079913,16.581721098313942,3.307577886371757,21.993840948353547,6.613677025483702,29.535334328376017,6.6070467828738995
original_mix,540.0,545.0,-357.06842041015625,64.94122314453125,185.1982879638672,45.36671829223633,13.451226234436035,33.88352966308594,14.66862964630127,31.426408767700195,13.357538223266602,16.825878143310547,17.44676971435547,20.175363540649414,-6.153703212738037,14.152400016784668,0.24087560176849365,9.459367752075195,0.8963009715080261,11.912755012512207,-9.04389762878418,13.452096939086914,-7.155076503753662,10.727131843566895,-5.6759233474731445,6.519289970397949,-9.983661651611328,9.556156158447266,0.39489051699638367,0.48696205019950867,0.5079237222671509,0.4836485981941223,0.5042622685432434,0.49921369552612305,0.5085736513137817,0.4549989700317383,0.42741236090660095,0.42048245668411255,0.4345710277557373,0.41224193572998047,0.04424181155830172,0.03018931637852059,1461.2245392322511,1122.0899485613495,2120.001467256562,778.6687797819983,2448.989676986659,2222.3256447213003,0.03460339327146172,0.037401996938915744,24.357857746428728,5.769914731230303,9.483775332085953,3.356873207469442,15.873376960788063,3.771973922472965,17.299393220284095,5.374585483415665,16.8591921718593,3.292974119492876,22.985773243160992,6.723802499037286,29.318598761411256,5.742221169354459
original_mix,542.5,547.5,-346.91015625,69.31735229492188,167.3960418701172,56.870418548583984,1.881093978881836,31.634586334228516,20.814756393432617,35.90113067626953,10.106109619140625,17.423320770263672,11.392470359802246,20.54907989501953,-3.8766582012176514,13.991854667663574,0.8203577399253845,8.289998054504395,-1.6901320219039917,11.485453605651855,-8.159921646118164,13.751167297363281,-6.173677444458008,10.550644874572754,-6.4889373779296875,8.22831916809082,-12.768857955932617,9.432509422302246,0.3075554370880127,0.41968101263046265,0.41829973459243774,0.4005269408226013,0.3855535686016083,0.41209185123443604,0.5441973805427551,0.46975842118263245,0.426542729139328,0.44066667556762695,0.5109801292419434,0.38489341735839844,0.04481754655001162,0.03276387440822823,1939.0014603276663,1465.028190200777,2397.918130058829,1010.7648643445714,3417.234402189675,2951.1477994678007,0.04791387217227378,0.048880833087485386,23.14132235289418,5.881078463261057,9.863840641019125,3.7299691809572164,15.985548615314514,4.303639025665666,17.23452619883414,5.201060657977497,17.167568050197634,3.3038617970291577,22.86810190649948,7.395738636171132,30.647121988213254,5.813761345217378
original_mix,545.0,550.0,-338.27581787109375,72.33628845214844,171.737548828125,52.08238983154297,1.0263043642044067,33.04749298095703,24.6390380859375,32.79704284667969,13.521805763244629,17.352432250976562,12.731989860534668,18.060928344726562,-3.857160806655884,13.64204216003418,0.8313795924186707,8.74916934967041,-0.7099316120147705,10.003067016601562,-5.741621017456055,12.534869194030762,-5.962564468383789,9.770318984985352,-6.028576374053955,8.12208080291748,-10.581303596496582,9.290553092956543,0.3912043869495392,0.5102526545524597,0.4173538386821747,0.35725390911102295,0.35437536239624023,0.4030360281467438,0.47989946603775024,0.40834760665893555,0.41128161549568176,0.43467220664024353,0.47649794816970825,0.4102478623390198,0.04926373141876091,0.03569954648997384,1802.8046882234469,1313.536498773285,2373.149944390416,928.1266187847215,3246.7673742024363,2679.683715465086,0.040571526972157775,0.041958486383872666,22.249977498475776,6.1476286822411685,10.291481151400909,3.5332120704529943,15.515962929082015,3.9048555973482424,16.48052029522213,4.471387023303145,17.45209717137981,3.835461815147482,21.265872700898175,6.925329644809055,30.54512567871881,5.636458424010846
original_mix,547.5,552.5,-375.7568664550781,71.98860931396484,183.95875549316406,29.24606704711914,28.26873779296875,36.029911041259766,20.64790916442871,24.133350372314453,15.208489418029785,12.189908981323242,11.618669509887695,14.430816650390625,-1.960408091545105,10.913580894470215,3.0128116607666016,8.972290992736816,4.094839572906494,9.161831855773926,-2.444610834121704,10.685356140136719,-3.783118486404419,8.548813819885254,-2.063585042953491,7.083836555480957,-5.528324127197266,7.796166896820068,0.5285869836807251,0.6662429571151733,0.5255944728851318,0.4006720781326294,0.33399704098701477,0.3515683710575104,0.43934085965156555,0.32775819301605225,0.3955012559890747,0.5187733173370361,0.48743054270744324,0.48490816354751587,0.03815408144362288,0.02881676861436068,1134.688790065356,760.3285951683539,1902.894624144555,568.4344376669633,1871.8898410310326,1549.1355094435323,0.0245148908787703,0.021332448778931423,21.899060316905647,5.699039148433154,9.795404449864806,3.2252434437200495,15.337544788573354,3.305607471964024,18.15343081191113,5.246763344555373,19.038929191990615,3.9655524526756802,20.43328612249462,4.04123432677893,27.680299802500542,5.228385356486243
original_mix,550.0,555.0,-424.77386474609375,60.46352005004883,191.20468139648438,16.937170028686523,36.86902618408203,21.609956741333008,12.696420669555664,11.147787094116211,11.437887191772461,7.556628227233887,6.583228588104248,12.092689514160156,0.09113724529743195,8.29829216003418,5.96903657913208,6.731306076049805,6.307703971862793,7.911378860473633,-0.6835178732872009,7.122909069061279,-3.332951784133911,6.449856758117676,-0.7859319448471069,6.5183610916137695,-4.673234939575195,5.8828206062316895,0.44330158829689026,0.6730772256851196,0.5952802896499634,0.4563644528388977,0.3416919410228729,0.3586406707763672,0.573814332485199,0.3792230784893036,0.3821246027946472,0.5664127469062805,0.530026376247406,0.4082176983356476,0.024960854351131587,0.02239672721647903,923.7749293639804,378.4556068581633,1772.0214697263254,438.32093631583757,1360.938406322506,771.0356092447138,0.01984732997389791,0.008966656977755118,20.50086880244574,5.166509046729154,10.126954071017996,3.367927220393354,15.356069247995512,3.3849498609676725,19.97455859577074,5.217272195622188,19.97290466634416,3.2337027186532876,21.56093041345309,4.04282386937563,25.309835574569505,3.3825262719894855
original_mix,552.5,557.5,-359.7152099609375,81.63672637939453,182.9977569580078,42.684844970703125,16.723812103271484,32.28308868408203,18.740623474121094,27.931537628173828,8.250391006469727,14.53958797454834,11.228375434875488,15.759273529052734,-5.027377605438232,14.381149291992188,5.413761138916016,9.49877643585205,5.6864094734191895,9.862685203552246,-5.463619232177734,12.347710609436035,-5.730640888214111,8.161447525024414,-3.96386981010437,7.476196765899658,-7.015456199645996,9.325385093688965,0.34914007782936096,0.5312299132347107,0.4793236255645752,0.4236571192741394,0.40670621395111084,0.46393516659736633,0.6213690638542175,0.4261651635169983,0.3948121964931488,0.46026158332824707,0.44829699397087097,0.3286607265472412,0.04698228324912575,0.03990391124231683,1387.1734331823138,1037.8425054520485,2049.7369341624803,722.960738258428,2322.438392727668,2068.6337278706364,0.031631788355568444,0.03469787804445268,22.14590663645557,6.12246351528076,10.845684158955505,4.056550043061963,15.662236685096842,4.253575001887271,18.077075090997724,4.484572020828605,18.58826485950709,3.5447111376595304,23.346134399428692,7.467047472339297,29.03885992772374,5.692027370948171
original_mix,555.0,560.0,-327.032470703125,63.81540298461914,189.22413635253906,50.002471923828125,1.9262876510620117,28.38620948791504,25.142311096191406,31.437179565429688,9.26023006439209,17.057861328125,10.472733497619629,17.707805633544922,-6.3309149742126465,16.17412757873535,3.460843563079834,9.983786582946777,4.954834461212158,10.933578491210938,-7.557135581970215,12.890863418579102,-7.043544292449951,10.371562957763672,-3.861302375793457,7.703623294830322,-8.144807815551758,11.008010864257812,0.41483038663864136,0.4762442708015442,0.42844682931900024,0.43122372031211853,0.4699700176715851,0.46064066886901855,0.4936080873012543,0.3829212486743927,0.3551979959011078,0.4058164656162262,0.4564242660999298,0.4247110188007355,0.056259990607122536,0.03535871375743024,1551.1192731321166,1154.7816334724896,2070.32820289935,737.0307814213371,2692.299883990719,2178.078707532287,0.03683521244199536,0.0406543106522322,23.58044303385229,5.872322682362533,10.435110858496492,3.8147998275673576,15.397721229230944,4.249213986662592,17.02673381993409,4.487332848733487,17.434372852620697,3.429747891116413,23.8833136885903,7.863511877797679,31.048659688355762,5.086465595152203
original_mix,557.5,562.5,-337.2409973144531,63.96546936035156,199.9677734375,49.0502815246582,-2.1030659675598145,26.42382049560547,23.287065505981445,30.240966796875,9.776637077331543,15.121100425720215,16.894039154052734,19.60816192626953,-2.8984432220458984,14.502379417419434,3.6597533226013184,9.199100494384766,3.9969322681427,9.78358268737793,-6.515155792236328,13.11596965789795,-7.072145462036133,10.631796836853027,-2.4342775344848633,7.8795905113220215,-8.072912216186523,9.59268856048584,0.492363303899765,0.502964437007904,0.5067897439002991,0.4519857168197632,0.48306921124458313,0.4856533408164978,0.476439893245697,0.3967588245868683,0.29614731669425964,0.3215634822845459,0.4185830056667328,0.5221312046051025,0.05211901952125772,0.03131741539144387,1458.132129528261,1078.299399404626,2008.494229356502,709.2560194147829,2517.8359737529004,1919.5170310980911,0.033850012688515084,0.037034203218810006,21.857835358861873,5.856760241078867,10.082368434172205,3.8661566894641304,15.167627848367472,3.82592793934616,16.68142328221017,4.62549960055229,17.733455032622796,3.3874303596059185,23.24383421019137,6.581826964396628,30.50376241764465,4.865308968283189
original_mix,560.0,565.0,-303.4159240722656,65.53937530517578,183.32679748535156,53.60654067993164,-1.9643274545669556,29.008298873901367,17.451688766479492,30.630260467529297,9.414834022521973,15.468515396118164,24.086965560913086,16.000524520874023,0.06619777530431747,13.321907043457031,4.681936740875244,8.838788986206055,3.0409417152404785,9.214149475097656,-5.648364543914795,13.662527084350586,-6.330643653869629,10.484090805053711,-0.38808107376098633,10.401640892028809,-10.136164665222168,8.799450874328613,0.5222104787826538,0.5512641072273254,0.5176769495010376,0.4768284559249878,0.4454491138458252,0.45291078090667725,0.4944569766521454,0.39094361662864685,0.34072229266166687,0.38921278715133667,0.4924749732017517,0.5427408814430237,0.057795130120473645,0.03613994962334529,1784.2494368139332,1243.3578149770099,2387.468216330017,931.995970323415,3199.704085701856,2342.4669959232724,0.04055793213457077,0.04290697079041747,20.83774587117413,6.083707178547363,10.278310647068647,4.029868154249057,15.39178621207902,3.901804338300479,15.67638738478645,4.119993171219346,17.698895354000037,3.348259034253084,22.75168733056609,7.118210013772258,32.404871790364076,5.408525434324942
original_mix,562.5,567.5,-315.2333984375,71.5337142944336,182.3945770263672,44.701637268066406,-1.4408711194992065,29.19013023376465,16.376008987426758,24.325990676879883,9.509879112243652,14.82058334350586,20.671987533569336,15.913307189941406,-0.6668683290481567,12.47945785522461,4.046029567718506,7.671043872833252,3.296954393386841,9.649725914001465,-4.456094741821289,12.024340629577637,-5.59782600402832,9.683863639831543,-0.4939858317375183,10.45833683013916,-8.89958667755127,8.587377548217773,0.548062801361084,0.5896930694580078,0.5477005243301392,0.4608164429664612,0.43206876516342163,0.5166297554969788,0.5365020036697388,0.3866880238056183,0.3855246603488922,0.4176386594772339,0.48288825154304504,0.5330871939659119,0.050258373480782846,0.03610797392263144,1672.0536413100492,1055.8158789198278,2360.3530871593593,817.6219692292354,2971.182343024942,2058.0232388438867,0.036664144069025524,0.035675646507986346,21.857662168597255,5.969488897813079,10.250508476004976,3.3815908241282804,15.299224084543948,4.050934410266702,15.837905521234132,4.065928134346839,17.801307825038368,3.06712233129931,21.9461758098261,6.130312865709534,31.732638086144952,5.060439495873676
original_mix,565.0,570.0,-334.719482421875,60.58089828491211,192.12953186035156,46.987770080566406,-3.5092830657958984,26.800086975097656,20.591901779174805,24.781604766845703,6.875821590423584,15.982094764709473,11.45398235321045,17.810009002685547,-1.758015513420105,11.794676780700684,1.7004482746124268,8.761665344238281,4.557161808013916,10.463068008422852,-1.1611050367355347,12.681917190551758,-5.633355617523193,8.840304374694824,-3.225010395050049,8.772919654846191,-6.948597431182861,8.009248733520508,0.5397319793701172,0.5530968904495239,0.48193055391311646,0.4569372832775116,0.45196250081062317,0.5437798500061035,0.5234490036964417,0.38723456859588623,0.4314019978046417,0.4594930410385132,0.4810571074485779,0.4828442633152008,0.046356199451845374,0.033117057728641916,1563.8705124647006,1105.7738529313553,2104.0601495818323,738.972603650516,2674.1640307787125,2048.000272575784,0.03805308330916473,0.038292560661075475,22.05279151557179,5.61063042943018,9.613592008451429,3.1535692905900743,15.466557364052793,4.077993684063802,17.211329784447138,4.579756859554966,17.63736135160719,2.934949213744391,21.232487222234695,5.680762406170437,30.70262569582474,4.66948581626158
original_mix,567.5,572.5,-314.6511535644531,62.464210510253906,182.4228515625,62.81498336791992,-10.272295951843262,25.199495315551758,30.477069854736328,36.040008544921875,3.561180830001831,15.717055320739746,9.630363464355469,17.714815139770508,-3.0985124111175537,14.151575088500977,2.2769055366516113,10.750338554382324,3.7636525630950928,11.892608642578125,-0.20307642221450806,12.627113342285156,-6.613858699798584,9.74767780303955,-2.0090742111206055,9.910269737243652,-9.870390892028809,8.689153671264648,0.43602824211120605,0.5303890705108643,0.46669283509254456,0.3957611620426178,0.43566688895225525,0.43234434723854065,0.46346330642700195,0.420965313911438,0.40077999234199524,0.48360660672187805,0.533674418926239,0.468341588973999,0.05386298111577253,0.0364458891966528,1948.7022144462765,1509.118777975733,2243.6831124942614,850.0176001327329,3309.0188152552205,2555.4677294405583,0.0541006561774942,0.05873181774501113,19.40521231003027,6.853615438829521,10.139270271230421,3.7518708542945554,15.540428259189497,4.190327307075176,17.762394864880452,4.745908944696631,17.491205468736595,3.0291245036471635,21.682056169848998,6.793067292010122,32.44511984592756,5.846653394432398
original_mix,570.0,575.0,-320.2864074707031,67.67765808105469,186.65121459960938,55.620079040527344,-3.8272266387939453,28.24146842956543,25.448883056640625,37.75778579711914,6.8180365562438965,16.734020233154297,16.26959228515625,18.655141830444336,-2.5405194759368896,15.365988731384277,3.1884167194366455,11.473821640014648,3.618373155593872,11.03388500213623,-3.208995819091797,13.141621589660645,-5.412581920623779,9.7116060256958,-1.9310636520385742,10.0352144241333,-9.425439834594727,9.273335456848145,0.42524129152297974,0.5155783891677856,0.5148218274116516,0.43239909410476685,0.47930535674095154,0.4947899878025055,0.4583350419998169,0.4069848358631134,0.3914240300655365,0.48502442240715027,0.5318706631660461,0.4660480320453644,0.05441063193479021,0.036348776579877444,1745.6463919509329,1300.8583637464349,2243.400997456073,740.2121691638724,2982.6733794953598,2192.3919962921295,0.04478705952726218,0.05273985116862779,14.961063662347035,6.763499889025713,10.169551618987922,3.665389469743412,15.211328717971094,3.5906619067573207,16.848323662665273,4.612607182407352,17.867947523450066,3.080848451731546,21.574739328939636,7.056113316607457,31.65609712197323,5.957183987955468
original_mix,572.5,577.5,-328.34197998046875,63.71385192871094,188.27818298339844,46.83192443847656,4.585319995880127,31.15386962890625,19.346744537353516,32.15740966796875,7.269436836242676,17.70720672607422,17.115659713745117,18.511577606201172,-1.7120712995529175,13.139104843139648,3.3925015926361084,11.264636039733887,4.031982898712158,8.685514450073242,-1.466304898262024,14.046587944030762,-3.4898366928100586,11.625175476074219,-2.612769842147827,9.586384773254395,-6.230329990386963,9.214825630187988,0.47794798016548157,0.5312246680259705,0.4937610924243927,0.5173249244689941,0.5320249795913696,0.5390987992286682,0.49236613512039185,0.389582097530365,0.4619826674461365,0.46863922476768494,0.4349987208843231,0.43404409289360046,0.050235037722142974,0.03584843301592439,1623.8102132039585,1074.1486783769815,2279.868808647217,847.1476864087962,2885.848906975058,2265.210239828508,0.03667320729408353,0.035203541212404175,14.517748102057194,5.3477528255601205,10.206391350928294,3.7931222039896655,15.19503592882129,3.7678883599002666,16.137916650387762,4.221968480583238,17.121728545875744,3.1879226853902125,21.128371816739335,6.566567712632177,31.04988179615633,5.029170871476228
original_mix,575.0,580.0,-334.1393127441406,66.9923095703125,182.89834594726562,50.232173919677734,-0.6385335922241211,28.437437057495117,24.458477020263672,29.548952102661133,8.34438419342041,17.847736358642578,10.322381973266602,16.841449737548828,-0.23349472880363464,12.743653297424316,2.6803910732269287,9.995969772338867,3.1319291591644287,9.176037788391113,1.9953621625900269,14.135055541992188,-1.9051111936569214,12.170595169067383,-2.9792025089263916,10.058513641357422,-5.728855609893799,9.058015823364258,0.3894069790840149,0.43417924642562866,0.4416268765926361,0.45952528715133667,0.4779318571090698,0.4819444417953491,0.6264362335205078,0.5523725748062134,0.39996975660324097,0.42399489879608154,0.4474785327911377,0.4274621307849884,0.049254930856920724,0.04046729265517524,1682.8375240742419,1195.964317446056,2204.0006348855577,808.7566734635151,2968.4844475058003,2315.3150197050636,0.040889872752320186,0.0417030288780104,16.52792033095894,5.929931048351337,10.65618135099882,3.873068169769522,15.193044195731789,3.6236429730057416,16.807736936011068,4.678916184238279,17.408711555493333,3.428165688605159,20.98123067774834,6.23538238705376,30.880505812393128,5.003022346677957
original_mix,577.5,582.5,-332.6170349121094,68.6550521850586,189.7425994873047,47.32717514038086,-2.8163857460021973,27.222354888916016,25.77402687072754,25.629592895507812,12.074429512023926,14.808847427368164,4.2118401527404785,15.426013946533203,-2.067209243774414,13.930651664733887,1.531231164932251,8.768052101135254,2.7554826736450195,8.772751808166504,2.4016191959381104,11.963342666625977,-1.4827897548675537,9.956896781921387,-1.4222323894500732,9.552248001098633,-5.040947437286377,9.501773834228516,0.35935714840888977,0.47280851006507874,0.4601079225540161,0.4378594756126404,0.4275887608528137,0.45584389567375183,0.598513126373291,0.5043264031410217,0.40400925278663635,0.4219142198562622,0.44903889298439026,0.40801194310188293,0.05242731158131098,0.04087698588630128,1504.6698049300142,1058.5764360255305,2013.495421579905,666.5014971588204,2578.4886619054523,1894.5306413952521,0.037529682062064966,0.037541400446690895,14.776043477563196,5.75769954303802,10.906157749805352,3.9553545337309908,15.231986630794832,3.609236831191619,17.23873191258703,4.786580520820742,17.805509354893964,2.9495682838326167,20.926178137449195,5.128569448249488,30.276791247721352,5.003240342150527
original_mix,580.0,585.0,-313.0526428222656,57.823936462402344,197.9544677734375,42.795448303222656,-1.990116834640503,25.54425048828125,19.662294387817383,26.24053192138672,12.773550987243652,13.529973030090332,8.819657325744629,18.732288360595703,-4.432676315307617,14.302801132202148,0.9652590751647949,7.890754699707031,2.442984104156494,9.275263786315918,-1.7614027261734009,11.055412292480469,-0.5304924249649048,10.009011268615723,-0.05584309622645378,8.106306076049805,-5.762662887573242,10.164600372314453,0.41152507066726685,0.5317770838737488,0.5689960718154907,0.5013653635978699,0.5028052926063538,0.5118980407714844,0.556269645690918,0.4764622449874878,0.3886028826236725,0.4501032531261444,0.4212522506713867,0.42245665192604065,0.05718259678466414,0.03820166512385878,1427.7653751033024,951.5676718064482,1972.1906709934367,679.6039859707588,2477.367540965777,1829.221903761737,0.034479906830046404,0.03229503096312033,13.828758441213331,5.216340754821377,10.047650989439493,3.5877305578389085,14.361744316170027,3.5581540204108446,15.877318231782057,4.125342860869054,17.48291592175897,2.8204893088099805,23.273156698556853,6.9321068804978845,30.917618418804473,4.8252414793310905
original_mix,582.5,587.5,-306.56170654296875,53.802520751953125,194.56431579589844,39.014892578125,-4.477383136749268,22.958040237426758,13.415650367736816,23.784866333007812,13.300939559936523,14.074973106384277,11.031179428100586,17.040895462036133,-2.761747121810913,12.488344192504883,0.885797917842865,7.653267860412598,1.8557707071304321,9.771183967590332,-2.7255542278289795,12.490509986877441,0.7721942663192749,9.654011726379395,-0.30517375469207764,8.929710388183594,-5.44744348526001,9.199905395507812,0.39410310983657837,0.5134057402610779,0.505891740322113,0.4981848895549774,0.5717499256134033,0.5531947612762451,0.602584958076477,0.4202516973018646,0.44485533237457275,0.49704962968826294,0.4086349606513977,0.3935343325138092,0.05567407140210098,0.03893018371540149,1462.4310240007812,928.5330841366367,2041.5978011757886,614.088251500372,2573.592481148492,1728.1841926402603,0.03493193517981438,0.03326659886487641,15.634438768713775,5.780358878404642,9.685165524753979,3.285786930468701,14.120547105997908,3.6982684222590225,15.439923903933678,3.960800483071752,17.558101535471398,2.8243889032240865,23.4408056634432,7.129676413691902,30.966334555906613,4.794292748018933
original_mix,585.0,590.0,-300.02117919921875,56.56855010986328,182.70123291015625,43.103084564208984,-9.419435501098633,22.52928924560547,21.953073501586914,25.17548942565918,11.078161239624023,15.882899284362793,7.409074783325195,14.474213600158691,-3.2766945362091064,11.200270652770996,2.2354085445404053,8.310762405395508,1.7789051532745361,8.724519729614258,-0.4991756081581116,13.193842887878418,0.9190813899040222,8.715726852416992,1.1716808080673218,9.74648666381836,-3.4110779762268066,7.365055084228516,0.34613561630249023,0.44647684693336487,0.4699360132217407,0.4436715543270111,0.5421119928359985,0.4939340353012085,0.5800284743309021,0.48384323716163635,0.49849894642829895,0.5597318410873413,0.4594728946685791,0.3919793963432312,0.052065315479174985,0.03684078864180874,1730.3800644768507,1149.0481657969256,2247.958572231462,673.4441138489558,3082.995123984919,2019.9072115150361,0.044071064747679814,0.043118382928814106,16.819863394705582,5.621069258296467,10.198270309323764,3.5296546351280247,14.127212695927827,3.6342357346256495,16.459127726883278,3.797151118888361,17.52075266702179,2.8701451752203413,21.291271906464534,5.477946604259818,31.450463253740978,5.38036942750432
original_mix,587.5,592.5,-303.70831298828125,51.809425354003906,198.57830810546875,42.544456481933594,-10.508779525756836,20.321720123291016,24.754457473754883,22.67197036743164,11.36685848236084,16.68047332763672,9.73173713684082,15.074898719787598,-4.508024215698242,12.57805061340332,0.6836433410644531,9.340948104858398,3.080069065093994,9.728224754333496,1.0752073526382446,11.688617706298828,0.6461455225944519,9.448370933532715,0.9171835780143738,8.357382774353027,-4.558712005615234,7.598867893218994,0.39996716380119324,0.458120197057724,0.46124836802482605,0.48725518584251404,0.5703307390213013,0.49646565318107605,0.47949182987213135,0.41570189595222473,0.4864121675491333,0.5651124119758606,0.4773224890232086,0.4433138072490692,0.05548024582492918,0.03174840036032642,1522.6817545503077,1023.9940878527481,2060.0310896453093,657.3476170902371,2691.050858287413,1809.0506448498497,0.03812219040023202,0.03823977154051891,18.503313216013535,5.817300411597038,9.96510401189988,3.7060402429631742,14.410749038367136,3.5351295812344383,16.866530865843277,3.9337181388221216,17.60595413950059,3.0445898369724964,22.523703286706507,6.362301477789072,31.285301441852496,4.86380962932359
original_mix,590.0,595.0,-298.60260009765625,48.31615447998047,210.5823974609375,33.99837875366211,-5.256396293640137,19.993900299072266,17.90601348876953,20.358234405517578,16.033605575561523,13.54896068572998,13.83284854888916,16.600648880004883,-4.571836471557617,12.288296699523926,0.08090727031230927,9.60936450958252,3.5023343563079834,10.34704875946045,-1.405415654182434,12.356206893920898,-0.172382652759552,9.912281036376953,-2.507101535797119,8.763850212097168,-6.592074394226074,8.042180061340332,0.5045592188835144,0.4462902545928955,0.44097092747688293,0.46213865280151367,0.511408269405365,0.4898713529109955,0.4723784625530243,0.43184763193130493,0.4073289930820465,0.4748384654521942,0.46941766142845154,0.5365820527076721,0.06980647746551341,0.035514034154947575,1230.2366062289511,727.9889775435979,1821.8071373520852,509.9597473066886,2125.3421367459396,1301.2411707854985,0.028083535745359628,0.02557455287935927,19.417120211665218,5.82777791917559,10.314202426583533,3.6505095832067305,15.253682568612305,4.11897232431683,16.714154747183372,4.268047494637582,17.805002786875427,3.0635930915864167,23.139556852056796,6.166754198367804,30.9713489929766,4.161096662307638
original_mix,592.5,597.5,-290.2098083496094,51.15703582763672,187.13107299804688,41.631893157958984,0.46563833951950073,21.384180068969727,21.523231506347656,25.944896697998047,13.010531425476074,17.08769416809082,9.930891036987305,15.310165405273438,-0.27631324529647827,10.874271392822266,3.2674129009246826,9.275774002075195,2.806260585784912,8.058180809020996,-2.41823673248291,12.931025505065918,-3.041478395462036,10.641984939575195,-5.070381164550781,9.473575592041016,-5.436953544616699,7.6171464920043945,0.5956975221633911,0.5280793309211731,0.5178529024124146,0.47792601585388184,0.4337703287601471,0.4027447998523712,0.4333341717720032,0.41708996891975403,0.39203593134880066,0.5017697811126709,0.49511411786079407,0.5837676525115967,0.06982008417908388,0.049503133271716376,1523.340482416284,1127.2267884596583,2061.403523409966,687.6751502675352,2674.0641087224476,2012.7989049288105,0.035857517038863106,0.04121741920534688,19.470376594993308,5.420218292299422,10.131413984618057,3.994276234785066,15.536816543501395,4.567605387963198,16.45285448606297,3.7251190279529203,17.46582160468976,2.956751424761875,21.872533839374995,5.1970776524487245,31.992689804910587,4.9827253441330654
original_mix,595.0,600.0,-287.1820983886719,51.7177619934082,183.67010498046875,39.885162353515625,0.13506662845611572,17.526750564575195,23.410097122192383,22.381668090820312,8.462053298950195,17.263334274291992,6.7957634925842285,14.404581069946289,-0.11123182624578476,9.83808708190918,1.5054389238357544,8.98172664642334,1.2719577550888062,8.98584270477295,-2.8724465370178223,12.003084182739258,-8.014735221862793,11.40531063079834,-5.005712032318115,8.41027545928955,-2.4351022243499756,8.072638511657715,0.5030861496925354,0.4990931749343872,0.48563429713249207,0.4615764617919922,0.47193217277526855,0.39979082345962524,0.3999233841896057,0.38442280888557434,0.3885717988014221,0.532582700252533,0.49343347549438477,0.510805606842041,0.07043988892933885,0.05666377160931261,1615.3800174535081,1248.215496381767,2183.1347889138297,790.8838782469696,2840.933942684165,2348.3999131137243,0.038844982598607886,0.04391467862450648,18.86842174879551,5.284312084905839,10.601289260643753,4.423423313226888,15.840051793917041,4.688260497522782,16.524549118318998,4.052470499901072,17.358288574528963,3.0344391472145773,22.576466229834985,5.720994331742358,32.422012795035165,5.06595107943478
original_mix,597.5,602.5,-276.521240234375,44.58597946166992,189.01107788085938,35.76725769042969,1.6674569845199585,14.865345001220703,16.047502517700195,17.768911361694336,9.42695426940918,14.654192924499512,5.582231044769287,15.003915786743164,-2.055631160736084,9.150293350219727,-1.237037181854248,8.770959854125977,-0.41449758410453796,8.627568244934082,-4.314632892608643,11.333300590515137,-8.368602752685547,10.841712951660156,-3.845379114151001,8.142715454101562,-2.2181692123413086,8.46643352508545,0.37009933590888977,0.37035325169563293,0.36969640851020813,0.3657006323337555,0.42260226607322693,0.3840450942516327,0.4699253737926483,0.44060018658638,0.4606100916862488,0.5273998975753784,0.4411475360393524,0.4158434271812439,0.07797986325827316,0.05323058738889081,1492.6448752292458,1030.5748194218666,2157.674412696789,821.3515047688992,2695.3475067067866,2210.1288808759805,0.034601127465197216,0.030910452146133454,18.197968352735504,5.799883445532767,11.16343926585189,4.060490247844623,15.765726347270448,4.051436212917268,16.599296031732585,3.8510486804523225,17.30800142189548,2.9109105669563,24.155000467900756,5.814685636711652,32.30392595379219,3.8104862617468855
original_mix,600.0,605.0,-269.196533203125,40.423885345458984,183.88351440429688,42.54103469848633,-3.267932176589966,19.01203155517578,22.029714584350586,24.77372169494629,8.96448802947998,16.000385284423828,3.898861885070801,12.664762496948242,-1.0355372428894043,10.783199310302734,0.28956523537635803,7.924081325531006,0.06506602466106415,7.968448638916016,-3.604403018951416,10.7985258102417,-5.778811931610107,10.035789489746094,-1.9003432989120483,9.23080825805664,-3.707017660140991,7.938263416290283,0.3519136309623718,0.398464173078537,0.40874040126800537,0.3712862730026245,0.4329359233379364,0.4456879198551178,0.5272402763366699,0.45324334502220154,0.513480544090271,0.559746503829956,0.43915340304374695,0.37335750460624695,0.07323404583699673,0.0460601385367085,1705.7925061524345,1164.5832311086467,2248.9481638161997,882.5494734603332,3082.3456306191997,2361.7406161356316,0.04347742350638051,0.03842444390814273,19.11662540065384,5.968970010910285,10.25157401161358,4.042697007035815,15.733132346778634,4.172973431114042,16.883025756485083,3.9199949601109796,17.654894686263024,3.038175321300026,23.551469822725608,6.092180924588921,33.08769682460382,4.180247746594776
original_mix,602.5,607.5,-274.0083312988281,46.77326202392578,188.51380920410156,44.604270935058594,-16.89040184020996,19.180273056030273,32.30076217651367,26.244319915771484,8.657089233398438,16.31488609313965,6.611730098724365,12.792328834533691,-1.8300102949142456,11.701202392578125,1.2348917722702026,7.0333404541015625,0.056608088314533234,9.002938270568848,-1.9289709329605103,10.733853340148926,-2.8365538120269775,10.362717628479004,0.8972696661949158,9.730353355407715,-5.008660316467285,8.420421600341797,0.342607706785202,0.39849743247032166,0.3964744210243225,0.4033506214618683,0.5454680919647217,0.5286206603050232,0.5396909117698669,0.44430357217788696,0.4603126347064972,0.5530375838279724,0.42115575075149536,0.34335651993751526,0.06572385980659046,0.03953769967736151,1782.9844128454276,1164.9477037865345,2223.5819837453732,788.5200904624578,3245.96799775232,2158.9416876244,0.04710497933584687,0.04024752241642726,18.8898745911558,5.120856924730965,9.96092438085825,3.4415823851146943,15.462942612892697,3.9561036283727593,16.954515795182292,4.023649020746741,17.88823758997906,3.1842671591758935,23.18741878566929,6.015252639975444,33.3251114283037,4.303383727956039
original_mix,605.0,610.0,-279.9606628417969,52.496768951416016,183.06153869628906,41.70794677734375,-16.648345947265625,18.89246368408203,33.18414306640625,27.177478790283203,7.681969165802002,15.803629875183105,4.995006084442139,12.473332405090332,0.6808618903160095,12.331954002380371,1.9170893430709839,7.949039459228516,-1.5010743141174316,9.018074035644531,1.6400396823883057,10.972794532775879,-0.11365305632352829,9.451889038085938,0.6928940415382385,8.952046394348145,-4.768186092376709,8.013325691223145,0.37689700722694397,0.5030860304832458,0.4324161112308502,0.441016286611557,0.5416811108589172,0.4698752462863922,0.5140811204910278,0.42770493030548096,0.41977134346961975,0.5040906071662903,0.37846770882606506,0.3778798282146454,0.05726053659737179,0.036111221329871004,1851.6089570252202,1135.4076564729346,2334.8968261055825,744.0790641773884,3425.0283225783064,2160.6211187095805,0.04586331750290023,0.03775548832443945,18.1138932859142,5.373541934577376,10.275357788413263,3.673287785372515,14.679864147751807,3.7561142067224185,17.291080298930243,3.8119297462344006,17.88339185780632,2.968507832405311,21.71224472920812,4.971468655328922,33.119725384829835,4.517433475748858
original_mix,607.5,612.5,-280.78851318359375,52.52728271484375,177.13986206054688,46.57297134399414,-12.714911460876465,18.806568145751953,31.388153076171875,24.665475845336914,2.8535263538360596,16.093957901000977,6.164310455322266,13.928218841552734,-1.26752769947052,14.27968978881836,3.491940975189209,9.323505401611328,0.5560061931610107,10.909460067749023,3.8025145530700684,10.817521095275879,-0.16211287677288055,8.704508781433105,0.1957109272480011,8.688851356506348,-5.5482096672058105,6.753708362579346,0.4205950200557709,0.6529255509376526,0.4380275309085846,0.43164119124412537,0.5172885060310364,0.41335180401802063,0.4432755410671234,0.40514910221099854,0.4641977548599243,0.5133327841758728,0.37514039874076843,0.35477301478385925,0.05861742812664769,0.041013495481244805,2011.4842576912936,1326.5646315788629,2540.54324261736,853.2045779408281,3645.1566125290024,2629.2544958730064,0.048214091502320186,0.043215621430472785,17.73036355201013,4.730430631365922,10.46285802725955,3.7923819710209274,14.643941532663819,3.8796061471464705,17.71874207365387,4.093710924297287,18.044635010761134,3.045472304003395,21.335093399709812,4.532199547151837,33.38458786095367,4.502524490531479
original_mix,610.0,615.0,-292.98638916015625,51.92543029785156,180.9088897705078,42.94216537475586,-10.638039588928223,17.866640090942383,25.914934158325195,22.630155563354492,4.537240982055664,15.16134262084961,5.830628871917725,14.04073715209961,-2.203261137008667,12.629148483276367,4.044273376464844,9.455803871154785,3.334750175476074,9.691250801086426,3.610538959503174,9.875107765197754,-0.6799138188362122,7.940131664276123,0.44413241744041443,7.7891845703125,-4.583234786987305,6.786837577819824,0.44293320178985596,0.7032846808433533,0.4996491074562073,0.4349280297756195,0.5149082541465759,0.4005488157272339,0.4273800551891327,0.361863374710083,0.4146231412887573,0.5099861025810242,0.39360031485557556,0.3774338662624359,0.05208362769897327,0.03781744076785083,1851.6725726967718,1212.474055459147,2444.1131475656834,903.5695393230305,3435.0205282047564,2560.8343890984356,0.04259149325696056,0.037407485511801064,18.24557599654537,5.107574392434783,10.774338001860091,4.1638831886549506,14.419473051459056,4.133904881248879,17.817829128595438,4.3565200248880105,17.93115243295766,2.78830679452145,22.615926631498517,5.3804020121946845,32.72346424047948,4.282392624482303
original_mix,612.5,617.5,-289.65582275390625,49.80568313598633,182.06558227539062,39.42536926269531,-9.604602813720703,16.268827438354492,21.99305534362793,26.061979293823242,5.798889636993408,15.637893676757812,6.734905242919922,14.9013671875,-1.4252575635910034,11.714351654052734,3.3351869583129883,8.766595840454102,0.4233216345310211,8.769429206848145,-0.14818443357944489,11.709510803222656,-1.9108593463897705,9.179349899291992,-1.4635528326034546,7.369115829467773,-4.240634918212891,7.1447834968566895,0.4384045898914337,0.5578795671463013,0.4757526218891144,0.45836085081100464,0.5066113471984863,0.4172417223453522,0.43169280886650085,0.3856576383113861,0.49272555112838745,0.47106263041496277,0.387258380651474,0.4469433128833771,0.05382392317134446,0.0360659017780419,1751.2316520066233,1110.905594128641,2305.252712392385,761.6960939921031,3174.9234157482597,2183.7312681624485,0.04293589580916473,0.04162920312646167,18.581594116682922,5.47010543818278,10.992529077613295,3.858992154982574,14.332128867754024,4.689345215709557,16.35178310725026,3.2333488131599974,18.041708311847238,2.729830889878927,23.799982420765684,6.141999814490282,32.77506446414796,4.5286614960222975
original_mix,615.0,620.0,-303.6697998046875,58.45446014404297,178.698486328125,43.13925552368164,-9.273398399353027,24.065650939941406,20.29865837097168,23.211685180664062,6.599909782409668,15.716190338134766,5.065568447113037,17.10488510131836,-5.052945613861084,13.065524101257324,-1.0515875816345215,9.497050285339355,0.11141175031661987,9.74080753326416,-2.090186357498169,11.952315330505371,-5.6213507652282715,9.959832191467285,-3.9656741619110107,7.502603530883789,-7.3883376121521,7.946964263916016,0.43421223759651184,0.3773128092288971,0.3503144681453705,0.42443767189979553,0.48807182908058167,0.42094334959983826,0.4154418706893921,0.43047893047332764,0.6101879477500916,0.5132182240486145,0.45403343439102173,0.5402851700782776,0.05281861545518041,0.04061718240819937,1773.3711613911337,1098.5994112876158,2293.7672214264435,703.1734701628433,3115.070104045824,2041.4198502657728,0.044970589834686776,0.0411374382904462,20.63936271676283,6.173542464231214,10.556294508987387,4.033531439478913,15.007130066389278,4.257345318775288,17.20833585928726,4.105142741432645,17.54514478096166,2.9842765160971556,23.031619723438475,6.086223452675043,32.07752894946289,4.397742588222463
original_mix,617.5,622.5,-416.92779541015625,98.04710388183594,156.28875732421875,39.08704376220703,27.94804573059082,43.58476638793945,21.335447311401367,15.967870712280273,7.892023086547852,11.111599922180176,2.0864856243133545,11.734292984008789,-4.24658203125,10.707587242126465,-1.9157686233520508,7.8585429191589355,2.112339973449707,8.103042602539062,0.5998253226280212,8.606673240661621,-6.634575366973877,7.042416095733643,-7.809104919433594,7.0579609870910645,-9.638824462890625,6.938183307647705,0.4797690510749817,0.4884515404701233,0.4160638451576233,0.45133307576179504,0.49474382400512695,0.45421192049980164,0.4529285430908203,0.4772747755050659,0.6317963004112244,0.5446752309799194,0.4690466821193695,0.5572333335876465,0.02376409033702345,0.028572610917359787,1328.3322446178433,900.2765759416402,2202.4518232600094,658.6104490197199,2164.2617776609627,1915.9078766667492,0.029489468532482598,0.02799008897688623,22.370721916683184,4.849080708143856,11.050500275720227,3.8601792025634682,15.291551965508898,3.580035760717225,19.87804400777467,4.220797311660971,18.351607787720088,3.328696050118393,20.517425955574843,4.607332353566385,24.829859623014144,7.233418884366177
original_mix,620.0,622.8084353741497,-568.54541015625,45.989898681640625,192.61363220214844,19.90308380126953,54.233970642089844,23.84893226623535,14.636026382446289,10.23325252532959,11.116647720336914,5.94475793838501,5.554966926574707,5.519935607910156,-2.0129733085632324,8.391965866088867,-0.49236100912094116,5.029791355133057,3.5648465156555176,4.771913528442383,1.7755825519561768,5.545069217681885,-4.312599182128906,5.470583915710449,-10.423297882080078,5.778351783752441,-12.097070693969727,5.961693286895752,0.5144168734550476,0.6354401707649231,0.5298558473587036,0.5111567378044128,0.5549318790435791,0.5008382797241211,0.4903237223625183,0.5208219885826111,0.6527099013328552,0.5867942571640015,0.4280352294445038,0.5007008910179138,0.007688690128853816,0.00639506576933871,914.5366518167078,893.0256853975518,2080.788596909102,610.6397121929757,1189.131101497934,1659.3376627957468,0.019264914772727272,0.030528318422540206,22.186031838479646,5.1188644878377945,11.79900599803885,3.7226732022002236,16.369597852237852,3.50327425198545,21.465693942782494,4.065464838595415,19.95086371736283,3.4336749860692946,19.561793415435744,3.5444993579808677,18.623857579755523,2.553054380713727
vocals,0.0,5.0,-385.5469970703125,121.36357879638672,128.14979553222656,81.58721923828125,7.823150634765625,36.92658615112305,27.310688018798828,29.049665451049805,11.123318672180176,20.87592315673828,16.646427154541016,18.609649658203125,-2.8615882396698,19.10297393798828,1.9422765970230103,14.048900604248047,2.196519136428833,15.822409629821777,0.7599146962165833,15.826334953308105,-3.592008113861084,12.429189682006836,-2.578569173812866,10.19778060913086,-6.768342971801758,8.797504425048828,0.4523938298225403,0.48801714181900024,0.5364902019500732,0.5909774899482727,0.6124054193496704,0.6102041602134705,0.5898057222366333,0.583390474319458,0.5557901859283447,0.4981965720653534,0.4853220582008362,0.45164230465888977,0.0461832788350369,0.046949111512935064,2846.8044784123244,2460.8941228221756,3153.4773117662053,1441.5251508982396,5161.174050174014,4650.537729852778,0.07973145664153132,0.09547554765394771,18.18941715061142,6.876356355790094,10.26400035781922,4.287708430497289,14.53722087075663,4.68530174741756,15.95037534166784,4.680169445625564,16.572918796501803,3.0086521534615494,18.9440005895323,4.60986604283858,28.953241570854765,5.038537058332537
vocals,2.5,7.5,-371.5520324707031,113.20500946044922,134.80686950683594,80.54459381103516,-1.5061931610107422,39.17138671875,24.002668380737305,33.20061492919922,13.200298309326172,20.20716667175293,19.821062088012695,19.24135398864746,-2.292088270187378,18.08116340637207,2.0971591472625732,13.853092193603516,-0.7049880623817444,12.91600513458252,-4.613168716430664,16.279373168945312,-3.6340553760528564,12.304025650024414,-3.5617687702178955,11.045952796936035,-8.821756362915039,9.171696662902832,0.38365423679351807,0.4163579046726227,0.4576028287410736,0.486590713262558,0.5388051867485046,0.5707708597183228,0.5176205039024353,0.5168126225471497,0.5063259601593018,0.46663913130760193,0.45909056067466736,0.4271598756313324,0.046508483460935786,0.04057390091624333,2360.3068384067146,1915.7700567730556,2761.256746404896,1186.1719101690435,4092.107970200116,3460.3926154801225,0.06778499311194895,0.07390210860884071,18.417455125269896,7.025775806344688,10.506751343372478,4.542004507223373,16.11409627750991,5.560177311475474,15.942677220565228,3.710050684523127,17.571374742661828,3.0943425603314907,20.685416849213194,5.288730808142448,29.887116098561105,5.137007715619302
vocals,5.0,10.0,-366.55059814453125,107.23975372314453,131.69866943359375,79.31623840332031,-3.885105609893799,38.83301544189453,24.4415340423584,35.03806686401367,10.230692863464355,20.063793182373047,12.894633293151855,20.15083885192871,-3.287313938140869,19.293350219726562,0.7069290280342102,14.271746635437012,-0.1725102812051773,13.801000595092773,-4.782617568969727,14.528870582580566,-7.071488380432129,14.023420333862305,-4.1114325523376465,10.539151191711426,-8.520779609680176,9.941617012023926,0.3894515335559845,0.36785590648651123,0.3783940374851227,0.41377368569374084,0.45194166898727417,0.48491019010543823,0.43539300560951233,0.43777671456336975,0.48246410489082336,0.4729752242565155,0.469215989112854,0.44565334916114807,0.049240128058097986,0.043789045569663926,2397.144365309042,1618.875603570009,2742.6715822989763,1045.9765717393207,4112.39214762181,2956.200714342695,0.0689258265661253,0.06115842284267226,17.883467075539876,7.0734762214761595,10.998557935998141,4.569640435401235,16.553418021732917,5.346898165913854,16.60367524153694,4.510562706652947,17.44226327631801,3.1984277159447076,20.382020094228235,4.885043422649846,30.08377853102014,4.697354305756897
vocals,7.5,12.5,-367.6463317871094,103.41510009765625,146.6722869873047,75.44676971435547,-2.202363967895508,41.603389739990234,15.682211875915527,28.99201774597168,11.929818153381348,17.773780822753906,9.338004112243652,20.401721954345703,-6.806360721588135,20.229900360107422,-0.5838555693626404,12.449325561523438,0.2803584039211273,13.40347957611084,-4.45581579208374,14.561075210571289,-7.596151828765869,12.826632499694824,-3.65129017829895,9.66218090057373,-8.53021240234375,10.078103065490723,0.4765566289424896,0.4154855012893677,0.39349550008773804,0.45442917943000793,0.44888836145401,0.46006694436073303,0.43722233176231384,0.4439357817173004,0.5008772015571594,0.5160037279129028,0.5367044806480408,0.5208165049552917,0.04864715373856902,0.04741846319845162,2186.189836119211,1469.6817527724943,2606.38907517156,1031.136328665923,3724.2948810904873,2817.7371818539073,0.06282740900522042,0.053979809042191955,17.308517243984156,6.612569916193084,9.94333148879549,3.9847886417605807,15.673223367012818,4.538888431948712,16.97778062404772,5.006214637015109,16.804278808657642,2.9455372835460296,20.77472733550017,5.364610763491135,28.940992528220317,4.258091372856692
vocals,10.0,15.0,-373.6582336425781,98.10546875,140.74307250976562,81.43373107910156,-15.180779457092285,44.530738830566406,19.07160186767578,32.528038024902344,19.638057708740234,19.731462478637695,12.586918830871582,19.5014591217041,-4.417521953582764,19.421247482299805,2.4255778789520264,11.895524978637695,-1.9661750793457031,13.236407279968262,-5.986978530883789,13.65031623840332,-4.842597961425781,10.971098899841309,-3.974550485610962,10.380998611450195,-9.955504417419434,10.740514755249023,0.48219504952430725,0.44718101620674133,0.4323817491531372,0.46738022565841675,0.4628826677799225,0.5087313055992126,0.48602917790412903,0.48585328459739685,0.4758576452732086,0.45292234420776367,0.46605727076530457,0.47027388215065,0.04123164851406455,0.037553538126545584,2258.0009189059574,1555.34278913975,2456.3909051544897,910.0520723620745,3745.328473934165,2528.7200144192752,0.0687400304524362,0.06150917592483647,16.496873771992686,6.504345698337668,9.572912962300808,3.550172143077437,15.471565657109664,4.656592022516203,16.57028166637796,4.288334289245387,16.81274314553443,3.1317428949615973,21.388436112021466,5.605044821729752,29.177772121806044,4.858815036296477
vocals,12.5,17.5,-352.8069152832031,84.22915649414062,158.23782348632812,82.6225357055664,-15.561017036437988,40.492767333984375,16.99575424194336,31.328025817871094,19.20774269104004,21.37412452697754,17.497228622436523,17.695236206054688,-3.5214288234710693,17.211320877075195,-0.1677478402853012,10.574301719665527,-0.6276059150695801,13.404296875,-8.813101768493652,15.510061264038086,-5.75113582611084,10.698390007019043,-3.277078866958618,10.26025104522705,-8.329190254211426,10.90653133392334,0.47114405035972595,0.42018797993659973,0.4198070168495178,0.45729953050613403,0.48304086923599243,0.5050724744796753,0.4461803734302521,0.4566381275653839,0.46783900260925293,0.4572289288043976,0.4083295166492462,0.43937602639198303,0.049988395717046864,0.03592367982318074,2072.892730210379,1605.1546157819926,2260.7283854140037,848.4991915177728,3447.5607462659514,2557.5308078594894,0.06137389428654293,0.06474852873290911,16.838137203603583,6.441922047965515,10.430021872826899,3.8389007386306213,15.732454153891611,5.177094607609597,15.620032308684973,3.9199989195444283,17.367021482815353,3.2467972248675667,21.46779077265629,4.9614437850209105,29.37745084614112,5.022382875183876
vocals,15.0,20.0,-352.5245361328125,77.26922607421875,181.19630432128906,63.540306091308594,1.8359434604644775,33.73527145385742,13.188506126403809,27.96235466003418,24.434694290161133,22.340871810913086,21.463720321655273,15.925956726074219,-6.8817057609558105,17.601579666137695,-1.8248209953308105,9.472513198852539,-1.5430850982666016,12.337230682373047,-14.51199722290039,16.59684944152832,-4.83050537109375,9.759231567382812,-0.8025962114334106,9.212876319885254,-9.996970176696777,10.112565994262695,0.4507015347480774,0.35196658968925476,0.36624252796173096,0.46616896986961365,0.5408419966697693,0.5238233804702759,0.4392436146736145,0.448742538690567,0.5084342956542969,0.4693479835987091,0.3741862177848816,0.447062224149704,0.055059963645221206,0.035270824254705756,1598.605014252658,1289.5176205376717,2124.439933851222,903.0142124883988,2804.0127428944315,2423.844742539041,0.04097823919663573,0.04920159967630231,18.292454159019858,5.865321131222526,10.681145906672857,3.962396240135643,16.8722126813907,4.613740025296853,15.411211332200729,3.9025215411421557,17.65409420554947,3.2344327622079656,22.967352807958775,5.119385047763105,28.708609829380272,3.9093123051823753
vocals,17.5,22.5,-341.843994140625,78.08906555175781,173.08969116210938,62.86310577392578,10.527131080627441,31.2484188079834,15.783066749572754,25.601726531982422,22.118661880493164,24.461591720581055,18.796178817749023,17.955013275146484,-6.920933723449707,16.857805252075195,-4.487565040588379,11.261865615844727,-2.8583016395568848,13.3637056350708,-11.735875129699707,15.653639793395996,-8.066798210144043,11.57049560546875,-3.427612066268921,9.535268783569336,-10.287428855895996,9.255295753479004,0.4146536588668823,0.3306714594364166,0.3521875739097595,0.4260563254356384,0.48825013637542725,0.5074319839477539,0.46483269333839417,0.5042003989219666,0.5192338824272156,0.47311171889305115,0.41337504982948303,0.4459252953529358,0.06344382250017061,0.0481652443802537,1705.4827923522987,1576.2524173683246,2262.8242731348423,1098.4373565455285,3085.7429805321926,3072.366311490608,0.04491394467807425,0.05813509702015893,19.40726123288179,6.478167307194942,10.975307990769583,4.171524325446491,17.5386857627225,4.22508013370512,16.65207163928273,4.766704658590778,17.50357637362307,3.3441577653333456,22.128051871186447,5.199274419966612,28.8011541478178,3.7470618612045947
vocals,20.0,25.0,-332.5031433105469,88.02185821533203,152.4036102294922,75.33027648925781,11.081704139709473,34.268310546875,17.667524337768555,29.194297790527344,10.4192533493042,20.19804573059082,10.420031547546387,18.398101806640625,-3.776341438293457,16.215852737426758,-4.734705448150635,12.238094329833984,-2.520963191986084,12.583690643310547,-6.8478522300720215,14.966594696044922,-12.352155685424805,13.532150268554688,-7.589457988739014,10.18526554107666,-7.8895769119262695,9.30990219116211,0.4259519875049591,0.376512348651886,0.3630504906177521,0.37085744738578796,0.3832123577594757,0.4250541627407074,0.42709818482398987,0.457703173160553,0.49527931213378906,0.531109631061554,0.4875012934207916,0.448205828666687,0.07201632684982098,0.0587977279856404,2093.7128308726487,1922.5010802919492,2544.49706646865,1344.3551462471396,3710.8553645229117,3727.542585305778,0.06318200768561485,0.07192901623987415,18.705310298634927,7.511045035478099,11.30372535111036,4.671014606629551,17.332959155118402,4.983045774751831,17.557731064156773,4.777867128582327,17.24195408434604,3.0972586697792184,19.50394194051559,4.347735169255701,29.385742892455852,4.440303745371323
vocals,22.5,27.5,-350.9714660644531,94.10730743408203,132.3235321044922,80.58277893066406,5.651663303375244,36.93685531616211,26.11250877380371,35.10044860839844,14.797240257263184,20.294456481933594,8.554851531982422,15.966605186462402,-0.29103636741638184,15.949600219726562,-0.7407343983650208,10.645627975463867,-1.8909236192703247,10.954073905944824,-7.517117023468018,14.687141418457031,-10.794745445251465,13.945377349853516,-6.736945629119873,11.69343090057373,-6.107931137084961,9.692831993103027,0.41370105743408203,0.39072784781455994,0.41128024458885193,0.44527801871299744,0.4614883065223694,0.5128695964813232,0.4813847839832306,0.4321471154689789,0.4646180272102356,0.482621967792511,0.4390484690666199,0.41245946288108826,0.05828034955128463,0.05044590242199615,2316.316271339499,1906.741044996796,2674.355438878697,1329.468118412832,3986.9400059817285,3562.1040468380133,0.07339399651972157,0.07324809474266825,17.399392136635164,7.304748578974411,10.267661691620054,4.313140239452941,16.63305660016066,5.462440887263068,16.47438866244047,4.258550241905251,16.980239469768946,2.955589172987049,19.31848894585891,4.19828875052888,29.56463198785311,5.140166968162446
vocals,25.0,30.0,-352.17926025390625,99.26219177246094,143.1864471435547,78.42874908447266,-9.231342315673828,38.645755767822266,40.67836380004883,37.1993293762207,20.698482513427734,20.784154891967773,10.126751899719238,16.10453224182129,-0.02859950251877308,17.587020874023438,0.43401312828063965,10.605748176574707,-2.3472740650177,12.871371269226074,-6.446181297302246,14.81189250946045,-8.511595726013184,12.375900268554688,-5.772858142852783,10.975520133972168,-6.535361289978027,10.208921432495117,0.3816377520561218,0.3830798268318176,0.43834003806114197,0.5110658407211304,0.5400316119194031,0.5879977345466614,0.5617722272872925,0.47139132022857666,0.42718958854675293,0.395476371049881,0.3631432354450226,0.37627112865448,0.05307517909501456,0.03860544577564949,2230.8318090003745,1708.386227700149,2489.5889859675617,1017.8562593286377,3743.379993837007,2830.2430936077244,0.06839222919083526,0.06759379755528425,18.46345136162367,7.755785220141261,10.116039446364173,4.101311064999926,16.477972406056256,5.444246500905448,16.091784875011665,3.9846847205376177,17.47094044677731,2.9499014780423,20.001383088911183,4.317104971932481,29.722278177158856,5.041392647496365
vocals,27.5,32.5,-439.1402282714844,141.01773071289062,95.43597412109375,84.8131103515625,-9.441108703613281,34.621185302734375,32.82255935668945,34.99816131591797,19.160850524902344,19.840120315551758,6.702356815338135,14.227680206298828,3.507685899734497,16.009357452392578,4.863284587860107,11.551743507385254,0.2428784966468811,11.262974739074707,-3.031893491744995,11.53187370300293,-2.8960652351379395,11.40476131439209,-1.9407823085784912,11.582432746887207,-3.908189058303833,10.398453712463379,0.3779940605163574,0.40037932991981506,0.4543862044811249,0.49782851338386536,0.5291040539741516,0.658004641532898,0.5082537531852722,0.4629047214984894,0.4746377766132355,0.48603689670562744,0.37538886070251465,0.35125499963760376,0.031056453662745457,0.037139001374267865,3827.280157109373,3289.816475903043,3771.667717878466,2485.0634800898747,7361.757495287123,7251.10625271213,0.22012194569315546,0.304665513259783,17.279865509346095,7.023370646044984,9.72444661863743,3.6896476327910817,15.431703173383811,4.917085879518077,15.90969300932705,4.007741286511225,16.48484273485809,3.2330119156666375,19.19569489506394,4.787973361981082,27.342265877837878,5.655140828167858
vocals,30.0,35.0,-675.5836791992188,124.45923614501953,30.777393341064453,55.04717254638672,-6.030213832855225,24.353572845458984,13.028517723083496,24.08533477783203,8.202796936035156,16.187814712524414,4.12539529800415,6.802353858947754,3.977602005004883,7.456054210662842,6.377410411834717,9.377042770385742,1.6547735929489136,7.254654407501221,-0.505958616733551,6.328517913818359,2.1572177410125732,8.375407218933105,2.6278464794158936,9.090426445007324,0.3681690990924835,7.358515739440918,0.3494347035884857,0.3153315782546997,0.28279411792755127,0.2880070209503174,0.4608975946903229,0.8470912575721741,0.2993788719177246,0.285150408744812,0.38846027851104736,0.4790107011795044,0.30422133207321167,0.2666001319885254,0.003725502673928225,0.010677845244660401,8031.384876727933,3539.757354118647,7031.917587494523,2684.4883766307844,16487.08932261456,7865.622427899283,0.651760304886891,0.3748155463496691,17.21112544933585,5.063947277403765,9.390693768910637,3.1489061233856823,13.800460600853736,3.9803466977851456,14.389931354451429,3.2728056731355726,13.794686914322883,2.820819617229932,15.826409421726428,4.57717456912876,24.047602356795302,3.5554965116108055
vocals,32.5,37.5,-615.6981811523438,130.06723022460938,22.096065521240234,57.056636810302734,-3.491041660308838,18.8670711517334,2.31592059135437,10.62174129486084,2.575937271118164,7.928536415100098,4.2129621505737305,11.711043357849121,-3.062283992767334,10.872879028320312,0.07917695492506027,3.6745638847351074,-1.13606858253479,5.524620532989502,-0.8749514222145081,5.497440814971924,-1.4818861484527588,6.9028520584106445,-0.17880381643772125,4.2166032791137695,-1.2448464632034302,5.421292304992676,0.45888450741767883,0.3497299551963806,0.32501354813575745,0.36124280095100403,0.5482615232467651,0.816044270992279,0.2940991520881653,0.3420994281768799,0.33435043692588806,0.40456530451774597,0.38065704703330994,0.3664935231208801,0.00858204082532171,0.025700054118587473,8588.207805054812,2794.2578592978552,7796.390289658784,2079.6173546367463,18666.83901899652,6133.266451958082,0.6769866589327146,0.33288529300555914,19.757713303882735,3.8064487919534677,9.610508693553513,3.6826840107411174,13.400642710838579,3.6931468131274516,13.732263907327642,3.197309197343423,13.490389847119628,2.6759918152410482,15.040536086839555,4.756707610523789,23.61571846932577,4.014186053405903
vocals,35.0,40.0,-433.3026428222656,172.76756286621094,105.61145782470703,90.31486511230469,-8.880047798156738,31.503171920776367,5.6451592445373535,24.040084838867188,12.583102226257324,17.222652435302734,19.143260955810547,19.028295516967773,-10.330609321594238,18.694971084594727,2.2184090614318848,8.772711753845215,-5.9767560958862305,10.680420875549316,-8.00137996673584,11.97268009185791,-5.584002494812012,11.063728332519531,-2.047966241836548,8.465727806091309,-3.243924856185913,8.490460395812988,0.5079664587974548,0.4219859540462494,0.4313884377479553,0.5070077776908875,0.5563439130783081,0.6257184147834778,0.5085924863815308,0.5449492335319519,0.4570397436618805,0.4233546555042267,0.4449675381183624,0.49850669503211975,0.03782709331953009,0.04134722255920588,4367.533493895953,3233.482479974393,4754.43219691938,2736.5608675518997,9555.39635748985,8306.156615222477,0.23983672600058004,0.2944031448410102,19.94923625152133,5.1668907323700495,9.828678193126104,4.260470873915605,14.336366857989502,4.742350655515009,14.481671471093872,3.4074603607299507,15.683377251562638,3.4120308584559873,20.138777124135476,7.121137730219691,26.516780349131565,5.504526192982383
vocals,37.5,42.5,-325.7139587402344,88.29471588134766,168.57298278808594,56.35903549194336,-6.6901421546936035,34.084590911865234,12.614937782287598,35.113075256347656,19.205568313598633,19.801528930664062,27.547895431518555,19.81064224243164,-12.506373405456543,21.51647186279297,4.771962642669678,12.231328964233398,-9.666769981384277,12.606995582580566,-9.388008117675781,13.870080947875977,-8.334700584411621,11.193158149719238,-4.26054048538208,9.976022720336914,-5.67810583114624,9.42005729675293,0.393876850605011,0.3595867156982422,0.4153122901916504,0.48896828293800354,0.5326855778694153,0.6017723679542542,0.5768299102783203,0.5105151534080505,0.4519088864326477,0.4256492555141449,0.39459794759750366,0.41882267594337463,0.055479457635803066,0.03574711314660696,2061.266664352276,1354.894483857871,2731.6632241272123,920.449724804726,3593.1471822433296,2801.4159411168566,0.04851317792923434,0.042623583460025406,21.043042168114447,5.864898223461077,10.22296019484987,3.891967011575787,15.858177574231082,4.538369307790908,15.136100165140276,3.8108292592964585,17.19901477575421,3.037281014328196,22.503117298142964,6.024977614589112,29.794061777925208,3.8259270176848568
vocals,40.0,45.0,-346.4262390136719,94.3209228515625,161.49488830566406,65.71711730957031,-11.27525806427002,36.56584167480469,25.226089477539062,35.95450210571289,21.106843948364258,22.508525848388672,25.54366683959961,23.648427963256836,-13.466634750366211,21.49831771850586,3.656827688217163,12.547499656677246,-8.372390747070312,13.417378425598145,-4.042490482330322,14.981220245361328,-9.134858131408691,11.471843719482422,-3.5795910358428955,10.140220642089844,-10.80042552947998,10.264945030212402,0.3723713159561157,0.3684419095516205,0.4767126739025116,0.5576789379119873,0.5778117775917053,0.5902394652366638,0.5375227332115173,0.49001795053482056,0.4300870895385742,0.39442723989486694,0.38588088750839233,0.4147874116897583,0.0500598438817461,0.03344879868849829,2156.8994169455877,1440.9372015799015,2679.9377347312084,905.9695024152114,3694.2683031830047,2682.527458613469,0.053178473027842225,0.04923899665334479,20.539449823341062,6.5187619914498205,10.012063841999781,3.464478990849228,15.690137750057895,3.89974530681256,15.38659555429853,4.257942585990089,17.362597214721102,3.4058411813716924,22.292774538577888,6.164329265949711,30.27039555547509,4.217388350682097
vocals,42.5,47.5,-379.2865295410156,116.02676391601562,147.55584716796875,70.46099853515625,-16.86602020263672,41.1204948425293,23.404043197631836,31.77475357055664,20.538204193115234,21.870487213134766,21.550233840942383,24.150577545166016,-10.413844108581543,20.27271842956543,2.1837339401245117,12.740270614624023,-4.87256383895874,12.262167930603027,-3.665820837020874,14.666080474853516,-5.588587284088135,12.56838321685791,-0.906380832195282,11.288325309753418,-9.659886360168457,11.232503890991211,0.4014045000076294,0.4884183704853058,0.5921359062194824,0.5679770112037659,0.5368401408195496,0.5199649930000305,0.5025914907455444,0.44920486211776733,0.3778434097766876,0.39529046416282654,0.44529539346694946,0.4162926971912384,0.03977030059253838,0.03136585750218154,2334.2588109173366,1465.9843208851257,2798.6189080734403,1028.994169911152,4055.7363417198376,2844.034414380575,0.0598660002175174,0.050327064982334975,18.87783375100143,6.024610057569979,9.576851703225799,3.6007264148992717,14.909538035771106,4.2328061742218495,15.66893008161008,4.327361549534795,17.423854485360152,2.9654540504244644,22.334680588682858,6.492934440484075,29.54621333788064,4.816249324197123
vocals,45.0,50.0,-376.0269470214844,102.06954956054688,135.67164611816406,80.90948486328125,-15.124354362487793,41.96013259887695,18.12600326538086,35.62641525268555,12.961738586425781,17.883193969726562,12.3338041305542,21.09299659729004,-4.078962326049805,17.372631072998047,2.147498369216919,13.108253479003906,-2.134481906890869,11.875204086303711,-4.099997520446777,12.10523509979248,-3.4514737129211426,12.709806442260742,-1.0728720426559448,11.34403133392334,-5.475062370300293,8.865804672241211,0.47647765278816223,0.5453450679779053,0.6210922002792358,0.5578249096870422,0.5076051950454712,0.490382581949234,0.45018234848976135,0.40593233704566956,0.4178555905818939,0.45481911301612854,0.5020465850830078,0.48312127590179443,0.03283410441314612,0.02672844227471922,2586.481839831528,1690.164694390756,2792.8981465141524,1116.110389005501,4510.331736695186,3243.6152056288092,0.07205603792053364,0.05838184242896338,18.303055334953264,5.8231962996465825,9.066653969880427,2.9992028451196124,14.120680770397989,4.161571451203402,15.87689853560567,4.178620277523028,17.413081814272438,3.156657173317267,20.827687902190377,5.664461950863317,29.869255591335456,4.786650128602509
vocals,47.5,52.5,-365.39923095703125,100.5330810546875,144.5285186767578,82.4903793334961,-14.565010070800781,42.95949935913086,17.284013748168945,34.8820686340332,11.302629470825195,19.1068058013916,10.286430358886719,19.301868438720703,-5.815354347229004,17.3056583404541,0.8229197859764099,11.990665435791016,-1.1624993085861206,12.314817428588867,-2.9366984367370605,10.880206108093262,-6.522152423858643,12.72872543334961,-1.24392569065094,9.723115921020508,-4.556009769439697,8.025835990905762,0.4712792634963989,0.47870856523513794,0.5958537459373474,0.6060338020324707,0.5269533395767212,0.5312918424606323,0.4956858456134796,0.425443172454834,0.4066014885902405,0.4357154071331024,0.47835075855255127,0.5090358257293701,0.03739165460126066,0.030397241035784495,2516.604313243091,1800.4877797039735,2708.449977631131,1176.5783818653576,4412.707887724768,3449.276130218305,0.07458807642111369,0.06996897105813976,18.52576954488108,6.22455736010167,9.081331733623214,3.276715422970429,13.910589179525601,3.938704630854199,15.766059232710848,4.572056969156565,17.135257306140137,3.4378052647443047,19.983993574743618,5.118849762192301,29.36349327367123,4.953879401499509
vocals,50.0,55.0,-354.7626647949219,112.537841796875,152.6556396484375,80.21741485595703,-17.662981033325195,39.03091812133789,21.93353843688965,33.2412223815918,12.991381645202637,19.364152908325195,9.28503704071045,21.986845016479492,-8.39668083190918,18.993881225585938,2.962822914123535,11.465057373046875,-1.475771188735962,12.426081657409668,-0.7329633831977844,11.24067497253418,-8.87032699584961,11.429366111755371,-1.6302138566970825,9.547788619995117,-6.910633563995361,10.243185043334961,0.4611256420612335,0.4638001322746277,0.533378005027771,0.5648868083953857,0.5212723612785339,0.5494840145111084,0.5094087719917297,0.44422635436058044,0.4029795229434967,0.39247041940689087,0.42191600799560547,0.4867662787437439,0.04706193746348223,0.037429751090821986,2388.3737686603777,1689.1236849195539,2627.3861698929204,1076.425429386641,4098.502981801044,3073.796576294064,0.07077132576856149,0.06841723551694398,18.992674287905082,6.4412139835958975,9.707503521803407,3.698620972746637,14.002496816069902,4.08445549644225,15.981561305217806,4.572606791972361,16.927245621047614,3.3015431179042847,20.47259525989324,5.02951222804389,29.37091622292177,4.595857027459428
vocals,52.5,57.5,-333.3319396972656,92.64165496826172,141.93603515625,85.31405639648438,-19.321834564208984,36.69826126098633,22.542705535888672,37.2532844543457,15.719685554504395,19.81140899658203,13.020111083984375,24.41412925720215,-3.717160701751709,20.21660614013672,1.8354860544204712,10.597843170166016,-3.0157175064086914,13.412776947021484,-5.331038475036621,13.464340209960938,-7.795513153076172,10.7893648147583,-3.6594839096069336,9.429101943969727,-8.346650123596191,9.969858169555664,0.42046263813972473,0.45159465074539185,0.4753846228122711,0.5257746577262878,0.5036138892173767,0.5373165607452393,0.5239497423171997,0.4938145577907562,0.4194139242172241,0.358221173286438,0.34957355260849,0.3977079391479492,0.05645651816183284,0.04538931731356346,2468.24510846254,1734.8453184993066,2518.6685607161107,881.1799519968287,4048.9416418938513,2730.903044532365,0.07611069823085846,0.07075079176989517,19.207372476717616,6.741073595831892,9.93208809614596,3.556684696258112,15.215240109029313,4.74451620657095,16.234501911631398,4.5326279445085795,17.326775890289568,3.2966172137124703,21.23851821564207,5.252924209366897,30.237459868025123,4.572104830491294
vocals,55.0,60.0,-304.1436462402344,89.96342468261719,150.2511749267578,77.99748992919922,-19.18372344970703,33.01596450805664,18.10727310180664,35.53547668457031,12.860908508300781,21.694183349609375,19.477216720581055,22.790851593017578,-5.010970115661621,20.581104278564453,-0.9897860288619995,11.647171020507812,-6.864920616149902,13.439397811889648,-6.757899761199951,12.887359619140625,-10.146984100341797,11.693675994873047,-1.9205498695373535,10.374753952026367,-5.296058177947998,10.379247665405273,0.41516566276550293,0.41634076833724976,0.49582335352897644,0.5323811173439026,0.5561984181404114,0.5577650666236877,0.5410929918289185,0.47011929750442505,0.3604741394519806,0.30932122468948364,0.3382655382156372,0.39210352301597595,0.06892509848775348,0.04981607967444891,2381.299509844515,1666.039466360903,2608.437864191072,918.2279105896152,3965.8064910817866,2710.779501261054,0.06823362275232019,0.06679388935668629,19.832580263015846,6.754786960848189,10.538299364159165,4.374968142258395,15.659283718970375,4.9422660522793285,15.740238165584666,4.049863923869605,17.113704686961327,3.2570063490616445,21.10863339298736,5.287383515371899,30.847463269475586,4.407198842124692
vocals,57.5,62.5,-304.110595703125,98.26746368408203,156.37989807128906,67.05722045898438,-11.698183059692383,34.57379913330078,18.41889762878418,31.12640380859375,14.39229965209961,20.234573364257812,21.834964752197266,19.87540054321289,-8.41922378540039,18.479446411132812,-1.644036054611206,11.984529495239258,-5.464562892913818,12.29987907409668,-7.820655822753906,14.067300796508789,-9.219477653503418,12.003779411315918,-0.5233484506607056,10.732189178466797,-5.187972068786621,12.114554405212402,0.4623458981513977,0.3977373242378235,0.42799112200737,0.4990592896938324,0.5432708263397217,0.5530665516853333,0.5264856815338135,0.5090836882591248,0.43568331003189087,0.3668361008167267,0.35069772601127625,0.4496893286705017,0.06779685291860592,0.04708136880598624,2280.3030003563968,1502.6281969544555,2776.8058587119413,1074.288500185472,4143.26806300754,2896.877076026605,0.05650467662412993,0.051905203825452634,18.10539081598452,6.717306190796475,10.92553243569271,4.494100962125951,15.670083088193376,4.976677255050922,15.179024175652138,3.8760975587383126,16.66373688847147,2.986330976081625,21.322520040899303,5.536312203956272,30.527448155249946,4.711534224187727
vocals,60.0,65.0,-358.2532958984375,113.34295654296875,147.32862854003906,77.08893585205078,-13.7405424118042,40.04441452026367,23.15517807006836,32.985496520996094,22.018232345581055,17.538604736328125,26.69923210144043,16.985036849975586,-4.601447105407715,16.69009780883789,-1.4062241315841675,11.571133613586426,-4.69704008102417,9.743099212646484,-9.969748497009277,16.336435317993164,-3.099242687225342,10.658787727355957,-0.5041448473930359,11.105788230895996,-7.230217456817627,11.215805053710938,0.395683616399765,0.3839549720287323,0.44649094343185425,0.48770615458488464,0.5123459696769714,0.5314976572990417,0.5547544956207275,0.5396518111228943,0.48517122864723206,0.4305751621723175,0.39279747009277344,0.43055447936058044,0.05180215721543022,0.03985858175127138,2325.609824363403,1525.113374572169,2737.554144853179,1144.4669097916897,4297.09806862674,2940.383104236525,0.05999401827146172,0.05231256696756914,16.542478446195858,7.131381102290112,10.518914697523995,4.065998470573992,15.986140228329008,4.884672063101623,15.35292869040977,3.9680561313405094,17.56457311506352,3.1452533685639255,20.81423650537401,5.814149216219152,29.55784356293141,4.735494934494218
vocals,62.5,67.5,-369.24066162109375,115.29894256591797,156.87750244140625,80.50431060791016,-9.222288131713867,41.10428237915039,21.255695343017578,31.171239852905273,15.247944831848145,19.967266082763672,20.77708625793457,20.109073638916016,-1.43585205078125,17.12063217163086,1.7189961671829224,12.245041847229004,-1.0308183431625366,10.960359573364258,-5.169246673583984,16.508544921875,-3.0896708965301514,11.85534381866455,-2.728302001953125,12.197296142578125,-4.721928596496582,10.276901245117188,0.4417477548122406,0.4365006387233734,0.49604830145835876,0.541153073310852,0.5511208176612854,0.5242447853088379,0.509827196598053,0.4939675033092499,0.45668983459472656,0.42337414622306824,0.40650370717048645,0.4720887839794159,0.04988738454653738,0.0402122538609849,2034.1106908221318,1457.478111277382,2476.619039432255,996.4436605074792,3497.172047201276,2588.3211271382334,0.05373132975638051,0.05325638450043411,16.770809179634927,7.07586307263994,10.133725396717802,3.683118235505263,15.150849140230171,4.426386390905755,15.451540781468761,4.065881834075228,18.12013643588779,3.078301128837195,20.386970782967236,5.6299131401426425,29.033082807353118,5.094088373665245
vocals,65.0,70.0,-358.7638244628906,105.46917724609375,168.38490295410156,74.91845703125,-1.4791189432144165,37.33122634887695,16.09522247314453,25.929433822631836,9.046344757080078,18.174346923828125,14.030235290527344,21.940753936767578,-4.188650131225586,19.182109832763672,1.9084316492080688,12.49148178100586,0.15210187435150146,12.263375282287598,-5.374063491821289,15.577335357666016,-5.9407572746276855,12.289275169372559,-4.234674453735352,10.754368782043457,-5.831699848175049,10.832901000976562,0.5176229476928711,0.43918490409851074,0.4591505527496338,0.5257626175880432,0.5464311838150024,0.5046206116676331,0.4429781436920166,0.4115590751171112,0.4171386957168579,0.43681469559669495,0.4570240378379822,0.5648404359817505,0.0526094362448297,0.04235738657006096,1922.9982960396894,1428.8045395347503,2485.5998061351847,1054.0265691520776,3336.047731474768,2776.3677882059937,0.04900825659802784,0.04996645405827648,17.66886422242723,6.381403547679948,9.653654640476061,3.5908835471676372,15.175775025731543,4.102363028793635,15.636469246655924,4.427132683017661,18.116307709988853,3.148249728127858,21.102163258230256,5.455681009441533,28.325992547749195,3.8765541767437313
vocals,67.5,72.5,-364.4771728515625,95.20597839355469,149.25148010253906,75.90076446533203,0.2989940941333771,39.323883056640625,18.356170654296875,32.38814163208008,17.918066024780273,20.086034774780273,14.816987037658691,20.024499893188477,-6.203661918640137,18.44809341430664,-0.3238304555416107,12.3457670211792,-2.515721082687378,11.451532363891602,-10.26734447479248,15.546874046325684,-5.258975028991699,11.882221221923828,-2.258164167404175,8.750934600830078,-8.191408157348633,10.623452186584473,0.38658952713012695,0.3588278889656067,0.4526745676994324,0.519109308719635,0.5126527547836304,0.5198886394500732,0.4691331386566162,0.4232827126979828,0.42185840010643005,0.458843469619751,0.509877622127533,0.4924953877925873,0.04390464033565501,0.035431938371231486,2117.3253411603323,1490.8353472405768,2624.0683080926356,1073.756935678646,3785.8968287775524,2851.09532725128,0.05440654002320185,0.05351898607800421,17.519381671066938,6.292309005491256,9.344405291023435,3.5294611628329564,15.315390842984764,4.443132912268989,15.258741738301442,4.443534077831335,17.807647691609862,3.072875343241554,21.75485800817576,5.736687870728486,28.45129838878829,4.710052356329734
vocals,70.0,75.0,-358.0042724609375,88.93293762207031,158.31927490234375,75.8812255859375,5.144999027252197,40.15436935424805,20.203533172607422,36.32023239135742,17.636634826660156,22.288545608520508,11.167734146118164,21.26685333251953,-9.669938087463379,18.37092399597168,0.46086642146110535,11.900981903076172,1.3020039796829224,11.959431648254395,-9.169983863830566,15.740449905395508,-7.131646633148193,13.658096313476562,-2.9902377128601074,8.81215763092041,-10.426606178283691,10.734939575195312,0.37959423661231995,0.37048208713531494,0.44820189476013184,0.5099908709526062,0.5030819177627563,0.5037557482719421,0.41810593008995056,0.35741910338401794,0.35946542024612427,0.4099859893321991,0.4760606288909912,0.4524921178817749,0.053140369257830264,0.04069223366783487,1831.3264857561887,1370.1769773154788,2356.190220816903,953.0231823906527,3150.6923171041185,2499.2800937751617,0.04803282700116009,0.048499158085713576,17.74581199300139,6.669185261003743,10.048318548170482,4.114336316473887,15.866739441050433,4.84316819482549,16.730650259100557,5.00469678221784,18.492972940769036,3.2653409316065387,22.969106732724384,5.925264268350029,28.844995076544166,4.6862503038884125
vocals,72.5,77.5,-371.1070556640625,111.74370574951172,153.08909606933594,84.97673797607422,-0.4240603744983673,37.256492614746094,15.244502067565918,33.11642837524414,8.64012336730957,20.137422561645508,10.772549629211426,21.171417236328125,-6.513393402099609,18.917144775390625,3.639712333679199,10.177613258361816,3.02986741065979,10.840621948242188,-5.517457962036133,14.199176788330078,-7.161920070648193,13.465235710144043,-2.6842527389526367,8.728025436401367,-10.518390655517578,10.624563217163086,0.43758270144462585,0.4295507073402405,0.43021461367607117,0.4596158266067505,0.4942319691181183,0.5140345692634583,0.44524863362312317,0.3887846767902374,0.41730472445487976,0.4432559311389923,0.46136826276779175,0.49671393632888794,0.0534510978075458,0.04480484912778503,2238.8063559361003,1687.5024889274027,2614.7358598289793,1212.8813447863813,3985.3412530814967,3336.9437839452,0.0625759045098608,0.06005258622923962,16.601879188057428,6.962712889945011,10.092473092285285,4.347968904828254,15.17972376060661,4.846548327463422,16.630374516223096,4.854896495912698,17.96066634808723,3.338083097411105,22.415269533782418,6.0352642481878265,28.613029965270673,4.651750115036899
vocals,75.0,80.0,-377.8669738769531,118.33796691894531,146.0937042236328,80.96844482421875,-3.3901190757751465,35.3595085144043,21.004413604736328,34.17987823486328,11.6831636428833,20.222972869873047,18.390995025634766,18.513940811157227,-3.402395009994507,19.19457244873047,6.195994853973389,11.679003715515137,-0.4639250338077545,10.747809410095215,-7.295182228088379,13.66757869720459,-5.226100444793701,11.817486763000488,-0.9252497553825378,8.933372497558594,-8.850595474243164,11.980731964111328,0.3961544632911682,0.43122273683547974,0.46298664808273315,0.5172986388206482,0.5609782934188843,0.5376816987991333,0.4933921992778778,0.4976526200771332,0.48484253883361816,0.41417351365089417,0.4392801523208618,0.42131632566452026,0.0451487849535447,0.0375383648751577,2490.7724251767704,1798.8112849338952,2851.1528083076814,1197.9438806096634,4523.171720925174,3531.4606455630756,0.06741566669083526,0.06376141082206546,15.2920304894542,6.104187555234412,9.451957787026354,3.497522657704393,15.279312874494128,4.525215390007999,15.152430199892098,3.8654111102860402,17.11156697739426,3.14240065924786,21.84501716438608,6.112500722966698,28.83992372867917,4.720090696181325
vocals,77.5,82.5,-426.18408203125,151.01095581054688,121.32982635498047,93.47077941894531,-1.008846640586853,32.6517333984375,22.1860294342041,34.51894760131836,12.305152893066406,18.4657039642334,13.447951316833496,18.6663818359375,-4.494515419006348,17.89069366455078,3.0225918292999268,11.811909675598145,-2.667388677597046,10.1611909866333,-6.950210094451904,13.249117851257324,-2.4657602310180664,10.726228713989258,0.4352363646030426,9.236111640930176,-6.513429641723633,11.292635917663574,0.4579484164714813,0.41274386644363403,0.44671306014060974,0.49894583225250244,0.5366083979606628,0.6223634481430054,0.47545087337493896,0.46061816811561584,0.4250567555427551,0.40246453881263733,0.4183536469936371,0.48022615909576416,0.03781614632535248,0.03558957892609709,3544.6470046897057,2908.4603419505565,3901.956992459363,2538.920445398388,7474.519535781613,7415.676400084235,0.1868531123114849,0.25823357092399957,15.901039731954834,6.033567128221807,9.027244464052332,3.5596487868375704,14.491988655976344,4.65337999300645,15.070046130763084,3.819675401832527,16.532373856774196,3.3080135734510465,20.896877394929085,6.051790870153889,27.359362736857562,5.214913242255666
vocals,80.0,85.0,-620.7919311523438,154.98944091796875,47.29000473022461,81.75708770751953,0.06664416193962097,24.16433334350586,10.465441703796387,22.117050170898438,4.727978229522705,10.721915245056152,6.744537353515625,12.164152145385742,0.8970696330070496,11.106769561767578,2.2990128993988037,5.620671272277832,-0.24941033124923706,8.086494445800781,0.6185980439186096,9.420662879943848,1.6807986497879028,7.549754619598389,3.143221139907837,6.584901332855225,-0.3986104130744934,6.976780891418457,0.5916963815689087,0.4910357594490051,0.42883333563804626,0.43791165947914124,0.5083783268928528,0.8026015162467957,0.43516409397125244,0.48757264018058777,0.4102543294429779,0.4325766861438751,0.4319489896297455,0.4863002896308899,0.01151956079085506,0.023778968266056872,6561.635989554961,3126.0031784973594,6688.416140538061,2671.967592776592,15414.925658896462,7886.058700035306,0.49506394105278423,0.36336917782387956,14.44090585162476,5.218085622041199,8.006917938598827,3.015081337996468,11.899799581493504,3.6120715013065268,14.746826792910133,3.5445281162997917,14.60152913435156,3.1036972460555443,16.133751289404085,4.489605854438795,23.39446297513639,4.471369712225474
vocals,82.5,87.5,-494.2718505859375,148.2935028076172,81.92790222167969,102.1476058959961,6.314822673797607,24.72006607055664,13.003335952758789,28.375009536743164,7.757284641265869,13.063294410705566,3.9367458820343018,12.773726463317871,-1.7860316038131714,14.444059371948242,4.066653728485107,8.888429641723633,2.7056939601898193,9.794042587280273,-0.3023194372653961,10.291699409484863,-2.460479736328125,7.954441070556641,-1.474308729171753,7.848967552185059,-2.4677717685699463,7.646790504455566,0.5240508317947388,0.4435117542743683,0.41442030668258667,0.45820388197898865,0.5434207320213318,0.7463393211364746,0.4633941650390625,0.4927426278591156,0.42756685614585876,0.4405180513858795,0.39546999335289,0.436463862657547,0.02718972680947198,0.03744162132818562,5321.03816925943,3692.0812889879257,5433.052606481434,3116.6691240423506,12079.577381815545,8894.946461230173,0.38277284839037123,0.38877274163960757,15.306446576961454,5.37702630477069,9.045057480086482,3.283041584929243,13.236796469600973,4.616079173311413,16.07902272109996,4.672505105535652,15.04669450215842,3.2711626351733054,17.418589046357937,5.069698150864909,24.512579089708343,4.697669145896635
vocals,85.0,90.0,-376.767822265625,112.04046630859375,164.76388549804688,83.7037353515625,12.967144012451172,34.66645431518555,15.813831329345703,31.40874481201172,14.651329040527344,15.676947593688965,13.023234367370605,17.523115158081055,-5.1252570152282715,20.848928451538086,5.318247318267822,11.156514167785645,8.02468490600586,13.695539474487305,-0.40422096848487854,14.636638641357422,-6.038808345794678,10.300186157226562,-4.79509973526001,10.496574401855469,-6.243157386779785,9.255736351013184,0.4571079909801483,0.48044106364250183,0.5767570734024048,0.6133056282997131,0.5708361268043518,0.5057560205459595,0.4596291482448578,0.4429958760738373,0.4699431359767914,0.47868266701698303,0.4986683428287506,0.4675736129283905,0.05006761561476418,0.036249313214024366,2163.9215507523645,2310.087918362178,2571.2268297494466,1556.6818084629108,3947.970404038573,4758.798348754625,0.06784730278422274,0.12070995095349032,17.202340883741865,6.268448220470809,9.89369969722951,3.4681678143714345,14.948118234569167,4.612065339980716,16.965194960518545,4.88026748972978,17.111707160337243,3.2143040144771016,21.44766742942541,5.891667332938417,27.335869450367007,4.021483941003357
vocals,87.5,92.5,-383.27313232421875,117.62861633300781,161.9385528564453,79.71099853515625,-1.2177654504776,42.25306701660156,9.194450378417969,23.19816780090332,17.985185623168945,16.780487060546875,22.583276748657227,16.18897819519043,-3.7656471729278564,20.368330001831055,3.2590320110321045,10.557807922363281,6.945376873016357,13.069618225097656,-1.951007604598999,15.472825050354004,-2.848240852355957,12.790648460388184,-1.6568044424057007,11.285194396972656,-5.079170227050781,9.296956062316895,0.45824819803237915,0.48833173513412476,0.5159333348274231,0.5933829545974731,0.575643002986908,0.5533429980278015,0.4762249290943146,0.40229231119155884,0.41723278164863586,0.492380827665329,0.5469620823860168,0.48761606216430664,0.04535563087871183,0.03671858467143303,2068.9058006506757,1858.530311566703,2552.315029024921,1260.690781512995,3708.2074300319027,3729.8789990072974,0.05478492966937355,0.07016357337567436,16.9215620430992,6.732085071291576,9.635087000007385,3.4529174407539127,14.348766758414763,4.6159524201365185,15.748094071497578,4.094297808710459,16.907678208328363,3.2090052626069063,21.650962210029498,6.198681230180831,27.59195303123209,4.286002683628666
vocals,90.0,95.0,-377.6793212890625,108.49718475341797,162.15780639648438,73.19058227539062,-4.403874397277832,41.06791305541992,14.486607551574707,25.677724838256836,18.327077865600586,18.420202255249023,23.436229705810547,16.421276092529297,2.102078437805176,16.609907150268555,4.667993068695068,10.249800682067871,3.534653425216675,11.06519603729248,-4.63559627532959,14.216167449951172,-3.4034438133239746,13.741503715515137,0.8860271573066711,10.31396770477295,-2.9670867919921875,10.449811935424805,0.4752461314201355,0.45920196175575256,0.4946790933609009,0.5554842352867126,0.589136004447937,0.5787690281867981,0.5033798217773438,0.41261518001556396,0.42079129815101624,0.4880591332912445,0.5153642296791077,0.5086179971694946,0.04347014981342923,0.0334439513246252,1927.6897597998643,1536.875726440874,2485.7950383853317,1070.072323291046,3420.631752102668,2979.2718346024235,0.046884063225058004,0.05895279911929242,16.465780279756977,6.3932805146962,10.267403835619875,3.8467234792176725,14.606687561790922,4.740256895521699,14.691657149566732,3.507968089977971,17.148099151247628,3.2554434443170788,20.8388042108602,5.2531219610224404,28.45222875942005,3.9442899822450697
vocals,92.5,97.5,-355.7752380371094,88.26045227050781,173.03067016601562,75.39957427978516,-11.949986457824707,39.97016906738281,26.491321563720703,33.43674087524414,10.63831615447998,18.990203857421875,17.550691604614258,18.519773483276367,1.448482632637024,16.910619735717773,8.096290588378906,11.50732707977295,0.9290508031845093,11.39506721496582,-3.183830499649048,14.5951509475708,-8.20030403137207,11.513018608093262,-0.4678806960582733,10.658928871154785,-5.83747673034668,11.413651466369629,0.467621386051178,0.43885374069213867,0.47971290349960327,0.5204809904098511,0.5414175391197205,0.54264235496521,0.47505995631217957,0.39730387926101685,0.3890148401260376,0.42756015062332153,0.45114701986312866,0.4851372241973877,0.04594897817287663,0.02743860064424583,1890.702054688716,1412.7313045870847,2325.186189161946,835.5486059150612,3169.527624709977,2404.6986026109657,0.046662014211136894,0.051116560703255834,17.290435956127748,5.7482056617295765,10.201980726849223,3.9506177764219323,14.855576668053185,4.440970634335847,15.332137899820486,4.033864352094134,17.60996182965693,3.34498367816597,20.501316926414336,4.661181515422656,29.113160379507086,4.418132371405352
vocals,95.0,100.0,-352.96490478515625,112.90843200683594,143.19081115722656,83.4675521850586,-13.846883773803711,39.175601959228516,23.206716537475586,35.54664611816406,17.400484085083008,18.636472702026367,18.19514274597168,19.761085510253906,2.2798633575439453,18.66826820373535,4.008960723876953,14.119481086730957,-1.6045539379119873,10.12041187286377,-6.587746620178223,15.520247459411621,-5.715633392333984,11.506891250610352,-0.5095235109329224,10.755960464477539,-5.666518688201904,11.93115520477295,0.4671069383621216,0.42910391092300415,0.4434858560562134,0.4615376591682434,0.47262001037597656,0.5130000710487366,0.4899131655693054,0.44290897250175476,0.42508918046951294,0.44636401534080505,0.46210262179374695,0.4930168092250824,0.05161311237231705,0.04522389847622382,2240.9066317289926,1531.5489523928572,2599.970666380461,996.224930695636,3847.199010295824,2603.7900918012447,0.05957597701566125,0.05660859649809797,17.396250107459057,6.292097146961162,10.342094113697339,4.050292566136359,14.941482231192136,4.976142183938141,15.176358853305763,3.905475236684143,17.483616070302002,3.3749473803569408,20.660314632808902,5.631451527744379,29.084492539205726,4.726700013504208
vocals,97.5,102.5,-348.2629699707031,115.52802276611328,148.76577758789062,77.45140075683594,-10.143177032470703,33.144927978515625,22.587509155273438,34.438358306884766,21.773881912231445,18.8327693939209,25.33114242553711,16.484636306762695,-1.3495221138000488,19.37566566467285,2.698247194290161,12.685242652893066,-2.9521381855010986,11.502406120300293,-9.192015647888184,14.4924955368042,-5.87926721572876,13.56320571899414,-0.46554797887802124,10.52514362335205,-5.156786918640137,12.110586166381836,0.44983330368995667,0.45498332381248474,0.4744330644607544,0.4992382526397705,0.5227355360984802,0.5255377292633057,0.5034124255180359,0.4916956424713135,0.4791668951511383,0.47433897852897644,0.5174810290336609,0.49494272470474243,0.058136900172330086,0.04988440913407944,2144.4986952284803,1506.4855305008114,2643.3527795794603,1010.1491507951604,3786.7461662558003,2627.699187432365,0.053347275594547564,0.05189005389015667,17.015043023909904,6.563024978831118,10.279206117645865,4.6626546985756745,15.623683732314177,4.949811968083164,14.7693502436891,3.592718589938746,17.399870826583356,3.322462261918861,21.57729582525976,6.326384775033201,29.080784707905988,4.431455125570757
vocals,100.0,105.0,-364.52734375,123.04364013671875,130.77427673339844,83.95561218261719,1.6396929025650024,30.657575607299805,17.681259155273438,29.415346145629883,17.945459365844727,17.195446014404297,15.404695510864258,17.80739974975586,-2.5428645610809326,18.446435928344727,5.524972915649414,10.312972068786621,2.1665356159210205,11.491941452026367,-3.5857274532318115,13.09896469116211,-6.070073127746582,14.89391803741455,-0.4151217043399811,10.14255428314209,-3.316213846206665,11.037262916564941,0.5001399517059326,0.48460495471954346,0.527199387550354,0.5346881747245789,0.5230692625045776,0.5628170967102051,0.5142054557800293,0.5043799877166748,0.4882851541042328,0.5005375146865845,0.50423264503479,0.495108962059021,0.050083206863035315,0.046788575099131986,2349.7094141497214,1753.4791651488547,3116.6270040761597,1471.2791238628988,4338.16603375145,3520.369984476904,0.06516345526392112,0.06908673312384256,15.18762471299783,7.01321220235662,10.723177502442606,4.791007034104479,14.574621111089552,4.67471725660262,14.953578381668342,4.103581285859255,17.1743696460801,3.0958443767066814,21.87501328621223,6.0623115572791235,28.24043029788181,4.535314053020545
vocals,102.5,107.5,-378.55328369140625,136.27320861816406,118.95153045654297,85.56671905517578,3.3448832035064697,33.614864349365234,15.531135559082031,27.05635643005371,14.75758171081543,17.45078468322754,17.07741928100586,17.80644989013672,-0.7113862633705139,17.79265594482422,5.605805397033691,10.69627571105957,3.0865657329559326,10.50202751159668,-1.126165747642517,13.644707679748535,-6.3641252517700195,15.106376647949219,0.8983060717582703,9.998710632324219,-4.991684436798096,13.316401481628418,0.501022219657898,0.48878079652786255,0.5186107158660889,0.5311316847801208,0.5023706555366516,0.5529676079750061,0.5164018869400024,0.5041346549987793,0.5168484449386597,0.5376101136207581,0.5227410197257996,0.5081503987312317,0.050309931644134,0.05155110368842557,2490.7033348734526,1770.313306875905,3385.9817398865966,1511.9373731682854,4707.677797817575,3718.117749073271,0.06743945765661252,0.07004124517611572,14.466384585462698,6.618519558972103,10.733049888012111,4.203208062039341,14.66999486465424,4.990673525429642,14.863010606902344,3.8171187072696875,17.05516414772105,2.891841102671009,21.125880244096024,5.9255433034983795,28.18313355031331,4.88882304833707
vocals,105.0,110.0,-354.3887023925781,124.20266723632812,151.74996948242188,80.8054428100586,-6.25407075881958,33.70005798339844,14.461840629577637,35.58259582519531,16.011192321777344,19.729076385498047,22.74639892578125,19.206132888793945,-2.640343427658081,17.592533111572266,2.6436867713928223,11.088777542114258,-1.2572029829025269,13.4395170211792,-2.515866756439209,14.731870651245117,-6.420083999633789,12.7699556350708,-1.2508738040924072,10.44692325592041,-11.784197807312012,13.328612327575684,0.3894365727901459,0.3848689794540405,0.42809799313545227,0.44704195857048035,0.4933602809906006,0.5793012976646423,0.5113139748573303,0.4532506763935089,0.47084030508995056,0.4528052508831024,0.4143258035182953,0.39605972170829773,0.060908518447173356,0.046132429437549784,2142.286787457623,1499.7885873265977,2741.1278638415774,1178.540063844703,3768.710235100058,2835.741184393212,0.05520523673143851,0.05495388473532102,17.06264390712675,7.483890048168879,11.078159343299301,4.173625995542085,15.691170238475376,5.0821911542712,15.390913786340741,4.21521686778707,17.67486718551913,3.049768470262471,21.22215731843477,5.357542536573355,28.786163993920315,4.632475427846623
vocals,107.5,112.5,-359.0506896972656,111.38867950439453,162.2865447998047,74.12565612792969,-3.0213210582733154,29.41879653930664,8.577569961547852,31.77424430847168,16.021839141845703,19.883007049560547,20.97618865966797,20.62447166442871,-6.934932708740234,19.172231674194336,2.150095224380493,11.98239803314209,-0.042075950652360916,12.715972900390625,-1.9729002714157104,14.078011512756348,-6.189839839935303,12.093399047851562,-3.6975855827331543,9.531730651855469,-10.254673957824707,12.003494262695312,0.34373101592063904,0.3656519949436188,0.4127586781978607,0.44361966848373413,0.5183813571929932,0.6311344504356384,0.5672335624694824,0.4467376172542572,0.430326372385025,0.4336681067943573,0.40639692544937134,0.3516491651535034,0.05648435345159956,0.044874220944416385,2026.3118527947893,1417.5738328009793,2654.693934964642,1065.2935677380665,3575.510939312645,2807.2714028951577,0.05211014537412993,0.05002714264154891,18.446996161127387,7.752027298704757,11.02909940577318,3.807825609677758,15.49843888554051,4.3427535528672045,16.012877191957543,4.436524039157029,17.725517571179495,3.319901040083811,21.737562760273367,5.7551081626151275,28.209926514151412,4.304107609725719
vocals,110.0,115.0,-356.462890625,101.68930053710938,154.09217834472656,78.6727066040039,-6.820098400115967,36.51300811767578,11.378459930419922,32.83036804199219,15.327919006347656,18.789228439331055,22.148723602294922,17.49523162841797,-2.1909358501434326,19.78917121887207,4.827173233032227,11.099617004394531,0.0951140895485878,10.079843521118164,-7.006856918334961,15.961074829101562,-7.69962215423584,13.26915168762207,-4.119754791259766,11.315241813659668,-8.659542083740234,12.3216552734375,0.3368699848651886,0.35465380549430847,0.3825650215148926,0.4241052567958832,0.4682749807834625,0.5406830906867981,0.5365035533905029,0.44757914543151855,0.4357321858406067,0.46226516366004944,0.475376695394516,0.38711458444595337,0.056565412456869836,0.0476992468206191,2238.4238011639677,1603.7910261843003,2673.0877967602287,1049.9865654404707,4009.372507613109,3018.1429041740057,0.05847932678364269,0.05776650522107955,17.41893058573806,7.2878172759826345,11.170005194869647,4.138241517082213,16.47258628469123,5.091493848090844,15.91799049784781,4.192270230089488,17.7189116562927,3.5303262719067323,21.57149893275216,6.162455475471073,28.847760414853838,4.264419658549566
vocals,112.5,117.5,-366.3333740234375,108.16486358642578,129.14451599121094,88.24667358398438,-10.341584205627441,36.493499755859375,16.315387725830078,36.362831115722656,15.767901420593262,16.30950927734375,23.31827735900879,15.952402114868164,7.475393772125244,15.862537384033203,6.016409873962402,8.49313735961914,-2.727277994155884,9.685736656188965,-9.770919799804688,16.3392391204834,-4.988524913787842,12.253172874450684,-2.7557337284088135,11.078081130981445,-8.95068359375,11.652498245239258,0.3897688388824463,0.38240766525268555,0.41196906566619873,0.4544174373149872,0.48420393466949463,0.5508354306221008,0.5354608297348022,0.47209200263023376,0.46915334463119507,0.4849810302257538,0.4662032425403595,0.4467433989048004,0.050044006474770975,0.046095477043897284,2643.7725272892453,1806.6908878809434,2919.5242939594805,1285.0211919126277,4786.81606637906,3380.4171513299543,0.07644490465487239,0.07276452450808868,16.252613250564572,7.309231818207219,10.385493474856757,3.8096374091712812,16.462910569876907,5.475129960819326,15.34453379741309,3.570780573347033,17.83869096054594,3.281577831329975,20.32197743016,5.746896962793366,29.108286803384782,5.034994441123974
vocals,115.0,120.0,-351.8093566894531,108.38262939453125,115.45468139648438,84.9198989868164,-4.624955177307129,30.58577537536621,19.44542121887207,35.75495147705078,17.46320915222168,16.413806915283203,20.754318237304688,16.94181251525879,5.300275802612305,17.53861427307129,3.7740988731384277,9.503778457641602,-1.6570522785186768,12.009774208068848,-8.791069984436035,17.374399185180664,-5.219666957855225,12.752992630004883,-0.1717349737882614,10.047015190124512,-6.536352634429932,10.180953979492188,0.4382745623588562,0.4707140028476715,0.4760284721851349,0.501948356628418,0.5260944366455078,0.5403398871421814,0.5215772986412048,0.4749331772327423,0.44321444630622864,0.4524245858192444,0.45967942476272583,0.46893197298049927,0.05335502443552069,0.06096636418803189,2807.753311570242,1869.2716574419364,3119.519786758773,1270.2793871053314,5158.775920823666,3571.1009206152994,0.07779419228538283,0.07215905418219573,15.735733801092076,6.898809263279643,9.987703470042094,4.068683875963805,15.379793597620354,5.604755198089124,15.158340999775682,3.6230296733501413,17.6097615369003,3.1544230150884136,20.77021294007114,6.1784937349544125,29.334827428747523,5.191654466681599
vocals,117.5,122.5,-330.1258850097656,91.70886993408203,133.6400604248047,76.68009948730469,-1.250264048576355,37.025325775146484,25.636415481567383,36.25379943847656,22.273771286010742,20.911836624145508,18.268798828125,17.13216209411621,0.3839877247810364,18.525196075439453,0.6338778734207153,11.132147789001465,0.07871825248003006,13.235198974609375,-7.272343158721924,17.1897029876709,-6.688510894775391,13.491931915283203,-2.535205602645874,11.007756233215332,-8.098211288452148,11.285677909851074,0.4202378988265991,0.43241164088249207,0.4516366124153137,0.46967047452926636,0.5010815262794495,0.49951305985450745,0.47830045223236084,0.43710780143737793,0.40322670340538025,0.4372183382511139,0.4574453830718994,0.4615708589553833,0.06260507706222676,0.058154882974175814,2311.750308627846,1744.4406591039658,2656.3860574790133,970.5897703507769,3997.63166600203,3095.5851297104414,0.05954878734048724,0.06230967528112469,18.227736079258605,7.4058483873424015,10.233584093125751,4.196037553259794,16.040603659228935,5.392554543296628,15.696446872698663,4.428032006687536,17.718555068183395,3.287941172859061,21.722264329323686,6.391977501109127,29.856091967451434,5.027408396531575
vocals,120.0,125.0,-345.8113098144531,90.82960510253906,156.264892578125,78.94943237304688,-6.20379638671875,40.026668548583984,29.38393211364746,38.007652282714844,15.607315063476562,24.52640724182129,17.302444458007812,17.166152954101562,2.0524039268493652,18.49004364013672,2.290001153945923,10.85053539276123,-1.6448702812194824,12.160686492919922,-6.966895580291748,14.383599281311035,-7.58230447769165,12.94432544708252,-4.629586696624756,10.085784912109375,-8.657017707824707,12.17952823638916,0.4127280116081238,0.39420628547668457,0.45938265323638916,0.5040888786315918,0.5045433640480042,0.5183031558990479,0.4774254560470581,0.3981224000453949,0.37750646471977234,0.43083760142326355,0.4378117620944977,0.4559308588504791,0.055370118060263235,0.03610668011499675,2024.480934767825,1581.5805618517327,2379.825550861393,942.0922873426043,3330.8018235208815,2569.962541267706,0.05523129350348028,0.06173461070871666,19.56018043128825,7.229247811121028,9.976397631160356,3.940363280438837,15.752972163801669,4.503260825048685,15.301098360161852,4.07966855674151,17.994308938316337,3.4239065138575815,20.790872575082844,5.625815242165136,30.508423369277992,4.867501727609034
vocals,122.5,127.5,-373.6899719238281,118.83643341064453,154.84719848632812,78.31381225585938,1.8403114080429077,37.63846969604492,28.22067642211914,35.46394729614258,13.018844604492188,19.716766357421875,17.414716720581055,18.426469802856445,3.769049882888794,19.10260009765625,7.24560546875,11.701971054077148,0.4380662441253662,10.553309440612793,-1.7717922925949097,14.209881782531738,-7.737102031707764,15.008039474487305,-2.7263684272766113,11.805513381958008,-4.454738140106201,12.571792602539062,0.4784232974052429,0.47173112630844116,0.5215958952903748,0.5617495179176331,0.5587101578712463,0.5758748054504395,0.5261361002922058,0.45609384775161743,0.44744569063186646,0.47138160467147827,0.491327702999115,0.5055097341537476,0.04994359279945201,0.037123619539452424,1946.2504535905978,1501.8009066295886,2590.3268318186265,1063.4699268719285,3301.824427204176,2714.047111632494,0.04782550572795824,0.05705594122859866,17.490529985967306,6.097826296117179,10.301847767439401,4.076961551254314,15.012291880105561,4.395363180825905,15.533777022088884,3.8571248099708124,17.632873592557544,3.3880597182832624,19.758556557096973,4.945899634668325,28.907887189905964,5.032585227804632
vocals,125.0,130.0,-365.3304748535156,111.08072662353516,159.8889617919922,65.20490264892578,9.97225284576416,35.967254638671875,22.680688858032227,32.67764663696289,21.77760124206543,17.82322883605957,20.60545539855957,18.67635726928711,-2.000636339187622,20.92072296142578,4.815008640289307,12.146817207336426,1.6424305438995361,9.960125923156738,-0.2613033950328827,12.813379287719727,-6.511035442352295,13.918755531311035,-1.310656189918518,11.661869049072266,-4.511643886566162,12.16672134399414,0.4248661398887634,0.4244418740272522,0.48776063323020935,0.5404707789421082,0.6123036742210388,0.6331298351287842,0.5686430931091309,0.5146251320838928,0.5189576745033264,0.4968961179256439,0.4542064368724823,0.45559924840927124,0.05074695089190179,0.03734912099350621,1724.0013798818804,1211.485426452574,2646.9731548531186,984.6179491301511,3043.3260676479117,2666.1079385461903,0.03382848752900232,0.036030284975810366,16.99771231152034,5.422113157603692,10.30943322708224,3.7863146028583934,15.541376804016654,5.000342457907554,15.639592071766094,4.149971020171486,17.33643530841179,3.3147371417511327,20.36538144206709,5.241545735415206,27.93304213847868,4.081295504544685
vocals,127.5,132.5,-352.1383361816406,81.6451187133789,166.5126190185547,65.27570343017578,4.853666305541992,39.60015106201172,25.358179092407227,36.276092529296875,19.04496192932129,21.105236053466797,15.677347183227539,20.200923919677734,-5.42319393157959,21.441499710083008,1.1154581308364868,12.092318534851074,0.32156264781951904,10.840957641601562,-2.1497762203216553,13.060640335083008,-6.670777320861816,11.133828163146973,-0.6073977947235107,10.992096900939941,-4.553554534912109,9.566003799438477,0.3679044246673584,0.4134518504142761,0.4911063313484192,0.5556758642196655,0.5713332295417786,0.5726666450500488,0.5327414870262146,0.4916869103908539,0.48292529582977295,0.47391384840011597,0.399944543838501,0.3624836206436157,0.049042817580231664,0.03278474381546475,1871.339665047692,1356.6116131947697,2493.754409196385,973.1029004766068,3200.2036959831785,2749.318526732637,0.04354653059744779,0.047081914864018685,17.651748995947745,5.754661182146876,9.978696088118102,3.7390036680757106,15.372083516670445,4.6566747447401955,16.343798574809476,4.889317132956925,17.399383011142195,3.5363618547349525,20.917942463228414,5.380150150852828,28.90038776132643,4.098883375989295
vocals,130.0,135.0,-358.5087585449219,90.49139404296875,145.80406188964844,69.27936553955078,2.8692357540130615,39.40206527709961,36.33382034301758,34.35261917114258,20.075475692749023,20.92021942138672,14.611262321472168,21.128192901611328,-0.731086015701294,21.09612274169922,2.700408697128296,13.538887977600098,0.4612939655780792,10.584240913391113,-0.6160601377487183,14.326226234436035,-3.1192691326141357,13.274985313415527,1.380092978477478,10.625421524047852,-3.369666337966919,10.948678016662598,0.45440542697906494,0.4820794463157654,0.5398222804069519,0.5723522305488586,0.5319187045097351,0.5566525459289551,0.5561333894729614,0.4975493848323822,0.4551789462566376,0.4655117392539978,0.4282150864601135,0.4183058738708496,0.05010148239880584,0.03914769272440857,2093.1047942720443,1604.2544130359793,2586.165185640676,959.1010779923465,3609.7842046113688,3017.4184916516647,0.048330780524941996,0.05498336779636894,17.365360231017505,5.362713096523045,11.045402107921573,4.602385846072315,15.15981239916721,5.1026314163288315,16.106914391695913,4.969345514922244,17.159188486610248,3.2719144848005697,19.978692669162537,4.893388089145746,29.352919201048756,4.49369846107094
vocals,132.5,137.5,-342.3385925292969,104.27633666992188,143.28282165527344,75.71449279785156,-5.940906524658203,38.36452865600586,28.134002685546875,35.283267974853516,18.857479095458984,19.741985321044922,18.55377197265625,18.93644142150879,-3.2102673053741455,19.740325927734375,4.724573612213135,12.501664161682129,-2.102194309234619,11.919858932495117,-0.7514867186546326,14.54135513305664,-5.091792106628418,14.453604698181152,1.9547064304351807,9.932502746582031,-4.441071510314941,11.951775550842285,0.43833521008491516,0.490376353263855,0.5170211791992188,0.5201578736305237,0.5619376301765442,0.5753360986709595,0.512995719909668,0.448701411485672,0.4198189973831177,0.4207596778869629,0.4877315163612366,0.481456458568573,0.05743624642410309,0.0437083834087564,2254.3893761028903,1673.6665286068271,2706.2057452808926,926.8769750638746,3892.1639356148494,2989.193318613522,0.05411538391821346,0.061030027584442405,17.829371842325642,5.810558949268404,10.949877714778955,4.08192428580818,15.196975686903906,4.9098006634693885,15.777978812028472,4.370527120146591,16.92241299458685,3.229451605621963,20.507638902099636,5.250018905003091,29.801941237694646,4.695178161915479
vocals,135.0,140.0,-363.55413818359375,118.54521179199219,148.0027313232422,80.18745422363281,-8.961912155151367,38.726966857910156,16.514114379882812,30.978239059448242,14.259604454040527,15.795157432556152,16.91791343688965,16.32297134399414,-5.563453674316406,20.09909439086914,4.727025985717773,11.884273529052734,0.08052335679531097,13.469247817993164,1.176135540008545,13.232002258300781,-4.509338855743408,15.126982688903809,3.0687334537506104,10.929939270019531,-2.371511697769165,13.846129417419434,0.5117888450622559,0.5012246370315552,0.5435107946395874,0.5421449542045593,0.5608018636703491,0.5764712691307068,0.5218700766563416,0.45649608969688416,0.42511340975761414,0.41911566257476807,0.5199541449546814,0.5884762406349182,0.04826011469173342,0.04372992357473302,2293.8300003560917,1659.7730481233102,2774.362505775669,990.8860092447554,3925.1382141821346,2880.559234588847,0.05844647259280743,0.06085619331355511,16.376475645925538,5.852790247625652,9.76632985484488,3.626863992932238,13.608183992977839,4.399917392282867,15.704592919705133,4.13841401687323,16.519576315971648,2.9332690786917848,20.433697805284567,5.4694983930609915,28.666808981836937,4.492652534709315
vocals,137.5,142.5,-366.86065673828125,112.4841537475586,146.71714782714844,77.16266632080078,-8.684914588928223,33.217159271240234,21.486907958984375,31.16110610961914,16.510704040527344,17.205537796020508,20.272640228271484,15.6553373336792,-1.2325739860534668,19.8923397064209,3.9326868057250977,11.758257865905762,1.2267261743545532,12.128456115722656,-3.640580177307129,16.02983856201172,-2.7176334857940674,14.325215339660645,2.0594677925109863,11.779170036315918,-2.6827774047851562,14.164999961853027,0.510805606842041,0.5051690936088562,0.49948176741600037,0.5302004814147949,0.5570183992385864,0.5530607104301453,0.5036026239395142,0.471820592880249,0.4674313962459564,0.48917511105537415,0.5343713760375977,0.5526054501533508,0.04566132782617035,0.040325841895867166,2234.792352495287,1632.1047805144217,2719.97192413414,1006.6432349312815,3922.3903576348607,2788.0078648165004,0.05455495033352668,0.05887742783082224,16.523787119614962,6.43704580957184,10.018490250513434,3.98358836505853,14.38162909058831,4.828612141652931,15.369586621586802,3.8608923729429088,16.683637292658805,2.9822244132126645,21.22849293939384,5.80750919738729,29.07799196880857,4.53821487707863
vocals,140.0,145.0,-343.57952880859375,83.29353332519531,162.09701538085938,70.8368148803711,-7.825098037719727,32.403663635253906,20.911684036254883,32.45481491088867,13.731200218200684,19.617246627807617,18.462223052978516,17.406557083129883,-3.5505869388580322,18.251914978027344,1.6073261499404907,10.600459098815918,-1.9609864950180054,11.339433670043945,-7.58684778213501,15.074554443359375,-4.875056743621826,11.54987907409668,0.2008073925971985,10.963155746459961,-7.232596397399902,10.506336212158203,0.4070122241973877,0.42521533370018005,0.4955611526966095,0.5365007519721985,0.5523459315299988,0.5241193771362305,0.4662603735923767,0.4502823054790497,0.4867149293422699,0.4952167272567749,0.5080785155296326,0.4434485137462616,0.04723372896561959,0.03448516903839564,2146.432607544999,1563.9408429342147,2569.2796603281995,975.8101497413525,3795.689190291473,2858.090238807268,0.053373332366589324,0.05450117383917329,17.122022197367844,6.584326219055472,9.374964393795432,3.557351665366061,14.878268952058553,4.53713311042957,14.928434448520552,3.9502842251618198,17.51482708364215,2.874650882231581,21.199088515485187,5.73441005197879,29.648304804359487,4.2896377342058765
vocals,142.5,147.5,-503.4857482910156,160.46995544433594,101.64183044433594,93.39990234375,3.0179686546325684,28.503971099853516,12.238353729248047,22.091693878173828,8.154393196105957,14.965523719787598,12.17838191986084,14.880786895751953,-1.7988762855529785,14.758933067321777,2.531355142593384,7.824286460876465,0.5099291801452637,9.430821418762207,-1.3415313959121704,10.775683403015137,0.18316976726055145,8.378632545471191,2.3321404457092285,8.122212409973145,-2.8067007064819336,9.68268871307373,0.49336856603622437,0.4578933119773865,0.4956367313861847,0.5758809447288513,0.6606877446174622,0.7071824669837952,0.5360875129699707,0.5524365901947021,0.51080721616745,0.5335989594459534,0.5776458382606506,0.542879045009613,0.021041327573785035,0.02949722260845051,4116.169610378102,3140.385717746603,4750.3740803298,2740.3732969181387,9436.139383338166,8218.017828598598,0.22903222882830626,0.26894067400520716,15.322610146468202,5.890044831129686,9.170873560269612,3.265299579519379,12.688169625448058,4.078716749858608,14.54321032423149,3.667201886945387,15.785825198475228,3.3096531107473757,18.239970125352635,4.83515081472193,25.053000698466334,4.865147268757018
vocals,145.0,150.0,-580.3792114257812,137.49998474121094,45.98320770263672,76.54527282714844,2.809213161468506,19.675582885742188,5.256941795349121,13.897135734558105,6.40773344039917,10.328133583068848,8.778726577758789,15.869074821472168,-0.23325753211975098,11.291115760803223,1.1837210655212402,8.413177490234375,1.1569370031356812,6.481661319732666,-0.11590363830327988,7.914146900177002,-0.30453893542289734,7.865960121154785,0.5486903190612793,6.997157573699951,0.012226291000843048,8.426416397094727,0.4385625123977661,0.39095109701156616,0.3990872800350189,0.4553459882736206,0.5675370097160339,0.835348904132843,0.4740463197231293,0.4948298931121826,0.4486311674118042,0.4815410375595093,0.43550053238868713,0.43484440445899963,0.013845007348905402,0.03209608057473823,6238.986536770089,3201.8762721641106,6716.76239339267,2635.4342468881478,15229.420361441415,8311.984242149758,0.49527805974477956,0.35505735775465797,15.568719968946398,5.5579843598984215,9.239858982144382,4.09862616377368,12.760139953080289,4.765051580954055,14.500788586059452,3.102016744565524,14.422010023307642,2.969481802899599,17.468803997842205,5.881410772619704,23.475864961507263,3.878858716922856
vocals,147.5,152.5,-409.6969299316406,146.8234405517578,121.34516143798828,95.93697357177734,-4.857376575469971,30.84734535217285,6.946937084197998,26.340425491333008,13.92879581451416,17.30277442932129,15.224875450134277,18.710317611694336,-4.606517791748047,14.747284889221191,-1.3628993034362793,10.463488578796387,-0.7342174053192139,8.336448669433594,-5.822263240814209,12.657896041870117,-5.571223258972168,10.42795467376709,-6.009612083435059,10.364360809326172,-5.456634044647217,9.878643035888672,0.3054600656032562,0.3017542064189911,0.3348290026187897,0.363654762506485,0.4051711857318878,0.6562869548797607,0.4458024203777313,0.3990704417228699,0.3747463822364807,0.38538745045661926,0.3353372812271118,0.3208516836166382,0.045775391016623236,0.04580621468876036,4006.8649617546985,3431.8664321757565,4396.918995843634,3101.6961413909085,9169.897064421404,8945.467895453525,0.3093346686484919,0.38963991196957515,18.727527742897493,6.220779503439565,10.587887629484364,4.528484983022237,15.514911315436315,5.544803659081292,15.15271996810463,3.568962616814104,16.057451627180164,3.4114165320556338,20.306441557457138,6.743003993213751,27.057064005669975,4.068279043656318
vocals,150.0,155.0,-303.3732604980469,78.41764068603516,172.65066528320312,75.00199890136719,-12.699009895324707,37.98698806762695,16.692073822021484,36.19565200805664,16.886030197143555,18.41979217529297,19.88954734802246,16.376955032348633,-2.8693034648895264,19.051124572753906,2.4887382984161377,10.577052116394043,-2.1219589710235596,10.132463455200195,-8.33679485321045,15.053611755371094,-6.9997429847717285,11.685821533203125,-4.465088844299316,11.336234092712402,-6.845526218414307,10.960611343383789,0.3271827697753906,0.3590223789215088,0.40732237696647644,0.41711461544036865,0.46607694029808044,0.5311194062232971,0.4909096658229828,0.4299764335155487,0.40885525941848755,0.39889413118362427,0.35176146030426025,0.3393115699291229,0.07803579219163173,0.0541725524485076,2008.2558298547453,1551.0536008151864,2307.5612862992143,941.2567459489809,3430.6739187572507,2685.9237238760097,0.05307424593967518,0.056596528054573846,18.44386547011146,6.469687981631524,10.858379991586235,3.9969182832540606,16.334894188005514,4.788512378038655,15.088919628936722,3.851172091178511,17.321427885795497,3.1066658061435484,22.294549741979885,6.114825056515226,29.545290564874897,4.304214246907594
vocals,152.5,157.5,-317.22845458984375,106.22799682617188,158.20217895507812,85.47686004638672,-11.319659233093262,36.6490364074707,13.908219337463379,36.5086555480957,9.57009506225586,18.407949447631836,18.19239616394043,16.08172035217285,0.23485347628593445,19.728567123413086,4.330348968505859,10.388102531433105,-0.1808958798646927,11.810075759887695,-5.904869079589844,14.013326644897461,-7.826330661773682,11.466474533081055,-0.7693447470664978,9.261577606201172,-6.657378196716309,11.178532600402832,0.3826519250869751,0.4120677411556244,0.4703095555305481,0.49064403772354126,0.5253964066505432,0.5812828540802002,0.5002263188362122,0.40118151903152466,0.4045586585998535,0.415029376745224,0.3990579843521118,0.40038228034973145,0.07460556704430245,0.05903215898385332,2383.6775228932297,1807.9857028652855,2620.8732927306028,1199.0844603800076,4143.218101979408,3291.547927805963,0.06573103973317865,0.06367195698315412,16.504122077414685,6.812727985752459,10.683810835275644,4.0513507907009405,14.950035214640254,4.686445117176117,15.260348016936108,3.911236854869153,17.121682610373128,2.953534056392155,21.586566658963292,6.063960666816035,29.584908649017308,4.523015347933288
vocals,155.0,160.0,-352.9380187988281,113.14913177490234,149.26817321777344,85.57022857666016,-3.1013457775115967,36.48664855957031,14.467289924621582,35.41741180419922,10.453767776489258,20.048622131347656,21.038362503051758,16.60991096496582,1.9056921005249023,18.739904403686523,2.05137038230896,12.229259490966797,1.7986259460449219,10.879425048828125,-4.8414411544799805,13.457311630249023,-5.607381820678711,12.212634086608887,-1.7385519742965698,7.921047210693359,-8.249879837036133,10.247611999511719,0.4571840465068817,0.4282316565513611,0.44652655720710754,0.4586026072502136,0.49534398317337036,0.6143130660057068,0.576197624206543,0.45969125628471375,0.42988795042037964,0.41972169280052185,0.43101513385772705,0.4911981225013733,0.06139107577049896,0.05411453635828034,2508.9006929292177,1924.5557395734666,2815.0776637994913,1410.535258487983,4549.551143779002,3747.640224984375,0.07282301334106729,0.07121847860082034,16.040622781664126,6.648635646969335,10.195280510479234,3.8616993252649006,15.072082855622023,4.435566502854403,15.689148668021424,4.109436639106413,17.23652109728513,3.248512746136805,20.62895983494706,5.608259639232473,29.391249526379916,4.774057698881171
vocals,157.5,162.5,-360.66094970703125,120.5949478149414,143.69125366210938,85.69903564453125,-7.700101375579834,36.301231384277344,16.316438674926758,36.05818176269531,20.198810577392578,19.056169509887695,25.725778579711914,17.255550384521484,0.8761498332023621,17.96902847290039,1.2206802368164062,11.812705039978027,-1.962886929512024,9.680607795715332,-5.539844036102295,13.459473609924316,-0.5857848525047302,11.38583755493164,-0.4532411992549896,7.8073296546936035,-7.0989909172058105,10.720280647277832,0.43186166882514954,0.4276284873485565,0.4746864140033722,0.5036964416503906,0.5383468866348267,0.6168245673179626,0.5615590810775757,0.47163209319114685,0.4544467329978943,0.4331511855125427,0.4349145293235779,0.4824473559856415,0.06333150995541834,0.05579964002478373,2420.477004816508,1775.1657873773877,2811.674445451207,1469.0695667024029,4460.120903422274,3706.6673315476305,0.07796186194895592,0.0815863361758853,16.62820592319487,7.058943697004453,9.956839841989336,3.509892346261338,15.683513848381986,4.591160132191318,15.449415563145813,3.9029557519855933,17.523130175404585,3.4108197162335476,21.200085904542913,5.521284156672038,28.879934144646143,4.551194154093353
vocals,160.0,165.0,-318.544921875,108.85345458984375,161.56829833984375,82.74700927734375,-10.133228302001953,35.63407897949219,15.78947925567627,34.88926696777344,20.018110275268555,16.82845115661621,20.437116622924805,21.152318954467773,-5.7938947677612305,17.886648178100586,4.154657363891602,10.914567947387695,-1.5206291675567627,11.169529914855957,-8.433012008666992,13.714536666870117,-3.2589054107666016,11.81794261932373,-0.9213257431983948,10.293615341186523,-8.729961395263672,11.106732368469238,0.4099200367927551,0.40262675285339355,0.45245468616485596,0.521165668964386,0.5119163990020752,0.5041173696517944,0.4976423978805542,0.4716534912586212,0.45861032605171204,0.45863693952560425,0.4436984658241272,0.44111719727516174,0.08199904458793804,0.05969664551978637,2107.0921402911763,1589.444392720635,2541.3673805734657,1287.8843343148021,3803.033461426914,3322.7861448452054,0.06433417017111369,0.0711620852942109,17.764114217124174,6.798667186284887,10.335813798842514,4.079433509923651,15.849865787259903,4.904035210258349,15.5917076291559,3.9543216198334226,17.199540236053412,3.1880337819439055,22.139983064632894,6.1087857549464495,28.63995559678883,4.571834339316923
vocals,162.5,167.5,-289.5270690917969,72.33638000488281,174.951171875,81.82939147949219,-6.6564507484436035,39.44398498535156,14.884543418884277,33.77634048461914,11.954717636108398,17.332029342651367,18.273944854736328,22.292232513427734,-6.97092866897583,18.525123596191406,4.452510833740234,12.720536231994629,1.3705695867538452,11.075926780700684,-7.44338321685791,14.932273864746094,-7.704146385192871,12.311710357666016,0.04467001557350159,11.030843734741211,-7.776854515075684,12.275795936584473,0.43790119886398315,0.39737653732299805,0.42572206258773804,0.48412179946899414,0.5113951563835144,0.5035688281059265,0.500403881072998,0.4673054814338684,0.4408596158027649,0.4450591206550598,0.44678953289985657,0.4467756748199463,0.09060872272262026,0.0597000683603153,2072.9093903971734,1742.171386036949,2386.5820319405625,1118.2482146430104,3634.4649525087007,3227.519938940155,0.05395904328596288,0.057517365813860744,17.911161629484287,5.874259963262404,10.377501600688737,4.209652417150547,15.491173803803665,5.026192827373472,15.95977758211302,4.763986763239389,17.381278959554503,3.375351912667383,22.049308331002283,6.051059958841112,29.291360050544622,4.661295606181918
vocals,165.0,170.0,-298.0663757324219,85.12057495117188,159.0652618408203,86.62157440185547,-9.812682151794434,37.22385787963867,19.564735412597656,35.459388732910156,11.69456958770752,20.71213722229004,21.2188720703125,19.616830825805664,-2.048818588256836,19.884611129760742,3.053239583969116,11.670167922973633,-1.3251692056655884,11.31332015991211,-4.655840873718262,15.171988487243652,-8.885920524597168,11.657541275024414,0.19540482759475708,10.961796760559082,-5.318014621734619,11.698504447937012,0.44170501828193665,0.39419952034950256,0.4588037431240082,0.5435317754745483,0.5467827916145325,0.5760915875434875,0.5434989333152771,0.47344279289245605,0.45431238412857056,0.44045165181159973,0.4249594807624817,0.44295814633369446,0.07997165174761532,0.05847299406030373,2426.3153346450263,1981.7525323920497,2643.7012402942682,1177.2242410980286,4222.0566043721,3557.211745791383,0.06458227595707657,0.0713542671315575,17.60506436446517,5.891084782601216,10.136430098510914,3.9133076192039575,15.248315136604806,4.419311986230947,15.370283017944006,4.510663285954826,17.06437112033747,3.32930774926734,20.958473719433155,5.4336694727382735,29.25091376425717,4.80927175841509
vocals,167.5,172.5,-339.09832763671875,119.52953338623047,141.4813690185547,79.91618347167969,-12.882667541503906,35.85182189941406,23.492908477783203,34.26807403564453,14.162884712219238,21.548442840576172,19.829978942871094,17.24970245361328,4.122194766998291,21.296354293823242,7.086910724639893,12.235786437988281,-1.7770843505859375,10.953896522521973,-1.7599151134490967,14.32939624786377,-3.28096866607666,13.754886627197266,1.5423977375030518,12.628445625305176,-2.495565891265869,10.701559066772461,0.47934362292289734,0.45463451743125916,0.4849396049976349,0.5544700026512146,0.538471519947052,0.5525662302970886,0.5314818620681763,0.5151522159576416,0.5355325937271118,0.5043231844902039,0.4491277039051056,0.45638662576675415,0.06589020573449798,0.06405394000804136,2341.974773787565,1788.7237878430255,2670.665186741202,954.905811982764,3983.043045787413,3091.821754564284,0.06178853683294663,0.0672313955204323,16.840935785697585,6.898266714961636,10.617476266624449,3.987812318070154,14.302481692822948,4.120296884523789,14.985850044105787,4.177605684859034,17.289146581141292,3.169121822026082,20.716380240557932,5.193665742856004,28.837240992630264,4.660943613740486
vocals,170.0,175.0,-325.31787109375,117.46270751953125,156.68759155273438,73.57228088378906,-3.561863422393799,37.8852653503418,12.75082015991211,29.367109298706055,15.486076354980469,19.498231887817383,21.501914978027344,16.78675651550293,-0.28287968039512634,21.700260162353516,5.348198890686035,14.050491333007812,0.6097320318222046,10.965801239013672,-0.9461597800254822,13.726821899414062,-2.7087748050689697,13.926765441894531,-1.6390745639801025,13.396223068237305,-1.7879048585891724,11.162602424621582,0.4834429621696472,0.4648646414279938,0.49542054533958435,0.5375761389732361,0.5732521414756775,0.5828709006309509,0.5088871717453003,0.4912986755371094,0.5104671716690063,0.48076528310775757,0.4054584503173828,0.43470701575279236,0.07887731449572659,0.06867095343650378,1844.0664173871103,1274.8541800408047,2477.5670730998822,811.5822443296148,3077.499410890371,2316.597824838102,0.043561258338167055,0.04533575835509791,17.23562848181259,6.35326045795803,10.423089834759548,3.662760955844011,14.22393297410389,4.318355278329417,14.806934977182216,3.9026330140783476,17.515201831746666,3.1069090405471385,20.685075060801232,4.755939375113181,28.528964281995734,4.090740029140948
vocals,172.5,177.5,-303.00341796875,102.12747192382812,162.39686584472656,76.00038146972656,-5.338587760925293,36.20136642456055,10.550219535827637,31.628149032592773,12.480154991149902,18.928342819213867,23.09618377685547,17.906217575073242,-5.193345069885254,18.348297119140625,1.1693971157073975,12.021336555480957,-3.213878631591797,12.386301040649414,-5.780477523803711,14.824734687805176,-8.036240577697754,12.113563537597656,-5.716264247894287,10.356818199157715,-6.056560039520264,10.565781593322754,0.4337547719478607,0.41853612661361694,0.4619627892971039,0.5211457014083862,0.5421084761619568,0.5921598076820374,0.5029842257499695,0.4577810764312744,0.49689093232154846,0.5000669360160828,0.400263249874115,0.4115684926509857,0.08772385047774074,0.06904335092643546,2082.140176145964,1519.563163155385,2591.2393416283808,928.4202477476892,3522.3524053799306,2694.6520035247504,0.05374265878770302,0.05681370538297386,18.055097710819382,6.678090905598748,10.199818919821515,3.5751792774669107,15.39856599490166,4.557507369585059,14.717074450353964,3.759387493082795,17.655445093811174,2.9881024993246474,20.877193060570544,4.993427196001288,29.401020979516726,4.7818263577077555
vocals,175.0,180.0,-343.2251281738281,113.14430236816406,131.9165802001953,80.80486297607422,-13.277216911315918,35.969993591308594,17.2100772857666,36.71133041381836,13.130895614624023,19.390466690063477,19.619951248168945,18.253984451293945,1.296059250831604,18.107027053833008,3.6669201850891113,11.771060943603516,-3.464651107788086,12.022074699401855,-6.2887163162231445,14.658669471740723,-3.291760206222534,12.448315620422363,-1.9310730695724487,9.970210075378418,-4.894676685333252,9.808454513549805,0.43135082721710205,0.41722458600997925,0.4894489645957947,0.5616247057914734,0.5391607880592346,0.5600255727767944,0.49572959542274475,0.4611155390739441,0.49405133724212646,0.4867672324180603,0.4472905397415161,0.48335570096969604,0.06107047371091721,0.06168201261296409,2600.9722455386277,1701.7564686147318,2877.2204139995965,1081.6746171910547,4563.04062137471,3098.438491694256,0.07108627283932714,0.06185940000164862,16.33424588477021,7.017673777913985,9.537667689789442,3.517984080637887,14.246769833225853,4.258906154825626,14.545953366668465,3.3038124548426335,17.59930452591985,2.9703400714352868,20.69087664497017,5.468269842394413,29.566532308840834,4.968746257176618
vocals,177.5,182.5,-318.29901123046875,99.5354995727539,152.7882843017578,80.22986602783203,-13.705114364624023,38.12667465209961,20.4595947265625,34.36570358276367,13.600966453552246,20.2969970703125,15.019315719604492,19.491256713867188,-0.6921940445899963,17.633468627929688,5.951498508453369,10.676848411560059,-2.231358528137207,11.528841018676758,-6.570695400238037,14.437849044799805,-5.43612003326416,12.168293952941895,-2.539856433868408,10.335597038269043,-8.012141227722168,11.727337837219238,0.4087975323200226,0.4114376902580261,0.5021942853927612,0.5284880995750427,0.5049598217010498,0.5163826942443848,0.4791634678840637,0.406590074300766,0.37633201479911804,0.39609459042549133,0.44177019596099854,0.4454401433467865,0.06827738236181066,0.05036854586546668,2348.571004310714,1727.1301424267472,2624.952300552494,1108.7334614570216,4064.8792098680397,3214.3370458678014,0.06463552240429234,0.060692045395792774,17.29026975380385,6.960928379346845,9.215254641077061,3.3332614348871106,14.560110251426421,4.47024846860498,15.244476850622757,3.965461678312681,17.681846776489152,3.0599341840419774,21.853972595663922,5.782767703930963,29.763092986269566,4.692281577945655
vocals,180.0,185.0,-313.1636962890625,86.93958282470703,152.0389404296875,82.15534210205078,-14.341012001037598,43.13323211669922,21.879920959472656,32.64051818847656,13.812799453735352,19.442426681518555,10.96140193939209,19.834476470947266,-3.97951602935791,16.389467239379883,5.6727094650268555,9.987635612487793,-1.155692219734192,12.37890911102295,-4.2607622146606445,13.927502632141113,-7.2056965827941895,11.693892478942871,-3.023979663848877,10.879398345947266,-9.883051872253418,10.987789154052734,0.41919517517089844,0.4264967441558838,0.4695222079753876,0.488764226436615,0.449128657579422,0.46713972091674805,0.49563583731651306,0.44456592202186584,0.4137105941772461,0.44093140959739685,0.4480784237384796,0.45832642912864685,0.06807132816188505,0.05086669299904445,2389.4514929546544,1804.902628634712,2567.9440432227193,1039.6151689038222,4030.905710738109,3256.022031959749,0.0695217336136891,0.06721787007401217,16.256160763102358,6.6220828294017435,9.549199665341343,3.64736652432225,15.310923054701673,4.857022782366397,15.601819332907093,4.692860762122735,17.505904192877452,3.199969992433192,21.350973491847387,5.5577219259452315,29.776055917643777,4.8722465595830355
vocals,182.5,187.5,-330.0847473144531,104.01154327392578,145.08255004882812,85.39993286132812,-16.434852600097656,42.32999038696289,22.01410675048828,33.64854049682617,15.262375831604004,18.043418884277344,14.504764556884766,17.281557083129883,-6.932865142822266,16.710397720336914,3.835383415222168,10.109687805175781,-2.6397459506988525,14.114176750183105,-2.9437508583068848,12.795859336853027,-5.773379802703857,13.080093383789062,-1.6161630153656006,11.129162788391113,-6.827146053314209,9.874801635742188,0.3965415954589844,0.42653703689575195,0.48398932814598083,0.5006417632102966,0.4779006838798523,0.4950357675552368,0.4737938940525055,0.4358811378479004,0.42380276322364807,0.43609803915023804,0.4785471260547638,0.4452221989631653,0.0621610994838619,0.050147634358298075,2508.3210264731592,1789.4926244584537,2719.990754067664,1053.0833469520944,4260.226829865139,3257.301945146536,0.07212967662412993,0.06597781588764537,15.660129940784222,7.023066304074609,9.604937773569034,3.636447656276315,14.627875488025545,4.252532558087413,14.923932366411568,4.289256103830041,17.26176292588169,3.235309095902847,21.05356278950401,5.5928520582992,29.313522507030537,5.046146630308624
vocals,185.0,190.0,-355.7077941894531,130.06858825683594,132.83741760253906,89.83027648925781,-14.115848541259766,40.430198669433594,17.857479095458984,31.775863647460938,16.44220542907715,20.381141662597656,23.356552124023438,17.656415939331055,-0.4000564217567444,18.183963775634766,2.0985305309295654,10.698906898498535,-4.071493148803711,12.986374855041504,-4.217388153076172,13.230279922485352,-4.559629917144775,13.846473693847656,-0.3167296350002289,11.581750869750977,-6.477328777313232,12.154685020446777,0.4062805771827698,0.42835769057273865,0.4841896891593933,0.5382764339447021,0.5231702327728271,0.5371041893959045,0.4785608649253845,0.4495319128036499,0.44791483879089355,0.43661046028137207,0.42653152346611023,0.4270842373371124,0.06035859744645776,0.05281334114966433,2554.927103933182,1772.549895058009,2898.7816176333977,1137.736836046236,4448.829711064385,3173.1767616692423,0.07084269866589327,0.06659687816149118,16.22986291229692,7.380557391030946,9.742638077608108,3.707957844187965,15.127597349571554,4.895558152573147,14.502612168443639,3.616480470963066,17.50236366995938,3.3911214129328613,20.87847233926862,5.647413945082728,28.918469336965575,5.458402699836191
vocals,187.5,192.5,-382.694091796875,134.55030822753906,130.4942169189453,81.61820220947266,-7.982542991638184,42.42074966430664,19.186050415039062,29.853092193603516,15.520342826843262,21.792224884033203,22.941667556762695,19.151195526123047,4.249192714691162,17.453432083129883,5.482051372528076,12.565325736999512,-0.8543659448623657,11.521044731140137,0.43832212686538696,13.423624038696289,-1.6505417823791504,13.67262077331543,2.396782875061035,11.494150161743164,-4.531373023986816,13.761390686035156,0.49581554532051086,0.4979737102985382,0.5365868806838989,0.5605953931808472,0.539516270160675,0.5673934817314148,0.5073325634002686,0.47021397948265076,0.4841900169849396,0.4777197539806366,0.43674027919769287,0.45992758870124817,0.04990595091779726,0.048439424618422905,2359.7466087729567,1676.4563187521333,2909.091429335731,1076.0437623371174,4136.873051406613,3117.2869446488894,0.06120056010730859,0.0625132329563183,15.366980435675293,6.614552994550949,9.213171246143963,3.5597729409521435,14.452106740431692,5.072494013954603,15.048630675860439,3.929900617213673,17.4761035669348,3.0786953270698967,19.498062212020116,5.041992112075731,28.078139064838357,5.276349728597356
vocals,190.0,195.0,-343.5470886230469,101.81095886230469,138.46255493164062,77.54598236083984,-4.044375896453857,41.056549072265625,21.911828994750977,32.07681655883789,13.267268180847168,19.9510498046875,16.449739456176758,21.06510353088379,1.7137374877929688,17.008005142211914,7.660223484039307,12.612617492675781,1.3669863939285278,11.628337860107422,0.2615550458431244,13.716368675231934,-2.6506080627441406,12.35814094543457,2.5385079383850098,10.749737739562988,-3.0814626216888428,11.620466232299805,0.5355283617973328,0.5310192108154297,0.55291348695755,0.5740801692008972,0.5537115335464478,0.5741045475006104,0.5368545651435852,0.46817776560783386,0.4307420253753662,0.4343881607055664,0.48853936791419983,0.5416151285171509,0.05068253117530842,0.0436768639133506,2486.2610933795204,1910.6083236167296,2887.641296711507,1230.1751624542703,4496.042882649362,3886.8741237557665,0.05879200804814385,0.056542064300192645,15.698494006623843,5.648066913662374,9.304631291530628,3.5035133904082527,13.86865295384423,4.30892613118073,15.500159405846466,4.4033096493757835,17.055020438041566,3.1085058056881723,19.347200382277606,4.913588081906166,29.250121970717164,4.509947559039465
vocals,192.5,197.5,-338.8539733886719,108.13985443115234,118.42283630371094,76.541748046875,-6.792938709259033,37.02842712402344,29.91108512878418,36.26133728027344,14.755903244018555,18.404203414916992,16.702207565307617,21.828699111938477,5.472391128540039,18.02463722229004,7.241717338562012,12.791935920715332,-1.4188964366912842,11.451452255249023,-2.3213837146759033,14.039483070373535,-5.121042728424072,14.606849670410156,-1.1491339206695557,12.562970161437988,-6.988525390625,12.232643127441406,0.5030731558799744,0.5440772771835327,0.5548114776611328,0.5107244253158569,0.49020442366600037,0.4966559112071991,0.46316927671432495,0.4689401090145111,0.46963009238243103,0.44207438826560974,0.5005897283554077,0.4990084171295166,0.05566388638482133,0.060142176281401026,2905.2902765245803,1972.1399813502203,3109.712739949401,1261.0899644379763,5252.253004459107,3880.2952059060126,0.07284907011310905,0.06283953119853355,16.190910619717332,6.739304560817528,9.85804342862556,4.094982833904274,15.188426847973139,5.103564009149302,15.552288072442366,3.9080428047603513,17.42085522580193,3.4643847185026346,19.20929753875932,4.619211497311053,29.811356129359996,5.131897339007637
vocals,195.0,200.0,-316.5694274902344,111.7180404663086,139.9933319091797,74.63500213623047,-9.795888900756836,34.444332122802734,29.96625328063965,35.428749084472656,21.506284713745117,21.234760284423828,18.986125946044922,24.504867553710938,0.5245420932769775,19.83338165283203,4.546964645385742,12.803146362304688,0.16189709305763245,12.129182815551758,-3.0644888877868652,14.38466739654541,-5.413643836975098,14.313132286071777,-3.9404897689819336,12.369280815124512,-9.569238662719727,12.03267765045166,0.45310765504837036,0.4779091775417328,0.5153849720954895,0.5200519561767578,0.47217079997062683,0.48697271943092346,0.5161535143852234,0.4912932217121124,0.4830113351345062,0.4565081298351288,0.42673763632774353,0.451143354177475,0.07437266109945045,0.06545613733944071,2291.2129971774393,1576.2034599663873,2708.1469139882856,1015.9440316849588,4084.4639328958815,2838.1028983284123,0.05641631017981438,0.05485599766866117,17.28665188078407,6.4146274759684125,10.229546806995595,3.9602268629839124,15.878448023907511,5.119912964068787,15.439614901363933,4.236227379022412,17.651501478796437,3.2683500861537884,20.911111915655475,6.037814199938391,29.918686843552347,5.096357295847637
vocals,197.5,202.5,-342.9750671386719,118.61894226074219,143.83216857910156,77.28495788574219,-5.962863445281982,35.96176528930664,21.22011947631836,28.48447608947754,22.3549747467041,21.239276885986328,22.071956634521484,23.306591033935547,-1.041780948638916,19.149112701416016,4.8496904373168945,11.527873039245605,5.005995750427246,11.415459632873535,-1.1411564350128174,15.322333335876465,-2.445869207382202,12.223052024841309,-1.5896776914596558,10.993733406066895,-4.935711860656738,11.748957633972168,0.48621001839637756,0.5011081695556641,0.5413612127304077,0.5837152600288391,0.5695726871490479,0.5729122757911682,0.5573225021362305,0.4935876131057739,0.463829904794693,0.445751428604126,0.45439645648002625,0.48422953486442566,0.06417118353460453,0.05576988651814165,2247.524718008083,1652.4090364440417,2837.766809935862,1297.6111290170747,4282.459487383991,3326.984125527243,0.052058031830046404,0.05744851278103295,16.890803004960198,6.555777435352164,9.787184053506977,3.662662350288315,14.370329896267986,4.652560242042033,15.218465526897448,4.3967669985524305,17.159703073577436,3.051483612072833,20.821876096641287,6.122884630803616,29.08203116219337,4.796634284081015
vocals,200.0,205.0,-352.50018310546875,111.44187927246094,128.62265014648438,78.86567687988281,5.491879463195801,36.9417610168457,22.87651824951172,31.03168487548828,15.88067626953125,19.946439743041992,19.05045509338379,19.49247932434082,4.158071041107178,20.503089904785156,4.606087684631348,12.666866302490234,3.307790517807007,12.007889747619629,-0.3733106255531311,14.758557319641113,-1.751397967338562,12.480483055114746,-1.239325761795044,11.771159172058105,-4.91961145401001,13.301071166992188,0.4638563394546509,0.4812496602535248,0.5297229290008545,0.5599120855331421,0.5484183430671692,0.5347332954406738,0.48140594363212585,0.44467875361442566,0.4595337212085724,0.44502463936805725,0.46240121126174927,0.4777858853340149,0.06459710009751535,0.06413410598440288,2377.468145759422,1823.5321155336835,2965.0408138022153,1307.2423710313128,4412.6579266966355,3623.9423309805397,0.055905370867169374,0.062817018406739,16.795397108996223,6.64671952463047,10.36832513608843,3.9458420257344775,14.694831776273261,4.831316401438005,15.949851808402942,4.545996320925732,17.547063870583784,3.2990495704889846,19.427944137530915,4.741829156155235,28.438647632321427,4.880961184493776
vocals,202.5,207.5,-316.75042724609375,93.04373931884766,141.09017944335938,68.99372100830078,5.478265285491943,40.83769607543945,28.62699317932129,33.652565002441406,20.267030715942383,22.98404884338379,22.147171020507812,20.86814308166504,2.8257546424865723,20.674381256103516,3.1247494220733643,14.007186889648438,-1.5462841987609863,12.418036460876465,-2.9609053134918213,13.866586685180664,-3.0338709354400635,11.414495468139648,-1.4668506383895874,11.908133506774902,-8.275742530822754,12.59650707244873,0.37741798162460327,0.39159244298934937,0.4359520673751831,0.4865280091762543,0.5163177847862244,0.5607327222824097,0.5198594927787781,0.4597741365432739,0.4409857392311096,0.45082178711891174,0.4291088283061981,0.40114152431488037,0.07753113869700815,0.06416353459197056,2073.8770862510837,1576.5565139845767,2673.9570238974034,949.2803645269057,3567.6670578958815,2963.846730817074,0.04744485027552204,0.0524265224539457,17.518222272003275,6.656979166023284,10.169897153415352,3.7759614163876822,15.950151959819987,4.769031668939398,15.647866457259145,4.8977707590065815,17.54237662161971,3.3457524897979622,19.76822949566389,4.680740569186096,29.049260492442993,5.048973360406844
vocals,205.0,210.0,-317.4087829589844,96.83354187011719,139.99395751953125,67.7339859008789,-3.044499397277832,39.63407897949219,21.664329528808594,32.58150100708008,23.28101921081543,19.401268005371094,23.369054794311523,17.320266723632812,-0.18173719942569733,18.100732803344727,2.8061628341674805,11.681553840637207,-4.092191219329834,11.347620964050293,-7.1386260986328125,13.387001991271973,-4.407289981842041,12.369636535644531,-1.9912431240081787,10.465449333190918,-6.405970573425293,10.364303588867188,0.40135863423347473,0.38868698477745056,0.41548827290534973,0.46313002705574036,0.5209494829177856,0.6133283376693726,0.5880187749862671,0.5276172161102295,0.5036084651947021,0.5056678652763367,0.43367618322372437,0.3977069854736328,0.06858138945491189,0.05627333927348471,2213.927855588141,1586.992381746113,2755.372181147326,1018.7394184720127,3903.6549720852668,3074.702587794338,0.055166718024941996,0.05553527859123201,17.196883449135804,7.555515343064517,10.002837062457537,3.802624819536958,15.83807094277304,5.021384485661253,14.561349414113408,3.768180505745793,17.097718294732402,3.003761989456954,20.991579584599535,5.695695366318444,28.930870803106195,4.470404137588223
vocals,207.5,212.5,-299.7839660644531,85.92964935302734,158.37918090820312,76.36117553710938,-14.305201530456543,34.26546096801758,20.689308166503906,35.425575256347656,15.930808067321777,16.463239669799805,19.452415466308594,16.47962760925293,-3.7741200923919678,18.547422409057617,2.888840675354004,9.822881698608398,-5.630121231079102,12.098105430603027,-7.765238285064697,13.817222595214844,-6.845232009887695,11.610844612121582,-3.90211820602417,11.069039344787598,-7.206900596618652,9.347257614135742,0.4134581685066223,0.4065931737422943,0.4603632986545563,0.49190184473991394,0.5146706700325012,0.5457241535186768,0.5336122512817383,0.5234134793281555,0.5221144556999207,0.49463263154029846,0.41455066204071045,0.399217426776886,0.07626028574912391,0.053350560402408716,2304.7092877639275,1718.4338101768926,2592.7111312538623,1034.249382055285,4007.8237157410094,3062.994628641831,0.06175454973897912,0.0601347835552686,17.91448961126514,7.259449404608534,10.719974862120718,4.3203720140997195,15.586923543086197,4.733902616986741,15.227637643273715,3.8149483777819673,17.263885590293594,2.8975643601691385,22.218404699537544,6.119256184750632,29.86429366703064,4.111314103561612
vocals,210.0,215.0,-312.1367492675781,106.58354187011719,133.79502868652344,85.25466918945312,-17.182558059692383,37.763668060302734,22.756425857543945,41.24895477294922,14.314056396484375,17.76310157775879,17.46959686279297,18.955385208129883,-0.285308837890625,17.09349822998047,3.3031160831451416,11.926748275756836,-3.690704107284546,11.113102912902832,-6.3128862380981445,13.240767478942871,-7.980980396270752,10.556730270385742,-4.300724506378174,10.546781539916992,-9.205239295959473,9.659148216247559,0.40120819211006165,0.3832565248012543,0.43889719247817993,0.47242024540901184,0.45285481214523315,0.4946950376033783,0.4914795756340027,0.48763564229011536,0.47109290957450867,0.42483535408973694,0.36931055784225464,0.38374099135398865,0.0714373001193705,0.054369759446679634,2581.6858624033057,1746.7941424351409,2756.9230209331945,1044.421936467533,4397.120046947506,2987.624628163903,0.07658991625580046,0.07161755016102478,17.371907696885437,7.029744969454453,10.829652441445525,4.281833033538109,15.564714090796608,4.569872515654175,14.863151918754122,3.665016642290542,17.28453560113676,2.985293405377691,20.766721357141574,5.150085804264217,30.186963562594848,5.600553453333651
vocals,212.5,217.5,-339.09295654296875,112.8741455078125,127.87671661376953,81.95377349853516,-12.941536903381348,39.2400016784668,17.844675064086914,39.02783203125,14.646584510803223,16.52471923828125,20.277334213256836,18.2873592376709,0.7805111408233643,15.61738109588623,1.1482492685317993,11.824309349060059,-3.123939275741577,9.852021217346191,-6.411082744598389,12.260392189025879,-6.437176704406738,11.736676216125488,-3.9787211418151855,9.443035125732422,-8.499873161315918,9.417360305786133,0.41096439957618713,0.3760513961315155,0.4243875741958618,0.4764584004878998,0.48506540060043335,0.5668253302574158,0.5479860901832581,0.5140988826751709,0.5296314358711243,0.49806490540504456,0.4149201214313507,0.41212230920791626,0.059318814795185255,0.05188942813878257,2548.08942208745,1612.407668479039,2868.124973910292,1063.202942737145,4483.552625616299,2880.799270278092,0.07357752682714618,0.06486091903494899,16.62337339620859,7.337383542633086,10.18962595764454,4.022356564352121,15.218614312539374,4.336724120549594,14.797310065532432,3.6765490873317304,17.49610679286502,3.332748422081023,19.45548644075165,4.38890865899621,29.500379865328707,5.272177999360314
vocals,215.0,220.0,-314.8766784667969,91.67428588867188,153.0841064453125,74.12311553955078,1.7404416799545288,35.06587600708008,11.405841827392578,31.11614990234375,19.988399505615234,17.989978790283203,24.238271713256836,17.495315551757812,-1.8467339277267456,18.819997787475586,-0.7897164821624756,11.6218900680542,-4.664896488189697,10.200249671936035,-8.143771171569824,13.344758033752441,-3.9251208305358887,10.415968894958496,-4.631988048553467,9.991825103759766,-5.895384311676025,8.652496337890625,0.36079883575439453,0.3373047411441803,0.39654698967933655,0.4912375509738922,0.526735782623291,0.5936864614486694,0.5663352608680725,0.5339686274528503,0.5319489240646362,0.5477988719940186,0.4905789792537689,0.43658697605133057,0.07414631735306047,0.06230043317241931,1997.8123738563993,1411.042713649382,2562.1819658049153,932.8079044424368,3428.4256724912993,2507.011001795964,0.04914420497389791,0.047680456374344725,16.728980362657353,6.451292893539368,9.738661442124258,3.793564641931372,14.98921726673492,4.364726518476471,14.975650915115217,4.113082299703589,17.70173820585541,3.1041109642023734,20.621748475729337,5.247192428312562,28.88713215076238,4.697174900521502
vocals,217.5,222.5,-321.86871337890625,93.61181640625,137.12965393066406,76.63587188720703,0.7055810689926147,32.2135124206543,21.293567657470703,32.21445846557617,22.000713348388672,20.29132843017578,24.3089599609375,17.102069854736328,-0.6130495667457581,19.055566787719727,-0.2028430551290512,12.034512519836426,-8.503725051879883,11.003706932067871,-10.69268798828125,13.886541366577148,-5.356395244598389,10.566624641418457,-5.098991870880127,9.675251007080078,-6.634912967681885,10.249363899230957,0.3719228506088257,0.37129902839660645,0.3980535864830017,0.4558790922164917,0.4793470799922943,0.5240238904953003,0.5265823602676392,0.5301456451416016,0.5244467854499817,0.547836422920227,0.5155995488166809,0.45482370257377625,0.06888462023824678,0.06222089009582312,2460.4788573379237,1771.5390577155604,2900.307247210401,1124.4237922658701,4379.883492241879,3325.0652381730815,0.06384249021171694,0.06370085985153742,15.29464257691009,6.049573024656402,9.202244823501022,3.7172053031525074,16.54953486142485,4.609364322715021,15.182241173664627,4.186325190725423,17.511562189684877,3.1502455032887537,20.72407120081613,5.483491616404577,29.278002204489447,4.398044559940802
vocals,220.0,225.0,-379.13427734375,130.1258087158203,118.65021514892578,78.75332641601562,-0.14264510571956635,31.504234313964844,28.36424446105957,31.14041519165039,14.345526695251465,19.025707244873047,20.468284606933594,13.716939926147461,2.2001731395721436,18.03352928161621,3.2013003826141357,10.405539512634277,-4.027367115020752,15.03738021850586,-7.719308376312256,15.039105415344238,-7.109947204589844,12.730443000793457,-3.862058162689209,9.425971031188965,-6.1140007972717285,10.808365821838379,0.4485815763473511,0.47672465443611145,0.48719826340675354,0.48122191429138184,0.5136319994926453,0.5670792460441589,0.5565314888954163,0.5379953384399414,0.5015808939933777,0.5146400928497314,0.5357275009155273,0.48376330733299255,0.047818219377744345,0.04863405211695068,2887.7729242826977,1801.5562934998077,3381.589033348984,1329.9280427885599,5655.188696345707,3748.3572232060374,0.07172749601218098,0.0642889087973615,14.15198234713193,6.114498325037536,9.5833729712197,3.7938340232851355,15.933033442435987,4.757439615052749,15.295707173953934,3.611344299632091,17.15393847056623,2.9879438485022365,19.37514979364953,5.732361554908565,28.84513276044151,5.171489185491753
vocals,222.5,227.5,-355.7614440917969,121.83346557617188,142.96343994140625,80.35247039794922,0.8352046608924866,37.45170974731445,20.95835304260254,31.52916717529297,7.87619161605835,16.609466552734375,17.85820960998535,15.715296745300293,-0.3461187481880188,19.045642852783203,2.9711103439331055,10.709166526794434,4.616826057434082,12.542728424072266,-8.80292797088623,16.55033302307129,-8.884522438049316,12.396263122558594,-3.0303854942321777,10.497633934020996,-6.21099853515625,9.31821346282959,0.43652987480163574,0.4257398843765259,0.4697834551334381,0.490852952003479,0.5479279160499573,0.5891324877738953,0.5187612771987915,0.450017511844635,0.44211772084236145,0.4611421227455139,0.48999759554862976,0.47196438908576965,0.05488593753198961,0.04479808118574489,2308.8701508281038,1588.3279318937366,2887.0101492579965,1255.116368558446,4295.998926007831,3484.5621604341914,0.054559481946055685,0.05236501051477823,16.607452495427133,7.039994870523223,10.03075440109321,3.567872096928579,15.185217272614883,4.74528331484014,15.652751721404652,3.8409569908659535,17.23511531049419,3.0955047705244954,20.43988505926092,5.762870158254005,29.662687118268003,4.8249616540461515
vocals,225.0,230.0,-348.5163269042969,110.64276123046875,164.53866577148438,74.55008697509766,-5.800787448883057,39.92881393432617,20.11960792541504,28.002634048461914,4.578732967376709,15.978108406066895,20.730445861816406,19.11697006225586,-5.731613636016846,19.77524757385254,2.798231840133667,12.313277244567871,2.317706346511841,12.287994384765625,-7.609045505523682,16.513269424438477,-7.0919365882873535,11.821115493774414,0.5066189169883728,12.145712852478027,-8.245491981506348,10.163424491882324,0.4159277081489563,0.3580758571624756,0.41154223680496216,0.48071303963661194,0.5447680950164795,0.5877712965011597,0.5418689846992493,0.4687686264514923,0.45946863293647766,0.4861721396446228,0.5086708068847656,0.4978405237197876,0.05489896404731283,0.03848517799994309,2078.826968158621,1477.6876099956437,2612.5314795642835,1068.3698663887237,3618.977033787703,3039.1001554610407,0.0528306717662413,0.04898366411991549,17.828629073416106,6.760229553815274,10.26231187400129,3.8081178775094084,14.366616588106998,4.567218298525074,16.25795450316822,4.37290560381468,17.68988884354422,2.986034851282016,20.64671527298167,5.228509189151398,29.648857958346806,4.677135806505512
vocals,227.5,232.5,-373.0850524902344,119.94152069091797,126.12013244628906,79.01988983154297,-0.22413921356201172,38.239707946777344,20.17291259765625,32.141578674316406,17.9988956451416,17.32962417602539,20.875625610351562,17.783382415771484,0.808603823184967,20.29538345336914,1.7969233989715576,12.02074909210205,1.4122600555419922,10.693105697631836,-4.497613906860352,16.664886474609375,0.33649787306785583,11.987810134887695,1.566359519958496,13.394667625427246,-5.372808456420898,11.331283569335938,0.4623863697052002,0.41660499572753906,0.4499291181564331,0.4941369295120239,0.5293787121772766,0.5645632147789001,0.5929553508758545,0.5404344201087952,0.5015925765037537,0.5353465676307678,0.5519338250160217,0.5393701791763306,0.05340108107852092,0.056362856510400544,2339.5705536321984,1542.6612070054273,2881.256307019974,1168.7773867824233,4315.53368800754,3154.2719699209692,0.05856995903422274,0.05342002334939745,16.250762448744418,6.1593035146935815,9.932878690025408,3.845325554665282,14.73996892256207,5.256583915498355,15.258804995738954,4.16708192506607,17.60154109306133,3.184801740723905,20.151764567238235,5.725488150614643,28.76910033384767,4.5572572580368655
vocals,230.0,235.0,-356.2774658203125,112.32069396972656,140.0708465576172,75.18313598632812,3.7210915088653564,34.72334289550781,22.680543899536133,32.244754791259766,19.34604263305664,19.273540496826172,20.892436981201172,23.096240997314453,-1.4609079360961914,21.307100296020508,1.9083064794540405,11.060626029968262,2.8125061988830566,12.331034660339355,-6.140342712402344,15.857308387756348,-0.1313188374042511,13.954386711120605,1.8884987831115723,12.755473136901855,-6.3183979988098145,12.262934684753418,0.42509597539901733,0.40102022886276245,0.4403933584690094,0.5028661489486694,0.5714811086654663,0.5820155739784241,0.5315953493118286,0.45812633633613586,0.4412807822227478,0.48848381638526917,0.45688849687576294,0.45025649666786194,0.06025552876549449,0.05549846388395039,2046.4451659776325,1366.1848724037961,2720.2516580419956,1054.2926085582933,3707.0083653567285,2796.9187668536024,0.04722506706786543,0.04897819362486449,16.875704930069414,6.075733161728713,10.342572195770682,4.031301132610206,15.509915412491404,5.165491840965249,15.585298952342987,4.906342225473525,17.94456994943212,3.0288926222740686,22.075938598841056,6.09943642958,29.819085083319848,4.20975312496606
vocals,232.5,237.5,-343.0374755859375,97.24594116210938,167.1886444091797,62.07889938354492,6.062198638916016,34.12144088745117,16.595169067382812,24.989898681640625,12.832526206970215,20.803363800048828,19.024433135986328,24.436290740966797,-4.606624126434326,19.715171813964844,2.7481563091278076,10.528593063354492,3.8243367671966553,13.065375328063965,-8.281148910522461,15.342747688293457,-3.8501474857330322,13.648029327392578,1.437587857246399,8.967062950134277,-10.065895080566406,11.6304292678833,0.3854982554912567,0.37149330973625183,0.4039529263973236,0.4686523675918579,0.5428115725517273,0.5847829580307007,0.5555128455162048,0.46708083152770996,0.41896525025367737,0.44201430678367615,0.4106997847557068,0.40629440546035767,0.06171628482490692,0.047574637818754484,1825.756487082906,1184.897106407628,2647.703253951384,976.6984574471277,3260.456695910673,2586.730909063323,0.039596097375290025,0.038664382005913336,17.659929245684136,6.537352751753562,9.97147443205566,4.205799958000993,15.317424739544498,4.536977812268608,16.460477813970485,5.369346819136162,18.03329874454351,3.1556877226242817,22.48792934537138,5.957469896248959,29.499939275180797,4.095083559847963
vocals,235.0,240.0,-340.6199951171875,98.9255599975586,156.81927490234375,62.95723342895508,-1.3476548194885254,37.36051940917969,16.594072341918945,30.033065795898438,20.46095085144043,22.502792358398438,25.516775131225586,20.433195114135742,-0.06659512966871262,19.33190155029297,3.551015853881836,9.452168464660645,0.7505892515182495,11.993212699890137,-7.212861061096191,17.17194366455078,-3.7322988510131836,11.745485305786133,1.3063565492630005,8.60530948638916,-7.9388346672058105,11.78014850616455,0.38292577862739563,0.3875390291213989,0.42308351397514343,0.4686870276927948,0.5486615300178528,0.5956496596336365,0.569015622138977,0.47535234689712524,0.43498989939689636,0.4430193603038788,0.44179531931877136,0.4323484003543854,0.060625648067663414,0.04890621370804765,1961.5550637823349,1275.4970857243607,2717.1165799519963,784.8624837672949,3351.4856891676336,2432.925189260882,0.04471681953306265,0.04702874591395352,17.32403917519572,5.849773922903601,9.961874995863628,3.6968981931243996,15.675094951040899,4.559172540919908,15.51931328097543,4.548019364426275,17.40092889026247,3.350963524311089,21.184908056285465,5.731900598845862,28.203863662663935,4.163337524095454
vocals,237.5,242.5,-342.5396728515625,104.77047729492188,139.18194580078125,79.13932800292969,-14.530986785888672,39.440895080566406,29.323625564575195,39.17929458618164,24.117307662963867,20.856338500976562,22.6629581451416,21.568662643432617,0.2140495479106903,19.90068817138672,5.320315361022949,10.750601768493652,-3.23400616645813,13.209525108337402,-5.347498893737793,15.113938331604004,-5.527943134307861,12.520689964294434,0.25213709473609924,10.312773704528809,-7.250438213348389,11.793558120727539,0.374187707901001,0.386717826128006,0.47621679306030273,0.5371930599212646,0.5837417840957642,0.5786690711975098,0.4815928637981415,0.4274901747703552,0.4214715361595154,0.4293282926082611,0.40922412276268005,0.40819257497787476,0.05561522063938307,0.04256394043373044,2423.6336030385373,1730.007617610908,2756.412990644453,816.0662077808348,3991.5364205698957,2947.9787450104777,0.06734542669663574,0.07190143762528292,17.108800175387564,6.473870132848749,10.508840635681022,3.592078389080913,16.10777642877316,4.802761495311653,14.894479461146526,4.2404780672947355,17.358059686726,3.1292822547822756,20.85400964816504,5.403461042073313,29.253796896520388,4.867429050441293
vocals,240.0,245.0,-387.8200988769531,144.11712646484375,113.78034973144531,92.40279388427734,-5.585261344909668,37.08219909667969,24.099855422973633,38.14591598510742,17.508094787597656,20.038673400878906,12.927009582519531,17.449331283569336,-2.755094051361084,18.02884292602539,2.3442749977111816,11.535928726196289,-3.2151095867156982,11.450935363769531,-2.1214511394500732,13.005644798278809,-3.830245018005371,11.578902244567871,-1.775968074798584,10.014068603515625,-7.238409042358398,11.041313171386719,0.41574549674987793,0.4100809693336487,0.47889721393585205,0.5408738255500793,0.5466657876968384,0.6162868142127991,0.4714187979698181,0.41741758584976196,0.40808790922164917,0.43136557936668396,0.4259997010231018,0.42592161893844604,0.04839098771230385,0.04722651019908122,3542.075924505951,2661.362294035064,3813.392006631128,2214.5330295389026,7191.540272440545,6692.400485282778,0.17341008374419953,0.24692607274068723,16.2039692061358,6.635235503197509,9.85185723681126,3.6936237372947778,14.785280222447504,4.728049761524543,14.561624884425978,3.8980757633936767,16.917433736431406,3.431530958927717,19.842198440364474,5.876760446155595,28.181352191714016,5.272094926390737
vocals,242.5,247.5,-524.8573608398438,146.95980834960938,53.52328872680664,86.21543884277344,4.26328182220459,19.35902976989746,5.86368989944458,21.380460739135742,6.368283748626709,14.395337104797363,4.891971588134766,10.152029037475586,-3.609666347503662,11.710599899291992,-0.14090308547019958,7.438873291015625,-0.32525351643562317,6.2920379638671875,1.0187604427337646,8.76251220703125,-0.05885116755962372,6.05265474319458,-0.5896254777908325,6.328402996063232,-2.265800714492798,8.392776489257812,0.48276057839393616,0.44898006319999695,0.4249880313873291,0.4270493984222412,0.49963951110839844,0.8197238445281982,0.47918304800987244,0.4396616518497467,0.39976808428764343,0.4343600273132324,0.3945592939853668,0.39620280265808105,0.02218201995279012,0.04408989806370372,6374.932928614014,3144.9935027688757,6607.4742069559525,2677.09605860444,15218.22909113979,8140.915892548955,0.4790707475348028,0.37238157227162677,15.56551253799256,5.1053688752073265,9.15511634894188,3.445691582206946,12.535630994885844,3.603933900713088,14.87146099996675,3.4755911611859123,14.414250796912881,3.2258179183477043,16.176592716876936,5.444466845368457,23.96280269889225,4.077727359836362
vocals,245.0,250.0,-483.1684265136719,151.2172393798828,54.64255905151367,90.08065795898438,-5.085410118103027,22.013032913208008,9.09095573425293,27.0728702545166,7.642874717712402,15.283116340637207,9.564908981323242,15.898065567016602,-1.0437363386154175,9.785215377807617,-0.05853307619690895,6.851765155792236,-1.7493726015090942,6.976109981536865,-3.501120090484619,10.43122386932373,-3.8681182861328125,8.826650619506836,-2.3678345680236816,6.646028995513916,-3.36462140083313,6.919735908508301,0.4351370334625244,0.3884381353855133,0.33527785539627075,0.31778427958488464,0.421134352684021,0.7469531893730164,0.38141563534736633,0.4285569190979004,0.37898704409599304,0.4162250757217407,0.33467531204223633,0.3474196791648865,0.031545561258664576,0.053637894770060854,6333.283090848619,3227.1530097300824,6384.969345383445,2894.721764741304,14990.956374166184,8374.937747941123,0.4994448774651972,0.3944495680082294,15.759215212340658,4.4214225330142245,9.416196863135852,3.8015175741552656,13.655212285401168,4.724080222769722,14.905010568347803,3.416755258439453,14.517561434865376,3.5622877239251856,16.640200557695938,6.069222712486201,24.957369440183722,5.01319864529783
vocals,247.5,252.5,-341.6475524902344,132.7512969970703,136.1331329345703,92.15030670166016,-4.327095985412598,30.49070930480957,14.16518497467041,34.11296844482422,9.910466194152832,21.357952117919922,21.51538848876953,16.749832153320312,-2.4032413959503174,15.13302993774414,-0.41982564330101013,9.849010467529297,-1.2108774185180664,11.322080612182617,-8.133641242980957,12.880597114562988,-12.792533874511719,15.285639762878418,-3.2401442527770996,9.7091646194458,-7.81917142868042,8.751112937927246,0.3817891776561737,0.337165504693985,0.34756094217300415,0.34570086002349854,0.3598335385322571,0.5203149318695068,0.4528213143348694,0.49214664101600647,0.4225711226463318,0.4129515588283539,0.4215676188468933,0.4437567889690399,0.07009445850090593,0.05715327354248458,3111.0047947426583,2679.7846407636493,3520.8315997487307,2248.6789553182616,6482.193595018852,6770.570702704459,0.17488738942865428,0.30369735204445847,16.54314869513904,5.711883801645408,10.835540816140385,4.169400767725639,16.67691647680342,4.94565739187202,15.676183413737327,3.7955941823791517,16.912076405698137,3.417361953321652,21.121710922566,6.63275268502043,28.945547450116475,4.486681356233528
vocals,250.0,255.0,-331.1839599609375,105.36125946044922,156.2689208984375,72.61312866210938,1.7127394676208496,31.65251350402832,15.417593955993652,32.889225006103516,6.785747528076172,22.395132064819336,27.825908660888672,15.26756477355957,-2.5716516971588135,16.61818504333496,0.42217817902565,9.987327575683594,-1.1422066688537598,12.412969589233398,-11.5420560836792,15.55907917022705,-13.421906471252441,15.80451488494873,-1.6152536869049072,10.202457427978516,-7.139876365661621,10.080470085144043,0.43387752771377563,0.3624837100505829,0.39382970333099365,0.4059717357158661,0.4072038233280182,0.47432130575180054,0.5206937789916992,0.5467430353164673,0.48049092292785645,0.4490097165107727,0.4530453681945801,0.49766960740089417,0.06324528706882078,0.04764448371621292,2229.8595498297323,1517.2703445366521,2881.5194462232257,1098.038793601209,4112.741874818736,3137.6065973418135,0.05640724695475638,0.055039386280005195,17.778039176385622,6.6415913980075105,10.399907127630192,4.13984074539056,16.60677335601329,4.43043205085758,15.523224740770026,3.6582942878959126,17.81460763008544,3.042114584829884,21.523323228860704,5.809788917499198,29.899099085827768,4.533117531967193
vocals,252.5,257.5,-350.71337890625,96.3622055053711,159.59088134765625,70.23482513427734,-2.1162755489349365,38.53357696533203,21.5126953125,32.06781005859375,9.822641372680664,21.9578914642334,25.30722427368164,19.202180862426758,-3.9358208179473877,17.160213470458984,1.9389927387237549,9.506957054138184,-0.929324746131897,10.4249849319458,-8.862115859985352,17.59432601928711,-7.510078430175781,11.260507583618164,-2.4647159576416016,10.262212753295898,-5.249288082122803,9.961424827575684,0.4144657552242279,0.41859981417655945,0.45114079117774963,0.4729829728603363,0.534020721912384,0.5645955801010132,0.5265714526176453,0.478261798620224,0.5140146017074585,0.4916742146015167,0.4659968316555023,0.45012715458869934,0.04956342467208708,0.035989882754410424,2157.8883697694905,1539.9759546956357,2727.5658052979534,1108.57628483636,3893.8126495432134,3192.70719553931,0.054556083236658934,0.0515541668003865,17.632358491748118,6.430779750034447,9.346264571894693,3.5709720059672887,15.629161284986615,4.489452381293474,15.41719761455677,4.178780321753222,17.745103001811334,3.034984847598159,20.340879958333584,5.128254259655833,29.874896852799832,3.8805519586906145
vocals,255.0,260.0,-342.5618591308594,87.141845703125,169.75782775878906,70.17619323730469,-1.8381158113479614,41.32762145996094,22.898963928222656,33.990272521972656,7.84268856048584,22.77138900756836,21.507627487182617,20.73154640197754,-4.420525550842285,17.782983779907227,6.637236595153809,11.967445373535156,0.3705717623233795,9.942337036132812,-5.295105457305908,15.869697570800781,-5.2596611976623535,11.566787719726562,-1.1273753643035889,11.169418334960938,-6.487825870513916,10.684182167053223,0.43769899010658264,0.4442765712738037,0.4919361472129822,0.5065940022468567,0.5405136942863464,0.5343904495239258,0.50632643699646,0.48670318722724915,0.4911735951900482,0.45128530263900757,0.43187960982322693,0.45630621910095215,0.0546052255143742,0.035297508159864245,1954.0275445994837,1426.8311738923694,2485.134282840724,883.0587544864875,3309.6183475928074,2746.50261776637,0.04764424122679815,0.04633415982899878,17.189919020041557,5.861473585872652,9.652281400716797,3.617767751401564,15.18379548694113,4.380315496931142,15.792876259986173,4.287020221791573,18.436968739163113,3.550178369657726,20.544709557693878,4.624899916920036,30.143497539654987,4.145496197649148
vocals,257.5,262.5,-339.94110107421875,89.27359771728516,155.59829711914062,75.08018493652344,-4.84570837020874,42.184696197509766,26.1106014251709,37.05057907104492,8.094711303710938,22.34309959411621,23.333667755126953,19.532278060913086,-3.3260488510131836,18.482744216918945,9.03587532043457,12.144411087036133,-1.0638198852539062,11.794910430908203,-7.758194446563721,16.821706771850586,-4.29390287399292,11.250362396240234,-0.3992898762226105,10.872079849243164,-8.253251075744629,11.76834774017334,0.41988441348075867,0.4116630256175995,0.46419042348861694,0.4975626766681671,0.5006235837936401,0.49633342027664185,0.49272122979164124,0.4835863709449768,0.4757307469844818,0.464874267578125,0.439510315656662,0.43984702229499817,0.055518888992099676,0.03728173475308407,2228.8951426749873,1531.953489746765,2687.717933490925,933.02477850291,3801.334786470418,2865.3093756502262,0.05591556699535963,0.05238825782704637,16.53833975301544,6.339645408238416,9.9313822230848,3.987648104995221,15.689923391941763,4.7785147230342435,15.444692589975315,4.095532235042446,18.21631261050953,3.660036728805041,20.887818523385818,4.955555531287994,30.422543976593804,4.465303557228645
vocals,260.0,265.0,-353.314697265625,92.89938354492188,145.38931274414062,82.63299560546875,-6.7773566246032715,43.493553161621094,32.51478576660156,39.507728576660156,9.0075101852417,22.329864501953125,19.550443649291992,18.357465744018555,2.6179230213165283,21.44788360595703,9.404132843017578,13.12307071685791,-0.23722195625305176,12.604406356811523,-6.527580738067627,17.74419593811035,-3.3062832355499268,12.315744400024414,0.8811929225921631,11.130077362060547,-7.177582740783691,13.045912742614746,0.4450274109840393,0.42282676696777344,0.4702642560005188,0.5375717282295227,0.5154491066932678,0.47850513458251953,0.47399386763572693,0.44912847876548767,0.4445074200630188,0.4547369182109833,0.4581669270992279,0.500270664691925,0.05398573876783174,0.04053315168921081,2317.5667663988074,1647.8067787350715,2630.3458373280455,949.5065152052556,3891.264637108469,2828.1310410750125,0.06043358468677494,0.06041090550594843,16.265059848429896,6.1633517900231345,10.03309227506802,3.3526146789700606,15.247462308952835,4.716785609682519,15.441402921110742,4.25000420697541,18.03321303531676,3.5792815075276163,20.87603229294598,5.079583572881905,29.936738247091046,4.862544295086087
vocals,262.5,267.5,-357.8537902832031,97.36458587646484,141.59095764160156,79.27252960205078,-3.118744134902954,42.04756546020508,32.795188903808594,37.598777770996094,15.154797554016113,22.16275405883789,17.76290512084961,17.954885482788086,4.613388538360596,20.307193756103516,9.575658798217773,13.525026321411133,-1.1174185276031494,13.22032642364502,-5.107601642608643,17.39805793762207,-4.070919036865234,13.965348243713379,1.3093520402908325,10.899360656738281,-5.725646495819092,12.91376781463623,0.47600945830345154,0.4740157723426819,0.4857238233089447,0.562999427318573,0.5448981523513794,0.5270977020263672,0.48499149084091187,0.44044435024261475,0.44355466961860657,0.4522971212863922,0.4404967129230499,0.4798557758331299,0.052216317976923256,0.04188185989819054,2231.2965855488055,1632.2109115657843,2636.322426555814,911.8554111138233,3730.240243438225,2805.8384838444554,0.056489948883410676,0.06132451601210629,17.02516656203882,6.071579341113208,9.882996457574416,3.6375304736603256,15.144332573099556,4.868648467967546,15.625215029353848,4.154318914240243,17.56066600707273,3.1758572043611673,20.93272387497761,5.007364437217857,29.2306225282439,4.84720485050188
vocals,265.0,270.0,-358.31097412109375,102.5287094116211,141.84585571289062,75.9340591430664,-7.310849189758301,42.84749984741211,27.939802169799805,33.665138244628906,16.187917709350586,19.71985626220703,20.793073654174805,16.66466522216797,2.2818140983581543,16.609291076660156,6.354368686676025,11.165548324584961,-1.8823753595352173,12.175962448120117,-9.227563858032227,17.127824783325195,-6.45053768157959,13.282477378845215,-0.3794613480567932,10.249327659606934,-5.269261837005615,10.932394027709961,0.43281373381614685,0.45045095682144165,0.4722791314125061,0.5167078375816345,0.512549638748169,0.538620114326477,0.520936131477356,0.47163063287734985,0.44415026903152466,0.4619517922401428,0.46460863947868347,0.456024169921875,0.04806218782249134,0.03750391938320868,2332.7261393806357,1603.8265430516492,2722.1953684487025,995.74210836417,4006.6746120939674,3024.1254072930533,0.061394286542923435,0.05793091487480374,16.718450911960296,5.998717396003263,9.489908627965026,3.665703476748499,15.388387457542017,4.558999762945195,14.964853888228133,3.4149067116502567,17.45478163300375,3.204424647990985,21.033673200550535,5.361332154961723,29.390621509606643,4.608579486962189
vocals,267.5,272.5,-462.0468444824219,150.77859497070312,99.60126495361328,97.3150863647461,-1.1624293327331543,34.83499526977539,13.737565040588379,28.179725646972656,7.8877034187316895,15.824528694152832,16.457704544067383,16.026399612426758,2.942551612854004,13.150127410888672,2.9259192943573,8.077978134155273,0.8412555456161499,9.590498924255371,-7.491879940032959,14.813862800598145,-4.214483261108398,12.227402687072754,0.31708309054374695,8.807595252990723,-2.5719738006591797,8.221185684204102,0.4159269630908966,0.38640525937080383,0.4089371860027313,0.43434128165245056,0.46109312772750854,0.6775400638580322,0.5042858123779297,0.4389817714691162,0.40615519881248474,0.4385129511356354,0.44392186403274536,0.4564815163612366,0.03129027192993724,0.0362659692384861,4301.373961235992,3227.6882452028644,4516.706991882347,2828.727459771804,9472.311167705917,8403.027252615939,0.29874882178074247,0.36218350662693144,15.406864637662764,5.902094599911847,9.238947191782495,3.4409153255295277,13.953753465056137,4.390573262099957,14.725900447554828,3.281352777705832,16.555414456418873,3.7135604589739004,18.421161506797638,5.26438433303136,27.38249707559155,4.918834289298141
vocals,270.0,275.0,-541.589599609375,106.45986938476562,34.36061477661133,71.5209732055664,2.4075734615325928,15.82336711883545,2.137098550796509,9.71992301940918,3.9075891971588135,9.358688354492188,6.2692952156066895,12.409655570983887,0.8753643035888672,7.206135272979736,0.0990695059299469,4.628320217132568,0.48488983511924744,6.20001220703125,-1.9386001825332642,9.131941795349121,-2.602648973464966,8.620322227478027,-0.8967998027801514,5.763841152191162,-1.2714582681655884,5.199682712554932,0.36383748054504395,0.3155865967273712,0.3078961670398712,0.29936864972114563,0.4291084408760071,0.8635105490684509,0.3251248598098755,0.32502317428588867,0.3247074484825134,0.340130090713501,0.3034662902355194,0.31553569436073303,0.011381505773855312,0.0309989090093015,7249.256481242109,3026.3938812682595,7146.593118852577,2459.3062933566334,17134.634208236657,7601.56686852502,0.667543911325406,0.3830813867724462,15.254159152509533,4.6504914840184055,9.169968621377862,3.3443572056786754,12.488417632105369,3.885086813764572,13.83338376344823,3.0635508890139436,14.171862290244956,3.0089726839823903,15.301970008855829,3.2647110426821833,24.265855423881334,2.6421412973917278
vocals,272.5,277.5,-417.4386291503906,149.27964782714844,88.5714340209961,93.6223373413086,-5.173313140869141,24.326353073120117,19.077423095703125,32.520198822021484,12.333928108215332,18.203182220458984,13.544090270996094,18.32573890686035,-0.8840351700782776,12.880765914916992,0.17034611105918884,8.373072624206543,-3.397216796875,10.302654266357422,-7.9383745193481445,14.021788597106934,-5.217367649078369,10.622264862060547,-2.185940742492676,6.922367572784424,-6.105029582977295,8.769186019897461,0.3152243494987488,0.28948473930358887,0.3120143413543701,0.3282887041568756,0.3599059283733368,0.7083311676979065,0.42939868569374084,0.39167407155036926,0.34399670362472534,0.33563560247421265,0.3017553389072418,0.2909131348133087,0.0433454088981556,0.05245600258132966,5199.867045245066,3704.225184396093,5158.2805384693265,3065.7954414493506,11495.982612202726,9047.501599482515,0.42763921113689096,0.4399115515601056,17.445921145472948,4.980928561805092,10.422613206224439,3.9793434616383023,15.390651272174642,5.348040872325879,14.356821047802056,3.455959410029198,15.65207976489836,3.5423142647147476,18.10583428562698,5.739903299004023,27.80727945921216,4.965585946751738
vocals,275.0,280.0,-315.4072570800781,77.83942413330078,144.9072723388672,76.780517578125,-9.080306053161621,34.89082717895508,35.078311920166016,38.75825500488281,25.61387062072754,19.54343605041504,25.032224655151367,18.74480628967285,-0.5856693983078003,18.346891403198242,-1.541966438293457,12.086932182312012,-6.055156707763672,11.641966819763184,-11.249115943908691,15.806467056274414,-3.522239923477173,13.244461059570312,-3.016676902770996,10.13266372680664,-10.180044174194336,10.458895683288574,0.3279564082622528,0.3505285978317261,0.387351393699646,0.42249229550361633,0.4710502624511719,0.5338938236236572,0.5120062828063965,0.48192355036735535,0.4492639899253845,0.4316142201423645,0.36582931876182556,0.34779971837997437,0.06678801349198377,0.04285776121222702,2224.120674223611,1622.2473936388196,2490.0383412332712,815.5224530719147,3740.981864486659,2631.1809455070334,0.05950686992459397,0.060783621612437284,18.643887631864946,6.223660612505484,11.204237594612586,4.0069585557984215,17.478033236054532,4.795076628717917,15.54591593188051,3.9992047770351458,18.073344767526965,3.234562535824199,21.735152203837583,5.522790933375825,30.865802687062935,4.28585405778362
vocals,277.5,282.5,-348.51458740234375,98.24882507324219,135.2047882080078,79.51042175292969,-13.773430824279785,38.20248794555664,37.502052307128906,39.02735137939453,26.8333683013916,18.321502685546875,27.716543197631836,18.307634353637695,1.1869831085205078,19.718631744384766,2.6404640674591064,12.46198844909668,-7.833946228027344,9.832448959350586,-9.198911666870117,16.044639587402344,-1.0771974325180054,12.73352336883545,-2.103137731552124,11.613162994384766,-7.972690105438232,11.454230308532715,0.3539609909057617,0.3988598585128784,0.4295542538166046,0.4672272503376007,0.5118371844291687,0.5362794399261475,0.5016151666641235,0.4506264626979828,0.4713916480541229,0.44221076369285583,0.36184161901474,0.34887298941612244,0.05482970015442954,0.03727998535385683,2329.08695471181,1575.9197620478,2606.488042670879,853.1297849413096,3864.1357988326567,2574.2525169725527,0.06537417524651973,0.06390927462239546,18.03288208246725,6.981988903548085,10.595158065149924,3.6043762076058914,16.66035152782849,4.843335467556854,15.475885062618351,3.5905011288223414,18.383070682944492,3.464217253046579,21.709845646864615,5.467316445400293,30.5236118707497,4.802069120253324
vocals,280.0,285.0,-361.2206115722656,104.37690734863281,132.4784393310547,77.03585052490234,-5.450607776641846,39.428924560546875,32.64876174926758,37.16268539428711,19.713865280151367,19.149568557739258,21.040409088134766,21.548927307128906,2.124586820602417,20.526111602783203,8.9669771194458,11.097126960754395,-4.148780822753906,12.275178909301758,-7.800483226776123,16.679126739501953,-2.026773452758789,10.836835861206055,0.4441121518611908,10.795053482055664,-5.758005142211914,12.288695335388184,0.39496734738349915,0.4257959723472595,0.47021591663360596,0.5041831135749817,0.5192993879318237,0.5312337875366211,0.5230993032455444,0.4762088358402252,0.47352689504623413,0.4934300184249878,0.454875648021698,0.406584769487381,0.047256112692114875,0.03729075582739904,2439.1355590423955,1547.023733516083,2917.929144703005,1029.1480365719742,4394.721917597158,2943.573129786625,0.061021561412412995,0.057308603528775565,16.150410620860075,6.628885539896047,9.683648787947266,3.816960374990922,15.633988431129325,5.055340815927012,15.649877459463875,4.47174259121779,17.839422733178314,3.3455037318691963,21.297832879545396,5.586298694473719,30.009967429952997,4.628583225247686
vocals,282.5,287.5,-369.3722229003906,98.54171752929688,141.9945831298828,75.25308227539062,4.545258522033691,39.94963073730469,26.711780548095703,34.793155670166016,10.317158699035645,19.61261558532715,16.78860855102539,22.32779312133789,0.29614102840423584,21.365205764770508,9.949841499328613,10.993507385253906,1.0186347961425781,12.089591026306152,-6.9586262702941895,16.749250411987305,-4.150775909423828,10.506457328796387,0.4005354642868042,10.151392936706543,-5.847698211669922,12.56291675567627,0.4205426275730133,0.4298810064792633,0.4904647171497345,0.5494898557662964,0.5439898371696472,0.5149234533309937,0.5004925727844238,0.48792991042137146,0.4542788863182068,0.4754611849784851,0.4740803837776184,0.4483128488063812,0.041284094283977425,0.03351547801398201,2352.8737690073835,1586.0818810767785,2936.4831709328764,1104.9455293539593,4324.476712043213,3230.507896680419,0.055593822505800465,0.05371573194426576,15.308469768722315,6.293837691473529,9.28817025024789,3.5707240096370345,15.225285213184685,4.5479910667674535,15.689337492250926,4.818493344001056,17.603589632222395,3.3862338072502953,20.667875345802095,5.462306266436117,29.85374495399626,4.570392674051555
vocals,285.0,290.0,-366.440185546875,110.00996398925781,139.49380493164062,77.02742767333984,-0.2977243959903717,40.43119812011719,23.010440826416016,33.31678771972656,10.242410659790039,22.949779510498047,16.038692474365234,19.382429122924805,-0.2879657447338104,20.449222564697266,7.674254894256592,10.486387252807617,2.165304183959961,10.401476860046387,-6.322368621826172,15.768420219421387,-8.423530578613281,12.426480293273926,-1.4662559032440186,9.687996864318848,-5.3353166580200195,11.404524803161621,0.4246836304664612,0.45027512311935425,0.495012104511261,0.5411176681518555,0.5451061129570007,0.5076526403427124,0.5265129208564758,0.5190093517303467,0.45904868841171265,0.4498758316040039,0.4498637318611145,0.43675321340560913,0.047370064878574814,0.04448369398012954,2318.4414131879007,1599.531560809829,2859.4230363216247,1094.568448350022,4092.4576973970416,2965.244663255974,0.06048456532772622,0.06177477916940693,15.743228563678178,6.366133100994456,10.08138764458503,3.8129437380798143,15.647298775578047,4.825035306411401,15.64969004616027,4.630298935058129,17.198381639875304,3.259277260053491,20.081025329349544,4.994534445094905,29.941012361967903,5.246259666582553
vocals,287.5,292.5,-363.9735412597656,109.79473114013672,143.86199951171875,70.29706573486328,-0.6549338698387146,37.543636322021484,22.464799880981445,29.19265365600586,19.967039108276367,23.464881896972656,23.099117279052734,17.335887908935547,-0.25835490226745605,19.632572174072266,2.8990769386291504,10.80741024017334,-1.7557002305984497,11.406225204467773,-8.287840843200684,15.399432182312012,-7.950067520141602,13.192743301391602,-1.591861367225647,8.941654205322266,-6.6746063232421875,10.748600959777832,0.39760255813598633,0.405342698097229,0.4604860842227936,0.5216175317764282,0.5807526111602783,0.5683224201202393,0.5640541911125183,0.5502771139144897,0.48578786849975586,0.43784984946250916,0.42541953921318054,0.4257957637310028,0.05244546645364709,0.047063743093736,2198.122640921498,1518.3604670412358,2851.9676544898366,1127.5824322715246,3961.0102323810906,2922.571002711161,0.05299720852668213,0.055360107087810674,17.22802373924394,6.486318602392838,10.291317419543914,3.807012969799995,15.94374552348656,4.476227437293952,15.023433241338294,3.9990385329902853,16.949126833348057,2.9734761833761176,20.847094138360994,5.59733567151694,29.13765522589998,4.889358942000367
vocals,290.0,295.0,-344.7351379394531,89.38203430175781,164.46640014648438,60.39412307739258,3.8034822940826416,32.436561584472656,15.523600578308105,30.683792114257812,18.565641403198242,22.504131317138672,26.81536102294922,17.273073196411133,-4.425201416015625,19.30318832397461,-0.5806885361671448,10.157848358154297,-6.550281524658203,10.909664154052734,-15.034765243530273,16.27969741821289,-7.538080215454102,13.948058128356934,-2.2091217041015625,8.847146034240723,-7.638598442077637,9.77047061920166,0.3371672034263611,0.3362283408641815,0.4270201623439789,0.5320595502853394,0.5872888565063477,0.5379362106323242,0.47817590832710266,0.4324711859226227,0.3944728970527649,0.39223790168762207,0.4053530991077423,0.39532434940338135,0.05914956169068412,0.04512237846782221,1934.3355688983197,1446.8920710677826,2599.960551625302,1057.5214566197003,3473.4905198665892,2943.2322050186795,0.04382975638051044,0.04663110915152792,19.531818142843523,6.0411051658759,10.267124896713659,3.8193840428623567,16.927091893325798,4.832747250190563,14.775709439055468,3.519404294435105,17.37549148352607,2.978427096705833,23.03439087618373,6.573309479353541,29.922231287872222,4.063484674291197
vocals,292.5,297.5,-403.4504699707031,126.25613403320312,131.0047149658203,75.7452621459961,4.548804759979248,29.203481674194336,14.049057960510254,27.815025329589844,16.71395492553711,19.483211517333984,19.629663467407227,14.836559295654297,-1.8383591175079346,18.191104888916016,4.024977207183838,10.726692199707031,-0.48831692337989807,12.382712364196777,-8.21943473815918,18.180686950683594,-3.4387450218200684,15.483539581298828,0.43791818618774414,11.487261772155762,-2.7106571197509766,12.213003158569336,0.4761950373649597,0.47862330079078674,0.5250504612922668,0.5868892669677734,0.6098415851593018,0.5731456875801086,0.5025393962860107,0.4701763987541199,0.4432967007160187,0.4695533215999603,0.4923451840877533,0.5032885074615479,0.0424258281607324,0.04673717214789809,2151.004594319807,1355.6124118428752,3218.4840505093007,1615.032110237406,4279.361903639791,3513.633201368827,0.05221890407482599,0.05275878269849406,17.53186806385506,6.328719423452206,10.727042409068014,3.9008423118931552,14.95522724319709,5.208716780145897,14.992918121843775,3.516132635009224,17.303143972466458,2.990849807903185,22.17498601307053,6.179763732875237,28.312390709431277,4.4067491894499655
vocals,295.0,300.0,-409.1400146484375,115.54914093017578,125.0558090209961,73.47843933105469,8.349699974060059,38.492164611816406,19.100950241088867,27.85320281982422,17.079116821289062,19.82480812072754,19.57012367248535,14.733070373535156,1.1812561750411987,16.478973388671875,3.355405330657959,12.486000061035156,3.8700554370880127,10.896587371826172,-5.969724655151367,15.271878242492676,-6.064658164978027,15.30337142944336,-0.8626839518547058,11.589713096618652,-4.243542194366455,13.114418983459473,0.4458683431148529,0.4631555378437042,0.508524477481842,0.5433202385902405,0.5618786811828613,0.5882920622825623,0.5625424385070801,0.5493934154510498,0.5112516283988953,0.5296411514282227,0.5195725560188293,0.49566328525543213,0.03862228694696951,0.04187756208099023,2153.5902880902986,1345.7307444313062,3246.9203982091403,1599.2062880873884,4291.152706279002,3543.8445011583403,0.05242509244489559,0.051898315957616035,16.910824576618136,6.254544867416481,9.98685994390634,3.5053150803069264,15.085236309457787,5.139534011522272,15.108230656798227,3.680273926921816,17.534854922222966,3.1266034366384834,20.34227533759993,5.1280711074655985,28.194433804978853,4.731060961232581
vocals,297.5,302.5,-364.873779296875,73.40144348144531,147.40638732910156,69.28092193603516,5.843007564544678,45.38875198364258,25.62405014038086,34.70546340942383,14.43386459350586,21.464881896972656,19.0450496673584,20.668561935424805,-2.3828744888305664,16.33976173400879,-1.8712841272354126,11.804475784301758,-1.874781608581543,12.41784381866455,-11.96692180633545,13.047364234924316,-6.75302791595459,13.564335823059082,-2.873112678527832,8.80555248260498,-7.736291885375977,10.100749015808105,0.35062849521636963,0.374959796667099,0.41423434019088745,0.480974018573761,0.5006431341171265,0.49657848477363586,0.5085026025772095,0.5015560984611511,0.4367794096469879,0.4128425717353821,0.42146262526512146,0.404546320438385,0.04458510628191045,0.03665160702069634,2127.299409149908,1615.18111474228,2515.6732035323967,886.4871629539417,3565.518733686195,2883.3013676511523,0.056566986296403714,0.060924884967180744,17.615200080492308,5.950850277061633,9.898170678997065,3.588377560497798,16.01545373670304,5.10504907661754,15.177467591220381,3.653260331916032,18.214543832729223,3.6737467386001463,21.145706363072915,5.217082386866709,30.36769266926595,4.3804035690508965
vocals,300.0,305.0,-369.680908203125,85.91513061523438,142.31063842773438,69.42431640625,3.4689900875091553,41.880252838134766,27.662141799926758,31.165857315063477,17.94923973083496,18.922136306762695,15.731693267822266,21.199792861938477,-4.6189374923706055,16.963594436645508,-1.5138095617294312,9.80512809753418,-5.120265483856201,12.951178550720215,-10.780767440795898,15.528205871582031,-3.345968723297119,12.038090705871582,-3.3482258319854736,8.969690322875977,-8.15638256072998,8.860441207885742,0.4205481708049774,0.4286095201969147,0.43128079175949097,0.4408474564552307,0.4703623950481415,0.48300567269325256,0.49199873208999634,0.5185091495513916,0.48482128977775574,0.42653384804725647,0.40592896938323975,0.4333498179912567,0.04399315876186136,0.0399508952955868,2180.6431301208995,1594.6793871394757,2566.213074955954,914.2026462720634,3651.701507214327,2820.0126683013486,0.058525775812064966,0.060371549464758104,17.941547691158284,6.5578363882997435,10.533301662873722,4.147283537313972,15.893328905959976,5.048423260079326,15.559512357687689,3.9835120544528344,18.01337589166545,3.8349741878058077,21.848621767606303,6.243732596672439,29.92168995627509,4.392311645591274
vocals,302.5,307.5,-374.4560241699219,108.56230926513672,136.18174743652344,72.59088897705078,2.544386625289917,42.020626068115234,21.6910400390625,28.81553840637207,18.097137451171875,21.681034088134766,16.541330337524414,22.528621673583984,-3.4795784950256348,17.698516845703125,0.048996150493621826,10.872932434082031,-2.245788812637329,12.926560401916504,-6.047756195068359,15.852324485778809,-4.722163200378418,11.665718078613281,-4.462012767791748,9.520086288452148,-11.826006889343262,9.880303382873535,0.42261484265327454,0.42063891887664795,0.4044543504714966,0.42232745885849,0.4814210832118988,0.5064917206764221,0.5001754760742188,0.508725106716156,0.46222978830337524,0.42040589451789856,0.40231138467788696,0.4076688885688782,0.049795481069240366,0.046555659413522014,2311.573825563045,1741.085146637529,2832.5417861371575,1194.4737707466913,4127.330495033352,3506.0019172257066,0.05953632540603248,0.06017669060947519,18.898691082153864,7.26664239839241,10.924912030027787,4.320587851374122,16.092981319742407,4.983494831142186,15.701618901457172,4.095552924791694,17.758639673059996,3.463098231804539,21.844593173674063,6.3345902018665665,29.40054725721594,4.345666477175721
vocals,305.0,310.0,-380.4510498046875,114.51564025878906,132.88877868652344,78.23127746582031,6.549743175506592,41.30231475830078,15.529792785644531,31.940635681152344,13.872737884521484,21.598337173461914,22.652793884277344,21.44615936279297,-0.3133307099342346,18.046550750732422,2.3577914237976074,11.38349723815918,-1.6426905393600464,11.178760528564453,-6.707954406738281,14.532872200012207,-5.839658737182617,13.3419828414917,-3.5371921062469482,10.635567665100098,-10.747161865234375,10.731206893920898,0.4191018342971802,0.41104254126548767,0.44627949595451355,0.49844586849212646,0.5112149119377136,0.5260551571846008,0.5230315923690796,0.5258816480636597,0.4909578263759613,0.4710189998149872,0.4432276487350464,0.42933905124664307,0.047230570697146756,0.04602366124830914,2532.421200508046,1833.9406418627982,3123.3680713205986,1388.4222596850389,4746.697360788863,3952.4755482163378,0.06709392220127611,0.06842233594544377,17.55771210037438,6.538573744705134,10.318763753576167,3.954593334668962,15.86195729717719,4.867179497975826,14.991533003010412,3.7331706902441018,18.058514486021515,3.687023390664131,20.973621115431236,5.544531879384152,28.933859402064858,4.915890934545391
vocals,307.5,312.5,-355.67083740234375,102.19215393066406,144.71592712402344,75.61260223388672,5.760719299316406,39.23056411743164,15.49741268157959,33.5634651184082,8.720955848693848,18.33778953552246,21.873218536376953,21.15187644958496,-2.2912166118621826,20.065860748291016,3.2107863426208496,10.845799446105957,-4.100461959838867,11.82665729522705,-11.472325325012207,14.325874328613281,-7.054165363311768,13.247835159301758,-2.372586727142334,11.943843841552734,-8.928993225097656,9.962153434753418,0.43756312131881714,0.41764214634895325,0.45920196175575256,0.5136488080024719,0.5285139679908752,0.5083882808685303,0.48681044578552246,0.48160520195961,0.48197728395462036,0.4913337826728821,0.5089274644851685,0.49824634194374084,0.049239959711582494,0.04243658640812017,2382.0119932832445,1579.4017792373945,3000.5957147578465,1230.2476473714917,4475.858627283933,3505.4838364845787,0.06070094982598608,0.057969762158078315,18.35444802567166,6.925120657000601,10.057955000963968,4.150803117422804,16.285868294891912,5.388005435447001,15.366151030935994,4.208719419891271,18.353002568507147,3.741870905517537,21.538996459904418,6.020220895759761,29.81672284889756,4.731155984913131
vocals,310.0,315.0,-371.3163757324219,115.79544067382812,130.00877380371094,75.48771667480469,-3.9135220050811768,40.72089767456055,22.90917205810547,35.82451248168945,6.798495769500732,17.35455894470215,15.611337661743164,20.055248260498047,-3.0185203552246094,20.254480361938477,6.174725532531738,11.483002662658691,-4.11051607131958,12.113126754760742,-7.896014213562012,13.933978080749512,-4.606614112854004,12.511680603027344,-0.5751389265060425,12.149825096130371,-6.622101306915283,11.23791217803955,0.4668172299861908,0.45092153549194336,0.4832780659198761,0.5114390850067139,0.523205578327179,0.4929641783237457,0.44309544563293457,0.41044050455093384,0.425331711769104,0.4558974504470825,0.5083464980125427,0.5303651690483093,0.04082852652575442,0.03654144698829239,2641.737129702289,1483.0961068004713,3153.302726448065,1156.8917704369871,4896.880211354408,3246.749542680745,0.06891676334106729,0.05312411348855782,16.818355244908222,7.118971620884845,10.242266136840527,4.181868894662778,15.242294829943466,4.776503493827603,15.24762194173543,3.905578140993482,17.979069148391645,3.476905999543685,21.31137403321155,5.87144195953757,29.910231859509132,5.086372822357264
vocals,312.5,317.5,-394.21484375,132.6829376220703,122.51277160644531,73.06529998779297,1.3902310132980347,38.21247482299805,21.713924407958984,34.14846420288086,8.587982177734375,15.500232696533203,19.12786865234375,18.265443801879883,-4.390499591827393,21.689062118530273,6.426352024078369,12.04858684539795,-6.044166564941406,11.959770202636719,-8.239524841308594,13.837254524230957,-4.401907444000244,12.358333587646484,1.0705162286758423,10.652314186096191,-5.1684489250183105,11.3589448928833,0.42468148469924927,0.44138303399086,0.46717795729637146,0.5194692611694336,0.5084825158119202,0.4650813639163971,0.4281926453113556,0.409373015165329,0.43400049209594727,0.5208513140678406,0.5412821173667908,0.48818740248680115,0.035828604879177266,0.03592178512179195,2706.738778377888,1414.7381869478947,3406.089141964116,1132.9823236445789,5129.398836281903,3232.1559063938926,0.06761845635150812,0.051471043492555456,15.982825300488344,7.263279829014563,10.890398140731815,4.412616707766081,15.273432911421146,4.6646002295888245,15.153875676003318,3.2741704019810585,18.056739903228408,3.072735116035603,21.699968621797943,6.325646749896528,29.60394661145746,5.287240351561641
vocals,315.0,320.0,-413.48193359375,141.02333068847656,126.14693450927734,75.76447296142578,3.3627240657806396,36.41035079956055,24.764745712280273,30.4257755279541,12.623427391052246,17.269060134887695,23.718360900878906,17.683998107910156,-3.628664493560791,22.835962295532227,6.457937717437744,12.593423843383789,-5.6410298347473145,12.924881935119629,-5.246879577636719,15.176924705505371,-5.342209339141846,12.958709716796875,1.7810946702957153,10.683503150939941,-7.330856800079346,11.066094398498535,0.5086951851844788,0.49091893434524536,0.45239412784576416,0.5047785639762878,0.5009645819664001,0.49659547209739685,0.450652152299881,0.42071816325187683,0.45284557342529297,0.5530071258544922,0.5348563194274902,0.5131160616874695,0.034677151968867975,0.03323078756888523,2708.5747017835056,1806.170325798273,3368.7764127718015,1161.0569079243785,5031.475221142691,3560.4354044645133,0.0682789388776102,0.07336224218404619,16.979961153956687,7.09872069330767,10.803484137706079,4.283293790727853,15.41379129055077,4.991782679530691,15.473555689689471,4.030020843278776,17.864670488228477,2.920581343140072,21.014059339649368,6.278422942265869,29.618536005685442,4.897236378576464
vocals,317.5,322.5,-425.54266357421875,127.77433013916016,114.2287368774414,81.5809555053711,13.366863250732422,40.60307693481445,30.101621627807617,30.095678329467773,13.496136665344238,19.233304977416992,14.966761589050293,18.584321975708008,2.090939521789551,18.86528205871582,7.372742652893066,13.042459487915039,3.3080642223358154,10.927614212036133,0.7919365167617798,13.123082160949707,-3.1957762241363525,14.822508811950684,-0.5775855779647827,11.315606117248535,-4.954128742218018,11.902656555175781,0.5631442070007324,0.5066099762916565,0.5147019624710083,0.5162163972854614,0.506723940372467,0.45366933941841125,0.41374117136001587,0.41462427377700806,0.5066226720809937,0.5098634958267212,0.5264726877212524,0.5774271488189697,0.03802024867735277,0.042762009062467896,2408.355538186516,1970.5149184383665,3060.210058367143,1188.591825660752,4063.4803010803366,3683.720383770324,0.062228103248259864,0.0794104111986481,17.865612970152856,6.209263778163402,10.89391357749513,4.4794749664046405,14.747140713626358,5.14035311507148,16.277779436669107,4.9739876686307385,17.613546821299277,3.241815581513169,19.671752610048852,5.148390920156899,28.515903035122715,4.856462343131943
vocals,320.0,325.0,-384.7840881347656,114.84858703613281,134.47811889648438,79.83126831054688,11.800774574279785,43.22303009033203,30.47462272644043,32.53085708618164,10.020522117614746,20.54360008239746,10.291208267211914,21.503524780273438,0.13698072731494904,17.81302833557129,7.132360458374023,13.561158180236816,2.710561752319336,12.190620422363281,-4.3505473136901855,15.32213020324707,-7.054401874542236,14.512117385864258,-2.5327024459838867,11.301786422729492,-7.840325355529785,12.60116195678711,0.46121954917907715,0.46569979190826416,0.4884457290172577,0.4899504482746124,0.46915099024772644,0.4379986822605133,0.43230485916137695,0.4142341613769531,0.40756627917289734,0.44968727231025696,0.4562240540981293,0.4454970955848694,0.051661960713229337,0.049400734538270784,2031.8926573152264,1672.2655025560996,2647.618323680715,1056.2425507422722,3276.893874166183,3180.206359228609,0.04999614812935035,0.05952390451534105,19.03288003103321,6.15581207550531,10.889728321026057,4.4795586364633255,15.638831878289151,5.1878460668018285,16.98283024038865,5.129991608970571,17.946356864913493,3.6631773718365923,20.77672961157894,5.210807838314884,29.28983791770249,4.971348742060991
vocals,322.5,327.5,-345.9646911621094,92.13655090332031,159.20150756835938,72.18155670166016,2.5200581550598145,38.91466522216797,19.712316513061523,34.29239273071289,8.519268989562988,18.220529556274414,13.772221565246582,20.87364387512207,-4.431446552276611,16.988821029663086,2.974073886871338,13.661582946777344,0.9407415390014648,12.599503517150879,-10.1012544631958,14.59048080444336,-10.390135765075684,11.083242416381836,-4.780111789703369,10.182555198669434,-11.094049453735352,10.535733222961426,0.3750728964805603,0.3879311680793762,0.4595741629600525,0.496805876493454,0.5114250183105469,0.5022744536399841,0.49786779284477234,0.47637075185775757,0.4123312830924988,0.40062278509140015,0.3872661888599396,0.39316022396087646,0.055309765330629784,0.04277394850298156,2105.4680920887204,1613.2771774845457,2569.6797257299672,1112.6764262053773,3720.3479598680397,3226.3652168158856,0.05462179161832947,0.05574490795567681,19.14056006742509,6.56734426429721,9.952797165487436,4.060617007001133,15.421806580865171,5.040987632162328,15.937510630418178,4.625577029215045,18.21519081823805,3.6696104586965634,22.142685606924026,6.206836589109734,29.93883702683334,4.5407102850851295
vocals,325.0,330.0,-395.6073913574219,125.73868560791016,149.3429412841797,77.33772277832031,3.277493953704834,34.6583366394043,16.86579132080078,31.208520889282227,12.021103858947754,17.732221603393555,18.08938217163086,17.855302810668945,-3.8255085945129395,17.42211151123047,1.0376636981964111,12.367975234985352,2.3653664588928223,11.139796257019043,-6.352954864501953,14.57399845123291,-5.917054653167725,11.66092586517334,-3.3681318759918213,9.79451847076416,-8.99819278717041,11.796335220336914,0.43912869691848755,0.39472776651382446,0.46956369280815125,0.5607537627220154,0.575369119644165,0.5442038774490356,0.5168469548225403,0.511788547039032,0.4353146553039551,0.39643383026123047,0.39631181955337524,0.46659544110298157,0.04439698871369422,0.040886843209636155,2219.319691235179,1551.0936544568995,2951.5023353621737,1526.6299639457507,4365.095027914733,3858.0370496376763,0.06021153567285383,0.06401340919223511,17.63585110944899,6.639989621695012,10.871526368724426,4.324933903559403,14.564987914849198,4.476309123290911,15.041851008767043,4.344690702315202,17.920535862179566,3.428014508610586,21.45950186059458,6.041777255405684,28.544310799183126,5.088522815732748
vocals,327.5,332.5,-417.6771240234375,124.51382446289062,136.11866760253906,83.77979278564453,2.9998297691345215,38.517120361328125,19.136856079101562,33.0135383605957,12.868581771850586,17.59538459777832,18.144378662109375,18.947998046875,-2.581411600112915,18.361194610595703,1.9408469200134277,12.104072570800781,-2.85424542427063,12.21254825592041,-6.041284084320068,15.758769989013672,-1.3382055759429932,11.691640853881836,-0.2196643203496933,9.88579273223877,-10.920929908752441,12.29104232788086,0.4233492612838745,0.38167116045951843,0.4656548500061035,0.5063620209693909,0.49541762471199036,0.48040658235549927,0.5027350187301636,0.5289440751075745,0.47826722264289856,0.40323606133461,0.4352527856826782,0.4899612069129944,0.03972099720430655,0.03921996828280053,2490.516596531164,1787.2892502714371,3054.387072411093,1505.4875869614252,4644.377175174014,4018.9939809661505,0.07293403784802784,0.07533429699644424,16.71031859906771,7.058845331200406,10.79216790677758,4.129919662709187,14.5792841670721,4.879127485277256,15.502734060536527,4.254851486285913,17.852884923727956,3.314794064545704,21.217638395124812,5.7490635449885445,28.381002027070267,4.848904678644782
vocals,330.0,335.0,-390.1056823730469,120.65413665771484,132.80535888671875,86.5915756225586,6.86285924911499,39.10529327392578,16.322330474853516,31.85212516784668,7.987731456756592,19.163145065307617,17.057329177856445,23.17466163635254,-7.896289348602295,19.844009399414062,-0.2728424370288849,12.355751991271973,-3.953862428665161,12.448598861694336,-5.758176803588867,15.253213882446289,-1.7220158576965332,9.882481575012207,-1.222702980041504,9.452718734741211,-11.787898063659668,10.68409538269043,0.43172481656074524,0.39399752020835876,0.43239647150039673,0.4859989881515503,0.49521565437316895,0.5200114846229553,0.5032545328140259,0.5168310403823853,0.48414096236228943,0.42877304553985596,0.4200715720653534,0.4476078748703003,0.04226527123503955,0.039166791120168916,2711.4396822988856,2006.3049607651965,3157.0423128020625,1543.860059121055,5024.78044337297,4519.454644689243,0.08201878806554525,0.08764744676700628,17.029332573702394,6.805743993775643,9.960396618295592,3.7843832132284776,14.582211158021822,4.812320112002693,15.836844144859882,4.738442315703677,17.801977622274435,3.5256235216267724,21.575323505660705,6.284064214052484,29.305900664764565,5.411789622287196
vocals,332.5,337.5,-376.157958984375,126.52286529541016,145.13954162597656,83.52145385742188,6.87229061126709,38.74909973144531,14.072391510009766,27.998668670654297,6.709479331970215,20.42503547668457,17.46649169921875,22.60079574584961,-8.526080131530762,19.952348709106445,0.2540445327758789,12.087540626525879,-0.4119855463504791,12.657349586486816,-5.011507987976074,14.722058296203613,-6.844711780548096,10.323859214782715,-3.427476167678833,9.838360786437988,-9.792828559875488,9.236733436584473,0.4508756995201111,0.43466323614120483,0.48915401101112366,0.5424243807792664,0.5422864556312561,0.5553551316261292,0.4934329390525818,0.4690418243408203,0.4402472674846649,0.46186599135398865,0.4151580035686493,0.4230307638645172,0.0471450994370767,0.039486073361409066,2573.5715213391322,2025.7971924997908,3191.073843755484,1798.4732239453433,5077.539289080626,5030.093486056915,0.07838443481728538,0.09135739952315808,18.149730124125213,6.936416608657233,10.265177500736955,3.935558689073772,15.202594808700107,4.670249079935777,15.912957339870678,4.834595930052505,17.57662072773716,3.033731979052297,21.660945642798815,5.928314315674649,29.456949486475715,5.2265989556337935
vocals,335.0,340.0,-346.1658630371094,100.1539535522461,173.50827026367188,73.54615783691406,-1.1914914846420288,40.94469451904297,13.042191505432129,28.634546279907227,7.446969032287598,19.386686325073242,23.55529022216797,19.78407859802246,-6.458969593048096,19.637514114379883,3.20904803276062,10.343342781066895,-0.08031732589006424,12.849102020263672,-7.317422866821289,15.729598999023438,-9.517001152038574,12.796049118041992,-3.448350667953491,9.388395309448242,-9.798152923583984,9.861820220947266,0.4242686927318573,0.4131017327308655,0.4621084928512573,0.5247892737388611,0.5530994534492493,0.5564575791358948,0.46857333183288574,0.41813069581985474,0.4019621014595032,0.4138307571411133,0.36521604657173157,0.4165222942829132,0.05537666937783451,0.03508223433606617,2074.579924770672,1686.546231911707,2640.6029600729994,1430.7368622281188,3837.5565318662993,3940.7517049067806,0.05637665857018562,0.0657447512148622,19.170816720628615,6.090136446179087,10.18089961982008,4.046442837982203,15.723562520278033,4.77376015425427,15.428421912525618,4.543925379870702,17.817462944318454,3.5082633984516134,21.538498771547324,5.7455804820116105,29.88558955529628,4.273130255831843
vocals,337.5,342.5,-354.9762268066406,87.18883514404297,170.3311767578125,67.7467041015625,-3.049670457839966,39.731231689453125,11.90777587890625,27.8792667388916,11.53370475769043,16.609607696533203,24.13132667541504,18.557039260864258,-4.407083034515381,17.584354400634766,1.8017657995224,11.185190200805664,-0.05907013639807701,11.464062690734863,-7.086328506469727,15.04786491394043,-8.523163795471191,12.09457778930664,-4.251737594604492,7.946453094482422,-8.432186126708984,11.19095230102539,0.43629324436187744,0.40932849049568176,0.4567038416862488,0.5067675113677979,0.5483769774436951,0.5915418863296509,0.5381383895874023,0.47010916471481323,0.4180275797843933,0.42000600695610046,0.4072955846786499,0.4532945454120636,0.047771001761085556,0.03424697024604298,1979.8252376588202,1419.6596022665558,2528.7268349308997,1046.5817334301792,3522.9519377175175,2931.428987948666,0.04879300500290023,0.046222609289772364,18.46740555647251,6.153214207831986,9.639883037019205,4.431562876230102,15.392779584467121,4.874881916463119,15.19655620358812,4.625036286170055,17.53192176149765,3.749690559408716,20.08254558112844,5.1735161804681855,29.635162943112856,4.244439372514457
vocals,340.0,345.0,-370.8601379394531,88.6824722290039,163.1918487548828,70.39453887939453,-3.4206559658050537,36.811180114746094,14.793129920959473,27.583322525024414,11.667754173278809,16.006078720092773,22.928028106689453,20.800140380859375,-5.11124849319458,17.278921127319336,2.5033175945281982,11.577886581420898,-1.8943443298339844,11.67426872253418,-4.9854512214660645,13.23879623413086,-7.516585826873779,10.408848762512207,-4.643266201019287,8.82026195526123,-10.115042686462402,10.505693435668945,0.42397820949554443,0.39507290720939636,0.44605326652526855,0.4681224524974823,0.540054976940155,0.5605502128601074,0.513927698135376,0.45464372634887695,0.4213201701641083,0.4580831527709961,0.4928016662597656,0.4832282066345215,0.04137240174819884,0.03348209491313408,2175.8086172817525,1563.887660828311,2731.857336810508,1131.183815416188,3999.2803799303942,3229.600025379587,0.05328383301914153,0.05167308126312968,18.431173979222873,6.577579678730973,10.524756083110647,4.660049763648124,15.437549874061023,4.5248081750663,15.496171263580987,4.75321835140421,17.20843354437486,3.469869054218018,19.878345002026222,5.322738884170917,29.328672330519876,4.0831825627508405
vocals,342.5,347.5,-364.6153869628906,85.45013427734375,158.43356323242188,70.42131805419922,-4.724923610687256,37.60066223144531,12.33016300201416,29.474884033203125,6.061366558074951,18.749265670776367,14.41877555847168,25.108261108398438,-7.339379787445068,15.733231544494629,1.8762788772583008,11.613917350769043,-1.1643271446228027,12.21591854095459,-5.004249572753906,12.601913452148438,-7.256109714508057,9.774279594421387,-6.350900650024414,8.233661651611328,-10.340049743652344,10.215354919433594,0.4872022867202759,0.41196274757385254,0.3844964802265167,0.3876011073589325,0.42812657356262207,0.46822309494018555,0.4683421850204468,0.4684397280216217,0.4291619062423706,0.39253538846969604,0.3805845081806183,0.4562288224697113,0.04476189556539171,0.0388485676985639,2249.1987843836037,1525.8092235996064,2714.8512861344293,1114.2951657251365,4104.698149289443,3162.930521428145,0.05618406503770302,0.05137201148611033,18.345248300137456,6.572249739183231,11.00003836318043,5.042583237974543,15.17557236680936,4.872567602333451,16.366010649823373,4.551825444599339,17.537583670215405,3.5652973749111205,21.109318254095598,5.618342745331599,29.427424671958093,4.439941355375206
vocals,345.0,350.0,-428.8504943847656,130.9916534423828,132.4615478515625,86.00191497802734,2.2280330657958984,38.14870071411133,9.269750595092773,29.504701614379883,3.480753183364868,17.599796295166016,12.53084659576416,23.70201301574707,-5.131776809692383,16.235525131225586,2.095154285430908,10.543367385864258,0.9609954953193665,11.2340669631958,-5.181601047515869,12.816717147827148,-5.630966663360596,8.947785377502441,-4.400380611419678,7.685033798217773,-7.046604156494141,10.156078338623047,0.47499004006385803,0.4223442077636719,0.4164169132709503,0.42917516827583313,0.4289295971393585,0.5567767024040222,0.47250401973724365,0.4312911629676819,0.3747299313545227,0.3635094463825226,0.36252695322036743,0.41384264826774597,0.0332279536194961,0.03633317945017848,3192.8085146300687,2790.3344491066086,3636.620081855633,2400.918721141829,6600.651192720417,7082.331553893773,0.15795841792343387,0.24428334012695188,17.15291591786309,6.464968604205612,9.865580537653067,3.9894925264318752,14.215063300962356,5.050031619048465,15.686577706641588,4.6260874118286015,17.159017577527223,3.60303912424551,20.03253325528893,5.86167470877854,28.08647865593146,5.055370508156012
vocals,347.5,352.5,-609.2171630859375,159.13612365722656,58.04535675048828,88.60789489746094,5.160083770751953,24.738462448120117,6.3261213302612305,21.063095092773438,3.0769267082214355,12.138768196105957,11.932278633117676,19.88257598876953,-1.1861939430236816,12.697208404541016,2.5309786796569824,5.581387996673584,1.027005910873413,7.527588844299316,-1.643306851387024,10.215595245361328,-1.643476128578186,7.0867600440979,-0.14551743865013123,5.5709075927734375,-2.741858720779419,8.06583023071289,0.2697128653526306,0.2649635672569275,0.28976988792419434,0.29838523268699646,0.32571518421173096,0.8670154213905334,0.48368045687675476,0.25740471482276917,0.21759569644927979,0.22228550910949707,0.23497657477855682,0.2337370663881302,0.01234552645345441,0.022735430295392985,7468.638957747703,4141.907574578224,6545.191443401591,2798.9257458854586,15390.194949970997,8829.5443978811,0.59242110462587,0.41976229805570875,18.904637694375154,5.989431247694093,8.565596665516608,3.8001046302272505,11.771612729888963,4.777819451740515,13.525894626580747,4.470129180456289,14.898943573246733,4.055225713506203,15.803092747387536,5.3046566723083854,24.553473947863974,4.687909870490672
vocals,350.0,355.0,-520.2879028320312,142.4967041015625,49.59297561645508,81.90328979492188,0.548153817653656,20.967586517333984,9.839235305786133,24.548627853393555,3.8933334350585938,10.324442863464355,3.646336078643799,10.980565071105957,-1.094279408454895,10.299620628356934,0.3134256899356842,7.763463497161865,-1.63579261302948,8.051812171936035,-2.815046787261963,8.089295387268066,-5.0144944190979,9.447205543518066,-4.388133525848389,8.950121879577637,-4.506257057189941,8.271985054016113,0.22646039724349976,0.2129063606262207,0.2167941778898239,0.22952581942081451,0.2725575268268585,0.7912165522575378,0.37132376432418823,0.2604089677333832,0.24034163355827332,0.23989565670490265,0.23384320735931396,0.2039281725883484,0.02348451393153463,0.04546600084953721,7599.164895333097,4084.1909310331416,6509.235071504713,2776.9264011090195,15409.180140661252,8393.083229219828,0.6124802874854989,0.4328971690046362,21.026868314052177,5.7393529998202375,8.62201825126877,4.510018882504554,12.692199456323946,5.697020240788644,13.532143535573184,4.65824763983955,14.90134381466397,3.9803091044868073,15.787780136195122,5.142242457270432,24.751531880871426,4.767908923514391
vocals,352.5,357.5,-387.81494140625,137.5100860595703,125.76026916503906,84.11846923828125,3.2625858783721924,34.711856842041016,20.42894744873047,30.59064483642578,9.984952926635742,15.069991111755371,10.592628479003906,21.025875091552734,-8.104744911193848,18.937183380126953,0.2293778955936432,10.813728332519531,-3.6489367485046387,13.802044868469238,-6.6800408363342285,11.43945026397705,-10.358131408691406,11.055183410644531,-7.316287517547607,10.814312934875488,-10.239289283752441,9.332137107849121,0.3806213140487671,0.35084566473960876,0.35767123103141785,0.39127421379089355,0.4218929708003998,0.5268247127532959,0.4323338270187378,0.4429550766944885,0.41553768515586853,0.4483930766582489,0.43543097376823425,0.3795657753944397,0.048403550189127315,0.04759065304871227,3368.980120510454,2923.36851457103,3750.950886110757,2296.7418940623884,6851.855242169374,6599.580125935313,0.1774454847012761,0.2972817709339702,20.24834391946594,6.00570029543669,9.599322471706175,4.176419425012745,15.658815832351227,5.34458180426555,15.66102266700169,4.893025796019517,17.24777389091554,3.6231971013436968,20.16190683411297,6.549100003614222,28.991036971607972,4.85624948445455
vocals,355.0,360.0,-341.4958801269531,90.8920669555664,139.7041473388672,72.27644348144531,3.1132736206054688,39.216697692871094,23.367767333984375,32.65107345581055,9.137969017028809,16.000139236450195,7.650928974151611,21.518003463745117,-8.5748872756958,19.761234283447266,1.0002963542938232,10.447090148925781,-4.382218360900879,15.035341262817383,-8.535185813903809,12.635392189025879,-11.119745254516602,11.279487609863281,-7.100012302398682,10.200227737426758,-10.967714309692383,9.401473999023438,0.4365214407444,0.40068376064300537,0.4044366478919983,0.45088815689086914,0.4815988838672638,0.4806175231933594,0.4682164490222931,0.4630652666091919,0.46818530559539795,0.4688900113105774,0.43517810106277466,0.4340391159057617,0.05027057683303857,0.04269310037683574,2448.409275617637,1687.383691949073,2837.5807431224503,1150.4944087695205,4468.714200261021,3402.799642705826,0.06355813152552205,0.058067570644766066,19.476111307539636,5.996681799223328,9.874589089483313,3.7341814361658834,15.933479810867123,4.614631512233227,15.988721150028294,5.1717332913406455,17.478037921204724,3.1417576408707992,21.74998215061997,6.647998255769216,30.87877292129781,4.640430777077929
vocals,357.5,362.5,-381.7802734375,123.88375854492188,113.93812561035156,84.7568588256836,1.7510262727737427,38.027587890625,18.6212100982666,32.29133987426758,5.127593994140625,18.346464157104492,10.532828330993652,19.349376678466797,-4.2832207679748535,15.853638648986816,1.0492725372314453,10.774550437927246,-4.259616851806641,12.223673820495605,-6.637882232666016,12.656428337097168,-9.380414962768555,11.85647964477539,-6.984141826629639,9.423772811889648,-8.947038650512695,10.05459213256836,0.35556256771087646,0.38734903931617737,0.4393503963947296,0.4680200517177582,0.48311373591423035,0.5268384218215942,0.49737244844436646,0.48978298902511597,0.47540777921676636,0.46864399313926697,0.4177127480506897,0.3656120002269745,0.04563825636247042,0.049256521958567424,3184.0890437989906,2310.518212728568,3457.701804184691,1813.6291917760686,6229.0410654727375,5302.003060306408,0.12472583744199536,0.1532461256938915,17.879176519088233,7.1829818330562345,10.289547227516417,4.412269070888472,15.592019603533185,5.118693264878154,15.809298323031241,4.383657940047388,17.52735902633231,3.2353209474012483,20.102610243570137,5.715072580434849,29.416751613734846,5.387211064291276
vocals,360.0,365.0,-462.9868469238281,150.19015502929688,80.52314758300781,84.04874420166016,-1.4447563886642456,37.27006912231445,15.687475204467773,26.073637008666992,7.097285747528076,19.69174575805664,14.792623519897461,19.45661735534668,-2.3653080463409424,13.915719985961914,0.8415629267692566,10.008164405822754,-2.474323272705078,9.0503568649292,-2.488680362701416,10.33076286315918,-4.33709192276001,10.628856658935547,-3.3143625259399414,9.186739921569824,-3.775700807571411,9.244690895080566,0.4042721390724182,0.45146501064300537,0.4882599413394928,0.4823819696903229,0.5531293153762817,0.5947932600975037,0.6463104486465454,0.5720788240432739,0.5135356783866882,0.4586575925350189,0.3617033362388611,0.3560544550418854,0.030235456971896908,0.043437215880254385,3798.2381371788565,2124.37000158729,4171.118418842159,1852.5798958758187,7642.788278531032,5126.486148245974,0.16270188333816704,0.14973167522617326,14.132995758177938,6.84701444429265,10.232313786753194,3.680725200057601,14.362098071948504,4.400274634642293,15.324858183594966,3.827534101680408,17.33408978459779,3.446893415156471,18.189159769114394,4.188196163065864,26.882762995349825,5.822910002134089
vocals,362.5,367.5,-427.0577392578125,148.9413299560547,114.11559295654297,88.00580596923828,-2.675576686859131,39.533626556396484,20.02043914794922,25.78959846496582,8.171751976013184,18.725038528442383,18.234336853027344,18.933917999267578,-4.070716857910156,15.674551010131836,2.756103038787842,9.459689140319824,-0.9591395854949951,11.833237648010254,-3.184840679168701,12.166299819946289,-4.7132158279418945,10.403070449829102,-2.279724359512329,9.699728965759277,-4.144035816192627,9.520791053771973,0.37033993005752563,0.3929993510246277,0.4438704550266266,0.5113330483436584,0.5211854577064514,0.5495007038116455,0.5971037745475769,0.619228720664978,0.4985927641391754,0.44977736473083496,0.42427271604537964,0.3632638454437256,0.036062275510917556,0.0370527005522455,2917.792474898513,1794.2363975558092,3397.381887497064,1498.6038145804764,5344.580984447506,3865.2736556460527,0.1021244199535963,0.08914289312195194,15.857827000709618,6.609290033861042,10.219490885992132,3.905764177450458,14.148844497254496,4.114371648960392,14.874495133632102,3.8478715692523147,17.57547182845712,3.4943162724831356,19.227181299384835,4.711915602013607,28.303377474713134,5.567087266839291
vocals,365.0,370.0,-359.3888854980469,109.31455993652344,146.53903198242188,77.57424926757812,0.9426739811897278,37.641685485839844,18.49599266052246,25.75881576538086,7.352390766143799,19.960790634155273,17.665315628051758,20.444169998168945,-7.5236663818359375,15.762619018554688,0.7055461406707764,10.844406127929688,-1.4676544666290283,12.895781517028809,-6.327613353729248,14.477368354797363,-3.9626052379608154,11.424964904785156,-4.301693439483643,9.57634449005127,-8.526283264160156,10.699362754821777,0.3594569265842438,0.39663758873939514,0.4300609230995178,0.46343398094177246,0.5035626888275146,0.5276685357093811,0.5760175585746765,0.5530701279640198,0.4588890075683594,0.4250064790248871,0.41900068521499634,0.36587584018707275,0.0493242570659838,0.0407636437122246,2356.7070252280178,1733.6697255317797,2794.0558069328754,1104.2324186235935,4119.93626286978,3324.242296109727,0.06704520736658932,0.06563765879556914,18.89290662475094,6.733446478961036,10.382007625282231,3.972957396987121,14.724349140080431,4.8639478843068025,14.753077932575108,4.132491625331526,17.51968170390444,3.2344521274246985,20.638541399925266,5.702443401171083,29.99037268426477,4.552523389465055
vocals,367.5,372.5,-356.355712890625,104.51083374023438,149.06362915039062,76.94754028320312,-0.38915279507637024,38.35089111328125,20.402544021606445,29.029151916503906,9.474928855895996,21.43140983581543,14.916631698608398,21.554899215698242,-8.400599479675293,17.384307861328125,0.3499024212360382,10.556374549865723,-2.1057474613189697,12.166638374328613,-8.51545524597168,14.610712051391602,-4.021553993225098,12.054473876953125,-4.5388503074646,10.794028282165527,-10.355557441711426,11.075342178344727,0.3512466251850128,0.36638569831848145,0.37542060017585754,0.40290191769599915,0.46158063411712646,0.5013373494148254,0.521693229675293,0.5168934464454651,0.4804125726222992,0.43374103307724,0.3642483949661255,0.3312225937843323,0.05381262934036211,0.0411423907735902,2294.4215681456217,1745.7788326149882,2637.830593655236,1133.741900853225,3977.697215777262,3281.996750407279,0.06401922310034802,0.06256412064371529,19.268788393242165,7.026513289572649,11.347411464905337,4.191901474380925,15.879830696691808,5.051390330623374,15.201880508586417,4.23841631525949,17.644036531060557,3.6021581808391665,21.870684058455726,6.107457589543494,29.880095297701313,4.772868908090629
vocals,370.0,375.0,-341.79705810546875,85.11759185791016,151.7941436767578,72.02792358398438,3.3875741958618164,43.7120475769043,21.25234031677246,30.49959945678711,12.999383926391602,18.990434646606445,10.908117294311523,20.35597801208496,-6.323480129241943,19.042070388793945,-0.9071779251098633,10.165295600891113,0.6408098340034485,11.484369277954102,-7.848841190338135,12.740306854248047,-6.935504913330078,11.193218231201172,-6.96665620803833,11.645581245422363,-10.528010368347168,10.30611801147461,0.3514009118080139,0.32830101251602173,0.36863380670547485,0.435881644487381,0.45647698640823364,0.48759230971336365,0.46977001428604126,0.46646225452423096,0.45436474680900574,0.42677775025367737,0.33152860403060913,0.3235548734664917,0.059635005708124265,0.04805758805353496,2050.326556486821,1602.7808963217187,2364.5258525494037,985.237524385732,3440.516241299304,2871.1549007005465,0.05661456822795824,0.05974547746002522,19.48869888650949,7.496946255722924,11.125257878494919,4.180104002107595,15.988025499825955,4.617584956345969,15.95136144945015,4.400825285609927,17.921763152420272,3.4287838681281,22.125176816795893,5.837660159214487,30.35080497131617,4.453480765615234
vocals,372.5,377.5,-347.84039306640625,98.58753204345703,149.88412475585938,77.82388305664062,2.204805612564087,36.84744644165039,18.914775848388672,28.896533966064453,11.016039848327637,16.842571258544922,8.281432151794434,15.708255767822266,-6.018035888671875,17.40610694885254,-0.7943170666694641,11.009520530700684,-0.08962439000606537,12.20113754272461,-5.420565128326416,13.364076614379883,-6.687140941619873,12.057853698730469,-7.255683898925781,12.419657707214355,-8.236006736755371,9.854622840881348,0.4493725299835205,0.4026409387588501,0.42999011278152466,0.48038262128829956,0.4778943657875061,0.44809362292289734,0.4292094111442566,0.47310671210289,0.45820435881614685,0.4678819179534912,0.42947137355804443,0.4597914218902588,0.06224055695281312,0.05894914020242796,2167.2978748033365,1658.9537905836319,2538.035601362238,1152.2983174918797,3806.8804605930973,3109.1891871517537,0.05770555394431554,0.05768228250067642,18.158068344870035,6.926515478220958,10.574979047612327,4.204386090402609,15.336610601298052,4.79428833304581,15.98736721117813,4.527116681899919,17.21569399082377,3.1484453411711555,21.481799958761375,5.795133371750442,29.892355730545837,3.8704136996969956
vocals,375.0,380.0,-342.50421142578125,103.07444763183594,152.60946655273438,74.78018951416016,4.267043590545654,30.31308364868164,16.445995330810547,29.21422004699707,9.957708358764648,17.34325408935547,12.261608123779297,15.460542678833008,-3.868715286254883,15.693479537963867,1.5459856986999512,10.526105880737305,-2.7391815185546875,13.278984069824219,-6.057013988494873,15.362017631530762,-6.090728759765625,12.032988548278809,-5.365345478057861,11.718343734741211,-5.902186393737793,9.438087463378906,0.5028344988822937,0.42769429087638855,0.43116530776023865,0.48703429102897644,0.5226903557777405,0.5043095350265503,0.4710756242275238,0.4776710569858551,0.4764742851257324,0.4884171187877655,0.474324494600296,0.53399658203125,0.05825584900035769,0.05177708216602056,2174.538006059647,1588.7399263594275,2768.3356234892562,1164.8637092299887,3884.1202100855567,3122.5708555125348,0.05500697868329466,0.05323257337100964,17.864910251767327,6.939983905053152,9.910707092069435,4.139359425919733,15.001497907078425,4.517298076822459,15.386505854433395,4.428251303827149,17.116249212268475,3.2084609338873222,21.07492403990931,6.16660217653459,29.049378630677218,4.086269493358751
vocals,377.5,382.5,-333.4280090332031,99.15410614013672,159.3380889892578,74.34347534179688,2.588973045349121,30.989595413208008,20.964557647705078,33.234371185302734,13.339861869812012,23.041135787963867,15.353588104248047,19.844343185424805,-3.8662867546081543,15.726435661315918,3.5226783752441406,10.139951705932617,-0.22968775033950806,13.048844337463379,-8.21458911895752,15.90365982055664,-8.193252563476562,10.591415405273438,-6.608673572540283,10.159759521484375,-7.979889392852783,10.81491470336914,0.4311622679233551,0.43021252751350403,0.4995925724506378,0.5948897004127502,0.5889962911605835,0.5237367749214172,0.4540973901748657,0.4232862889766693,0.42115873098373413,0.40892747044563293,0.4408799409866333,0.47432941198349,0.06466360315677802,0.05065110267223394,2054.163697809956,1568.600242804567,2591.773791589814,1036.5138429963567,3624.822474079176,2849.769380575495,0.05281481112238979,0.05860079861235527,18.956742703714934,7.212486551794762,9.838627321469207,3.7960696738050115,15.450796354655791,4.561574387805613,15.221020422416128,4.363535343365965,17.015220619637326,3.348979855195292,22.39187098261493,7.27714174075034,29.63839525431485,4.439017463865939
vocals,380.0,385.0,-330.4494323730469,80.38855743408203,165.5050048828125,69.53300476074219,8.959254264831543,36.21237564086914,28.373613357543945,33.47890853881836,18.47671127319336,23.69988441467285,17.81838607788086,20.618148803710938,-7.645168304443359,18.461408615112305,1.8681806325912476,12.136116981506348,1.987325668334961,12.000407218933105,-9.323936462402344,16.575014114379883,-7.956324100494385,9.900315284729004,-7.040744781494141,9.637208938598633,-11.514867782592773,10.602926254272461,0.4150514602661133,0.4136744737625122,0.47006240487098694,0.5734906196594238,0.5752707719802856,0.48692941665649414,0.41624462604522705,0.3825992941856384,0.33801785111427307,0.38540709018707275,0.4104331135749817,0.4157555103302002,0.0680324398043291,0.0443704433747677,1814.7805265487434,1491.129112188566,2374.384804286206,813.286913680735,3062.111414225638,2522.8393229627613,0.0459902026537123,0.057196418260866924,19.953309503025228,6.363528940894136,9.93081158560779,3.4272614907848036,16.450791051535045,4.284938268932891,15.872339089611538,4.933685231494848,17.615655856764686,3.3976346351244047,23.59474983265542,7.044755548891428,30.50096746498665,4.269754109246139
vocals,382.5,387.5,-373.96295166015625,103.89094543457031,140.72946166992188,78.84375,5.4359307289123535,39.34882354736328,29.486663818359375,36.322265625,16.634185791015625,20.34421730041504,15.77644157409668,20.40480613708496,-9.348311424255371,22.270015716552734,2.718993902206421,13.03104305267334,-1.078413963317871,11.364633560180664,-7.424594879150391,15.528769493103027,-2.5147807598114014,9.625783920288086,-3.6766276359558105,9.150697708129883,-10.93244743347168,10.891291618347168,0.4263584017753601,0.48138076066970825,0.5482950210571289,0.5116091966629028,0.4466972053050995,0.4068830907344818,0.41200631856918335,0.39066264033317566,0.45374545454978943,0.470837265253067,0.4807526767253876,0.4519786834716797,0.04702602393866172,0.0341334775100664,2324.862866714378,1669.6653559376919,2771.135936857023,1079.3419552815471,3959.8611287340486,3059.5537540979253,0.06581147585556844,0.06344762111547524,17.520146632162234,6.103801066865603,8.864679156812956,3.3303197378954157,15.665554521884745,4.469520613316571,15.68762523061316,5.015923849528636,17.864633746285214,3.124535173416941,22.477146575396027,6.9335212484604885,29.8485044500712,5.062122231467903
vocals,385.0,390.0,-392.734619140625,134.68386840820312,116.34004211425781,84.13860321044922,-4.8043599128723145,34.17776107788086,26.353275299072266,41.24088668823242,19.189653396606445,21.665292739868164,16.444374084472656,19.624168395996094,-7.860195159912109,21.992490768432617,2.1593174934387207,11.845039367675781,-5.617482662200928,10.810564041137695,-7.06217622756958,14.258156776428223,-0.8647712469100952,9.640687942504883,-1.2077745199203491,8.886199951171875,-9.760004997253418,11.958632469177246,0.45823392271995544,0.4528506398200989,0.5239211916923523,0.5614743828773499,0.5333499312400818,0.4950369596481323,0.4473379850387573,0.4494745135307312,0.43499669432640076,0.488080233335495,0.48236119747161865,0.4905151128768921,0.042971198706248326,0.04231537148236635,2892.8449643494923,1768.7018602940352,3151.7229411036037,1279.9864868302989,5152.830558475928,3385.782994918819,0.09022100674303944,0.07555776144451452,16.782198321408117,7.160977683873406,8.791851812228835,3.512447155678901,14.717125918010872,4.350651756873124,14.631306915684803,4.2265903837932495,17.53451072640823,3.2603768832002005,22.03236044035213,7.112299118699921,29.06474150155079,5.435113766602775
vocals,387.5,392.5,-368.3193054199219,121.01251220703125,133.2128143310547,83.79056549072266,-1.9496374130249023,36.51209259033203,23.708358764648438,42.26481246948242,18.429643630981445,23.451431274414062,17.234527587890625,22.47428321838379,-8.426755905151367,21.121461868286133,2.595808267593384,12.488483428955078,-6.693217754364014,11.658236503601074,-7.039920330047607,13.599902153015137,-5.47070837020874,10.617169380187988,-3.2526278495788574,9.312652587890625,-10.484065055847168,12.87769889831543,0.4138018488883972,0.38920363783836365,0.46654465794563293,0.5524088144302368,0.5563361048698425,0.5204112529754639,0.4582255184650421,0.442522257566452,0.4043111801147461,0.40732645988464355,0.3717312216758728,0.4119517505168915,0.048807293871732854,0.041363715278135385,2617.098574795777,1807.7245398801813,2959.390355638033,1153.0682805785377,4497.54171349333,3348.185995708424,0.07836630836716937,0.07796435817780913,18.20729222696744,6.799858360052622,9.610410732551307,3.7609068982829954,14.995846145172044,4.512876911057751,14.919814811739858,4.142571904551205,17.93665741937269,3.489438950727917,22.17952047518892,6.686270182454231,28.768924883527955,5.029952989423094
vocals,390.0,395.0,-367.19122314453125,116.8256607055664,136.68458557128906,78.87841033935547,2.16286039352417,38.898746490478516,14.953184127807617,35.30017852783203,16.15627098083496,22.342626571655273,16.325916290283203,24.224384307861328,-10.17227840423584,20.47540283203125,2.420938014984131,11.56822681427002,-1.9973589181900024,12.075504302978516,-5.56511926651001,12.33421802520752,-6.60098123550415,12.144524574279785,-3.627591848373413,9.293231010437012,-8.468465805053711,12.689743041992188,0.44350630044937134,0.3981297016143799,0.4334835708141327,0.48479828238487244,0.547076940536499,0.5284240245819092,0.4540606737136841,0.4085105061531067,0.37136414647102356,0.4066384434700012,0.4179992079734802,0.47928258776664734,0.04759044050168934,0.0411903543450338,2415.5122442578236,1579.9956285085082,3016.2506954300143,1186.9327959972043,4224.50469475058,3098.742438805752,0.06627030162412993,0.06302260847466562,18.0521608424989,7.7249694427875015,9.616272375275363,4.035383989309139,14.815625280467636,4.898471449403349,15.285415262409929,4.4838268820633,17.694347840192197,3.557610208340019,22.68807168054977,7.061968708488238,28.53374044827563,5.013285307271567
vocals,392.5,397.5,-383.9681701660156,115.26429748535156,138.68736267089844,73.68721771240234,4.187638282775879,41.50025177001953,14.005712509155273,26.73862648010254,23.298131942749023,22.793113708496094,19.73012351989746,24.513702392578125,-13.885334014892578,20.469017028808594,-2.2303617000579834,9.857439994812012,1.7634795904159546,11.123251914978027,-4.607221603393555,12.823514938354492,-5.884334087371826,12.850870132446289,-1.2504701614379883,8.131546974182129,-8.805532455444336,13.936285972595215,0.45544588565826416,0.3988145887851715,0.4260426461696625,0.5049677491188049,0.536449670791626,0.5163317918777466,0.4657754898071289,0.42766237258911133,0.4057884216308594,0.4884835183620453,0.5167020559310913,0.49492016434669495,0.05172078171029164,0.04975945263293492,2317.532938599372,1555.6162965263688,3013.593556425279,1237.089328898398,4238.593704683874,3157.1703067541002,0.06384588892111369,0.06416564231852805,17.800722332263636,8.079122070741969,9.983317413769104,4.0785378895054425,15.577841436222482,4.959812118611661,15.868558842314863,4.990755398378899,17.510188993835968,3.4873113349402214,22.363347691703822,6.988951403412563,28.099011933483716,4.103473958455656
vocals,395.0,400.0,-432.55157470703125,134.30836486816406,117.81519317626953,90.30433654785156,3.7339298725128174,36.86750030517578,20.508045196533203,27.641042709350586,16.42245864868164,24.66897964477539,11.4445219039917,22.798404693603516,-8.646358489990234,18.946393966674805,0.1600256860256195,10.288281440734863,3.3116986751556396,10.314118385314941,-3.0755951404571533,12.174256324768066,-8.560433387756348,13.772104263305664,-2.663583755493164,8.851972579956055,-5.909185886383057,12.991211891174316,0.41894593834877014,0.44472238421440125,0.5291897654533386,0.5401214361190796,0.5304878354072571,0.5008895397186279,0.4859817624092102,0.4445493817329407,0.4919404685497284,0.5572758913040161,0.510160505771637,0.46742168068885803,0.044870041136653785,0.05099285015417462,2976.5637216493897,2216.014835811742,3331.2750390340984,1649.0974426291293,5544.075369779583,4492.802593344584,0.10151265226218098,0.10480040010054145,16.57356690412321,7.592498269335728,9.860180390610992,3.7779022004460523,15.282240321656698,4.664805602953071,15.98783535246151,4.678213141531241,17.531208871876114,3.449487819733455,20.529093494762133,5.252626787845917,26.974410007099348,5.432822719140175
vocals,397.5,402.5,-419.69677734375,138.37184143066406,128.32931518554688,94.64260864257812,4.937304973602295,32.089454650878906,17.588523864746094,30.27561378479004,11.287211418151855,20.284746170043945,7.432693004608154,16.524316787719727,-5.122989654541016,16.650436401367188,2.021052122116089,10.744681358337402,1.243812918663025,11.896052360534668,-2.8642733097076416,12.857769966125488,-8.538250923156738,13.106287002563477,-5.61170768737793,9.502939224243164,-5.41202449798584,9.251718521118164,0.5141398906707764,0.46414610743522644,0.5273677110671997,0.5451489090919495,0.5106520652770996,0.5033926367759705,0.4917471408843994,0.5158737301826477,0.45935168862342834,0.48173123598098755,0.5255741477012634,0.5636277198791504,0.04092011267498165,0.04430612699641775,2763.152968380379,2192.2240053549313,3116.0169639354667,1744.0854520956539,5143.587768271462,4532.652117313195,0.0944331405887471,0.10201065655621845,16.840762536189345,6.757835828348093,9.501378327840676,3.440353411062033,14.5196463984079,4.151465746991683,15.803957614037433,4.540925948941627,17.196194755065438,3.0839319522885127,20.53032873740224,5.245597101197722,26.592985113122243,5.407998256385403
vocals,400.0,405.0,-350.0323791503906,85.5374526977539,165.19012451171875,75.13923645019531,-3.4354400634765625,39.850799560546875,18.214923858642578,34.7640380859375,19.14336585998535,21.026853561401367,14.861323356628418,19.459182739257812,-7.896330833435059,19.027267456054688,1.6404080390930176,11.455109596252441,-2.5784413814544678,13.549201011657715,-7.787205696105957,14.696670532226562,-6.473421096801758,10.098891258239746,-6.647570610046387,9.763859748840332,-10.908803939819336,9.369617462158203,0.45688632130622864,0.4197629988193512,0.46066752076148987,0.5037671327590942,0.4927772581577301,0.48130401968955994,0.4746949076652527,0.4939836859703064,0.45176297426223755,0.4408136010169983,0.4391539990901947,0.46936002373695374,0.05027142456765643,0.037623930028617414,1961.0146274641847,1570.587184031984,2283.280100706826,939.4478751392958,3341.043834287993,2677.315023258797,0.05380043684744779,0.058969445985250966,19.133171372041755,6.154203784700268,9.924838048042245,3.78064333261087,15.574338292412053,4.457106127941011,15.490340044392163,4.343747813182861,17.352225981659796,3.1119949945586693,22.833423242823915,6.312185738351708,28.960730534530555,4.647898436233839
vocals,402.5,407.5,-354.4788513183594,89.11505889892578,152.48670959472656,86.44400787353516,-10.286619186401367,38.70779037475586,18.543418884277344,37.45866394042969,16.84811019897461,20.392349243164062,18.151941299438477,18.517866134643555,-5.163504123687744,18.38791847229004,2.8553929328918457,11.007308959960938,-1.451369047164917,12.81317138671875,-8.562499046325684,13.951322555541992,-6.339345455169678,10.702012062072754,-2.994544267654419,11.207322120666504,-7.1048359870910645,11.924026489257812,0.4389009177684784,0.40724894404411316,0.452601820230484,0.5161343216896057,0.5869030356407166,0.5838378667831421,0.5050485730171204,0.48465341329574585,0.4464564919471741,0.4128613770008087,0.4079321026802063,0.4476659297943115,0.046909761606116526,0.0348090162482917,2363.0537428858347,1802.5630586721588,2489.882774283683,1047.303646067574,3976.448190073956,3005.1229299916263,0.06697156866299304,0.06722659976311282,19.06717412689465,6.743940691733666,9.635592347208602,3.6402002396028372,15.474861490415627,4.53367716563444,15.329836995429106,3.9750141347587715,17.321586323831053,3.35761968952939,22.409089835033043,6.15904953428695,29.69290653553377,4.998011894782235
vocals,405.0,410.0,-360.8550720214844,91.2466049194336,159.7383575439453,83.64315032958984,-3.2363338470458984,39.570533752441406,10.759987831115723,36.616539001464844,15.681344985961914,17.62464714050293,20.31019401550293,18.077972412109375,-5.747450351715088,17.68475341796875,1.1823625564575195,11.329959869384766,0.06257250905036926,10.377472877502441,-10.660788536071777,16.545185089111328,-7.243113040924072,10.613503456115723,-3.095939874649048,10.98709487915039,-5.817337989807129,12.045649528503418,0.490001916885376,0.4336033761501312,0.44548922777175903,0.49127402901649475,0.5416508913040161,0.5262002944946289,0.4457991421222687,0.4264146089553833,0.4437790811061859,0.4618384540081024,0.41608962416648865,0.467481791973114,0.04985706238702735,0.038825940157864246,2136.4159587697286,1673.1650915940024,2426.6300618191526,1058.3886759370453,3578.358717916183,2912.919545919985,0.05810546875,0.0596943291616354,19.05796186117683,6.729817040844842,10.033325849166813,4.129732510974107,15.640508101399458,5.127101439720075,15.182260166603328,4.0977890432627335,17.892361071630113,3.5595148966961068,22.284394657545562,6.320430065558361,29.23864275881785,4.572453197701812
vocals,407.5,412.5,-357.4369201660156,74.39178466796875,176.62289428710938,64.28010559082031,4.049676895141602,36.192535400390625,13.728513717651367,33.503883361816406,27.054292678833008,18.301563262939453,25.4112548828125,17.97701072692871,-8.13937759399414,18.878210067749023,0.45281946659088135,10.534476280212402,-0.5911322832107544,10.493228912353516,-15.595365524291992,17.166465759277344,-5.650668621063232,9.295966148376465,-2.79854416847229,10.277298927307129,-10.189491271972656,10.607017517089844,0.48485714197158813,0.41026368737220764,0.4139774739742279,0.4811699092388153,0.529897153377533,0.5199719071388245,0.4553622007369995,0.4379635751247406,0.48381873965263367,0.4931880235671997,0.39288127422332764,0.4236016273498535,0.05185246414271574,0.03510885962944822,1567.0385560605862,1162.0534613422824,2147.266645579121,819.109258660876,2700.1437654074825,2068.522731750851,0.03541455191415313,0.038577046512183015,20.892676919672844,6.084844496148139,10.015150076091823,4.061656518810012,17.223034985599686,4.627452734718848,14.933864650740878,4.128165292220239,18.17221197988604,3.3569728531968197,23.829625421803872,6.59534931427404,29.51257410325239,3.6590983191948583
vocals,410.0,415.0,-391.1607360839844,82.67095184326172,180.25811767578125,66.63386535644531,1.3208134174346924,31.548492431640625,24.110950469970703,28.890304565429688,24.99003028869629,20.82777214050293,29.735517501831055,17.90956687927246,-9.134227752685547,20.231525421142578,2.3001458644866943,11.003981590270996,1.5440428256988525,12.009577751159668,-9.657965660095215,18.014095306396484,-1.8236315250396729,9.925318717956543,-0.09268086403608322,10.757503509521484,-9.446832656860352,11.601582527160645,0.4772427976131439,0.3986189663410187,0.4714324176311493,0.5873130559921265,0.6434926390647888,0.6136162877082825,0.5057641267776489,0.47414499521255493,0.4909850060939789,0.4495941996574402,0.401469349861145,0.4841984212398529,0.041372817334623925,0.027448498919964603,1715.1251823710372,1407.0139483557255,2399.667953144315,1099.5921622059093,3170.526845272622,2923.301514718147,0.03412870685904872,0.03645241100126529,19.93761002929168,6.19325264751461,10.023537004274946,3.874284303881107,16.447620179267574,4.363684127003736,15.269896141635142,4.3703369854184375,17.562754379361568,3.571619073559131,22.789677700679615,6.666745997833589,29.10512823247572,3.8410870861288804
vocals,412.5,417.5,-372.861572265625,98.91824340820312,153.9639434814453,71.32574462890625,6.958555698394775,40.50222396850586,17.106351852416992,28.331323623657227,20.280193328857422,19.62082862854004,21.99083709716797,17.742996215820312,-5.4879255294799805,20.45479965209961,1.5953713655471802,10.839322090148926,2.687526226043701,11.071831703186035,-6.129411697387695,15.857020378112793,-4.294314861297607,11.243062973022461,-3.1229913234710693,11.125365257263184,-6.36163854598999,11.404436111450195,0.47488850355148315,0.4141034185886383,0.4816039800643921,0.5532805919647217,0.5531495213508606,0.5643825531005859,0.4927363991737366,0.4502295255661011,0.43202468752861023,0.44757261872291565,0.41865527629852295,0.4545895457267761,0.04661134248796587,0.03952944744184422,1958.4510322320236,1516.3729197512514,2580.2779700380156,1096.907124525378,3557.4750081569027,3110.7697204227115,0.04163985462587007,0.0440255155021952,18.693983536996484,6.7800802387038575,10.218715586672898,3.8023142672388848,15.486823133597895,4.398857713959112,15.630632983757458,4.2614559584465255,17.107395589069625,3.3914760647459556,21.367491366402305,6.476569938951855,29.292760477301723,4.370788110264404
vocals,415.0,420.0,-369.3526611328125,115.0544204711914,143.59617614746094,76.82056427001953,1.0266492366790771,41.23299026489258,18.081083297729492,30.759082794189453,16.021278381347656,16.963642120361328,18.308259963989258,18.27245330810547,-6.982325553894043,21.099435806274414,4.386417865753174,9.60634994506836,-4.259653091430664,13.083197593688965,-8.494195938110352,14.503631591796875,-7.894715785980225,11.990997314453125,-4.939996719360352,10.813551902770996,-6.472988128662109,10.014300346374512,0.47659507393836975,0.429156094789505,0.45997342467308044,0.5051195621490479,0.4956638216972351,0.4861067235469818,0.4618401527404785,0.46246302127838135,0.4070870876312256,0.4356068968772888,0.45874154567718506,0.47828924655914307,0.04933923993089772,0.042956697812213875,2264.4342965373025,1536.7988578157035,2826.342751796795,1073.2331188480728,4001.978275449536,2978.1151277537488,0.05677317466647332,0.05622815885010303,17.987273413968506,6.499745842370432,9.38241528027261,3.671397488861967,15.912247465442498,4.792095970827858,15.329488560980936,3.9091608032007326,17.250519973862875,3.208574924567441,21.01994052370924,6.190231025860291,29.33487153990197,4.882074469184022
vocals,417.5,422.5,-379.6429748535156,114.04219055175781,139.894287109375,82.60997009277344,-5.339218616485596,40.41330337524414,22.422672271728516,34.534305572509766,12.149377822875977,19.375465393066406,19.499841690063477,18.520092010498047,-5.82266092300415,19.341447830200195,6.382731914520264,10.628525733947754,-8.504572868347168,12.611294746398926,-6.774399757385254,13.080903053283691,-9.544295310974121,12.670178413391113,-3.965250253677368,9.621922492980957,-8.194672584533691,9.257133483886719,0.47084829211235046,0.4542352557182312,0.49299752712249756,0.554384708404541,0.5270922183990479,0.4771139621734619,0.4539504051208496,0.46024590730667114,0.4034985601902008,0.43257004022598267,0.4821035861968994,0.48340582847595215,0.04258544518765745,0.036587038812267214,2671.827306684109,1879.8345501413628,3006.5167137036924,1222.621310332821,4783.218872353538,3616.7955349249983,0.07471949318445475,0.07085961198205437,17.756921303161064,6.567347675260642,9.065901071482484,3.474958070649847,15.565300149901072,4.8838670532820085,14.836523888472648,3.9060944829345767,17.243348572644596,3.3648978873414013,20.43660137734929,6.00902871794853,29.57784781483246,4.700123177863614
vocals,420.0,425.0,-409.4240417480469,125.91084289550781,114.03936004638672,92.9507064819336,-4.3112616539001465,37.72103500366211,20.63203239440918,36.99932861328125,10.384477615356445,20.169158935546875,13.397499084472656,18.306726455688477,-1.9722634553909302,16.134946823120117,5.42988920211792,9.735159873962402,-1.9725743532180786,11.520179748535156,-4.188591480255127,11.629990577697754,-8.021052360534668,12.901013374328613,-4.35629940032959,9.064554214477539,-6.448206424713135,9.564218521118164,0.4260770082473755,0.44273313879966736,0.5232864618301392,0.5338675379753113,0.5075715780258179,0.5098876357078552,0.48201990127563477,0.4786697328090668,0.4635485112667084,0.5010011196136475,0.45200321078300476,0.43099772930145264,0.03832128815376348,0.03938616206185871,3182.9356041024103,2273.1522458787526,3340.529341218056,1668.3859698916765,5965.496642075116,4677.782044938383,0.10835652008410673,0.10288497428956245,16.500795035514876,7.313531974840535,8.965464567071372,3.6344504344295037,15.402073604972875,5.0241035639086125,14.838757065669721,4.0518861490742974,16.662313591182667,3.1409757435222767,19.598289021307455,5.448250264489616,28.642887640928947,5.345505938393076
vocals,422.5,427.5,-396.73193359375,122.0923080444336,130.73434448242188,90.15950012207031,-3.924377679824829,37.01869583129883,17.791763305664062,32.670677185058594,10.46607494354248,20.453083038330078,13.001697540283203,18.479888916015625,-4.14099645614624,15.926734924316406,2.8255903720855713,10.118610382080078,2.1708366870880127,11.891831398010254,-5.437964916229248,13.434187889099121,-10.655088424682617,13.434076309204102,-7.120151042938232,10.371378898620605,-8.45403003692627,10.736239433288574,0.4441993534564972,0.43234777450561523,0.47985410690307617,0.4815971851348877,0.4736492335796356,0.47827404737472534,0.43489402532577515,0.44296497106552124,0.47127020359039307,0.5355846881866455,0.4630449116230011,0.46225887537002563,0.046443217870310166,0.04611022455085922,2742.5310026402294,2151.526525421655,3101.8197701922477,1659.4384355535217,5130.298134788283,4526.550687092355,0.091792343387471,0.09791757820310515,17.694921744918084,7.817392344239066,9.550287277671247,4.0502667847046885,16.211588000270396,5.264609438583256,15.998359706301036,4.065155981599295,17.19638781592815,3.0598049932100535,20.437166301150448,5.5846262615906666,28.642950870094598,4.79102615962515
vocals,425.0,430.0,-351.07525634765625,80.2342758178711,164.711669921875,60.77395248413086,-1.2028268575668335,41.9253044128418,22.768390655517578,28.688932418823242,17.267854690551758,19.06801986694336,15.198864936828613,21.896385192871094,-1.8452876806259155,18.372987747192383,1.1010820865631104,11.601929664611816,4.2406792640686035,12.235225677490234,-9.360011100769043,14.698293685913086,-15.067468643188477,11.377649307250977,-10.586587905883789,9.955634117126465,-11.928607940673828,9.853487014770508,0.41564953327178955,0.3871062695980072,0.4246355891227722,0.4573379158973694,0.48915719985961914,0.46561965346336365,0.40859347581863403,0.4196915328502655,0.46299219131469727,0.5058056116104126,0.42348939180374146,0.41762351989746094,0.056976085004592295,0.04625111735096321,1786.2920243237977,1312.72829278562,2341.875930460438,965.9059936604737,3219.788419011021,2677.7731028382473,0.042438551334106726,0.042279644851264425,19.166059514681447,6.706393704388283,10.411619891155317,4.440930519050355,18.006862183375812,5.142475919901329,16.25951373043225,4.2142410598376765,17.65089253328332,3.296351466864202,20.765070268494764,5.88304818086613,30.12813343396743,4.427406007583298
vocals,427.5,432.5,-371.5960998535156,99.62548828125,154.35157775878906,64.11807250976562,4.144157886505127,36.749595642089844,22.073148727416992,30.742528915405273,19.862279891967773,18.012981414794922,15.147878646850586,21.76751708984375,-1.3628939390182495,20.10349464416504,3.378267765045166,11.013254165649414,3.7710516452789307,11.498434066772461,-7.061436176300049,14.305559158325195,-11.438005447387695,12.962413787841797,-7.274329662322998,10.34730339050293,-8.636689186096191,10.527395248413086,0.44764629006385803,0.3968541920185089,0.42860472202301025,0.4822835922241211,0.5514621734619141,0.5453185439109802,0.4842487871646881,0.4671197533607483,0.45904678106307983,0.4737241566181183,0.4237286448478699,0.46009546518325806,0.04883181244910645,0.04232706374813783,1876.5421578972978,1237.52564280638,2588.4068282275257,1125.579936174437,3425.827699028422,2684.904011870307,0.04279881453016241,0.035874704745155306,18.039923227914684,7.280831445361261,10.288292979655903,3.6424380208850797,16.639331819724426,5.159980808922541,15.79151946596173,4.465347050016241,17.677146898406452,3.0624040002980237,20.696908249479506,5.448812926044243,29.279583533322878,4.5561762454746795
vocals,430.0,435.0,-387.4456787109375,120.44786071777344,145.9779815673828,77.6759033203125,4.898438453674316,30.409883499145508,14.996827125549316,28.71711540222168,15.990494728088379,21.5214900970459,18.906890869140625,18.106225967407227,-5.3985276222229,19.177642822265625,4.051000118255615,9.848145484924316,0.6387079954147339,12.231623649597168,-7.602347373962402,14.2780122756958,-8.012053489685059,13.431739807128906,-1.6991066932678223,9.53762149810791,-6.612832546234131,11.416528701782227,0.4735056459903717,0.4403678774833679,0.4735209345817566,0.5365464091300964,0.5835300087928772,0.5578640699386597,0.4888087809085846,0.49982306361198425,0.45705392956733704,0.4248254597187042,0.4397083520889282,0.5021178722381592,0.0456053786246274,0.042601380729461194,2246.089193957224,1502.9621933325889,3020.2880323726995,1381.3363632528244,4246.087858903712,3334.056510145578,0.057569605568445474,0.05402097262988372,17.156042962252734,7.040514358764668,9.870400918761556,3.649765743976018,15.532669827619038,4.802212678627126,15.222009685645721,3.794775199198114,17.091485860286802,3.08166141518492,21.39655395743095,5.664619207577071,28.166926311605817,4.256587628391428
vocals,432.5,437.5,-377.57952880859375,107.4963607788086,127.7801742553711,80.50384521484375,6.304088115692139,33.67087173461914,18.21942138671875,30.151689529418945,14.713065147399902,22.49190330505371,13.037528991699219,19.46369743347168,-3.4473659992218018,18.924179077148438,0.4284735918045044,10.294105529785156,-0.7406357526779175,11.510226249694824,-10.153467178344727,13.254382133483887,-8.200995445251465,12.798277854919434,-3.3750548362731934,10.016226768493652,-9.243867874145508,11.504212379455566,0.4033350348472595,0.4153861999511719,0.4549714922904968,0.48158878087997437,0.4977574646472931,0.4731445908546448,0.516728401184082,0.5185427069664001,0.4671952724456787,0.41742852330207825,0.4407899081707001,0.4525955319404602,0.04603667735694632,0.049091131254925834,2504.7173989977423,1755.0134348686881,2960.8202712104185,1380.52280433034,4667.059481946056,3553.2362406194775,0.07089141350058005,0.06527405435814601,17.407051458129654,7.102275619118926,9.854973483899336,3.7004352020362874,16.657861891033303,4.632962738534003,15.313602171817665,4.355328570965402,16.880643031253477,3.269610077076196,20.895639659207554,6.131442514120434,29.124954412508572,4.713680807640829
vocals,435.0,440.0,-379.82366943359375,97.31473541259766,127.83338928222656,76.28701782226562,5.962835311889648,36.95114517211914,19.080236434936523,29.805702209472656,15.82897663116455,18.129180908203125,14.256598472595215,19.030330657958984,-1.148260235786438,17.141796112060547,-1.7679531574249268,10.673580169677734,-2.3021063804626465,10.22898006439209,-9.560038566589355,12.34701156616211,-8.84976863861084,11.607638359069824,-5.7869954109191895,9.524808883666992,-9.936760902404785,10.426595687866211,0.37878546118736267,0.36871537566185,0.3996890187263489,0.4221712648868561,0.45293474197387695,0.4745795726776123,0.5146648287773132,0.5312575101852417,0.518831729888916,0.46903494000434875,0.48174765706062317,0.4678259789943695,0.04049458353111159,0.04205912021231482,2539.303564687092,1945.5057228491976,2810.511051342977,1204.7790300596705,4578.12885187065,3596.3461313559246,0.07173655923723898,0.07730797242938665,18.100777693362698,6.686635271437746,9.905501725720312,3.6889942885896665,16.847305760700745,4.811521682347554,14.992124694126833,3.854209310087098,16.875459114131132,3.082941564339725,19.890088480982836,5.442366249625198,29.572012145791007,4.267620507554049
vocals,437.5,442.5,-364.35650634765625,91.43948364257812,160.86346435546875,78.9827880859375,-5.00809907913208,41.3481330871582,15.215084075927734,32.22096252441406,12.789129257202148,16.631452560424805,18.04688262939453,19.076234817504883,-6.505493640899658,16.57434844970703,-2.8374147415161133,13.752817153930664,-1.3819833993911743,10.525471687316895,-7.369095325469971,13.887195587158203,-9.848397254943848,11.202512741088867,-5.518584251403809,9.183572769165039,-9.508875846862793,10.124700546264648,0.419344037771225,0.3902897238731384,0.3990073502063751,0.44800442457199097,0.5085907578468323,0.50603187084198,0.5024051666259766,0.47694119811058044,0.46798163652420044,0.451297402381897,0.4754943549633026,0.5011970400810242,0.04669029278384377,0.03503519380837134,2283.482290875726,1867.6382303143046,2546.4838249248887,1222.109932562682,4109.344524905742,3518.779508659923,0.0612368130075406,0.07212415106305119,19.95461123204243,7.197337196024717,10.451957654319047,4.147764898562703,16.238632220947938,5.096469971837589,15.671083764560407,4.699635572232155,17.27966135545615,3.1917441775633466,21.277338967149465,6.122570680592208,29.575801818658743,4.416733446100062
vocals,440.0,445.0,-396.12890625,116.39889526367188,136.8169403076172,87.6015853881836,-3.678454637527466,37.72768783569336,6.006542682647705,27.8120059967041,13.954328536987305,17.805084228515625,14.9126558303833,18.413158416748047,-4.540408134460449,16.48371124267578,-1.7947074174880981,12.614355087280273,0.7851760983467102,9.000210762023926,-6.062150955200195,13.102184295654297,-7.092309474945068,10.88084602355957,-3.8851237297058105,9.4232816696167,-6.4268012046813965,10.26002025604248,0.43166816234588623,0.42247623205184937,0.4714358448982239,0.46995413303375244,0.5445224046707153,0.5559616684913635,0.5276166200637817,0.5021470785140991,0.43590793013572693,0.4508785903453827,0.4636566936969757,0.48487532138824463,0.03953856960276432,0.038441411332181964,2422.2277489490793,1688.1135405156779,2851.8469099583863,1416.9180924053157,4408.8608885585845,3396.264711778665,0.07257264174883991,0.06848857623626384,18.521791229318037,7.292026288135457,10.09059765458542,4.144693606733393,15.1888170172469,4.980314604519958,15.109219870371735,4.540233217726299,16.874844586488276,2.966548122503243,21.981252695362894,6.212816734979696,27.9297572321272,4.622345360109821
vocals,442.5,447.5,-411.6922912597656,118.45457458496094,129.9173126220703,80.08092498779297,2.70401930809021,32.267555236816406,12.801970481872559,27.40264892578125,20.921274185180664,17.394683837890625,17.996776580810547,17.033315658569336,-2.161985397338867,17.529415130615234,1.8610743284225464,9.24940013885498,-0.3887578248977661,9.027636528015137,-8.644195556640625,12.55453872680664,-6.310339450836182,10.396647453308105,-3.9556901454925537,9.178244590759277,-6.40048360824585,9.42751693725586,0.38122373819351196,0.3693036139011383,0.4652666449546814,0.49454420804977417,0.5186079144477844,0.5471981167793274,0.5537460446357727,0.5819362998008728,0.48926830291748047,0.4816180169582367,0.49611958861351013,0.4696236848831177,0.037644339314410184,0.04286793136377641,2273.557216053208,1571.7539801796872,2905.105503974739,1298.6275091688553,4149.513191524072,3151.2635950961917,0.06639152225928074,0.06704025905056207,17.23913002288327,6.28852743867447,9.682731588255223,3.637367558838595,15.627976273944425,4.449922160893932,14.78058666462382,3.8239394720321065,16.600683026962937,2.779975170545461,21.552484667099748,5.504336369972603,27.574045155936993,4.49409274771001
vocals,445.0,450.0,-401.8246765136719,105.1827621459961,135.3813018798828,73.63369750976562,4.386399269104004,34.1008415222168,16.29983901977539,29.167879104614258,21.096755981445312,14.557515144348145,15.61398696899414,16.83514404296875,-1.3865147829055786,17.472524642944336,2.6393368244171143,9.765531539916992,-0.5482277274131775,8.386571884155273,-7.9683122634887695,12.16334056854248,-7.0764594078063965,10.675272941589355,-4.848021030426025,9.02125072479248,-4.765716552734375,8.969977378845215,0.37683939933776855,0.3751722574234009,0.4680665135383606,0.5397346019744873,0.5383298397064209,0.5239567756652832,0.5225269794464111,0.5450870394706726,0.48126840591430664,0.4923856258392334,0.47729024291038513,0.42991501092910767,0.035306410837390195,0.04010175196484714,2274.7938117997373,1806.410892682828,2709.5250697556858,1157.0986840568219,3972.7011129640373,3401.744821476015,0.061047618184454755,0.06428902586667372,16.9270136936009,6.502617337057287,9.83019837599339,3.65844038527651,15.214030238041907,4.276583636910595,14.727642857004009,3.6793578676119623,16.573969614757445,2.8621581052449194,20.514021192272537,5.382981106862424,28.045744595839782,4.180668901115351
vocals,447.5,452.5,-431.4504699707031,111.60450744628906,149.97840881347656,78.27537536621094,3.90478253364563,37.23293685913086,9.72273063659668,27.186843872070312,14.077421188354492,15.166374206542969,16.616857528686523,17.175907135009766,-1.5213689804077148,16.62809181213379,4.313370227813721,11.063467979431152,-2.860795736312866,9.221593856811523,-5.840114116668701,11.257193565368652,-8.350591659545898,11.819390296936035,-3.04622483253479,9.608443260192871,-4.714727401733398,9.04367446899414,0.3980402648448944,0.3780672550201416,0.4597107172012329,0.5456712245941162,0.5541483163833618,0.543032705783844,0.54038405418396,0.5504550933837891,0.49483296275138855,0.5085725784301758,0.49602803587913513,0.4666416645050049,0.02765327519377269,0.028642506558761986,2411.73705823526,1950.0418774439152,2845.4204987847884,1309.4571504898122,4294.3502120794665,3887.230266247636,0.06630882033062645,0.067194943650056,16.616627794931745,6.795157143341087,9.271718745109299,3.4725858153069646,14.83932974451992,4.293792072380136,14.569790733920687,4.00843746512308,16.974458491961723,3.178915861635266,20.014006970649895,5.266162985352532,27.12822501232631,3.763769730920051
vocals,450.0,455.0,-519.6979370117188,150.4322967529297,98.04362487792969,100.56893157958984,8.855826377868652,27.459320068359375,1.8972234725952148,21.1108455657959,5.54067325592041,14.84570598602295,12.059494018554688,17.348949432373047,-2.01224684715271,13.00406265258789,1.0126017332077026,9.627152442932129,-2.737244129180908,8.641741752624512,-4.875239372253418,10.381892204284668,-5.82356071472168,10.38305950164795,-2.4962308406829834,7.736324787139893,-4.451371192932129,7.749608039855957,0.3462614417076111,0.2950671911239624,0.3558613657951355,0.39806151390075684,0.42270976305007935,0.6783782839775085,0.47312551736831665,0.44645652174949646,0.37196290493011475,0.37916335463523865,0.42094898223876953,0.4170879125595093,0.01993787908414875,0.028213869270518842,5139.078726424475,3928.788371583156,5146.727555610643,3043.148234242966,11063.070303436774,9021.241454775913,0.37927897513051045,0.4046976801580848,17.304943989644446,5.229928609879022,7.8931640126067,3.212559443231127,13.865921661146583,4.234337689833115,14.162826434637157,3.908416165845353,16.1886266731829,3.9256469529515905,17.73211534829871,5.17734325022381,25.222334634284415,3.9339887397473263
vocals,452.5,457.5,-601.140380859375,108.10221099853516,31.9975528717041,70.75428771972656,2.8026976585388184,15.283044815063477,-0.04760388284921646,13.40224552154541,1.7606937885284424,8.944198608398438,5.867771148681641,14.873175621032715,0.531333327293396,6.967196941375732,-0.5640636682510376,4.418761253356934,-2.142817735671997,6.3244524002075195,-3.0605978965759277,8.388286590576172,-1.9170531034469604,6.039953231811523,-0.828298032283783,5.291628837585449,-2.0485551357269287,5.874883651733398,0.3681366741657257,0.3336945176124573,0.3386428654193878,0.28725749254226685,0.39125922322273254,0.8177642226219177,0.3657352030277252,0.3395325541496277,0.26397502422332764,0.26170042157173157,0.3312790095806122,0.3541845679283142,0.00895552140936564,0.026747874770475598,7894.393767592543,3180.375848467259,7262.950132612685,2373.739282031501,17425.857041219548,7132.638807842142,0.63636641712587,0.3602562713574315,17.218426376633882,4.240428274571405,7.965670452476443,3.6323293758599706,12.955879784467973,4.499662640485939,13.629797090055193,3.635381858699951,14.898184154029057,3.5147391834611734,15.122213157753357,3.196900282337915,23.10304177426678,3.594345705237416
vocals,455.0,460.0,-467.1495056152344,158.42298889160156,102.7721939086914,100.07145690917969,-0.22311285138130188,35.16590881347656,11.628707885742188,24.496788024902344,8.542963027954102,17.469057083129883,15.034862518310547,22.152481079101562,-0.5669270157814026,13.982215881347656,1.5357502698898315,8.332772254943848,-3.3474607467651367,12.00484848022461,-7.41542387008667,12.836586952209473,-6.573598861694336,9.65800952911377,-2.074486017227173,8.172100067138672,-6.678988456726074,10.239944458007812,0.4196559190750122,0.38605982065200806,0.3659937083721161,0.36288031935691833,0.46233069896698,0.6932258605957031,0.43008047342300415,0.400139719247818,0.35824069380760193,0.3510524034500122,0.3588533103466034,0.4011595845222473,0.03300919431160969,0.038474454300534984,4723.566652319613,3862.3935437285245,4620.760438680267,2969.047941716863,9756.139768525232,8800.611635551973,0.306590777262181,0.36843493067985406,17.54904635202883,5.392517512699405,9.247743526457059,4.057397429996944,14.95808342603344,4.8579185710512665,15.05216774285234,4.164142723579713,16.650579012925327,4.1086513929422805,18.449772930208546,5.381156977683913,26.471409811121813,5.599321823102782
vocals,457.5,462.5,-419.1761169433594,139.62161254882812,141.0552520751953,90.85499572753906,-4.882104396820068,38.290252685546875,12.031551361083984,24.396526336669922,11.639918327331543,18.942119598388672,22.081296920776367,19.094341278076172,-1.0556360483169556,17.3338565826416,3.4641668796539307,10.052823066711426,-0.30983540415763855,14.060919761657715,-8.420987129211426,14.160080909729004,-8.245020866394043,12.34665298461914,-1.9746196269989014,9.933431625366211,-6.65484619140625,11.320242881774902,0.3687593340873718,0.33060479164123535,0.3987182378768921,0.4389505982398987,0.49896347522735596,0.5515685677528381,0.4962749481201172,0.5356376767158508,0.4641238749027252,0.3978923559188843,0.3922535479068756,0.4093109667301178,0.040782351028214,0.03653124533374845,2497.0566488583804,1863.0722173484594,3000.8562583849994,1556.6852075740662,4583.4247208526685,3988.752446337375,0.084970000725058,0.09374705514762116,16.33633299433472,6.506635029029243,9.447581470052551,3.92706879848417,15.494537821628775,4.680536201648355,16.912030694241082,4.753987777442995,17.848253295589775,3.6689928355426,21.144273304168554,5.3986879819933495,27.991225833082677,4.743209816406554
vocals,460.0,465.0,-452.3833312988281,143.34906005859375,121.93659973144531,93.7969741821289,-4.375789165496826,35.29621505737305,10.253145217895508,25.042747497558594,10.277365684509277,17.464405059814453,19.654695510864258,16.358333587646484,-1.8379220962524414,17.379405975341797,3.740234136581421,11.574128150939941,1.6895885467529297,12.107519149780273,-5.845634937286377,13.191256523132324,-5.564807891845703,12.51926326751709,-2.2767014503479004,10.051125526428223,-3.5862467288970947,9.630359649658203,0.38796210289001465,0.37658488750457764,0.4807840585708618,0.5345499515533447,0.5471886992454529,0.5569504499435425,0.4799034893512726,0.5277435183525085,0.45669040083885193,0.35058125853538513,0.38738876581192017,0.41668593883514404,0.03218568511046723,0.03479028907137904,2824.869652368566,1922.4027265283876,3266.912227984786,1636.6448625658288,5362.866720743909,4169.259986433015,0.0967623894286543,0.09337358852156502,16.677131589584604,7.015321414911175,9.290512711541178,3.274557034269663,14.14414630433244,4.646302506296963,16.033672050190663,4.137969781526926,17.09516571953224,3.333787696956479,20.71919255695864,5.084029978774465,27.79001123326361,5.345039802102904
vocals,462.5,467.5,-470.20758056640625,145.24197387695312,105.94245147705078,92.18629455566406,-1.7913172245025635,32.8023567199707,14.366861343383789,25.87674331665039,12.470433235168457,17.278785705566406,19.143733978271484,21.043973922729492,-3.3391759395599365,15.001773834228516,3.392815351486206,11.338751792907715,-0.21842385828495026,11.159857749938965,-3.7789814472198486,13.858551025390625,-4.708978176116943,10.623042106628418,-3.385868549346924,9.43506145477295,-3.981201410293579,10.81692123413086,0.44727998971939087,0.4919867515563965,0.5877134799957275,0.5615131855010986,0.6026415824890137,0.59764164686203,0.4892975091934204,0.49213528633117676,0.45335695147514343,0.44434648752212524,0.4632638096809387,0.47563910484313965,0.027589392546495665,0.0333049997570737,3425.0985569807444,2316.7909140665292,3860.005396429239,2064.755079821975,7164.161629024072,5753.198510880717,0.1393504839762181,0.15325087311192767,15.766383030541013,7.06621698705563,8.899179360357449,3.5354728110688387,14.058508529992974,4.757640795441419,14.614207670040724,3.5026716530754447,17.12670866674842,3.2613036635040924,20.304963559420493,5.010535809020748,27.33804182846917,5.802893015507261
vocals,465.0,470.0,-464.9283142089844,139.1132354736328,119.55763244628906,89.42247009277344,-1.752237319946289,31.820049285888672,13.474634170532227,22.436965942382812,17.69146728515625,16.51850128173828,22.61653709411621,22.012420654296875,-3.263335943222046,15.156045913696289,-0.1960735321044922,9.445812225341797,-0.637112557888031,9.725939750671387,-5.915681838989258,15.31612491607666,-5.314075469970703,11.216479301452637,-4.46169376373291,10.107738494873047,-5.221003532409668,10.827780723571777,0.4738920331001282,0.44836390018463135,0.5488579273223877,0.5650462508201599,0.5125313401222229,0.5614179968833923,0.4844232201576233,0.532108724117279,0.5096355080604553,0.47504737973213196,0.48733434081077576,0.528274655342102,0.02808391159430258,0.032532151607989016,3140.097355915884,2278.798304168838,3671.640396707147,2080.4464211468903,6605.347529364849,5788.265680608605,0.12807583200406034,0.15394370124407566,15.570677205509085,6.734171106282356,8.931760287332557,3.443334203854494,15.02553464509369,4.830343287254591,14.787438001814738,3.9433890326034584,17.066384651161936,3.386335821481305,20.477880635946036,5.551096568475961,27.042346206204158,4.92201095972863
vocals,467.5,472.5,-387.02105712890625,106.5312271118164,150.97254943847656,81.11060333251953,-9.150978088378906,39.37565994262695,17.5672664642334,28.712982177734375,12.81704044342041,19.376754760742188,14.52468490600586,21.34748077392578,-4.58699369430542,17.98416519165039,-1.6053411960601807,10.560654640197754,-0.653484046459198,13.083003044128418,-7.799039363861084,13.589430809020996,-10.233809471130371,13.59616470336914,-8.111417770385742,12.485700607299805,-8.955155372619629,10.953686714172363,0.4735315144062042,0.466220885515213,0.5137283205986023,0.5180045962333679,0.4425291121006012,0.3975825905799866,0.399347722530365,0.5066244602203369,0.4846380352973938,0.44854736328125,0.4593977928161621,0.5135401487350464,0.04364137907956539,0.041764879560479605,2197.312660185487,1552.3594783623364,2510.545497055062,986.9546944069355,3689.6219275667054,2651.556518576977,0.06441460629350348,0.05997853863467835,16.98237635689139,6.735068122717923,9.738504886470604,3.7640215685935665,15.371398534038862,4.5133036355463565,16.00147001622502,4.870680719111917,17.40713555780218,3.595956113770344,20.984643474083832,5.627503023386686,29.072327530739216,4.534840968466203
vocals,470.0,475.0,-366.0065002441406,106.89923095703125,123.98744201660156,82.10649108886719,-6.596871376037598,38.17336654663086,13.849559783935547,29.208690643310547,10.380748748779297,15.601089477539062,7.909528732299805,18.08724594116211,-1.783448576927185,14.141600608825684,-0.5272509455680847,10.86633014678955,-0.36812278628349304,12.74724292755127,-6.728824138641357,12.061341285705566,-13.469076156616211,13.507628440856934,-10.135462760925293,12.473641395568848,-7.037954330444336,11.174034118652344,0.47694578766822815,0.4482958912849426,0.4678206443786621,0.47868555784225464,0.43744128942489624,0.40281209349632263,0.41353142261505127,0.4876769781112671,0.47701495885849,0.4498634338378906,0.43545404076576233,0.48903003334999084,0.04792840221165188,0.05054912439805174,2721.5125701652437,1960.7886199332409,2931.019681435213,1320.930127560455,4838.425808439675,3699.3639822488867,0.08573357743619489,0.07911457172472473,16.24239202192458,6.971577322688512,10.001870331699227,3.9275613059761043,15.412389762898203,5.1729380960286555,16.164647648853425,4.556852992582457,17.332005396252836,3.618198631878178,19.828744505301298,5.230534418074947,29.336084459097915,4.6096086612129135
vocals,472.5,477.5,-358.3182678222656,99.85224151611328,129.23944091796875,76.25645446777344,-4.857433795928955,39.68961715698242,16.229778289794922,29.82390785217285,14.678570747375488,16.75682258605957,13.976805686950684,19.660791397094727,-3.8860347270965576,13.789263725280762,-2.452418088912964,10.854718208312988,-0.804145097732544,10.957900047302246,-7.794530868530273,13.288307189941406,-10.302927017211914,13.119693756103516,-7.7420854568481445,10.31684398651123,-6.505655288696289,10.034344673156738,0.4788324534893036,0.4185220003128052,0.41283130645751953,0.47045090794563293,0.4637558162212372,0.43340229988098145,0.40593746304512024,0.4432350993156433,0.4492780864238739,0.43499165773391724,0.427803635597229,0.46998798847198486,0.04705611352733549,0.04556611258610962,2627.958819677216,1927.8422175722721,2956.5139126671465,1340.1093227939004,4839.624873114849,3802.486142692283,0.07716769685324826,0.07691200231433651,17.045697709971712,6.903789537293697,10.149569558314676,4.325112522732491,15.85368835759069,5.1476554011327975,15.696150796621783,4.216862278662556,16.999021250346743,3.5995127528977924,20.566144828179375,6.343880657339063,29.93712082991109,4.601245972132203
vocals,475.0,480.0,-354.34619140625,90.4501724243164,154.8943634033203,70.37146759033203,-4.0484442710876465,39.8373908996582,18.51186180114746,31.122800827026367,14.008610725402832,20.716384887695312,15.557250022888184,20.459592819213867,-9.83864974975586,16.274049758911133,-3.6014463901519775,10.53641414642334,-2.0612306594848633,11.317130088806152,-9.256025314331055,14.065593719482422,-6.348849773406982,10.519011497497559,-5.053377151489258,8.845816612243652,-9.322288513183594,9.450594902038574,0.38406452536582947,0.3975070118904114,0.4488171637058258,0.46909499168395996,0.44105562567710876,0.460592120885849,0.4933317005634308,0.45912981033325195,0.4242638945579529,0.4297557473182678,0.4623379111289978,0.431059867143631,0.046868980453598684,0.03815476769278929,2079.6737585914216,1421.5488499479848,2543.3142326117777,973.5267205581065,3616.928631634281,2689.821117037538,0.05442579937645012,0.05243170939345904,18.310972906002746,6.519464967046118,10.35134124238787,4.5917094732145625,14.761747079199457,4.193316376042124,15.70800589415229,4.540318683590454,17.10391812263331,3.3381858448407806,22.202861989621663,6.134231869195723,29.95712162067092,4.214544818123044
vocals,477.5,482.5,-364.5989074707031,94.10124206542969,166.75094604492188,66.80516815185547,-4.23949670791626,38.96599578857422,19.69329071044922,29.930044174194336,14.087478637695312,22.575340270996094,16.260238647460938,21.0445556640625,-6.372280597686768,18.445810317993164,-1.1412101984024048,11.9586763381958,-2.968876838684082,11.258485794067383,-8.827319145202637,12.989439964294434,-8.183344841003418,10.04738998413086,-7.888247013092041,9.230795860290527,-10.834446907043457,9.79759693145752,0.3712409436702728,0.3666008710861206,0.4321023225784302,0.49364185333251953,0.5217603445053101,0.5060442090034485,0.5088183283805847,0.49850985407829285,0.4258028566837311,0.43120092153549194,0.46951955556869507,0.4403345286846161,0.0484688192826243,0.04015651528227113,1881.752947348419,1272.0770145610888,2380.9013206419013,951.9538014432186,3250.164724115429,2382.5654402047485,0.04755927349187935,0.045425457361084616,18.896388561465287,6.5770540514273605,9.803443542754103,3.5450695174047633,15.70311037093523,4.552449335491827,15.719745550133675,4.524812850102397,16.921386850134976,3.2739256142077946,21.020733466511647,5.406733014423372,29.53447501717823,4.443649078443053
vocals,480.0,485.0,-366.53851318359375,86.1724853515625,156.10220336914062,75.4616928100586,-13.268777847290039,44.21641540527344,24.266925811767578,32.1466178894043,15.799007415771484,19.6551570892334,13.901331901550293,21.53978157043457,-4.394540786743164,17.565149307250977,0.6293752789497375,11.978567123413086,1.8311569690704346,13.333592414855957,-8.525344848632812,12.813637733459473,-11.285595893859863,10.226494789123535,-8.435792922973633,9.803298950195312,-11.16547966003418,9.155766487121582,0.40234148502349854,0.3722689747810364,0.4322402775287628,0.48129844665527344,0.47260695695877075,0.4702485203742981,0.4455936849117279,0.4788636267185211,0.4608185887336731,0.47680386900901794,0.46029987931251526,0.46194571256637573,0.04719315440174659,0.036511643361579714,2047.328685290867,1465.3052501577965,2286.3213819261405,884.732527353914,3432.2726716574825,2539.9776269863696,0.05726485462587007,0.05558096358853346,17.074867111471864,5.558564305328225,9.430605012015358,3.204843207360768,16.52496748869989,4.82446996268627,16.1129687923354,4.447204131015478,17.002061520517085,3.498134428649961,20.618834125270926,4.806574401762971,29.994946485394355,4.795139665770722
vocals,482.5,487.5,-361.3760986328125,88.0592041015625,155.15635681152344,76.74357604980469,-22.42510986328125,41.539676666259766,21.603235244750977,35.58220291137695,10.677299499511719,17.74149513244629,13.277844429016113,20.069721221923828,-7.238300323486328,16.246782302856445,3.270157814025879,10.585247993469238,1.108648419380188,12.72005844116211,-10.006624221801758,13.967914581298828,-8.771957397460938,10.097150802612305,-3.6214451789855957,9.698174476623535,-9.090604782104492,8.562690734863281,0.43582606315612793,0.376485675573349,0.4286029636859894,0.4938373863697052,0.4802069067955017,0.47976237535476685,0.47077980637550354,0.49751022458076477,0.5049054622650146,0.49619460105895996,0.4175484776496887,0.4325419068336487,0.04357164595342293,0.034435939115356744,2255.5858960148917,1511.3343221534922,2356.3821736214195,821.4522545610165,3722.496284077726,2557.464697880372,0.06714037122969838,0.057258272608674714,15.56430984319696,5.610648809432625,9.314772215727029,3.618571083042169,14.854011785874315,5.03163314471744,14.947124155709512,4.066806635158409,16.920526547226164,3.388444551480467,21.347473779886286,4.541158416256135,29.83095789261476,4.793338923139413
vocals,485.0,490.0,-371.96527099609375,88.502685546875,140.9319305419922,76.0126724243164,-10.754746437072754,38.60551452636719,23.27644157409668,36.75980758666992,11.197588920593262,18.5745906829834,10.683195114135742,21.825658798217773,-4.048130989074707,16.633365631103516,0.943645715713501,10.763385772705078,-2.724442720413208,12.260995864868164,-11.123343467712402,12.102237701416016,-8.441844940185547,11.064322471618652,-5.448380947113037,9.627179145812988,-10.406251907348633,8.84929084777832,0.4471188485622406,0.3910079300403595,0.40631040930747986,0.4678093492984772,0.4724583327770233,0.48009997606277466,0.4797085225582123,0.482511967420578,0.46108222007751465,0.4775390028953552,0.4120370149612427,0.45396503806114197,0.039309837873090545,0.038644437681045855,2442.296021365848,1668.0845802032586,2625.2736976519304,968.662687789744,4187.133845707656,2900.731623473245,0.07006666002030162,0.06506650454137713,14.704006205625433,5.676601859378573,9.486387277840445,3.392284020523558,14.775579500783717,4.661264576517409,14.71926323406328,4.3005712527761535,16.738390417409107,3.216651304899926,20.754010619565825,5.045222366913715,29.598198793423144,4.700195950486395
vocals,487.5,492.5,-391.9168395996094,99.60059356689453,130.6001739501953,77.12693786621094,-2.8948261737823486,41.089847564697266,27.183698654174805,33.197792053222656,11.431439399719238,23.60216522216797,10.78862476348877,22.271747589111328,-3.7735238075256348,17.129112243652344,-1.238364577293396,11.728819847106934,-4.317609786987305,12.667253494262695,-10.11910629272461,11.526360511779785,-12.103960037231445,11.138823509216309,-8.491181373596191,9.461884498596191,-11.86014175415039,9.088401794433594,0.4343525171279907,0.3842962384223938,0.38939377665519714,0.40361490845680237,0.4086592495441437,0.40979769825935364,0.46236729621887207,0.47399523854255676,0.44204917550086975,0.47025489807128906,0.4447881877422333,0.4734412133693695,0.04101118625816538,0.041984194579305766,2465.6606062792516,1783.9761417721222,2761.3323540686083,1083.586235711633,4359.599314820186,3199.43727719573,0.06717095961426914,0.06860792661058474,14.782920078519968,5.855971465791603,10.286196603322798,4.055671818787338,16.449287037208453,4.587669007484607,15.801080466254989,4.800053078571445,16.847886839969632,3.5612982481743525,19.761861808466918,5.110971172677392,29.00735887304077,5.110578932382522
vocals,490.0,495.0,-396.3755798339844,112.23750305175781,137.82765197753906,76.26009368896484,4.5337419509887695,46.25930404663086,25.424362182617188,28.81950569152832,11.432279586791992,23.72566032409668,13.742061614990234,17.679229736328125,-3.98822283744812,15.11898422241211,-0.24789124727249146,11.461777687072754,-4.666592597961426,12.050683975219727,-9.412901878356934,11.536231994628906,-10.07990837097168,11.01461410522461,-7.978503227233887,8.948973655700684,-11.428383827209473,10.252593040466309,0.3543960452079773,0.3479740023612976,0.3978634774684906,0.4145759046077728,0.45698827505111694,0.46672841906547546,0.5119684934616089,0.4973549246788025,0.42582273483276367,0.4215828776359558,0.3990324139595032,0.36673611402511597,0.04338171729254682,0.03985773993385604,2100.142624819261,1635.4981700606331,2554.994246676806,1039.8853621227984,3645.1566125290024,2956.88593623024,0.054702227740719256,0.060777232035923494,16.6409461858373,5.9846202549545575,10.559180616819752,4.114423418758987,16.69018950085527,4.6836404881766835,16.36899879877783,4.79437896284255,16.928384076247784,3.180145616118981,20.384828499917838,4.907461185796495,28.68289091653773,5.279871046001814
vocals,492.5,497.5,-391.4461364746094,98.96268463134766,158.5004425048828,72.58460235595703,1.4573410749435425,48.18888473510742,28.887863159179688,28.718547821044922,11.99874210357666,19.255237579345703,17.765588760375977,15.694856643676758,-4.3536458015441895,13.914576530456543,-1.0172204971313477,11.766641616821289,-1.9072961807250977,12.98781681060791,-7.80709981918335,11.279338836669922,-10.68398666381836,9.911574363708496,-8.40507984161377,8.510287284851074,-10.887335777282715,10.157536506652832,0.3912174105644226,0.35657787322998047,0.3787272572517395,0.4528643488883972,0.4606257975101471,0.5009475946426392,0.4937635064125061,0.5281130075454712,0.4668711721897125,0.3870342969894409,0.4041445255279541,0.41348493099212646,0.039728963717773964,0.03053418726011263,1846.7635132583753,1410.3013029209365,2376.7564916912797,889.5238807155938,3174.2239613544084,2518.121611582905,0.04626549811484919,0.05312482192250513,17.61977505530604,5.851497014585147,10.115391553977874,4.013397546141062,16.69698519373284,4.834363951048862,15.976850190613739,4.178100906278629,17.553469687745366,3.0691660947091886,20.20937670456488,4.647855792771782,29.55265449967984,4.758594763483887
vocals,495.0,500.0,-365.3294982910156,83.7820053100586,154.78375244140625,75.10692596435547,-7.654092788696289,45.047454833984375,27.532791137695312,33.42574691772461,17.625288009643555,19.794498443603516,21.90721321105957,18.40827751159668,-4.710861682891846,15.87086296081543,-1.056498646736145,12.329768180847168,-2.8288466930389404,11.887389183044434,-9.814213752746582,14.193459510803223,-9.871967315673828,9.640355110168457,-6.816000461578369,8.868895530700684,-9.849024772644043,10.005721092224121,0.41582077741622925,0.35831528902053833,0.4086337089538574,0.45758551359176636,0.47323858737945557,0.4844248592853546,0.4682074785232544,0.5008521676063538,0.4562470018863678,0.4140065908432007,0.4242844581604004,0.4464280307292938,0.044377048446536456,0.03155231558293524,2078.5412269856274,1550.1705610569386,2450.9437117370267,946.457819741898,3697.166042814675,2828.4285811652026,0.05307651174593968,0.05357015141652481,17.420189771770897,5.5460435014650145,10.310737982618575,4.13606585170088,16.708230768394106,4.814199469723325,14.79010434209151,3.5674506790350877,17.433354155304862,3.1859853102046936,20.99279147130782,6.021089622937017,30.078402364916304,4.747860987624569
vocals,497.5,502.5,-385.00225830078125,99.6268310546875,151.71652221679688,70.03842163085938,0.10317801684141159,38.58869171142578,23.582382202148438,29.375717163085938,19.558229446411133,18.928403854370117,20.80060386657715,20.762374877929688,-6.725517272949219,17.534088134765625,1.7716885805130005,11.306845664978027,-3.695119857788086,13.289345741271973,-9.023932456970215,14.952530860900879,-7.162564754486084,10.4609956741333,-3.8513505458831787,9.154525756835938,-5.696690082550049,11.813992500305176,0.4220860004425049,0.39446765184402466,0.4813040494918823,0.5693039894104004,0.5511185526847839,0.5088253021240234,0.4760271906852722,0.4928763806819916,0.43091046810150146,0.42850375175476074,0.41397151350975037,0.43295687437057495,0.03880654107344395,0.0313071044493805,2069.360479835191,1489.6732460121357,2639.8378890661734,1032.291614997728,3676.0325279147332,2920.8983985867953,0.04955091719837587,0.047814159664834634,17.405050386280415,5.749735728641426,9.562641534796121,3.6695694659171063,15.54123256571115,4.921016857307744,15.031307365213731,4.121206282037235,16.992409624346948,2.9703208146504365,21.712475533580548,5.636394925093885,28.804013789436052,4.526994786505594
vocals,500.0,505.0,-382.26934814453125,93.06066131591797,155.68576049804688,74.50830841064453,0.552229106426239,36.26204299926758,23.582429885864258,29.813148498535156,16.035198211669922,21.767623901367188,17.590375900268555,20.02424430847168,-5.665446758270264,18.51723861694336,2.618501663208008,11.546140670776367,-1.8521863222122192,13.782641410827637,-8.349638938903809,13.008811950683594,-6.85368013381958,10.09992790222168,-4.079398155212402,9.18497085571289,-4.516238689422607,11.541654586791992,0.4081335961818695,0.4176684021949768,0.5070365071296692,0.6011700630187988,0.5689024329185486,0.5095270276069641,0.5048730373382568,0.5136882066726685,0.4187527894973755,0.3992697596549988,0.39433181285858154,0.4132951498031616,0.03840086348953099,0.02995614670048042,2102.1735376407296,1730.8278421028124,2538.893573057962,1047.5519383379556,3623.4735263196058,3074.685757100907,0.05512026899651972,0.06835679933356834,17.430843380326333,5.932509494878842,9.677419472361255,3.7149594098823915,14.657823375218243,4.5999764557393945,15.297930529243754,4.184135736751963,16.945818447952306,3.1398383450004763,21.745024488038812,5.461019739537387,29.271105442784894,4.254606611717778
vocals,502.5,507.5,-372.0188293457031,85.6986312866211,143.85415649414062,86.92845153808594,-12.109663009643555,38.35869598388672,20.35370445251465,38.461090087890625,14.084333419799805,21.86665153503418,14.943573951721191,18.60026741027832,-3.9035656452178955,16.548995971679688,-0.2486262172460556,11.352572441101074,-2.838406562805176,11.932583808898926,-10.632307052612305,12.058387756347656,-6.411795139312744,9.709131240844727,-4.335402011871338,9.256311416625977,-7.30820369720459,10.995856285095215,0.3573721647262573,0.36969801783561707,0.4260510504245758,0.4772978127002716,0.48880016803741455,0.46048030257225037,0.4722382724285126,0.48341599106788635,0.43872585892677307,0.41727301478385925,0.4034653306007385,0.40644222497940063,0.04174230965837542,0.03499758236811939,2479.241957390201,1957.835177942243,2467.7181629374086,1053.6259674270698,4156.507735462587,3212.7254139207976,0.07562808149651973,0.08060134162823211,15.441757703966216,6.3282256135366355,10.093158825596632,3.96735585046298,15.362670225183578,4.756318812493782,14.770238588124219,4.078297348041145,16.88037972134311,3.3010401509853873,21.915252969677468,5.5213387489453964,29.943961109654303,4.904199275058082
vocals,505.0,510.0,-371.72100830078125,91.04420471191406,148.78485107421875,75.93850708007812,-10.607507705688477,41.51768493652344,15.312596321105957,36.22877883911133,15.149238586425781,18.3878116607666,18.32269859313965,17.872591018676758,-4.7495527267456055,16.35884666442871,-1.8320032358169556,10.482732772827148,-2.4149672985076904,10.688939094543457,-9.330602645874023,12.611948013305664,-7.283819198608398,9.581695556640625,-5.0075178146362305,9.284605026245117,-5.92911434173584,10.205973625183105,0.3898366391658783,0.3646513521671295,0.39016345143318176,0.4496345818042755,0.48401954770088196,0.46516138315200806,0.46811339259147644,0.4934232831001282,0.4956301152706146,0.49384957551956177,0.46074947714805603,0.44547411799430847,0.03946685297796859,0.03519353815290689,2300.9598734373776,1574.5637000990664,2588.0487701174166,1066.503527227604,4048.192226471868,2957.668801332081,0.06352980894721577,0.05832238549903935,14.526533838206875,5.989977091157089,9.491908350552235,3.4455226661289844,15.577605359437335,4.49066248853768,14.609850949147505,3.9474795915721916,16.967088654179477,2.8746574754961864,20.995546244839765,4.844208931646547,29.597767830098324,4.593845577540326
vocals,507.5,512.5,-368.6986389160156,97.0812759399414,158.12307739257812,71.5874252319336,-2.5941433906555176,41.896759033203125,16.48762321472168,33.812156677246094,13.900344848632812,19.94343376159668,23.42322540283203,16.31597900390625,-2.8144752979278564,16.380084991455078,0.18108780682086945,11.216813087463379,-2.919640302658081,9.639281272888184,-9.343204498291016,13.044124603271484,-8.260449409484863,9.63870620727539,-7.826247692108154,8.727831840515137,-6.9753594398498535,8.346473693847656,0.43091925978660583,0.4322008490562439,0.47062253952026367,0.5143053531646729,0.5398678779602051,0.5108305811882019,0.48669418692588806,0.5091075301170349,0.5421817302703857,0.5125442147254944,0.4902460277080536,0.4550297260284424,0.04224989985806215,0.03313357339276458,2143.4318071915773,1560.5264309423212,2643.198755803972,1145.7975389862538,3946.8712614196634,3228.737059936971,0.05617160310324826,0.05634261180474591,16.674246521749772,6.609065642024424,9.046190915687921,3.28777316189225,16.173572855935003,4.409267135402234,14.748707536711844,3.7254560606336367,17.667717247738764,3.367780896681017,19.941818559719383,4.648940718041902,29.390638579433215,4.801775041828195
vocals,510.0,515.0,-378.9551696777344,99.04903411865234,160.44268798828125,78.05438995361328,-4.046811580657959,41.26416778564453,18.469276428222656,37.10834503173828,9.313278198242188,22.531814575195312,21.755401611328125,17.63733673095703,-1.8343812227249146,14.913753509521484,1.9178367853164673,11.927966117858887,-2.2286880016326904,9.962133407592773,-7.86098051071167,13.41545295715332,-9.273161888122559,10.135200500488281,-8.965827941894531,9.130719184875488,-8.144867897033691,7.843591213226318,0.482377827167511,0.4668126702308655,0.5278273820877075,0.5502792596817017,0.5476596355438232,0.5083595514297485,0.42867007851600647,0.434573769569397,0.4678853750228882,0.48710232973098755,0.5106189250946045,0.5285444259643555,0.040369824008234745,0.030999605919196888,2204.195129837262,1716.1026287799234,2561.0681374449514,1080.0844331597073,3868.982018561485,3168.037454501092,0.06273677675464037,0.0653089712128165,18.038726414813084,6.515086519422306,9.069338159402733,3.3953188897798627,15.85588092566813,4.127147125396679,14.751627700426432,4.0339333873844305,17.92486906221223,3.567833151806664,19.744649985129875,4.68937834954016,29.40113551185376,4.704207992335949
vocals,512.5,517.5,-486.4478454589844,162.54164123535156,111.36849212646484,97.81285095214844,-6.019773006439209,33.45766067504883,13.174520492553711,32.16288757324219,6.4506516456604,19.220014572143555,16.760517120361328,18.421768188476562,-1.0204154253005981,12.790063858032227,1.517756700515747,10.053008079528809,-1.4102842807769775,9.12743854522705,-4.164208889007568,12.197128295898438,-6.3491902351379395,9.730181694030762,-4.852289199829102,8.627713203430176,-4.635577201843262,7.799243927001953,0.4914972186088562,0.4325191080570221,0.49941444396972656,0.5076749324798584,0.4783255159854889,0.6067891716957092,0.43628987669944763,0.38148871064186096,0.3358364701271057,0.3832387626171112,0.46129918098449707,0.49806755781173706,0.02372612752704198,0.027781797571955633,4138.9552529823495,3200.8645087125983,4287.117619445232,2752.7203502946577,8836.956772948086,7962.648928975767,0.2537782319460557,0.3117926496946969,17.261591426380054,6.213039545988065,8.671970074237446,3.6662526476796895,14.132808501621877,4.386708864128643,14.44492141543159,3.7126205644082444,17.758329379230734,3.1211400535962794,18.38519770880854,4.787142347690324,26.86667105042642,5.33270512551772
vocals,515.0,520.0,-669.0462646484375,124.09976959228516,35.342041015625,72.46537780761719,1.8679749965667725,14.876104354858398,5.67944860458374,15.206835746765137,4.455626964569092,8.08779525756836,8.896498680114746,13.186178207397461,2.3262248039245605,6.379575729370117,1.3045772314071655,5.31461238861084,0.20413576066493988,5.924731731414795,-1.342165231704712,8.483234405517578,-0.2548811137676239,5.238569259643555,-0.7826361060142517,5.211671829223633,-1.4493017196655273,4.880645275115967,0.43125200271606445,0.4785589873790741,0.4199565052986145,0.3544394373893738,0.7895355820655823,0.5705225467681885,0.2960735559463501,0.22550685703754425,0.24445030093193054,0.3170531392097473,0.36993464827537537,0.4184521436691284,0.0054265204843223095,0.01577493826737126,7559.56402510614,2831.3110372624383,7169.059074516887,2477.217609172729,17164.16117586282,6923.673306153005,0.5802457946635731,0.3120024002420458,16.841743021452945,4.336905891607369,8.421296987655525,3.496327050163125,12.514627714288213,3.815346361339378,14.152070240243141,3.245532914599775,16.359156105892218,3.025187680145175,16.12599463114365,3.9889956191727896,23.554335639027865,3.2307223317822946
vocals,517.5,522.5,-494.8612976074219,144.9225311279297,82.62776184082031,99.44850158691406,5.190300464630127,27.43803596496582,7.63332462310791,24.079715728759766,4.917908668518066,15.321333885192871,7.753726005554199,15.920353889465332,-5.519493103027344,16.028066635131836,-1.8647449016571045,7.956527233123779,-1.183830976486206,8.527097702026367,-5.076158046722412,11.670970916748047,-5.294011116027832,8.998772621154785,-4.686509132385254,8.399420738220215,-4.343204975128174,7.578054904937744,0.418620765209198,0.4456038475036621,0.43450838327407837,0.39803260564804077,0.3926907777786255,0.6146775484085083,0.3429543375968933,0.3320781886577606,0.334236741065979,0.3311528265476227,0.30655956268310547,0.34893998503685,0.027998034703765273,0.04074141140499712,5542.611046621938,3809.933806220201,5337.706036185269,3172.971964627198,11892.023682207076,9025.957742269797,0.3859393126450116,0.36112280739458125,18.346638475311444,4.979925530873508,9.405213798818002,3.7707219457717387,14.078704256279808,4.73129434795909,15.009014896587493,4.173463844772661,16.146454025906873,3.4323298570537943,18.405161728582833,5.599550057012217,26.281695358807035,4.60441604313409
vocals,520.0,525.0,-347.24786376953125,87.7482681274414,154.95889282226562,75.6759033203125,5.877732753753662,36.43391799926758,19.70573616027832,32.2711296081543,15.110979080200195,21.108592987060547,14.918148040771484,20.15329360961914,-8.659035682678223,19.640296936035156,-4.671329021453857,11.301645278930664,-4.861957550048828,13.830227851867676,-10.808625221252441,15.059816360473633,-10.50861930847168,10.613801002502441,-7.349019527435303,10.218308448791504,-8.955368995666504,9.942660331726074,0.4254428446292877,0.40200331807136536,0.4200748801231384,0.4704659879207611,0.49198251962661743,0.4818391501903534,0.467136949300766,0.5030348896980286,0.501848578453064,0.4676656723022461,0.40523093938827515,0.3973515033721924,0.059712789652364276,0.04466927332375176,2108.3516155358548,1826.8777835935919,2479.389659950984,1100.9548833068782,3666.3900494852087,3354.517637033053,0.058003507468097446,0.06708408683175816,20.793826686942367,6.490136465959776,10.646470902829583,4.35919379533047,16.347784459876447,5.1013961411957816,16.141557823335376,4.522546086342396,17.327367111141385,3.362021009957252,21.346176634697198,5.969242005533729,29.78057671388652,4.24912846520909
vocals,522.5,527.5,-344.8194580078125,80.20671081542969,151.86221313476562,66.8824691772461,-4.590524673461914,35.2456169128418,19.621042251586914,29.196617126464844,18.752071380615234,21.940082550048828,15.70367431640625,19.74444007873535,-6.999056339263916,16.96181297302246,-4.546993255615234,11.643120765686035,-5.037475109100342,13.644969940185547,-10.956435203552246,14.501696586608887,-10.714734077453613,10.789886474609375,-5.96860408782959,10.413512229919434,-8.719724655151367,10.344698905944824,0.3565259277820587,0.39085325598716736,0.41366395354270935,0.45395833253860474,0.47326332330703735,0.47280752658843994,0.5040567517280579,0.5161011219024658,0.5150617957115173,0.5319073796272278,0.43132054805755615,0.3744220435619354,0.055680245665748,0.045434016821838015,2192.223486489469,1683.267023056229,2585.0752983669554,1139.825672020499,3946.3216901102087,3257.9082379493925,0.05776219910092807,0.05622675566665165,20.89592436805591,6.60568163465985,10.51138427854979,4.4572056702843845,16.53943594250055,5.03352594364697,15.934899572055635,4.543359835293431,17.034880882711068,3.445853728054099,20.773897363095475,5.906583580942041,29.921360345671907,4.139133669362578
vocals,525.0,530.0,-371.73565673828125,97.50798797607422,163.5639190673828,63.843658447265625,-1.7878514528274536,34.59998321533203,16.445411682128906,25.34627914428711,17.086219787597656,19.91203498840332,19.111644744873047,23.95206069946289,-12.178079605102539,18.75850486755371,-5.201774597167969,11.992972373962402,-2.7203304767608643,11.87967586517334,-10.678754806518555,14.649364471435547,-7.098109245300293,10.112841606140137,-5.911125659942627,9.871028900146484,-8.37134838104248,9.647052764892578,0.3319229781627655,0.33485785126686096,0.37067946791648865,0.4676722586154938,0.5172902941703796,0.5037972927093506,0.4682890474796295,0.4599754512310028,0.4871276021003723,0.511810839176178,0.3878113627433777,0.33268770575523376,0.046044001506756034,0.03660024770557684,1938.6255968399516,1364.7495754916376,2534.0717281453854,1062.3457796013568,3425.577893887761,2639.3266393446265,0.048407817937935034,0.045845326929849585,21.155247102585026,6.291479640531462,10.565491022309885,3.9397311330791416,16.299205424580432,4.832212847475915,15.359901593441622,4.62819917555828,16.845661192867937,3.130775885060031,22.279042196639274,6.024564453697814,29.44645321556839,3.897645172281351
vocals,527.5,532.5,-390.2644348144531,117.59760284423828,154.39996337890625,70.65483093261719,-0.7345763444900513,34.81423568725586,18.855844497680664,25.330781936645508,18.848522186279297,18.67876625061035,19.842933654785156,27.041730880737305,-16.624319076538086,19.482330322265625,-5.326383590698242,11.681411743164062,-4.255966663360596,12.7782564163208,-12.074098587036133,14.66602611541748,-5.07547664642334,10.25267505645752,-4.887345314025879,8.457091331481934,-8.608748435974121,10.148624420166016,0.37039461731910706,0.35248950123786926,0.3553534150123596,0.45334959030151367,0.5446714758872986,0.5401894450187683,0.4636935591697693,0.43880653381347656,0.43016040325164795,0.4221498370170593,0.35655996203422546,0.36348089575767517,0.043289069704583946,0.03438755348966168,2028.9185503600024,1316.0378280519292,2664.622264727653,1017.9252463845748,3524.051080336427,2427.980921628533,0.054130111658932716,0.051410859616790754,20.60304514877581,6.192026781753999,10.590298728924909,3.8334161719506477,15.652421445159025,4.562490864525797,15.215261243561104,4.581604835298388,16.795082145619396,3.080413963175502,23.9800435885948,7.127041434541736,29.332113488484964,4.558587911788782
vocals,530.0,535.0,-392.6454772949219,113.87115478515625,135.0556182861328,77.71574401855469,-1.299875259399414,40.30320739746094,14.926288604736328,27.241912841796875,17.55806541442871,20.081424713134766,14.078485488891602,22.275043487548828,-10.272088050842285,18.25495147705078,-3.650202512741089,9.99510383605957,-5.49554443359375,11.822721481323242,-10.987975120544434,11.881223678588867,-7.04001522064209,10.41892147064209,-5.911956787109375,9.722013473510742,-7.522783279418945,10.134354591369629,0.4281938970088959,0.4109117090702057,0.3960014879703522,0.4384467601776123,0.4639645218849182,0.4654451012611389,0.45971906185150146,0.4769861400127411,0.4714178740978241,0.4390746057033539,0.3889986574649811,0.41954439878463745,0.04360745636509405,0.04361829037487037,2300.0298064718027,1427.6919460591953,2771.490926777585,1067.4173407104872,4021.0633881960557,2695.1917713983225,0.06257703741299304,0.05483856059548539,18.802499468257132,6.19968648914798,10.012917107948267,3.827262267225094,15.32377394784095,4.638317600689306,15.091351150965352,4.087944147553555,16.815592699184016,3.679664054825014,22.575482757223526,6.841056813088333,29.059848274383846,4.360719151900011
vocals,532.5,537.5,-368.6046142578125,104.02263641357422,153.26913452148438,79.82916259765625,2.2022688388824463,38.38613510131836,10.139657974243164,28.059499740600586,9.745128631591797,20.650680541992188,12.193755149841309,21.215255737304688,-5.696744918823242,17.129833221435547,-0.5883975028991699,10.389917373657227,-5.273797988891602,10.468441009521484,-10.193672180175781,13.335058212280273,-8.826866149902344,11.458948135375977,-5.68403434753418,11.01217269897461,-6.484072685241699,9.460617065429688,0.44526731967926025,0.4155486226081848,0.4459098279476166,0.4897143840789795,0.4933381974697113,0.5006375908851624,0.44060924649238586,0.43031448125839233,0.4399845004081726,0.456255704164505,0.43273404240608215,0.44227802753448486,0.0512524963160188,0.046062729461440945,2184.911091315355,1585.2787350631927,2628.7310763477344,1166.622681244706,3775.1052467009863,3168.6321090031593,0.05779618619489559,0.0556866269414465,19.762798848200184,6.21302607260803,10.22088875183995,4.302098109919453,15.112167093930651,4.562107981314193,15.455378734814309,4.202807353407352,17.18747946277088,3.8124289244136493,21.254094465018948,5.45017672337722,28.824953824721327,4.09671102461046
vocals,535.0,540.0,-355.8306579589844,101.3731918334961,145.99583435058594,87.8147201538086,-4.56921911239624,37.75901412963867,18.383302688598633,33.88542938232422,3.690575361251831,21.094501495361328,7.160866737365723,21.812578201293945,-2.2252004146575928,15.94404411315918,2.6120901107788086,12.013162612915039,-5.7730841636657715,11.538143157958984,-11.450356483459473,14.74958610534668,-9.434039115905762,11.429701805114746,-6.388137340545654,10.793549537658691,-5.882627964019775,9.249580383300781,0.4833456873893738,0.4181053638458252,0.4430510103702545,0.5064693093299866,0.5317140817642212,0.5541196465492249,0.46129733324050903,0.3909080922603607,0.3782433271408081,0.4246038794517517,0.4099409282207489,0.433492511510849,0.05105312198731781,0.04149932738257437,2435.540925583467,1795.432794089141,2620.8599125968517,1202.1138102180203,4194.128389646172,3398.6725045501025,0.06928269105278423,0.06515510890724534,19.714319864429555,7.0167506947384055,10.214244968354269,4.104962569870172,14.953657667437826,4.400898555484438,15.975643419858024,4.411959179975528,16.75564721737705,3.4513096741520695,21.298806042706644,5.323522763934719,30.16267493659704,5.007437928988648
vocals,537.5,542.5,-396.74261474609375,116.20759582519531,134.96588134765625,82.59526062011719,-4.730900287628174,38.82455825805664,16.977632522583008,33.8105583190918,12.170699119567871,22.3085880279541,16.70262336730957,22.202878952026367,-2.3920836448669434,16.560352325439453,0.012413219548761845,12.691104888916016,-6.217113018035889,11.17022705078125,-11.27883243560791,13.153020858764648,-7.628950595855713,11.111289024353027,-5.2766547203063965,9.97599983215332,-4.531402587890625,9.522409439086914,0.4557139575481415,0.399992972612381,0.43235528469085693,0.5136404037475586,0.5736221075057983,0.6087400317192078,0.5090999603271484,0.45504024624824524,0.4318389296531677,0.45975515246391296,0.4355704188346863,0.414898157119751,0.03927627543989961,0.038385544626332015,2434.570255635137,1596.7974568696889,2799.71840576798,1118.2505900308074,4257.6288564022625,2979.059923876619,0.06398183729698376,0.059332701923401066,18.159597679937473,6.482542683989073,10.105170963133032,4.123877305928415,14.761879148911104,4.491759028987484,15.606390268396387,4.13384274162283,16.409398286948743,3.301106612870877,20.521950108298803,5.348607454631463,29.18643791207251,5.325752134438084
vocals,540.0,545.0,-399.26568603515625,100.4742431640625,145.2790069580078,73.56108093261719,2.4466030597686768,38.95611572265625,14.455667495727539,34.64152526855469,21.002918243408203,17.702648162841797,28.106767654418945,19.35630226135254,-1.9677236080169678,17.358154296875,-2.877521276473999,10.350996971130371,-4.986586570739746,11.223133087158203,-12.630791664123535,13.857210159301758,-8.28020191192627,12.851204872131348,-4.256096363067627,8.131583213806152,-6.723329544067383,10.642711639404297,0.3944685757160187,0.3767462372779846,0.4242538809776306,0.5201252698898315,0.5676619410514832,0.6029796004295349,0.5313476920127869,0.49172356724739075,0.4792904555797577,0.4633617103099823,0.4254472553730011,0.4065144658088684,0.03701389423716574,0.033848484239711665,2100.5068539819536,1505.8479470343805,2654.4333735943856,1028.5542144341873,3650.3525594547564,2804.985765474444,0.05179293249709977,0.053953514697572404,19.101020622113438,6.485988874057941,9.21246690936151,3.8131254612596863,15.995885483195535,4.567655835973696,15.381178016576062,3.7970662838965956,17.07411559374844,3.241377647927755,21.262501819466213,5.276093339291476,28.86147504512467,4.509811457893423
vocals,542.5,547.5,-375.1110534667969,90.1536865234375,140.6561279296875,76.07579040527344,-5.322091102600098,37.9354248046875,21.320781707763672,38.999813079833984,16.23748207092285,20.293405532836914,19.862815856933594,22.056446075439453,0.30473124980926514,16.629594802856445,-0.5297344326972961,9.919057846069336,-7.114419937133789,12.124699592590332,-12.755613327026367,13.058259963989258,-8.747355461120605,11.481084823608398,-6.626510143280029,8.977017402648926,-10.84127140045166,10.307662010192871,0.39038780331611633,0.379744291305542,0.41313040256500244,0.4776937663555145,0.48427048325538635,0.4989486038684845,0.4902490973472595,0.4843299984931946,0.48792120814323425,0.45417943596839905,0.42405471205711365,0.4186309278011322,0.04143591011629122,0.03436933677741587,2397.2109387583164,1871.8771403001535,2647.3846381794597,1136.5976090002666,4172.495264464907,3488.946667109504,0.06780878407772621,0.06880380046315412,18.912939146140907,6.760648885054196,10.035010272269291,4.4105991925800945,16.275210254727575,4.852779191334615,15.248945830898986,3.972891830080833,17.240043137313965,3.345692912481642,21.44665531587418,5.592553199263198,29.7928657235288,5.041099702812382
vocals,545.0,550.0,-376.0027770996094,99.0987548828125,134.69876098632812,73.05303955078125,-11.647931098937988,38.29740905761719,22.0845890045166,36.26917266845703,18.212242126464844,22.079214096069336,19.698461532592773,20.852676391601562,-1.2978456020355225,15.826455116271973,-1.2500076293945312,10.038191795349121,-7.146171569824219,10.409414291381836,-11.61704158782959,12.520031929016113,-9.2484769821167,10.629456520080566,-6.72252893447876,9.183685302734375,-9.51526165008545,9.420380592346191,0.36374786496162415,0.36378708481788635,0.40285730361938477,0.4549216032028198,0.4762318432331085,0.5308977365493774,0.5273366570472717,0.5380090475082397,0.489869087934494,0.4736393392086029,0.4458978474140167,0.38287031650543213,0.04235539672102967,0.0382724064436457,2490.875880495334,1751.3562483868113,2815.283319996133,1147.1642420535206,4452.976476399362,3388.698025536611,0.06909236332656613,0.06352734744085153,18.192261928757937,5.960455071501815,9.647930676608507,3.618924666565634,16.305842279669147,4.873756524799525,14.64951008309349,3.8941023557836063,17.041381431765256,3.7636844853864004,20.16145140143097,5.3682603156822974,29.282163917689395,4.781004336934744
vocals,547.5,552.5,-483.8485412597656,142.3279266357422,79.6409683227539,84.98721313476562,-3.9696192741394043,31.65548324584961,12.454395294189453,27.55144691467285,12.396187782287598,18.803802490234375,14.542850494384766,18.409568786621094,-1.169608473777771,11.599772453308105,-1.829837679862976,8.215615272521973,-3.3558249473571777,7.974661350250244,-7.243503570556641,12.259284019470215,-6.307743549346924,10.0808744430542,-2.6842868328094482,6.868537902832031,-3.8965253829956055,7.908470630645752,0.34954634308815,0.3193941116333008,0.34551647305488586,0.42683538794517517,0.43213027715682983,0.688998281955719,0.5585330128669739,0.492387592792511,0.4140419065952301,0.403312087059021,0.4078682065010071,0.36705300211906433,0.023308840541068705,0.033721313376614624,4805.817910245783,3344.637451065506,4896.097737561959,2664.061236161534,10315.603361550175,8085.868447680416,0.3059642818300464,0.35735163898890154,17.921288041729888,4.668241191108339,8.342550527975511,2.965693322371536,14.370943367254352,4.284888396762339,14.607754518001583,3.543405363390444,16.127680143875757,3.650463670719213,16.932023270166603,4.112053179717238,25.626342363971137,5.398897466336878
vocals,550.0,555.0,-597.6867065429688,128.82626342773438,34.50544357299805,70.62659454345703,-0.06880000233650208,10.129356384277344,1.0066052675247192,10.828596115112305,1.9224485158920288,6.394556999206543,6.188973903656006,12.297779083251953,-1.3892836570739746,7.729203701019287,-0.31344830989837646,5.377234935760498,-1.4216541051864624,6.581535816192627,-2.6834487915039062,8.261920928955078,-2.931577682495117,8.70274543762207,-0.4625937342643738,5.17992639541626,-1.0107660293579102,6.135479927062988,0.32228416204452515,0.2899472713470459,0.28249457478523254,0.32980233430862427,0.3413395285606384,0.8456915020942688,0.5676218271255493,0.3674156367778778,0.32076311111450195,0.3356992304325104,0.35605257749557495,0.3302781879901886,0.010354034636354559,0.026357235955841714,7386.67453195554,2999.143143300596,7052.966172084253,2320.077749892897,16763.923379495358,7297.416206813426,0.6197116081786543,0.37204153136226015,18.353553377960345,4.1441316035866205,8.656427449265339,3.8257114681265287,12.303319132359695,4.123263720654837,14.940878869918667,3.4209572537065607,15.173144341894606,2.793250352844733,15.693607014910357,4.003930793110317,23.326735533176755,3.707052058591606
vocals,552.5,557.5,-446.1189880371094,157.04698181152344,101.10114288330078,99.5294418334961,-4.802558422088623,25.76788330078125,14.812572479248047,32.3682861328125,6.735909461975098,15.42676067352295,12.806894302368164,17.57427406311035,-5.668586254119873,16.052953720092773,1.0134068727493286,9.44302749633789,-0.13601812720298767,10.449678421020508,-8.233372688293457,12.760490417480469,-7.1328253746032715,10.461703300476074,-4.915433883666992,8.530669212341309,-6.803764820098877,10.863958358764648,0.33935222029685974,0.32727935910224915,0.3299690783023834,0.32784584164619446,0.3701435327529907,0.6731281280517578,0.4758712947368622,0.3756864070892334,0.31808117032051086,0.33480116724967957,0.35352346301078796,0.34001442790031433,0.03941938307191939,0.04468560776864079,4855.194402996995,3743.364305590117,4737.666963050448,3052.0061462518584,10394.79159113979,8920.579145698004,0.374516250362529,0.4072973600495754,19.4134904284123,5.878669322338706,10.331184302391001,4.830571353108404,14.64788107267012,5.5052663183835016,15.419877684761586,3.93320296587249,16.082930326115513,3.1803958431562283,19.498536575002937,6.594314642179658,27.824664430733463,5.228919792461441
vocals,555.0,560.0,-362.0835876464844,93.6342544555664,156.8695831298828,78.07511138916016,-6.175804138183594,36.2116813659668,23.726831436157227,36.59511184692383,12.332777976989746,17.656536102294922,14.052330017089844,20.169958114624023,-6.167292594909668,18.839441299438477,2.0646872520446777,10.376815795898438,0.7455121874809265,13.349227905273438,-11.438916206359863,12.817495346069336,-9.345894813537598,10.998640060424805,-5.298903942108154,9.229057312011719,-9.040384292602539,11.74065113067627,0.43387407064437866,0.4265236258506775,0.45206400752067566,0.4979715049266815,0.5323492884635925,0.4871472716331482,0.4477871358394623,0.4107680916786194,0.39859214425086975,0.4276379346847534,0.41576361656188965,0.43535318970680237,0.050177166734947966,0.03934822648680694,2160.35144482354,1715.7851160060193,2417.5118036029703,928.3813784968481,3660.64453125,2923.632271284976,0.06256684128480279,0.06799103443947102,18.484544761269383,7.027143099483166,10.096879176946214,3.920170753981932,15.52993376049503,4.958353619529208,15.674304559519838,4.644901613622705,16.674519039961712,3.197878256022792,22.15667935614613,5.989755504628892,30.2975898156727,4.259309784044079
vocals,557.5,562.5,-371.1585998535156,95.02159881591797,170.79843139648438,74.3785629272461,-9.518524169921875,36.44865036010742,19.532394409179688,33.01905059814453,10.85279655456543,17.64813995361328,19.57960319519043,21.333215713500977,-2.846964120864868,17.20905303955078,2.025036334991455,10.25700855255127,-0.8991536498069763,12.76724624633789,-11.34995174407959,13.23460578918457,-9.433700561523438,11.41954517364502,-3.3307511806488037,9.210978507995605,-8.798805236816406,10.219379425048828,0.4716082811355591,0.44405397772789,0.47318580746650696,0.5285370349884033,0.5743977427482605,0.5715972781181335,0.47479990124702454,0.4058583676815033,0.3446645736694336,0.37429285049438477,0.40398192405700684,0.46808484196662903,0.046144626049860756,0.03477475688396796,2000.9506156400498,1519.981248366678,2377.832467049273,986.0904160749781,3487.8792959686775,2707.892035055465,0.05405420714907193,0.05682050994739276,18.756420168383986,6.898396710045345,9.574303144143839,3.654511624629854,14.865212057824435,4.10578277955055,15.236725219055273,4.678491263877887,17.195552922327888,3.4067616964634593,21.682441526725512,5.328118234612666,29.873966551486905,4.080729557181714
vocals,560.0,565.0,-328.91778564453125,80.55827331542969,159.72900390625,72.53703308105469,-10.474897384643555,39.616397857666016,11.249951362609863,31.28362274169922,8.648632049560547,19.128297805786133,26.46578598022461,17.5748233795166,-0.13398346304893494,15.4844331741333,2.494371175765991,9.828386306762695,-1.3129549026489258,10.630729675292969,-10.108932495117188,13.942880630493164,-9.394402503967285,11.245774269104004,-1.4020203351974487,11.525938987731934,-10.931540489196777,10.040724754333496,0.4836673140525818,0.4511992037296295,0.4825652241706848,0.5129837989807129,0.5269985198974609,0.5440981984138489,0.500662624835968,0.43895378708839417,0.3846072554588318,0.3778593838214874,0.38211145997047424,0.45952603220939636,0.052542179201679896,0.038721071968529454,2257.512839506721,1642.2916492256966,2633.7230917129787,1124.1399073379505,4134.275077943736,3189.6131764851348,0.0575208907337587,0.056404274319728005,18.65078783253951,6.613809860475643,9.94854492894665,4.032099715551476,15.43843477432154,4.527181342006515,14.987209085251214,3.622594061089946,17.693988089897214,3.4124614034466085,21.302281693046194,5.6046429020446205,30.7691643546334,4.085716416547451
vocals,562.5,567.5,-349.601806640625,94.62728881835938,152.0995635986328,64.51245880126953,-10.442550659179688,40.10139465332031,9.935952186584473,26.490795135498047,9.43591594696045,19.100017547607422,25.45418930053711,17.425615310668945,1.0669639110565186,14.962332725524902,3.0854878425598145,7.762348175048828,0.2857356667518616,10.784075736999512,-7.941752910614014,13.118313789367676,-8.317214965820312,10.6483154296875,-1.2184782028198242,11.978167533874512,-9.026034355163574,10.028987884521484,0.48449304699897766,0.48395830392837524,0.5106233358383179,0.5089432001113892,0.5423445105552673,0.5474075078964233,0.4827292561531067,0.4637422263622284,0.4284191131591797,0.3754426836967468,0.4010002613067627,0.4903688132762909,0.04408199710081593,0.03896075527772097,2245.976393250992,1450.2150936070561,2742.307220212543,1025.8389640807861,4113.141563043793,2950.0985911636835,0.05567199282192575,0.04814809370967852,18.447555575319765,7.416072367008193,10.000152933497946,3.711615092600885,15.476546725153446,4.597622641560254,14.815542536609593,3.482210852082105,17.71924672608216,3.2387494807819066,20.468175783748787,5.134489926784625,30.03381078394879,3.706799263921888
vocals,565.0,570.0,-377.7890930175781,92.54655456542969,158.61605834960938,72.79354858398438,-6.999878406524658,39.297080993652344,19.911863327026367,28.875158309936523,10.23497200012207,19.880910873413086,16.87355613708496,21.258651733398438,-0.5164880156517029,16.069072723388672,0.5021736025810242,10.212698936462402,1.0264157056808472,12.26745891571045,-5.398454666137695,13.282397270202637,-9.113308906555176,10.300824165344238,-4.548903942108154,10.091547966003418,-7.463980674743652,9.266091346740723,0.5352420210838318,0.5093681812286377,0.4949493706226349,0.4980282485485077,0.49973157048225403,0.5345354080200195,0.47817912697792053,0.4356454312801361,0.40391311049461365,0.41835129261016846,0.4397839903831482,0.4714657664299011,0.04149674718282261,0.036023355592193676,2119.327137156535,1521.9010565492392,2495.828334359193,1011.2989592935152,3746.2277724405453,2838.1986607953504,0.057345290748259864,0.05324873447397114,18.119995705151638,7.429739873168582,9.522374623115699,3.522682903469407,15.527762999952019,4.794535160389573,16.028518910960674,5.026773943818963,17.415153691659686,2.9982847439655576,19.547436011759924,4.476134254074816,30.14833072928547,3.7641508556575847
vocals,567.5,572.5,-354.7686462402344,93.19380187988281,146.72454833984375,90.65000915527344,-18.454973220825195,39.48918533325195,29.5562686920166,37.330379486083984,7.105564117431641,18.841032028198242,12.301498413085938,20.65550994873047,-3.9131083488464355,17.361391067504883,-0.6795574426651001,12.433281898498535,-1.617702841758728,13.37707233428955,-5.509716987609863,11.834854125976562,-10.501302719116211,9.872217178344727,-3.3269619941711426,10.64159107208252,-10.278115272521973,9.769940376281738,0.48246046900749207,0.4462891221046448,0.40633776783943176,0.4164983034133911,0.45959019660949707,0.46314316987991333,0.4160156846046448,0.4036417007446289,0.40503451228141785,0.48377758264541626,0.481416791677475,0.4522644281387329,0.049505220084159966,0.03946671398571485,2580.21489847101,1930.2796394040238,2528.7787572985553,1079.895649797886,4400.567357888631,3272.4945512982786,0.07816351870649652,0.07156941425655089,17.735049182006723,7.934498373334849,9.486132271544173,3.8882807786237215,15.160394244683946,4.405020321475045,15.959279673178944,5.079085656067553,17.407727500831943,3.252522787140656,20.219769559034876,5.422050749816311,30.947868562007283,4.804716100265958
vocals,570.0,575.0,-357.1895446777344,96.35346221923828,152.47117614746094,81.4494400024414,-14.685145378112793,38.11783981323242,21.47276496887207,39.311031341552734,9.363282203674316,20.06163787841797,20.32998275756836,20.247289657592773,-1.2707911729812622,18.517305374145508,1.6495627164840698,13.751717567443848,-1.825136423110962,12.036690711975098,-9.162671089172363,12.763799667358398,-8.94762897491455,9.789576530456543,-3.0869100093841553,11.099684715270996,-10.258844375610352,10.39599609375,0.42652955651283264,0.3907810151576996,0.40103915333747864,0.44289615750312805,0.5282741189002991,0.5463912487030029,0.4550788104534149,0.42280879616737366,0.4117734432220459,0.4747122526168823,0.4564131200313568,0.436964213848114,0.04928842862109652,0.039436159271871725,2374.4474596223718,1709.0528469089313,2581.7324268967195,1002.8891080037947,4185.635014863689,3001.419278257288,0.06565060361078887,0.06528258618956692,17.550990578567443,6.903042321390848,9.582009525503635,3.496969289562,15.4351845278281,4.5952211433931724,15.082981199314975,3.859313010685005,17.946082216864397,3.367435880524599,20.58391639294099,5.545371245991119,30.196043690906688,4.84384969638872
vocals,572.5,577.5,-363.57757568359375,91.56902313232422,156.64402770996094,71.63225555419922,-2.6972155570983887,39.659019470214844,17.087181091308594,33.7369384765625,9.809370040893555,22.396665573120117,22.13604164123535,19.48047637939453,0.2574739158153534,17.021100997924805,2.7292838096618652,13.03188705444336,-0.3936024010181427,10.200286865234375,-7.426350116729736,14.625500679016113,-7.724966049194336,12.0585298538208,-5.077275276184082,10.28360652923584,-8.616944313049316,10.314419746398926,0.477656751871109,0.4590083658695221,0.4945645332336426,0.5418604016304016,0.5756140947341919,0.5771487951278687,0.46849608421325684,0.40561965107917786,0.3815731108188629,0.43711838126182556,0.43643078207969666,0.4582737684249878,0.04496511615500267,0.03817606522181618,2244.7614186371347,1699.1427044300958,2647.8013595551233,1102.0513350023507,4086.9619843024943,3266.1765044626245,0.058318454538863106,0.06408513401114016,17.432633508968067,6.63191841319066,9.269452021381259,3.611863935049092,15.64985862680377,4.42095734662856,15.11061350259103,4.11251670660051,17.04249618322679,3.364497554389705,20.04993791029437,5.151673864431097,29.699709785997783,4.199696080419229
vocals,575.0,580.0,-378.0017395019531,102.87640380859375,145.00791931152344,78.78435516357422,-9.454877853393555,42.60282516479492,18.90814781188965,33.13622283935547,9.835927963256836,21.892501831054688,15.513628959655762,18.80402183532715,-0.3092050850391388,15.737451553344727,0.46168252825737,11.431299209594727,-2.060429811477661,10.468361854553223,-4.3134355545043945,14.551414489746094,-5.58646297454834,13.144521713256836,-5.352268218994141,11.015650749206543,-8.608729362487793,9.291765213012695,0.5162878036499023,0.4666731357574463,0.46471211314201355,0.5308271050453186,0.5338590741157532,0.5116756558418274,0.43435731530189514,0.4048716425895691,0.4117330312728882,0.47554686665534973,0.49100348353385925,0.4806113541126251,0.04356441423960712,0.04316183373818858,2394.7944482014996,1824.0224550551645,2585.8824448539767,1121.5548955770014,4117.438211463167,3311.0549832553234,0.07047337224477958,0.06945749522979008,16.564593120880538,6.46702302849427,9.625469790610904,4.060460499869287,14.733572742870138,4.466690144274572,15.233444924949504,4.552159272058072,16.80115236962324,3.2365790239539174,19.796025026538018,4.832177346335292,29.612844461777925,4.297517248001389
vocals,577.5,582.5,-388.24139404296875,110.55621337890625,147.5438232421875,77.54106140136719,-6.437165260314941,45.627647399902344,20.129404067993164,31.037525177001953,13.747514724731445,17.72908592224121,11.539365768432617,19.05942153930664,-2.7797834873199463,18.26204490661621,-0.4950179159641266,11.390496253967285,0.2709551751613617,10.42644214630127,-2.575920343399048,12.407801628112793,-5.077160835266113,11.65683650970459,-3.058331251144409,11.133415222167969,-7.628456115722656,10.87959098815918,0.4518246650695801,0.39686319231987,0.4533471167087555,0.5263524651527405,0.5114520788192749,0.5102127194404602,0.45711225271224976,0.465898722410202,0.4575663208961487,0.5017309188842773,0.5182479023933411,0.4972202777862549,0.0452577559641517,0.04452776258626176,2159.573432393829,1524.553043544265,2497.9783106381797,1114.9574766441572,3756.7195883483178,2820.872896138782,0.061359166545823664,0.053559079714331145,15.782032920948302,6.8758267675282525,10.009241344532887,4.187683894772503,14.78124038105207,4.60553982173756,16.256535930982565,5.2833066322117315,17.27775109126521,3.0946519119722615,19.757198767493087,4.528401534431859,29.11991421163053,4.469785612088957
vocals,580.0,585.0,-367.30419921875,100.18810272216797,160.99525451660156,72.63826751708984,2.642299175262451,41.81303405761719,17.77851676940918,30.262367248535156,16.085512161254883,17.784955978393555,19.618635177612305,21.055265426635742,-3.432145357131958,19.492658615112305,-0.263840913772583,9.892838478088379,2.562688112258911,10.906339645385742,-5.60738468170166,12.296531677246094,-5.079427719116211,11.733222961425781,-2.243149518966675,9.161449432373047,-9.047730445861816,12.481788635253906,0.44380757212638855,0.4322079122066498,0.4776856601238251,0.5338947176933289,0.5472825169563293,0.5705136656761169,0.5151745080947876,0.47700682282447815,0.4342142641544342,0.4438308775424957,0.4365273416042328,0.46856629848480225,0.049643891423793725,0.04167966345024525,1915.9171978734316,1398.6313967718236,2458.067987684221,1114.9232732699338,3468.644300137761,2823.5149710293344,0.04817104118329466,0.0470187614438269,16.842707881771823,7.14466153589663,9.894207070720192,3.75591942626407,15.027609784132434,4.315145459480906,15.497336788527594,4.830684245959783,17.284597349524148,2.9143814843952476,21.243373602295097,5.371514108181764,29.172983508603025,4.264583203058629
vocals,582.5,587.5,-372.39202880859375,106.03157806396484,151.2285614013672,74.51122283935547,3.51139235496521,38.56079864501953,12.700151443481445,29.01186180114746,16.647626876831055,18.589061737060547,23.72833824157715,16.926799774169922,-0.0659646987915039,16.389955520629883,-0.7921870946884155,9.426440238952637,-0.5743924975395203,12.122443199157715,-8.753037452697754,13.316314697265625,-4.970257759094238,11.211091041564941,-3.9188671112060547,9.765311241149902,-8.976053237915039,11.123590469360352,0.42169189453125,0.41933825612068176,0.45168694853782654,0.4754437506198883,0.5183323621749878,0.5753084421157837,0.5119770765304565,0.4597773253917694,0.4266440272331238,0.43991804122924805,0.46449699997901917,0.4626127779483795,0.04789065786851019,0.042588958283752934,2173.060366503443,1714.7544707356285,2664.2563507241075,1266.855877486357,4097.154034041473,3667.6158674995154,0.055128199318445474,0.056980986638507425,17.157213528976932,6.950130551273189,9.651271687855765,3.7540979024620693,15.461589077730624,4.2888908676100295,15.121729254401519,4.1326223320596,17.412929221471774,3.0528624293821736,21.042770099841768,5.7753400960858015,29.069499413785792,4.356499688333283
vocals,585.0,590.0,-377.303466796875,112.5506820678711,128.45669555664062,78.673095703125,-2.9158546924591064,39.21038818359375,25.868167877197266,32.08514404296875,17.873226165771484,18.20940589904785,19.448286056518555,15.44382381439209,-0.5674216151237488,16.043874740600586,1.6248414516448975,11.4691801071167,-1.638860821723938,12.52694034576416,-8.704680442810059,13.642477989196777,-6.905842304229736,10.046703338623047,-4.3710618019104,10.980253219604492,-7.096508502960205,9.572981834411621,0.4293082654476166,0.3717345893383026,0.4060041308403015,0.43477317690849304,0.47129279375076294,0.5432413816452026,0.5352967977523804,0.5018355250358582,0.507957935333252,0.5052617788314819,0.4685911238193512,0.4781818389892578,0.043737483797395026,0.0411918919372393,2654.0261358755647,1858.4952464840883,2936.1541866195,1228.8541919975687,4931.153476653132,3653.0544884511028,0.07313003008990719,0.06676644539561152,16.547150349899432,6.684860905942613,9.6755786025726,3.828952617942058,16.030219644433693,4.60311003930826,15.209976974481707,3.8999147347616776,17.11437084047889,3.4101763915701264,20.12989071715064,5.283177798800368,29.348834753027905,4.81904137878518
vocals,587.5,592.5,-367.51654052734375,97.82324981689453,160.6008758544922,75.19705963134766,0.6805219054222107,39.30022048950195,25.788848876953125,31.189245223999023,17.648618698120117,20.20755386352539,20.028358459472656,18.96511459350586,-5.321876049041748,18.09649658203125,-0.9094815850257874,13.614044189453125,2.2754123210906982,14.501476287841797,-5.516207218170166,13.88830280303955,-8.199357032775879,11.028491020202637,-5.398693561553955,9.769744873046875,-7.44876766204834,9.570479393005371,0.41767340898513794,0.3954966366291046,0.4372756779193878,0.49928775429725647,0.5814836621284485,0.5904836058616638,0.48170000314712524,0.4428403675556183,0.47651025652885437,0.48689591884613037,0.4458293914794922,0.4522012174129486,0.048215756650564094,0.03524016366656042,2015.960750488745,1549.6940098120472,2454.0912301640033,1050.4732670570438,3536.99098662268,2827.5047698331646,0.053698475565545245,0.056811137468981324,17.97074471207773,6.504130009073338,9.780694250921531,3.6136687475733664,16.035678895714923,4.519534605674748,15.953079306775582,4.6505454639291575,17.321334187190946,3.336786802841458,20.94882627260945,5.174332552500598,29.650007437004724,4.172252937086865
vocals,590.0,595.0,-345.6170349121094,83.9972152709961,189.4986572265625,56.202392578125,9.056472778320312,37.24483871459961,15.034217834472656,26.391685485839844,18.57361602783203,18.263254165649414,22.998348236083984,20.2833309173584,-7.546928882598877,16.92629623413086,-3.8658599853515625,12.705720901489258,1.7983006238937378,14.195898056030273,-7.530656337738037,14.707986831665039,-7.881675720214844,11.274761199951172,-8.05814266204834,10.188257217407227,-9.15181827545166,9.464150428771973,0.45937055349349976,0.4041520655155182,0.4237987697124481,0.47723692655563354,0.5259836912155151,0.5317837595939636,0.47228339314460754,0.44327622652053833,0.429472953081131,0.43308085203170776,0.42480283975601196,0.48354995250701904,0.06425237508891518,0.03830247827494184,1359.3094458676744,1037.4184057087923,2011.281041736106,777.4187460262668,2282.319687137471,2007.3759977991547,0.03161932642111369,0.03435201610697469,19.344711715293574,5.66930752273156,10.710564982246066,4.236789040151131,16.573921334546764,4.658010239517982,16.147068090627698,4.792375664580364,17.97682120055027,3.131164249512237,21.452480576806074,5.193149499374768,29.343242962005224,3.5973942041030442
vocals,592.5,597.5,-348.9608154296875,95.8816909790039,149.81565856933594,73.47999572753906,10.064480781555176,39.217857360839844,21.70162010192871,32.0567626953125,14.693281173706055,19.39447784423828,18.687450408935547,19.546606063842773,-0.029651332646608353,16.075998306274414,-0.13675124943256378,12.96134090423584,-0.8440172672271729,10.507845878601074,-9.036484718322754,14.547608375549316,-9.251420974731445,13.363182067871094,-8.413741111755371,12.861001968383789,-7.491045951843262,10.536989212036133,0.49805888533592224,0.45833951234817505,0.4244236648082733,0.4492504596710205,0.4640910029411316,0.474992573261261,0.4388895332813263,0.4278087913990021,0.43901950120925903,0.47348421812057495,0.4461664855480194,0.48332396149635315,0.06177167666945936,0.0541285340538053,1886.1701006257179,1540.8522139268428,2446.8502010057878,1020.4388102990591,3250.714295424884,2752.79806961621,0.0496143597737819,0.057412201904731945,17.61646739787578,6.562639564048798,10.508842608782336,4.892327880393113,16.832038106839683,5.418243954431915,15.702466200818208,4.392357242210672,17.643120087612317,3.1836127284743028,20.026948509035666,4.877802727771528,29.709334036306785,4.305509254511198
vocals,595.0,600.0,-358.9820861816406,106.49663543701172,138.6722869873047,74.93760681152344,12.890876770019531,35.7127685546875,23.6977596282959,27.797134399414062,8.69728946685791,19.252885818481445,15.66762924194336,19.225719451904297,0.23630546033382416,15.228067398071289,-1.5520142316818237,12.748113632202148,-0.8628907799720764,12.893430709838867,-8.289437294006348,14.471570014953613,-14.193259239196777,15.354296684265137,-8.386765480041504,12.369327545166016,-4.258367538452148,10.872811317443848,0.4799790382385254,0.42686349153518677,0.44505342841148376,0.47622981667518616,0.46801531314849854,0.4116278290748596,0.3954094350337982,0.44646763801574707,0.5168430805206299,0.46800869703292847,0.43290677666664124,0.4621000289916992,0.06105774033340904,0.061923097655799876,2132.6304915279184,1766.0090548379796,2753.3085542765634,1218.809308433967,3734.836658026392,3232.6180782954184,0.060480033715197216,0.07340475588008413,17.74400562627883,6.978792812205602,10.984500531907255,5.167279478205563,17.501217462061927,6.040213829132237,16.415295065963036,4.491855673706024,17.54099141933092,3.2086801921614807,19.602900490236816,4.599979414151811,29.64109326311721,4.844550417819809
vocals,597.5,602.5,-345.08416748046875,99.442138671875,151.70851135253906,72.02940368652344,18.849729537963867,31.487194061279297,15.729551315307617,25.79664421081543,8.553471565246582,20.202051162719727,14.004804611206055,19.107919692993164,-2.7234690189361572,14.577999114990234,-3.7450978755950928,11.412017822265625,-0.6872079372406006,13.048394203186035,-7.93859338760376,14.721985816955566,-14.745565414428711,14.480271339416504,-9.060805320739746,11.47581958770752,-5.144985198974609,10.222325325012207,0.4563661217689514,0.42685338854789734,0.418979287147522,0.41935840249061584,0.4242473840713501,0.4245908558368683,0.39615604281425476,0.41870224475860596,0.47047898173332214,0.5371415019035339,0.48054754734039307,0.4514389634132385,0.07038856715708998,0.058526894529532233,1963.0090689142216,1722.496147106477,2712.7806960652033,1334.2023076410264,3553.178359737529,3524.830242028653,0.05500244707076566,0.06961607897943228,19.426408473581596,7.444652732641256,11.715388893261364,4.905235003632662,17.559510524271957,5.262894268637629,16.562532014857926,4.586601107377022,17.34705154497057,3.2843614873341576,19.921997457152756,4.666990022226361,28.92898339533679,3.5987847675041436
vocals,600.0,605.0,-335.3988037109375,83.47010803222656,146.55296325683594,76.67706298828125,12.527897834777832,37.671844482421875,25.838363647460938,37.75450897216797,11.578933715820312,21.398265838623047,9.99012565612793,18.064210891723633,-2.335989236831665,16.535573959350586,-0.1900232583284378,11.099885940551758,-0.02902299538254738,12.127362251281738,-7.749601364135742,14.450689315795898,-13.465593338012695,12.939644813537598,-9.228772163391113,12.37720012664795,-6.246170997619629,10.256471633911133,0.4015682637691498,0.3833388686180115,0.42356306314468384,0.42058682441711426,0.43700721859931946,0.48309341073036194,0.44854825735092163,0.42516976594924927,0.45594727993011475,0.4975510835647583,0.45068874955177307,0.4072621166706085,0.06610072001311366,0.05039589595924185,2201.4496571176496,1873.4291887868496,2619.447812199128,1264.3691237369585,3866.8836553799306,3617.903622241765,0.06148831750290023,0.06635787061775394,18.851051669123766,7.247608333170747,10.53099427268458,4.522416386153529,17.110975466360035,5.318648204742195,16.60275970569301,4.660964100151298,17.187386637202547,3.370614998079848,19.660698095415317,4.633123425584474,29.76746903154391,4.423730841682992
vocals,602.5,607.5,-349.0993347167969,102.27378845214844,145.6589813232422,78.17396545410156,0.3049697279930115,38.82050704956055,42.25352096557617,38.089866638183594,19.155933380126953,20.93102264404297,12.085160255432129,17.974395751953125,-3.2440731525421143,17.282018661499023,2.7736926078796387,9.968135833740234,-0.8867186903953552,13.381514549255371,-6.6127543449401855,13.65638542175293,-11.505110740661621,12.15290355682373,-7.6539435386657715,12.091022491455078,-5.584016799926758,11.436278343200684,0.38155943155288696,0.3761296570301056,0.43374139070510864,0.5016721487045288,0.5328723788261414,0.5788360238075256,0.5460705757141113,0.4700566828250885,0.4327799081802368,0.398768812417984,0.3669068217277527,0.35625550150871277,0.05838272799175933,0.04325415984707797,2194.274782499353,1766.0430630327746,2574.2796567370256,1136.0831820856497,3753.2223163790604,3145.5059232990275,0.06000194859338747,0.06297290701786537,18.392020795930897,6.659261935237121,10.451025028794868,3.8363933771325125,16.9349412513671,5.036211221591065,16.44981361316212,4.881046775305002,17.463007265085754,3.201610016026759,20.204605190435856,4.654970815235974,29.795813254002212,5.018138341505028
vocals,605.0,610.0,-374.9662780761719,118.40543365478516,125.90690612792969,78.25440216064453,0.7405081987380981,40.93460464477539,44.56418991088867,38.2198600769043,18.41904067993164,20.673259735107422,11.194040298461914,15.634681701660156,1.4913016557693481,19.96261215209961,2.59075665473938,12.194158554077148,-5.389803409576416,13.482505798339844,-4.794140815734863,12.300215721130371,-8.48784351348877,11.449060440063477,-6.3467206954956055,11.330174446105957,-4.260666370391846,10.287385940551758,0.39281225204467773,0.4043986201286316,0.48771145939826965,0.5690733790397644,0.5692406892776489,0.5939371585845947,0.5803547501564026,0.5289463400840759,0.4484694004058838,0.3905206322669983,0.36247608065605164,0.36422407627105713,0.04682080025097659,0.041162678344548446,2678.675026162298,2122.4396743477755,2918.1842691501884,1312.452757216103,4669.707416437065,3909.084179311136,0.07724360136310905,0.07965777028583633,16.776719466138474,6.9165421833800895,10.576329369919579,4.311951950238605,16.29643247487758,4.781739156561117,16.265886584733845,4.384525332375427,17.24733919104554,2.8687634769789825,19.406740711525526,4.030143568502552,29.34031452547145,5.225895580888428
vocals,607.5,612.5,-382.640869140625,121.71331787109375,116.9275131225586,86.0305404663086,1.8265310525894165,40.32910919189453,38.367794036865234,36.07069396972656,10.813952445983887,20.85639190673828,11.652139663696289,18.105262756347656,0.5367430448532104,22.479312896728516,2.87202787399292,13.592358589172363,-3.5855305194854736,16.319990158081055,-2.9198319911956787,12.487188339233398,-7.0990705490112305,11.456911087036133,-5.3061017990112305,11.544147491455078,-6.361955165863037,9.01594352722168,0.38641321659088135,0.44199681282043457,0.49619078636169434,0.5427938103675842,0.5370833873748779,0.5486232042312622,0.5421851873397827,0.533352792263031,0.4796929955482483,0.45799174904823303,0.4281814396381378,0.3830115795135498,0.0475581800152538,0.04673098773802013,3280.0567168739112,2484.453922153519,3234.3011498974947,1561.588827790082,5938.4677258555685,4913.7220604228105,0.10053382395591648,0.09331880342457016,16.177911309900296,6.819076067040948,10.387090110118226,4.122902680758432,15.850462359203371,5.247510785172913,16.306340097579064,4.916382071832247,16.85605679637286,3.1041005746533283,19.547552616145,4.06033781116598,29.277474045966365,5.498868903319402
vocals,610.0,615.0,-406.6003723144531,128.2733154296875,114.61073303222656,83.25260162353516,6.95005464553833,37.50539016723633,30.433685302734375,31.44622039794922,13.786775588989258,20.97163963317871,16.07615089416504,19.46405601501465,-2.020542621612549,18.632883071899414,2.033522129058838,13.113439559936523,0.385188490152359,14.40742015838623,-0.6764868497848511,12.901810646057129,-4.750647068023682,12.818830490112305,-3.724597692489624,11.421144485473633,-5.680127143859863,9.240195274353027,0.4400187134742737,0.4873274266719818,0.5206193923950195,0.5517245531082153,0.5819345116615295,0.5718958973884583,0.5524695515632629,0.5438727140426636,0.5128546357154846,0.48582178354263306,0.4916752576828003,0.43387797474861145,0.039332294257518025,0.04400447157443058,2962.2526130183132,2312.7760397773736,3334.785019962073,1531.4999962975855,5498.410990066705,4761.556089501516,0.09076819895591648,0.09274227471849082,15.974007912731418,6.981949677739162,10.08009387502215,4.022341821146445,15.067106290439966,4.949513107962406,15.876970569211368,5.080474316592364,17.536972575358156,3.238571902413918,19.507749342605234,4.25182362706947,28.261889687426,5.292902982991876
vocals,612.5,617.5,-387.4295349121094,115.85519409179688,119.9900131225586,80.56245422363281,5.244912624359131,36.66893005371094,27.518169403076172,37.25088882446289,13.982933044433594,19.37216567993164,19.118732452392578,17.606801986694336,-0.5436810851097107,17.45796775817871,1.6423412561416626,12.982717514038086,-3.9141900539398193,12.58096981048584,-5.768110752105713,14.948452949523926,-5.040586948394775,14.2016019821167,-3.086564064025879,11.359724998474121,-4.3184003829956055,9.938691139221191,0.39922791719436646,0.4067095220088959,0.43373969197273254,0.47523239254951477,0.518563985824585,0.5369186401367188,0.47500747442245483,0.47937557101249695,0.49443602561950684,0.49357157945632935,0.45993807911872864,0.4275469183921814,0.042803242367413,0.041801899327724074,2511.7200095261137,1936.187501201528,3012.8556578226003,1210.8938048240052,4383.480686267401,3670.206300135615,0.07339059781032482,0.08224768339632885,16.389507048436613,6.806239648708411,10.503677321516468,4.3039765966585435,16.05355905769456,5.545626101180633,15.67555874356608,4.1221733469701975,17.97600906747346,3.2699516661358667,19.793610677560125,4.729784942030144,28.998316862547604,5.369482582147285
vocals,615.0,620.0,-366.29046630859375,95.60730743408203,139.092529296875,76.4706802368164,3.00986385345459,42.65946578979492,26.373565673828125,32.60997009277344,10.963664054870605,18.822134017944336,11.52873420715332,21.968461990356445,-3.9276163578033447,20.082134246826172,0.10312038660049438,12.403180122375488,-0.8824484348297119,14.871064186096191,-5.92708158493042,14.113225936889648,-8.525956153869629,12.588082313537598,-3.496771812438965,10.681166648864746,-5.3127617835998535,10.865564346313477,0.4393024742603302,0.4130280911922455,0.4147687256336212,0.4543863534927368,0.4751411974430084,0.48869165778160095,0.4379723370075226,0.4580790102481842,0.5010660886764526,0.5382841229438782,0.4793706238269806,0.43895334005355835,0.048243456880460445,0.04284871403262804,2308.530040750256,1683.6134189405618,2688.5197901150627,1050.9113473952264,3993.4849006670534,3162.212008434399,0.06268919482308585,0.06147553252819372,18.117879740237047,6.469609676369399,10.421914466367804,4.398022629003747,15.696829348675312,5.075357183383942,16.90211406567526,4.664744046822072,17.406141645684205,3.2726157700905336,20.08802515033678,4.45901332726048,29.80370365954662,3.994878280597726
vocals,617.5,622.5,-495.3541259765625,134.95494079589844,80.5121078491211,86.21161651611328,5.5033416748046875,34.95642852783203,16.817134857177734,21.895795822143555,7.189311981201172,14.078516006469727,2.602505922317505,15.228825569152832,-3.2980263233184814,15.348899841308594,0.06595853716135025,9.266462326049805,2.481802225112915,10.52176284790039,0.11019168049097061,8.786073684692383,-4.508892059326172,9.678449630737305,-1.101962924003601,7.732740879058838,-2.3367786407470703,8.908821105957031,0.4335837662220001,0.3749796748161316,0.3864467740058899,0.44793039560317993,0.4931015074253082,0.7280288934707642,0.5186178088188171,0.46341899037361145,0.47940772771835327,0.49194884300231934,0.476286917924881,0.4583589434623718,0.019244519589184585,0.03050986362602667,5068.214775882895,3629.840348859489,5252.167022073447,2957.8573478232047,11096.24442611659,8577.403954348989,0.30835244163283065,0.34695387226460994,16.37250575346985,5.481864787081167,8.948182040063799,3.3383753787753476,12.720298795873271,3.6760934092406456,15.936451350224832,4.749080638423933,14.994480257568675,3.062501761647549,17.244850419683203,4.106746673346665,26.331302347532745,4.3734101124489
vocals,620.0,622.8084353741497,-742.5859375,79.19202423095703,30.206377029418945,52.58872604370117,11.983122825622559,14.712608337402344,9.641264915466309,10.989534378051758,9.100947380065918,7.709257125854492,6.610098361968994,6.185314655303955,3.4757444858551025,9.438379287719727,4.664237976074219,5.695403099060059,4.8368611335754395,4.214052200317383,5.287912368774414,4.154940605163574,4.336185455322266,3.937110424041748,3.4354937076568604,3.012831687927246,2.2046024799346924,5.77899694442749,0.32524755597114563,0.3046538233757019,0.32503238320350647,0.3808744549751282,0.453169584274292,0.9406333565711975,0.6096057891845703,0.43472224473953247,0.41481301188468933,0.4087987244129181,0.37495851516723633,0.3559894263744354,0.001622887454889806,0.0067816540226101505,7990.20207679702,2912.7798857261037,7824.615443569229,1851.5035302416327,18239.601828835228,6175.867607230434,0.5853644757231405,0.34259979837587756,14.626836571717211,4.294165684878885,8.592531722820436,3.154870044100253,11.736727194721702,3.157841386102801,14.296258934598713,3.9668243799004737,13.493076599531609,2.4289639980962865,14.893554971424395,2.804488990880293,23.23616801419108,1.4797422981826414
no_vocals,0.0,5.0,-473.62750244140625,38.28631591796875,171.85504150390625,16.579627990722656,-8.179116249084473,22.018842697143555,8.71342945098877,14.964275360107422,1.917605996131897,15.21841049194336,-1.7427191734313965,12.483098983764648,-10.80476188659668,12.834991455078125,-0.7729790806770325,12.42722225189209,-6.316402435302734,11.128520965576172,-6.856244087219238,8.810647964477539,-7.142268180847168,8.987947463989258,-6.618992328643799,7.21002721786499,2.1977427005767822,8.41057300567627,0.09673282504081726,0.30489397048950195,0.767345130443573,0.32542285323143005,0.245844766497612,0.12257254123687744,0.11230665445327759,0.10918501764535904,0.2509618401527405,0.5671085715293884,0.22680434584617615,0.09053852409124374,0.010905172756339343,0.005825697721236266,1803.019574968323,561.1414440701705,3187.6265790673046,756.1849694648137,2835.6880347302786,1491.3852925836982,0.03274769794083527,0.012441734074498369,12.170321878553967,5.131853725156476,10.777799380883296,4.1362072924852065,20.002488696710298,3.736403777954195,21.798474064484182,3.8150393452588602,20.61362254392956,3.06935257210874,19.552734726680697,3.754611488205894,19.63579576630494,2.3573002931933957
no_vocals,2.5,7.5,-459.3507080078125,36.57860565185547,182.4769744873047,17.806337356567383,-13.792288780212402,22.30797004699707,13.941341400146484,13.4951810836792,3.943607807159424,15.607929229736328,1.175092101097107,10.758899688720703,-6.742979526519775,10.448614120483398,1.6963878870010376,8.81477165222168,-6.487861156463623,9.788926124572754,-6.0696234703063965,8.880393981933594,-0.3810123801231384,9.429961204528809,3.041595220565796,11.841748237609863,10.685738563537598,9.865321159362793,0.12210431694984436,0.26631101965904236,0.6004065871238708,0.3247317671775818,0.3722957670688629,0.23514977097511292,0.3872235417366028,0.18346981704235077,0.2262294590473175,0.45823800563812256,0.21512041985988617,0.11947612464427948,0.012271223340740994,0.00555133444262214,1623.097342149804,418.28264583510213,2802.269612951797,625.9245798924209,2604.2185913935614,899.157508081385,0.033044518561484916,0.013054641341953811,12.54764354746286,5.176636774336302,11.25893648524543,4.059527636704657,19.35286407385971,3.871408422370865,21.60983376968039,3.880019173421111,20.843304451791457,2.9463148997983093,21.73238783260189,3.7815066739489374,20.63212057868743,2.8886930192464138
no_vocals,5.0,10.0,-452.8612976074219,34.293731689453125,185.20127868652344,20.48573875427246,-12.302872657775879,20.360698699951172,14.928665161132812,14.591307640075684,3.0949666500091553,14.473468780517578,0.07368005812168121,11.902857780456543,-10.538725852966309,10.740667343139648,0.7347913384437561,8.356671333312988,-8.054852485656738,8.662820816040039,-4.805325984954834,8.721805572509766,4.411165714263916,9.493330001831055,8.580416679382324,9.82989501953125,13.9764404296875,8.65062141418457,0.13951927423477173,0.26483461260795593,0.5355194211006165,0.33927857875823975,0.40584617853164673,0.2762430012226105,0.5025320649147034,0.257405161857605,0.20450706779956818,0.3618977963924408,0.19676822423934937,0.15496426820755005,0.01266066844438974,0.004826528219331823,1587.492934710698,403.29061861889727,2765.644268482647,572.0240856501649,2532.92420424884,878.6114815865302,0.030728864559164733,0.012939822889122151,13.188462720071694,4.774174957827239,10.616357804521925,3.6754142304683883,17.86420379023172,3.707163492964448,21.7534580404617,4.10617544733009,20.413885143091008,2.936807093932302,21.91871387328246,3.4601775302917614,20.305053288975056,2.8712551548746283
no_vocals,7.5,12.5,-448.1659240722656,32.747066497802734,189.43663024902344,20.388458251953125,-10.204045295715332,19.100963592529297,21.30972671508789,12.225227355957031,9.049432754516602,14.18250846862793,3.7220077514648438,12.83496379852295,-8.534843444824219,10.529212951660156,5.122186660766602,9.245367050170898,-3.84098482131958,7.768594264984131,-2.953721523284912,6.76872444152832,4.948004245758057,7.728001117706299,3.756077527999878,9.176928520202637,8.761093139648438,8.207208633422852,0.19240887463092804,0.3367851972579956,0.701862633228302,0.43897050619125366,0.41596081852912903,0.33072328567504883,0.42294928431510925,0.34110310673713684,0.25342151522636414,0.45194703340530396,0.25273334980010986,0.24564114212989807,0.01303976444525346,0.004599520509397798,1506.4880405818728,387.12543352923217,2716.126777132685,567.7140180791778,2490.657174448956,807.2646897822732,0.028308983468677495,0.012381671288325406,14.429148226338135,4.808756884972959,10.40924240710143,3.514975768332878,16.858470595429857,3.3073863643458425,22.038155459142352,4.271845160145971,19.977053193560327,3.083539283344319,22.287971389448263,3.1915868667714147,20.344120970924486,2.401435210884945
no_vocals,10.0,15.0,-425.9501647949219,30.216459274291992,195.65435791015625,15.992656707763672,-14.368616104125977,16.693988800048828,20.592426300048828,13.292305946350098,10.095281600952148,14.18545913696289,7.913058280944824,11.25238037109375,-3.9667160511016846,9.132909774780273,8.108458518981934,10.205262184143066,-2.920956611633301,8.311777114868164,-2.3905982971191406,6.331038475036621,3.895928144454956,7.263857841491699,1.6561933755874634,8.590217590332031,6.919626235961914,8.021825790405273,0.1757209300994873,0.2696644961833954,0.5255940556526184,0.38152268528938293,0.5440897345542908,0.33248040080070496,0.3336314857006073,0.28135180473327637,0.348215252161026,0.6828197836875916,0.335345059633255,0.23424988985061646,0.014888460654981452,0.004859794260644684,1435.7263071065775,312.60811601156524,2495.693110363101,387.0708472931839,2458.8819605568447,733.47397275466,0.029712650449535964,0.010222555035613881,14.665598408428533,4.937454553006183,11.043153379166714,3.2724500105235563,17.39527018678573,3.5628325866862216,22.009344992429263,3.8454600103230097,20.616858732624255,3.052664001131712,22.256038247523804,3.121073391820015,20.78785702552024,2.4389926066144754
no_vocals,12.5,17.5,-421.5698547363281,35.249542236328125,180.488525390625,25.346330642700195,-8.406271934509277,19.611778259277344,27.242359161376953,18.19342803955078,6.779219627380371,12.700175285339355,12.836593627929688,11.192826271057129,-3.0888564586639404,11.15829849243164,10.783723831176758,11.683159828186035,-4.004718780517578,9.18045425415039,-0.2866870164871216,8.061821937561035,1.7151942253112793,8.92872428894043,0.8324926495552063,8.498541831970215,5.779169082641602,8.443114280700684,0.21121875941753387,0.2858480215072632,0.3983002007007599,0.3389117121696472,0.537106454372406,0.2793929874897003,0.2591937780380249,0.2542421221733093,0.4656483232975006,0.8189428448677063,0.4367402493953705,0.25460630655288696,0.015619887741338764,0.006191557593519149,1645.7412153770945,520.0629041822964,2884.987965330166,637.9920846782447,3078.6984755655453,1630.899310662391,0.027349414515661252,0.010461022386467034,13.70837642784026,4.688648071121532,11.652428875713733,3.274284646702244,18.04434348703455,3.8279391257333915,20.707706833537788,3.8770458986175376,19.424062916263633,3.4516983078301178,19.63508068218613,3.6629882465687413,21.37018338502885,2.711010808615278
no_vocals,15.0,20.0,-424.72314453125,44.696022033691406,167.3292694091797,21.68231964111328,-1.0881822109222412,17.142322540283203,32.343563079833984,16.44245147705078,3.2074036598205566,13.966643333435059,16.532657623291016,11.217314720153809,-3.310342311859131,11.531959533691406,15.539087295532227,9.99446964263916,-2.3092052936553955,8.758367538452148,1.5860366821289062,8.012679100036621,-0.3406112492084503,8.429262161254883,1.671428918838501,8.39048957824707,6.50769567489624,8.147086143493652,0.22115924954414368,0.3686038851737976,0.6274614930152893,0.3716585040092468,0.40038296580314636,0.2612258195877075,0.25226229429244995,0.25537803769111633,0.4080965220928192,0.6688337326049805,0.37840571999549866,0.24003715813159943,0.01695121994259359,0.006824900243190504,1728.2572756322536,617.5749786908598,3091.982840883212,612.3927676612553,3293.6807796186195,1969.7680672310958,0.02496352051914153,0.011251536609779334,14.613339063335406,5.170460414103463,11.509099698881053,3.4819991647701474,19.238492443207296,3.962902195346418,21.473935938940574,4.132286356223821,18.7472078544048,3.410118140012829,18.738326839019905,3.320092767122906,22.098222521008097,3.1371784877483684
no_vocals,17.5,22.5,-418.667236328125,44.626853942871094,166.2288818359375,20.68632698059082,-1.0544195175170898,16.12590217590332,27.003257751464844,13.494715690612793,3.0238382816314697,13.630758285522461,17.437286376953125,10.22611141204834,-3.6516454219818115,10.084040641784668,18.346487045288086,8.295343399047852,-0.7650800943374634,7.9759321212768555,-0.9090458750724792,8.65898609161377,-0.764212429523468,7.293370723724365,2.634403944015503,7.392401218414307,8.352154731750488,7.72271728515625,0.23543545603752136,0.38727912306785583,0.8218331336975098,0.43560996651649475,0.29282957315444946,0.21094514429569244,0.1989171802997589,0.1939486265182495,0.2788809537887573,0.5598629117012024,0.3482750952243805,0.2189481407403946,0.018002972539445158,0.006504046797604418,1768.8323020423707,632.4887887107867,3171.3627899920325,725.120491877783,3271.3482000435033,1989.7368418268065,0.027365275159512762,0.01631835622261695,15.873343524245069,4.697564496641823,11.014128458647054,3.871505121848983,19.752665354325455,3.756933153404013,22.6280718258917,4.1190155341800105,20.088958855607558,3.4360334385912585,20.239825318450947,3.7092082032769143,21.964900913971398,3.040098161625469
no_vocals,20.0,25.0,-411.302490234375,38.87223815917969,166.47869873046875,21.97726821899414,-3.93420672416687,17.487964630126953,23.837759017944336,12.731167793273926,4.287381172180176,11.969782829284668,21.33956527709961,9.902236938476562,-4.735321044921875,10.197785377502441,18.522598266601562,9.024482727050781,-0.3733402192592621,8.048014640808105,-0.3939320743083954,9.774991035461426,-0.5612542033195496,7.455228328704834,2.503352165222168,6.4746809005737305,6.610914707183838,7.219579696655273,0.2912648618221283,0.4591566026210785,0.8186730742454529,0.3787252604961395,0.2652246952056885,0.1910676658153534,0.1931682676076889,0.18102659285068512,0.31602367758750916,0.6187605261802673,0.3482341468334198,0.2606196105480194,0.01785190920442723,0.006272571979280471,1835.013549056345,590.6683258203966,3226.1547266483553,704.3500828013431,3387.0079801696634,1863.2375043119907,0.029361450478538283,0.01664421585095627,16.177264701923047,5.254702741253974,10.540055102351403,3.3437819505549693,18.803593853339116,4.061283991910672,22.748747866722585,4.197435749951715,20.823693564383525,3.270501486022052,20.523544552406143,3.3103293904873947,21.978625716721755,2.926254386211683
no_vocals,22.5,27.5,-395.3597717285156,39.2065315246582,168.44325256347656,21.498153686523438,-12.320283889770508,16.618602752685547,23.91746711730957,14.4146728515625,3.595994472503662,12.893885612487793,23.84272575378418,8.90926456451416,-7.446322917938232,10.092782020568848,17.998428344726562,8.120059967041016,-2.3614776134490967,8.076216697692871,2.0342328548431396,8.685789108276367,2.0965585708618164,7.798820972442627,2.984454870223999,7.07063627243042,5.593277454376221,7.366453647613525,0.2215132862329483,0.4074991047382355,0.7572356462478638,0.3532634377479553,0.30035996437072754,0.18447861075401306,0.18505224585533142,0.165985107421875,0.3128187358379364,0.649083137512207,0.3112878203392029,0.209003746509552,0.018757513027396183,0.006057340680038511,1856.7418067617914,552.4709841653022,3088.134745350322,549.7705028895872,3429.4248930539443,1634.2839711612519,0.031143507105568447,0.013290919033209489,15.556847734588478,4.939313630938247,11.17281405864918,3.4368276875170665,18.821016933220815,3.9171356649617595,22.868638320185095,3.8463567522722113,21.08752079989043,3.032568349422242,21.679257460933385,3.447460648568639,22.58543924121002,3.2143012333754286
no_vocals,25.0,30.0,-384.3611145019531,33.25543212890625,169.93502807617188,19.308448791503906,-14.838058471679688,15.740939140319824,25.572538375854492,14.445598602294922,4.40880823135376,12.4691162109375,21.79250144958496,9.51540756225586,-8.946946144104004,9.391528129577637,16.103866577148438,7.672355651855469,-3.288649559020996,7.734577655792236,1.774562954902649,7.905066013336182,3.913499355316162,7.491840839385986,1.5451180934906006,6.753903388977051,4.991195201873779,7.068208694458008,0.18224021792411804,0.32471901178359985,0.672821044921875,0.4024626314640045,0.5292375683784485,0.2403867542743683,0.15238484740257263,0.15762558579444885,0.3423057496547699,0.7158094048500061,0.3526630401611328,0.22382232546806335,0.01911309944020623,0.0062918829421908995,1872.5094573646838,500.6386736699796,3072.3760733753857,510.87887818681463,3474.789506598028,1475.2507141020842,0.03266046439965197,0.012657885783080497,15.215771132921457,4.946209616725391,11.894209855759724,3.3214886287994214,19.14809877740144,3.4167965844725194,22.81782282345377,3.951658463732488,21.100851079476996,2.679350951150885,21.61559050601594,3.1603962367672604,22.939862411575955,3.1796815740644644
no_vocals,27.5,32.5,-401.6289367675781,57.96864318847656,171.109375,20.812257766723633,-13.3715238571167,12.962654113769531,21.78830337524414,18.38082504272461,-1.6042500734329224,13.615141868591309,16.0991153717041,19.215524673461914,-10.549986839294434,11.374741554260254,9.705443382263184,14.315778732299805,-3.880640745162964,9.18538761138916,3.3033676147460938,10.313215255737305,1.528291940689087,8.226882934570312,1.614534854888916,7.095037937164307,2.5468974113464355,6.471334934234619,0.14339543879032135,0.23217755556106567,0.4987477660179138,0.3625277876853943,0.6045275926589966,0.24265192449092865,0.114044189453125,0.13271820545196533,0.3597993552684784,0.7959780097007751,0.37710046768188477,0.20169560611248016,0.01706739084572551,0.006543592852168292,1831.6604201637585,625.3692216894698,2917.1620949455964,698.8430675232709,3465.846482562355,1958.9641672432942,0.033482952073665896,0.011670821000356947,15.302986279284289,4.8886111235565215,12.449785993502342,3.3811640421127187,19.60164098259572,4.003203824550653,22.9246469755369,4.140679237325927,21.00924622642761,3.126409213161335,19.944100969908853,3.170260064146914,24.05816423270216,3.6531268844408378
no_vocals,30.0,35.0,-447.4471740722656,61.513633728027344,194.01168823242188,31.520742416381836,-17.446426391601562,8.74021053314209,7.784236907958984,19.400754928588867,0.7023676633834839,17.45781898498535,-4.601755619049072,24.479095458984375,-11.466647148132324,10.890989303588867,-2.289618492126465,15.212908744812012,-10.514453887939453,9.689594268798828,-1.3624366521835327,11.529487609863281,-5.517185688018799,7.971109867095947,-4.4287872314453125,9.753347396850586,-3.631619453430176,7.087836742401123,0.4506758749485016,0.27512919902801514,0.26914292573928833,0.17473411560058594,0.30437925457954407,0.12781381607055664,0.08587043732404709,0.16225562989711761,0.299800306558609,0.6445786952972412,0.2894030809402466,0.2363852709531784,0.012929440801206915,0.005360874682930136,1492.0971752600933,661.7106854902956,2288.639574314454,823.6653531324841,2720.6277869417054,1938.2223871412725,0.030826294228538283,0.00983959143781795,16.55218224723541,5.1075366067345245,11.554214888308575,3.572455106959703,18.18544285491313,3.8978687068968356,21.144034342651665,3.9592559140865458,19.841232588703413,3.3185112698282215,20.961077176862414,3.9477820491004443,23.10334737677694,3.4872484589095465
no_vocals,32.5,37.5,-487.8788146972656,18.90524673461914,235.98898315429688,23.139930725097656,-25.742572784423828,24.125064849853516,9.50068473815918,9.75723648071289,10.65423583984375,13.169156074523926,-16.763622283935547,8.837966918945312,-5.334560871124268,8.332040786743164,-10.82138729095459,6.112793445587158,-10.64120864868164,6.306790828704834,-6.141846179962158,5.733295440673828,-8.889389991760254,5.23446798324585,-9.065147399902344,5.233394622802734,-8.684606552124023,5.434025287628174,0.8353960514068604,0.44133609533309937,0.17339082062244415,0.09461893141269684,0.14410020411014557,0.10695832967758179,0.1618272364139557,0.38241690397262573,0.2973841726779938,0.3560340702533722,0.25776076316833496,0.41598379611968994,0.010781682803557015,0.002957620117323906,1119.4455552658608,228.92511428791803,1866.666556827583,526.8326396961874,1781.3604580553945,448.0033278664138,0.02574182497099768,0.005159610524731454,18.18041298342436,4.5270264827326585,10.8639343238383,3.566045655550136,16.077723832708806,2.9776477649447526,19.04531569512842,3.407385633573346,18.312817874727855,2.7155969536647793,22.317421367676214,3.50328863027813,20.448781757606408,1.8532791226064107
no_vocals,35.0,40.0,-495.01519775390625,19.554733276367188,219.85157775878906,27.883255004882812,2.7204177379608154,32.2555046081543,11.970721244812012,8.487499237060547,11.519583702087402,8.94855785369873,-10.997347831726074,7.411182880401611,-8.153039932250977,7.984618186950684,-9.112113952636719,6.236253261566162,-5.39743185043335,6.411930561065674,-3.992190361022949,5.423770904541016,-5.233399391174316,5.790875434875488,-8.955915451049805,4.8985981941223145,-5.866401672363281,6.06867790222168,0.7630988955497742,0.3502402603626251,0.15714524686336517,0.1480264961719513,0.2859379053115845,0.17055274546146393,0.21399253606796265,0.4963501989841461,0.29704052209854126,0.19931583106517792,0.29259759187698364,0.6551607251167297,0.009785219937835208,0.0029533898566908665,1226.0675402523214,307.96982546913137,2465.8475549408477,834.4687058995275,1651.261940799014,518.5582116839631,0.024170488326566125,0.004687900595128949,16.756803184888486,4.815926557234021,10.229972887590298,3.314457639457647,16.408362701529253,3.2247386287488617,19.63858744030756,3.809809584610335,17.829184553575928,3.1120326245082603,20.10439301190431,3.928493294513018,18.773352742112042,1.8876761409406453
no_vocals,37.5,42.5,-505.7249755859375,18.62141990661621,210.33351135253906,23.123043060302734,18.883684158325195,19.456523895263672,10.917738914489746,8.680590629577637,9.475028991699219,9.621747970581055,-9.958738327026367,7.692005157470703,-13.34177303314209,6.80523681640625,-7.544454097747803,7.3888068199157715,-4.663699626922607,7.033144950866699,-4.058971405029297,6.3882737159729,-4.998564720153809,6.585263729095459,-9.848901748657227,5.088491916656494,-2.2303547859191895,5.871855735778809,0.5449501276016235,0.27056699991226196,0.14704284071922302,0.24639344215393066,0.6851900815963745,0.38983359932899475,0.13885444402694702,0.3558080494403839,0.2277376502752304,0.11409272998571396,0.2097652405500412,0.5092311501502991,0.009491322325486388,0.003127254619638229,1242.5961038883472,332.53770118293863,2690.9113771175944,741.401875928006,1498.3811947143272,563.4362561931481,0.022745296186194894,0.004469161708266599,15.33832273945475,4.871362455896506,10.575990988110762,3.5943706319615862,16.4606902634668,3.1739719384967944,20.521956635354567,4.028139002247505,17.537735221707663,3.147098080589804,17.94668828284091,2.8138289636541254,17.614738370948647,1.5657877152160995
no_vocals,40.0,45.0,-501.2917175292969,18.11846351623535,219.6505889892578,23.27828598022461,17.958240509033203,19.573184967041016,8.242674827575684,9.049489974975586,7.543975353240967,9.801356315612793,-8.75876522064209,8.777463912963867,-10.913518905639648,7.385353088378906,-6.364505767822266,6.800653457641602,-6.678691864013672,6.920120716094971,-5.94809103012085,6.753002166748047,-6.3306965827941895,6.531828880310059,-8.539642333984375,5.483683109283447,-1.386366844177246,5.395649433135986,0.3436306118965149,0.2046036720275879,0.12452758103609085,0.2968122363090515,0.8915544152259827,0.5496875047683716,0.13570018112659454,0.28143012523651123,0.2640071213245392,0.30651289224624634,0.26015591621398926,0.25454646348953247,0.011191489520696643,0.0031809445838243337,1118.1426491675002,292.4481414269023,2438.9558359488906,690.0646871001992,1343.7518126450116,471.12505140599126,0.021904682062064966,0.005723051444188555,15.342034609222765,5.21822207010468,11.528226435737679,3.4863026828834136,16.149976299442972,3.2878228501335447,19.986601918510082,3.894464180760638,17.516055650582388,2.9195541344920564,17.96959322461026,2.7597697663368868,17.977126944937094,1.614467510574629
no_vocals,42.5,47.5,-498.21588134765625,19.516691207885742,224.33912658691406,22.78341293334961,13.725212097167969,21.609617233276367,7.771894454956055,8.986879348754883,9.081998825073242,10.784514427185059,-8.211936950683594,9.500576972961426,-10.723939895629883,6.91515588760376,-7.068552494049072,7.1179423332214355,-7.385525703430176,6.130964756011963,-6.558533191680908,6.004665851593018,-4.8050947189331055,5.671980381011963,-6.261937618255615,5.203176975250244,-2.572587728500366,5.207776069641113,0.5363515615463257,0.29007989168167114,0.10044447332620621,0.20383338630199432,0.5951329469680786,0.4229276776313782,0.1525292843580246,0.3455166220664978,0.37665319442749023,0.5563845634460449,0.4043574035167694,0.3214096426963806,0.011310652185775979,0.003035862032836464,1085.966239985724,281.0598128723891,2330.397635041918,654.9418141704612,1368.6823656830047,536.7340760273755,0.022178844620069606,0.005588344626876403,15.180133263206123,5.312665563741068,11.278915594823179,3.4256550251021745,16.076136356764653,3.4417563767720343,20.430466297124,3.7989858360274664,17.497999489155646,2.7742739920685744,18.667260715488915,3.3172372646041866,18.269043784402864,1.64971523410326
no_vocals,45.0,50.0,-501.1875,20.965335845947266,225.84454345703125,18.812929153442383,8.60391616821289,19.55489158630371,5.734878063201904,10.71068000793457,10.313460350036621,11.385881423950195,-6.386585235595703,8.984833717346191,-11.749259948730469,7.20731782913208,-6.503807067871094,8.172124862670898,-5.380491256713867,6.474797248840332,-4.184398174285889,6.434329032897949,-3.0524418354034424,5.381466865539551,-5.971850872039795,5.377595901489258,-4.69563627243042,6.062610149383545,0.8390016555786133,0.4553709924221039,0.21733245253562927,0.16541677713394165,0.2269858568906784,0.1757274866104126,0.150064617395401,0.38960006833076477,0.321129709482193,0.4318705201148987,0.3132322132587433,0.4182935357093811,0.010563243274509975,0.0029476283767157553,1072.7433868699682,189.7158758506332,2237.6729924560727,490.95131364727786,1393.063347411543,333.6644262109644,0.0229469529437355,0.003764470902489488,15.649887835773692,5.589834228582359,11.27051186872178,3.347262260996914,17.03544654001703,3.6667105204562302,20.96404483141634,3.5584745472253303,17.67027913322284,2.6359284366543974,18.892906468759094,3.226499074276793,17.930065010773003,1.5329324714857675
no_vocals,47.5,52.5,-500.9198913574219,22.056081771850586,220.2456512451172,22.13844108581543,9.995026588439941,19.23068618774414,3.412398338317871,10.86569595336914,7.253289222717285,10.697808265686035,-7.301951885223389,8.809736251831055,-11.261754035949707,8.039169311523438,-6.122840881347656,7.462685585021973,-3.709820508956909,6.80811071395874,-1.685210943222046,6.482679843902588,-0.11070000380277634,7.103217601776123,-5.314155578613281,5.8672194480896,-5.985672950744629,6.262084484100342,0.7967462539672852,0.501039445400238,0.4065749943256378,0.24374669790267944,0.12446098774671555,0.09158258140087128,0.1789453774690628,0.5348258018493652,0.29573285579681396,0.2909659445285797,0.251177042722702,0.46221306920051575,0.009475528123721549,0.0028828263723198943,1189.5503467517187,302.5945576470594,2471.109706836381,683.9330028178598,1511.4709840849769,491.3228115778041,0.024713148926914154,0.004143890824580908,14.61279316897106,4.617418374197882,10.892302490907674,3.2951289070354868,16.766317182234534,3.2570218115500587,21.095439912276046,3.809422835684087,17.2995605497764,2.838228329338456,18.326897452259274,2.9120247831387442,18.027047665511077,1.3916348673071077
no_vocals,50.0,55.0,-500.3949890136719,23.62852668762207,214.8779754638672,25.07415008544922,13.81398868560791,18.716821670532227,4.500582218170166,11.055527687072754,6.546323299407959,11.305292129516602,-5.498034477233887,10.909306526184082,-9.312867164611816,8.873805046081543,-6.392548561096191,6.954195499420166,-4.178594589233398,6.697172164916992,-1.9559046030044556,6.169445991516113,-1.1079022884368896,7.832231044769287,-6.871988296508789,6.765202522277832,-6.55911111831665,5.78865909576416,0.6254175901412964,0.405640572309494,0.3812606930732727,0.33598634600639343,0.4237746596336365,0.25603049993515015,0.23231327533721924,0.6461955308914185,0.3263441324234009,0.21568900346755981,0.21058112382888794,0.4093797206878662,0.009476838460010574,0.0034425296437057885,1230.722688970284,316.7691189513918,2606.0940701017316,729.6712302278974,1529.1571880437934,504.1262231242609,0.02316786905452436,0.005158835600393812,15.175637978404962,5.18170914871283,10.909136926618956,3.2935987146659684,16.57302196932174,3.6474280107013177,20.301260348589768,3.9567740554094604,17.35215464926024,2.858506855175731,17.94878826543198,2.828357517209475,17.914654930292357,1.4729473389313605
no_vocals,52.5,57.5,-494.20849609375,23.11442756652832,213.83001708984375,24.516252517700195,18.457172393798828,16.283893585205078,4.117781162261963,10.926127433776855,5.639240741729736,11.200529098510742,-3.4153823852539062,10.142027854919434,-7.119661808013916,8.57437801361084,-5.611793518066406,7.281240463256836,-2.5645837783813477,6.575521945953369,-1.4591025114059448,6.259327411651611,-3.6219303607940674,6.908955097198486,-9.56253719329834,6.473148822784424,-5.531811714172363,5.590714454650879,0.5519695281982422,0.31293851137161255,0.19096750020980835,0.25629985332489014,0.525657594203949,0.3391073942184448,0.22481751441955566,0.6135942935943604,0.4597473442554474,0.35372358560562134,0.2836620509624481,0.3182761073112488,0.010761656674173965,0.0036390355869880355,1209.5007883315939,311.2628070399599,2660.959530778447,713.888627977001,1444.8229725565545,496.75905824511443,0.02318486260150812,0.010714540485381055,16.30729852205677,5.077921929154665,11.182103654039363,3.5644571616598575,16.368171390381402,3.7148798844556596,20.231706880370975,3.9930429786042945,17.71212683367517,2.824464886300844,17.659838583550783,2.7109041498996715,18.478804262167728,1.537373332895815
no_vocals,55.0,60.0,-489.3995056152344,20.50582504272461,208.7897186279297,22.487703323364258,21.2153377532959,16.497922897338867,6.398021697998047,12.161667823791504,7.20416784286499,10.267863273620605,-2.659517288208008,9.412176132202148,-5.934106349945068,8.245817184448242,-1.8143153190612793,9.024060249328613,1.0780442953109741,7.489769458770752,0.7687903046607971,7.7226362228393555,-1.8557175397872925,6.7225565910339355,-7.282742023468018,6.929103374481201,-5.07242488861084,6.1255083084106445,0.6137696504592896,0.30219095945358276,0.11531252413988113,0.13868126273155212,0.337920218706131,0.27265042066574097,0.2519051134586334,0.5873889327049255,0.5972459316253662,0.6265945434570312,0.45761963725090027,0.39133456349372864,0.011030598860147588,0.0037428298982947875,1242.3587024476287,350.1521448355258,2790.637063843537,679.5281023134258,1471.402239522912,663.2727082751024,0.022942421331206497,0.011230245035688511,15.7120249829703,4.722974935653725,11.546320298168697,3.504439300700399,16.39182810050262,3.3194786696587077,20.762477617905997,3.975896391291884,16.87403532881521,2.726582933087898,17.387305712927848,2.8631455500045067,18.365000000056995,1.7052593962854794
no_vocals,57.5,62.5,-484.19732666015625,19.467082977294922,212.4511260986328,20.09748077392578,20.869319915771484,17.215980529785156,11.846529006958008,11.552534103393555,14.238256454467773,11.02034854888916,3.2391066551208496,8.181307792663574,-0.9323249459266663,7.546576499938965,3.115772008895874,8.612076759338379,4.798874378204346,7.658304214477539,2.215930700302124,7.528214454650879,1.5348820686340332,6.195769786834717,-3.061245918273926,6.45306921005249,-2.629641056060791,7.035064697265625,0.7732724547386169,0.405228853225708,0.1537647843360901,0.15555205941200256,0.28194841742515564,0.28153279423713684,0.3557577133178711,0.6132570505142212,0.5334364175796509,0.511093020439148,0.35146909952163696,0.3982149660587311,0.013165383004926992,0.003767128485533905,1096.9326223543233,289.4575512373502,2585.368022553266,558.055754102158,1353.594135187065,530.4572535298931,0.01867137652262181,0.004817022586981338,15.388779817893896,5.028781832054075,13.439514522653448,3.671977179434568,17.513964417213693,3.6140155073605844,20.589022669849818,3.610481612107737,17.321280350582704,3.1997276747885883,17.75741233886275,2.533586798359358,18.07799893416766,1.5496316168782347
no_vocals,60.0,65.0,-476.7698669433594,19.362512588500977,222.51573181152344,18.305978775024414,19.318078994750977,19.10671043395996,16.61380958557129,8.848211288452148,18.315643310546875,9.614547729492188,3.9643566608428955,6.623316287994385,1.4412232637405396,6.1085615158081055,5.307152271270752,6.3580780029296875,7.8121747970581055,6.227243900299072,4.253753662109375,5.963428497314453,4.2703986167907715,5.40228796005249,-0.5275068879127502,5.426435470581055,0.22246164083480835,5.280532360076904,0.7874590158462524,0.4430222511291504,0.19368970394134521,0.16816383600234985,0.23505984246730804,0.2777622938156128,0.4521757662296295,0.7433991432189941,0.5250217318534851,0.38193070888519287,0.2668013572692871,0.4245908260345459,0.01555050055122569,0.002730529370686593,933.8415784064297,151.4720745050044,2297.5344177452416,447.9251335338581,1179.1801859773782,267.2852062777381,0.016829276029582365,0.003496077023893213,15.376293596801979,5.318439738777637,14.259460453145138,3.456141590365014,17.69609901423529,3.6799980082963426,19.98722112233691,3.700337514162855,17.384987739655546,2.8910125879340005,18.203247434790523,2.6988143469819597,18.518187746968028,1.2346426701899693
no_vocals,62.5,67.5,-478.1910400390625,23.90138053894043,223.1299285888672,20.985809326171875,18.62020492553711,19.31093978881836,21.157115936279297,10.081705093383789,22.213685989379883,12.242571830749512,4.268176555633545,8.229888916015625,0.5425696969032288,6.741969108581543,3.162344455718994,6.472263336181641,5.268000602722168,7.05861234664917,5.034814834594727,5.811387538909912,5.777263164520264,6.552731513977051,1.0935118198394775,5.68455696105957,2.6479101181030273,6.138774871826172,0.6343697905540466,0.3722148537635803,0.2622542679309845,0.32716432213783264,0.4811403751373291,0.3866479694843292,0.4574395418167114,0.7166436910629272,0.5128824710845947,0.3834313452243805,0.3412584662437439,0.5545889139175415,0.016035582115030967,0.0034678554312569604,889.8886696465964,158.97829164987553,2210.5739223674427,451.45394348300823,1119.0271081061485,387.86894024089736,0.01502002972737819,0.003961120914251756,14.709278019169297,4.842957711691478,12.609737670956008,3.782156771404787,16.250369011310212,3.5432444970653205,19.75581210225001,3.6573057792671952,17.16745799878871,2.602652242666245,18.245868452118575,2.875330164184112,18.12668715839919,1.4280605522009087
no_vocals,65.0,70.0,-483.5780029296875,21.956310272216797,224.07733154296875,21.6818790435791,23.602821350097656,17.657190322875977,22.361785888671875,10.371176719665527,26.39727210998535,11.101106643676758,6.797348976135254,8.774392127990723,0.6161482930183411,7.208576679229736,0.33866456151008606,6.475463390350342,1.7777187824249268,6.683399200439453,3.2808034420013428,6.072636604309082,6.162144660949707,6.998042106628418,2.716649293899536,5.726611137390137,7.012356758117676,5.5233283042907715,0.4901737868785858,0.3379431962966919,0.2736940383911133,0.40637269616127014,0.7712937593460083,0.547568142414093,0.38785505294799805,0.6140759587287903,0.4872213900089264,0.3945549726486206,0.3431037962436676,0.4608837366104126,0.01733496222048652,0.003765859802619057,837.1405662430803,128.6954705783615,2166.1687876043234,442.0370606468021,989.2283570185615,262.11140996677125,0.014250788500580047,0.00355724187107683,15.215926170759868,4.505433681364699,12.201315853125292,3.6550425627468295,16.538052121354582,3.0880497885447853,20.17874198397607,3.6321655627946368,18.054747292762748,2.8708764433996032,17.82224230171127,2.706276769795782,17.89771365141928,1.4516074017311835
no_vocals,67.5,72.5,-484.2232360839844,19.27823829650879,230.37884521484375,20.072160720825195,20.755403518676758,18.909364700317383,20.012575149536133,10.35197925567627,23.894758224487305,9.649347305297852,3.2346673011779785,8.73116683959961,-0.9021983742713928,6.784759044647217,-0.02713887207210064,6.281920909881592,1.8439539670944214,6.388315200805664,6.067682266235352,6.926337718963623,7.501929759979248,6.385441780090332,3.2030386924743652,5.531890392303467,6.485326766967773,5.455702781677246,0.52580726146698,0.3655593693256378,0.2459249645471573,0.3256562054157257,0.6283255815505981,0.4479290544986725,0.30011695623397827,0.5229452252388,0.508914053440094,0.6124666333198547,0.45857030153274536,0.42357030510902405,0.016400764229558322,0.004035464478931919,837.0730565886133,158.42008228588864,2060.042654043543,436.659554116744,1054.7772259280744,323.5868609791006,0.016199381888051045,0.0039183108616360875,15.807244429928945,4.533461518350128,12.199258453272984,3.581646490480372,16.25070603727641,3.3789415599319383,20.984909094463966,3.720615292543583,18.470720045559645,2.742459362307712,18.588973228827655,2.949810215472788,17.947768266676775,1.406004497064669
no_vocals,70.0,75.0,-477.9165344238281,19.223386764526367,228.5548553466797,19.064268112182617,15.488612174987793,17.927701950073242,19.511682510375977,9.327162742614746,23.148183822631836,10.204713821411133,2.722062587738037,7.982041835784912,1.4608244895935059,8.005974769592285,1.9642900228500366,6.646358489990234,1.518481731414795,6.239887237548828,7.661596775054932,6.1251020431518555,10.07804012298584,6.2912163734436035,3.0304036140441895,5.855435371398926,5.447225570678711,5.660820960998535,0.7123297452926636,0.5039642453193665,0.3001861274242401,0.27105823159217834,0.39249640703201294,0.3674493432044983,0.3184334635734558,0.5420946478843689,0.5342362523078918,0.6558032631874084,0.5078667998313904,0.4682115912437439,0.016024268009719327,0.0036375942083105525,878.1951007878868,165.8279987943346,2132.751449050861,449.0379604687981,1159.3956188370069,322.13802431604546,0.016465614124129932,0.00396015749530668,14.657529077349254,4.157906787631119,12.423220497914697,3.5989680677363403,16.058957149068327,3.82325660401392,20.69613591807721,3.5440907798164503,18.180940628861308,2.590244330564392,19.02244836093738,3.0299258472451287,18.222110598243884,1.7127473427497433
no_vocals,72.5,77.5,-474.7019348144531,19.405107498168945,230.0458984375,21.49753761291504,16.750415802001953,19.03156089782715,18.758296966552734,9.19272232055664,21.58282470703125,10.521424293518066,2.3148961067199707,7.970743656158447,2.199289321899414,7.5922770500183105,3.393719434738159,6.376257419586182,1.4924262762069702,6.094562530517578,6.90366268157959,5.934126853942871,9.216710090637207,6.977360725402832,1.250929594039917,6.356237411499023,3.2044477462768555,6.853923320770264,0.7339558005332947,0.494981050491333,0.405974805355072,0.32148176431655884,0.304910808801651,0.3282518982887268,0.44835126399993896,0.7380611896514893,0.5359705090522766,0.4943902790546417,0.3754335939884186,0.47394272685050964,0.016682857695076693,0.003196292095582337,869.3541432504475,161.81542695549743,2118.167931231541,493.97169719905264,1106.7866562137472,285.1526107384941,0.016418032192575406,0.003714107458616035,14.863928713633062,4.970594404687378,12.635789052843828,3.4383581862357864,16.536758215440358,3.622082949189096,20.957708884089133,3.6072564637852227,17.899509288398182,2.5182598368411515,19.01037642699471,3.0417484786480364,18.31393912761377,1.7747735405054408
no_vocals,75.0,80.0,-476.4828796386719,20.031204223632812,231.2261962890625,23.441471099853516,16.305862426757812,19.367233276367188,14.341803550720215,9.907137870788574,16.11915397644043,10.16208553314209,0.08347976952791214,8.00240421295166,-0.6516191363334656,6.420592784881592,2.1323320865631104,6.619785785675049,2.3634467124938965,5.638207912445068,7.846287727355957,5.724640369415283,8.562215805053711,6.02393102645874,-1.926340103149414,5.777535915374756,-0.3785814940929413,6.654301643371582,0.7483641505241394,0.5053609013557434,0.43794161081314087,0.3289231061935425,0.29694241285324097,0.28606313467025757,0.41445356607437134,0.7804662585258484,0.49546676874160767,0.41145452857017517,0.3237797021865845,0.4902171790599823,0.014668801994972674,0.0037641299869217155,947.2854303164563,232.68563878723432,2194.6290006167624,602.5373039514355,1192.8195466574825,333.44409384332494,0.0188458436049884,0.00447577438554927,15.0660283736526,4.921631352138781,11.702660868905811,3.613080775537229,16.562029817731233,3.4306973785141737,21.09285984922762,3.813961916593097,18.125999776239208,2.7533039245484354,18.646973019747293,3.229416790915139,18.295030214727458,1.5964527568127689
no_vocals,77.5,82.5,-473.5340881347656,20.189176559448242,233.96145629882812,24.778348922729492,10.652995109558105,21.466394424438477,11.726024627685547,7.459552764892578,16.142234802246094,11.223599433898926,1.1608659029006958,8.795845031738281,1.6891305446624756,6.588175296783447,0.5927864909172058,6.888638973236084,1.9449328184127808,6.059199333190918,5.7959442138671875,6.318734169006348,6.033349990844727,6.476502895355225,-5.044964790344238,6.47968053817749,-2.6996939182281494,6.687747478485107,0.6181281805038452,0.38176092505455017,0.2692534625530243,0.2614425718784332,0.4157940745353699,0.3509628176689148,0.4578947424888611,0.8536800146102905,0.5374314188957214,0.3375247120857239,0.22189660370349884,0.339654803276062,0.015000197337400125,0.003824565288539113,966.2571997287802,228.39792964377008,2156.8828287986976,630.0005193078254,1292.1420705843968,333.8600911668988,0.018748413935614848,0.004481542557960961,15.514219085532886,4.781987885167741,11.606242532026357,3.590346675801215,16.06182351355295,3.550331270295934,20.297578905150573,3.7704433335998826,18.608599098447282,2.5509039970150234,18.804575795812088,3.2878443550937306,18.567668684029563,1.8678535065121797
no_vocals,80.0,85.0,-460.501708984375,17.83818817138672,252.28501892089844,19.521488189697266,-9.596763610839844,19.815704345703125,14.770374298095703,5.4837236404418945,18.995424270629883,8.633711814880371,-1.9646481275558472,7.453209400177002,6.135915756225586,6.007967948913574,2.47759747505188,5.844359397888184,2.4841771125793457,5.222445487976074,6.1328816413879395,5.633329391479492,4.754758834838867,5.451778888702393,-2.321000814437866,7.369720935821533,-2.0698797702789307,5.768185138702393,0.600486695766449,0.36605408787727356,0.24585884809494019,0.26554563641548157,0.44871100783348083,0.37296730279922485,0.4075527787208557,0.7354351878166199,0.6056798100471497,0.5875689387321472,0.4133516848087311,0.3976757526397705,0.017049146137630304,0.0024137536505612484,864.0088773131356,123.10537976872831,1706.426025213033,416.12741730686184,1363.8361459541763,245.28441939556677,0.017511283715197216,0.0034192570577836843,17.81612776421224,5.060687603908288,11.502276297374923,3.1974985465985153,14.429133914866256,3.1750525239465137,19.03985615431816,3.4383887681299643,18.248699133003125,2.3995717246716675,21.53767235571502,3.256256864159626,19.409666387570173,1.743999104448235
no_vocals,82.5,87.5,-458.90008544921875,17.07978630065918,241.60186767578125,26.645862579345703,-6.659923076629639,21.37999725341797,15.08599853515625,6.321165084838867,20.705442428588867,7.644016742706299,1.3315281867980957,9.477664947509766,7.80737829208374,6.592321395874023,2.6737756729125977,5.931231498718262,2.24096417427063,5.7683844566345215,6.308238983154297,5.650139808654785,8.119458198547363,5.365452289581299,1.4742090702056885,5.536686897277832,3.470808744430542,5.299796104431152,0.8040550351142883,0.5146600604057312,0.2979058027267456,0.2518269717693329,0.3641873598098755,0.3236241638660431,0.3054003417491913,0.5601310133934021,0.5763055086135864,0.7083603143692017,0.5517298579216003,0.5311763286590576,0.016076685867235582,0.0031542708430463556,939.6748641022103,170.2953347880063,1991.5521638976932,597.0278197246488,1448.0704393851508,269.50193765323297,0.01775032627610209,0.004270126968274956,17.003542312464884,5.938607111562289,11.911119558304167,3.4479663415437307,14.888225442740213,3.6938777965668006,19.05804294955223,3.6073673377951083,18.240702060268262,2.6308359351182347,20.455491184643144,3.630069529085356,19.163041735386155,1.8943134725448298
no_vocals,85.0,90.0,-469.2411193847656,22.090591430664062,226.32003784179688,21.80799674987793,6.931951999664307,19.655397415161133,15.994219779968262,9.43922233581543,23.20176124572754,8.397369384765625,6.665300369262695,9.161654472351074,5.469207286834717,8.21585464477539,2.006216287612915,6.523264408111572,0.3064488172531128,6.994374752044678,6.004149913787842,6.612966060638428,9.165781021118164,5.992705821990967,0.427929162979126,5.898348808288574,3.9547269344329834,5.131768703460693,0.8304288983345032,0.5459229946136475,0.2938059866428375,0.2549542784690857,0.33338025212287903,0.33399608731269836,0.37196215987205505,0.637187659740448,0.5278174877166748,0.5128138661384583,0.4039406478404999,0.47767746448516846,0.015244541890711769,0.003578198674459083,959.292680646878,156.59429373350974,2225.1921616509107,505.8193937389875,1372.4794038210557,319.42837985375223,0.016995812790023202,0.004826122399368492,14.664273423665144,4.951119137619573,12.092862189997359,3.7597900046928756,16.312772413649796,3.750319233498615,19.75172050981727,3.461223274791929,18.775755876377936,2.7934569632587416,18.86257514170508,2.6943999221300263,18.317078492244484,1.6157662615162929
no_vocals,87.5,92.5,-466.6086730957031,23.148834228515625,229.8173370361328,19.708349227905273,10.344815254211426,20.168886184692383,15.886712074279785,10.4673433303833,20.515941619873047,8.884393692016602,4.095288276672363,7.962419033050537,4.183490753173828,6.924040794372559,1.4343329668045044,6.009145736694336,1.8740099668502808,7.230128288269043,7.339779376983643,5.822113990783691,7.983928680419922,6.081422805786133,-0.2905765473842621,5.540785789489746,2.278212308883667,5.254737854003906,0.7740410566329956,0.4486744999885559,0.2845710813999176,0.2798399031162262,0.3551364839076996,0.33432602882385254,0.4073764681816101,0.6876419186592102,0.4927702844142914,0.4248355031013489,0.4020458459854126,0.6289594173431396,0.01615877516066392,0.0038586215197776216,915.7966175571478,149.86633010242628,2136.841782084473,489.6479062819272,1267.7610888558584,306.69962237572923,0.01677149796983759,0.004432932263872814,14.887107119730567,4.625937950455505,11.540134016566425,3.804258373039198,16.255743306678006,3.2637178071746273,20.105595095179346,3.6528595011006564,18.815526378580525,2.7049185594231435,18.90821560982886,2.737057191560299,18.51619532601108,1.7873358433793842
no_vocals,90.0,95.0,-466.7714538574219,23.84355926513672,230.6309051513672,17.13197898864746,16.52664566040039,18.75850486755371,15.300427436828613,10.555307388305664,20.133342742919922,10.95895004272461,4.479277610778809,7.180522918701172,2.0497446060180664,6.225001811981201,-0.8350813984870911,6.446142673492432,1.8058176040649414,6.915016174316406,6.286639213562012,5.664359092712402,6.203847885131836,6.04551362991333,-0.14134591817855835,5.934995651245117,3.8071722984313965,5.908243656158447,0.5229842066764832,0.31412896513938904,0.2286660522222519,0.33650580048561096,0.6589425802230835,0.46187645196914673,0.3410794138908386,0.5821051597595215,0.42527884244918823,0.3191641569137573,0.31245461106300354,0.49921998381614685,0.017614504817242273,0.0043444592944077015,882.8812569877966,154.41091394749432,2116.3834963706277,474.3257268366497,1152.401074898492,269.6998291931843,0.017183874709976798,0.004475605194420147,13.837569159957365,4.499584826293827,11.940862022715635,3.531246388183297,15.81090583374834,3.2168129040827824,19.95616578000674,3.350687846885559,19.31529666579551,2.6557066529208044,18.171977188133827,2.551666927559859,18.86964632104812,1.8507889454344508
no_vocals,92.5,97.5,-474.1286315917969,22.166797637939453,227.92556762695312,17.832305908203125,24.194948196411133,15.783352851867676,17.520557403564453,10.769277572631836,22.324665069580078,12.593189239501953,7.425690174102783,8.664457321166992,-0.02202901802957058,7.3394012451171875,-2.2176735401153564,6.513912200927734,0.37912529706954956,6.811692714691162,4.189665794372559,6.14895486831665,5.832066535949707,6.421080589294434,1.5399249792099,6.36480188369751,4.049330234527588,5.844264984130859,0.3528639078140259,0.24939338862895966,0.202236145734787,0.36882516741752625,0.8319992423057556,0.5547000765800476,0.26507291197776794,0.41447558999061584,0.3922841250896454,0.45134636759757996,0.337649941444397,0.30920422077178955,0.018060397438860547,0.004106216826451839,858.5721179798727,161.79834951300316,2150.884581295727,437.60402872264035,1046.3338121737238,287.2178468331996,0.0167023908787703,0.004159368954741343,13.37693043518567,4.420514805700829,12.324444745300076,3.0934837226536493,16.037243307654606,3.4122494024798624,20.43529255871727,4.0221912406761104,19.00865871000809,2.6943239545993247,17.74459625345747,2.6322301464751194,18.829715700838058,1.8309467269513695
no_vocals,95.0,100.0,-472.10968017578125,21.535934448242188,225.91697692871094,20.1402587890625,27.643627166748047,15.56422233581543,16.62287712097168,10.88850212097168,19.929534912109375,12.189995765686035,7.152400970458984,8.377889633178711,1.6841416358947754,7.519937038421631,-0.4592963457107544,6.188107967376709,0.15691310167312622,7.22018575668335,2.1608386039733887,5.954374313354492,6.6579155921936035,5.961680889129639,4.46369743347168,6.402480125427246,4.288453102111816,5.2096123695373535,0.5786234736442566,0.3768131136894226,0.23321357369422913,0.331005334854126,0.6370317339897156,0.49710604548454285,0.2934677302837372,0.4517281949520111,0.4986942708492279,0.6677349209785461,0.48546332120895386,0.4121004045009613,0.017572127924389325,0.004154137570161428,877.9112087554696,174.54977179044408,2243.623793194129,458.7282355877216,1063.3705227668213,284.4584653343402,0.016105350928074247,0.003773489630108998,14.252436778176016,4.511230561279352,11.657762810362184,3.279993059658174,15.947283269400675,3.5057326882957405,20.569907434504493,4.079809491514099,18.97025818961673,3.301476795524061,18.153258443187326,3.289029469642391,18.812119681035785,1.7537367483637174
no_vocals,97.5,102.5,-472.60333251953125,23.257347106933594,222.5072479248047,19.619903564453125,25.52871322631836,15.503462791442871,15.98050308227539,10.43880558013916,16.003999710083008,10.588471412658691,3.475385904312134,6.914068698883057,2.800508499145508,6.891824722290039,1.1749305725097656,5.913315296173096,1.2615423202514648,7.216191291809082,3.621948003768921,7.009904384613037,6.627625465393066,5.763883113861084,2.5080366134643555,6.71614408493042,3.508591890335083,5.81491231918335,0.7875325083732605,0.4932563304901123,0.2995114028453827,0.28374427556991577,0.3999505043029785,0.37386929988861084,0.3648529350757599,0.5884861946105957,0.4944874346256256,0.5525487661361694,0.39896541833877563,0.44894516468048096,0.015941054944873825,0.004212361586154895,920.7353481478771,173.83188685636583,2272.58178238487,472.347275440572,1130.2183784077727,249.9752799597659,0.0169867495649652,0.004142388382543013,14.724213012869171,5.100135954431871,11.874041766179465,3.611880853915735,16.25976361920806,3.3808032838956388,20.26113173169472,3.6792438391379836,18.11850968511434,3.4311328725758483,17.750438447345058,3.175439035463767,18.140327393825114,1.6001508680569507
no_vocals,100.0,105.0,-469.228759765625,23.322349548339844,220.6630859375,20.638011932373047,13.759675025939941,20.083864212036133,16.456764221191406,9.327753067016602,17.904390335083008,10.185198783874512,1.5139474868774414,7.765279769897461,0.7936253547668457,6.963979244232178,1.8134033679962158,6.199218273162842,1.0200337171554565,6.274141788482666,5.8830108642578125,6.817870140075684,5.956602573394775,6.490792274475098,0.14329677820205688,6.199132442474365,2.54341983795166,6.337731838226318,0.7421313524246216,0.4351021349430084,0.2773713767528534,0.21811659634113312,0.2532854974269867,0.2511375844478607,0.40429240465164185,0.7143437266349792,0.4917920231819153,0.4044863283634186,0.3235967755317688,0.5183879733085632,0.013822493344337924,0.003035728087851476,1033.9059331891438,182.9429617961307,2398.450575256767,523.4489876419833,1366.9337296983758,315.217980488253,0.01915739196635731,0.0041540930195087976,13.920999697405312,4.437968354967768,12.298468944228977,3.5782313495799114,16.295253955179906,3.75684040768326,19.656518691528372,3.956900658830419,17.146207510538463,2.506886301944774,18.34573601634129,3.062449133404594,18.210693187478597,1.4615654799993532
no_vocals,102.5,107.5,-467.09149169921875,23.517248153686523,221.0526580810547,21.35948944091797,13.739258766174316,22.904199600219727,21.18702507019043,11.98953914642334,22.237302780151367,9.299202919006348,3.0012874603271484,8.459373474121094,-0.011347264051437378,5.968915939331055,2.2464373111724854,6.478326320648193,0.9708999395370483,6.274845123291016,5.1982831954956055,5.737762928009033,4.854823112487793,6.327680587768555,2.0405306816101074,5.998187065124512,5.476246356964111,6.120970249176025,0.5638681054115295,0.3457058072090149,0.25260454416275024,0.31847187876701355,0.5565121173858643,0.38800355792045593,0.3685683310031891,0.6503592133522034,0.45345205068588257,0.31625762581825256,0.30406659841537476,0.5163373947143555,0.015531669622568063,0.003420321192013537,984.97895987012,206.29375392473952,2326.2315484618653,539.1087601112073,1301.6346659295243,389.5641512481063,0.017874945620649653,0.004829658135165902,16.061656815606973,5.033780358453877,12.251699988299688,3.397663339539509,15.663472817368094,3.3618837786716322,19.20851667828309,3.8320118099474025,17.08612056108538,2.6414125974261027,18.60147909926248,3.2019957761094466,18.40837409500527,1.4169719075233118
no_vocals,105.0,110.0,-474.616455078125,22.169071197509766,221.76966857910156,17.9847412109375,26.66863441467285,18.698436737060547,25.71242332458496,10.272005081176758,20.517147064208984,10.636112213134766,3.194052219390869,8.455662727355957,-0.6147101521492004,6.795009136199951,-0.11858253180980682,6.7917585372924805,1.0777345895767212,7.669917583465576,4.081424236297607,6.467838764190674,5.922823429107666,6.608468055725098,5.257490158081055,7.018834114074707,8.793710708618164,5.729327201843262,0.4515862762928009,0.33297044038772583,0.27710211277008057,0.3988633155822754,0.8357385993003845,0.5644299983978271,0.3205638527870178,0.5109031200408936,0.42828235030174255,0.4169376790523529,0.34847357869148254,0.4123847484588623,0.01790088087562342,0.00311462427066581,859.0651374130235,142.2970912475919,2207.135118287117,398.10858434851787,973.3407500725058,267.95062165526804,0.01595807352088167,0.003966637993463025,16.585354681378714,5.043916484820028,12.518441898225309,3.7811369225584195,15.790912967552138,3.5073486027161542,20.664663535180374,3.931965187734497,17.664279577766028,2.569603221811395,17.38292406842249,2.396128556187892,18.22966375828169,1.6437636871294756
no_vocals,107.5,112.5,-479.28741455078125,17.498544692993164,224.6521759033203,17.564273834228516,24.75305938720703,17.41025161743164,24.439924240112305,9.1598539352417,21.08223533630371,9.080079078674316,1.8344440460205078,7.727126121520996,-1.8714056015014648,7.309198379516602,0.4663182199001312,6.273970603942871,0.45243746042251587,7.426070690155029,3.274467945098877,6.417686462402344,7.291808605194092,6.063459396362305,6.6908860206604,6.877518177032471,8.15807056427002,6.362555503845215,0.5964953303337097,0.4096103310585022,0.27163243293762207,0.33746734261512756,0.6322484612464905,0.42848217487335205,0.2645461857318878,0.4531499445438385,0.4901377260684967,0.6251135468482971,0.4852462708950043,0.472444623708725,0.01679626158859987,0.003938215616930566,851.4673753979295,110.15495277532179,2157.4274068655673,355.638665370147,996.4727060977378,250.54372182743995,0.015825523854408354,0.0036398793658716515,14.875407193717814,3.8774879520768195,12.209493357291377,3.8708387580120167,16.270222449399032,3.412307683762357,20.674046666587596,3.8102451583050616,17.97833049549341,2.5676587092603596,18.558479163225723,2.8051958472078073,18.15604279723273,1.3978983217915393
no_vocals,110.0,115.0,-476.1097106933594,17.578388214111328,223.55572509765625,18.638837814331055,22.410409927368164,17.32805061340332,22.691560745239258,9.333541870117188,20.01032257080078,10.054152488708496,2.557831048965454,6.925344944000244,-1.290010690689087,7.025922775268555,2.403815746307373,5.682448387145996,4.27963399887085,7.063312530517578,5.341430187225342,5.950207233428955,7.572658061981201,5.605823516845703,4.193124294281006,6.578589916229248,4.617513656616211,6.437851905822754,0.7657419443130493,0.5010130405426025,0.31917718052864075,0.2986399531364441,0.3994081914424896,0.3542792797088623,0.35036948323249817,0.5869849324226379,0.5338683724403381,0.6132035255432129,0.4493387043476105,0.4813816547393799,0.016220802140882423,0.0034313114900396263,886.5211612272406,152.1459205255538,2221.7388856487446,422.38063019650383,1067.7171322143272,316.2182229129538,0.015513975493039444,0.003764009919506446,14.507344933347467,4.223200120759792,12.506048448691555,3.712108903076578,16.283662232699765,3.3895416706272656,20.975848723757885,3.5889206772341216,17.32028901065106,2.733842799592297,18.54300110301169,2.9108314212796493,18.17647951888207,1.5897462849987145
no_vocals,112.5,117.5,-468.4192199707031,17.656700134277344,224.96212768554688,17.586278915405273,22.836694717407227,17.808101654052734,20.38370132446289,8.53125,15.667325019836426,10.98802661895752,1.4962973594665527,7.5334367752075195,-1.0671272277832031,7.157567024230957,1.610923409461975,5.895638942718506,6.790848731994629,6.289040565490723,8.1681489944458,5.752941608428955,8.148824691772461,6.016733169555664,0.9632760286331177,6.1172895431518555,-0.06246232986450195,6.816339015960693,0.7080715298652649,0.480608731508255,0.404563307762146,0.3148173987865448,0.2822270691394806,0.3175220191478729,0.4758583605289459,0.8038381338119507,0.5634879469871521,0.505817174911499,0.35705479979515076,0.45787787437438965,0.016674860263904533,0.0029324373863510314,899.8175265982444,138.87045265470314,2235.429000988027,412.0428815325807,1058.6242250942576,216.24098005386426,0.01671825152262181,0.003854959903942754,14.441890570517504,4.858665578075095,13.326563130397753,3.6576483615289437,16.00098320276212,3.2310074669663327,21.269652958257474,3.622202547108298,17.378138448801685,2.721071540296148,18.0776907855629,2.837960217443185,18.427043920516333,1.3940703829225767
no_vocals,115.0,120.0,-466.6334533691406,21.19430923461914,224.39874267578125,22.522876739501953,23.741405487060547,18.581890106201172,17.27884292602539,9.530472755432129,13.753996849060059,10.153188705444336,1.1438885927200317,7.357393741607666,-0.9817076921463013,8.015716552734375,0.7405293583869934,6.029709339141846,4.899758338928223,6.08243465423584,8.0192232131958,5.546566963195801,7.832635879516602,6.096407890319824,-0.7773817181587219,6.24259614944458,-2.5042548179626465,5.870204448699951,0.660585880279541,0.4471393823623657,0.39000481367111206,0.331071674823761,0.3665943443775177,0.31726640462875366,0.4439943730831146,0.8332231640815735,0.5428996086120605,0.4234277904033661,0.33004647493362427,0.4783080220222473,0.015793708442621745,0.0036652324894636194,962.6743367366641,268.56206043986134,2292.124730685932,597.5115157399734,1175.9327191487819,526.439445888475,0.018113988181554526,0.004322371245846253,14.121038867656509,4.7009495381008835,11.96695266402324,3.963897063937768,16.153870039629524,3.356764388926236,20.939311008808914,3.7302227998807345,17.76948298173179,2.8518796675914775,17.772757422026416,3.052423610809681,17.831897776409175,1.6231983206988398
no_vocals,117.5,122.5,-473.4189453125,21.293682098388672,221.11875915527344,23.12348747253418,24.624160766601562,17.349393844604492,11.804213523864746,10.673303604125977,11.210308074951172,11.709153175354004,2.039867877960205,7.605612754821777,1.5090731382369995,8.763704299926758,0.9578333497047424,6.079923629760742,3.288691997528076,7.062687873840332,5.046628952026367,7.166510105133057,5.814051151275635,7.150463104248047,-2.279226064682007,6.776625633239746,-1.403211236000061,5.825387477874756,0.6143505573272705,0.3794965147972107,0.2617654502391815,0.276915967464447,0.44507896900177,0.3700862526893616,0.4475599527359009,0.831419050693512,0.5671506524085999,0.41899678111076355,0.29496997594833374,0.36750903725624084,0.01440823589194471,0.003803541897485753,1036.6084914471155,277.84670219538583,2465.8368758667903,645.9129788278705,1251.8235208816704,429.6263644133937,0.018798261673433875,0.004956559831631967,14.73151614894556,4.799794454139491,11.680622406062467,3.6193694702779933,15.096555390197194,3.3755523709547584,20.545971771194004,3.5618505153995224,18.008184609464706,2.9079360080754153,17.29997774480926,2.984154702971371,18.378035257045262,1.8127853536463006
no_vocals,120.0,125.0,-480.3598937988281,21.11825180053711,226.16773986816406,20.601930618286133,17.58493423461914,17.965030670166016,12.108278274536133,10.953649520874023,11.888694763183594,12.673227310180664,2.0449228286743164,8.613333702087402,2.7075319290161133,7.943408966064453,3.536159038543701,7.124704360961914,5.826237678527832,8.000585556030273,7.798798084259033,8.75965690612793,8.358734130859375,8.327482223510742,-0.8630359172821045,6.190683364868164,1.4096119403839111,6.394871711730957,0.7048740386962891,0.45424869656562805,0.28852730989456177,0.2639693021774292,0.3725358545780182,0.32844746112823486,0.35554197430610657,0.6627295017242432,0.5852571129798889,0.5903682708740234,0.4560529291629791,0.4663524329662323,0.014244183478768907,0.00233126795830862,959.695440419373,226.74748968643965,2299.1666302356266,541.6317409438611,1230.0904736441416,355.74190072307977,0.016490537993039442,0.005766866212448418,15.860279775325656,4.877762375228285,12.265050696851207,3.5339064426352693,14.52887900729369,3.4788072077509544,20.62575844085168,3.7110816780714173,18.073493632983258,3.1592638901878902,17.895494045682707,3.0666045485683378,18.71073343558708,1.615778910042062
no_vocals,122.5,127.5,-469.5785217285156,24.46937370300293,227.9575653076172,19.446664810180664,13.759332656860352,17.242969512939453,14.310564994812012,9.625320434570312,19.560550689697266,10.82226848602295,4.271510601043701,8.980791091918945,3.537954330444336,7.101070404052734,3.312209129333496,7.128861427307129,7.333181381225586,6.277579307556152,9.77946662902832,6.803004264831543,10.68173599243164,6.3710408210754395,1.0447003841400146,5.617681503295898,4.157173156738281,5.859220504760742,0.8114873170852661,0.5337073802947998,0.31462979316711426,0.2764882743358612,0.3555634617805481,0.3357307016849518,0.3712334930896759,0.630294919013977,0.5649058222770691,0.6075195670127869,0.4714053273200989,0.5096796751022339,0.016634813300279896,0.002965219286129767,889.4181098048612,131.98311378997002,2180.6557224812364,429.78669805163196,1205.9592970562644,245.36724104237254,0.01468695620649652,0.004545771806457856,14.92920394189623,5.149815087634205,12.850176996480863,3.679368825387787,15.282184270788084,3.618116785561222,20.602190829395493,3.5824777356978768,18.112408427132234,2.957188996650074,18.010217243891898,2.8689512710938834,18.357486459506497,1.752121588523716
no_vocals,125.0,130.0,-466.9662170410156,20.788007736206055,228.94644165039062,19.338958740234375,14.856710433959961,16.77912712097168,13.49643611907959,9.298900604248047,20.0656681060791,9.133158683776855,4.671196460723877,8.158658981323242,4.508121013641357,7.0434980392456055,3.7988221645355225,6.350771903991699,6.099691867828369,6.18074369430542,7.557587623596191,6.325788497924805,7.6659979820251465,5.608241081237793,-0.7343958616256714,5.919672012329102,2.7837235927581787,5.630965232849121,0.7914146780967712,0.4455847144126892,0.25451046228408813,0.2311982810497284,0.29198598861694336,0.31427058577537537,0.4468529522418976,0.7129036784172058,0.5264142155647278,0.4859224259853363,0.3613100051879883,0.49003109335899353,0.01710469515998513,0.0030038210693826024,890.5810537154445,138.46558788133746,2174.1401840276358,460.49830092221936,1184.5759770156612,232.98172566255982,0.015927485136310905,0.004032483042329615,13.584320631766793,4.7736581338846715,12.883184701536045,3.5403517661408612,16.418341476945983,3.4799268650743524,20.694864776556887,3.779361199431856,18.430308861170616,2.542992466937963,17.99429800875411,2.789767586847323,18.3201355304334,1.6260203929729367
no_vocals,127.5,132.5,-470.1622619628906,20.579744338989258,232.4130401611328,17.717140197753906,15.883368492126465,16.820463180541992,9.646647453308105,10.136971473693848,16.581823348999023,10.017694473266602,6.386017322540283,9.184412002563477,4.347777843475342,7.636340618133545,2.693094253540039,7.03687047958374,3.782733201980591,7.072873115539551,5.745337963104248,6.9417033195495605,5.962644577026367,5.552659511566162,-1.0677064657211304,6.65370512008667,2.1635963916778564,5.293368339538574,0.6915468573570251,0.3858063519001007,0.27026572823524475,0.28286635875701904,0.3887611925601959,0.3082115352153778,0.36110204458236694,0.6356838941574097,0.4511825740337372,0.4019465148448944,0.38308700919151306,0.6129772067070007,0.01610640683611142,0.0033033197385679155,894.2268330764626,150.13950396805797,2136.099471488154,421.0098093757047,1210.4557895881671,279.3610459388523,0.017102305684454755,0.004126529017403565,14.298719533317772,5.003089753276612,11.617086913053862,3.520697953951933,16.371693362286774,3.3950077441643165,20.017762390076935,3.7589556658510777,19.051235113161763,2.9366410926790394,18.104426541996006,2.72765357947807,18.37275163704537,1.8622313659371605
no_vocals,130.0,135.0,-464.603515625,20.837528228759766,230.85179138183594,17.362749099731445,19.936452865600586,17.046234130859375,9.898107528686523,10.075233459472656,16.00247573852539,10.399984359741211,7.328600883483887,9.008330345153809,3.114396095275879,8.31579303741455,0.14740082621574402,6.830106258392334,2.0642800331115723,6.678369998931885,2.8246004581451416,6.68646240234375,4.012755870819092,5.587347984313965,-0.788933277130127,6.64256477355957,4.1357035636901855,5.083399772644043,0.4068472981452942,0.2439369112253189,0.20031720399856567,0.3325902223587036,0.7414209246635437,0.5018678903579712,0.28255051374435425,0.49468329548835754,0.36588364839553833,0.26008349657058716,0.24693521857261658,0.40721508860588074,0.01783871450817986,0.004558918611576992,903.309337834977,163.1649423772213,2177.1883089178964,418.6108738102775,1185.725080662703,298.7010726162077,0.017714073375870068,0.0033429888684174975,14.224780945277969,4.7140958312889865,11.86920202143975,3.55462280416633,16.084184031645542,3.7218260717388474,18.94477046923702,4.188818074700997,19.243807253008768,2.7230033181880944,17.6345505781091,2.5400247260105777,18.434423712174908,2.1290555228143315
no_vocals,132.5,137.5,-471.8644714355469,24.924943923950195,226.7119140625,19.095726013183594,27.248779296875,16.352014541625977,15.907987594604492,10.352498054504395,16.863492965698242,10.865060806274414,5.316829204559326,8.204931259155273,1.155397891998291,7.749867916107178,-0.07064992934465408,7.075039386749268,1.1387622356414795,7.171398639678955,1.8471750020980835,6.465066432952881,3.9782800674438477,5.881686210632324,1.283328890800476,7.093603134155273,2.7989349365234375,6.016611099243164,0.3558831214904785,0.234400674700737,0.17129722237586975,0.3485458195209503,0.8077008128166199,0.5360748171806335,0.21756024658679962,0.3564890921115875,0.3658936619758606,0.4694204032421112,0.34399816393852234,0.29205191135406494,0.01780229034399281,0.004338709870065256,889.11475128056,203.554535553393,2199.498731929025,504.3861661555711,1073.662494562065,285.57539254030263,0.017318690182714615,0.0036321976916562243,13.313256846047894,3.997181050447643,12.115974916637516,3.4672854493066163,15.67781182459089,3.143356381748937,19.69879938608417,3.9506278430113637,18.747867988155633,2.7306482625588924,17.642006355788144,2.818473154474207,17.910776751696663,1.898063300260821
no_vocals,135.0,140.0,-471.4759521484375,25.87683868408203,226.02392578125,18.795059204101562,28.386518478393555,15.480382919311523,14.899456977844238,9.936647415161133,19.50057601928711,9.416418075561523,6.970784664154053,6.937234401702881,2.007051944732666,6.257408142089844,0.04362526908516884,6.268680095672607,0.4383985698223114,6.721649646759033,1.1653237342834473,6.189370632171631,6.438533306121826,5.91501522064209,3.8766188621520996,6.405176162719727,2.318187713623047,6.431288719177246,0.658859133720398,0.4267102777957916,0.24264834821224213,0.311420202255249,0.5696396827697754,0.477824330329895,0.31166574358940125,0.48565858602523804,0.5212032794952393,0.6955747604370117,0.5076740384101868,0.4346403479576111,0.017457798512311103,0.0049700076172098815,889.0948632906264,217.1160293260463,2255.4483239577103,563.9006403009167,1072.7631960556844,297.6722918403194,0.016925572795823667,0.005678150507448836,12.939609610543748,3.7560296512046456,11.24658613648991,3.1952954332555064,15.809921991930782,3.5248908669190238,20.031539781005627,3.717266722446097,18.886917898663153,2.9294661196307206,18.399471617770093,2.951448140796369,18.396219594607487,1.931069783270234
no_vocals,137.5,142.5,-469.28955078125,24.307676315307617,226.58335876464844,17.781539916992188,25.80836296081543,15.628335952758789,13.492486953735352,9.787853240966797,18.76239013671875,8.944375038146973,6.340795516967773,7.317410469055176,3.029299736022949,6.318017482757568,1.895019292831421,5.89786958694458,3.2458150386810303,6.1750288009643555,3.457838773727417,6.61094856262207,6.7751007080078125,5.4097113609313965,2.432041883468628,5.472456932067871,1.717329740524292,5.960976600646973,0.7519233822822571,0.4816853106021881,0.3143039345741272,0.2929748296737671,0.3919169008731842,0.4205683767795563,0.478172242641449,0.7161924839019775,0.573453962802887,0.5747314691543579,0.40114298462867737,0.45745110511779785,0.017703635808244658,0.004392019098645142,866.9180233387809,169.9822185380828,2182.979976018288,518.4424988431422,1061.3720816415314,225.38138017248122,0.016340994779582365,0.005666401177995955,14.563453013835707,5.1308676176931,12.288292045541727,3.6671747259156975,16.297649286911323,3.49701925909423,20.047548856354908,4.180782016662849,18.58164606011081,3.0106066432824705,18.401455279254325,2.811489764992746,18.27579342721297,1.9599398138392257
no_vocals,140.0,145.0,-481.81475830078125,21.535512924194336,226.6861572265625,22.844167709350586,19.118793487548828,18.237173080444336,17.455514907836914,9.388538360595703,18.353334426879883,10.033806800842285,3.977447271347046,8.786423683166504,1.8745287656784058,7.098935604095459,2.400996685028076,6.292733192443848,6.100449085235596,5.268010139465332,5.563132286071777,5.8583760261535645,6.645999908447266,5.540396690368652,0.6080156564712524,5.130761623382568,3.215282440185547,6.183905124664307,0.6511961221694946,0.39304518699645996,0.31388115882873535,0.28506267070770264,0.34564507007598877,0.34646111726760864,0.48276177048683167,0.7597516179084778,0.557293176651001,0.466454416513443,0.3751823306083679,0.5793383717536926,0.015424648682282171,0.003064684484471679,888.2404726516202,183.45367062995845,2188.34354925201,529.8002422269705,1129.4190019576565,333.5565643764053,0.015698638703596286,0.004093856727149302,14.998509031324033,4.528826300062044,12.696824492423985,3.869894118593259,16.550618091296595,3.0677134260590537,20.18235674392458,3.914108679353443,17.900486206814445,2.766190725420369,18.17134581591084,3.070911292272126,17.792121439958457,1.7943109187001214
no_vocals,142.5,147.5,-470.0202331542969,21.778409957885742,240.79893493652344,23.19694709777832,3.9254376888275146,17.933273315429688,20.063730239868164,6.721603870391846,23.742469787597656,7.729293346405029,2.4789693355560303,7.661555290222168,3.153737783432007,5.606086254119873,1.3756283521652222,5.66521692276001,4.935903072357178,4.779696464538574,4.739776611328125,4.928098201751709,4.1861796379089355,5.706416130065918,0.8990341424942017,4.501595973968506,5.132806777954102,5.209002494812012,0.49643316864967346,0.30773159861564636,0.2564857602119446,0.3675616681575775,0.6684181094169617,0.4742473363876343,0.42777541279792786,0.694294273853302,0.4993606507778168,0.3473467230796814,0.3094034194946289,0.5037515163421631,0.018467383243126273,0.00508073139525797,825.049472590769,176.44304050141034,1878.6269490989266,566.5457594859223,1178.5306926116589,265.12794843207433,0.015613670968677494,0.0033627194816053885,17.301624128517524,5.27190653809733,12.526986499527913,3.479138476115102,15.943247529422376,3.2699197478669944,19.016839973602252,3.4633643515949246,17.78529302191049,2.495045083209853,19.548406565010986,2.7898472242809604,18.88732259138937,1.688510021371182
no_vocals,145.0,150.0,-458.3468017578125,16.4844970703125,248.57827758789062,19.383560180664062,0.5438920855522156,17.4498291015625,20.925748825073242,5.068328857421875,24.612716674804688,7.32424259185791,1.7498713731765747,5.778139114379883,1.8494046926498413,5.223841190338135,-0.07981337606906891,5.026288986206055,2.7917978763580322,5.455978870391846,4.341708660125732,5.043155193328857,4.2901387214660645,5.645990371704102,1.751706600189209,4.81652307510376,4.483489990234375,4.384860038757324,0.3784283995628357,0.27112430334091187,0.21937426924705505,0.38521528244018555,0.8608267307281494,0.5897705554962158,0.34563153982162476,0.5511256456375122,0.4615755081176758,0.45743677020072937,0.33965107798576355,0.33815184235572815,0.020677479383753927,0.0038309723650867063,788.3303966845385,170.51863486742425,1710.3131702214864,455.5266774239121,1152.6009190110208,398.83347087382066,0.016280950913573084,0.0034461892835810815,17.958532109428475,4.550891941635071,12.281453795092927,3.644443061406197,15.21897752266351,3.2623491524303803,19.05189491829749,3.408514953406608,17.703613761308148,2.3452689266302986,20.024862713594004,2.803659778042174,19.27682843493496,1.746240813092227
no_vocals,147.5,152.5,-475.22650146484375,22.98107147216797,227.59671020507812,23.615829467773438,22.367753982543945,21.393823623657227,21.531240463256836,8.211819648742676,22.17270278930664,8.82020092010498,2.363332748413086,6.194690227508545,-0.4479076862335205,5.7252702713012695,-0.16325831413269043,5.805016994476318,2.388866901397705,6.448978424072266,4.336989879608154,5.404657363891602,7.02984619140625,5.736668109893799,4.534331798553467,5.278417587280273,5.9745659828186035,5.123735427856445,0.6401147246360779,0.4118170440196991,0.23866330087184906,0.30026188492774963,0.5653579831123352,0.40467074513435364,0.25214502215385437,0.43569883704185486,0.460723876953125,0.5980390906333923,0.46582159399986267,0.4660891890525818,0.016947703922206316,0.004343076191063892,877.841157180135,183.63527635408167,2185.9578258145366,564.7462552646249,1062.721029401102,277.30092640050026,0.016736377972737818,0.003773288609102515,15.564034467617425,4.22733979632925,11.60671194862503,3.5463489696592534,16.25616915255961,3.539962416835478,20.641925686673186,3.808129415571645,17.599550092221747,2.833120639413243,18.667898341879855,2.9763377943316014,18.58151224006378,1.743180489727801
no_vocals,150.0,155.0,-482.46234130859375,19.654142379760742,211.1102752685547,20.984966278076172,31.983482360839844,14.634770393371582,21.768394470214844,10.026552200317383,17.39497947692871,11.269536018371582,3.968687057495117,7.083176136016846,0.8104157447814941,7.244266510009766,0.6822733283042908,6.4043097496032715,3.2474474906921387,6.113108158111572,5.701828956604004,6.040699481964111,6.606045246124268,5.611132621765137,3.339597225189209,5.708014488220215,4.538506984710693,6.263556957244873,0.7680495381355286,0.5241228938102722,0.3340698480606079,0.2947677969932556,0.34100836515426636,0.3289791941642761,0.3619607388973236,0.5911658406257629,0.5000538229942322,0.5379284024238586,0.39821016788482666,0.4443185329437256,0.014382144148848312,0.003721611871893441,1021.0514780905335,278.9866810186814,2595.673586089965,620.9354223297265,1142.858518525232,438.58942968731736,0.016615157337587005,0.0042157126405356375,14.43924983078984,4.821578760137549,12.290633339528998,3.5415538053256066,16.059679207651048,3.612088457862593,20.84693035312138,3.868880548574319,16.893615660431983,3.169264390116514,17.068829525495516,2.6116785114734,18.042016444765178,1.4011598783417623
no_vocals,152.5,157.5,-474.82867431640625,21.957170486450195,208.26443481445312,23.37479019165039,25.197050094604492,15.948333740234375,17.439908981323242,9.437447547912598,14.347269058227539,11.893706321716309,2.020533323287964,8.034940719604492,-0.7714369297027588,7.676302433013916,-0.42671531438827515,6.939603805541992,1.7868062257766724,5.7035980224609375,6.539072513580322,6.152885913848877,6.386648654937744,5.038163661956787,0.7043147087097168,5.228600025177002,-0.031946878880262375,6.347506999969482,0.6213806867599487,0.433071106672287,0.3557792007923126,0.29292455315589905,0.25431519746780396,0.29430505633354187,0.44184476137161255,0.8075737357139587,0.5443148612976074,0.43854308128356934,0.31058430671691895,0.3836464583873749,0.012951321739988648,0.003813108756795225,1164.8877275368345,292.6479168056449,2771.5397438070427,665.6852543659247,1357.4411343532483,432.50161766325533,0.019052031975058004,0.005404198741243389,14.154565916751457,4.787814707597577,12.180318605920403,3.832134190513028,15.816193171852113,3.4387675119183396,20.896289260969738,3.6105133728201264,16.579630979478544,2.960387852352457,17.344656041795158,2.677651716738326,18.25839057298377,1.3054185451344413
no_vocals,155.0,160.0,-473.2703857421875,20.914472579956055,216.24085998535156,22.835853576660156,22.85051155090332,15.936094284057617,16.10415267944336,10.39254379272461,13.467408180236816,10.071524620056152,0.7811834216117859,7.135303020477295,-2.459662914276123,7.215453624725342,0.9826521873474121,7.131220817565918,2.11661434173584,5.837898254394531,5.982604503631592,6.105981826782227,6.373023509979248,5.51314640045166,-0.8401498198509216,5.124927043914795,-1.5511928796768188,6.510923385620117,0.5685105919837952,0.35645705461502075,0.28550928831100464,0.26177656650543213,0.33857375383377075,0.29976949095726013,0.4389583170413971,0.8683584928512573,0.5252317786216736,0.34200599789619446,0.25626981258392334,0.3797498643398285,0.013783157127855342,0.004238517345643984,1085.804077511283,284.5627672146578,2555.9336136015536,635.591736646146,1313.7751957656612,382.30020068211786,0.019636609991299302,0.005453469494462644,14.971584898875497,5.167733344754646,12.01823887661895,3.8046172721119147,15.990696637793286,3.2583855555666403,20.84779747507969,3.4515736701219346,17.2610260768062,2.904702163390233,17.857355466462227,2.6067009121224243,18.502298607757588,1.3265719133363312
no_vocals,157.5,162.5,-470.462890625,18.581886291503906,220.6498565673828,21.517921447753906,24.409154891967773,15.936076164245605,13.665507316589355,10.678007125854492,10.284566879272461,9.106515884399414,-0.07230378687381744,6.999574184417725,-0.2603476047515869,7.318827152252197,3.9947192668914795,6.355118751525879,3.9213883876800537,6.7586798667907715,6.334299087524414,5.988454818725586,4.510344982147217,5.6242451667785645,-3.641641855239868,5.358607292175293,-1.2020032405853271,6.164246559143066,0.5488092303276062,0.3366411626338959,0.2237532138824463,0.2510722875595093,0.4376700818538666,0.36548665165901184,0.4349621534347534,0.8084637522697449,0.5921106338500977,0.48477768898010254,0.31389501690864563,0.3255809247493744,0.014746178085256688,0.0036601249204611546,1035.426233309174,265.13693997736243,2474.092897725091,603.9746028334591,1243.0803409585267,370.5717534364153,0.01804601399361949,0.004666819509377996,16.07079783355202,5.286827532837803,12.008611599643231,3.4411610110152546,14.962015142770587,3.3018838529719035,20.473317629238107,3.4379184208558597,17.267837717219326,3.079489136722639,17.322345827541678,2.4677473856833636,18.610293809209928,1.3123680653967982
no_vocals,160.0,165.0,-474.3439636230469,19.278282165527344,210.3845672607422,21.612285614013672,27.788509368896484,16.065160751342773,15.222905158996582,11.08372974395752,10.54732608795166,10.552276611328125,2.791195869445801,10.20639705657959,3.7899551391601562,7.612247943878174,4.1902008056640625,6.3309807777404785,4.089230537414551,6.967403888702393,6.868668556213379,6.294369220733643,6.439720630645752,6.224841117858887,-0.5894615650177002,7.172744274139404,1.975526213645935,6.2979302406311035,0.6616886258125305,0.4340966045856476,0.2844669222831726,0.27701252698898315,0.3907632827758789,0.336914986371994,0.36292412877082825,0.6445612907409668,0.607484757900238,0.6564062833786011,0.47608113288879395,0.45518773794174194,0.013882408532251337,0.003479754633234998,1105.9994194901547,325.0652336285539,2728.863698046093,666.8725561866218,1306.8805738834108,582.1592388784994,0.016924439892691417,0.008293899106765439,15.420856006892507,5.604375008283046,12.04638565818942,3.5720051592863498,14.613446761562528,3.319548182294528,19.926946374603293,3.7489055453423745,17.295447390145334,3.0119834088836055,16.585583235927523,2.3394685343183825,18.50069468308895,1.483190897073133
no_vocals,162.5,167.5,-474.094970703125,22.08079719543457,204.108642578125,17.221935272216797,31.562074661254883,16.128028869628906,17.736661911010742,11.158257484436035,15.177995681762695,10.960899353027344,7.958860874176025,9.558877944946289,5.8158464431762695,7.23611307144165,4.340798854827881,6.6222100257873535,5.905484199523926,6.795494556427002,6.794605255126953,6.572322368621826,7.712950706481934,5.9475998878479,2.7424190044403076,5.784688949584961,4.9028706550598145,5.269067764282227,0.7178586721420288,0.516897976398468,0.3316550552845001,0.3000301420688629,0.37418586015701294,0.36558982729911804,0.41105860471725464,0.6798888444900513,0.6005600094795227,0.6089308857917786,0.4564610421657562,0.46749117970466614,0.015072183287000227,0.0035456481899509805,1074.2037056449474,292.4085903739808,2778.554603995899,581.6998353587545,1248.7758981656032,552.8993875932728,0.015264736803944315,0.008489509081622774,13.58811735831551,4.70338423242062,12.485645893193663,3.5088206199896055,15.470276937103485,3.7027593206989775,20.118847086042003,4.36100041102568,17.77553424695413,2.917644716615802,16.653398491871357,2.143100555802911,18.094808435578987,1.6408297713064703
no_vocals,165.0,170.0,-465.0868225097656,21.714529037475586,207.63800048828125,18.66603660583496,31.40486717224121,16.879310607910156,15.118339538574219,10.637986183166504,14.644641876220703,11.015116691589355,7.471026420593262,7.807337284088135,5.465644836425781,7.3798747062683105,3.808832883834839,6.960083484649658,8.161324501037598,6.282719135284424,5.998626708984375,6.352740287780762,4.719000816345215,5.774895668029785,1.9814469814300537,5.342024803161621,4.14921236038208,5.271202564239502,0.7245808839797974,0.46117016673088074,0.2840055823326111,0.26075878739356995,0.31907013058662415,0.3491002321243286,0.46638023853302,0.7522109746932983,0.566739022731781,0.4962621033191681,0.3714480698108673,0.47593292593955994,0.016351873517520467,0.0032870877046471706,1047.108377925877,184.67612185398664,2710.3563537197583,474.8179896753384,1178.930380836717,296.0179491127194,0.01570203741299304,0.00420517619375796,12.607168982770812,5.128576729797796,12.681002212368421,3.8071652217856644,16.817286603234916,4.074458609639107,20.16984361646076,3.9052581315933166,17.628403188472916,3.074785758259147,16.899222742027597,2.5017166329234244,18.04537145935986,1.289739968716191
no_vocals,167.5,172.5,-456.81988525390625,20.630083084106445,217.7763214111328,22.782489776611328,24.812213897705078,16.58073616027832,13.820722579956055,10.43726634979248,14.295345306396484,10.320647239685059,7.252257823944092,6.485424041748047,2.3368208408355713,8.164972305297852,0.9340873956680298,6.721676349639893,4.41755485534668,6.994200229644775,3.982830762863159,6.469383239746094,3.05035138130188,5.314372539520264,1.8195384740829468,5.427410125732422,4.6267523765563965,5.2485198974609375,0.6695521473884583,0.3986574113368988,0.2664937674999237,0.30897051095962524,0.48749813437461853,0.3666226267814636,0.3512950539588928,0.6087135672569275,0.4597901403903961,0.38889452815055847,0.37334486842155457,0.5782451629638672,0.016720378239857347,0.0037860532536871765,1010.8415801380006,185.49367120330345,2499.96393966336,570.5910154054683,1206.3589852813225,252.9828842484772,0.017601915965777263,0.004781035378424588,12.773205887578028,4.42377226166272,11.779033613747574,3.745043346470163,15.849519011253273,3.5355195223921174,19.230256562649345,3.5351364699393253,17.701273648085863,3.221520433390399,17.32633954139808,2.6887195146788323,18.19130515270937,1.6404622243068412
no_vocals,170.0,175.0,-461.5425720214844,22.64771270751953,213.70193481445312,25.27292251586914,28.553672790527344,17.473676681518555,19.187604904174805,11.47866153717041,18.245634078979492,9.240586280822754,7.0439910888671875,6.908585071563721,1.5178461074829102,7.889204978942871,0.01351234782487154,5.914969444274902,1.7226284742355347,6.000657558441162,1.3713264465332031,7.043193340301514,3.553335428237915,5.7448225021362305,2.117414712905884,6.567123889923096,8.011480331420898,5.97741174697876,0.45290783047676086,0.29831209778785706,0.23688998818397522,0.36958542466163635,0.7801365256309509,0.5213903188705444,0.28706032037734985,0.47640037536621094,0.37306493520736694,0.31468257308006287,0.30655205249786377,0.44015634059906006,0.016969855974175538,0.0035093203588677426,1023.2506085796342,232.16553529688468,2585.2739955080624,638.3164622015581,1173.384706714037,371.37285416207084,0.017282437282482598,0.005160034880199715,13.433995819268668,4.40783150644175,11.478440742253218,3.1553409506794385,15.459923269003932,3.3057554600832098,19.31432910748311,3.858915793726684,17.779806617235597,3.0777234193537275,16.81923948239035,2.561600811001314,18.220015370204038,1.980578916519237
no_vocals,172.5,177.5,-473.6583557128906,18.999801635742188,209.2120361328125,23.302350997924805,33.42632293701172,15.688272476196289,24.064239501953125,9.806317329406738,18.115814208984375,10.078752517700195,4.163454055786133,7.423173904418945,0.25858059525489807,8.032196998596191,1.4916731119155884,5.945937156677246,4.266955375671387,6.142881393432617,4.660034656524658,8.203506469726562,6.339787006378174,6.257295608520508,4.139012813568115,6.369199752807617,7.834059238433838,6.090768337249756,0.47862544655799866,0.3579244911670685,0.2735103368759155,0.369281142950058,0.709173858165741,0.49385303258895874,0.2602800130844116,0.4133763015270233,0.4340656101703644,0.5788570046424866,0.46118423342704773,0.43267160654067993,0.015849092415600945,0.003427734089910753,1012.6403036370659,235.76734231232476,2621.2580630776747,607.8512226978064,1088.9006081424013,314.32619430925695,0.01594221287703016,0.004272309446101565,14.202944139267387,4.0287886235031465,11.731288692077403,3.4414037621989655,15.716483029118207,3.2812595713741324,20.790172947656878,4.004601335740878,17.426517398419765,2.9067145550204763,16.926561818826627,2.8692612055998596,17.9475865511822,1.652111095521255
no_vocals,175.0,180.0,-469.337646484375,22.0687313079834,216.48178100585938,23.149642944335938,27.354190826416016,15.987768173217773,22.092601776123047,9.146574974060059,17.640928268432617,10.963339805603027,4.156322479248047,6.732206344604492,-1.0734981298446655,6.80151891708374,2.027050495147705,6.393597602844238,5.284584045410156,5.8773088455200195,6.665827751159668,6.575621128082275,7.865901470184326,6.362661361694336,4.188189506530762,5.834566593170166,4.688581943511963,5.916471004486084,0.7230314612388611,0.47340941429138184,0.27762797474861145,0.2712603211402893,0.4267021119594574,0.359701007604599,0.318211168050766,0.5124379396438599,0.5298488736152649,0.6950849890708923,0.5199642777442932,0.503904402256012,0.016469128161945366,0.0036219126821450797,966.7687653603633,262.61230874723213,2432.2202096897427,595.4691551095649,1140.860077399942,499.2540920974839,0.01607023093097448,0.003849091035194089,14.599698293574239,4.544903049097675,11.864202071516896,3.521656764937211,15.881079880423258,3.34995916181045,21.198825298843975,3.5535546487143117,17.283323078413382,3.0182614392415603,17.52503063040707,2.962463141124015,18.200188504165858,1.7445628858237776
no_vocals,177.5,182.5,-475.7646789550781,21.951387405395508,212.1729278564453,22.126863479614258,29.462270736694336,15.34878158569336,22.41411018371582,9.872100830078125,19.213665008544922,11.429648399353027,5.788966655731201,7.996084213256836,0.529150128364563,7.7346038818359375,1.5097209215164185,6.315223693847656,5.239538669586182,6.064371109008789,6.481025218963623,6.0813398361206055,8.570151329040527,6.7713141441345215,3.871345043182373,5.675684928894043,3.588021755218506,6.437035083770752,0.6989030838012695,0.46818628907203674,0.34222814440727234,0.2942791283130646,0.31671375036239624,0.33989575505256653,0.4551287591457367,0.7100558280944824,0.5759397745132446,0.5590635538101196,0.3966315686702728,0.4407825767993927,0.016014225814456936,0.00366496040156448,979.2952475454476,244.70764501175327,2522.3175310741303,569.1016770393545,1126.121574100928,442.3512244861625,0.015246610353828306,0.0037557305727773257,14.394177058964873,4.966147748775961,12.689848168394521,3.513598218472009,15.867036757237187,3.463678204262308,21.07199277124936,3.697486198483003,16.629573667454856,2.9964567653587855,17.08246049372275,2.501142750377022,18.19523464017499,1.3855729766581493
no_vocals,180.0,185.0,-481.90509033203125,19.159526824951172,213.2384033203125,23.46903419494629,34.329139709472656,14.171955108642578,18.255399703979492,11.258996963500977,13.503323554992676,12.71774673461914,3.848752498626709,9.649199485778809,-0.8069834113121033,9.324347496032715,-0.7505019903182983,5.9970293045043945,3.9802405834198,6.783064365386963,6.620152950286865,6.456372261047363,8.099863052368164,6.109904766082764,2.03867506980896,5.97283411026001,1.6421136856079102,5.854303359985352,0.6494494676589966,0.45684099197387695,0.3850407004356384,0.30758872628211975,0.31194213032722473,0.3039754629135132,0.4354308843612671,0.7950816750526428,0.5426595211029053,0.4475615620613098,0.33509379625320435,0.4403424561023712,0.014209747165355079,0.0035304088595073807,1029.6930664730237,301.891509389062,2596.475792835942,634.3414958515417,1149.3034911542923,578.8018423565045,0.017212197288283063,0.004492008778204261,14.31813180025148,4.803671269818317,11.75597181581463,3.6717471651574503,15.64892863483601,3.623377364443543,20.875967163898018,3.772558505154483,17.190422904133584,3.0848596533697252,16.45440043283222,2.3263829885294167,18.09438730996951,1.526977030943858
no_vocals,182.5,187.5,-477.45294189453125,19.441184997558594,215.09693908691406,25.726707458496094,32.98325729370117,15.582698822021484,13.071137428283691,9.608551025390625,10.278149604797363,11.233261108398438,3.198112964630127,8.740499496459961,-0.8174355030059814,8.979113578796387,-0.789463222026825,6.629644393920898,3.5244882106781006,7.665660858154297,4.689694881439209,6.2526116371154785,5.086560249328613,6.635580062866211,-3.471153497695923,6.2966742515563965,-2.3299813270568848,5.918572902679443,0.5831833481788635,0.3546942472457886,0.23747508227825165,0.22364644706249237,0.35227537155151367,0.30380138754844666,0.4400920569896698,0.8548059463500977,0.516991913318634,0.315382182598114,0.2096594125032425,0.3271395266056061,0.014171144960711769,0.003831198677140239,1098.4910511670223,354.8550246186297,2666.3292952762413,721.2327424670694,1258.0686493982018,696.70575447951,0.019134733903712297,0.004522864303614789,14.675741213291907,4.816443479576231,11.691959101083699,3.8769664157292567,16.16155117888759,3.4800441961578983,20.964587182486902,3.682358311155134,17.669839835287334,3.205272563433234,16.706270216651426,2.7287710863137753,18.464153824412463,1.6157908208174425
no_vocals,185.0,190.0,-471.0754699707031,22.70985221862793,219.74183654785156,26.52707862854004,24.212299346923828,19.281204223632812,12.770133972167969,9.334534645080566,11.704082489013672,9.681047439575195,3.138925552368164,6.907203674316406,1.2674806118011475,7.517657279968262,3.575199604034424,7.28801965713501,6.365123271942139,7.765894889831543,6.368748664855957,5.4249677658081055,4.593658447265625,6.947820663452148,-3.3283979892730713,6.19534158706665,-1.2906004190444946,6.920477867126465,0.5659084320068359,0.34275200963020325,0.22748900949954987,0.24088682234287262,0.38778531551361084,0.33247750997543335,0.39482566714286804,0.7280760407447815,0.5995031595230103,0.5773048996925354,0.4006293714046478,0.3785485327243805,0.014688973584084873,0.0031935797975576764,1043.324565870261,272.8657297905814,2496.5243999217378,696.1093077570158,1253.722039950696,415.85662527371363,0.017269975348027843,0.004525711075833239,15.46252342091388,4.492229158493499,11.79165031101921,3.307384006060217,15.040071309192474,3.3909724471982736,20.513834852826488,3.5586608710962593,17.453956880665526,3.1710495872622975,17.4853858685243,3.027800258728243,18.111446306643337,1.651423900343379
no_vocals,187.5,192.5,-465.1520690917969,19.751880645751953,221.96298217773438,24.875207901000977,17.646495819091797,19.459022521972656,13.760476112365723,8.42324161529541,13.535149574279785,9.28551959991455,4.331381320953369,6.78729772567749,2.2682628631591797,6.831146717071533,4.780450820922852,5.820706367492676,6.493902206420898,7.468496322631836,6.467170715332031,5.617197036743164,5.91880464553833,6.245515823364258,-0.05274476483464241,5.622389793395996,3.268383264541626,5.8540754318237305,0.6954978704452515,0.46871480345726013,0.29873940348625183,0.2672499120235443,0.3722943663597107,0.35510286688804626,0.36919549107551575,0.64679354429245,0.6172452569007874,0.712878942489624,0.530507504940033,0.47712159156799316,0.01540520225204268,0.003550813730566175,1005.8920153083119,247.43050827517854,2385.2813568684787,650.6459547427771,1307.8298334179235,453.0111915375913,0.01615293285962877,0.004033893106348693,15.655635730155469,5.147517654066339,12.39587889637428,3.7740950531102344,14.678801348699901,3.4539739121747997,20.17155948962845,3.586046368813183,17.77929920387486,2.787061385327711,17.515927946167864,2.958474394254196,18.13865379385656,1.6683871724345294
no_vocals,190.0,195.0,-466.3323059082031,21.728490829467773,219.56063842773438,21.030012130737305,19.62843132019043,16.468217849731445,13.899332046508789,9.605803489685059,15.217808723449707,9.87033748626709,7.283417701721191,7.22081995010376,1.4377765655517578,6.77805757522583,2.985734224319458,6.331726551055908,5.0894269943237305,6.7649245262146,5.6517014503479,6.52105712890625,6.08748722076416,5.966400623321533,-0.1854884773492813,5.290820598602295,2.874018907546997,5.531380653381348,0.7389451265335083,0.4599873423576355,0.2606319189071655,0.24696126580238342,0.33767640590667725,0.3566647171974182,0.43985599279403687,0.7160475850105286,0.5432008504867554,0.5030242800712585,0.34489139914512634,0.40998271107673645,0.015830259683721305,0.0036956201929884904,995.2329514365224,226.34691398344657,2388.208433689106,560.0346239912915,1292.3419146969256,415.91647009541623,0.016495069605568447,0.003929652154045083,14.662638994497888,5.0438396748704655,12.916585473731718,3.477269322673711,15.918771126951398,3.75123971977491,20.47387181352739,3.816687560109022,18.254625911390814,2.619070273539594,17.459400997473555,2.775886389697235,17.983000479043973,1.766527249679367
no_vocals,192.5,197.5,-456.5425720214844,22.31231689453125,221.42698669433594,21.838546752929688,21.759212493896484,16.759241104125977,11.214885711669922,10.754622459411621,12.571959495544434,10.271183967590332,6.903136253356934,7.86203670501709,0.2864871919155121,7.556282043457031,2.1507933139801025,7.239072799682617,3.22454571723938,6.529514789581299,5.6416730880737305,6.4219069480896,6.0340256690979,5.5163679122924805,1.1648918390274048,4.762725830078125,3.132319450378418,5.253085136413574,0.7436452507972717,0.41543254256248474,0.23703110218048096,0.2466713935136795,0.3353172242641449,0.30896154046058655,0.3925781846046448,0.6908893585205078,0.4804319441318512,0.4071730673313141,0.3480168581008911,0.5467310547828674,0.016063513964622037,0.0030578061388556667,1022.9081861515303,266.40020100367093,2414.388360830691,615.3863180764521,1303.8829121954757,365.4196457102715,0.018270328813805106,0.0042101427198584,14.00896809901136,4.471959048741764,11.677873259177135,3.7755326422934217,16.291157598142494,3.578865898227111,20.1571400021775,3.4930777990956425,18.434673744949684,2.9098760663175542,17.61291800949038,3.060511469583621,18.142184237923594,1.594561316377398
no_vocals,195.0,200.0,-457.96295166015625,22.713359832763672,215.7163543701172,20.887184143066406,29.02675437927246,17.85860252380371,15.789721488952637,11.629851341247559,12.29926872253418,9.554366111755371,5.659363746643066,7.911543369293213,1.9340934753417969,8.614288330078125,0.6288626194000244,6.6013312339782715,0.36311861872673035,6.210531711578369,1.9712707996368408,6.0197434425354,5.4506425857543945,5.9525370597839355,2.1838972568511963,5.47580099105835,4.83860445022583,5.42525053024292,0.5138541460037231,0.3139546811580658,0.21575279533863068,0.3361244201660156,0.6593397855758667,0.4433577358722687,0.30048948526382446,0.5279955863952637,0.38695794343948364,0.29339954257011414,0.2869882583618164,0.4574434757232666,0.017241807472989343,0.0041420343200460645,1034.3044019887766,274.3168070269734,2533.574843555293,631.6219016881132,1220.1981900739559,410.4210914299884,0.017714073375870068,0.00411349654646964,14.46646473113217,5.288618844233552,11.895478384674158,4.022368876650574,15.83401961901246,3.495769047951618,19.7728548603361,3.6907051026821294,18.573570924104036,3.0286379773160115,16.878116129754176,2.830752048629528,18.5628259879962,1.8698190199029594
no_vocals,197.5,202.5,-464.8549499511719,21.847774505615234,221.14552307128906,20.035730361938477,26.953447341918945,17.544227600097656,19.194746017456055,9.715991973876953,16.44647789001465,9.601165771484375,3.5040550231933594,7.792268753051758,0.19156768918037415,8.254559516906738,-0.20345796644687653,6.25244140625,-1.6540058851242065,6.152774810791016,-0.5423332452774048,5.511113166809082,5.065288543701172,6.380816459655762,0.4478035271167755,5.960094451904297,3.229625701904297,6.57704496383667,0.3103274405002594,0.21464231610298157,0.17762859165668488,0.37593868374824524,0.8781388401985168,0.5769721865653992,0.23366357386112213,0.349205881357193,0.33942869305610657,0.39832258224487305,0.29865869879722595,0.2685297429561615,0.01825251306456853,0.004815225291992615,951.8683574980205,196.46647047453396,2350.1563480260706,522.6778583023321,1115.9794853900812,327.43894494615006,0.01746370178364269,0.0038826234950838693,14.736538200299544,4.920258008487848,12.251644388143438,3.3013071258188216,16.013506913519024,3.358505210297235,19.77872051866427,3.7901300151299098,18.385622968930047,2.8198261260270128,17.478534964847952,2.5439627168013432,18.824586162064826,1.6136607294485479
no_vocals,200.0,205.0,-460.91485595703125,24.31563949584961,217.2639617919922,23.4176082611084,22.835466384887695,16.525056838989258,18.09711265563965,10.006165504455566,18.30398941040039,9.70358943939209,4.338507652282715,9.212323188781738,-0.1733551323413849,8.047453880310059,-1.1752574443817139,7.215476036071777,-3.316990375518799,5.092162609100342,-2.183623790740967,5.550017356872559,4.280910015106201,5.904374122619629,0.7410198450088501,6.026505947113037,3.6815896034240723,6.253246784210205,0.49568018317222595,0.2810758352279663,0.16663599014282227,0.31986165046691895,0.6589220762252808,0.46179908514022827,0.23556017875671387,0.38813644647598267,0.4677926301956177,0.6184427738189697,0.42132771015167236,0.34455087780952454,0.016350394891674377,0.004683165749975007,1054.5898232163859,289.2726368977118,2522.772348897117,622.0169690854704,1323.2178300826565,633.213394759396,0.018857172636310905,0.004340486493879126,14.08665758804697,4.14425647586127,11.589886815757469,3.433213606812394,15.905096462147807,3.237023415700526,19.63395788520774,3.903117373670708,18.56235240584476,2.974801371701831,18.098008239771655,2.6537000857206516,18.891993021386302,1.688179686975582
no_vocals,202.5,207.5,-462.9396667480469,21.41473388671875,211.60345458984375,21.215330123901367,26.19194984436035,16.765527725219727,17.071395874023438,10.668420791625977,15.354449272155762,9.99036979675293,4.630929470062256,9.306037902832031,1.6014636754989624,7.84874153137207,0.3374136686325073,7.928048133850098,0.6355345845222473,7.438790798187256,1.174513339996338,7.256066799163818,4.165033340454102,5.171408176422119,0.7651990056037903,6.283724784851074,3.3810055255889893,5.999768257141113,0.757064700126648,0.46229538321495056,0.25826385617256165,0.2564728856086731,0.4054444432258606,0.37032994627952576,0.3358630836009979,0.5632112622261047,0.4965195059776306,0.5703314542770386,0.40188413858413696,0.42410483956336975,0.015112876088256903,0.003585753240969793,1085.7477530573233,277.27115841532304,2621.7928513117276,609.8189441813275,1321.718999238689,628.8223613529549,0.018445928799303943,0.004720876000026982,13.616437319070425,4.692738710279982,11.466680621967255,3.539159457257914,16.67983488123045,3.327539967635632,19.80368283596916,3.4382289638180743,17.993603388730598,3.057138788354326,17.342986741211945,2.437248573909095,18.169333290715162,1.3759233258884975
no_vocals,205.0,210.0,-468.25469970703125,19.458240509033203,212.96302795410156,22.56711196899414,27.560388565063477,17.0433349609375,16.261587142944336,10.316357612609863,14.485591888427734,9.05245304107666,2.6245276927948,6.72902774810791,-0.7882874011993408,7.664732456207275,3.7425403594970703,6.231959819793701,6.366238117218018,6.758868217468262,6.015317916870117,5.437932968139648,4.77602481842041,5.688295364379883,-0.47538694739341736,5.901757717132568,1.4499262571334839,5.513891696929932,0.7409378290176392,0.44660085439682007,0.2846139669418335,0.2440917044878006,0.3006524443626404,0.3196910321712494,0.4535050392150879,0.7712873220443726,0.5584200024604797,0.46741828322410583,0.35130932927131653,0.5065518617630005,0.014732666344980421,0.0034804659369186146,1065.6161281629018,246.60641321333978,2621.0516561949867,626.0149013759008,1232.1388757975637,393.0960870931649,0.017444442430394433,0.0042803035434288905,13.26613598092785,4.7835511085942075,11.931436850002898,3.532505727474572,16.29545086196812,3.331658805089694,20.31256566062324,3.5058372842181558,16.750334652506154,3.0033220680411636,17.08346517105532,2.4567230861084424,17.859004750735927,1.4989683252244403
no_vocals,207.5,212.5,-476.1392517089844,17.567556381225586,209.69000244140625,20.323144912719727,32.18820571899414,14.003836631774902,20.420455932617188,10.62338638305664,16.629169464111328,9.406291007995605,5.706935882568359,6.6995439529418945,1.4490422010421753,9.060919761657715,4.511026859283447,6.016115188598633,6.759546756744385,6.174671649932861,5.365755558013916,5.5933918952941895,4.532858371734619,6.248693943023682,1.2577694654464722,6.4028639793396,3.7397429943084717,5.712002277374268,0.5818039774894714,0.38549378514289856,0.2782396078109741,0.3394514322280884,0.5822864174842834,0.4644562900066376,0.4234986901283264,0.6962123513221741,0.5307241678237915,0.381573885679245,0.33835569024086,0.5126367807388306,0.015638107669446833,0.0040860672358706525,1007.7139493065987,249.6497914154128,2615.2384450285845,582.066677039963,1130.9677938297564,383.77278148669154,0.014752664588167054,0.003966701411907776,14.03334703915507,4.593961392736093,12.110551603946758,3.951430162386139,15.952922425195517,3.2651862006897323,19.637998412949628,3.534972043801647,16.460777855354383,3.083388891756659,16.871727040730796,2.483888229424082,17.928335991745357,1.3079204261144035
no_vocals,210.0,215.0,-471.96014404296875,19.657264709472656,214.13890075683594,21.781051635742188,35.46848678588867,14.803568840026855,23.36631202697754,9.962851524353027,16.47637367248535,10.683274269104004,5.895110130310059,6.794283866882324,1.0261056423187256,8.727569580078125,1.164872646331787,7.488979339599609,2.8019187450408936,6.479058742523193,3.504977226257324,5.77775239944458,4.985702991485596,6.775196552276611,3.5677571296691895,6.313752174377441,5.978621006011963,5.17073392868042,0.4171660244464874,0.303619921207428,0.24756163358688354,0.4189283549785614,0.8696841597557068,0.5810864567756653,0.32978469133377075,0.5063682794570923,0.4168305993080139,0.39153996109962463,0.3227180540561676,0.3768318295478821,0.018126461601960894,0.003974120248908158,928.094958409937,222.3235626784175,2432.693035891017,542.711326416111,993.4250833816706,318.40764119420965,0.015172971650232018,0.004130073534838537,16.255891940896905,4.936972492765927,12.25267759883162,3.4804863156469428,16.117956775277683,3.3768616313164537,20.428403910896996,3.9880744720746,17.189462053204746,3.0852205499678025,16.92026101940051,2.5778920922458877,17.86472390621986,1.3719503821614552
no_vocals,212.5,217.5,-473.4715270996094,23.520444869995117,215.7625274658203,24.03615951538086,33.1277961730957,15.847895622253418,22.983829498291016,9.869108200073242,15.766501426696777,10.364276885986328,3.404604434967041,7.031781196594238,-2.2581634521484375,7.562674045562744,-0.21917732059955597,6.120938777923584,2.0586960315704346,6.065034866333008,3.137733221054077,5.644411563873291,6.479348182678223,6.473062992095947,4.937925815582275,5.703266620635986,6.308867454528809,4.921483993530273,0.5552075505256653,0.37072792649269104,0.22621139883995056,0.309184193611145,0.640044093132019,0.43815115094184875,0.2388605773448944,0.41912513971328735,0.44144126772880554,0.5840887427330017,0.4463697075843811,0.42384833097457886,0.016491242185269598,0.0043551092346322,975.0847610540359,260.46606954094693,2464.357250368464,616.3258023765012,1062.4212632323085,464.81082425487114,0.016802086354408354,0.0038205048055297564,15.942042061663141,5.2781248905180576,11.986137672731001,3.8340110524399096,16.245903347340956,3.325366094837529,20.987316869695814,3.731501131869452,17.430884722294387,2.6998856382779275,17.16147902204745,2.5553753235795598,18.021434823277467,1.4760548857075466
no_vocals,215.0,220.0,-477.4013977050781,22.577768325805664,208.76783752441406,24.648330688476562,29.277938842773438,13.445662498474121,22.385316848754883,9.762785911560059,15.7360200881958,9.259016990661621,1.9609817266464233,7.911200523376465,-0.4208010137081146,8.41622257232666,3.3721251487731934,5.970410346984863,4.808386325836182,6.16789436340332,5.871623992919922,5.758345603942871,7.259427070617676,5.3600754737854,1.9315683841705322,6.8571953773498535,4.623225688934326,5.990154266357422,0.7790180444717407,0.508815586566925,0.2804625630378723,0.25313130021095276,0.3522452116012573,0.3179400563240051,0.3097502291202545,0.5376359820365906,0.49502938985824585,0.5893943905830383,0.4418862462043762,0.4638010561466217,0.014039350317017522,0.0032939572834319785,1076.4607711678561,302.072016038508,2664.4195578077984,691.6559264859684,1227.6923442937934,533.8981943616286,0.016868927639211138,0.004118616010573404,13.776450650148833,4.31488175334768,12.250452269914195,3.6975464090000294,16.35619208167965,3.7863387351240143,20.911323657533245,3.833069148232982,16.767122102591447,2.724874614085395,17.444279862450852,2.541861593526911,17.965515014278527,1.3800094223625545
no_vocals,217.5,222.5,-469.38458251953125,20.711776733398438,212.3943634033203,23.426855087280273,26.86029052734375,14.554248809814453,17.62807273864746,10.292994499206543,13.440422058105469,10.285141944885254,-0.7034825682640076,7.8969316482543945,-0.392306923866272,7.667987823486328,3.734673500061035,6.663613319396973,5.866273880004883,5.72449254989624,8.525199890136719,5.976100921630859,6.837746620178223,6.199456691741943,-2.3265719413757324,5.497718811035156,1.017577886581421,6.649008274078369,0.7579311728477478,0.46162936091423035,0.3408202826976776,0.2614800035953522,0.24614982306957245,0.2778111696243286,0.43463119864463806,0.748284637928009,0.5068915486335754,0.4634905755519867,0.32246658205986023,0.4563770294189453,0.014320793022507512,0.0031724445102437014,1084.9080989681945,264.1788195242289,2632.9763619726673,616.912069162837,1238.334043285963,431.63934852230597,0.018717825551044082,0.0040344231451156735,13.53487531864061,4.638140547622239,12.807422637194158,3.2979339998402817,16.560494289175665,3.7691978458977276,21.033503489987265,3.852838398893517,16.46258883532548,2.661478504380047,17.367477174727583,2.5853821770096985,18.101825432696536,1.5722952753443031
no_vocals,220.0,225.0,-463.8995666503906,17.663532257080078,224.87721252441406,19.226530075073242,18.48309326171875,19.012065887451172,14.39149284362793,9.011025428771973,13.693252563476562,9.81548023223877,-0.05270598083734512,7.22218132019043,-2.2692177295684814,7.155485153198242,2.049015522003174,6.078390598297119,2.959134101867676,6.403896331787109,8.759432792663574,5.7542619705200195,7.642113208770752,5.964359760284424,-1.3737903833389282,5.4898247718811035,-0.9157384037971497,5.230752944946289,0.6560878753662109,0.421418160200119,0.36287084221839905,0.2926585078239441,0.3238184154033661,0.28396761417388916,0.42042016983032227,0.8143765330314636,0.5006188750267029,0.3973556160926819,0.2997097373008728,0.4640805125236511,0.014984883897421393,0.003059949452117661,992.4243522985636,167.20075624835565,2310.0834676727427,491.20919819564693,1212.3543086571926,277.8946371131448,0.01906336100638051,0.00406388824043184,14.454108111307002,5.025941161247492,12.174683520988022,3.5091274356035846,16.328076384933844,3.014848345624886,20.62881007683631,3.6303076050602714,17.321414148546243,2.4632812983006476,17.82936258138901,2.835201055423091,18.26443203689564,1.4443118328889046
no_vocals,222.5,227.5,-473.5848693847656,22.925514221191406,220.32516479492188,21.986215591430664,19.00731658935547,19.7084903717041,15.94583797454834,8.500286102294922,15.212424278259277,10.135823249816895,1.7634081840515137,7.243135929107666,-1.2149351835250854,8.213727951049805,1.9299077987670898,6.398905277252197,-0.01542413979768753,7.725785255432129,6.950506687164307,6.107247829437256,8.448906898498535,5.433537483215332,-2.942081928253174,7.1778788566589355,-2.383845090866089,5.609930038452148,0.548933744430542,0.3359105885028839,0.24349184334278107,0.26345187425613403,0.4432530999183655,0.35814169049263,0.46543213725090027,0.8602333068847656,0.5598222017288208,0.38706180453300476,0.2589386999607086,0.3381802439689636,0.0138382496919457,0.0031866083375364945,1039.782157229123,249.35146554812587,2427.40249757004,588.0037758231765,1319.5706750290024,487.8729776454449,0.018333771389211138,0.0040385951667194124,14.632415537229528,4.935151943433537,12.035324887322945,3.6451001386240094,15.885061017522016,3.479614417102396,20.57101942699774,3.800072162978906,17.75022190945288,2.6789405715331336,18.007961351714453,2.8210419569047116,18.352968653189883,1.523517884779593
no_vocals,225.0,230.0,-477.4917297363281,21.80963134765625,220.20626831054688,22.115121841430664,16.875408172607422,19.333887100219727,14.683206558227539,8.064809799194336,16.057626724243164,9.985321998596191,3.284715175628662,8.292370796203613,2.240072011947632,8.15963077545166,5.1309709548950195,7.405209541320801,2.470606565475464,8.229960441589355,7.774155616760254,6.64039421081543,9.066338539123535,6.371167182922363,-1.5990779399871826,7.818991184234619,-0.2919975817203522,7.383291244506836,0.6664610505104065,0.44711431860923767,0.2852717638015747,0.277143269777298,0.42530202865600586,0.36324208974838257,0.38220980763435364,0.7001486420631409,0.6149347424507141,0.5964008569717407,0.457416832447052,0.44721660017967224,0.0138315675972492,0.00281197633489109,1010.9600946619515,248.57833738498883,2406.941773650998,588.6425529050475,1324.8665440110208,459.77126313360657,0.01609742060614849,0.004471186180604095,15.250056675376365,4.801595969170568,12.025666590670562,3.256032958560339,14.840009113957384,3.380014682037639,20.482266765950794,4.026433543295204,17.50094341996111,2.7442146298967485,18.37517691492245,2.640254466787869,18.22311114455026,1.342371744585449
no_vocals,227.5,232.5,-459.8698425292969,20.67142677307129,225.51280212402344,20.24545669555664,13.507941246032715,18.45799446105957,13.413820266723633,7.475742340087891,17.467763900756836,8.724184036254883,4.7212700843811035,7.306667804718018,4.112382411956787,6.903029441833496,6.405708312988281,6.739039421081543,4.921756744384766,6.221730709075928,7.55502986907959,6.45019006729126,7.372111797332764,6.489391326904297,0.8005017042160034,6.0153632164001465,4.150900840759277,5.855610370635986,0.7554156184196472,0.5113121867179871,0.32493141293525696,0.29504314064979553,0.393842875957489,0.3739350736141205,0.39907586574554443,0.6660720109939575,0.5969817042350769,0.6338825225830078,0.4891670346260071,0.49611425399780273,0.01676686060357744,0.0035891259228999824,942.9330164923609,175.22929063200158,2260.0293743811303,535.1323257666011,1271.3083218532483,268.93027866243625,0.014964517473897912,0.003787354645519488,15.32189319291097,5.315363656190147,12.387569290298867,3.5048905479096644,14.70927523909082,3.1003720834006026,19.297939383206476,3.6628508017872448,17.583443691636578,2.795915185110718,18.11582669982474,2.7393535758921894,18.02849878477501,1.4975050854585679
no_vocals,230.0,235.0,-461.0205078125,21.95118522644043,225.26425170898438,19.62461280822754,16.73991584777832,16.754026412963867,14.597115516662598,8.011005401611328,18.485754013061523,9.30677318572998,5.491387844085693,7.806443691253662,3.0752346515655518,7.657874584197998,4.459335803985596,6.514129638671875,3.9665582180023193,6.541934013366699,6.829452991485596,6.629096508026123,5.907761096954346,6.180975437164307,-1.232225775718689,5.505363464355469,3.7581512928009033,5.776559829711914,0.7356175780296326,0.4253351390361786,0.24047547578811646,0.22963085770606995,0.31474676728248596,0.34720897674560547,0.4740133583545685,0.7642531991004944,0.5483852028846741,0.4694642126560211,0.3387449085712433,0.4454728662967682,0.017350817959228413,0.004085837052905108,934.0683378989756,173.41116802840966,2263.959752125977,518.7301059901024,1223.195851761891,258.31021784886843,0.01617219221287703,0.0040745241907756,13.917702646644294,4.795592721565223,12.481577649919927,3.685499279669307,16.178014927409478,3.7344096648535765,19.91998829665257,3.9541895130111517,18.10283154704576,2.699719013898101,17.840875729523773,2.50231900974648,18.163985526729064,1.4451436400793294
no_vocals,232.5,237.5,-471.07623291015625,21.39559555053711,226.52679443359375,20.520795822143555,18.714157104492188,16.82640838623047,12.38429069519043,10.513643264770508,18.366044998168945,9.364654541015625,6.281350612640381,7.983883857727051,1.3940761089324951,7.8337225914001465,2.2254576683044434,6.818009376525879,3.82391095161438,6.983309745788574,6.880282878875732,6.541533946990967,6.700081825256348,6.770837783813477,-0.21481218934059143,5.986844062805176,4.856132507324219,6.435654640197754,0.7148595452308655,0.4178382456302643,0.2664749324321747,0.27435538172721863,0.39151784777641296,0.3352523148059845,0.3971920907497406,0.7107106447219849,0.5051685571670532,0.4108191430568695,0.37874656915664673,0.5668673515319824,0.015943700464965297,0.003443830435189149,928.9393072117416,174.77777492890883,2263.9948104199125,510.72000385169605,1216.1513467952436,324.86873393162193,0.01695276247099768,0.0048918124940669355,13.770038418742628,4.4616890134182094,11.72753575657046,3.8045047808464916,16.57999363850369,3.5466421231485663,20.482618592815875,3.7755514725460197,18.621577605859766,2.640489962834927,18.099790317684647,2.694553072020107,18.108797760992093,1.575594883528991
no_vocals,235.0,240.0,-470.10015869140625,20.51809310913086,223.14878845214844,19.916873931884766,26.99183464050293,18.150318145751953,11.543171882629395,11.151773452758789,16.697298049926758,9.001838684082031,4.983025074005127,7.061801910400391,1.3849364519119263,6.7851667404174805,-0.2729533016681671,7.000159740447998,3.6965434551239014,7.157106876373291,4.458578109741211,6.266940593719482,5.352494716644287,6.0678863525390625,0.8003071546554565,5.770411014556885,6.99574613571167,6.106290817260742,0.5061851143836975,0.3346210718154907,0.25676876306533813,0.3518514335155487,0.71430903673172,0.5120779871940613,0.3433159589767456,0.5978277325630188,0.44149380922317505,0.3200445771217346,0.3093585968017578,0.457091361284256,0.016952853999910943,0.0044807375938893486,946.0244050216107,162.24133233722557,2394.051909647711,503.5779233806094,1141.1098825406032,265.40818939556823,0.016868927639211138,0.00488149673567345,14.458238449454356,4.435737611339572,12.06683631999002,3.6897990336191264,16.264018150157945,3.2455517558604576,19.834588152013268,3.480019673803403,18.603950950380117,2.850383678449098,17.575132946434213,2.70010343856993,18.578670348360653,1.7621387612042891
no_vocals,237.5,242.5,-472.5186767578125,20.467145919799805,224.5040283203125,23.457416534423828,29.527769088745117,16.362258911132812,13.521527290344238,9.810168266296387,15.738880157470703,9.809412956237793,4.301004886627197,7.08638334274292,1.9248039722442627,6.692992210388184,-0.5716745257377625,7.219545841217041,3.5372402667999268,6.974421977996826,4.847750186920166,6.377135276794434,5.978536605834961,5.428596496582031,4.060057640075684,6.233831405639648,7.129415035247803,5.850186824798584,0.4529578983783722,0.3351987898349762,0.2523530125617981,0.3448235094547272,0.7714526653289795,0.5357952117919922,0.2682148814201355,0.4395907521247864,0.418851375579834,0.5192130208015442,0.42236945033073425,0.40783578157424927,0.01741491296823437,0.004433518199164962,920.5750791376803,272.9145080172684,2302.5456425160532,644.9146993389762,1111.6328759425753,525.0916083460376,0.016141603828306265,0.0040560061809963984,16.197927995740304,5.303521821749981,12.21876471775217,3.850746535032368,15.947897717663675,3.1009461377712335,19.948041632231764,3.7795785907254804,18.542075032503192,3.173378870485051,17.255210767261968,3.1220651803086894,18.02287566805046,1.887448943351658
no_vocals,240.0,245.0,-474.83355712890625,22.60260581970215,227.47018432617188,29.736743927001953,20.595096588134766,21.056257247924805,16.929412841796875,9.449893951416016,19.529211044311523,11.607922554016113,5.120978355407715,7.212059020996094,2.891336441040039,6.572302341461182,0.9641845226287842,6.798763751983643,3.153909921646118,6.001345634460449,3.909679889678955,6.685348987579346,7.5209641456604,4.979400634765625,6.031395435333252,6.040743827819824,6.4132490158081055,5.887555122375488,0.703437089920044,0.48950982093811035,0.2961065173149109,0.2943810522556305,0.5173978805541992,0.4022066295146942,0.2849684953689575,0.47286441922187805,0.521670401096344,0.7133433818817139,0.5658680200576782,0.5250881910324097,0.016371253492168027,0.0043927641836001416,936.7355216880331,292.07955743243406,2263.1712800146192,783.9659764837558,1192.519780488689,371.1640389364056,0.016410101870649653,0.0037067742185150393,16.66411934329677,5.065944301791224,12.37868868441741,3.7568295515454935,15.364083376912797,3.41513244316821,19.523688435359993,3.7481861242562746,18.26671353984892,2.9576805671723982,18.29067322178825,3.214395357128789,18.14643041606125,1.6448228133205005
no_vocals,242.5,247.5,-459.12115478515625,22.796646118164062,239.7465057373047,28.409578323364258,-0.32410094141960144,23.449892044067383,19.821836471557617,6.459714412689209,22.355039596557617,8.357505798339844,1.2015846967697144,7.575368881225586,4.860289096832275,5.42036771774292,2.294858932495117,4.781856060028076,2.975257396697998,4.4967427253723145,3.6316840648651123,5.6241888999938965,6.812402725219727,4.791447639465332,2.761798858642578,5.669644832611084,2.1108100414276123,6.575526714324951,0.8135334253311157,0.5521854758262634,0.4053952097892761,0.3339928090572357,0.3487674295902252,0.3475697338581085,0.41052454710006714,0.6663093566894531,0.546684980392456,0.577235221862793,0.44909200072288513,0.5129594802856445,0.017648345379163176,0.004316182040331519,916.8175150630258,240.8306105623926,1991.6764998973808,743.8646901704861,1333.659684962297,321.37386200531125,0.01724958309164733,0.0036961738615015017,15.30758031947378,4.796403497166313,12.627545298498008,3.2679483938449843,14.833182694482431,3.219303062636591,18.912903658495935,3.5293155346112317,17.663928009596816,2.588852013915344,20.26622859743093,3.1389251560384137,19.47376126952426,1.8295933740091663
no_vocals,245.0,250.0,-456.6325378417969,23.611404418945312,234.4262237548828,29.839599609375,2.9341578483581543,26.19418716430664,17.82467269897461,6.999330520629883,15.856953620910645,8.153165817260742,-2.710949420928955,6.1306562423706055,1.029104471206665,7.320685863494873,0.5720902681350708,5.232764720916748,5.150670528411865,4.918807029724121,6.012537479400635,5.083545207977295,6.841622352600098,5.256811618804932,-1.0175851583480835,4.852524757385254,-0.8128435611724854,5.327763557434082,0.7080624103546143,0.4674283266067505,0.41031208634376526,0.30428603291511536,0.2531889081001282,0.2730264365673065,0.4278426468372345,0.8029781579971313,0.5344107747077942,0.4690679907798767,0.35607972741127014,0.485993891954422,0.01595354511828233,0.00456577318712087,1032.0287542675626,411.0207551230629,2181.9974988332197,856.8574967889169,1442.125077037413,958.4160902128785,0.019891513196055685,0.005414707172487936,13.994031682939177,4.986411472153063,12.332019054081414,3.4763991082080477,15.189875319564937,3.2683873413219486,19.91555289489016,4.039391188489788,17.116498232759348,2.533493168662328,19.860409855357595,3.64837564580588,19.494244771761014,1.535990699528794
no_vocals,247.5,252.5,-472.86871337890625,24.78387451171875,212.74485778808594,27.417949676513672,25.06430435180664,21.962011337280273,18.97681427001953,9.013928413391113,13.478528022766113,8.496488571166992,-0.5497010946273804,6.945710182189941,-2.6466896533966064,7.553712844848633,0.44093573093414307,6.028186798095703,4.960640907287598,6.256558895111084,6.28923225402832,6.2571306228637695,6.915339469909668,6.367639541625977,-3.1627631187438965,5.651585578918457,-0.7105698585510254,6.35831880569458,0.6450573205947876,0.4264809489250183,0.320688933134079,0.30469781160354614,0.4344193935394287,0.34010517597198486,0.40230467915534973,0.7793041467666626,0.5154542326927185,0.38155657052993774,0.29735520482063293,0.43116065859794617,0.013453022982026266,0.0038838211688063205,1137.5204122167981,407.31969751374555,2670.6637456885123,777.6458844317865,1345.5504096577727,997.2782284787469,0.018972728755800465,0.006337280888086095,13.584711858947609,4.516840601306599,11.588479847434963,3.5731304308274026,15.120369867665655,3.1790011999102155,20.89505666466143,3.90967534618534,16.771294487608817,2.589189751470861,17.736062502634773,3.0210338630284803,18.570849598762553,1.4070211643130919
no_vocals,250.0,255.0,-477.61767578125,19.960445404052734,218.84161376953125,24.26793098449707,24.46718978881836,17.73971176147461,17.071365356445312,10.324975967407227,15.21108627319336,10.569250106811523,1.665364146232605,6.063055038452148,-0.45108669996261597,7.8141961097717285,4.402627944946289,6.969313621520996,6.074842929840088,7.6653218269348145,8.26668643951416,7.207493305206299,8.340621948242188,7.588508129119873,-2.708301544189453,5.978762149810791,-0.8323009014129639,5.917059898376465,0.6258453130722046,0.4401191771030426,0.3052169978618622,0.31703680753707886,0.5027922987937927,0.39029234647750854,0.39223891496658325,0.7025373578071594,0.5691806077957153,0.5160292387008667,0.3922230303287506,0.42789226770401,0.014798687323668578,0.0029665610409582888,984.2136386219237,220.9307824989891,2418.195568850775,587.5059797968077,1181.1786271026683,349.6790454543958,0.015557025812064966,0.004702150992224489,15.39040979083624,4.693768455513385,11.853112129968599,3.5195622082599063,14.779292390080833,3.3214142712870682,21.12685943888175,3.690176098559667,17.69785809057794,2.7455069941577293,17.89359849339654,2.9784375704212915,18.046222104256074,1.4968173327102365
no_vocals,252.5,257.5,-476.9046630859375,20.887680053710938,225.34722900390625,20.14580726623535,18.950145721435547,17.04846954345703,12.742802619934082,9.740498542785645,17.361669540405273,11.687297821044922,4.43245267868042,7.706051826477051,2.820838689804077,8.111254692077637,6.281921863555908,6.901492595672607,8.015286445617676,7.3258233070373535,9.037062644958496,6.740743637084961,10.714030265808105,7.235383987426758,-0.28911808133125305,5.842427730560303,1.7710387706756592,5.6043267250061035,0.7032111287117004,0.46309006214141846,0.2966940104961395,0.2700737714767456,0.36322221159935,0.3147366940975189,0.3621143102645874,0.628879725933075,0.6027170419692993,0.665739893913269,0.5075604915618896,0.5087921619415283,0.016110286197631583,0.002841215128969257,904.2614630242891,151.49497174216785,2267.23387883216,440.4147114158936,1183.526795424884,269.0324218792615,0.014545343314965197,0.004328246594106925,16.275326404638726,5.66118465015814,12.931911288805267,3.4759875886089806,14.853190650840197,3.192062216805972,20.77962166608333,3.38145289110523,18.29545038361498,2.4604068938904784,18.347307327762607,3.0561317888866126,18.386176785392234,1.4621574888559696
no_vocals,255.0,260.0,-473.3755798339844,20.8406925201416,224.49974060058594,18.76219367980957,17.228084564208984,15.067782402038574,12.9287109375,9.136775016784668,19.753467559814453,10.739307403564453,8.19672679901123,8.617593765258789,2.565776824951172,7.541572093963623,3.620481491088867,6.619593143463135,6.958273410797119,6.327751636505127,8.328371047973633,6.008727073669434,9.08725357055664,6.2350640296936035,-0.014712375588715076,5.501447677612305,3.6524617671966553,5.776853084564209,0.7803170680999756,0.4836578965187073,0.27569422125816345,0.25951340794563293,0.35391804575920105,0.33847519755363464,0.3962891697883606,0.6233529448509216,0.5218246579170227,0.52857905626297,0.3806129992008209,0.4440561830997467,0.01644554454833269,0.0032593476341860636,910.2500271191332,163.46378190051144,2254.176662325028,444.0222105256006,1217.3004504422854,286.53757292422966,0.015227351000580047,0.004229565144685771,14.466256482710259,4.727663061394866,12.946209630960245,3.596812078647956,16.180967939063034,3.665462444106701,20.312255071752872,3.463380585604571,18.656965370059577,2.6972312682612243,18.136174606777995,2.851137696668956,18.161492649559086,1.6252219293637533
no_vocals,257.5,262.5,-468.2327575683594,19.170867919921875,226.72520446777344,19.781858444213867,18.29063606262207,14.983407020568848,9.799254417419434,10.129788398742676,17.63654136657715,11.03528118133545,8.22137451171875,7.79896354675293,0.9759786128997803,6.39756441116333,1.4129658937454224,6.126346588134766,6.081387042999268,5.688742160797119,7.491463661193848,5.8152055740356445,5.594924449920654,5.70233678817749,-2.293398141860962,5.2759294509887695,3.118626832962036,6.075763702392578,0.7339950799942017,0.4192187786102295,0.23992247879505157,0.21672792732715607,0.2745310068130493,0.29657167196273804,0.4213792383670807,0.7040125131607056,0.4924663007259369,0.40431153774261475,0.3267127573490143,0.5116201639175415,0.01593563490246883,0.003306042911828939,946.5613431026012,187.09991411793214,2277.431789134353,490.2090514019654,1224.9444877465198,275.3524004545229,0.017627972737819027,0.003986256793695059,13.550433143804252,4.7215348457663895,12.628730862085572,3.7502804489214485,16.585178459668338,3.536683248861389,20.062877324382704,3.4259280649758814,18.66132191553503,2.708979535364256,17.933780178658328,2.8972218507887515,18.12943914286904,1.511001313789032
no_vocals,260.0,265.0,-461.3619384765625,18.850196838378906,231.66090393066406,21.000011444091797,18.406295776367188,16.182437896728516,6.394082069396973,9.717366218566895,16.956735610961914,11.013237953186035,9.17886734008789,7.024809837341309,0.9862212538719177,7.344607353210449,-1.099656581878662,6.837919235229492,2.8673441410064697,7.174617767333984,5.0646820068359375,5.584798336029053,4.5482611656188965,6.137129783630371,-2.7802233695983887,5.915069103240967,2.9741642475128174,5.899661540985107,0.6383150219917297,0.35459449887275696,0.24172833561897278,0.2976735234260559,0.5101688504219055,0.36782094836235046,0.3391224145889282,0.6037226915359497,0.4289039969444275,0.34315967559814453,0.356080561876297,0.607560396194458,0.016542385530003333,0.004633763264461896,954.4812873840416,223.2759811278457,2239.8641809204964,558.3899882670919,1277.8532165385732,342.2177477253059,0.018820919736078887,0.003992729326075738,13.238688347405903,4.5748230284906475,11.535945586667141,3.65644878140386,15.589986828268001,3.3390829529954953,19.25753790188634,3.669081778985668,19.052268802631392,2.9305299535195624,17.85563878037409,2.9317092315765523,18.464110235202526,1.4197059478829084
no_vocals,262.5,267.5,-463.81939697265625,19.02715492248535,233.49343872070312,19.43232536315918,21.07306480407715,16.02692222595215,8.795656204223633,9.075458526611328,18.155536651611328,10.572976112365723,8.796611785888672,8.045268058776855,0.1488722562789917,7.5630011558532715,-2.53782320022583,6.209181785583496,0.5437515377998352,6.475658416748047,2.643256902694702,5.824921131134033,4.103481769561768,5.949954509735107,-1.2578394412994385,6.01874303817749,2.627535104751587,6.210488796234131,0.409414142370224,0.25163379311561584,0.18964901566505432,0.36045530438423157,0.8417237997055054,0.5559229850769043,0.2490481734275818,0.397990882396698,0.34254196286201477,0.3416594862937927,0.3064923584461212,0.3878833055496216,0.018270666531682567,0.004735891334669306,902.7474742045018,189.93949715384542,2144.633898554049,483.3193690113862,1188.5728592662413,320.0691024986709,0.018089064312645012,0.0036665870372803236,13.680065547685917,4.300760315249319,11.572249603376717,3.394143279047104,15.45137877266652,3.338843370159736,18.958513418344534,3.620482763636169,19.308518496772116,2.908166745876701,18.00077212988728,2.947292638048619,18.289269215439827,1.5140413077591557
no_vocals,265.0,270.0,-475.08538818359375,19.509235382080078,230.7064666748047,19.5401554107666,24.284072875976562,15.020614624023438,11.638151168823242,8.803625106811523,18.905597686767578,10.666638374328613,7.455442905426025,7.836089134216309,-0.002865731483325362,7.80481481552124,-2.7020938396453857,6.1613898277282715,0.5730119943618774,6.236285209655762,3.0784478187561035,6.246326446533203,6.6939778327941895,6.936315059661865,2.0668070316314697,5.590025424957275,2.9094557762145996,5.724963665008545,0.40432509779930115,0.269465833902359,0.17218555510044098,0.31815552711486816,0.7633633017539978,0.5703107118606567,0.23373427987098694,0.3659059405326843,0.4283830225467682,0.5906617641448975,0.441816121339798,0.33920857310295105,0.01695795306339514,0.0045894598308032905,891.6045139817347,163.30168380896785,2192.8962319550214,463.9338217397691,1133.7156503770302,269.9997874247145,0.017452372752320186,0.003432617597878378,14.654954344624533,4.5589206654167915,11.774707672835694,3.0673972106679015,15.672739483952997,3.3204186012363492,19.81145107685841,3.709043160969996,19.363093821972768,3.1737934594475514,18.06239910862428,3.253886065180238,18.438945774067882,1.354040296300278
no_vocals,267.5,272.5,-463.06610107421875,28.126312255859375,236.66061401367188,18.579036712646484,10.120491981506348,20.326282501220703,15.346896171569824,8.490338325500488,19.42397689819336,9.15964126586914,7.775198936462402,7.0020856857299805,2.083674907684326,7.100719451904297,-1.321955680847168,5.822818756103516,1.6415209770202637,6.441431045532227,5.153766632080078,5.666759490966797,9.698627471923828,5.942844390869141,2.9486324787139893,5.206679821014404,2.4441821575164795,4.652780055999756,0.7324607968330383,0.47522851824760437,0.2839619517326355,0.31897953152656555,0.5235047936439514,0.4736696183681488,0.3643682599067688,0.5565958023071289,0.5315954685211182,0.668703556060791,0.49114668369293213,0.4620664119720459,0.018001945531579154,0.00503282139130932,858.3044770924462,167.53659215449375,1965.7633426763468,477.6778251456908,1236.0358359918794,302.14846186727044,0.017008274724477957,0.0038267012769847516,15.03290088946654,4.833235892397023,11.834776845305207,3.3432955017874435,15.460967236310283,3.3529056574296634,19.468660257796607,3.8293986181096438,18.68719325712875,3.1417785738122053,18.890663516097913,3.0833311623263833,19.035325039744574,1.8598832703111106
no_vocals,270.0,275.0,-431.1436767578125,22.682348251342773,237.6279754638672,11.695175170898438,-1.0741983652114868,13.176617622375488,13.43198299407959,6.603994846343994,20.425424575805664,6.496249675750732,3.4123222827911377,5.899576187133789,3.545877456665039,5.087096691131592,0.13370448350906372,4.532866477966309,2.8550515174865723,5.253517150878906,6.213531494140625,4.851647853851318,7.853080749511719,4.691319465637207,1.777326226234436,4.445039749145508,1.215778112411499,4.549795627593994,0.7175894379615784,0.4871360957622528,0.48362472653388977,0.3673378825187683,0.35502827167510986,0.386839359998703,0.4888804852962494,0.7784797549247742,0.5671897530555725,0.5346688032150269,0.3906974494457245,0.48849329352378845,0.02060677290498657,0.004292447335815709,855.7822880955767,132.8716790990709,1727.3721914904627,291.7812120520169,1369.8814303581787,285.27797811974875,0.018215949463457077,0.004276675562098799,15.996767859759489,4.851971154736584,12.284812213125718,3.3078966496635176,14.84233771817498,3.3651149299223744,18.639956914204586,3.1829698481461337,17.777370997581553,2.159234680956935,19.849705742380195,2.489436095335669,20.303389125690266,1.9101371010491688
no_vocals,272.5,277.5,-441.5306396484375,27.662086486816406,230.32225036621094,16.32782745361328,8.964007377624512,18.500436782836914,12.330351829528809,8.74739933013916,16.96131134033203,8.169906616210938,5.113002777099609,6.70287561416626,3.84924578666687,6.80643367767334,1.6126905679702759,6.0580925941467285,6.894085884094238,6.403572082519531,7.93658971786499,5.819222927093506,6.9236979484558105,5.494700908660889,0.9266061186790466,5.1071062088012695,2.5959815979003906,5.120976448059082,0.6359784603118896,0.4980384409427643,0.5525323152542114,0.46044066548347473,0.4705968499183655,0.4188655614852905,0.47553691267967224,0.8515511751174927,0.6158753037452698,0.4731660485267639,0.3896467983722687,0.5060497522354126,0.019743305233387135,0.004662178623159219,885.9954627773768,155.56598788857409,1982.6911529830054,445.726838002928,1310.3278848245359,327.4004154622589,0.01660269540313225,0.00489633184507952,15.506689990390928,4.811029228226546,12.12291941740639,3.3492411370633746,14.644692607563467,3.4020983008504824,18.98450770756102,3.6653123565539287,17.878641665005855,2.5142366530328855,18.429976537740963,2.788549494521545,19.41114639527539,2.3850252005560946
no_vocals,275.0,280.0,-461.22503662109375,22.603097915649414,228.06288146972656,17.100421905517578,21.2823429107666,15.108442306518555,5.155844211578369,12.183793067932129,14.587993621826172,10.046327590942383,6.499908924102783,6.949400901794434,3.4030888080596924,8.408174514770508,5.096251010894775,6.46099853515625,9.73408317565918,6.0939435958862305,7.427927017211914,6.481895923614502,5.383059978485107,5.788280487060547,1.2058230638504028,6.162600040435791,2.9540250301361084,4.905001163482666,0.7113582491874695,0.5050179958343506,0.3826904594898224,0.3780697286128998,0.5270410180091858,0.40154144167900085,0.39419588446617126,0.7323781251907349,0.585726261138916,0.5560773015022278,0.4700509309768677,0.5203429460525513,0.017548015898659723,0.00395333254999411,905.9226621596996,174.54210100703182,2212.052957750484,404.57189979304064,1225.194292887181,400.35738623752604,0.016003389646171692,0.004687984372110115,14.875079834140628,4.800000467731927,12.290630393960898,3.5458237812839695,14.761252889467581,3.260381098648406,19.009814570078962,3.679956718626973,17.772465039879968,2.819776363963517,17.769631922916414,3.0635102687726454,18.31125759388777,1.7136816621237392
no_vocals,277.5,282.5,-458.7176513671875,19.88102149963379,231.01095581054688,18.521068572998047,7.846001148223877,21.41499900817871,4.7483062744140625,11.359355926513672,15.760345458984375,10.592153549194336,4.881564140319824,7.5531005859375,0.41416001319885254,7.702657222747803,5.7953667640686035,6.7192463874816895,11.519654273986816,6.9620256423950195,6.889427661895752,6.620570182800293,4.596997261047363,5.533015251159668,2.3569624423980713,5.61186408996582,3.464820623397827,4.721378326416016,0.7509294152259827,0.4907654821872711,0.33953818678855896,0.3115837574005127,0.4635348320007324,0.36078599095344543,0.3332225978374481,0.6457141637802124,0.594874918460846,0.6491211652755737,0.5378146767616272,0.5498055815696716,0.015482338893026321,0.0029740119576342427,992.8114610337782,155.0333485440555,2207.4926205475244,405.88080599836695,1488.5388721722738,401.385880146562,0.018775603610788862,0.005090735489990359,14.580185768839948,4.9778730362508,11.797013616269505,3.7588150508951217,14.378818005426123,3.2837226033630964,19.549435690944183,3.6877131960785037,18.35344490429214,2.78377935596513,19.443455746617563,3.4121722582363585,18.667552114546865,1.6062032997811229
no_vocals,280.0,285.0,-468.4471435546875,24.137428283691406,221.79574584960938,19.578615188598633,7.438530921936035,19.9219913482666,12.271214485168457,10.617570877075195,19.29776382446289,9.969334602355957,3.442636013031006,8.987870216369629,1.3161543607711792,7.598789215087891,6.167277812957764,6.963960647583008,11.35374641418457,7.468371391296387,7.858702182769775,6.294804096221924,5.136980056762695,5.720790863037109,1.4352883100509644,5.53232479095459,3.5244688987731934,5.251775741577148,0.8449698686599731,0.5925751328468323,0.4093998968601227,0.4006912112236023,0.5516849756240845,0.452421098947525,0.39373815059661865,0.6894381046295166,0.5553849339485168,0.4865640103816986,0.4380055367946625,0.5343197584152222,0.014577218167172645,0.0028223267779634415,1000.90327341699,180.35965797023388,2310.000354973298,468.8812895402465,1465.3569551189096,433.317408969887,0.016955028277262182,0.005323150767163654,12.62646080786518,4.941713896577857,10.251476344207864,3.4827394507509495,14.798921554442819,3.447139856032356,20.279319144844177,3.7136859271512788,18.257356483341376,2.8327326028779822,19.43018989773493,3.3217206391105756,18.427880508489572,1.7321873533232905
no_vocals,282.5,287.5,-491.6833801269531,22.310110092163086,214.57472229003906,18.86651039123535,14.704288482666016,16.180143356323242,15.427897453308105,8.30260181427002,16.833740234375,10.907257080078125,2.6403841972351074,9.217156410217285,3.168771505355835,7.678115367889404,7.817127704620361,6.917438983917236,7.742099285125732,6.904932498931885,5.5798516273498535,5.778107643127441,5.717342853546143,5.768094539642334,-0.6457417011260986,5.878057956695557,2.7248575687408447,5.579152584075928,0.8727676272392273,0.56440269947052,0.38965198397636414,0.43588870763778687,0.5861700177192688,0.4659770429134369,0.416016548871994,0.6892805695533752,0.47206640243530273,0.3456178307533264,0.31140992045402527,0.44017818570137024,0.012030989526967645,0.003051870608738796,1003.7916263274335,181.02051117363186,2466.673795182012,462.4912511514768,1322.3185315762762,310.2133544666279,0.015950143198955918,0.00424423617822264,11.21557604936054,3.8543068513897243,9.529525229706447,3.0923923598885774,15.363646318175604,3.494851116287499,20.28251394562408,3.932318899666309,17.700084664323345,2.5631968945008574,18.846971929684578,2.9501134460852008,18.29441842589284,1.653690621729296
no_vocals,285.0,290.0,-502.60125732421875,21.242080688476562,206.73995971679688,22.11060333251953,17.808015823364258,18.209245681762695,17.267807006835938,8.058548927307129,14.212485313415527,11.052705764770508,3.8346431255340576,8.34770679473877,4.865440368652344,7.266749858856201,10.015083312988281,6.505008220672607,6.856112003326416,6.541440963745117,3.3426718711853027,5.833498001098633,4.74796199798584,6.22015380859375,0.7843247652053833,5.976017475128174,3.1791725158691406,5.75204610824585,0.8526283502578735,0.64029461145401,0.5191107392311096,0.5291519165039062,0.6485779285430908,0.492794394493103,0.41830137372016907,0.6556337475776672,0.4900514781475067,0.40110528469085693,0.4167885482311249,0.5305806994438171,0.010781934173678301,0.002701664025423678,1081.567628699831,233.92718864714823,2648.7702740966547,594.0443252623759,1394.5621782555104,386.0232687668837,0.013500806627030163,0.006186887419886492,13.658595084901478,5.647636405451264,9.206176768397738,3.0241924102540803,15.053079445621131,3.5922089269968476,18.974532527149613,3.7774150520947205,17.72482343780909,2.6310974998317924,18.837895209465973,3.486478383253649,18.01362270915328,1.7221720753204368
no_vocals,287.5,292.5,-502.54534912109375,21.398208618164062,199.73219299316406,23.383926391601562,18.220693588256836,19.118497848510742,15.886855125427246,11.667346000671387,9.39188289642334,13.517125129699707,4.054183006286621,8.084342002868652,6.466988563537598,7.81441593170166,11.41714096069336,7.568187236785889,7.93691349029541,6.354042053222656,1.005684494972229,5.961282730102539,4.645763397216797,6.541544437408447,1.9737098217010498,5.826444149017334,3.2497060298919678,6.035048007965088,0.8089091181755066,0.6464744806289673,0.6437867879867554,0.5620458722114563,0.5635794997215271,0.41544273495674133,0.426595538854599,0.7192620038986206,0.46543043851852417,0.4138873517513275,0.5117483735084534,0.6875497698783875,0.010572511395936499,0.0032409809293703854,1259.2945569873,516.4722755308502,2873.5565868999015,617.9567069565594,1717.859991299304,1232.1330596248968,0.014583862021461717,0.016764953802514235,16.966002774238838,5.022312080754942,8.418513458588034,2.8404235443846684,14.586815533274232,3.220070307269749,18.853553057462776,3.667177722770391,17.81143250282368,3.0741492354022113,18.891426478200568,3.423668720978045,18.65445670521235,2.92619261091619
no_vocals,290.0,295.0,-501.3890075683594,23.546152114868164,201.72296142578125,21.173770904541016,11.837746620178223,18.2059326171875,11.430497169494629,12.003927230834961,7.021438121795654,12.170902252197266,1.44643235206604,7.7406487464904785,6.563796043395996,7.507750988006592,14.083990097045898,8.052895545959473,8.870651245117188,6.211650848388672,0.9991039633750916,6.268415927886963,4.161394119262695,6.237366199493408,-0.9958659410476685,6.470161437988281,0.8108578324317932,6.609896659851074,0.7946699261665344,0.6002100110054016,0.6628580689430237,0.48246443271636963,0.41770505905151367,0.34627971053123474,0.4438456594944,0.741786003112793,0.4296303689479828,0.3905631899833679,0.46656784415245056,0.6769432425498962,0.010029251515441802,0.0031221976275934114,1287.1644920074539,497.51400611957826,2808.353601672743,571.5644165966236,1799.6461943517982,1213.4843453443514,0.016940300536542923,0.016579015296440774,17.184806558422675,4.268260149587856,8.371850321210854,2.9026713629829626,14.814449923341018,3.73202840396973,19.86978160205565,3.5297546802909774,18.115439021624056,3.19950297942726,19.63895103056409,3.240418617158161,18.737385229120765,2.865540305604319
no_vocals,292.5,297.5,-494.1796569824219,21.375293731689453,216.20892333984375,19.68654441833496,6.380528450012207,16.146093368530273,10.28538703918457,7.828224182128906,10.260783195495605,7.775753974914551,-0.649551272392273,5.960904121398926,8.079334259033203,6.404195785522461,16.79691505432129,6.14859676361084,8.093836784362793,6.556689262390137,1.0467302799224854,6.406504154205322,2.3094334602355957,5.7021050453186035,-1.7237708568572998,5.417742729187012,0.40870946645736694,5.552321910858154,0.7996792197227478,0.6405974626541138,0.6679717898368835,0.5892828702926636,0.48058590292930603,0.44577330350875854,0.41589900851249695,0.6192595958709717,0.5528267025947571,0.6384280323982239,0.5495085716247559,0.5622307062149048,0.011741353329616813,0.003073467261451935,1052.0849108895125,198.07766770906088,2422.9774265916776,517.8674982988431,1420.9416011093388,247.26487615302247,0.014456976870649651,0.005757026484937267,16.000875521261968,3.5195577686274855,9.662789824990346,3.6303260597740534,14.393875203435256,3.2298792421372244,19.06344852055678,3.426588082030977,17.49469034870723,2.768397392443808,20.14521360693329,2.938957768784005,18.736094515405487,1.5659736455233761
no_vocals,295.0,300.0,-502.4248962402344,26.90342140197754,213.83958435058594,21.630311965942383,8.502985000610352,15.850112915039062,9.523192405700684,8.42259693145752,8.140252113342285,9.975353240966797,-0.8347813487052917,7.884573936462402,9.79596996307373,6.815479278564453,18.220773696899414,6.332057952880859,8.663508415222168,6.901224136352539,-1.2922797203063965,6.7103657722473145,-0.029599856585264206,6.73454475402832,0.719318151473999,4.923399448394775,3.459688663482666,5.100528240203857,0.7530047297477722,0.5957712531089783,0.6077333688735962,0.5747258067131042,0.5630059242248535,0.5549296140670776,0.45545050501823425,0.5028753280639648,0.5330334305763245,0.7991286516189575,0.6082345843315125,0.47549501061439514,0.010396116600088826,0.0030963058118225074,1079.8260320899408,302.83556983513154,2498.414028111378,586.3269662435988,1480.6450297273782,768.8733233893446,0.01576208127900232,0.005958377124430329,15.314664782886235,3.996287251966943,10.076773920987943,3.360119784527517,14.505708479923651,3.2677349219958907,18.5943388481902,3.5189609239790642,16.970322896556926,2.520510249218173,19.980314417187135,2.818049903060553,18.513833965486604,1.652831089803677
no_vocals,297.5,302.5,-515.3721923828125,20.53181266784668,211.1566619873047,20.58099365234375,13.106181144714355,15.77160930633545,3.457857131958008,10.312451362609863,3.0785610675811768,10.618494033813477,-1.0517809391021729,8.058167457580566,9.942086219787598,7.741861343383789,18.75575828552246,6.6193928718566895,9.821537017822266,7.2589921951293945,-2.8911821842193604,6.124302864074707,-0.9523440003395081,6.599025249481201,0.76718670129776,5.409923076629639,5.404689788818359,5.354574203491211,0.7697271704673767,0.4487155079841614,0.4721575677394867,0.4359326958656311,0.5746894478797913,0.5311615467071533,0.37144050002098083,0.37986740469932556,0.4829235076904297,0.7333128452301025,0.4284364879131317,0.43624380230903625,0.007974046467222152,0.0018752005225588554,1175.691090462099,304.9370259380175,2659.5542543997976,543.5238063878346,1525.5599940182715,785.1471566148447,0.019867722230278422,0.008366606449505666,15.02113091448836,4.26758807051424,10.219373423229465,3.229432021344245,14.319668366804864,3.2793082251849417,19.23997234257078,3.4596888580317837,16.964105656187396,2.658886976860174,19.611748995598454,3.095163221354327,18.176147915577534,1.4558315417880245
no_vocals,300.0,305.0,-517.6179809570312,20.389253616333008,210.8513641357422,22.013519287109375,15.654985427856445,17.50708770751953,3.724126100540161,10.537413597106934,3.2150094509124756,9.942253112792969,-1.150351643562317,7.276110649108887,8.696196556091309,7.599998950958252,17.131080627441406,6.689319133758545,9.711517333984375,7.173171043395996,-1.486752986907959,6.263896942138672,0.3993648290634155,5.861238479614258,0.6149831414222717,5.222514629364014,6.225540637969971,5.340398788452148,0.7388489842414856,0.3942074477672577,0.3347027897834778,0.3754200339317322,0.6084079146385193,0.5375617146492004,0.3642731308937073,0.37871572375297546,0.47483858466148376,0.7422138452529907,0.3904373347759247,0.3813190758228302,0.007315248604258847,0.002164459730387274,1216.7000365142785,266.5929135921505,2744.527205597319,590.8501751898316,1517.0166582076565,448.07654411455707,0.021002891168793503,0.007531217425193464,13.98907416079376,3.809838721622781,10.197255913911563,3.264057523538185,14.097230460178972,3.015253166891564,19.28593582304774,3.3656608906015126,16.809406925614905,2.7445381235849746,19.03698465326559,3.1493158246442263,18.252210752890104,1.4118981852897845
no_vocals,302.5,307.5,-513.4425659179688,26.037837982177734,207.19801330566406,24.14301300048828,9.051141738891602,22.5173282623291,3.539686441421509,11.911097526550293,1.527416706085205,11.198246002197266,-4.556131839752197,9.789651870727539,4.602921485900879,7.251558780670166,11.08388614654541,8.18078327178955,3.6473584175109863,9.148015975952148,-2.60475492477417,7.836278438568115,0.31372949481010437,6.430791854858398,-0.466350257396698,6.022797107696533,2.59808611869812,7.097079753875732,0.6967434287071228,0.3618602752685547,0.3301186263561249,0.39099985361099243,0.6292858719825745,0.47844210267066956,0.33048689365386963,0.4278647303581238,0.43257272243499756,0.6935749053955078,0.3248651325702667,0.35466212034225464,0.006014947519095273,0.001526235413688592,1387.6982217657412,329.92447811218835,2875.0574940178153,704.6655705464311,1786.7562490936775,677.845320757345,0.026686666183294662,0.009169885352952432,11.429907829700928,3.5243381279826513,9.270886245247368,3.3120593675667216,14.015392156269847,3.1808957445454773,19.04237031401843,3.564217329010932,16.790112734116953,2.717968914217826,19.150017620770708,3.4898445335106425,18.20280334941175,1.4936949635655683
no_vocals,305.0,310.0,-497.4483337402344,23.8592529296875,212.3556365966797,24.25393295288086,5.499807357788086,21.134275436401367,4.878411293029785,13.061989784240723,4.302649021148682,13.059761047363281,-5.634764671325684,8.907499313354492,3.9384448528289795,6.513182640075684,9.096840858459473,8.169754028320312,2.0950706005096436,8.47701358795166,-0.46625322103500366,8.611159324645996,4.374762535095215,8.302566528320312,0.5383450388908386,7.154056072235107,0.13919265568256378,6.549740791320801,0.7736037969589233,0.4346355199813843,0.42126062512397766,0.4398309588432312,0.6246115565299988,0.43418920040130615,0.3471244275569916,0.5488573908805847,0.4237760603427887,0.5725250840187073,0.3452601134777069,0.45146727561950684,0.0074617208009736995,0.002713696018159395,1336.887311764369,377.7378235174567,2747.2243844794652,727.1886270173021,1799.9959215487238,751.5000708342766,0.027197605495939674,0.00929263695820306,10.269030359885491,3.824758886982854,9.012424430285247,2.9107953509391566,12.839742375377691,3.0522042846077735,18.871325389671973,3.4324699261906764,17.54482049204636,2.6734592031339792,20.48353447044452,3.6808084679556567,18.419476522534264,1.516494689357858
no_vocals,307.5,312.5,-506.9576110839844,24.58121109008789,208.48678588867188,24.732378005981445,14.715448379516602,16.982667922973633,12.060648918151855,9.928940773010254,8.891193389892578,11.615952491760254,-1.102163553237915,6.625011444091797,6.273910999298096,7.6500983238220215,11.766179084777832,8.43291187286377,7.442225456237793,8.058269500732422,5.206631183624268,6.401782989501953,7.297563076019287,6.309921741485596,2.1262316703796387,6.584731578826904,1.8522838354110718,5.906857967376709,0.8331829309463501,0.5447707772254944,0.45552659034729004,0.4824672043323517,0.6889682412147522,0.4862781763076782,0.39168837666511536,0.656892716884613,0.4648774564266205,0.3970673978328705,0.35743391513824463,0.4667499363422394,0.008421389403344583,0.001978528726830187,1182.4584622378652,319.20417035115406,2713.6070328722026,683.1967684530758,1544.3953016241298,594.1553047449202,0.019760096432714615,0.00630754356775591,11.420627336591856,4.209554807645265,9.159805050628787,3.147456546529496,13.343224240622174,3.2677148771448463,19.84911600722868,3.388379902087437,17.836726393124998,2.819299708638214,19.878925070027044,3.6499843532424348,17.919264666873094,1.461973132063419
no_vocals,310.0,315.0,-512.2463989257812,19.94416046142578,206.82359313964844,24.783226013183594,10.613454818725586,17.6457576751709,11.192482948303223,8.251398086547852,10.787210464477539,10.71622085571289,0.7864876985549927,6.282158374786377,5.4164252281188965,8.267751693725586,10.000056266784668,8.091729164123535,6.701852798461914,7.6853461265563965,4.658595085144043,6.6448974609375,4.239011287689209,5.464944839477539,0.1142851784825325,6.016622543334961,1.5946948528289795,5.1909499168396,0.7955819964408875,0.5037131905555725,0.4078691303730011,0.4658333659172058,0.696131706237793,0.47431910037994385,0.38668107986450195,0.6694112420082092,0.4324653744697571,0.30038946866989136,0.2655317783355713,0.4024278223514557,0.008031556047844914,0.0012728087847506124,1206.3615148906554,282.66372085488814,2730.3108331744083,686.672005428221,1636.0238272186775,452.86383493368055,0.017654029509860787,0.005323173672646925,12.487852241313975,3.9569878189702252,9.233463942707683,3.3157049139223562,14.412636196281095,3.2144312056378883,19.767137367976186,3.71539888911317,18.258117956298708,2.909468857293574,19.085145693482183,3.479290844159664,17.97218247571569,1.5212617573683351
no_vocals,312.5,317.5,-500.9707946777344,18.698909759521484,212.48402404785156,23.692941665649414,4.713301658630371,16.961673736572266,10.793181419372559,8.317666053771973,14.575736045837402,8.104767799377441,2.131164073944092,7.606911659240723,5.347746849060059,6.508799076080322,10.881285667419434,7.9579315185546875,5.508109092712402,6.398130893707275,4.675171375274658,6.366721153259277,3.7117865085601807,6.010669231414795,-0.6827861070632935,5.474244117736816,1.2969950437545776,5.6117963790893555,0.8456876277923584,0.6477667093276978,0.5851878523826599,0.5525484085083008,0.6109866499900818,0.4560900330543518,0.41626471281051636,0.6715709567070007,0.4565233588218689,0.37124010920524597,0.3891617953777313,0.5662779211997986,0.010812835914802385,0.0026209231340443644,1124.464499183241,285.31786691957086,2527.2348634651557,664.9848395342873,1645.0168122824825,508.5932642668081,0.012661325406032483,0.005909476419271497,16.233282801684734,4.70144864510066,9.469781030772381,3.1649660171922216,14.523230744570053,3.559249711157675,19.07786879253501,3.721805378014942,18.269337009201724,2.839542847842085,19.335255707774508,3.3831651942639587,18.27022747397354,1.7589979039427823
no_vocals,315.0,320.0,-494.45831298828125,22.50527572631836,216.5499267578125,20.88100814819336,-3.1782515048980713,20.161415100097656,3.5824062824249268,12.275568008422852,12.813499450683594,9.857369422912598,2.7811343669891357,7.765444755554199,6.017337799072266,6.355469226837158,11.144783020019531,7.21433687210083,4.32011079788208,7.195889949798584,3.159362316131592,6.685141563415527,2.087193012237549,6.5004167556762695,-1.4252140522003174,5.284393787384033,2.1508867740631104,5.574344158172607,0.8210766315460205,0.6533871293067932,0.7849043011665344,0.5774005651473999,0.4289914071559906,0.3580292761325836,0.33898839354515076,0.5718775987625122,0.38168469071388245,0.34440889954566956,0.3947538733482361,0.6208555698394775,0.010373117717678751,0.002979358448300225,1180.2472294330635,260.73046147050235,2454.8003767837213,559.0436259308195,1706.9684871664733,386.75745441315087,0.017742395954176333,0.011067108441748977,17.866421629095083,3.8457150425699536,9.72637735590037,3.1020932340369667,13.71738887804064,3.226941746617578,19.116641105584463,3.44471451550779,18.793741627117072,2.9064530790764516,19.23398675207061,3.095117861620831,18.253684599013077,1.4940761786715713
no_vocals,317.5,322.5,-483.1064453125,21.447147369384766,216.94728088378906,20.973325729370117,-11.790852546691895,19.7401180267334,-5.648365020751953,9.363678932189941,11.427932739257812,10.66019058227539,4.563019275665283,8.944991111755371,10.2116117477417,8.201648712158203,11.261614799499512,7.036495685577393,3.1976678371429443,6.637203216552734,-1.0462204217910767,5.7944488525390625,0.5374940037727356,5.747840881347656,-1.3502970933914185,5.563183307647705,3.8988277912139893,5.842917442321777,0.8206175565719604,0.5785617232322693,0.7749143838882446,0.5701265335083008,0.4342751204967499,0.4059809446334839,0.32816439867019653,0.5353545546531677,0.3625485301017761,0.3163912892341614,0.3268789052963257,0.5204572081565857,0.010018652226136276,0.0032164912310855085,1267.1622607150478,219.3639879768293,2452.7317211144114,572.3798209476043,1848.1083916400812,335.6068315989075,0.023570049666473317,0.009310978864064094,17.435323034093543,3.913530883015893,9.420203866887546,3.281685952409129,13.512713455295284,3.3419455873075257,18.879001185728146,3.1976618084381006,19.773631886948515,2.936807715926269,19.823978416993366,3.0505809848028305,18.31614367359299,1.6312357825489714
no_vocals,320.0,325.0,-497.0208740234375,27.081836700439453,207.0693817138672,23.702899932861328,-2.200967311859131,20.78810691833496,-2.9565024375915527,11.063081741333008,11.284621238708496,11.066446304321289,9.539473533630371,8.855712890625,15.248332023620605,8.33658218383789,14.451257705688477,6.723047256469727,4.17052698135376,6.378829002380371,-1.8991152048110962,5.946885108947754,2.0932319164276123,5.789402961730957,2.6248550415039062,6.841864109039307,7.805081367492676,7.4016432762146,0.8304612636566162,0.606597900390625,0.6734556555747986,0.5956790447235107,0.6094892621040344,0.6535485982894897,0.4837595224380493,0.6173484325408936,0.4996909201145172,0.48939552903175354,0.43358495831489563,0.5014671087265015,0.010246599554419172,0.003120267025790832,1222.9649085053047,215.02747732648774,2615.0610370133177,622.0794951205313,1710.8154863326565,288.8920494002012,0.017956514646171692,0.008096072812422526,16.136866169659484,3.9207693402435533,8.96953384404945,3.0844075008988256,13.91665531468433,3.3226264223459987,18.9309391971745,3.532700774092396,19.98586080946331,3.155527590032061,19.024640532409663,3.3540962279381668,17.87509268264109,1.6783787440884839
no_vocals,322.5,327.5,-513.3805541992188,20.314180374145508,198.4845428466797,22.69367790222168,6.187591075897217,17.117900848388672,1.3084867000579834,10.526437759399414,12.170095443725586,11.194117546081543,9.55705451965332,8.143134117126465,13.470999717712402,9.173383712768555,14.3494291305542,7.047789096832275,3.319990396499634,6.913650989532471,-4.222053050994873,6.6841959953308105,3.875973701477051,6.253845691680908,6.545980930328369,5.95916223526001,10.758167266845703,7.082503795623779,0.7392691373825073,0.5944899320602417,0.665053129196167,0.6290735602378845,0.7504513263702393,0.792684018611908,0.5551405549049377,0.5903226137161255,0.5064327716827393,0.55352783203125,0.43317511677742004,0.4483376443386078,0.009310885404912959,0.0019001913007464545,1233.386482384696,227.8359127107453,2875.7137515523227,576.5076879584802,1638.7716837659514,309.8840170409055,0.01421906721287703,0.0055852048586629574,15.693110265933798,3.995159194113475,9.064552253615478,3.059089652452789,14.304524758542314,3.3875767262009147,18.602137239608197,3.5794053495030633,19.07187435497094,3.046555981370661,18.943888100874982,3.3521398393302464,18.064909734618514,1.5153166069755497
no_vocals,325.0,330.0,-500.9426574707031,22.15805435180664,211.88734436035156,25.993640899658203,1.2074419260025024,17.501718521118164,4.011490345001221,8.363554000854492,8.66757869720459,10.66811752319336,3.2470901012420654,7.946707725524902,10.255915641784668,8.520918846130371,14.69158935546875,6.730059623718262,2.879239320755005,6.847785949707031,-4.465710639953613,6.41386079788208,2.600417137145996,6.655551433563232,3.929865837097168,5.997002601623535,7.09022331237793,7.395176410675049,0.7434523701667786,0.4749177396297455,0.4913155436515808,0.5010695457458496,0.7139729857444763,0.6426085829734802,0.4484778344631195,0.4589342474937439,0.4179709553718567,0.585539698600769,0.3388911187648773,0.39547276496887207,0.009151007160069011,0.002068235357671289,1190.3292603638513,224.11582287571449,2588.159153002079,646.462140279362,1615.4398836281903,321.4652896547478,0.019983278349767982,0.008768887014782309,14.333994436636718,4.182693657001356,9.443654531147029,3.1341658791114124,14.283120525131134,3.2771967290903374,18.511961303678685,3.4364578113440425,18.33108531410841,2.6990555222803843,20.003603382572894,3.1946571298938076,18.329821131154784,1.6066715898585777
no_vocals,327.5,332.5,-499.5425720214844,19.86456298828125,216.10911560058594,25.4797420501709,0.6644083261489868,16.390670776367188,2.534677028656006,8.046490669250488,3.496455430984497,8.795821189880371,-1.0773823261260986,6.918368816375732,9.434588432312012,7.955159664154053,15.583497047424316,6.95274543762207,6.526158809661865,7.589133262634277,0.4100707173347473,6.347079753875732,1.0379432439804077,6.252389907836914,-0.7515604496002197,5.171384334564209,2.5081210136413574,5.643989086151123,0.7301489114761353,0.3071499466896057,0.21815292537212372,0.2840832471847534,0.5255809426307678,0.40471792221069336,0.28194448351860046,0.3238173723220825,0.37045153975486755,0.7240861654281616,0.2886368930339813,0.3090956211090088,0.007312688541116751,0.001567768079908266,1286.4575568978255,278.4773087954533,2598.368069767535,703.1989741021665,1698.2752682714618,390.9437330570959,0.027582792560904873,0.005646570372716287,13.554709701344658,4.586099725338677,9.500824199074792,3.3555382863277883,13.990931693073064,3.394519777569942,19.931244010614943,3.6319647960678356,17.592338055938633,2.844869960309235,19.507187250171825,3.3289438656865937,18.312133371492973,1.2641858036264912
no_vocals,330.0,335.0,-515.8560791015625,20.832304000854492,202.25289916992188,25.440156936645508,3.6508846282958984,17.919546127319336,2.1731512546539307,7.89940071105957,1.9868407249450684,10.37598991394043,-3.1837265491485596,9.701777458190918,6.802780628204346,9.058765411376953,15.734065055847168,7.3775739669799805,8.465673446655273,7.992532253265381,2.4640841484069824,6.3009748458862305,0.5695769190788269,6.7029595375061035,-3.0110089778900146,5.978998184204102,0.3939765393733978,6.015997886657715,0.7849358916282654,0.31804031133651733,0.21907642483711243,0.24626940488815308,0.4156428873538971,0.29806992411613464,0.21782098710536957,0.26918521523475647,0.3350079655647278,0.6790856719017029,0.27440232038497925,0.31628942489624023,0.005784437993839556,0.0013921799650724275,1472.210320771383,344.22943262069657,2945.8740885503316,763.7509331742676,1971.1124429016822,784.0785003906038,0.028502709904292343,0.007119157333696161,13.794149528474527,4.28719030909727,8.727900502633556,3.0495628886946085,14.331269457404428,3.272705116071717,20.65320814075016,3.517107801965256,16.98888284135147,2.7332512044289747,19.41007171198529,3.60865024575357,18.216924601394933,1.388398178905791
no_vocals,332.5,337.5,-545.3340454101562,32.40642547607422,177.5401153564453,31.76485824584961,5.660791397094727,17.93813133239746,5.837454795837402,8.233467102050781,0.7514349818229675,10.693936347961426,-5.897591590881348,10.728116989135742,3.9809248447418213,8.875212669372559,14.307034492492676,7.369210243225098,9.084961891174316,8.170252799987793,2.6683521270751953,7.014868259429932,-1.0191408395767212,6.6234517097473145,-6.66898250579834,7.473899841308594,-1.5668494701385498,6.326951026916504,0.8822188377380371,0.3530415892601013,0.2684134542942047,0.23667873442173004,0.32161635160446167,0.2667278051376343,0.20592914521694183,0.2521275281906128,0.2757534980773926,0.5000929832458496,0.23472625017166138,0.3575085699558258,0.0036065973340924785,0.0017428053565862122,2106.1484058039764,834.2763086273941,3761.2175829633247,1189.359395052114,3655.698389464907,2453.4578193097655,0.03757273238109049,0.013084023198186636,11.588810499819655,4.332460367066137,8.604577688584412,3.023492766542004,14.320072842206006,3.602632620033573,20.639763102071342,4.3179977201536035,16.360642620603304,2.854181073317409,19.420062995218192,3.99866114662741,18.209887869505327,1.4810546507039697
no_vocals,335.0,340.0,-573.4310913085938,28.792064666748047,158.06666564941406,22.065261840820312,20.50184440612793,17.68474769592285,17.174118041992188,14.027288436889648,9.711039543151855,12.450942993164062,3.0442259311676025,13.578961372375488,10.974218368530273,9.940937042236328,18.139238357543945,9.213034629821777,18.325180053710938,10.561654090881348,9.199532508850098,9.4802827835083,3.6325972080230713,8.581707000732422,-5.262317657470703,7.7761969566345215,1.7698171138763428,7.12201452255249,0.9408818483352661,0.6118916869163513,0.5202711224555969,0.4623221457004547,0.4578472375869751,0.4224552810192108,0.36141201853752136,0.37112316489219666,0.38043761253356934,0.5189627408981323,0.45412296056747437,0.5929231643676758,0.005881736871679454,0.0038775321804436296,1903.2670602973028,979.7339616186541,3916.6200482065447,1021.0269994921465,3192.060048397622,2786.098251491707,0.02697329067575406,0.02115023384115501,11.719867239053201,4.26517677036091,10.109180046943097,3.937513372098989,13.95289877773372,3.8184957946457327,20.242799654221223,4.961633871931472,15.521584780286135,3.0241809951456387,17.425247246617104,3.5091177662304136,18.29085428139987,1.3124153873711217
no_vocals,337.5,342.5,-596.54833984375,29.186861038208008,157.67811584472656,19.818941116333008,33.03474426269531,8.263052940368652,24.03028678894043,11.019067764282227,15.944920539855957,7.845263481140137,13.793835639953613,7.594709396362305,20.099910736083984,5.854564666748047,26.78940200805664,8.86051082611084,25.86284637451172,8.520499229431152,15.018314361572266,6.961624622344971,8.43133544921875,6.503341197967529,-0.6286594867706299,5.256962299346924,3.997832775115967,6.516418933868408,0.9766750931739807,0.8250188827514648,0.7661920189857483,0.7193137407302856,0.6823678016662598,0.6100789308547974,0.5595126748085022,0.535029947757721,0.5710384249687195,0.6493872404098511,0.7364619970321655,0.9359458088874817,0.008686327394919164,0.0018096977670283584,1129.5133324073759,425.39670057511574,3278.6835062805403,724.2316369140989,1310.6276509933296,1196.4937618901772,0.007477160672853828,0.004608339970611013,13.735433995955908,4.195269058519701,10.978019585155872,3.8133793996478786,14.337217680861437,3.7536088713251448,20.05869550584384,5.022088254132609,14.791977256216086,2.4614831854391923,16.269055421200353,2.720097169174253,17.907659113081422,1.4947808862019012
no_vocals,340.0,345.0,-618.94287109375,27.60779571533203,145.5092010498047,23.684123992919922,34.481544494628906,8.480749130249023,22.071086883544922,10.289401054382324,13.231145858764648,7.636861801147461,13.5969877243042,7.410996437072754,21.17728614807129,6.293898582458496,26.867155075073242,10.44573974609375,24.373685836791992,9.439417839050293,14.673601150512695,7.016530990600586,8.734121322631836,5.505646705627441,0.36216050386428833,5.001110553741455,3.6842539310455322,6.3201823234558105,0.9330366253852844,0.8295596837997437,0.797512948513031,0.7899757623672485,0.78304523229599,0.7443504333496094,0.6644090414047241,0.6074102520942688,0.5692781209945679,0.5809339284896851,0.612191379070282,0.7139840126037598,0.006810504916121885,0.0018396600132920841,1341.1074772788938,486.10941772568384,3677.8994643367146,843.6425834922295,1666.400132323086,1282.4620673120787,0.007190536180394431,0.003914998517095575,13.954089708703757,3.344389273858348,10.226161678540803,3.702245336602607,13.496001547729058,3.697278649229537,20.097466164192497,5.29433070909528,14.106532460684498,2.2726720293507063,15.98887750158779,2.6503883022071464,17.90189758720862,1.516350003581798
no_vocals,342.5,347.5,-639.615966796875,48.163917541503906,130.44309997558594,17.346851348876953,33.09550857543945,9.192427635192871,24.04152488708496,11.968120574951172,11.60376262664795,8.43051528930664,12.459585189819336,7.214928150177002,18.869169235229492,8.844364166259766,19.73663330078125,11.085845947265625,16.923269271850586,10.480605125427246,11.234057426452637,8.320514678955078,9.53627872467041,5.570249557495117,2.274341583251953,7.251106262207031,6.110424995422363,5.286201477050781,0.7783063650131226,0.8206132650375366,0.7677702307701111,0.8054243326187134,0.8335494995117188,0.8499036431312561,0.786863386631012,0.7178984880447388,0.6857526302337646,0.6294099688529968,0.5686167478561401,0.5788050889968872,0.004263646067244383,0.0018760035007113656,1862.5693904155953,873.6622586944885,4301.530628730363,781.7668810343815,3027.138694533063,2924.9712043091954,0.012883374419953596,0.01737418478074457,14.666275501778271,4.169661040787927,9.276944602799421,3.2165366978136203,13.074457095040067,3.856058376283829,18.748434209942026,5.450093443034086,15.452713135387194,4.284930010939689,15.572732700492669,1.8073420361824988,17.814097187642886,1.2593372375050786
no_vocals,345.0,350.0,-657.1577758789062,46.44991683959961,134.5042724609375,23.062223434448242,24.39646339416504,11.263669967651367,7.559112548828125,26.83860206604004,2.5076677799224854,13.70555305480957,6.9630889892578125,12.301952362060547,8.255725860595703,14.210077285766602,5.538244724273682,13.796274185180664,1.730758547782898,11.61967658996582,3.2185471057891846,8.263073921203613,6.9496636390686035,6.585395336151123,2.5607008934020996,9.321856498718262,5.207268238067627,8.525651931762695,0.6943092942237854,0.5173173546791077,0.45477095246315,0.48980605602264404,0.5416688323020935,0.5770809054374695,0.45243245363235474,0.4454282820224762,0.6567767262458801,0.4035434126853943,0.32127001881599426,0.39740562438964844,0.0020113681436823186,0.0012581478196199483,2586.926806063933,1180.5219607686283,4673.558536203013,970.5682950658263,4980.964621700986,4013.9283459950234,0.03551198158352668,0.02648346529260237,14.530099452385747,4.8356212016151225,9.852990494982397,3.7134527112606652,15.711212881550267,4.847430028340691,19.342082109439904,5.5819162597649985,20.85495629057854,6.607014062303343,16.05644257057627,2.2317569309895213,18.007923553275226,1.2167965825669975
no_vocals,347.5,352.5,-661.027099609375,25.76790428161621,157.21690368652344,25.03059196472168,10.614916801452637,13.799749374389648,-26.910823822021484,25.814830780029297,-12.61741828918457,13.113162994384766,-5.797231674194336,12.500397682189941,-6.045430660247803,10.75998306274414,-8.746387481689453,8.898087501525879,-13.714818954467773,10.195026397705078,-6.409080982208252,8.216584205627441,-1.0485211610794067,8.381048202514648,-2.246587038040161,8.879995346069336,-0.5848095417022705,9.666662216186523,0.6487888693809509,0.37712037563323975,0.10860307514667511,0.12187382578849792,0.16733768582344055,0.2896481156349182,0.13674135506153107,0.13217735290527344,0.5964661836624146,0.2577349543571472,0.058502379804849625,0.14888177812099457,0.0015576379315597015,0.0005391132260505367,2436.9207950291966,980.587685870862,4146.869254147299,1035.5138325095102,3833.4597275594547,3570.906193216671,0.048408950841067284,0.014365738400023944,15.59607128569889,4.303388602436872,13.948836162142952,5.005089596597381,19.07100523850371,4.408308141626262,22.619199742168636,4.917519490595797,26.476695186214073,5.585433088325605,16.675161248076876,2.364395154103288,17.89027210217683,1.4059467578364784
no_vocals,350.0,355.0,-632.719482421875,38.37382125854492,161.080810546875,22.853742599487305,3.9589359760284424,10.658117294311523,-27.783742904663086,24.058752059936523,-11.894601821899414,13.09191608428955,-6.972701549530029,10.025511741638184,-5.227896690368652,10.5675048828125,-8.156869888305664,8.958043098449707,-14.960262298583984,10.565295219421387,-10.02513599395752,8.466795921325684,-3.9720795154571533,7.978710651397705,-4.063797950744629,6.911877155303955,-2.5552539825439453,6.680294036865234,0.6550021171569824,0.33166417479515076,0.07097604125738144,0.08681902289390564,0.12503722310066223,0.27590444684028625,0.12243896722793579,0.15060541033744812,0.5990940928459167,0.25462377071380615,0.07565045356750488,0.16936202347278595,0.0017768246529023153,0.00042020829180713974,2380.436923037903,845.7528397399258,4044.5544209468835,966.7315508669523,3659.7951937717517,3126.9758398437302,0.04875222049013921,0.011660131065336324,14.979738423530199,4.026130810755023,14.241225507375656,5.071825307863971,17.962798769002863,4.521272277430226,21.61733531481869,4.630434480281417,25.999271458579887,4.8491001328679415,16.691717281618068,2.2228916055250663,18.00572084021866,1.3891671472818066
no_vocals,352.5,357.5,-607.5821533203125,31.787458419799805,139.26431274414062,23.828716278076172,7.7981743812561035,10.850661277770996,-6.037883758544922,19.71875,-2.000490665435791,12.17640495300293,3.0629358291625977,11.3385009765625,3.23453426361084,10.048138618469238,0.6930248737335205,8.83215045928955,-6.448591709136963,9.38686466217041,-6.275083065032959,8.927641868591309,0.42966675758361816,7.683726787567139,-0.4896165132522583,6.782381057739258,0.6552039980888367,5.805175304412842,0.5760695934295654,0.3088657855987549,0.13331642746925354,0.18252283334732056,0.1911158263683319,0.28198933601379395,0.1865690052509308,0.22979944944381714,0.703226625919342,0.31688037514686584,0.12853799760341644,0.1957109272480011,0.0014080375578419766,0.0004509645859891662,3214.729767450463,951.0648418768413,4956.067696573156,900.2839403020265,6682.537317829177,3627.4089067016666,0.058031830046403714,0.01690734910280456,12.212058008866274,3.5059959953657542,9.917872190054085,3.95839379551066,15.785868270160773,4.183442688463583,19.67565969636085,5.00960048028369,23.002179128990495,4.636237853475888,16.070922208800123,2.034222888033393,18.212621487662766,1.3429967904900153
no_vocals,355.0,360.0,-598.1861572265625,44.37761306762695,143.72427368164062,28.222509384155273,12.8464994430542,12.866314888000488,3.9104912281036377,14.529090881347656,3.8944952487945557,10.705174446105957,12.306321144104004,11.922246932983398,9.47696304321289,10.374463081359863,4.44426965713501,6.8580708503723145,-3.0033175945281982,7.367119312286377,-2.990006685256958,7.867145538330078,1.9449540376663208,6.897253513336182,-0.5426521897315979,6.133713245391846,2.3388540744781494,6.117956161499023,0.5997444987297058,0.3076048791408539,0.20298779010772705,0.2722761631011963,0.27440086007118225,0.3273426592350006,0.30341261625289917,0.420589417219162,0.7634025812149048,0.3908030688762665,0.2261640727519989,0.299351304769516,0.0022820358627433663,0.0021135901759155445,2933.900623847969,1093.1078324939972,4710.634427311125,1039.6936640805109,6180.129218931264,3541.973223012401,0.049617758483178655,0.02305710717563657,13.328809741698237,4.769220702093614,9.768800615495753,3.6155228996368733,15.661795910314593,4.058816627326219,18.65636520370608,4.893977733572217,22.075250284068698,4.344481621552563,15.889549080137124,2.051697535948848,18.04407166886468,1.317020428802551
no_vocals,357.5,362.5,-568.359375,41.95762634277344,165.9321746826172,29.93512535095215,21.847715377807617,14.7233247756958,11.860942840576172,12.468494415283203,10.825737953186035,8.167420387268066,20.271516799926758,9.1729097366333,12.661704063415527,8.344653129577637,5.979797840118408,6.6143622398376465,-0.7562392950057983,6.534546852111816,-0.7318101525306702,6.970993995666504,1.4813276529312134,6.721777439117432,-1.6263142824172974,6.047872066497803,2.4146528244018555,5.837447643280029,0.7304421067237854,0.48607489466667175,0.2859460711479187,0.28788867592811584,0.30250856280326843,0.3829897940158844,0.4150846600532532,0.5565129518508911,0.7821213603019714,0.692566990852356,0.44725915789604187,0.44167736172676086,0.0047277491108898995,0.0027853072717424813,1988.2358221798552,927.4323154299722,3877.0906877508387,1096.6269425394644,3604.738140770012,2718.373734685711,0.02757939385150812,0.016162207083142796,15.913504480055222,5.0176472333107744,11.024404595492017,3.8072189702176473,15.745167602499107,3.6501655684606744,18.37004424962426,4.4059665390478315,21.46577967227447,3.8048401373968406,15.709285150626291,1.9373149853964837,18.363495302657526,1.3987857905327277
no_vocals,360.0,365.0,-555.9752197265625,20.95332145690918,181.49905395507812,23.866302490234375,27.516698837280273,12.057162284851074,12.344191551208496,13.070022583007812,11.887287139892578,8.185856819152832,22.919355392456055,8.224388122558594,13.188875198364258,9.267598152160645,7.538070201873779,6.240376949310303,0.06391343474388123,7.031139373779297,0.5050398707389832,5.852113723754883,2.0660789012908936,8.9397611618042,0.13237614929676056,6.667712211608887,1.6821128129959106,5.87416410446167,0.7855398654937744,0.4851275384426117,0.26533839106559753,0.23080886900424957,0.25907185673713684,0.38489264249801636,0.43799445033073425,0.5868952870368958,0.8153129816055298,0.7599413394927979,0.49647030234336853,0.5186086893081665,0.00628055796824534,0.002660808475099221,1451.323154143716,666.9146205792852,3193.0610213447717,883.9187647176846,2206.3289633483178,1703.6319339544627,0.020772911832946637,0.019836824510921447,17.67997105251164,4.686318610676483,11.339175920241336,3.172274205946223,15.695224850758192,3.4250284173408065,18.785528375638915,4.223140626884678,22.113043051114495,3.6261611700399716,16.243312786241958,3.7779623267633005,18.290857998823206,1.6900847859343342
no_vocals,362.5,367.5,-571.0562744140625,21.75290298461914,173.43260192871094,23.52775764465332,30.364404678344727,10.770122528076172,17.092498779296875,14.618102073669434,15.783321380615234,10.855631828308105,22.942285537719727,8.429715156555176,15.30838680267334,9.2847900390625,6.948259353637695,6.226015567779541,-0.9928423166275024,7.075320720672607,-0.6262389421463013,5.844547748565674,2.7297017574310303,8.827856063842773,0.7210286259651184,6.115128517150879,1.6971607208251953,6.302971363067627,0.7623584270477295,0.4760047495365143,0.2460828423500061,0.2107066959142685,0.2623893618583679,0.39928126335144043,0.44995275139808655,0.5906359553337097,0.794334352016449,0.7769354581832886,0.5369057059288025,0.5063629150390625,0.0054000303540335595,0.0025093510853674505,1512.3319067073778,583.3806535374251,3392.9981108943052,803.1882646034801,2159.8152461571926,1405.0504437866919,0.019936829321345707,0.019791313192729466,16.68458646496403,4.33501931952792,11.373676509265517,3.1386069434819035,16.48836182086672,3.8693903176178956,17.859089094894127,4.252151068986453,21.64091179284297,4.117966716235083,16.38156713282601,3.923686022836018,18.12359625352283,1.7839129002619984
no_vocals,365.0,370.0,-577.4703369140625,20.74072265625,167.105712890625,21.9012451171875,32.27663803100586,10.306735038757324,21.03240966796875,10.462018966674805,18.925779342651367,9.109099388122559,23.192930221557617,7.8773512840271,15.308629989624023,7.1624040603637695,7.096117973327637,6.153192520141602,-0.44394248723983765,6.154822826385498,-0.8765557408332825,5.617788314819336,1.7419875860214233,6.102884769439697,-0.12163007259368896,5.693113327026367,1.4003709554672241,5.664548873901367,0.7265283465385437,0.4617660343647003,0.24320834875106812,0.20677362382411957,0.25759169459342957,0.36855602264404297,0.46026813983917236,0.6372894048690796,0.8340280652046204,0.83778315782547,0.5786904096603394,0.5119866728782654,0.004818637019645622,0.0014879332716634373,1605.4819655431145,578.4721578911934,3688.5187604987786,848.3946223717957,2371.0005120722158,1649.1561937093923,0.016803219257540605,0.00553170114942167,15.911720658700421,4.124836455062604,11.643192251541231,3.1419959117420206,16.252490801578734,3.9525223664828486,17.414412612456072,4.339327280551652,20.708420322889243,4.048409586459875,15.684546733019301,2.0808283275421235,17.897598036841206,1.3019439912531248
no_vocals,367.5,372.5,-569.1114501953125,22.224422454833984,170.5982208251953,20.060901641845703,33.14552688598633,10.079809188842773,19.036123275756836,10.416120529174805,18.118419647216797,7.951749801635742,22.568130493164062,7.956617832183838,15.928191184997559,7.566201210021973,7.909807205200195,6.526044845581055,1.3397976160049438,6.076993465423584,-1.4735411405563354,5.635860443115234,1.0456186532974243,6.469036102294922,-0.28211697936058044,6.498682975769043,2.0814688205718994,6.233220100402832,0.6152530908584595,0.40892699360847473,0.22059501707553864,0.18385571241378784,0.22066833078861237,0.33051323890686035,0.44888100028038025,0.6549298763275146,0.8546884655952454,0.8884877562522888,0.5728546380996704,0.4468045234680176,0.005543238688109058,0.0016446075415733879,1535.286476735273,552.074201459951,3623.371858310366,823.909206986272,2160.314856438515,1468.7029325449887,0.016574372824825986,0.005991966328203925,15.997096194182543,3.6237484570675207,12.091492876346043,3.1114001789879286,15.973827010195578,3.6173823228286883,17.20264388376992,4.25850011190168,20.26755821684965,4.1465083635974915,15.844811794414465,2.0051274062742945,18.062609042922116,1.3987823439292468
no_vocals,370.0,375.0,-569.8245239257812,24.271347045898438,167.4941864013672,19.36270523071289,33.07858657836914,8.803810119628906,19.759235382080078,11.6574068069458,18.81574058532715,8.502106666564941,22.690898895263672,9.221874237060547,16.633220672607422,7.654524803161621,7.63530158996582,6.017684459686279,1.153879165649414,6.3842549324035645,-2.874575614929199,5.677866458892822,0.9666919112205505,6.205046653747559,-0.0060959262773394585,6.458274841308594,4.061851501464844,5.615255832672119,0.5328963994979858,0.32752710580825806,0.2035326361656189,0.21314562857151031,0.2738339900970459,0.4027147889137268,0.5166836977005005,0.7137457132339478,0.9037694931030273,0.8567019104957581,0.5373980402946472,0.4400894045829773,0.005417400914332948,0.0016022370917705769,1597.2037216479098,531.3440827363931,3763.546983288832,732.0536832368173,2270.329040385731,1491.7356601320846,0.018706496519721578,0.011613729896769905,15.703993966222258,3.8056159615284266,11.924628951495329,3.1233307909734185,15.580652911499099,3.4196823585581915,16.84632374232987,3.8685531872655647,20.161155090119095,3.9797174762520062,15.775377813868312,1.7825492176829385,18.6447707374575,1.2812073474955277
no_vocals,372.5,377.5,-559.1755981445312,30.938518524169922,172.72601318359375,21.97629165649414,31.850610733032227,10.825798988342285,18.8001651763916,12.037470817565918,19.337291717529297,8.921992301940918,22.38501739501953,8.856034278869629,12.557160377502441,8.220794677734375,4.702499866485596,6.84329080581665,-0.1487693339586258,7.126547813415527,-1.1528620719909668,6.484281539916992,2.2462522983551025,6.070326805114746,0.7263745069503784,5.764176845550537,4.749995231628418,4.768575191497803,0.4096882939338684,0.27664151787757874,0.20224827527999878,0.22994539141654968,0.30614137649536133,0.48288553953170776,0.5437077283859253,0.6895138025283813,0.8787702918052673,0.8381761908531189,0.4989646375179291,0.3598252534866333,0.0059571784743801485,0.0024371559449219773,1557.9451578278615,525.4005633697974,3640.991470035074,755.3276447624758,2203.581106801044,1437.5211013374694,0.018990855205916472,0.01150617493138917,14.871809210848351,4.566093105373511,11.652103428862926,3.3084832060803064,15.514461035997297,3.6391017406149113,17.36196534373528,4.141687670171703,20.136540794293538,3.8886228224787933,15.95567542720054,1.85339019327612,18.659993982533706,1.5111349304061157
no_vocals,375.0,380.0,-540.9297485351562,24.402610778808594,176.94715881347656,22.96029281616211,30.019527435302734,11.962946891784668,16.154644012451172,11.28995418548584,19.877582550048828,8.060301780700684,19.180288314819336,7.0237345695495605,7.47636604309082,7.811798572540283,0.7014550566673279,7.13184118270874,-0.9759970903396606,7.0463666915893555,0.29447364807128906,6.522894382476807,2.9930601119995117,6.007609844207764,1.6931424140930176,5.927029132843018,4.6878132820129395,5.4832987785339355,0.33931949734687805,0.2457524687051773,0.16118773818016052,0.17252396047115326,0.23911726474761963,0.46419909596443176,0.5106069445610046,0.6381791830062866,0.8604324460029602,0.8468284010887146,0.4380038380622864,0.2604818642139435,0.006561667987376694,0.0026883386871993146,1589.172694293131,506.54204999224584,3626.7089730103235,774.025550527103,2211.2751051334108,1219.8387861634344,0.019285410020301624,0.007362213868936973,13.584576283034481,4.755033439729471,11.785332081524757,3.5168172276522056,15.558429657215815,3.5448831629080813,18.11728898051938,4.363126302470175,19.788569249666946,3.7790542749032303,16.226045084953284,1.8833093195546242,18.54262588260727,1.5051937947690273
no_vocals,377.5,382.5,-540.5125122070312,20.16405487060547,178.8654327392578,25.423114776611328,27.803260803222656,10.03636646270752,14.877886772155762,9.859940528869629,17.521963119506836,10.235379219055176,18.26951026916504,7.581970691680908,6.908329010009766,8.712939262390137,-0.2364264726638794,6.206371784210205,-2.178363084793091,6.218723773956299,-0.9434858560562134,5.843817234039307,3.4284017086029053,5.949267387390137,2.7448503971099854,6.007094860076904,4.210505962371826,5.780279159545898,0.4250750243663788,0.27219390869140625,0.16979563236236572,0.17943283915519714,0.25035813450813293,0.48734045028686523,0.4926795959472656,0.6311812400817871,0.8797830939292908,0.8130859136581421,0.44642186164855957,0.30866891145706177,0.0060906986043661,0.002571364742707672,1623.7435760263224,549.1878186248317,3587.971032579165,889.1232914899049,2301.254916799594,1221.7831272570352,0.022943554234338748,0.012939991606068088,12.47800189694869,4.25498662810736,11.461174728189226,3.2284329832494025,15.918985595520846,3.5430148750033013,17.977925891046805,4.117017204347966,20.775843798031964,3.874337950237209,16.28288685333018,1.8975797900577651,18.389526828464515,1.4063015022055838
no_vocals,380.0,385.0,-547.4713745117188,20.175682067871094,176.2274932861328,21.66376304626465,26.172395706176758,10.597258567810059,15.074996948242188,10.213069915771484,15.738228797912598,10.747347831726074,18.838760375976562,9.183512687683105,10.374236106872559,8.210813522338867,0.8388838171958923,6.285791873931885,-2.482468366622925,5.618541240692139,-0.4184815287590027,6.029463768005371,4.668959617614746,6.179947376251221,1.5897955894470215,6.365565299987793,2.2464816570281982,6.214880466461182,0.6371337175369263,0.4142570495605469,0.24845892190933228,0.22831085324287415,0.2689138948917389,0.4362664818763733,0.3861924111843109,0.46078965067863464,0.7174298763275146,0.6412214040756226,0.46799519658088684,0.44505342841148376,0.005508410997727665,0.0023182163484761157,1637.3384383293705,473.56152414500076,3617.6968405534785,775.2347152710121,2171.406204683875,966.3442223624578,0.024485435397331785,0.01347079887853122,13.439937502074244,4.646219215399485,11.680394194057323,3.5288281472941954,16.60170796935823,3.754968259280045,17.857070279127882,3.8018961193265723,22.04075369768653,4.048436818140322,15.988950943163475,1.9622085106033844,18.497398919580885,1.362099780810742
no_vocals,382.5,387.5,-552.8018798828125,24.710676193237305,178.78036499023438,20.032230377197266,23.875520706176758,11.974689483642578,14.94212818145752,11.511530876159668,16.535470962524414,9.389055252075195,20.129005432128906,9.985616683959961,10.93661880493164,7.688510894775391,3.1218039989471436,6.735230922698975,-0.9868135452270508,6.086869716644287,1.0679266452789307,6.932614803314209,3.7824161052703857,6.176783084869385,0.271199107170105,6.205577373504639,-0.091498002409935,5.929962158203125,0.910244882106781,0.6239941120147705,0.34800830483436584,0.2563003897666931,0.24119357764720917,0.30430448055267334,0.25395283102989197,0.27604469656944275,0.48645004630088806,0.4147728383541107,0.37704983353614807,0.5245492458343506,0.005816598535189081,0.002139265658683835,1501.0698258899029,425.1511805532006,3397.4888879075384,697.1030820279929,1979.3560125435035,743.0009020786972,0.021360888558584687,0.008095603550357773,16.482129679049585,6.022635438564825,11.962413777400199,3.2753364043421564,17.37220031502743,3.955454015751891,18.53556490127591,4.048180788769357,22.807418903728088,3.4203507324683207,16.075449717822902,2.102495743118018,18.414675938085676,1.18972300045563
no_vocals,385.0,390.0,-551.5548095703125,27.476696014404297,182.0126190185547,25.623558044433594,23.33077621459961,10.936382293701172,15.954192161560059,11.46290397644043,19.887222290039062,9.222784996032715,20.110088348388672,9.050372123718262,8.814657211303711,8.68685245513916,3.512237548828125,6.23501443862915,0.789233922958374,6.308916091918945,1.9701478481292725,7.22945499420166,4.848554611206055,6.184843063354492,0.9810436367988586,6.0063910484313965,-1.2433154582977295,6.411067008972168,0.9643563032150269,0.6602791547775269,0.35421887040138245,0.23185552656650543,0.20041470229625702,0.23799942433834076,0.21420566737651825,0.25180330872535706,0.41454142332077026,0.342982679605484,0.32372406125068665,0.5336137413978577,0.0065899109964857525,0.0022224180881624013,1430.0886662756957,547.7427768403123,3240.647104665246,882.8281011963842,2089.8198457439094,1262.5012146710737,0.02031182025812065,0.006971733077705633,17.4849077197988,5.296729591002774,12.213198969091401,3.7161368397948755,17.28089473351869,3.905771967475811,19.630485975363058,4.131396223533049,22.989863894625493,3.986021349034857,16.562721861785505,2.2734588120930526,18.240121456453554,1.4091853274334591
no_vocals,387.5,392.5,-551.7399291992188,24.889972686767578,180.46701049804688,25.30967140197754,27.781599044799805,11.286359786987305,18.472393035888672,10.587018966674805,22.38997459411621,9.490055084228516,19.750469207763672,8.563946723937988,9.466705322265625,8.831379890441895,2.4016003608703613,6.305022239685059,2.100275993347168,6.155124187469482,4.748347759246826,7.122226715087891,8.151607513427734,6.272359848022461,2.7082808017730713,6.336525917053223,0.04874287545681,6.747048377990723,0.8899540305137634,0.5864706635475159,0.31544816493988037,0.2246924638748169,0.2523650527000427,0.3787645697593689,0.28241950273513794,0.2763819992542267,0.45891186594963074,0.4089631736278534,0.47442886233329773,0.6297733187675476,0.006711274107784171,0.002273841556742835,1433.9135631247016,530.5494881605197,3337.8541839214486,877.5183439835347,1997.2920216429814,1212.8940356881976,0.019775957076566125,0.007066078768117102,15.631435314468066,5.030703694688767,11.955314569666086,3.958611001085584,17.57254410624178,4.13265606624168,20.069918538648523,4.128907083003871,22.841296130004764,4.064707406169887,16.48867710568922,2.0636544019774705,18.314731172878762,1.2639693595467012
no_vocals,390.0,395.0,-552.7277221679688,21.9786319732666,183.4082794189453,21.954696655273438,32.362030029296875,10.408303260803223,21.726951599121094,10.574502944946289,22.27678108215332,9.412372589111328,21.150440216064453,8.900055885314941,8.400853157043457,8.009805679321289,2.3728115558624268,6.802000999450684,1.7379635572433472,6.150371074676514,6.6037774085998535,7.48825740814209,8.867032051086426,6.68159818649292,5.836761474609375,6.497725486755371,3.3311235904693604,6.1421966552734375,0.7846531271934509,0.4852258861064911,0.25494512915611267,0.2016638070344925,0.2980794906616211,0.59624183177948,0.3758906424045563,0.2749021351337433,0.48243463039398193,0.5027148127555847,0.6706127524375916,0.7179821729660034,0.0066094605399083925,0.001875025135558633,1313.7250247633383,404.66412202634643,3189.901853622336,743.1854718818317,1698.325229299594,768.5642712119445,0.018686104263341066,0.006535203738240613,14.058732193178784,4.258934756896701,11.410449975389536,3.7122261340328926,17.942178422058944,3.972619250683814,19.53822704581493,4.888509655368117,22.889748361616554,3.941543691800407,15.995185252065243,1.9772355569967082,18.23897025807317,1.4095058835255492
no_vocals,392.5,397.5,-547.6928100585938,17.232900619506836,185.99978637695312,19.82276725769043,32.40338897705078,10.940577507019043,20.093109130859375,10.25621223449707,20.742034912109375,8.61742877960205,20.982074737548828,8.685081481933594,7.034722328186035,7.103431224822998,0.3822389543056488,6.427063941955566,-1.1618214845657349,6.199255466461182,5.237118721008301,8.014041900634766,9.126471519470215,6.42179536819458,6.649447917938232,6.99708890914917,5.471537113189697,5.393139362335205,0.7583844065666199,0.416228324174881,0.1729685664176941,0.1356397420167923,0.25790107250213623,0.644009530544281,0.3758995234966278,0.24467401206493378,0.5027850866317749,0.5121879577636719,0.6782466173171997,0.7044731974601746,0.006489034331016882,0.0014684984117390245,1324.0419268971586,432.439480212765,3149.7078170684076,741.9527906520896,1744.988829575116,855.2837438572888,0.021667905307424594,0.007186834952350651,14.289493905227651,4.597531355250924,11.255775450691871,3.4992393391961385,18.508347180020554,4.132247876320377,19.158719268015943,4.91759893528971,23.494463289223088,3.8297435997958456,15.949327169118448,1.9120414931624725,18.170757771123565,1.5003337256715588
no_vocals,395.0,400.0,-543.1588134765625,15.354934692382812,190.81442260742188,20.373855590820312,30.002714157104492,13.872008323669434,20.10441780090332,10.303121566772461,18.866683959960938,8.151108741760254,21.895450592041016,8.372379302978516,5.498737335205078,7.5810136795043945,-1.2713727951049805,6.788785934448242,-1.9546258449554443,6.441671371459961,5.539932727813721,8.239770889282227,9.340713500976562,5.794333457946777,6.578444480895996,6.820591926574707,4.1453328132629395,5.160354137420654,0.6572123169898987,0.3574986159801483,0.16465437412261963,0.16289536654949188,0.33418333530426025,0.663688600063324,0.44654256105422974,0.3833562135696411,0.6101009845733643,0.5525591969490051,0.5483173131942749,0.552396297454834,0.007853209049162172,0.0023815878032641914,1204.8985534959497,376.27145265428527,2904.575653839411,711.3436691422141,1546.3437817212878,611.58907300348,0.02013168866009281,0.007080879310204248,16.330998647449775,4.875304504921797,12.117079217764712,3.864323939891071,18.13427834164349,3.8373031025590265,19.922473381038483,4.436943298887543,23.66229450051296,3.8811679390113905,15.818094774622557,1.8206275881677778,18.066190872306233,1.194207570600201
no_vocals,397.5,402.5,-543.9310302734375,21.532495498657227,190.34922790527344,22.612268447875977,30.138565063476562,12.725129127502441,20.32424545288086,10.770244598388672,19.673139572143555,7.954549789428711,20.784635543823242,7.312548637390137,4.032817363739014,7.760745525360107,-2.3427023887634277,7.312936782836914,-1.3601094484329224,6.523681163787842,3.394489049911499,8.288285255432129,7.607471942901611,5.991496562957764,4.987361431121826,6.576040744781494,1.681979775428772,5.49420166015625,0.49750760197639465,0.3221237361431122,0.1955278366804123,0.2282411903142929,0.45369428396224976,0.756071925163269,0.6341639161109924,0.5914065837860107,0.7064711451530457,0.5848675966262817,0.37432223558425903,0.3521718382835388,0.008743107831537759,0.0025726747058785623,1205.4366798468855,505.74536040616294,2923.421714699443,886.1912484378095,1592.5577327436195,1049.9479913849837,0.0176789533787703,0.008264101500601159,18.197209637731774,4.838318396901788,13.16140373074991,3.655968731378309,16.764825364561492,3.889153905906691,20.053856488636946,4.720262062431562,23.12927834149007,3.7163448792737515,16.143564036841475,2.0453770113433976,18.313106193556425,1.5635988002609431
no_vocals,400.0,405.0,-552.3253784179688,24.67069435119629,186.2102813720703,22.301300048828125,33.6869010925293,10.584863662719727,21.191213607788086,11.079083442687988,18.147756576538086,8.859068870544434,15.83271598815918,7.580637454986572,3.3621795177459717,8.504623413085938,-4.715913772583008,6.395688533782959,-4.175481796264648,6.5452423095703125,-1.2844884395599365,5.853231430053711,6.173620700836182,5.739433288574219,3.151110887527466,5.6101813316345215,0.588783323764801,5.399169445037842,0.4220404028892517,0.28760677576065063,0.18720225989818573,0.24944399297237396,0.4964156150817871,0.7992368936538696,0.7005422711372375,0.6533252000808716,0.748623251914978,0.5716952681541443,0.2817715108394623,0.23699237406253815,0.007836870413723027,0.0026597291339961406,1306.2707804507247,572.2876042453477,3101.7759364976246,940.5556135617721,1759.6773718459976,1329.4613101283164,0.01785228755800464,0.007768978697490755,18.007069533269064,5.0321103792884765,13.199306801860805,3.4186461357269344,16.78519305548534,3.9625885236691416,20.307208123724234,4.786360792877381,23.87262015208165,3.9859674858014036,16.0147828289099,2.180528647580243,18.245474969981682,1.6199318654615902
no_vocals,402.5,407.5,-557.7033081054688,22.024328231811523,186.0171661376953,21.469465255737305,35.793724060058594,10.988041877746582,21.261367797851562,11.505948066711426,17.245790481567383,8.739953994750977,15.21640396118164,8.006690979003906,2.8292953968048096,8.39523983001709,-5.959743022918701,6.708195209503174,-5.028787612915039,6.094660758972168,-1.1300597190856934,6.347446441650391,4.009345531463623,5.592990398406982,1.0320489406585693,5.82040548324585,0.1987845003604889,5.380629062652588,0.3704654276371002,0.25652235746383667,0.1822616308927536,0.2592858672142029,0.5237826704978943,0.8479543328285217,0.6895715594291687,0.5907489657402039,0.6624433398246765,0.49045997858047485,0.2272893339395523,0.18592852354049683,0.007557882913312683,0.0023082179376380653,1263.3805749272697,459.0172309275308,3058.8134920741613,792.833674278306,1611.0932741806844,1053.3548481812154,0.016788491516821345,0.004669461155546623,18.758337014695073,5.5539003940512925,12.801615991097144,3.484143396999618,17.381449834391773,3.9494663973683477,20.432979083203307,4.896414302527584,23.84247938365961,4.066363591894395,15.958121190242554,2.296387642123498,18.10658423273977,1.3800368623368953
no_vocals,405.0,410.0,-554.7969360351562,21.59016990661621,188.13668823242188,20.707666397094727,34.584110260009766,9.886161804199219,17.770692825317383,10.012283325195312,17.859601974487305,8.430400848388672,14.945867538452148,7.563904762268066,2.7605934143066406,7.859421253204346,-5.903835773468018,6.848453998565674,-4.1217803955078125,5.5959272384643555,-1.3288207054138184,6.614227294921875,3.69592547416687,5.591211318969727,0.3744385838508606,5.602652072906494,0.9702492356300354,6.05193567276001,0.35518112778663635,0.2882170081138611,0.1914176195859909,0.21560151875019073,0.4609556198120117,0.9153311848640442,0.5971512794494629,0.3924439251422882,0.44681572914123535,0.3239113688468933,0.15799066424369812,0.1629076600074768,0.00696322627326694,0.0021027474290455637,1303.4068733331733,401.0962168707416,3121.3969525409175,712.5408535500743,1616.1393380220418,799.5919248473081,0.020243846070185614,0.00627393980970142,16.555090032770213,5.709708813693921,11.098505217972438,3.797636271243386,17.9138927508763,3.935317423368284,19.825598722168333,4.759898634887808,23.67954766517484,4.071249056243429,15.965085354719434,2.1728692088375148,18.064590886568848,1.404873434632877
no_vocals,407.5,412.5,-556.9107055664062,20.100215911865234,194.7289581298828,18.7286319732666,30.956600189208984,10.228730201721191,13.7208890914917,8.874543190002441,11.968725204467773,8.93524169921875,10.431009292602539,8.614459037780762,0.401206374168396,7.414540767669678,-4.972900867462158,6.298640251159668,-4.318810939788818,5.4193339347839355,-2.1240696907043457,6.726127624511719,3.269101858139038,6.307760238647461,1.1215816736221313,5.261007785797119,1.422719120979309,5.6289753913879395,0.3373718857765198,0.30409830808639526,0.1729808896780014,0.13276982307434082,0.31092357635498047,0.9437886476516724,0.5220165848731995,0.22200416028499603,0.3224576413631439,0.22934870421886444,0.11418647319078445,0.1286545693874359,0.006153748400958813,0.001840212876036692,1285.5380572633687,321.69854569048033,2942.247190046168,632.6437746646375,1570.325075224768,584.2250071153121,0.025472194025522043,0.004785314169337976,12.970208722695052,4.364065779003003,8.945934813885936,2.976194866991668,19.397254691652694,3.9223214206927097,20.755424325887702,4.360203330816422,24.655780494079885,3.799072950855272,16.162743853867635,2.0856813642222236,17.951534343529115,1.5419137215624843
no_vocals,410.0,415.0,-564.394775390625,17.602231979370117,196.44485473632812,17.666414260864258,33.1727409362793,11.644034385681152,10.809444427490234,9.185087203979492,8.19272518157959,9.427166938781738,8.0606689453125,8.227721214294434,-0.24102970957756042,7.028294086456299,-3.9516210556030273,5.822447299957275,-3.31489896774292,5.1544976234436035,-3.3806681632995605,7.140170097351074,0.850479006767273,6.134330749511719,-0.05852028727531433,5.57609748840332,2.155484199523926,5.963517665863037,0.31963473558425903,0.3129548728466034,0.1733953058719635,0.11389321088790894,0.2879033088684082,0.9570714831352234,0.4918469488620758,0.19898317754268646,0.3311120271682739,0.2177886813879013,0.10057094693183899,0.11306268721818924,0.005618066891591365,0.0017512162010408852,1293.8232582035955,288.63240228198464,2966.9051125021383,596.4380210535597,1468.604421947506,455.095753931029,0.026285618474477957,0.004658082741072847,12.498525487601105,4.160562811206723,8.669207014766434,2.900975211200436,19.45391439346962,3.3849307475685664,21.65417269089832,4.208525078530598,24.38406626326549,4.0022812869798905,16.392946062458908,1.9411692682564488,18.475239018463533,1.4041522203274754
no_vocals,412.5,417.5,-556.0018310546875,20.895553588867188,193.50540161132812,22.71951675415039,30.042007446289062,13.722644805908203,11.36471176147461,10.22996711730957,7.541239261627197,9.83814525604248,9.337556838989258,6.526936054229736,2.3567514419555664,7.236347198486328,-2.266843795776367,6.288074493408203,-2.996368408203125,6.60162353515625,-3.8461215496063232,6.455926895141602,0.7431291341781616,6.007281303405762,0.6775505542755127,5.915907859802246,3.5107104778289795,6.078345775604248,0.35838380455970764,0.35452014207839966,0.18738728761672974,0.12311062961816788,0.2709745764732361,0.9142266511917114,0.5385001301765442,0.2513772249221802,0.3849487602710724,0.28414252400398254,0.13124923408031464,0.12933006882667542,0.00531372381482282,0.0016313114920927356,1405.8242793734014,403.92994168183554,3112.428913136326,750.5406195815165,1711.514940726508,860.6206482650423,0.026333200406032483,0.0054898133900783365,12.786567567873679,4.476803246044134,9.485572632429168,3.2897682979407414,18.447807986053697,3.6644876512298548,20.93006589317676,4.409859018072402,22.849444982205686,3.735581762797635,16.242796925910447,2.1673376065269814,18.290897456563137,1.2367390993639826
no_vocals,415.0,420.0,-540.4879760742188,21.690820693969727,194.9557647705078,27.654541015625,28.088848114013672,12.931113243103027,11.16167163848877,10.029826164245605,8.902426719665527,9.861407279968262,11.905465126037598,7.161336898803711,6.066409111022949,9.214280128479004,0.9807947874069214,7.135500431060791,-2.2066681385040283,7.053647041320801,-0.8602799773216248,6.348950386047363,1.856153130531311,6.362046241760254,1.1954684257507324,6.306948661804199,3.986332416534424,5.647429466247559,0.41324058175086975,0.38831183314323425,0.24884934723377228,0.20691342651844025,0.3238537311553955,0.8455266952514648,0.5656907558441162,0.335536390542984,0.436343789100647,0.35719287395477295,0.22439755499362946,0.2333923876285553,0.007006301472218504,0.003444249160450459,1391.677273124832,548.0924523406866,3065.5526232082384,948.4721623891562,1885.928889936195,1264.895976312905,0.024364214762180973,0.008075080971796076,14.272424370988102,4.8720438271787945,10.31720951844174,3.276039807286241,17.51136452932771,4.113390860792676,20.00868846335419,4.462518363749477,22.206896259302653,3.872310083804716,16.423502922195667,2.263017407856546,18.25171545643664,1.2749966015791605
no_vocals,417.5,422.5,-544.3421630859375,24.000478744506836,192.98814392089844,26.095073699951172,36.03498840332031,12.43227767944336,18.360027313232422,12.584758758544922,13.070245742797852,10.285364151000977,14.875239372253418,8.575096130371094,8.425285339355469,9.269832611083984,3.1548287868499756,6.451815605163574,-0.7554068565368652,6.432989597320557,1.2711844444274902,6.075000762939453,2.8218793869018555,6.234111785888672,1.113356113433838,5.950796604156494,2.5157740116119385,5.708578109741211,0.5216968655586243,0.44218772649765015,0.32580190896987915,0.29876431822776794,0.40986767411231995,0.7171463966369629,0.5801354050636292,0.5149805545806885,0.6221191883087158,0.5626752972602844,0.3683931529521942,0.37665772438049316,0.008866478662004396,0.003627484378363671,1207.0665327271786,516.4573610795571,2954.496409064371,886.974562659366,1528.4077726218097,1147.7268607806268,0.017026401174593968,0.00846018047114947,16.493487267381646,4.78668207754282,12.239924529090594,3.848824049351821,16.14596189985766,3.865357664011108,20.068056765910352,4.451598694613592,21.51108047770589,4.210793960465812,16.105827372166654,2.131000270248946,18.28777406275177,1.4268873310806078
no_vocals,420.0,425.0,-544.8617553710938,20.51849365234375,193.1885528564453,22.816287994384766,35.2203369140625,12.572314262390137,21.01040267944336,10.997514724731445,15.487449645996094,9.336679458618164,16.240205764770508,8.544591903686523,6.496415138244629,8.669123649597168,2.4689838886260986,6.053833484649658,-1.365919828414917,6.387781143188477,0.3986789882183075,5.868768692016602,2.4329769611358643,6.078051567077637,2.0174715518951416,5.060781478881836,1.01035475730896,5.071063995361328,0.6066732406616211,0.5520877838134766,0.3583182990550995,0.3033420443534851,0.3819238841533661,0.6011198163032532,0.6207347512245178,0.6289573907852173,0.7602187395095825,0.8234283924102783,0.5062244534492493,0.3962227404117584,0.009228497169363008,0.0029654078189635088,1106.9773321620619,386.59480173153696,2825.031077225066,723.4650862525546,1323.7174403639792,671.8638023296545,0.014015144649071925,0.00388864936359811,18.944079660660144,5.545396861528854,13.73651467238027,3.4232728484137516,15.997116439241221,3.622798848194658,20.143754867664615,4.013263719523215,21.921226475146597,4.085520360648865,16.37736098366967,2.1972361236784295,18.18810544444404,1.2406904300517543
no_vocals,422.5,427.5,-527.382080078125,21.64906120300293,199.69735717773438,22.403249740600586,27.44830322265625,13.368288040161133,14.317137718200684,10.061297416687012,15.230517387390137,10.988042831420898,15.070708274841309,8.894771575927734,6.748605728149414,8.557563781738281,2.331411361694336,5.992274284362793,-1.5938938856124878,6.32979679107666,-1.8389983177185059,6.262855052947998,1.16404390335083,6.542407989501953,1.0140725374221802,5.654707431793213,0.702512264251709,5.86522102355957,0.764499306678772,0.46348878741264343,0.2371259182691574,0.2079906463623047,0.2814084589481354,0.394838809967041,0.38389021158218384,0.4550032913684845,0.6569112539291382,0.6055417060852051,0.4953654706478119,0.5300899147987366,0.009708243964041158,0.002587426264132272,1136.2046692434062,344.0111188475331,2770.6153736155525,675.8991821433888,1434.73084487384,557.4875931644814,0.01699241408062645,0.004212376690723448,17.57310868279574,5.721941641658698,13.898217620860171,3.342864900911682,17.775319165800525,4.102392362317325,19.964041787689307,3.8159839061641696,22.219754231639424,3.450511109973673,16.919342418791544,2.357847140980724,18.259253731259104,1.5167086317072118
no_vocals,425.0,430.0,-516.7531127929688,18.522472381591797,212.26681518554688,23.706592559814453,24.36693000793457,14.450041770935059,8.208460807800293,10.851277351379395,11.167807579040527,11.83379077911377,14.27603816986084,9.009937286376953,8.174881935119629,7.367474555969238,4.807706832885742,7.003683567047119,1.0689222812652588,7.620582580566406,-1.1868891716003418,6.676960468292236,0.1798395961523056,6.7053399085998535,-1.4922740459442139,6.132760047912598,-0.008108081296086311,6.402980327606201,0.778023898601532,0.4341478943824768,0.1642724722623825,0.11650095134973526,0.147817000746727,0.22874978184700012,0.20370545983314514,0.2544415593147278,0.391981303691864,0.46969014406204224,0.7260872721672058,0.6163539886474609,0.010532097005028183,0.002314748726280379,1061.4837801267308,245.9856497888929,2507.6049095337776,618.1825817713598,1372.929053074246,285.3327898916845,0.01984279836136891,0.004490074875450914,15.674644457715116,4.911320755836985,13.93405678241417,3.5828777597245485,19.545346832378915,3.5841943453458223,20.78471742453336,3.6782547888716755,22.06564307539082,3.4628748488276315,16.80743219583739,2.2170546987008084,17.82969604000923,1.2148290370154813
no_vocals,427.5,432.5,-522.5335083007812,19.469459533691406,212.369384765625,24.054773330688477,29.390405654907227,13.882637023925781,5.664391994476318,9.568424224853516,8.953486442565918,9.80081558227539,12.658927917480469,8.756575584411621,5.902217388153076,7.095448970794678,5.786021709442139,6.971065521240234,4.583583354949951,7.124955177307129,3.059429883956909,6.751859188079834,2.149172782897949,6.938520908355713,-0.6974177360534668,6.277421951293945,-1.1197932958602905,6.407483100891113,0.7682439684867859,0.4801771938800812,0.2050331085920334,0.1329992413520813,0.17101365327835083,0.2743924558162689,0.23750701546669006,0.28082922101020813,0.3894808292388916,0.4272499978542328,0.6980587840080261,0.588832437992096,0.009638760601907208,0.0022999702709749366,1077.8719654824156,269.3601086585638,2586.3418377415114,657.4250228820537,1360.1390298723898,389.2806090665112,0.01947573774651972,0.004823050321316497,15.622852518300093,4.373282224400465,13.768684310942023,3.4857536539301663,18.354804079362506,3.637592470982762,21.60944394768056,3.6305319399272715,22.418414055222854,3.667453436480756,16.441742635400182,2.2903579123565683,17.7939436911512,1.5210492358580254
no_vocals,430.0,435.0,-533.4429321289062,17.658340454101562,205.51019287109375,22.2279109954834,33.093711853027344,13.725722312927246,10.155242919921875,9.780832290649414,11.305144309997559,9.31141471862793,12.489472389221191,8.793251991271973,4.878168106079102,7.000563621520996,4.4053544998168945,5.69423246383667,4.002142429351807,6.095226287841797,5.121168613433838,6.366799354553223,3.9094278812408447,6.1942524909973145,1.7750636339187622,5.688075542449951,-0.6638826727867126,6.657157897949219,0.89753657579422,0.5984744429588318,0.26700860261917114,0.14780233800411224,0.17021076381206512,0.268204927444458,0.23983527719974518,0.2984464466571808,0.4541013538837433,0.3962055444717407,0.41985997557640076,0.5068293809890747,0.008597099281665967,0.001634180395522295,1100.511761836232,259.029532649828,2715.529832224335,623.7206332539726,1363.536379785383,355.63443203181,0.01740479082076566,0.004247545293216019,14.845518379831121,3.863791478137653,13.24943505808386,3.559202905610145,16.916001865532483,3.6730350752430176,21.231400868171182,3.9241828986114253,22.88789060545596,3.6039029025099247,16.39383269438387,2.196087610772476,17.74786040142944,1.2677812058945754
no_vocals,432.5,437.5,-530.2908325195312,21.350141525268555,207.450439453125,26.22319793701172,31.99715805053711,14.998595237731934,9.86581802368164,11.372944831848145,10.813972473144531,9.440255165100098,11.93677043914795,9.030963897705078,3.76292085647583,9.394524574279785,0.41498157382011414,6.735551357269287,-1.0421513319015503,7.116616249084473,0.4964524507522583,7.593303203582764,1.5881061553955078,6.384206771850586,0.8683204054832458,5.691187858581543,-0.6851251721382141,6.281651496887207,0.816903293132782,0.5457985401153564,0.3125142455101013,0.32164549827575684,0.3178553283214569,0.34443166851997375,0.36610180139541626,0.36568236351013184,0.43454399704933167,0.3528376519680023,0.36326465010643005,0.4778488278388977,0.008840693411549116,0.002140874784643851,1129.6137538530052,406.2106728319597,2700.2458448429534,774.7143297962898,1461.1602287558005,820.1430087528109,0.019164189385150812,0.008905373279724894,14.20376410034455,3.8172960044423685,11.697052935784711,3.3534817182538825,16.297908718883246,3.8802955657945004,20.07322435846278,3.993926606518077,22.85969396262291,3.497457583943348,16.488387893316517,2.3024392160917473,17.690080107801823,1.5290384403114796
no_vocals,435.0,440.0,-524.5345458984375,20.21648597717285,217.0244598388672,27.541318893432617,33.512596130371094,13.97832202911377,9.994525909423828,12.095190048217773,11.582940101623535,9.02503776550293,11.57180118560791,8.576831817626953,2.096006393432617,9.076593399047852,-2.8228514194488525,6.563348770141602,-4.187134265899658,6.405533790588379,-2.1436712741851807,6.279378890991211,1.6314698457717896,6.851156711578369,2.3494203090667725,6.853292465209961,0.07842861860990524,6.309479236602783,0.5971657037734985,0.41896939277648926,0.31707778573036194,0.41268789768218994,0.46186426281929016,0.5910806059837341,0.5916518568992615,0.4919079840183258,0.4487001597881317,0.38431814312934875,0.3825218379497528,0.41255584359169006,0.01026299018239961,0.003406210223485756,1026.8057512158507,413.0554733676754,2487.59833070891,785.7753411401695,1274.056178400522,831.8138163319416,0.018863970055104408,0.008787176608297847,14.7329002909692,4.265070966898715,9.926969341573857,3.642479755133591,15.35443777852781,3.3210609541051137,19.021375112586995,3.6569373922388415,22.03618004062605,3.3857614987809037,16.561221267024475,2.1796749776705817,17.98358366802795,1.5077855713926183
no_vocals,437.5,442.5,-524.304443359375,19.94550895690918,212.68479919433594,25.210290908813477,35.429595947265625,12.859723091125488,17.16659927368164,10.995604515075684,16.046762466430664,9.894500732421875,14.126143455505371,8.118159294128418,6.232560634613037,8.230358123779297,-0.7261760234832764,6.511326789855957,-3.5192298889160156,6.040887832641602,-1.3599433898925781,5.906462669372559,4.944018840789795,6.5556230545043945,5.058659076690674,6.314871788024902,3.6753439903259277,6.02941370010376,0.47862279415130615,0.35493725538253784,0.23810599744319916,0.2725583016872406,0.4388972818851471,0.8115730285644531,0.663038969039917,0.548152506351471,0.6110658645629883,0.565682590007782,0.42802610993385315,0.37089744210243225,0.01071535101216589,0.003345794221598056,972.1497601065164,286.69709990704325,2485.6988172760944,663.5795276382148,1130.9178328016242,451.9147576377021,0.016463348317865428,0.003257409171477659,14.720458221612713,4.739477943747271,9.384881598372148,3.0109588806703758,15.679189021579939,3.5817994320667434,18.568172256599087,3.9277184358657973,21.8340469702012,4.239230461817741,16.452005378383927,2.2611173523798134,17.778476042886826,1.359621321223158
no_vocals,440.0,445.0,-520.1778564453125,20.40645408630371,213.454833984375,24.839330673217773,32.08412170410156,12.76627254486084,18.4787540435791,8.927380561828613,16.364389419555664,9.368060111999512,13.804492950439453,7.366074562072754,9.536821365356445,7.201827526092529,3.8617911338806152,5.911364555358887,-1.9560526609420776,5.763413906097412,-0.2043280005455017,6.023536205291748,5.0708513259887695,6.417513847351074,3.850707530975342,5.630298614501953,3.1162261962890625,5.737823963165283,0.4329223036766052,0.2862947881221771,0.20277747511863708,0.2494896948337555,0.40780264139175415,0.7718671560287476,0.6010658740997314,0.5509061813354492,0.7202666997909546,0.7185050845146179,0.5943270921707153,0.4496995210647583,0.01129422291979332,0.003318056870544739,961.4895583167854,293.9950939006368,2472.7043312148985,649.2985654481917,1177.531472049014,450.6912709296305,0.015892365139211138,0.0037819744477559517,15.915040454097069,4.996868945821609,10.301538650470295,3.1948331051548293,15.5837243896179,3.549613164435323,18.34514527357987,4.0068123034961785,21.922783532724026,4.1667266824560265,16.79937494852361,2.3357220291476755,18.047552423819443,1.4498244029005685
no_vocals,442.5,447.5,-516.9326171875,21.937541961669922,223.91781616210938,22.169212341308594,34.017032623291016,12.919331550598145,18.572830200195312,10.02958869934082,15.649763107299805,8.29430866241455,15.7302827835083,7.198610782623291,11.921977996826172,7.48939323425293,7.003535747528076,5.8766770362854,-0.15507277846336365,5.534432411193848,1.561511516571045,5.5373358726501465,4.457458972930908,6.446523189544678,3.233811140060425,5.44287109375,2.4064228534698486,5.199331760406494,0.3620513081550598,0.24759459495544434,0.25056150555610657,0.35215720534324646,0.5079575181007385,0.7797114253044128,0.6302052736282349,0.561691164970398,0.6404309868812561,0.6341060400009155,0.6412914395332336,0.4651106595993042,0.013649148915153161,0.003149548530412915,795.0083406356847,185.32426988522909,2144.9849946787635,465.3913103474827,971.9418412848028,279.96607978283566,0.01367074209686775,0.0036840407318429772,16.78331024110492,5.222996182140781,10.166083954014802,3.0029825503902905,15.967455117207082,3.540421912607955,17.44523707731071,3.224761969190785,21.9920101537219,3.337202571418232,16.853518035494787,2.253460622594368,18.04221597235738,1.3811472044038415
no_vocals,445.0,450.0,-520.5458374023438,23.392271041870117,225.99217224121094,23.720966339111328,38.746055603027344,12.183286666870117,18.50911521911621,10.833125114440918,18.489990234375,8.648693084716797,18.48525047302246,6.552464962005615,11.040726661682129,7.644689559936523,6.473304748535156,5.878777027130127,1.2746425867080688,6.398322582244873,2.207552909851074,5.691296100616455,4.008555889129639,6.629240989685059,2.7184197902679443,5.593350410461426,2.3076701164245605,5.0095601081848145,0.35862845182418823,0.30430522561073303,0.2914835214614868,0.37355491518974304,0.5669153928756714,0.9169414639472961,0.7463759183883667,0.5763953924179077,0.5376153588294983,0.46390995383262634,0.5200140476226807,0.40492796897888184,0.014089222163342269,0.0025827086080427507,744.9789677189633,170.90437155176275,2088.145932290527,469.84184217391265,877.7153422273782,266.42246549608353,0.013521198883410673,0.003395150217303427,15.747669705431829,4.909548257229352,9.492169818740717,2.6700080814895086,17.03150497890959,3.453985914638334,17.98195031452993,3.6597722876330425,22.408758650490395,3.6759878634721495,16.431449806376943,2.3529747298063217,17.949260376120513,1.6348609477998868
no_vocals,447.5,452.5,-538.8230590820312,25.538782119750977,219.38572692871094,29.73560905456543,37.5483283996582,12.18547534942627,19.214441299438477,10.658492088317871,20.746788024902344,7.55294132232666,20.467037200927734,6.978561878204346,10.084232330322266,7.319459915161133,6.263416767120361,5.740090370178223,3.2042722702026367,7.385575771331787,3.378765821456909,6.160356044769287,5.513936519622803,7.214953899383545,4.214543342590332,5.7752461433410645,4.015716552734375,6.407052993774414,0.474330872297287,0.454434871673584,0.377684086561203,0.40520480275154114,0.5939305424690247,0.9586449265480042,0.7967848181724548,0.6266281008720398,0.5353213548660278,0.39409756660461426,0.3899441659450531,0.36526840925216675,0.011834554515753088,0.0027425618796393975,785.9700419009215,219.659039343706,2206.904041243839,639.8809177798322,917.1845544518561,279.64122469776737,0.013334269866589327,0.003532492974236691,14.731435892509111,4.600641995720442,9.959928268499278,3.046317487107355,17.058529837626004,3.643890817922752,18.716073872726234,3.7544928070088095,22.83695658383597,3.7044724719766977,16.43246492430527,2.109984068633092,17.842756569785024,1.4851448158885254
no_vocals,450.0,455.0,-536.59912109375,28.271764755249023,218.7340087890625,27.75106430053711,30.35586166381836,13.881647109985352,14.851938247680664,11.711820602416992,20.436452865600586,7.546725273132324,19.18981170654297,6.799435138702393,15.084756851196289,6.411350727081299,7.613163471221924,5.943057060241699,4.802017688751221,6.623549461364746,3.82987642288208,5.963194370269775,5.046561241149902,7.082296371459961,4.345492839813232,6.3844404220581055,6.374915599822998,6.625959396362305,0.613246738910675,0.5903500914573669,0.4215411841869354,0.42037999629974365,0.6181524991989136,0.88872891664505,0.7069554924964905,0.6257856488227844,0.558441162109375,0.407268762588501,0.39848557114601135,0.4301730990409851,0.011430211011925389,0.0028085586477619258,783.1500507056315,225.86875080355932,2064.305060151186,659.541287842978,1048.132409186485,361.2088422592624,0.013157536977958236,0.004078055684906472,16.18746604786111,5.568877272238629,10.948896657684108,3.2593062915289805,17.12253260377032,3.745702487695029,19.351430920023482,3.7422837625248238,22.51398483364709,3.6391548210589795,16.709194974641434,2.364095640416383,17.943675947938548,1.655722454606167
no_vocals,452.5,457.5,-511.4347839355469,19.26865577697754,235.7489013671875,15.938019752502441,21.326313018798828,9.316839218139648,10.75318717956543,8.254199028015137,15.530200958251953,7.398226261138916,16.335819244384766,5.2530670166015625,14.432024002075195,7.118584632873535,6.506437301635742,6.103733539581299,2.3433337211608887,6.298542499542236,1.3025574684143066,5.6679511070251465,1.6705067157745361,5.760942459106445,1.3533976078033447,6.170877456665039,4.303344249725342,6.049490451812744,0.600092887878418,0.6187952160835266,0.36588960886001587,0.27874594926834106,0.4398461580276489,0.8377824425697327,0.5779143571853638,0.43450263142585754,0.5166304707527161,0.4325842559337616,0.5095047950744629,0.5174052715301514,0.013474645366429798,0.002932948023519664,738.4667099883446,119.98249045506304,1726.2468303518597,313.0128168794017,1114.1808883773201,239.1645740607107,0.01583911869199536,0.004463172791365134,18.56967482641685,4.91283753851485,10.453075571261383,3.3135965951963766,17.533833967113125,3.5770074247148758,19.442453814435247,3.571873299845556,21.735071109879804,3.4603299699238828,17.528695798614788,2.1415817108932966,18.379389236183044,1.2870084474433054
no_vocals,455.0,460.0,-512.3856811523438,20.398408889770508,222.19479370117188,25.401933670043945,27.164342880249023,14.278507232666016,13.66853141784668,8.177047729492188,10.7134370803833,8.496896743774414,14.39011287689209,7.958301067352295,12.161869049072266,8.341146469116211,4.659499168395996,7.1110758781433105,0.1711624413728714,5.920914649963379,-0.5100245475769043,5.777197360992432,2.2416248321533203,5.576409339904785,-0.021155407652258873,5.620140075683594,5.213077545166016,5.551062107086182,0.5706097483634949,0.513931930065155,0.26154735684394836,0.17934274673461914,0.3246913254261017,0.7308474183082581,0.46064621210098267,0.3086448311805725,0.553627073764801,0.48389995098114014,0.5667042136192322,0.5666544437408447,0.011437427627437007,0.003919906854122776,961.4345416877164,318.40208846492607,2276.7346109279783,778.6308782310139,1226.7430847592807,347.10184736407837,0.01866911071635731,0.005321757446213739,17.129485860362195,5.1175644402332185,10.196859194019181,3.2090298956361116,17.253397179076124,3.6880610220644123,20.362782909098435,4.135479910312564,22.072618752439087,3.663692037026838,16.700532015687305,2.44656694563922,18.218984514085857,1.6075898055600062
no_vocals,457.5,462.5,-517.1669311523438,22.028644561767578,213.02996826171875,22.434127807617188,30.102466583251953,14.886157989501953,12.47978687286377,8.956829071044922,10.824910163879395,7.9336323738098145,13.371261596679688,7.961567401885986,11.08841609954834,7.646923065185547,4.324862003326416,8.145898818969727,-2.6609246730804443,6.2032389640808105,-1.0462532043457031,5.975490570068359,1.713239312171936,6.99757194519043,-0.807025671005249,6.062600135803223,6.056641578674316,5.482029438018799,0.45280128717422485,0.3608175814151764,0.18148228526115417,0.15539540350437164,0.31547796726226807,0.7397194504737854,0.46445223689079285,0.3248320519924164,0.6333547234535217,0.4834834337234497,0.4355175495147705,0.4247215688228607,0.010191149273865668,0.003621037138812344,1060.0869419717567,302.0991588356912,2555.892010813499,704.0158385234195,1308.0296775304525,348.5544868423896,0.019265017763921113,0.005210066680215421,16.58126959376852,5.114357783758592,11.264865720490304,3.3628661813576164,17.580185625893286,3.633630870761987,20.572230565520602,3.7127283461733858,22.602409517111024,3.502059055565754,16.655904241937524,2.4363977424393726,18.24392031870628,1.4997337398861927
no_vocals,460.0,465.0,-517.8165283203125,21.835697174072266,220.75047302246094,21.45718002319336,30.966394424438477,15.926095008850098,13.9393310546875,10.069735527038574,10.630487442016602,8.724431037902832,13.802266120910645,6.695810794830322,11.981415748596191,6.409267902374268,5.403434753417969,7.111143589019775,-4.9713215827941895,5.366153240203857,-1.9848015308380127,4.988982677459717,0.4443090558052063,6.678279399871826,-0.9365554451942444,6.157924175262451,5.4537248611450195,5.7194366455078125,0.30680927634239197,0.28974422812461853,0.28343358635902405,0.38693809509277344,0.4901446998119354,0.8182373046875,0.5537754893302917,0.4180316925048828,0.6496995687484741,0.5492321848869324,0.35707688331604004,0.28126201033592224,0.011762504597149115,0.003607398932721631,910.6681613803162,236.9037931242613,2249.600140601433,572.4216788814273,1172.2855640951277,362.0770672748246,0.01660496120939675,0.00449016377264671,17.719414183610994,5.0057010897771095,10.300598745866077,3.3566242469141185,17.023885326948115,3.6584015370967418,19.518934790777482,3.8961944673316733,21.907180756636645,3.700515410255717,16.920821443457385,2.7411230626325915,17.90440874382108,1.538181100341286
no_vocals,462.5,467.5,-521.1669311523438,20.421171188354492,224.3992156982422,21.065202713012695,31.229398727416992,15.880809783935547,13.301219940185547,10.915844917297363,8.65113353729248,9.63577651977539,13.650752067565918,7.044398784637451,12.228438377380371,7.479487419128418,6.996617317199707,5.294168472290039,-3.854957342147827,5.926665782928467,-1.7470088005065918,5.364689350128174,-0.3640845715999603,5.699347972869873,0.26837605237960815,5.665842056274414,7.011148929595947,5.728352069854736,0.34442052245140076,0.37813836336135864,0.3755391836166382,0.49580904841423035,0.529457151889801,0.7630348801612854,0.6006489396095276,0.5653721690177917,0.7684984803199768,0.7240814566612244,0.40682607889175415,0.2644609212875366,0.011293067786466599,0.0032949821409064273,880.3382488802038,193.72462410804957,2211.354765883287,515.2076153279758,1113.0817457584108,235.0070216769164,0.01599772513051044,0.004298626831354053,17.40370841596394,4.460127954495242,9.462379497509705,3.2699563065517228,15.65144509583756,3.1409883568799097,18.691728282491084,3.7051556059669544,21.25861787327582,3.3383468825752454,16.876511147399718,2.4967384398003523,18.058497881944394,1.4860745527189911
no_vocals,465.0,470.0,-522.9453125,19.874317169189453,224.26979064941406,20.475238800048828,25.564903259277344,12.832601547241211,7.579580783843994,8.403827667236328,6.991358280181885,9.135281562805176,14.21839427947998,7.602190971374512,12.002791404724121,8.061902046203613,9.231246948242188,6.387951374053955,-0.5410671830177307,6.120059490203857,-1.936327576637268,5.596179962158203,-1.779456615447998,5.558450698852539,0.8234651684761047,5.090057849884033,8.272738456726074,5.240779876708984,0.41975122690200806,0.4475514590740204,0.3119474947452545,0.32745254039764404,0.41278088092803955,0.7540373802185059,0.582876443862915,0.583815336227417,0.8001179099082947,0.724372923374176,0.42265528440475464,0.29500848054885864,0.009699949923375504,0.0026878075364920764,954.7455829502499,251.52211692065242,2279.4959975906063,552.0667666219499,1273.8063732598607,388.7154278495671,0.018314512035962877,0.005444067899114028,16.900930866064652,4.593237911494465,9.526004401335548,3.0377595253080094,15.482159344991679,3.402731651917735,19.053957205964615,3.696333869104529,21.621413059036282,3.5620566406470644,16.748653574024416,2.293218293857729,18.000369518732825,1.5439084406191537
no_vocals,467.5,472.5,-518.600830078125,18.111021041870117,215.16683959960938,23.330854415893555,28.467330932617188,12.280237197875977,5.143044948577881,8.46250057220459,6.287446975708008,9.57756233215332,14.292370796203613,8.379952430725098,12.186981201171875,7.831089496612549,7.835230350494385,6.710386753082275,0.7488978505134583,6.274794101715088,-4.405060291290283,6.981778621673584,-2.3541066646575928,6.196951389312744,-0.5677061676979065,5.6200690269470215,5.605607986450195,7.069504737854004,0.6067996025085449,0.5339474678039551,0.31055474281311035,0.27432093024253845,0.3701196610927582,0.6860763430595398,0.5495923161506653,0.5266534090042114,0.7004908323287964,0.6462743878364563,0.47069376707077026,0.40893253684043884,0.010011016760721561,0.0036183349413602965,1054.106196747008,347.2753608825527,2514.5692230784757,710.609265550442,1378.7744933657193,526.7214791694553,0.01873028748549884,0.005796885880354601,17.943714260677808,5.711237571864818,10.601827543562884,3.3656996939154444,16.273864395569785,3.441423856088894,19.628287095112036,3.894937747857352,21.692259763713928,3.5398025565132807,16.571658229089454,2.2352425234051094,18.021401032297252,1.3834451816113116
no_vocals,470.0,475.0,-517.3714599609375,19.13893699645996,209.09039306640625,24.492313385009766,31.841323852539062,11.395383834838867,8.49921989440918,10.096668243408203,6.7196574211120605,9.46045207977295,14.1387939453125,7.765653610229492,8.6547212600708,8.02392864227295,4.881807804107666,5.853152751922607,-0.9360017776489258,6.422999858856201,-5.802149295806885,7.055543899536133,-3.898123025894165,6.670801639556885,-1.4769114255905151,5.5462727546691895,1.8531070947647095,5.899923324584961,0.8312774300575256,0.6270206570625305,0.33269450068473816,0.2804609537124634,0.38503164052963257,0.6461193561553955,0.5155887007713318,0.4901902675628662,0.6265444159507751,0.5319965481758118,0.42059326171875,0.5025528073310852,0.010473886437783247,0.003952672727228187,1089.359929475429,394.38964459090204,2635.037368606807,740.6981018294189,1382.4216484193735,703.7894820575634,0.018287322360788862,0.006224179087908122,18.55686762121686,4.966051865576354,11.27436044673685,3.2244867314557952,16.21553492765692,3.6611402009849114,19.69418352019003,3.364773259685767,21.280226069458813,3.692393010760035,16.172240830324586,2.119815959642539,18.31127346626678,1.1925066762576682
no_vocals,472.5,477.5,-532.00244140625,21.386276245117188,202.69790649414062,23.0238037109375,35.482364654541016,12.43405532836914,10.396912574768066,10.694770812988281,5.447724342346191,10.123290061950684,13.400934219360352,8.100720405578613,11.122942924499512,8.928905487060547,7.715968608856201,7.220807075500488,-0.3274373710155487,6.114195346832275,-6.242119312286377,6.041213035583496,-5.724644660949707,6.29581880569458,-2.4736905097961426,6.33771276473999,1.2224812507629395,4.950704097747803,0.8252572417259216,0.6378312706947327,0.38270890712738037,0.34183937311172485,0.4370134770870209,0.6818425059318542,0.5427479147911072,0.5057820081710815,0.6411088705062866,0.5209904909133911,0.39672529697418213,0.5164021849632263,0.008820994867318745,0.0030472623691493363,1135.8568639576877,359.71529017277726,2786.2280193350466,693.9906722177831,1380.6730124347448,610.3346225830396,0.018532029437354988,0.005914209230356484,18.13245468958719,5.229904689994621,11.224158485710841,3.1633519246817237,15.799369439749697,3.4641231257615144,19.85250336733151,3.69475394563939,21.49026201886315,3.855997045293196,15.926719480810632,2.051597542138204,18.133364326650046,1.4695395741368213
no_vocals,475.0,480.0,-522.8648681640625,24.797727584838867,209.53839111328125,26.627422332763672,32.32030487060547,14.340999603271484,5.098995685577393,11.153234481811523,6.0301194190979,10.345013618469238,12.175532341003418,8.377861976623535,12.806317329406738,8.847417831420898,10.36495590209961,7.064253330230713,0.584654688835144,5.819100379943848,-8.52673625946045,6.1078619956970215,-9.215128898620605,6.745759010314941,-7.2594757080078125,6.331532001495361,0.22262310981750488,5.500370502471924,0.623219907283783,0.5256817936897278,0.35448509454727173,0.4325242042541504,0.4114176630973816,0.5759459733963013,0.4616800546646118,0.4233013689517975,0.6035611033439636,0.573106050491333,0.6118496656417847,0.5777913331985474,0.009419058648363758,0.0031768858063469145,1131.908469744576,312.6079615381176,2720.723224473845,706.577003769882,1384.8197777697217,404.1668819121765,0.020554261528422275,0.006418464270491823,17.185177602153985,4.74061037785962,10.704717017385914,3.317477785826075,16.213099392049852,3.550844064985269,20.065192660018283,4.020814726123298,21.641550804111755,3.6573802651308065,16.68612281644163,2.5346724234137357,18.159164217659658,1.2283044182148235
no_vocals,477.5,482.5,-508.70941162109375,18.840221405029297,223.34202575683594,25.04652214050293,29.859882354736328,14.437868118286133,2.539478302001953,10.272769927978516,5.73499059677124,9.608307838439941,12.167577743530273,7.881781101226807,12.48173999786377,8.120993614196777,10.391181945800781,6.282835006713867,0.5257763266563416,5.558666706085205,-8.384346961975098,6.054483890533447,-8.364742279052734,7.506439685821533,-6.419242858886719,6.623665809631348,0.9416738152503967,5.754761219024658,0.39601799845695496,0.3234807550907135,0.2323991060256958,0.349377304315567,0.3372648060321808,0.5582704544067383,0.4116395115852356,0.39909854531288147,0.6938595771789551,0.6272485852241516,0.5953112244606018,0.46870777010917664,0.01160371833774769,0.003694177508274185,1005.3684903384835,299.3784411658582,2364.810762390209,681.9916532174028,1303.9328732236079,409.0012934334776,0.020456831859048723,0.006074742377484941,17.533016754803334,5.103999370732307,10.36061659953622,3.227252917516283,16.99224776136048,3.6925798205073783,20.30988969506095,3.8192143819661606,21.39937604945424,4.044124479953491,16.802973633000892,2.7936092952439204,17.84453766661717,1.4648182628439033
no_vocals,480.0,485.0,-512.802490234375,18.202421188354492,224.9215087890625,22.06041717529297,38.3228874206543,13.52645206451416,5.756326198577881,10.135923385620117,3.4702510833740234,8.907851219177246,12.183099746704102,8.23449993133545,15.39481258392334,7.1266303062438965,10.25424575805664,5.544387340545654,1.7325576543807983,6.310827732086182,-4.721764087677002,6.695234298706055,-2.4085395336151123,7.620527267456055,-1.2822507619857788,6.147530555725098,2.0104753971099854,5.449672222137451,0.46535274386405945,0.35999032855033875,0.2653031349182129,0.2739218473434448,0.3539113998413086,0.6155354976654053,0.47940126061439514,0.5233669281005859,0.7865940928459167,0.6682041883468628,0.49744322896003723,0.407610684633255,0.012468313132769271,0.0033173754687534575,910.4081159001175,229.8188326331279,2310.942144046536,577.9283470680097,1157.047450514791,231.14911200461324,0.016807750870069606,0.0039314569212598825,17.19206382685468,5.256561930698142,10.884656374739068,3.4821968969447425,16.24922450311212,3.852717600978782,20.185408301864292,3.8273533038116088,21.41886714223812,3.7054601480629614,16.1517588601626,2.109624706169036,17.981511209621306,1.2194320062103547
no_vocals,482.5,487.5,-511.6377258300781,19.740089416503906,222.7483673095703,24.516145706176758,42.366207122802734,11.30405330657959,12.318909645080566,10.802107810974121,5.547189235687256,10.393969535827637,10.804923057556152,8.482287406921387,13.447832107543945,8.35433578491211,9.563007354736328,5.503300666809082,3.7794442176818848,6.8215765953063965,-0.6168285608291626,6.183168888092041,0.6427620649337769,6.67444372177124,-0.8289079070091248,5.763079643249512,0.09039005637168884,5.555148124694824,0.552286684513092,0.46344658732414246,0.30302131175994873,0.2742408812046051,0.381653368473053,0.543171226978302,0.4678310751914978,0.5037412047386169,0.6043182015419006,0.608644962310791,0.6998838782310486,0.5544090867042542,0.013251447576917102,0.003217756917656081,881.3573924832789,259.5793498238988,2333.1800757452875,624.2231108722392,1067.5672491299304,360.92969168582107,0.01515597810324826,0.003822243247807899,15.702866625118952,4.656715939079709,10.941464496813788,3.4097958494947425,15.156697954981714,3.189808632561382,19.745877863213224,3.973044708387346,20.457997571391136,3.7558658157085025,16.268442700091082,2.306840546713395,17.964905150599552,1.5611054502911383
no_vocals,485.0,490.0,-504.4820861816406,20.359907150268555,227.71627807617188,24.838407516479492,41.171443939208984,11.193652153015137,10.95858097076416,11.525003433227539,5.506507873535156,10.234233856201172,11.080639839172363,8.345786094665527,12.123289108276367,7.967568874359131,11.457357406616211,6.313995838165283,5.020330905914307,6.662084579467773,-0.6807364821434021,5.426178932189941,0.8211263418197632,6.125600814819336,-1.123782753944397,6.06249475479126,0.3741355240345001,6.341290473937988,0.5419867038726807,0.4972573220729828,0.3390178680419922,0.3296126127243042,0.44090282917022705,0.5979648232460022,0.5056183934211731,0.47901296615600586,0.5259230136871338,0.5348490476608276,0.738105058670044,0.5802857279777527,0.014216393969192444,0.0031794656834644866,849.346876503881,247.293986087887,2225.9693421311945,609.931318144399,1064.7694315545243,368.79561952283484,0.015771144504060326,0.0038332309439905897,15.244467984694422,4.995529844832433,10.665635958096397,3.533702862740942,15.362299356453804,3.642905668652117,19.41663079701183,3.640727152501467,20.831628523660328,3.9761112332482886,16.741051516180057,2.6546798130374754,18.069657141163166,1.6826121204801852
no_vocals,487.5,492.5,-508.03448486328125,19.78422737121582,224.20004272460938,23.755630493164062,38.375877380371094,12.796635627746582,8.705201148986816,11.048301696777344,6.165432929992676,9.71013069152832,12.861461639404297,7.998622417449951,14.143280982971191,7.496414661407471,15.480745315551758,6.16515588760376,6.3557891845703125,6.104708194732666,-0.48153772950172424,6.102457523345947,3.2576920986175537,6.511874675750732,1.8962252140045166,6.3015217781066895,2.922769069671631,6.060359477996826,0.5417378544807434,0.5248160362243652,0.41790804266929626,0.37508589029312134,0.49140357971191406,0.7560286521911621,0.7021918892860413,0.6233007311820984,0.6592466831207275,0.5779945850372314,0.6565788984298706,0.6582410931587219,0.013204492048388498,0.003192280653103481,870.933884022966,196.75093465606983,2284.3589504385377,540.7468423220498,1110.9334215487238,206.81024672412263,0.015985263196055685,0.0038819140322079483,14.821777466546827,4.52061428116756,10.223393382231645,3.2047195524130947,15.358035169630638,3.6304334087788854,19.667510570535846,3.5823205174192663,22.311936901580424,3.5986901574257,17.053863135171166,2.5357182322499683,18.04244568422373,1.3944510530646383
no_vocals,490.0,495.0,-515.1302490234375,19.87945556640625,220.72625732421875,25.932796478271484,36.441009521484375,14.468653678894043,11.598584175109863,11.357086181640625,9.934247016906738,10.345026016235352,13.204533576965332,7.3103861808776855,12.442099571228027,7.691129684448242,13.47084903717041,6.740594863891602,5.058708667755127,5.95526647567749,0.9152432680130005,6.305334091186523,4.587621688842773,6.478348255157471,1.0277303457260132,6.728318214416504,1.1758619546890259,6.735124588012695,0.4926498532295227,0.4363550543785095,0.28857341408729553,0.29727470874786377,0.5188515186309814,0.7354963421821594,0.5566616654396057,0.5440124273300171,0.5868589878082275,0.566938579082489,0.7449653744697571,0.5454606413841248,0.012295481210829486,0.0030557789387728306,894.975373370117,228.39271044011713,2328.674270842456,591.5304819239838,1123.72344475058,334.291886238471,0.01583685288573086,0.004146131084494681,15.24272312843295,4.5949466343163525,10.781262140915603,3.5050170688592996,16.27460661527678,3.6138425766118734,19.965088473035948,3.67011552769581,22.691693923113245,3.669097292510378,17.179163155316303,2.896261585899141,17.926983708051043,1.5886563826875035
no_vocals,492.5,497.5,-514.6044311523438,20.41596794128418,223.55648803710938,23.03949737548828,36.06397247314453,12.807254791259766,9.499397277832031,9.487320899963379,7.638669490814209,10.68604564666748,11.191667556762695,6.927944183349609,11.329221725463867,7.027122497558594,10.026020050048828,5.341805934906006,3.624506950378418,5.278581619262695,-0.40375903248786926,6.085516452789307,3.8682942390441895,6.556331157684326,-0.545364499092102,6.4082183837890625,0.5492053031921387,7.344813823699951,0.5967499017715454,0.4921722710132599,0.28351664543151855,0.19276855885982513,0.27611467242240906,0.545589804649353,0.3829253017902374,0.3026570677757263,0.47717753052711487,0.5542940497398376,0.8483002781867981,0.7716349363327026,0.011808690398914216,0.0029101087557934203,918.6442504679071,219.18706514118705,2345.1060977865513,533.8316957020556,1159.3456578088746,312.74820665388233,0.016924439892691417,0.004173172287130266,15.38614743579719,5.341392867090331,11.692729773621508,3.7003512721692204,16.827915187134373,3.5010620162153643,19.94564372823179,3.865471910141664,23.21912575198875,3.3237765437979188,17.30512323901099,2.583447890362043,18.514250110254146,1.4813458745715629
no_vocals,495.0,500.0,-509.63873291015625,23.191009521484375,222.45896911621094,20.502735137939453,31.402034759521484,12.88672924041748,3.5153584480285645,10.095199584960938,4.039102077484131,9.354351043701172,11.710118293762207,7.165993690490723,12.432207107543945,8.269363403320312,9.984662055969238,6.666508197784424,5.670142650604248,5.779438018798828,1.5870277881622314,6.432253837585449,5.408306121826172,6.180894374847412,1.5110111236572266,5.64743185043335,1.942341685295105,6.936468124389648,0.6634456515312195,0.46974384784698486,0.2217506319284439,0.15070629119873047,0.26802945137023926,0.6343945860862732,0.3407292664051056,0.23738805949687958,0.4740167558193207,0.48984014987945557,0.7253878712654114,0.6663950085639954,0.010930650106905646,0.0022638651838842306,999.3621255645704,228.94173009064554,2388.185565080601,556.6143450270235,1304.8821327581206,296.7015399968345,0.021316705336426916,0.006421483434890374,14.278839837363396,4.116457752922692,12.395699859188841,3.716135537721541,17.200482552920473,3.835107415765455,21.13009644667811,3.719986159596611,23.87869191660201,3.31782010639215,17.156270349628755,2.53507264034664,18.328131448325127,1.5802481154254968
no_vocals,497.5,502.5,-497.7120666503906,19.093746185302734,231.54872131347656,21.486370086669922,23.695947647094727,11.857617378234863,-4.818524360656738,9.4983491897583,8.014829635620117,9.030774116516113,14.56086254119873,6.9775390625,11.4054536819458,9.28271770477295,7.824185371398926,7.631007671356201,5.228296756744385,6.6855149269104,3.196998357772827,5.78955078125,7.5556559562683105,6.426333427429199,1.0511969327926636,6.094860076904297,-3.1760919094085693,7.947710037231445,0.7052650451660156,0.5444861054420471,0.26847153902053833,0.19588683545589447,0.3453453481197357,0.8232496380805969,0.44977936148643494,0.25276198983192444,0.4135800302028656,0.3185347020626068,0.38948240876197815,0.4242123067378998,0.012688020742314668,0.0033117231245985506,961.6891747746147,211.75733950030124,2153.7407019328675,543.434534471974,1372.7791699898492,305.605364913617,0.024418594112529002,0.0056928297850519,12.9440908040141,4.6677297012610595,10.780840622392198,3.4712891675649673,18.1865932538071,3.5755721340693474,22.263871122773214,3.5924336780097015,23.88616342121881,3.605359378963943,18.076054586417058,2.776440019634275,18.15565427196746,1.4913653499745443
no_vocals,500.0,505.0,-504.85345458984375,23.00674819946289,231.74061584472656,19.86304473876953,28.704551696777344,14.052642822265625,0.6826004981994629,12.509759902954102,8.432016372680664,8.903614044189453,14.391989707946777,7.492971897125244,11.392512321472168,8.376375198364258,6.18782377243042,6.869656562805176,2.135745048522949,6.257152557373047,1.278770923614502,6.999027252197266,6.33217716217041,7.0102219581604,0.16278724372386932,6.254295825958252,-3.76564359664917,7.668669700622559,0.708513081073761,0.5662969350814819,0.29591676592826843,0.2395404428243637,0.43508797883987427,0.8241977691650391,0.5232630372047424,0.3382355868816376,0.3864779770374298,0.22560299932956696,0.20938920974731445,0.30841538310050964,0.013927576085660615,0.0035720852627935925,873.8592721349199,138.96473767931232,2064.1960583211467,400.8070220558424,1225.0943708309164,217.36853130657946,0.02023364994199536,0.0062017129085237,14.654452833053938,5.438491539266314,11.044434337560041,3.4699997405762755,18.8601420445508,3.5745777078245466,22.110026058947597,3.8795285688875443,22.79818048218331,3.624951494082577,17.652881815302578,2.832544844578766,18.25117421181158,1.3001837762794648
no_vocals,502.5,507.5,-519.40673828125,28.905418395996094,214.5248565673828,24.290855407714844,33.93040084838867,13.128376960754395,13.969285011291504,18.856924057006836,5.037961483001709,12.071990966796875,11.352560997009277,9.017329216003418,16.691280364990234,10.642346382141113,8.244511604309082,7.253111362457275,0.6204878687858582,6.994847774505615,-2.1590700149536133,6.958580017089844,2.4634764194488525,6.997368812561035,-0.9047173857688904,6.6291656494140625,1.8276910781860352,7.176479816436768,0.6143762469291687,0.49395376443862915,0.28214627504348755,0.272673636674881,0.5314876437187195,0.86656653881073,0.5940789580345154,0.4133981168270111,0.3872391879558563,0.18303360044956207,0.14579689502716064,0.2720383405685425,0.012145137965890932,0.004203747761638254,1030.648906651707,498.01384009283106,2390.394696007789,657.4805448983474,1362.2873540820765,766.5397083668327,0.0205100783062645,0.020925722530969575,17.72629021499779,4.893228122479831,12.494988171481669,3.210298687769976,17.689502088898795,3.2873677721728427,22.350000647170674,4.5285540629662435,22.13196343418526,4.401138408137996,17.039570968214417,2.9733686811292355,18.40227155625051,1.904866652420973
no_vocals,505.0,510.0,-531.0344848632812,28.384857177734375,203.3673095703125,21.48578643798828,35.5196647644043,13.680092811584473,21.348785400390625,17.5728759765625,7.686601638793945,12.042256355285645,11.11173152923584,8.810827255249023,18.124099731445312,10.17850112915039,11.009478569030762,6.990054607391357,1.5241785049438477,7.014424800872803,-3.5960707664489746,5.620170593261719,1.4238286018371582,6.486732006072998,-0.10476521402597427,6.781137943267822,4.323366641998291,6.569972038269043,0.41536206007003784,0.34861457347869873,0.23300690948963165,0.27716851234436035,0.5794631838798523,0.9572454690933228,0.6378675699234009,0.398061603307724,0.3164829909801483,0.122218556702137,0.09378413110971451,0.18488703668117523,0.010319184809555829,0.003418384805346285,1091.9074658752622,486.04338006740943,2622.7567131978594,619.4425422949016,1359.7893026754641,769.319622140107,0.01985865900522042,0.02095268524185904,17.40023955102057,5.005536432151062,13.093539483048213,3.342884705689049,17.471193512417557,3.660965491881792,22.31476492262929,4.391735282480046,21.126909935007344,4.711616945465776,17.28432890196281,3.4263232260842984,18.50015463176257,2.0389997988694724
no_vocals,507.5,512.5,-548.0578002929688,18.468280792236328,198.17474365234375,20.285951614379883,41.87819290161133,12.363802909851074,26.894264221191406,10.319060325622559,16.257400512695312,10.543609619140625,14.678092002868652,7.454970836639404,16.35259437561035,7.328555583953857,12.79330825805664,6.4004411697387695,4.006063461303711,6.540497779846191,-2.3643686771392822,6.612408638000488,4.239124774932861,7.232570171356201,3.952613592147827,6.460234642028809,6.819602012634277,6.438711166381836,0.22752317786216736,0.20219692587852478,0.19059066474437714,0.3001518249511719,0.6605439782142639,0.9978084564208984,0.6752557158470154,0.41340500116348267,0.2570975720882416,0.09141101688146591,0.060762662440538406,0.10662186145782471,0.010755156181437199,0.0022681557035468527,934.8816820816926,214.9202607787455,2620.429113287493,513.5007907687581,1014.7584423941415,312.74696956625587,0.012806337006960556,0.0046409351577092976,16.247869376676668,4.379140452565447,14.40141417279502,2.990171249510575,17.11854822508041,3.7609695176218905,21.35520293957167,4.409105197455503,19.259523641544714,4.325324244698099,17.484200581778545,3.3949538501988648,18.33006666910301,1.382835051832966
no_vocals,510.0,515.0,-557.48291015625,17.457164764404297,194.63992309570312,21.647340774536133,46.166500091552734,12.790852546691895,32.080047607421875,9.188691139221191,21.44774627685547,9.995893478393555,15.818601608276367,7.953865051269531,17.28388214111328,7.751542568206787,14.406166076660156,5.508058071136475,6.024955749511719,6.794454574584961,-1.455223560333252,6.796618938446045,6.060483455657959,7.740477085113525,6.443748950958252,6.473631381988525,8.635981559753418,5.644649028778076,0.1617448329925537,0.1671316772699356,0.19426918029785156,0.3150312006473541,0.6725901365280151,0.9998135566711426,0.733292818069458,0.4668486714363098,0.25954487919807434,0.09429224580526352,0.05904018506407738,0.08417707681655884,0.011636432035547399,0.0018827652514582143,873.0556156100383,213.96705010714496,2635.1823837029942,544.1606885055332,853.4342825551045,300.2312782130741,0.010030724332946635,0.0022508906490158413,15.46526599978301,3.768141234431075,14.698838439080397,2.9745003998738753,16.85130541012917,3.9370448419588513,20.65590234003862,4.541410588259636,18.24771061472025,4.274073404379967,17.062951750645844,3.1513144535693325,18.4427183709221,1.4411124812269358
no_vocals,512.5,517.5,-546.5092163085938,25.403013229370117,210.43087768554688,23.17874526977539,29.66767692565918,24.306133270263672,26.39085578918457,11.38785171508789,17.920190811157227,9.085579872131348,11.51665210723877,7.94674825668335,12.255230903625488,9.71985149383545,13.882226943969727,6.201193809509277,6.129072666168213,6.007820129394531,-3.4990592002868652,6.586774826049805,3.4180080890655518,8.024670600891113,6.539028644561768,5.8001885414123535,7.186237335205078,4.778343200683594,0.29333096742630005,0.2706398069858551,0.20638220012187958,0.2710951268672943,0.5828331112861633,0.99209064245224,0.7059654593467712,0.43034783005714417,0.32676202058792114,0.12825053930282593,0.06575623154640198,0.1169278621673584,0.009919202337668142,0.0021693759550784073,880.3597342908657,172.5341564967174,2325.281313021465,517.2891125630935,1068.116820439385,398.6037360686847,0.015183167778422274,0.006390479321607377,14.782771394753155,3.7068920480785437,14.152748882226783,3.2005743392154136,17.113852684802115,3.5342518486648156,20.95718048232595,4.09523424649387,19.246384740026695,4.23142333175926,18.52969610650758,3.708126840021716,18.426098176049425,1.5339686959569232
no_vocals,515.0,520.0,-503.8486022949219,24.11882781982422,220.66470336914062,20.626489639282227,31.31088638305664,15.752053260803223,4.076347351074219,10.887391090393066,16.093276977539062,9.252460479736328,0.7991706728935242,7.5152106285095215,2.497591972351074,8.544988632202148,8.692065238952637,8.194642066955566,0.9773563742637634,6.937917709350586,-6.125722408294678,6.643969535827637,-2.742182970046997,7.55549955368042,1.3038631677627563,7.889805793762207,-1.434507131576538,9.04106330871582,0.5375478863716125,0.6030831336975098,0.3724501132965088,0.2655237019062042,0.43236589431762695,0.7595154047012329,0.48433443903923035,0.28306353092193604,0.3114340007305145,0.1556406468153,0.1302955448627472,0.24447305500507355,0.014612307642389893,0.008862031709173672,799.0927279459371,163.03125618414617,1763.8560772980477,400.3696913935473,1151.0521271389212,288.73222938222955,0.018635123622389792,0.004990125935721349,17.965584044768732,5.624325512234548,12.622618303223629,3.94740927260889,17.223827592749473,3.575464166675713,20.774403929858753,3.852259646026443,19.571085661518634,3.673963489272828,20.47206214251549,3.3901175976170164,18.672280814916988,1.5692002213035385
no_vocals,517.5,522.5,-510.59686279296875,28.0579891204834,219.08901977539062,25.568971633911133,46.18505859375,16.834293365478516,6.814526557922363,12.929693222045898,5.269330024719238,11.120336532592773,-5.05081844329834,8.053118705749512,-1.5412216186523438,7.430880069732666,3.720964193344116,6.624568939208984,-0.6835940480232239,7.756330966949463,-5.142153263092041,7.758988380432129,-5.316119194030762,5.911815643310547,-5.9203948974609375,6.811492919921875,-5.797003746032715,8.764039039611816,0.637239933013916,0.8439995050430298,0.614016056060791,0.38902634382247925,0.37533605098724365,0.44628679752349854,0.3429197669029236,0.20743347704410553,0.2597101032733917,0.27449095249176025,0.32416781783103943,0.4148551821708679,0.01605932475791557,0.008758376750976096,842.3556784567775,290.78291975004987,1980.7067182576207,750.0717902728663,988.728746737239,265.92250845030895,0.01720426696635731,0.004711769323774461,20.301083561493996,5.206967515991008,10.186355236907866,3.4051422562444476,16.88447750375111,3.700566960761324,20.461636730607676,4.386657832482321,17.81890639892948,3.132849025913257,18.465873930194995,3.4639003822755763,18.333065170453903,1.383522483224199
no_vocals,520.0,525.0,-550.6107788085938,27.9747257232666,193.01834106445312,31.204851150512695,48.78739547729492,12.914172172546387,17.35196304321289,11.702250480651855,-2.3423285484313965,11.651471138000488,-4.880026340484619,10.510892868041992,0.2650899291038513,8.350712776184082,3.713529348373413,7.399113655090332,3.6917812824249268,8.588591575622559,-0.3667721450328827,7.943743705749512,-2.691291570663452,6.3699049949646,-7.253180980682373,7.0602126121521,-4.482694149017334,8.450102806091309,0.43332648277282715,0.6710826754570007,0.5359922051429749,0.39482346177101135,0.3073350191116333,0.31838464736938477,0.44779783487319946,0.26100680232048035,0.2609553933143616,0.3374161124229431,0.4593324661254883,0.3635043501853943,0.009073111222162323,0.005223170659043461,1326.8040043829812,634.1658511843849,3036.2788420271463,1030.9935345688134,1548.991716212297,1463.3752130606954,0.022159585266821345,0.009857856207142869,17.204000074676443,5.488088635547234,9.740137728328762,3.3620612870804094,17.43437974218547,4.0887625353274,21.18470926506568,5.466013654830385,15.500610984623531,2.890501990337929,15.850802203737972,2.1359542046342224,17.80988245862615,1.4804617139820457
no_vocals,522.5,527.5,-564.4759521484375,26.729564666748047,182.95748901367188,26.050748825073242,48.0523567199707,13.397817611694336,19.952381134033203,12.512907981872559,-1.6494863033294678,10.9146728515625,-4.46958589553833,10.35944652557373,-0.81424480676651,7.866812229156494,3.296880006790161,7.0918707847595215,5.946105480194092,7.466307640075684,2.648209571838379,7.876960754394531,-2.427393913269043,7.9211578369140625,-6.252257823944092,7.183142185211182,-4.175605773925781,8.110658645629883,0.288333922624588,0.5287356972694397,0.38935586810112,0.2547367513179779,0.1801426261663437,0.23008912801742554,0.5253173112869263,0.3746330738067627,0.3236010670661926,0.37190741300582886,0.49588289856910706,0.2999275326728821,0.007135785035162369,0.004253443888262334,1513.6751359184689,688.7143650146493,3349.406502258444,1021.9208241956279,1934.4910092807424,1849.0597908174952,0.02566365465487239,0.010236499829482819,15.759387628472647,5.393741923186793,10.816298861312193,3.652272401077004,17.31272680164742,4.303106481658377,22.360063422457767,5.195989717049689,14.518410420124328,2.5818643689587395,15.465214382370549,1.9387910078812969,17.915216717316106,1.431940292038819
no_vocals,525.0,530.0,-563.9849243164062,23.28607749938965,181.57330322265625,19.72456169128418,54.1083869934082,13.971943855285645,14.805292129516602,13.378896713256836,3.0291779041290283,10.0858736038208,-3.1033995151519775,9.939003944396973,-0.48069894313812256,9.840736389160156,5.877077579498291,7.794821262359619,8.609174728393555,8.570282936096191,1.7110753059387207,9.059386253356934,-5.452261924743652,8.420283317565918,-7.370563507080078,7.131242275238037,-4.5128045082092285,7.240054130554199,0.3889285922050476,0.6775802969932556,0.3291090428829193,0.13386839628219604,0.0894756093621254,0.14996181428432465,0.3815173804759979,0.24919375777244568,0.26665276288986206,0.3182967007160187,0.39938852190971375,0.2798522114753723,0.010097783812745247,0.0073678096157638396,1255.6794361850561,597.0463014777819,2955.3713035852084,958.3770938630979,1464.1079294156032,1442.682096804787,0.022295533642691417,0.00905268009213912,15.512174392343798,4.962530456018855,13.433744468039702,4.9202279782243155,17.578282030838764,4.402675114578215,23.32589734188904,5.142051233172747,15.049192300534044,2.9755735548179056,16.03687983534445,2.4049564074571967,17.98296799840225,1.0999030825118534
no_vocals,527.5,532.5,-576.64111328125,24.793384552001953,171.01129150390625,20.626615524291992,50.8956184387207,12.665371894836426,8.312296867370605,13.507762908935547,-1.133595585823059,13.103550910949707,-4.316117763519287,10.783638954162598,-1.4709268808364868,10.589690208435059,6.512530326843262,7.891311168670654,8.930360794067383,8.873565673828125,0.3082257807254791,9.458512306213379,-7.136343955993652,7.303403377532959,-8.835963249206543,6.467250823974609,-6.49721622467041,6.49664306640625,0.3994162678718567,0.6631495356559753,0.35749948024749756,0.13942678272724152,0.07177945226430893,0.1261950582265854,0.33333703875541687,0.13971009850502014,0.13052093982696533,0.24865935742855072,0.47964349389076233,0.3181094229221344,0.00858255672544617,0.007588270095124013,1499.714062157767,717.8603409997556,3321.690949608791,1046.4868726528696,1919.3028567285382,2037.4195175618581,0.025299992749419953,0.010651926611533113,13.570709801148826,4.825699904811376,13.082027563782113,5.087212061714519,17.468950656148493,4.600881752682749,23.848665355442474,5.504368469546904,15.541894043068009,3.335788255484209,16.263894352847743,2.472182848921698,18.206820132495086,1.5289775493845756
no_vocals,530.0,535.0,-552.62060546875,37.262351989746094,176.33912658691406,30.415372848510742,54.013885498046875,14.009671211242676,7.2840166091918945,11.898234367370605,-0.6837373375892639,12.80096435546875,-5.037014007568359,9.77275562286377,-1.9146405458450317,7.357577323913574,5.493528842926025,7.113453388214111,6.1251301765441895,8.075445175170898,-1.9927406311035156,8.45805835723877,-8.337060928344727,7.243155002593994,-9.655359268188477,6.393017768859863,-7.82574462890625,6.8794426918029785,0.45495137572288513,0.633599579334259,0.39103907346725464,0.2045585811138153,0.12440745532512665,0.15661674737930298,0.2947099804878235,0.18042707443237305,0.2186439335346222,0.3029952347278595,0.49262478947639465,0.40424978733062744,0.012819940908196147,0.011840964661423509,1341.7439299465307,757.4093070197891,2983.2168116060907,1199.6828813550906,1802.8936611803945,2016.6204016603187,0.022233223970417635,0.011109439780164645,15.33540563441667,6.056919803526615,13.563683139140291,4.950334646510883,17.069140644134354,3.9069046698598684,22.579613784411933,5.147135887986535,16.044932146577523,3.662096289521407,16.990875901672776,2.929232308962505,17.857184239421056,1.4806458179255317
no_vocals,532.5,537.5,-545.7098388671875,36.02680587768555,180.00157165527344,31.213687896728516,54.95265197753906,13.898028373718262,10.34874153137207,11.512979507446289,1.1654423475265503,10.567749977111816,-4.908088684082031,10.280869483947754,-0.6627590656280518,7.559194564819336,6.229106426239014,6.499783039093018,6.754323959350586,7.610419750213623,-0.8999907970428467,7.566440582275391,-6.3006272315979,7.710627555847168,-8.755772590637207,6.916291236877441,-6.907110214233398,7.749156475067139,0.38579946756362915,0.5147866010665894,0.3719298243522644,0.30038073658943176,0.28342583775520325,0.3107953667640686,0.44638463854789734,0.2750788927078247,0.2944429814815521,0.3018825650215149,0.4447559714317322,0.37379783391952515,0.013033037510130062,0.011841194238488532,1409.339314903105,851.433022140837,3067.310154998356,1383.0953287571633,2155.9682469910094,2273.8892940813494,0.023559853538283063,0.01200649007813177,15.909331018424721,5.52742800673252,13.019082041480617,5.442946111882746,16.834242395967696,3.7467149952928582,22.136962745554644,5.649681762846713,15.523177432785308,3.5060132158884705,17.01462148081456,2.6654791185084075,17.91189860359307,1.2995455051812461
no_vocals,535.0,540.0,-555.3192138671875,35.49248123168945,188.68572998046875,35.251224517822266,49.42451095581055,12.862325668334961,19.916217803955078,14.224384307861328,-2.0145528316497803,11.211359024047852,-7.67592191696167,10.601491928100586,-0.8859747052192688,8.594429016113281,4.235275745391846,6.804444313049316,4.43236780166626,7.910162448883057,-0.5035958886146545,7.444770336151123,-3.263275384902954,7.758784294128418,-7.890974998474121,7.025064945220947,-4.673248291015625,8.221590042114258,0.3464117646217346,0.3615797758102417,0.26093870401382446,0.24079300463199615,0.2864440679550171,0.3217732310295105,0.552285373210907,0.3631353974342346,0.35137975215911865,0.41886574029922485,0.6106187105178833,0.503663957118988,0.008866796717577098,0.006729996466034928,1555.6569487478107,898.4717665509091,3265.774632650421,1389.973932367456,2489.85779799884,2512.8804972235102,0.02718967517401392,0.011085508844531211,15.607386066114996,5.036374803537504,11.458423235566979,4.0383049998857965,17.436205018774363,3.6029433874782004,22.410622278720847,6.267592684772927,15.263635047329233,3.0225443496704014,16.587274504204252,2.420232906950784,17.96461664826614,1.4966948607966915
no_vocals,537.5,542.5,-536.7045288085938,28.322982788085938,208.1985626220703,29.178123474121094,55.39930725097656,15.942649841308594,21.370817184448242,15.83376693725586,0.9037757515907288,12.378710746765137,-8.5715913772583,9.865612030029297,-0.6607285141944885,8.234006881713867,6.986729621887207,8.006471633911133,6.513968467712402,9.072100639343262,-0.7390690445899963,7.592713356018066,-4.886265754699707,7.928597450256348,-8.97628116607666,6.329092502593994,-5.3746514320373535,6.665201663970947,0.4428690969944,0.5185807943344116,0.3244022727012634,0.23181195557117462,0.2184414267539978,0.2328234165906906,0.4213877022266388,0.33053213357925415,0.3943304419517517,0.4625438451766968,0.5526058077812195,0.5259349942207336,0.013938245945340001,0.00688305562439351,998.1795271941113,585.6591443034073,2403.562752923771,927.3486326102593,1227.6423832656612,1468.0612776824614,0.02012149253190255,0.008600398293805791,17.99774695212751,5.6718307861330866,12.750201430673364,3.79046475573392,17.643430201885927,3.7639798446210952,22.883408001781486,5.398079642746832,15.54650476317832,3.140434133738639,17.19988829444633,3.0178894881649545,18.032424463982707,1.3281892581083878
no_vocals,540.0,545.0,-545.1884155273438,29.58891487121582,202.3935546875,24.11060333251953,52.475772857666016,19.46261978149414,20.27298355102539,14.718807220458984,0.32045453786849976,11.39625358581543,-12.141427040100098,9.353745460510254,-2.4832353591918945,8.592367172241211,7.229923725128174,8.039346694946289,9.463417053222656,8.174836158752441,3.087083339691162,7.852555751800537,-3.8960304260253906,8.185225486755371,-8.476970672607422,5.865455150604248,-5.69596529006958,6.3533148765563965,0.323807954788208,0.5332918167114258,0.40680038928985596,0.2766123414039612,0.23370201885700226,0.27345696091651917,0.5680546164512634,0.4019519090652466,0.3115799129009247,0.3216716945171356,0.4403364360332489,0.31525880098342896,0.012349277086504098,0.0065153065013561304,1000.3157001880544,336.2043498222953,2443.460198517799,689.4347455556413,973.7903993256961,396.5654711838231,0.022063288500580047,0.009142446432716647,17.34763495669465,4.966033809326294,11.545366061221706,3.0782279198512663,17.549284426670095,3.89511175739324,23.92382340376792,5.154298905035706,15.023185103825694,2.8206032837664092,17.092667066595187,3.295607236367748,18.103901735563426,1.4050457039145445
no_vocals,542.5,547.5,-560.6915283203125,34.43459701538086,187.2274169921875,25.22624969482422,40.80219650268555,17.69774055480957,21.368406295776367,11.76323413848877,-1.8041043281555176,8.913153648376465,-12.537692070007324,8.912505149841309,-5.10833215713501,8.881306648254395,2.6522138118743896,6.917653560638428,8.890886306762695,7.729057312011719,5.694704055786133,7.7564520835876465,-2.6814277172088623,7.835976600646973,-9.2266263961792,6.4883952140808105,-5.7688069343566895,7.664212226867676,0.18114949762821198,0.39133667945861816,0.29540175199508667,0.1919873207807541,0.15607737004756927,0.2623102068901062,0.6714915633201599,0.41618141531944275,0.286966472864151,0.3432844579219818,0.5598012208938599,0.2853023409843445,0.007934415396119268,0.005213643173774339,1380.815130662228,542.150497761653,3016.5283310089094,917.7949417066304,1659.0059001595127,1281.8251511358567,0.02703220163863109,0.008203532833737813,15.36258730167863,4.160243371694999,10.665166291038389,2.800584952655486,17.479783603235536,4.179117025997537,24.453872590071203,4.6849872054179,17.19667752264413,3.8326543758360323,16.88693783201752,2.987478372951619,18.117161201568432,1.2927514249367562
no_vocals,545.0,550.0,-528.1871337890625,43.03419494628906,195.1271514892578,33.05952835083008,49.28581619262695,13.298259735107422,19.083826065063477,10.968844413757324,3.5481107234954834,9.093446731567383,-7.7797064781188965,8.92595100402832,-1.9271479845046997,9.394437789916992,3.007512331008911,6.8794264793396,9.678502082824707,7.5178141593933105,6.711770057678223,7.686728477478027,-2.5409979820251465,6.825613975524902,-8.625112533569336,6.640071392059326,-3.9320218563079834,7.126124858856201,0.34604817628860474,0.5247176885604858,0.3418666124343872,0.19083523750305176,0.13674968481063843,0.2095371037721634,0.4730954170227051,0.2565784454345703,0.23747864365577698,0.3199363648891449,0.5318121910095215,0.4203871786594391,0.014027022801743703,0.010104545193069752,1194.5464343963513,631.0614389561941,2701.9517407188464,1046.4955043125096,1546.593586861949,1318.2474744153742,0.022758891023781903,0.00870763600744214,15.946579599673838,4.578327584508389,11.99528101496361,3.692141978932029,16.240279059699485,3.744425388613404,23.176636893996296,4.596226522660558,19.759546062932085,3.9369449389130744,16.95917261542457,2.9970816971229106,18.129026025196655,1.3258936797137917
no_vocals,547.5,552.5,-486.95550537109375,23.52861785888672,220.66900634765625,13.02249813079834,44.68010330200195,15.465119361877441,24.61393928527832,9.033456802368164,8.172526359558105,7.122615814208984,-2.1841206550598145,6.880520343780518,2.9559290409088135,7.200669288635254,4.573691368103027,6.7564377784729,10.732734680175781,7.632486343383789,4.881381034851074,8.020255088806152,-0.8531964421272278,6.67123556137085,-2.7076191902160645,7.313942909240723,-3.0856130123138428,5.742444038391113,0.5499476194381714,0.7367360591888428,0.519504964351654,0.3320746421813965,0.22208012640476227,0.23079420626163483,0.40461426973342896,0.22776062786579132,0.28683942556381226,0.4197195768356323,0.4570814371109009,0.4950679540634155,0.02074029684507584,0.006681105933676388,738.750926258016,142.0631187683119,1824.9447654807846,370.72482719401063,910.1900105133411,206.92114812151002,0.016921041183294662,0.0050298852660226046,18.4722144966749,5.394267817103587,11.999747821064261,3.9321868742529125,16.014768893067068,3.4047004873256603,22.02080974721474,4.206629264337017,20.80286840808828,3.9551908119678822,18.994497723585074,3.578812753754189,19.482745578459014,2.049572182705964
no_vocals,550.0,555.0,-485.9738464355469,25.12257957458496,215.9889373779297,14.90807819366455,29.734708786010742,11.245604515075684,26.027027130126953,7.667195796966553,6.727928161621094,6.146439075469971,0.666614830493927,6.462380409240723,4.167133808135986,6.430028438568115,6.031282901763916,5.950453758239746,11.765691757202148,6.184751987457275,1.7447646856307983,7.357966423034668,0.08126582950353622,6.615581035614014,0.6536080241203308,6.63319206237793,-3.5552661418914795,6.443312168121338,0.42216718196868896,0.6689384579658508,0.5721317529678345,0.42212122678756714,0.3036932349205017,0.34624770283699036,0.6672077178955078,0.3949366807937622,0.4019779562950134,0.5572508573532104,0.49179893732070923,0.3717596232891083,0.01617436481989799,0.006036143689501921,839.5805347166853,176.74337344553504,1908.6557680055573,415.8071137644011,1101.1410600348029,290.28562919827203,0.01841760622099768,0.006293394879547351,18.289284035606634,4.716028745940272,10.377111681281178,3.1989624514461754,16.04636645664719,3.671089733386616,21.43431164486056,4.10566110031126,20.892168272331492,3.2402470576207967,20.940660676635318,2.7961560225436974,20.6809509052936,2.062038997026426
no_vocals,552.5,557.5,-509.1517639160156,29.588747024536133,207.44985961914062,22.408205032348633,31.258560180664062,13.860323905944824,24.442203521728516,9.820415496826172,4.579884052276611,9.269205093383789,2.2429449558258057,7.837666988372803,5.825974941253662,8.663211822509766,7.782103061676025,6.814582824707031,11.212138175964355,7.000517845153809,2.67423415184021,7.359874725341797,1.3153678178787231,7.39882755279541,-1.1531250476837158,7.260441303253174,-0.34665873646736145,7.820178508758545,0.2887221574783325,0.5139669179916382,0.4760156273841858,0.40669992566108704,0.3628127872943878,0.43643391132354736,0.7870075702667236,0.49865198135375977,0.4464127719402313,0.5206006169319153,0.5049962401390076,0.32121336460113525,0.012645767228094441,0.00435680106033247,971.2472757259451,222.7315111838348,2311.688746525224,604.3766884487923,1164.8413709034223,277.29453531294877,0.01828279074825986,0.008022602477037927,16.567546364870214,4.587331433098049,10.883117310068341,3.487553462857416,16.484736453922764,3.6400363420335573,21.519933868355782,4.25308475985587,20.687871799501977,3.586929847304225,19.50268089642499,3.310945795075238,19.223163666573264,2.381490567082192
no_vocals,555.0,560.0,-522.7921142578125,26.87743377685547,205.4056396484375,23.602886199951172,38.071537017822266,10.07210922241211,19.038618087768555,10.674619674682617,10.640454292297363,11.67604923248291,2.6349353790283203,8.286645889282227,4.816801071166992,8.871465682983398,6.225065231323242,7.022115707397461,9.737175941467285,7.629603385925293,5.798435211181641,7.229122638702393,1.2401821613311768,7.659199237823486,-3.364022731781006,7.440555095672607,0.6937426328659058,8.382369995117188,0.36066141724586487,0.5467510223388672,0.3700184226036072,0.29975005984306335,0.31549564003944397,0.3963377773761749,0.6098512411117554,0.35900118947029114,0.37356439232826233,0.40331706404685974,0.46221137046813965,0.3388696014881134,0.013718860549095957,0.005735302573485769,966.8892885412847,275.1183124651024,2417.2607580302183,647.1451041052596,1096.0450351653133,332.0307841015709,0.017469366299303943,0.008198375451633258,16.688172237074774,4.672963537944403,12.309519722934377,4.005601427439769,17.540471829315578,3.621469913120255,22.23621941586084,4.532027975376516,21.215968269591794,4.417355088466781,18.37639102502703,3.181435993812583,18.03673288801444,1.4625441461481334
no_vocals,557.5,562.5,-525.3358764648438,24.710872650146484,204.54234313964844,18.16710662841797,39.945899963378906,11.25767993927002,20.65874481201172,12.563315391540527,15.630768775939941,11.132448196411133,3.774158477783203,8.247396469116211,3.996324300765991,7.540401458740234,6.0883378982543945,7.208526611328125,10.654706001281738,7.795618534088135,7.490774631500244,7.72767448425293,0.29628464579582214,7.657850742340088,-3.653961420059204,6.962255001068115,0.7596156597137451,7.843583583831787,0.47237592935562134,0.6175296306610107,0.3435693085193634,0.2279835194349289,0.2218576818704605,0.28067275881767273,0.46763020753860474,0.2833229601383209,0.2726989984512329,0.3298467993736267,0.5177634954452515,0.49922022223472595,0.014038092328187968,0.0054258073174649445,911.3394441807677,251.29292585473038,2344.289409485625,550.823496724296,1008.3134697650812,325.0713517963161,0.01732208889211137,0.007673455412139001,16.172410537205515,4.710546176751938,12.604834106873291,4.200619298203194,18.489655733138054,3.826500892149437,22.449039110170553,4.856118270249655,21.3462399325299,4.536520586580902,18.426790011733402,3.177132744502642,17.984245240171195,1.5205861027600793
no_vocals,560.0,565.0,-517.3107299804688,26.70729637145996,202.26019287109375,18.95371437072754,46.05889129638672,13.656149864196777,24.91116714477539,12.214386940002441,15.554272651672363,12.084031105041504,3.8351361751556396,8.533219337463379,6.310295581817627,7.742788314819336,7.897940158843994,7.179417610168457,10.719622611999512,7.373580455780029,7.105223655700684,7.362841606140137,0.6944403052330017,7.200524806976318,-3.862541437149048,6.461153984069824,-0.2593694031238556,7.4997358322143555,0.5985095500946045,0.6617404818534851,0.4873620271682739,0.3167901039123535,0.19454163312911987,0.2322879433631897,0.43522605299949646,0.24117043614387512,0.25586438179016113,0.3977687358856201,0.6424338221549988,0.6499184966087341,0.015063223476562727,0.005413362251361358,903.1541201925584,280.67581464532157,2401.6171655707312,649.2812588987769,943.2642111368909,313.9527315210383,0.016410101870649653,0.006503977642010416,15.865168626583216,5.078091638992634,12.415121301537278,4.326437536833749,18.026445093704027,3.299983442780787,22.405936082319073,4.6469652547865525,19.541082553337343,4.029458359799143,17.871993082402007,3.2099590058913035,18.04944068840051,1.7471081260507937
no_vocals,562.5,567.5,-506.7099304199219,28.769821166992188,208.8836212158203,19.790132522583008,40.00535583496094,19.12164878845215,20.479887008666992,11.136893272399902,14.102673530578613,9.773651123046875,0.002262973925098777,8.894352912902832,2.9699084758758545,7.892781734466553,5.022960662841797,7.318587779998779,7.382419586181641,6.222527027130127,5.8263349533081055,6.495162487030029,1.3176991939544678,6.657303333282471,-4.298832416534424,6.919250965118408,-1.544948935508728,7.081800937652588,0.5296772122383118,0.663558840751648,0.558358371257782,0.3914654850959778,0.20074397325515747,0.21734045445919037,0.5565395951271057,0.31664586067199707,0.2613089382648468,0.3524247109889984,0.536711573600769,0.5265271663665771,0.014230476825210652,0.0057592132409284855,956.6774749489379,271.3991905417938,2401.3155407280296,629.8864630475907,1089.1504132830626,379.1354037772754,0.019536914515661252,0.00687800634741545,15.407476151421607,4.544227083611595,12.035487174799805,3.8564971464670443,17.0466187894864,3.6641170403134073,22.992069436622216,4.192769598281681,19.448992288618054,4.346163344532302,18.243068123426188,3.437846576349909,18.742327733606782,1.8563335623257136
no_vocals,565.0,570.0,-507.0995788574219,25.03527069091797,216.0717010498047,16.856918334960938,17.03814125061035,20.888160705566406,12.990259170532227,10.67481517791748,9.371665000915527,9.19163990020752,2.1180226802825928,10.932560920715332,2.0882480144500732,8.983894348144531,3.9735608100891113,7.954309940338135,9.099172592163086,7.86529016494751,9.693049430847168,8.4219970703125,5.168041706085205,7.565090656280518,-3.634598970413208,6.55577278137207,0.9747421145439148,7.305111408233643,0.36717915534973145,0.6244505643844604,0.4403337240219116,0.3485613763332367,0.329814076423645,0.3470396101474762,0.6778483986854553,0.4298836588859558,0.4381081461906433,0.4772391617298126,0.5488399863243103,0.43153059482574463,0.011051570233865155,0.003768794520454331,1049.049858696622,167.8978760873736,2362.7323937827773,413.13629514519124,1396.2608532120069,349.42279465139006,0.02159766531322506,0.008647850857330379,15.005048047459749,3.8601782693516826,11.435297842905166,3.4343011965372034,16.49400298836004,3.603084098954553,23.29087546374061,3.941541453953205,21.338481942869514,3.8454859941228747,18.582784587021223,3.2354224078396565,18.877767229477968,1.4881215135606496
no_vocals,567.5,572.5,-499.88421630859375,24.08614730834961,194.28704833984375,20.889638900756836,30.9506893157959,19.793865203857422,5.938198566436768,15.043400764465332,10.488649368286133,11.42463493347168,3.5227973461151123,9.707738876342773,5.086934566497803,10.009602546691895,5.011737823486328,7.948818206787109,10.157346725463867,8.41811466217041,11.881948471069336,8.61888313293457,5.065701484680176,6.515619277954102,-2.0896592140197754,6.0279693603515625,0.5224405527114868,6.78280782699585,0.38799214363098145,0.7030350565910339,0.4686616063117981,0.3483050465583801,0.3649687170982361,0.36033347249031067,0.5234649181365967,0.37110409140586853,0.4567805230617523,0.5353609323501587,0.5837284922599792,0.42161062359809875,0.01158386131715064,0.005720239614417754,1196.3547743317827,534.5282439562283,2671.3425518732447,864.501915766659,1699.2245278059745,1335.455261506941,0.021333698883410673,0.011612148898999272,14.291567392964325,5.466434397612783,11.601256373139345,3.8924998525599306,16.215846817677647,3.85839753170692,22.74435126627847,4.846256153943787,20.82220802524831,3.966407537450057,17.177473730946794,3.2967759353729855,18.209615895741106,1.6743113490393111
no_vocals,570.0,575.0,-506.4459228515625,20.5877685546875,194.37034606933594,21.54422378540039,46.7079963684082,14.211419105529785,12.220108032226562,14.958812713623047,9.934528350830078,9.726752281188965,2.2548863887786865,8.047473907470703,2.040687322616577,9.419587135314941,3.5752720832824707,7.325340747833252,10.486279487609863,7.160055160522461,10.320768356323242,7.328773021697998,3.467010498046875,5.738905906677246,-1.9566984176635742,6.194659233093262,0.4259882867336273,5.963120460510254,0.46381181478500366,0.7284245491027832,0.48350733518600464,0.35307562351226807,0.31586897373199463,0.341575026512146,0.4453963041305542,0.3214706778526306,0.4562665522098541,0.5459132194519043,0.49108460545539856,0.38077765703201294,0.012640252541383326,0.007945137391494278,1076.7059517273153,577.3363510624933,2606.9849496010333,930.4170712131973,1414.4966284802783,1370.1143309174543,0.019447415168213456,0.01011322441322931,11.061775586083458,4.871891239783169,11.370933247289793,3.9657307479925827,16.196280834578168,3.709028244841197,21.169181461049668,4.640753999291441,19.125720298104177,3.764472290305641,16.25793463494682,2.6246630803797757,17.923998294898304,1.682946105717351
no_vocals,572.5,577.5,-506.5787353515625,17.324079513549805,195.0355987548828,16.274093627929688,47.9164924621582,11.18481159210205,11.997199058532715,13.117379188537598,10.907845497131348,9.096813201904297,2.2914164066314697,9.214554786682129,2.2508482933044434,8.131820678710938,5.507755756378174,7.196777820587158,11.146702766418457,6.565386772155762,12.661676406860352,6.77980899810791,6.085744857788086,6.1777496337890625,-0.07307897508144379,5.702767372131348,3.8308286666870117,5.812980651855469,0.341847687959671,0.5810384154319763,0.44461655616760254,0.3583274185657501,0.3821009695529938,0.4238978326320648,0.6709182858467102,0.44951680302619934,0.3947347402572632,0.46475815773010254,0.4310482442378998,0.3316187262535095,0.012571708846992862,0.008369612703659615,962.1415182413019,296.96506315320545,2478.6031240986426,645.9232994051101,1081.7062200913574,396.4687662675968,0.018415340414733177,0.007287150688036954,11.338014550206987,4.9664320365895955,11.322942564809045,3.8008415580426718,16.65781615789348,3.749359855062188,20.563162527797576,3.9874940903814955,20.06064962966057,3.830166068614976,16.5246511874716,2.4427433912991225,18.01745599767285,1.7881864429533558
no_vocals,575.0,580.0,-503.34222412109375,17.563913345336914,187.9418182373047,14.919002532958984,37.11280822753906,16.100845336914062,14.0001802444458,11.539640426635742,10.448990821838379,8.918828964233398,-0.3589748740196228,10.162981986999512,4.900673866271973,7.217061996459961,6.7318034172058105,7.246394157409668,10.574830055236816,7.404735088348389,13.993630409240723,7.218371868133545,6.241913318634033,6.458313465118408,-0.2787180244922638,6.036076068878174,5.083876609802246,6.019649028778076,0.23518513143062592,0.4431458115577698,0.2824462056159973,0.25617721676826477,0.3483739197254181,0.4558106064796448,0.8829759955406189,0.5515698790550232,0.3481684625148773,0.33471590280532837,0.3713417053222656,0.25267884135246277,0.012124217232028044,0.008986803846532663,1112.1103795686006,351.93054742219726,2625.1424439546417,612.6015829014372,1405.7534485571346,687.8119228792743,0.02310442647911833,0.00923564424028374,12.743390700908495,4.848884372110498,11.956489580255099,3.7559136674054567,16.887198279668677,3.8195206081938937,21.115190467587837,4.521376008527562,21.34552663186583,3.6726566152861944,17.208323589499177,2.817073576205122,18.866267661136476,1.675408331341881
no_vocals,577.5,582.5,-481.09564208984375,28.743947982788086,197.7298583984375,19.585285186767578,22.8676815032959,16.99643898010254,14.723642349243164,9.64373779296875,10.721081733703613,8.58345890045166,-4.803301811218262,10.116915702819824,5.253371715545654,7.670875072479248,4.557771682739258,7.021374225616455,4.534881591796875,8.842727661132812,10.505433082580566,7.939271926879883,6.242154598236084,6.27108097076416,1.2417055368423462,6.838883876800537,5.281090259552002,7.021590232849121,0.3170425295829773,0.6442604660987854,0.3631044924259186,0.23547568917274475,0.28182685375213623,0.35935020446777344,0.7084309458732605,0.4193727672100067,0.3174760639667511,0.34779641032218933,0.33696961402893066,0.24834774434566498,0.014019028876806564,0.00969343298325856,1103.1872706925635,320.3971726957694,2405.503507941355,520.2570027262855,1521.1634235426334,636.2340361304459,0.024366480568445474,0.008699481345319428,11.659147820404934,4.43009013749269,11.798658354227818,3.98589554515646,16.495409437358678,3.735450876882976,19.916228868794384,4.0061919469266885,21.539415343897577,3.1526225686350884,18.762819382145835,3.049039300728264,19.22877817129997,1.6725438103044987
no_vocals,580.0,585.0,-457.6395263671875,24.319934844970703,209.3115234375,15.758241653442383,15.027122497558594,18.213768005371094,13.578136444091797,9.329815864562988,12.63928508758545,9.036921501159668,-8.165376663208008,9.589262962341309,3.5570154190063477,7.73777437210083,3.0236668586730957,6.368560791015625,-0.3050180971622467,6.1908111572265625,7.167316913604736,6.390609264373779,7.89235258102417,6.232972621917725,3.4009628295898438,6.033278465270996,5.721508026123047,6.497982978820801,0.4117557108402252,0.7616655230522156,0.5402264595031738,0.35962948203086853,0.411805659532547,0.381422221660614,0.595869779586792,0.3484851121902466,0.31209689378738403,0.42320626974105835,0.33825168013572693,0.33242541551589966,0.014957489827194028,0.009059426502858408,1072.5715942945526,243.43890528929938,2308.324156967178,470.33322509579915,1480.2953025304525,472.7027977413426,0.023406911615429234,0.006991214899284661,10.625950112464391,5.132196461099309,10.211299089053028,3.4083493319924507,14.729719132354562,3.388420994121137,18.591291752091575,3.3994452374903026,20.436679295768855,3.1187647168961083,19.90489658976067,2.9784862341911227,19.170750862055783,1.7123973654228728
no_vocals,582.5,587.5,-439.7762145996094,24.48163414001465,209.371337890625,13.081026077270508,3.905548095703125,20.597118377685547,10.532936096191406,10.169391632080078,14.152812957763672,9.464944839477539,-9.208928108215332,8.692594528198242,1.7556588649749756,6.496070861816406,2.8352608680725098,5.806052207946777,1.8480689525604248,6.505482196807861,8.657611846923828,5.895285606384277,8.634902000427246,6.215397834777832,4.432170391082764,6.121861934661865,4.01611852645874,5.733180522918701,0.3636871874332428,0.6178665161132812,0.5093918442726135,0.43346139788627625,0.5808323621749878,0.468831866979599,0.7107879519462585,0.36235007643699646,0.3850257694721222,0.5367095470428467,0.3688078820705414,0.3338698148727417,0.0147663770468253,0.00931095002559102,1139.4965085242236,235.95815357407042,2235.301775369533,473.14276304701286,1731.0497027262181,527.5173524431477,0.02566025594547564,0.007575548996178837,11.541842803779453,5.442728391090953,9.57263308407766,3.3674393265881712,13.966131168766461,3.2175919285983747,18.660249216606132,3.3706492246515203,19.789707261414982,2.8405239058471876,20.404885589996642,2.695899359034042,19.411991838888092,1.869383786607015
no_vocals,585.0,590.0,-428.55517578125,20.36614990234375,210.70396423339844,12.830682754516602,-4.2360029220581055,16.691871643066406,5.698215007781982,11.973889350891113,12.389598846435547,9.368897438049316,-8.617890357971191,8.565428733825684,2.4257280826568604,7.186545372009277,2.1206564903259277,6.642501354217529,3.4134275913238525,6.600588321685791,10.730951309204102,6.164834976196289,10.240349769592285,5.289961338043213,6.323782444000244,5.6899733543396,3.848642349243164,5.539619445800781,0.27669796347618103,0.49170660972595215,0.43203720450401306,0.39524954557418823,0.5369706153869629,0.42295679450035095,0.7276155948638916,0.38872581720352173,0.4406510293483734,0.518851637840271,0.3528187870979309,0.2723115384578705,0.01582596280985877,0.009896382793582638,1197.0929147186125,254.66903921330805,2215.2994689489947,478.0815644434542,1915.855545787413,491.8662534527204,0.027594121592227377,0.008681524001918907,12.793682010500122,5.06265473336867,10.038082343546613,3.037236743225436,14.346049382596838,3.4378728010972357,19.60725274532215,3.8002589673939378,20.42559914205864,2.9714048925879597,20.76639054027755,2.8229839018212908,19.553235983013824,2.0385634441263343
no_vocals,587.5,592.5,-432.3111572265625,17.89537239074707,206.98045349121094,12.926041603088379,-3.05886173248291,13.414435386657715,9.837860107421875,13.13747501373291,16.77010154724121,10.061996459960938,-6.513858795166016,8.869422912597656,3.6998097896575928,8.525347709655762,2.0744857788085938,6.759472846984863,2.1908624172210693,6.99500846862793,12.114076614379883,6.534404277801514,12.836322784423828,6.275500774383545,7.119920253753662,6.400832653045654,2.910320520401001,6.005000591278076,0.33897191286087036,0.46429941058158875,0.345914363861084,0.346905380487442,0.4309990704059601,0.3543893098831177,0.5772668123245239,0.33344972133636475,0.4488987624645233,0.6242833137512207,0.3998600244522095,0.3538554012775421,0.01660584434737255,0.009221276832397304,1166.7972647165313,251.51478005381364,2214.286658643965,460.4437685669052,1886.0787730205916,458.1337689305152,0.0257803436774942,0.009028599564057363,14.344892858648818,4.482544667491337,9.87925958359713,3.0542096894106905,14.782120321690853,3.787282519206362,20.315166723276068,3.826940745116733,21.767084890605435,3.449816158797436,21.360934734919628,3.1254281143418936,19.560960022963513,1.8972537981902455
no_vocals,590.0,595.0,-439.0721435546875,18.13490867614746,202.9042510986328,11.679885864257812,0.37451258301734924,14.929244995117188,16.178197860717773,10.714988708496094,18.162761688232422,9.327766418457031,-4.867549896240234,8.540242195129395,5.509578227996826,7.763760089874268,4.710809707641602,6.6079301834106445,5.770831108093262,8.400341987609863,13.245705604553223,6.949786186218262,12.44635009765625,6.9427337646484375,6.382072925567627,6.3663740158081055,1.536587119102478,5.75049352645874,0.501457154750824,0.5480802059173584,0.376537024974823,0.35105612874031067,0.37394264340400696,0.330949991941452,0.4938606321811676,0.30858471989631653,0.406329870223999,0.6017969846725464,0.48872432112693787,0.5733003616333008,0.017683538189049802,0.007747684234378201,1112.6795561390027,190.63354493375073,2272.9631588304337,390.98334454941465,1764.4736305466938,448.6294746957025,0.01941116226798144,0.00825195380857735,16.039555258249166,4.534116018546623,10.585728121116441,3.408996114648039,14.90699497757692,3.355444884187132,20.572518633980895,3.936020592141756,21.25190758685489,3.6905235521723485,21.0023249828426,3.169338324211845,19.51390395270537,1.6684190057357
no_vocals,592.5,597.5,-428.8011779785156,21.760875701904297,202.90313720703125,12.231022834777832,2.383845090866089,14.90289306640625,15.689638137817383,11.522378921508789,15.98603343963623,8.473250389099121,-5.194807052612305,8.34737491607666,5.387089252471924,6.197619438171387,6.406891345977783,6.2062883377075195,7.96967887878418,6.725026607513428,11.092495918273926,7.449167728424072,7.065433025360107,7.2656707763671875,2.3932878971099854,6.60103178024292,1.3024187088012695,5.27568244934082,0.6387342810630798,0.7049074172973633,0.5913214683532715,0.44471269845962524,0.3459145128726959,0.34267449378967285,0.5070216655731201,0.31916728615760803,0.38973402976989746,0.49791502952575684,0.5529162287712097,0.7246588468551636,0.020437532917028097,0.007873573668277557,1095.7173193934452,197.71587073832086,2299.18117005839,399.6973306964874,1723.055938225058,493.70902034137123,0.014383338167053365,0.00457135440499068,18.03370740048544,5.082058802684489,10.735144161952219,3.6428053721101263,14.698579676115772,3.391550127559149,19.579386289720055,3.415776866558848,19.97743126753855,2.6884260182661994,20.78948086631448,2.9736080945244687,19.771686254947944,2.401832975030892
no_vocals,595.0,600.0,-413.3721618652344,21.450035095214844,206.0150146484375,12.41524600982666,-6.55287504196167,14.462298393249512,17.755422592163086,10.330672264099121,16.382701873779297,7.9365763664245605,-6.248802661895752,8.573264122009277,3.344197988510132,6.718273162841797,4.310365676879883,6.281611442565918,5.449544429779053,5.860232830047607,5.804878234863281,7.217345714569092,4.300446510314941,7.263288497924805,1.3149561882019043,6.618582248687744,2.156743049621582,6.701991081237793,0.5117881298065186,0.6098479628562927,0.5538169145584106,0.46257418394088745,0.48402416706085205,0.40456435084342957,0.5499420762062073,0.3112676441669464,0.3277897238731384,0.44716912508010864,0.46022775769233704,0.5924283266067505,0.019890249327577113,0.009312062267911458,1199.0342879899313,275.8547840356757,2294.591487129116,510.4599064885444,2012.6800183077146,555.413794860615,0.022601417488399073,0.015385364699365491,16.527860841954443,5.820629674259867,10.19712412209073,3.365920309788188,14.743841545588957,3.511961275517619,18.870669922319713,3.741593519723004,20.134732109262828,2.8091617981174966,22.06445174570577,2.729332372133005,20.44667947859543,2.4074120528179184
no_vocals,597.5,602.5,-404.0223388671875,21.757505416870117,202.0637664794922,14.84369945526123,-16.16896629333496,15.221023559570312,19.91885757446289,9.884562492370605,14.50025749206543,8.785717010498047,-5.930037975311279,8.16608715057373,2.9848055839538574,7.7136549949646,0.6774612069129944,6.568202495574951,4.681427478790283,6.357736110687256,3.353107213973999,7.4418816566467285,4.64945650100708,6.61579704284668,4.781854629516602,6.276773929595947,3.8196918964385986,6.638452529907227,0.2840467095375061,0.3440510332584381,0.3019660413265228,0.34362390637397766,0.46479442715644836,0.42124706506729126,0.7135239243507385,0.38122645020484924,0.43147698044776917,0.36481139063835144,0.322600394487381,0.3892037868499756,0.01703042226353025,0.009417852858008852,1406.361041400254,300.76608802416376,2471.618519200542,545.2459512810728,2457.6828958816704,636.5647114464385,0.033481819170533646,0.014663112416159892,12.61884480746401,4.5428486084,10.194384350418888,3.2709720997484775,14.877073920162662,3.4149359263121086,18.909323269338543,3.4979656307155658,20.274628814889795,3.025394725675777,23.50997826409211,3.269110928431237,21.2676019683316,2.4888537666431048
no_vocals,600.0,605.0,-401.9114685058594,17.984174728393555,207.8524932861328,17.119171142578125,-20.3673038482666,14.008898735046387,18.01540756225586,13.495100975036621,13.43410587310791,8.69499683380127,-1.680574893951416,8.389436721801758,3.0044822692871094,7.883455753326416,-1.634713888168335,6.837099552154541,4.61008358001709,6.742607116699219,2.239161968231201,6.743144989013672,7.063259124755859,6.4197845458984375,8.515446662902832,5.88578462600708,1.6495531797409058,7.206116676330566,0.2924535870552063,0.4226430654525757,0.2811657786369324,0.2898929715156555,0.40183350443840027,0.3565651774406433,0.6226617097854614,0.4040682911872864,0.6270548105239868,0.50638347864151,0.32499802112579346,0.32507261633872986,0.01763292085897964,0.008481876477719351,1362.7572760881849,262.20171231655496,2295.3959843039943,407.7628319350777,2409.8701919591067,577.5504792422581,0.03443345780162413,0.010556736674170631,13.741061790661202,5.034977339780173,10.156582947724296,3.333342985881339,15.571911640451832,3.3986581489760384,19.960717132922472,3.581233270407541,21.880819169615854,2.864187570890706,25.39289437824226,3.0886712876677445,21.69468472315903,2.1441756383175665
no_vocals,602.5,607.5,-400.1496276855469,19.3319091796875,211.19686889648438,14.685425758361816,-17.86198616027832,13.87825870513916,13.01265811920166,13.698938369750977,10.109893798828125,9.517245292663574,-0.8236919641494751,7.6242218017578125,0.8061060905456543,7.770391464233398,-2.5323119163513184,7.370146751403809,4.41235876083374,6.7874956130981445,1.8832334280014038,6.758510112762451,9.598658561706543,6.460916042327881,10.0860595703125,6.169266700744629,-0.7258003354072571,8.173952102661133,0.3296113908290863,0.46458151936531067,0.25748786330223083,0.28283533453941345,0.4751807749271393,0.32203224301338196,0.4807243049144745,0.30398282408714294,0.5189961791038513,0.6675090789794922,0.359294056892395,0.375401109457016,0.018389947329952517,0.007621787422344671,1304.7479161255965,213.91294927251948,2200.465644679981,360.9728263064037,2231.109633301914,479.0265878497412,0.03284852631960557,0.009192244907905031,15.609552632696184,4.639985790914185,9.914399508115213,3.0789270345021515,15.4555906765846,3.183610022888061,20.142620000759628,3.5181846680227116,22.33761034433153,2.7498726035632317,25.071532064235928,3.125372436126214,21.867694917257552,2.556490626265159
no_vocals,605.0,610.0,-392.2350158691406,20.015655517578125,210.87750244140625,13.615214347839355,-13.297760963439941,14.763456344604492,12.138540267944336,12.05848217010498,8.970296859741211,8.82716178894043,-1.998197317123413,7.308562278747559,1.0115102529525757,7.745382308959961,-1.0034009218215942,7.36953067779541,5.816530227661133,6.592950344085693,3.769717216491699,6.244900226593018,9.062737464904785,5.819542407989502,7.492298603057861,6.8145036697387695,-2.3650577068328857,7.4503045082092285,0.40874797105789185,0.5796250104904175,0.3158015012741089,0.2962150573730469,0.45260992646217346,0.29540005326271057,0.41838538646698,0.2583741247653961,0.364872008562088,0.5875319838523865,0.37997549772262573,0.46686187386512756,0.021307476124188186,0.008287617642189576,1242.2336678819909,229.13599571009695,2155.3901645717187,347.3162301890174,2095.315558838457,479.16500276475114,0.02763603900812065,0.009353193370982085,16.390946209012174,4.706282668974786,10.867595100851155,3.8233476210456874,14.82185028056142,3.079797619996651,19.788527985505105,3.5675921324585405,21.532317221600337,3.0206049410695854,23.404160857134176,2.936846453968394,22.336656038757976,2.7623785764523325
no_vocals,607.5,612.5,-390.7882385253906,21.123212814331055,203.83462524414062,17.676959991455078,-14.381552696228027,14.63586711883545,14.026127815246582,11.069151878356934,7.82996940612793,8.79987907409668,-0.625767707824707,8.473184585571289,2.1115787029266357,8.271790504455566,1.4681308269500732,6.274103164672852,6.994661808013916,6.71216344833374,6.427512168884277,6.2260026931762695,9.507710456848145,6.33978796005249,5.866872787475586,6.112058162689209,-1.7698218822479248,5.885752201080322,0.47345975041389465,0.8065577745437622,0.3845348656177521,0.3398721516132355,0.5185384154319763,0.30375242233276367,0.33821576833724976,0.2735484540462494,0.4110593795776367,0.5603014826774597,0.38604873418807983,0.41712531447410583,0.021968825856383604,0.008492996984275233,1321.5390387935722,311.50902967053867,2302.947858326359,469.8926041590739,2261.5358994344547,632.5232656648348,0.025786008193155453,0.008299161676012048,17.26725116617868,5.0063614048430924,11.096334610877317,3.794735304258656,14.838426885278395,3.1391134896543123,20.026246661065755,3.478012845001915,21.59210170787683,2.9803176236468456,23.027375146777437,2.649490968204794,22.338899524669504,2.74998770155097
no_vocals,610.0,615.0,-391.04962158203125,22.496400833129883,203.70286560058594,16.388046264648438,-18.0896053314209,13.144828796386719,16.523866653442383,10.432114601135254,5.291096210479736,8.076132774353027,-1.533206582069397,8.106024742126465,3.217461109161377,8.64361572265625,1.2328577041625977,5.82476282119751,7.877026081085205,6.902578830718994,6.350035190582275,6.642758369445801,8.044038772583008,6.8641533851623535,4.58211612701416,6.145164966583252,-0.4647202491760254,4.916286468505859,0.4920940399169922,0.8498561382293701,0.49411195516586304,0.36217984557151794,0.489562064409256,0.29235732555389404,0.35799020528793335,0.2470678687095642,0.3609415888786316,0.5713298320770264,0.39005839824676514,0.3960069715976715,0.02222626490989514,0.008164578798717586,1331.571894384356,293.402784826954,2281.3119363404408,474.51968960343186,2316.3931083236657,606.3613867052469,0.02506095018851508,0.008511087071257428,18.163644275208323,4.962599952669562,11.636883854988394,4.131950293683029,14.426360344017906,3.4151898963327767,19.897519123887143,3.2788082861323606,21.18712707446031,3.1828951824565794,24.19832569387061,3.0160179042026316,23.043534860594992,2.787265739055138
no_vocals,612.5,617.5,-398.3770751953125,22.2325496673584,209.7076416015625,14.405155181884766,-17.845813751220703,13.181609153747559,12.263792037963867,12.993165969848633,8.08574390411377,8.49876880645752,-6.114155292510986,8.556439399719238,1.573323130607605,9.110547065734863,-0.9709553122520447,7.089138984680176,8.317770957946777,6.8152313232421875,6.650021076202393,6.803412914276123,4.75521993637085,6.672596454620361,0.7170106172561646,5.663764476776123,-1.5726505517959595,5.388421058654785,0.47059541940689087,0.6249960064888,0.43429020047187805,0.3800390362739563,0.40140748023986816,0.29162463545799255,0.43169745802879333,0.29666823148727417,0.5351018905639648,0.4729304909706116,0.390804260969162,0.520900547504425,0.020016801458180574,0.009830334560661886,1295.416800752144,297.09436596513814,2150.218408026768,463.4106193518838,2227.4624782482597,534.8629662716587,0.029602758845707657,0.01272353526421612,15.494932608907696,5.809394805823781,11.721824882347637,3.8567779080181883,13.410700444141513,3.0858805087489896,20.025754443565344,3.4983512233359884,20.69653062242812,2.885648449387172,24.704329510395095,2.973743282294156,22.547762414155812,3.115452070583444
no_vocals,615.0,620.0,-441.5711364746094,48.856910705566406,192.37025451660156,19.79605484008789,-10.206048011779785,28.353036880493164,3.090055227279663,12.350896835327148,10.616132736206055,8.795374870300293,-7.671072959899902,10.651350021362305,-3.551429033279419,10.129782676696777,-3.33658766746521,7.716601371765137,3.7680153846740723,8.449108123779297,5.262751579284668,8.0689058303833,1.43503999710083,7.902207374572754,-3.803222894668579,6.59686279296875,-5.521376609802246,6.803963661193848,0.41072171926498413,0.3585152328014374,0.20431943237781525,0.30722329020500183,0.3732663094997406,0.2559269666671753,0.39441823959350586,0.32456740736961365,0.6948110461235046,0.39919519424438477,0.401641845703125,0.6532408595085144,0.011205512131380648,0.008440082351325607,1499.3904859674922,331.1450366179074,2495.410438072632,562.7596736500091,2385.4392492024363,625.7218972845036,0.038468858758700694,0.014516405557400398,13.058543562059223,5.072212615703281,11.228711385104893,3.1904266581852694,14.413579168300528,3.4261424244498966,21.34953159768841,3.8460391563743546,21.241885088028866,2.7833424787872874,23.69442770862999,3.643827415930416,20.922803395940626,2.62895899405718
no_vocals,617.5,622.5,-543.9646606445312,68.17125701904297,208.07186889648438,18.641071319580078,11.519654273986816,41.154396057128906,12.408612251281738,9.271108627319336,8.489544868469238,8.437387466430664,0.8267329335212708,10.656500816345215,-3.4550342559814453,8.524659156799316,-3.1472108364105225,6.662469387054443,3.251873731613159,6.633881568908691,0.7869770526885986,6.734968662261963,-2.3500051498413086,6.460343360900879,-9.174779891967773,5.568579196929932,-9.810799598693848,5.780880451202393,0.45320090651512146,0.49011045694351196,0.3302582800388336,0.3548612594604492,0.4196831285953522,0.34476837515830994,0.3956913352012634,0.39018091559410095,0.6133299469947815,0.42444175481796265,0.38364604115486145,0.584022581577301,0.006554585148465848,0.0029146449400828845,1246.2533640214858,456.71068523148267,2530.1611465802384,537.7230445935134,1726.5032491661832,891.9972872188622,0.02718967517401392,0.016818809455414672,15.865421163240198,4.477385265673738,12.390940018674154,3.753361037002982,15.67660438024675,3.546881952196867,22.106864211860348,4.013082744912438,21.122009506261357,3.017015205106506,20.774942396008353,3.8795929494821837,19.75156941230783,1.9422038269211195
no_vocals,620.0,622.8084353741497,-603.1113891601562,32.735504150390625,214.06573486328125,20.56939125061035,45.86238098144531,22.576515197753906,15.43741512298584,8.690727233886719,11.165879249572754,5.614537239074707,6.614194393157959,6.639829158782959,-0.6517841815948486,6.010901927947998,-0.336286723613739,4.422567844390869,4.075231552124023,4.422766208648682,1.2453502416610718,5.206780910491943,-4.136318206787109,4.859188079833984,-10.99144458770752,5.07845401763916,-11.202437400817871,5.180202484130859,0.5113691687583923,0.6537370681762695,0.5263420939445496,0.49668070673942566,0.5464261770248413,0.49618861079216003,0.49074220657348633,0.5217321515083313,0.6361469626426697,0.5604977011680603,0.40520352125167847,0.48634347319602966,0.006281630937209687,0.003157195683202852,938.4470122845772,690.7076596000403,2362.6907967376696,675.3479359860371,1136.2768756456612,1521.9131286712811,0.016742800878099172,0.01189530272123878,17.943674700465962,3.2634752792642354,12.261549563841346,3.6418681458494535,16.401826031372828,3.216939739187419,21.575028187792302,3.701341357395269,20.83125641473241,3.207615520938424,18.87421120821993,2.816744077446183,19.00432739571865,1.315839132437785
