stem,start_seconds,end_seconds,mfcc_1_mean,mfcc_1_std,mfcc_2_mean,mfcc_2_std,mfcc_3_mean,mfcc_3_std,mfcc_4_mean,mfcc_4_std,mfcc_5_mean,mfcc_5_std,mfcc_6_mean,mfcc_6_std,mfcc_7_mean,mfcc_7_std,mfcc_8_mean,mfcc_8_std,mfcc_9_mean,mfcc_9_std,mfcc_10_mean,mfcc_10_std,mfcc_11_mean,mfcc_11_std,mfcc_12_mean,mfcc_12_std,mfcc_13_mean,mfcc_13_std,chroma_0,chroma_1,chroma_2,chroma_3,chroma_4,chroma_5,chroma_6,chroma_7,chroma_8,chroma_9,chroma_10,chroma_11,rms_mean,rms_std,spectral_centroid_mean,spectral_centroid_std,spectral_bandwidth_mean,spectral_bandwidth_std,spectral_rolloff_mean,spectral_rolloff_std,zero_crossing_rate_mean,zero_crossing_rate_std,spectral_contrast_0_mean,spectral_contrast_0_std,spectral_contrast_1_mean,spectral_contrast_1_std,spectral_contrast_2_mean,spectral_contrast_2_std,spectral_contrast_3_mean,spectral_contrast_3_std,spectral_contrast_4_mean,spectral_contrast_4_std,spectral_contrast_5_mean,spectral_contrast_5_std,spectral_contrast_6_mean,spectral_contrast_6_std
original_mix,0.0,5.0,-218.85104370117188,54.87925720214844,158.33421325683594,51.26518630981445,-30.00640296936035,34.28597640991211,27.744657516479492,30.59076690673828,-7.436336994171143,29.82413673400879,-9.340237617492676,20.188966751098633,-11.599289894104004,14.63801383972168,-7.4221625328063965,16.190263748168945,-2.6811954975128174,13.683277130126953,-14.779861450195312,11.850196838378906,2.3728809356689453,10.863414764404297,-8.876363754272461,11.132752418518066,-11.477444648742676,10.327431678771973,0.18038028478622437,0.16255348920822144,0.19791904091835022,0.25686779618263245,0.36547186970710754,0.46521511673927307,0.389851450920105,0.3178238272666931,0.21674488484859467,0.22685056924819946,0.45698606967926025,0.3938732445240021,0.16468471312450284,0.10520008866090587,2154.8118407252555,1436.5222745406502,2113.724122015435,830.0079402068337,4173.044835774362,2685.620941944621,0.05983201312354988,0.05300013265837896,20.002806505613453,6.122509467879406,17.05488228391856,5.535636664001999,19.52903169013718,4.803625281175627,21.97948667491297,5.029493930931454,19.612965674373626,3.8555718119162044,26.537224330051686,11.197796830003655,39.01754855703099,6.853021835352456
original_mix,2.5,7.5,-248.86180114746094,63.770633697509766,174.8368377685547,53.67271041870117,-17.57231330871582,43.1331672668457,25.557571411132812,32.15608215332031,-6.05556583404541,30.702312469482422,-4.065878391265869,19.12141990661621,-15.915567398071289,14.940272331237793,-7.927894115447998,12.6131591796875,-0.6291519403457642,12.519012451171875,-14.967986106872559,12.592287063598633,-0.396418958902359,12.56230640411377,-11.318724632263184,9.999728202819824,-11.920646667480469,11.953798294067383,0.18785494565963745,0.21095241606235504,0.3274708688259125,0.37148720026016235,0.39037951827049255,0.4618149399757385,0.3577779233455658,0.27624136209487915,0.1868205964565277,0.2633383870124817,0.5187382698059082,0.3360559642314911,0.13535905775037138,0.08420495937647739,1903.6811735373133,1606.4547457131982,1846.967847202908,923.4181455859267,3472.1915331351506,2977.260295043192,0.053921657482598605,0.05555873070363803,20.003044700356604,5.590783453972319,15.768627102183197,5.754331109025196,18.387149960326667,4.257018814103059,23.010691974477936,5.566793108650104,19.799107520837833,4.024573524526132,23.582610024417978,7.521522728359202,36.07425981188729,7.738045779667081
original_mix,5.0,10.0,-267.1754455566406,76.88572692871094,188.4836883544922,49.972572326660156,-14.964594841003418,40.088863372802734,15.507554054260254,32.036651611328125,2.037257671356201,24.7737979888916,-2.845193386077881,14.386516571044922,-15.611687660217285,13.734774589538574,-8.127881050109863,12.879914283752441,0.5388390421867371,11.967714309692383,-6.1219916343688965,14.067679405212402,-0.49449577927589417,12.26570987701416,-8.213217735290527,10.209705352783203,-10.746294975280762,10.819039344787598,0.20113469660282135,0.2616063058376312,0.47391730546951294,0.48293063044548035,0.43382811546325684,0.5239225029945374,0.3526291847229004,0.29276612401008606,0.24245356023311615,0.40582075715065,0.5010209083557129,0.268984317779541,0.10162462525311727,0.07050849420914458,1731.8273084628795,1586.4187254784117,1742.8612550299158,916.526559227875,3082.695357816125,2869.201176663954,0.0496007649361949,0.05018883087266486,19.39183781084125,5.220233402214258,13.966790075378611,5.242415711877647,16.858984735883816,3.9740832405632958,21.9186285176677,5.289905679529747,19.75844914577788,3.9027175026441427,22.80574967035536,6.083997908704802,33.8558507212069,7.592145047610379
original_mix,7.5,12.5,-226.64205932617188,79.84610748291016,153.24586486816406,50.62918472290039,-29.54042625427246,25.60213851928711,18.33750343322754,26.585725784301758,1.613497018814087,17.435209274291992,23.610376358032227,28.860822677612305,-21.164709091186523,11.213730812072754,-0.7149156928062439,15.16623592376709,-6.42302942276001,11.058860778808594,-2.0126407146453857,10.66756820678711,-4.779791831970215,13.007954597473145,2.7089290618896484,10.496783256530762,-9.266098976135254,7.7596588134765625,0.2674653232097626,0.2779746651649475,0.45736774802207947,0.5203092098236084,0.48753106594085693,0.6313092112541199,0.4176543354988098,0.3712461292743683,0.36187219619750977,0.49459463357925415,0.6050389409065247,0.3915459215641022,0.0699183467058184,0.052218681405318323,2800.9720928456095,1727.8647987660638,2891.8265546718385,1270.7347693464687,5742.370690436485,3588.9056026496423,0.06918752718967518,0.04651019696797391,18.18270150964113,5.465704061113735,11.984128312955475,4.1771615532111745,15.705720975763095,4.34167999075441,18.101773897400815,5.044560262194301,16.507017504617455,3.7993703622920907,20.129001652861447,4.636987578546905,37.947378140330095,7.065769026865265
original_mix,10.0,15.0,-149.65557861328125,61.18305206298828,132.55474853515625,26.70261001586914,-50.003456115722656,18.102108001708984,20.78135871887207,10.490045547485352,-18.63909149169922,18.844894409179688,43.88468551635742,15.71783447265625,-30.951745986938477,9.457895278930664,13.386297225952148,9.56952953338623,-14.83709716796875,7.398066520690918,-4.197768688201904,7.136140823364258,-15.5166015625,8.144573211669922,8.100200653076172,7.330465793609619,-10.900300979614258,6.838749885559082,0.40226224064826965,0.40520018339157104,0.45733770728111267,0.45940670371055603,0.41283589601516724,0.5376066565513611,0.5071086883544922,0.4381210505962372,0.46558213233947754,0.47601771354675293,0.6009673476219177,0.5123640894889832,0.08743507789313931,0.04050910190590576,3533.6925977066776,1073.6017839429712,3652.315128278318,657.8847462018251,7506.444632758121,2447.2183257285496,0.0882871410962877,0.03370838548053326,19.65474117412696,6.540291316738741,9.715830325469044,3.722353815857674,13.859438115103938,3.703583703948552,15.228784312855204,3.7443817212659463,15.36549447467046,3.0335172393393806,19.032588130082885,2.7936428246511475,43.449528757953274,4.484886112421696
original_mix,12.5,17.5,-119.22710418701172,27.254823684692383,136.604736328125,18.225303649902344,-51.47272491455078,11.68851089477539,19.436885833740234,13.987285614013672,-18.034683227539062,14.890498161315918,36.265464782714844,11.476243019104004,-30.70148468017578,8.536725044250488,10.414528846740723,9.860076904296875,-14.018162727355957,7.638667106628418,-9.65545654296875,6.913372993469238,-10.8363618850708,8.876322746276855,3.4223697185516357,6.539625644683838,-10.185805320739746,6.2665839195251465,0.3794548511505127,0.3857598900794983,0.41336286067962646,0.3568563759326935,0.31102481484413147,0.33808979392051697,0.38447922468185425,0.4260229766368866,0.4525006413459778,0.42946165800094604,0.5051630139350891,0.4354323446750641,0.11859672193322547,0.03334457036595576,3211.153018371894,721.6611721829099,3417.648629089113,465.162308100509,6647.015026827146,2024.6107362120847,0.07881607091067286,0.025740188386999405,19.529996388318335,6.657864877667085,10.048188873847765,3.1620142433763974,14.5152829833683,3.9985911534076597,14.897247432023459,3.3852608256410486,16.508386487753324,3.17052862999051,19.500851846650654,2.8806014128581423,44.46193195798587,3.412044724153112
original_mix,15.0,20.0,-132.9010772705078,25.2083740234375,136.55816650390625,19.161100387573242,-44.38496017456055,10.029448509216309,20.578920364379883,14.376734733581543,-10.988203048706055,10.814623832702637,40.946319580078125,11.73577880859375,-28.282310485839844,11.012760162353516,9.192278861999512,9.916844367980957,-13.329935073852539,7.599897384643555,-9.07010269165039,7.17254114151001,-10.516095161437988,8.67737102508545,2.1773993968963623,6.419232368469238,-10.806694984436035,6.725566387176514,0.3062933087348938,0.30934739112854004,0.42614084482192993,0.4077932834625244,0.3216911256313324,0.28773435950279236,0.28760671615600586,0.40199509263038635,0.4461551010608673,0.447725385427475,0.5350029468536377,0.4048030376434326,0.1153267458807288,0.041557078529880054,3142.152182228667,819.3044324649729,3439.5204601978326,438.39449851197327,6466.206066016532,2065.8513254967615,0.07409413065545244,0.03361379447682491,18.146078303025167,5.804951976944388,10.90771449809241,3.5657775180292623,15.628095695594277,4.117179510439781,15.794915684477179,3.710966288079739,16.459672822845928,3.2360805927903336,19.49053478349392,2.8162033533264403,43.69598773134117,3.6899087719630232
original_mix,17.5,22.5,-131.7997283935547,18.89754295349121,140.8843994140625,19.812580108642578,-45.10570526123047,9.69019603729248,19.870349884033203,12.277827262878418,-13.61726188659668,10.93761157989502,39.475372314453125,11.06312084197998,-27.51869773864746,10.527395248413086,7.426543712615967,10.041251182556152,-12.072019577026367,7.550409317016602,-8.975934028625488,7.617702484130859,-11.661401748657227,7.767098903656006,4.766127109527588,7.4698710441589355,-10.194446563720703,7.232912540435791,0.28542548418045044,0.3421920835971832,0.44966912269592285,0.4085327386856079,0.37857282161712646,0.33340170979499817,0.3523852229118347,0.38398313522338867,0.37200871109962463,0.42664623260498047,0.4702681601047516,0.35395288467407227,0.1164624948668231,0.036583692096355785,3038.2304629073374,846.3184740930155,3358.855153629035,477.4860276544806,6156.9473018779,2073.7279729725415,0.07132304959396751,0.03544475826276929,18.82210002493988,6.1106777934301055,10.73150545090904,4.045436714624083,15.73913359083624,4.439146620840897,15.539804998709194,3.7490963348813175,15.865856505365816,2.9302187683645644,20.411787939297685,4.139183549134923,43.61747946360525,3.054051258439918
original_mix,20.0,25.0,-144.80880737304688,45.20174026489258,143.8582305908203,29.134872436523438,-47.702354431152344,15.466124534606934,26.43255615234375,12.474344253540039,-14.869345664978027,14.58414363861084,37.33870315551758,13.75232219696045,-29.098176956176758,12.700834274291992,5.810455322265625,9.3512544631958,-12.044185638427734,9.537532806396484,-6.660619735717773,10.147297859191895,-10.531839370727539,7.331759929656982,8.196468353271484,8.675640106201172,-7.705100059509277,7.124480724334717,0.4018080234527588,0.31249722838401794,0.31319236755371094,0.3532220721244812,0.37604114413261414,0.41697826981544495,0.36096829175949097,0.35864773392677307,0.35252857208251953,0.4271871745586395,0.48157721757888794,0.42108067870140076,0.10901747490960041,0.038686707424522716,3074.3346353584107,1220.7761352914526,3272.059509356365,583.9510360589442,6044.634910636601,2392.390314986949,0.07300087913283063,0.04249141050471535,16.64451459611434,5.912001339588929,10.577233179035472,3.836540748222411,15.587903705966138,4.276667123268935,15.227459690857806,3.6485251826878224,15.489124843441886,2.881836133651139,24.504575548103848,7.260412591895641,43.22373732143336,4.078629211002873
original_mix,22.5,27.5,-182.90960693359375,58.820831298828125,157.18115234375,42.0926399230957,-40.835147857666016,23.856996536254883,28.578977584838867,21.2990665435791,1.7479270696640015,21.55298614501953,14.819560050964355,24.957473754882812,-10.735079765319824,17.93667984008789,-2.3054630756378174,10.186553001403809,-6.657832622528076,10.688042640686035,-9.948752403259277,10.132973670959473,-4.310873985290527,9.37528133392334,0.7579190135002136,10.998357772827148,-8.24027156829834,9.43851375579834,0.3934154808521271,0.35107868909835815,0.28664281964302063,0.2759263217449188,0.2783498167991638,0.3791950047016144,0.3746677041053772,0.4046572148799896,0.36951079964637756,0.419574111700058,0.458072304725647,0.40971219539642334,0.11396150582247433,0.0581286705787611,2539.3549000050957,1470.7526719195907,2616.0057913209052,952.950098498388,4971.821753552784,2752.7270328646428,0.06307438188805105,0.046493717885591986,15.710035397587145,6.030516582960393,13.04320017732453,4.664360704345595,17.520710970569876,4.871497645743544,16.97927407983671,4.314162742530067,16.713722299391684,3.131883482721839,25.687499280187605,8.508510707384094,40.44731289598415,5.553180290884769
original_mix,25.0,30.0,-225.5922088623047,45.731651306152344,181.81146240234375,33.90974044799805,-36.343379974365234,26.26543617248535,27.86670684814453,25.90247344970703,12.062666893005371,19.691814422607422,-5.3602375984191895,18.878252029418945,-1.6602368354797363,9.932043075561523,-6.567339897155762,10.262748718261719,-6.48803186416626,11.4696044921875,-11.337693214416504,7.381322383880615,0.219499409198761,9.224279403686523,-5.665231704711914,9.109526634216309,-10.078814506530762,8.981322288513184,0.2729247212409973,0.27987590432167053,0.2833450138568878,0.24010536074638367,0.2600814998149872,0.35582050681114197,0.4014867842197418,0.410796195268631,0.2995065152645111,0.33399471640586853,0.3808605670928955,0.31258007884025574,0.1166381692371208,0.06204719184821976,1712.4932707551984,832.4325511517465,1864.2967212961914,564.9940034564984,3358.9298823593385,1656.0277413357671,0.043665485426334104,0.030938934246042406,17.044325309744224,6.192097895384006,14.695818303060587,4.53970381431536,18.710718024025947,4.685496515117261,19.154148428599825,4.938985467580519,18.73493843649018,3.533366222609022,24.779506302697268,8.033171186428868,37.02822153388563,4.410420176332969
original_mix,27.5,32.5,-258.8511047363281,45.8568229675293,175.36172485351562,37.8377571105957,-32.14211654663086,22.429433822631836,40.972312927246094,27.907943725585938,5.530794143676758,17.620752334594727,1.804948329925537,18.896955490112305,-5.051173210144043,9.216750144958496,-4.315608024597168,11.222617149353027,0.07127716392278671,11.462133407592773,-11.409544944763184,6.862459182739258,-0.508948028087616,10.703536033630371,-7.792727947235107,10.031167984008789,-7.544772148132324,10.700138092041016,0.25945135951042175,0.2647209167480469,0.2414238154888153,0.23608766496181488,0.28755342960357666,0.5012298822402954,0.5183113217353821,0.46278902888298035,0.28502270579338074,0.2807845175266266,0.3050343096256256,0.22447781264781952,0.08039837134807541,0.046333803334045055,1838.5591342581022,887.3356391410532,2107.0749691018377,646.0046539638641,3681.128552784223,1836.37487507644,0.04538070076856149,0.03169402736305206,19.04247031666708,6.192793706142811,14.02426990195911,4.348394462390427,18.79325846954945,4.966189716856798,20.884806767669335,5.393467949401118,20.809872482009837,3.9701082278097295,23.607648083513826,6.563758955072626,37.01675960797405,4.654381211226784
original_mix,30.0,35.0,-280.5922546386719,35.082496643066406,166.1329803466797,31.769136428833008,-36.10700988769531,15.197614669799805,61.22381591796875,21.414968490600586,-3.8969063758850098,16.235729217529297,18.184526443481445,13.659464836120605,-6.105747222900391,7.989440441131592,2.5469472408294678,10.161208152770996,7.184814929962158,11.400070190429688,-3.6931629180908203,11.707579612731934,3.9970357418060303,12.220050811767578,-4.622069835662842,11.824212074279785,-4.44833517074585,11.506036758422852,0.286262184381485,0.20123004913330078,0.17268243432044983,0.22543120384216309,0.3930972218513489,0.6505734920501709,0.5080592036247253,0.3842126727104187,0.28413668274879456,0.3354641795158386,0.32783713936805725,0.20699487626552582,0.05379870562466281,0.020755872519619745,2114.866818374797,971.2245407356106,2482.979635118214,575.4430131585632,4353.853796584976,1886.0189732837998,0.051281993184454755,0.03888781736642259,18.359662454494853,5.090827154525267,12.999792704777702,4.244591476368544,18.870394857011938,4.336822219994851,21.757381427581667,4.673062229727369,20.905315720016862,3.79795434213259,20.75282705385043,4.025894383650244,37.78479947263041,4.339743097291427
original_mix,32.5,37.5,-263.36810302734375,42.8961181640625,161.14100646972656,29.37432098388672,-26.412038803100586,16.718303680419922,47.799041748046875,17.088581085205078,4.994573593139648,19.086875915527344,10.41021728515625,11.233536720275879,-1.7617264986038208,8.679572105407715,0.5733461976051331,9.181800842285156,7.836712837219238,11.675210952758789,0.8123948574066162,9.772492408752441,10.818049430847168,9.097909927368164,0.33679258823394775,8.128419876098633,-3.57613468170166,9.562493324279785,0.23674574494361877,0.17236119508743286,0.17513880133628845,0.22331780195236206,0.410571426153183,0.5948455333709717,0.42017218470573425,0.33695095777511597,0.3058493733406067,0.43696630001068115,0.39805448055267334,0.2140791267156601,0.07301352483386783,0.051807044423389875,1951.4169006155212,923.6430838274638,2402.7818586620065,541.5405370832646,3951.0180267546402,1757.75589992046,0.04662236260150812,0.03854111100382014,17.109741084614566,4.918633380324072,14.040932103042355,4.908012082811918,19.16316086509943,4.504635638568082,22.55628401783962,4.390969366144452,20.270702354318303,3.4167223297195495,21.412470108771036,4.46848013753475,37.277157722276485,4.165000575162039
original_mix,35.0,40.0,-238.95272827148438,45.16324234008789,171.78402709960938,30.03815460205078,-23.631675720214844,17.61431312561035,42.08363723754883,19.006999969482422,0.7939068078994751,20.403732299804688,6.8346028327941895,15.570334434509277,-1.3940829038619995,10.116066932678223,-0.6317175626754761,9.669754028320312,3.6378345489501953,10.016006469726562,-5.600766658782959,9.544180870056152,7.6130170822143555,9.105475425720215,-0.7556144595146179,8.222752571105957,-2.2927844524383545,8.470504760742188,0.22187764942646027,0.1970682144165039,0.22454263269901276,0.25634482502937317,0.3753525912761688,0.4691612422466278,0.38176584243774414,0.3817310035228729,0.36027929186820984,0.42780637741088867,0.4135272800922394,0.23053427040576935,0.10636570005139591,0.05822657661102203,1753.4692850637905,825.0876458399632,2254.4566007542885,624.2656472777012,3528.697455952726,1913.0611734596105,0.03696323049593968,0.026042418983869327,16.50027856582605,5.350047990850772,16.021236153729404,4.969439208807051,18.64376411266114,4.420960134060368,21.190012470595274,4.691375092646996,19.271202581201347,3.676470580404248,21.254984799601722,5.426751194653565,37.5710370757305,4.0824040287356675
original_mix,37.5,42.5,-234.3577117919922,35.84294509887695,172.40150451660156,32.21522521972656,-24.40203094482422,16.70171546936035,41.910037994384766,20.639482498168945,-0.28751125931739807,19.04018783569336,9.668648719787598,18.537397384643555,-1.4434709548950195,10.743521690368652,-1.5400984287261963,9.484026908874512,3.070296049118042,9.659496307373047,-11.403141021728516,7.113561153411865,1.2542245388031006,9.155213356018066,-4.963113784790039,9.07943344116211,-2.7695815563201904,7.765205383300781,0.31270498037338257,0.30515041947364807,0.31898391246795654,0.30409640073776245,0.3466102182865143,0.4293935000896454,0.4094340205192566,0.3862980902194977,0.33987951278686523,0.3546595871448517,0.4160596430301666,0.3064265549182892,0.10056595484836334,0.04930575864037308,1799.589745597943,851.693233747732,2286.61782422158,644.7075968763295,3620.8255918285963,2013.4954060005605,0.03814598136600928,0.025741948671636608,16.46843492348065,4.984293542061674,15.309548460818968,4.961995250163274,18.486509552048922,4.524048219510521,18.73503838488148,4.26013274360129,18.355080095166993,3.358389863472523,19.871298386420168,5.638538372440114,37.846297682188734,4.306273657828476
original_mix,40.0,45.0,-259.9639587402344,39.49263000488281,172.7496795654297,31.98358154296875,-31.76321792602539,15.863905906677246,50.48940658569336,18.262630462646484,-2.660493850708008,15.875726699829102,12.590816497802734,15.782171249389648,-5.848731994628906,9.360060691833496,4.936183452606201,10.898273468017578,6.29476261138916,11.207720756530762,-7.126049518585205,9.591632843017578,2.263347864151001,9.590188980102539,-7.987812042236328,9.301819801330566,-4.947166442871094,10.517964363098145,0.42318570613861084,0.3802839517593384,0.37655434012413025,0.34730759263038635,0.3339631259441376,0.4479047358036041,0.40139493346214294,0.33145666122436523,0.2538124620914459,0.2520602345466614,0.3510909974575043,0.294185996055603,0.0720655916349448,0.03766743249776443,1889.2672916388283,706.8392560575314,2384.945646269341,536.2545868248509,3874.927380909223,1623.4299072749927,0.04162286107888631,0.020995756773869185,17.507194876811848,5.089271027814869,12.847573242621348,4.593655391168261,17.776279938564052,4.34856602061851,20.12703065012608,4.8456186029162716,19.863446084718163,4.408527899334688,21.254338748760144,5.460936599184294,37.3371314013874,3.5095429670858453
original_mix,42.5,47.5,-262.8683166503906,41.11465072631836,158.31935119628906,29.879362106323242,-30.082368850708008,14.849628448486328,51.55772399902344,17.231786727905273,-1.6669952869415283,14.224530220031738,13.488991737365723,11.675270080566406,-4.0693511962890625,8.230204582214355,8.514505386352539,8.877649307250977,9.84604263305664,10.841020584106445,-1.9739506244659424,10.148021697998047,8.123266220092773,8.498831748962402,-3.9941279888153076,9.207839965820312,-7.918516635894775,10.349056243896484,0.39999234676361084,0.2636941075325012,0.30872371792793274,0.27733737230300903,0.3165677487850189,0.4456211030483246,0.29924288392066956,0.2533932328224182,0.23930510878562927,0.3906859755516052,0.47256165742874146,0.26361510157585144,0.061457748937565324,0.034773837957518115,2123.00034950562,802.0316798953885,2562.5487700154017,491.3108924885608,4374.237896062935,1633.106627613927,0.04870803726798144,0.027227988595841225,17.18903293823703,5.2349730913974355,12.18449229788174,4.493858933252921,17.667984608820344,4.665750258216298,22.657501058486623,5.38752402887826,21.30752711543339,4.793617109055511,22.276225397069137,4.914704550518893,38.01334385098663,3.6464471616104914
original_mix,45.0,50.0,-252.02798461914062,35.02871322631836,160.0255889892578,31.384254455566406,-28.792543411254883,16.660480499267578,56.18450927734375,20.508323669433594,-1.4501562118530273,15.284247398376465,15.591529846191406,12.407058715820312,-4.133035659790039,8.797931671142578,5.927563667297363,8.247922897338867,7.1775946617126465,9.617502212524414,-4.078756809234619,10.137275695800781,7.1662421226501465,8.322463035583496,-2.0928359031677246,7.329004764556885,-5.41778564453125,7.843776226043701,0.2356490194797516,0.2001592367887497,0.22155986726284027,0.23696935176849365,0.28180745244026184,0.45610857009887695,0.42304882407188416,0.4149620831012726,0.3618382215499878,0.4334469735622406,0.5329914093017578,0.3273899555206299,0.07772494053031619,0.0413391569482809,2087.311118834915,992.8121487391885,2518.4858937604918,537.1402354649939,4220.857539696925,1906.7571555789848,0.049072832076566125,0.04087253350481734,16.767005346954555,5.141585618049721,14.554214997800262,5.184862166571861,18.45079400518944,4.577544417199666,21.697401426191448,5.111807332115701,20.635914278583844,4.533429065150698,20.890105235792053,4.091786213004712,38.71048859345913,4.292709433920729
original_mix,47.5,52.5,-251.3427276611328,29.89813804626465,162.17080688476562,34.40959548950195,-25.766769409179688,15.929126739501953,60.28376007080078,22.8283748626709,0.14246894419193268,14.782439231872559,15.77469539642334,13.72313117980957,-4.900993347167969,9.535406112670898,2.026962995529175,7.646763801574707,4.803831577301025,7.554148197174072,-6.5414137840271,8.322096824645996,2.862234354019165,8.108059883117676,-5.544577598571777,7.631875038146973,-2.4924793243408203,7.48516321182251,0.3023216426372528,0.2703653573989868,0.3253704309463501,0.37622347474098206,0.3807034492492676,0.4718582034111023,0.41927897930145264,0.40353748202323914,0.32624611258506775,0.32292649149894714,0.43070662021636963,0.31683728098869324,0.07796327916261353,0.03511669242071943,2049.0735600648723,1027.5022592607572,2513.995502870504,585.2714460574953,4216.760735390081,2006.5301120569657,0.045073684019721574,0.04266002125658178,17.69691643429251,5.4781796236693046,14.220455795658227,5.121625718552055,17.896348446343367,4.063897881156276,19.98108619608453,4.285421511515088,19.328675464442327,3.973189780449541,19.594958579841485,3.5427177308667748,38.50706069088189,4.473610564636225
original_mix,50.0,55.0,-294.5132751464844,59.418460845947266,183.78086853027344,39.79546356201172,-22.629047393798828,20.26369857788086,44.50386047363281,31.756954193115234,-2.8433873653411865,17.97810935974121,2.3063528537750244,25.264244079589844,-7.8278656005859375,12.674752235412598,-0.4624442756175995,10.8593168258667,-0.04797264188528061,8.540871620178223,-9.659141540527344,10.08597469329834,-2.238197088241577,10.03268814086914,-7.6521196365356445,8.216658592224121,-4.86392879486084,9.588592529296875,0.33742520213127136,0.3790215849876404,0.47535184025764465,0.553339421749115,0.42569559812545776,0.5384745597839355,0.46136274933815,0.2589329183101654,0.18792016804218292,0.2008177787065506,0.37830859422683716,0.3945496678352356,0.06417669264249624,0.032194108660162264,1706.3804635603062,1001.8052747135573,2104.473452677432,783.6621057992852,3321.708916400812,2191.989885225673,0.04007304959396752,0.03449366112653417,18.241169773453578,5.825944989486956,13.09194744589794,4.745646413727752,17.695144318016634,4.384543372403686,20.185025935277856,4.794472123987611,19.354776611331374,3.993347176363833,21.53574658369137,5.915795934521975,34.64764545659318,6.564583239075182
original_mix,52.5,57.5,-332.89794921875,62.60708999633789,191.3044891357422,44.863380432128906,-15.041244506835938,25.701875686645508,26.955656051635742,31.92877197265625,-7.907083988189697,28.590002059936523,-13.233098983764648,18.171964645385742,-7.931830883026123,14.900616645812988,-7.722896575927734,14.844425201416016,-6.386308670043945,10.01552677154541,-14.824506759643555,10.0890474319458,-4.537398338317871,10.604412078857422,-11.66079330444336,10.913601875305176,-7.698917865753174,9.157727241516113,0.24489820003509521,0.2811514735221863,0.4274354875087738,0.35028982162475586,0.42343953251838684,0.6512782573699951,0.37601438164711,0.19744960963726044,0.17459821701049805,0.29698655009269714,0.3081812262535095,0.19073565304279327,0.060884850901354905,0.03555769998200708,1511.5680295662844,1286.9970612398488,1671.1799428519885,604.2638325170936,2543.6158642691416,2199.950465613235,0.04479838855858469,0.05549160118429642,18.157183927804766,6.3823603456468225,15.12863582841984,5.286592012222326,18.23854058318507,4.601901656296851,21.596542710606368,4.961686571207279,20.05364865797688,3.956940632762215,23.717195177164854,6.578354693232211,31.758021414622156,7.595968054302095
original_mix,55.0,60.0,-297.0894775390625,70.90448760986328,170.3873748779297,46.34632110595703,-17.234704971313477,34.197052001953125,22.07703971862793,33.74626922607422,-14.939132690429688,28.62697410583496,-7.707238674163818,19.92024040222168,-9.1305513381958,13.05551528930664,-9.49524211883545,15.007941246032715,-9.25857925415039,10.3388090133667,-17.997997283935547,10.82115364074707,-3.0755741596221924,9.683402061462402,-12.64256477355957,10.414316177368164,-8.586812973022461,7.571213245391846,0.22177566587924957,0.24949298799037933,0.3677368760108948,0.33131521940231323,0.3788459599018097,0.526888906955719,0.38955968618392944,0.2995137572288513,0.292010635137558,0.4146980941295624,0.3261989951133728,0.18302464485168457,0.08348180020223707,0.06060256923696577,1782.4018827112016,1458.1923996594562,1853.3502993655366,717.5755804789607,3122.314453125,2520.8773895781414,0.0502997661687935,0.06244329334536793,18.230692677568467,6.617737976950057,16.580737807756336,5.140538775857705,19.04789145893601,4.603621225732115,21.269201653904357,5.228214765891917,20.54573058863115,4.108171527670734,23.889391424665106,7.625407734623948,34.12135137193904,8.352108457756666
original_mix,57.5,62.5,-277.4468078613281,64.05305480957031,177.90545654296875,40.68631362915039,-21.196109771728516,32.39521026611328,25.10511016845703,35.893001556396484,-7.882384777069092,26.352109909057617,-1.6339000463485718,21.296062469482422,-6.63955020904541,10.428828239440918,-4.898984909057617,13.928056716918945,-4.67606782913208,11.884735107421875,-18.382856369018555,11.030692100524902,-2.056541681289673,9.339735984802246,-10.029298782348633,8.784930229187012,-7.7112908363342285,8.981016159057617,0.21673598885536194,0.25752970576286316,0.4051937758922577,0.4354104995727539,0.3936185836791992,0.443782240152359,0.3932346999645233,0.340289831161499,0.2841457724571228,0.32641154527664185,0.4201400876045227,0.26932504773139954,0.09037068834973461,0.06377899399425772,1769.9792892474013,1240.5514639941862,1957.808128441329,791.6370946360429,3351.1359619707077,2493.4392202345152,0.0439430466937355,0.04398219184550382,19.595790459238916,6.380349791470449,15.134490540390264,4.950659924607203,18.45633217992104,4.77226193851927,19.978251367428637,4.885363172084735,19.962487735836003,3.5693032009264885,23.83877355404284,8.004419256827193,35.03539451931867,7.697671048083766
original_mix,60.0,65.0,-265.0021057128906,58.138031005859375,177.07322692871094,34.42586135864258,-15.993471145629883,25.100994110107422,39.060523986816406,32.137290954589844,7.613157272338867,24.595104217529297,8.863065719604492,19.40947151184082,-1.8299719095230103,10.349346160888672,1.4203959703445435,11.824640274047852,1.104347825050354,11.226767539978027,-13.682610511779785,10.305804252624512,-1.9269472360610962,8.54914379119873,-9.512655258178711,7.672027587890625,-6.4171857833862305,8.555834770202637,0.25994786620140076,0.26880761981010437,0.3055294454097748,0.3855000436306,0.4305276572704315,0.5489041805267334,0.4711008369922638,0.3417743444442749,0.2593293786048889,0.25855860114097595,0.39443090558052063,0.3280731737613678,0.09598578630218373,0.05944609543473768,1660.7732357980058,1034.0779936390309,2071.6628145976642,744.1431129083405,3300.425518416473,2191.5354448249336,0.036832946635730855,0.03242144935175789,20.456488315097502,5.516507467650369,14.680707506081973,4.965607678871914,17.870707556933084,4.158789845600138,19.634375244273652,4.826910179036221,18.299797112827427,3.1850453927396094,21.44111421913017,6.156075354037528,35.325683022116216,6.592903289114556
original_mix,62.5,67.5,-254.5801544189453,52.969573974609375,170.2386932373047,30.297283172607422,-25.225008010864258,21.41193962097168,44.72673416137695,22.1384220123291,13.81857681274414,22.006916046142578,16.50527000427246,15.317217826843262,1.5807037353515625,10.362212181091309,4.938952922821045,8.304254531860352,3.6567020416259766,9.314695358276367,-9.784687042236328,9.754300117492676,1.0685694217681885,7.943198204040527,-6.139337062835693,7.8486104011535645,-5.322475910186768,7.754406452178955,0.3512183129787445,0.3154032826423645,0.25493118166923523,0.2885935604572296,0.3796529471874237,0.5718176364898682,0.5295782685279846,0.41951268911361694,0.3557112514972687,0.3424018323421478,0.3215012550354004,0.3026728332042694,0.09741551065147615,0.058217891296738176,1694.7801808321537,819.929702494222,2232.4160955837306,591.7450755239576,3455.0049394576567,1684.5283017701602,0.03322691596577726,0.028092561940994968,18.49421903173593,4.63122075954216,15.51175992394511,4.886440041334096,18.90702337631925,4.552429785048649,18.995247024727085,4.616642181591256,17.323710467364503,2.815435673366164,19.907640614761004,4.097222906693517,36.4610140565093,4.555041209439539
original_mix,65.0,70.0,-272.7812194824219,53.854923248291016,165.76809692382812,28.6787166595459,-29.368141174316406,20.437414169311523,44.315513610839844,21.66826057434082,16.049680709838867,18.032678604125977,16.739627838134766,11.70295238494873,2.068361759185791,9.004063606262207,4.984339714050293,7.527245998382568,5.160940170288086,9.199786186218262,-5.626847743988037,9.088478088378906,3.769653797149658,8.09432601928711,-1.107736349105835,6.543982982635498,-2.100139856338501,7.367792129516602,0.3863178491592407,0.3386192321777344,0.3747957944869995,0.36586636304855347,0.4056065082550049,0.5142292380332947,0.4811926782131195,0.5458763837814331,0.45403388142585754,0.40986573696136475,0.36734163761138916,0.30319759249687195,0.06431019214131024,0.04000939365659156,1790.7516860874748,729.4275713908473,2328.86949167698,541.2780749432843,3705.859261709687,1433.3445851964784,0.03409018815255221,0.022096292319624275,17.727700725676122,4.798667418795994,14.150612195270103,4.218790615670353,18.43783458371604,5.133248975024947,18.835256496335898,4.74425903998833,17.739509361340172,3.3456507375385987,20.10422797661457,3.8555300060592534,35.962193010079424,4.681216004325499
original_mix,67.5,70.54503401360545,-304.9127502441406,73.59028625488281,166.72096252441406,31.367918014526367,-29.945348739624023,21.510910034179688,49.299217224121094,19.74217414855957,12.894244194030762,18.86618423461914,18.387754440307617,11.797901153564453,-1.170121192932129,9.632122993469238,5.264059066772461,7.209863185882568,8.035757064819336,8.050261497497559,-3.5157387256622314,9.074254989624023,4.543891429901123,7.667904853820801,-0.37294527888298035,5.905440807342529,-0.2135162353515625,5.991399765014648,0.3972364664077759,0.40344661474227905,0.5136697292327881,0.38780054450035095,0.35518214106559753,0.402404248714447,0.4511817991733551,0.6343005299568176,0.4997673034667969,0.45201361179351807,0.4851647913455963,0.3545939028263092,0.04866450775601501,0.02959821818315817,1791.0898575729932,667.3858047452953,2401.2676102015257,546.2072464042031,3720.249747504753,1365.7696760346817,0.033141857770912546,0.017476566880117218,16.832834653377255,4.625233083680381,13.551440373229957,4.073974174814164,18.459261022210462,5.192315555273884,19.209655581538968,4.627526653703371,18.567021310094496,3.6928986967977933,20.20106922695051,3.536233989839363,35.1196562748369,4.931382391486897
original_mix,70.0,70.54503401360545,-398.7887268066406,84.34538269042969,150.9871063232422,17.2698974609375,-26.69646644592285,17.304655075073242,54.874027252197266,15.165802001953125,12.83435344696045,13.009576797485352,26.278915405273438,6.562071800231934,-7.1494317054748535,8.910183906555176,5.450940132141113,5.686964988708496,10.629916191101074,5.238463878631592,-3.10666823387146,8.337788581848145,1.9328306913375854,7.626733779907227,-4.139612197875977,6.300014019012451,-0.3254867196083069,5.400013446807861,0.6158199906349182,0.48968490958213806,0.5553160905838013,0.35128605365753174,0.2993429899215698,0.32693955302238464,0.32785356044769287,0.3786201477050781,0.37419015169143677,0.43624264001846313,0.5937008261680603,0.5055297613143921,0.02051826350841711,0.01131646891206313,1948.2811964416144,428.02595522166575,2799.324702825323,505.7943922028208,4048.7003407579787,854.941723481605,0.030491605718085107,0.0123204951646417,16.976685954293153,5.0327187045765465,14.048053745381141,3.880383951601878,20.378810455201837,5.922178322035635,20.074500457176757,5.195647905745973,19.60833682826912,3.5122066865979304,20.57363967060151,3.109121051550692,31.5960311992606,5.816628618336725
vocals,0.0,5.0,-249.5678253173828,69.86307525634766,138.29127502441406,69.79303741455078,-31.008333206176758,41.03401184082031,30.54705238342285,36.88581848144531,4.879034042358398,30.017391204833984,-0.14089350402355194,28.685855865478516,-5.454264163970947,16.957237243652344,-1.8881630897521973,18.718053817749023,-6.14188814163208,15.771235466003418,-20.004024505615234,12.591899871826172,0.9008695483207703,11.619516372680664,-8.48070240020752,11.563726425170898,-11.648752212524414,10.256369590759277,0.27785342931747437,0.2599214017391205,0.28540706634521484,0.3259177505970001,0.4321381151676178,0.46731895208358765,0.43001848459243774,0.4026726484298706,0.29101046919822693,0.2727096378803253,0.3160172402858734,0.33106687664985657,0.15567079775565867,0.1081717342634915,2406.207644021825,1864.3803877581802,2159.155914332612,859.8970123424128,4326.82488036543,3007.604143750835,0.07681649688225058,0.08775811962559218,21.393803557087168,6.440863383566608,17.146494684137565,6.267813410682634,19.195822054130776,6.329571649736966,17.726587671276494,4.776627168286328,19.594227097273155,3.809542318302563,24.025534396983208,8.266212345759175,36.28476133935044,5.948208653361059
vocals,2.5,7.5,-288.3117370605469,83.42091369628906,143.44871520996094,71.79049682617188,-17.190366744995117,55.106990814208984,38.22431564331055,34.234439849853516,7.089637756347656,34.455074310302734,6.486278057098389,28.64934539794922,-7.752219200134277,17.231538772583008,-4.435306549072266,15.5718412399292,-3.5585615634918213,16.740293502807617,-19.488380432128906,13.140317916870117,-3.0414085388183594,14.137397766113281,-12.119623184204102,11.217193603515625,-12.08381175994873,11.273910522460938,0.2876448631286621,0.28422367572784424,0.33578014373779297,0.41603317856788635,0.4381270706653595,0.4527478516101837,0.41388094425201416,0.3781951069831848,0.2737258970737457,0.27270016074180603,0.31270405650138855,0.31025224924087524,0.12497983075702118,0.08764008621500127,2162.8559882517457,2009.1832030072344,1938.7990450947966,872.5311347372513,3735.286307279582,3252.4376975388914,0.07102622897331787,0.08571920686848576,21.152588810622202,6.107744735282317,15.359569766375621,6.422161126644433,18.23273792319352,5.8781619966083625,17.64274813705592,4.792342624948788,19.110638315024243,4.139647253839295,22.450942567505454,6.436953139643525,34.89359075395657,7.028447015839684
vocals,5.0,10.0,-345.5688171386719,114.81558990478516,143.92691040039062,71.44117736816406,-9.109485626220703,52.222206115722656,23.760944366455078,34.73851013183594,6.8219404220581055,29.04986572265625,0.2322464883327484,24.365066528320312,-4.123500823974609,13.58873462677002,-1.364033579826355,14.746777534484863,-0.377519428730011,15.069238662719727,-10.4381685256958,13.975790977478027,-4.506574630737305,13.287857055664062,-10.234848976135254,10.8040132522583,-10.243875503540039,10.447141647338867,0.37847602367401123,0.40205225348472595,0.5112650394439697,0.5000926852226257,0.4913279116153717,0.41722372174263,0.35826221108436584,0.26723727583885193,0.28566718101501465,0.32141607999801636,0.3321370780467987,0.3626159131526947,0.0830485583603757,0.07769575475122349,1899.3119894758236,1593.5656464918231,2001.167786583337,992.7876723395922,3076.250385187065,2527.428598803378,0.060850493039443156,0.07024917585240834,21.417454184025853,6.1477870500560465,13.398798263313513,6.025221377547621,15.747555552044041,5.243613429371621,17.798749603341278,4.740311722761521,17.520206360361563,3.975685808059746,21.389354805351143,5.954916674663485,31.480444351262086,7.163121578692891
vocals,7.5,12.5,-344.3049011230469,121.7703628540039,119.03656005859375,56.08502197265625,-54.35395050048828,53.9995231628418,-0.10303640365600586,37.6240348815918,2.850215435028076,18.102094650268555,4.8832597732543945,19.83694076538086,-3.900113582611084,11.083683013916016,-6.077061176300049,13.683717727661133,-1.7362650632858276,11.212235450744629,-11.246587753295898,15.15891170501709,-10.144393920898438,14.1395845413208,-4.309386730194092,9.000429153442383,-9.419793128967285,9.212379455566406,0.41278931498527527,0.4016231596469879,0.43428322672843933,0.5229675769805908,0.5326230525970459,0.524257242679596,0.5054336786270142,0.5143440961837769,0.4857693314552307,0.46121010184288025,0.42794540524482727,0.43563345074653625,0.04343443911948312,0.05774352236575708,2543.108968257294,1125.5169889168978,2481.5909577851803,1182.5972853806957,4312.985675572796,2382.892844172489,0.08026505401682135,0.04584817556622197,20.688784963056822,5.402687853250757,10.659370800692393,4.577737682400954,13.32900950039893,4.004227496864298,16.239405974128402,4.016106941263852,15.187536446380923,2.968536601113318,20.033882411236462,4.508794490177951,32.93010636670172,6.741689374837825
vocals,10.0,15.0,-227.25616455078125,120.97482299804688,119.5792007446289,29.855491638183594,-91.42111206054688,26.98509407043457,-6.359129905700684,22.11208724975586,-23.853837966918945,27.568395614624023,17.22798728942871,14.79368782043457,-23.919052124023438,22.33973503112793,-5.704339981079102,13.549201011657715,-12.985332489013672,11.220756530761719,-18.664480209350586,10.166372299194336,-19.89516258239746,9.325482368469238,-1.5847166776657104,7.10222864151001,-15.143034934997559,9.29566478729248,0.40041086077690125,0.46261101961135864,0.4880281090736389,0.4565203785896301,0.41745901107788086,0.49124446511268616,0.5882918238639832,0.5820985436439514,0.5610301494598389,0.46347948908805847,0.47147053480148315,0.4150829017162323,0.06795572220941243,0.047786629615930595,3165.439387203835,712.5510266711345,2930.50242316562,1009.7091726136268,5987.329611368909,2187.600710349716,0.09256271751740139,0.02099873786976714,15.834817186473632,6.2168224135338015,10.991589749092942,5.013990334234956,13.080360487011435,3.7558456788547208,15.48097955574977,3.6592816823612275,15.409128690750041,3.05697255850281,19.750400345491645,2.9270219947276943,38.22255553950797,5.526578708121221
vocals,12.5,17.5,-151.83834838867188,34.43021011352539,114.83153533935547,18.185665130615234,-77.0953598022461,13.032698631286621,1.1824699640274048,16.827484130859375,-31.740428924560547,16.857027053833008,20.69822120666504,12.221627235412598,-39.88572311401367,11.864665031433105,-5.009174346923828,12.78764820098877,-21.13278579711914,9.400580406188965,-24.100862503051758,8.093485832214355,-17.460905075073242,8.880358695983887,-5.760531425476074,7.9774699211120605,-16.863479614257812,7.575123310089111,0.39101076126098633,0.363686203956604,0.3981829881668091,0.40571436285972595,0.3389278054237366,0.2728950083255768,0.32782480120658875,0.37094882130622864,0.41421768069267273,0.3721108138561249,0.3975940942764282,0.4695388078689575,0.1049853796895654,0.03653508129816208,3312.556989896737,612.6266954426254,3291.104408077151,407.09663063834745,6637.722275594548,1757.1634269051874,0.08239717771171694,0.026072400285357428,11.06931266703666,4.136030574399173,14.17123526588634,6.10612169220666,15.974222431851974,5.036041248567862,15.828380752083888,3.8312341870752546,16.902840896119304,3.310007397915614,20.011876448511195,2.9494189518044673,39.58964006707765,3.0380913236756193
vocals,15.0,20.0,-168.794921875,30.637666702270508,108.39563751220703,23.638545989990234,-68.88028717041016,12.488866806030273,-0.05056953802704811,18.513093948364258,-25.00132179260254,13.527752876281738,27.99591064453125,13.496891021728516,-39.8714599609375,12.831151008605957,-4.738680362701416,12.072229385375977,-23.310501098632812,9.196229934692383,-23.204376220703125,9.15102767944336,-19.645551681518555,10.534309387207031,-7.021706581115723,8.277263641357422,-18.224599838256836,8.18311595916748,0.2818353474140167,0.30493590235710144,0.41264891624450684,0.36783477663993835,0.27741727232933044,0.209848552942276,0.24664324522018433,0.3593418002128601,0.41811105608940125,0.417529433965683,0.4662266671657562,0.3514114320278168,0.1002743356059502,0.04482836886022,3427.2538767389965,929.2807243402215,3423.7627172606703,469.6809765583636,6868.792030706207,2152.8241214564346,0.08308938152552205,0.042018723116301684,12.229064301279413,5.114239111900655,13.854675233256268,5.491779325488801,17.814351160829784,5.338335317793156,17.13178472664718,4.232261416644419,17.00145585924737,3.3233874072989593,20.257153343129453,3.0130725733340773,38.96286880314495,3.458143904250802
vocals,17.5,22.5,-170.5551300048828,23.711332321166992,114.93191528320312,24.710304260253906,-64.44317626953125,14.267725944519043,-2.5603911876678467,16.879913330078125,-27.241878509521484,13.741239547729492,26.950885772705078,13.205942153930664,-40.94235610961914,11.69410514831543,-7.127021312713623,12.771173477172852,-23.244009017944336,8.701416969299316,-24.400667190551758,9.685791969299316,-22.93923568725586,9.501355171203613,-2.530383825302124,9.149685859680176,-18.167451858520508,7.820559024810791,0.24186384677886963,0.3100670278072357,0.40505126118659973,0.3773782253265381,0.31816068291664124,0.2668347954750061,0.29026246070861816,0.3433043658733368,0.3654785752296448,0.39937824010849,0.438938707113266,0.3254071772098541,0.10185515975661731,0.03956221433387905,3274.720948046677,1000.8295547787051,3383.12711270819,496.74503192442455,6472.800921729989,2255.8904498645065,0.07820656902552205,0.045326786806847034,13.505548061006557,5.011899965913139,13.03187281125026,4.940450040959192,17.18527494060091,5.22462171649451,17.027534744594565,4.020174268555977,16.696363795751214,3.025484713899625,21.57532895128672,3.8724388579175963,38.0120862124772,3.513692661658642
vocals,20.0,25.0,-215.87049865722656,112.93961334228516,115.03632354736328,33.99116897583008,-61.495723724365234,22.65621566772461,1.6854219436645508,15.765340805053711,-25.91677474975586,17.51091957092285,25.650815963745117,15.451366424560547,-40.612548828125,19.594228744506836,-8.254827499389648,11.324020385742188,-22.191896438598633,11.302652359008789,-23.47944450378418,11.21883773803711,-20.78630256652832,10.721535682678223,3.2404208183288574,8.09044361114502,-14.075482368469238,8.721504211425781,0.34242740273475647,0.25684264302253723,0.2742496132850647,0.33387428522109985,0.35763949155807495,0.3674563467502594,0.365913987159729,0.39843636751174927,0.3667929768562317,0.3521471619606018,0.37790369987487793,0.4420381188392639,0.08956188404060988,0.04820721680411812,3306.8281122192993,1027.1995404197871,3417.066122892492,730.1996672024109,6408.301234411253,2372.726876308113,0.08289225638051044,0.04686309038166716,13.923219175678181,5.196028169856696,12.521399043016627,4.945647461849842,16.00992433849911,4.985005136521006,16.072566437691698,3.8107417154987426,16.298655549390467,2.918893016411311,24.53393333424727,5.742352344948885,35.98770940071152,5.237592086774782
vocals,22.5,27.5,-253.8131561279297,107.11048889160156,126.12395477294922,54.59160232543945,-46.91735076904297,37.624176025390625,9.852457046508789,29.15960121154785,-7.9986114501953125,25.386999130249023,4.870511531829834,26.80812644958496,-17.51967430114746,23.322391510009766,-12.588971138000488,12.236139297485352,-18.039457321166992,11.226648330688477,-22.504907608032227,11.92839527130127,-11.934099197387695,11.867928504943848,-3.566457748413086,11.631656646728516,-12.47221565246582,11.402087211608887,0.3122502267360687,0.2694476842880249,0.2662104368209839,0.2735055685043335,0.2766840159893036,0.3478516638278961,0.3906920552253723,0.452451229095459,0.3890017569065094,0.34752121567726135,0.3651909828186035,0.39203038811683655,0.09798749948861488,0.06665722331131838,2736.8167287944707,1422.4709117148784,2726.4757855601806,1137.5451458016817,5237.114812935035,2862.111738937643,0.07338946490719257,0.05424450467226062,16.54628694785419,6.7089407306737705,15.017768772371364,6.374340296115026,18.060479491611474,6.360588112620995,16.98062833557957,4.3183202162960175,17.83792055792853,3.7182289494849567,24.645733749055378,6.980905637702171,35.00144108752459,6.037585999219634
vocals,25.0,30.0,-274.81072998046875,73.72665405273438,154.10516357421875,56.789772033691406,-35.02178955078125,42.04983139038086,17.35915184020996,32.861175537109375,1.1755200624465942,27.196096420288086,-15.244845390319824,23.4914608001709,-5.526011943817139,12.52466106414795,-12.349482536315918,13.843094825744629,-17.650653839111328,11.958966255187988,-18.756351470947266,10.715118408203125,-6.01495361328125,11.81668758392334,-8.98753833770752,11.169921875,-11.72004508972168,10.904291152954102,0.2880602478981018,0.3004785478115082,0.2656446099281311,0.23105105757713318,0.2794055640697479,0.38041725754737854,0.4350981116294861,0.42579853534698486,0.29789409041404724,0.2644290030002594,0.2934704124927521,0.2979625463485718,0.1092548071828956,0.06465019922417765,1900.962193211477,1298.128356609768,1877.80073338546,653.2037928735549,3469.843364812935,2190.22543692605,0.05218604988399072,0.052945346851378215,19.848629912662755,7.469987271353721,18.09666207540444,6.282413720872718,20.01724553119222,5.8117103063041435,18.816082745338807,4.956508663365168,19.470049761454195,3.876573660487425,23.769818662338224,6.812116832942447,34.08562220490023,4.757031446857217
vocals,27.5,32.5,-335.4228515625,79.4178695678711,152.54464721679688,58.99716567993164,-16.836793899536133,43.906776428222656,23.328414916992188,34.960750579833984,-2.8114733695983887,26.38260269165039,-6.789278984069824,23.84850311279297,-3.1530323028564453,13.988086700439453,-8.606439590454102,14.882837295532227,-8.306442260742188,12.650693893432617,-16.970394134521484,9.511195182800293,-8.088364601135254,14.068954467773438,-9.559746742248535,11.113417625427246,-10.1816987991333,9.061887741088867,0.25670117139816284,0.2907768189907074,0.24266262352466583,0.22604699432849884,0.33395737409591675,0.520073652267456,0.5914808511734009,0.5441272258758545,0.34738633036613464,0.26155102252960205,0.1998511254787445,0.20246009528636932,0.07097322681271569,0.05035257983510265,1882.839172426235,1487.3688470684294,1972.904220427857,716.1546857777079,3291.6823384933296,2531.6035290613827,0.05382196200696056,0.0627125964059252,22.718246939809337,6.4994161120180065,17.98880784649119,6.18980813509228,19.427399259550313,5.573725571939303,19.77855496970208,5.716212619948796,19.350141251540016,4.007340955951028,22.189190415181773,5.735300323011891,33.21940184261412,5.799509476575762
vocals,30.0,35.0,-403.1715393066406,73.6532974243164,142.12681579589844,65.9831771850586,-18.805925369262695,42.503501892089844,34.665283203125,33.47825622558594,-1.3016608953475952,27.76597785949707,10.657427787780762,19.742826461791992,3.044883966445923,10.659981727600098,-8.647127151489258,14.394671440124512,-3.714570999145508,13.442889213562012,-18.84259605407715,11.709295272827148,-7.794250011444092,13.04858684539795,-9.063111305236816,10.621352195739746,-10.326290130615234,10.14248275756836,0.2044556438922882,0.20797626674175262,0.2003391534090042,0.22690166532993317,0.38771912455558777,0.6041424870491028,0.6336753964424133,0.5651917457580566,0.40450534224510193,0.2867298424243927,0.21286556124687195,0.20331814885139465,0.04008641523038137,0.0260468872245956,2105.5937461305216,1782.3524893291087,2204.865392722227,794.8358275845461,3550.53042524652,2834.9367064667067,0.063973906975058,0.08183630688070538,23.298633643619446,5.478698387899963,17.036917919857217,6.290940653044486,18.882647129493236,5.509580068913901,18.67743051315541,5.545574122727316,19.669242972730714,3.8544656303398828,19.51440259873948,3.3966565445153973,31.915586792949327,6.392093491479854
vocals,32.5,37.5,-392.2162780761719,100.14009094238281,116.4436264038086,70.39910125732422,-10.860406875610352,41.09414291381836,20.285799026489258,27.04750633239746,5.920900821685791,27.853824615478516,5.362094402313232,20.521484375,1.5829746723175049,12.70926284790039,-4.988531589508057,13.601798057556152,-9.01695728302002,14.613641738891602,-15.67473030090332,12.772844314575195,-5.1952314376831055,9.816490173339844,-8.353143692016602,9.951818466186523,-9.628484725952148,8.671327590942383,0.22621943056583405,0.21852068603038788,0.2448265254497528,0.29051655530929565,0.47054967284202576,0.5568616986274719,0.5085393786430359,0.3932913541793823,0.3361245095729828,0.3168123960494995,0.3225491940975189,0.29617825150489807,0.057290179300105215,0.058237003666704534,2082.039602352025,1726.058210491374,2301.9174761299596,998.0468381112419,3526.99878099623,2813.269302980774,0.05854390226218097,0.07873747356025611,21.33330554627184,6.542007109429321,16.82155241935742,6.710537408727479,18.93901744471302,6.266540110431846,18.410599513617814,4.783916748875439,19.494974071857634,3.985952237554181,20.18231281595933,3.988925903456087,30.318070795261804,6.609139989598988
vocals,35.0,40.0,-332.0972900390625,102.2947006225586,138.47218322753906,62.439022064208984,-13.467646598815918,36.93335723876953,16.201942443847656,27.62822723388672,-8.960670471191406,28.759212493896484,-4.6243791580200195,22.80207061767578,-1.4638231992721558,14.739563941955566,-4.7493767738342285,13.42160701751709,-10.246757507324219,13.136245727539062,-18.261526107788086,11.671432495117188,-5.225772380828857,10.543183326721191,-10.850176811218262,9.779415130615234,-12.909025192260742,8.796123504638672,0.27580001950263977,0.2648836672306061,0.26633596420288086,0.2709161639213562,0.39049339294433594,0.4204838275909424,0.4041171073913574,0.36140215396881104,0.37852850556373596,0.39341551065444946,0.38320624828338623,0.30210381746292114,0.09291755719952557,0.06567863235467278,1904.9855396877715,1479.5010148376111,2205.105654937391,1048.132610793284,3417.3842852740718,2852.7056193002522,0.04620545424883991,0.055636352162163824,19.23015212056554,6.8527898925080555,17.764095906704885,6.434614720397836,19.450019468351126,6.105773193742752,19.20353682725321,4.914962276193535,19.51246534322967,4.065340099406315,20.360846019400782,4.274435631508525,31.72970890620668,6.224005245001004
vocals,37.5,42.5,-306.7117919921875,65.67757415771484,153.5167999267578,52.00441360473633,-15.832597732543945,36.44695281982422,16.817195892333984,29.94291877746582,-10.9916353225708,26.683517456054688,-5.171200275421143,25.572744369506836,-2.603710412979126,15.862783432006836,-6.824236869812012,13.390998840332031,-8.95875072479248,11.881534576416016,-21.242937088012695,10.288339614868164,-8.232033729553223,12.23701286315918,-11.893417358398438,10.486766815185547,-14.276750564575195,8.676189422607422,0.25095704197883606,0.2777252793312073,0.2466968148946762,0.23400475084781647,0.3153964579105377,0.424553245306015,0.4323723018169403,0.42930418252944946,0.3863990902900696,0.36888325214385986,0.3397280275821686,0.2739657163619995,0.08879803259923985,0.054445379096561754,1869.2513853931848,1429.048367380304,2059.6290853455616,837.3170607547383,3331.451316886601,2753.638362366889,0.04933566560324826,0.05475506996326752,19.993560793078284,6.591957500319875,17.730689868443548,6.279727158959281,18.915741132803245,5.521830133050283,18.908448931485637,5.258990157777033,19.19033341578916,4.102156332445842,19.80942128111517,4.556287412928725,33.25235295331225,5.686113305245163
vocals,40.0,45.0,-373.53350830078125,96.50157165527344,155.26478576660156,61.92589569091797,-19.04228401184082,35.61668014526367,18.53684425354004,31.551496505737305,-4.162060737609863,22.982322692871094,-3.153629779815674,24.68776512145996,-4.068231582641602,13.770638465881348,-3.9495105743408203,13.208498001098633,-6.679156303405762,10.613499641418457,-20.863210678100586,11.449427604675293,-5.555023193359375,11.452139854431152,-10.363253593444824,11.665604591369629,-11.031177520751953,9.337606430053711,0.2538030743598938,0.2997644245624542,0.30987876653671265,0.3460429310798645,0.4062788784503937,0.4721502661705017,0.5237945318222046,0.48758774995803833,0.37349313497543335,0.3338553309440613,0.3255046010017395,0.2923038899898529,0.05576621391499856,0.04533321993194924,1880.383927658099,1282.7008376250506,2239.728009276425,940.7387150124165,3179.2200641676336,2436.8063114023257,0.0543963438950116,0.05038640011546517,21.454205498005276,6.082685502820519,14.80710562713894,6.498581842590867,17.10144524869005,5.356297266608026,17.815336433312673,4.910504773849675,18.770852704187956,3.611300298374382,20.891585270439414,4.55383997420865,30.758418419573733,5.804091780433254
vocals,42.5,47.5,-395.779296875,101.68601989746094,123.13725280761719,67.65132141113281,-17.289701461791992,33.65306854248047,18.58803939819336,34.70244598388672,-0.4656066298484802,20.709320068359375,3.5493345260620117,20.137245178222656,0.8050318956375122,11.919148445129395,-4.472981929779053,11.316941261291504,-9.700926780700684,10.495084762573242,-19.64878273010254,12.786031723022461,-1.604889154434204,8.04175853729248,-5.0091986656188965,10.518057823181152,-9.625510215759277,9.533028602600098,0.27828070521354675,0.3061167299747467,0.3509424030780792,0.40448445081710815,0.40602993965148926,0.4039318561553955,0.43897706270217896,0.41133958101272583,0.3856988847255707,0.46205729246139526,0.4635266065597534,0.39284569025039673,0.040659741240849596,0.04347824519866682,2316.317204640916,1546.3609221090344,2527.719444725212,949.7346420708652,3979.6456958744197,2712.622297055576,0.0704201257975638,0.06607679948644421,20.053425645046286,6.195105337040264,12.60599535110658,6.152896282897142,16.3507886410072,5.483069982157519,17.323113707196274,4.419420464393347,19.709382702898722,3.975624835804902,21.15049087917341,3.8751322269366564,30.80408951110476,6.128239923725951
vocals,45.0,50.0,-364.1244201660156,88.48118591308594,132.17372131347656,63.542877197265625,-21.451072692871094,35.170536041259766,29.017568588256836,35.77507781982422,-0.6429618000984192,23.271028518676758,4.1739935874938965,21.191143035888672,3.5112292766571045,12.596446990966797,-4.856947422027588,10.205251693725586,-9.411738395690918,11.06691837310791,-19.723400115966797,13.772160530090332,-4.247901439666748,9.756421089172363,-7.913131237030029,10.05015754699707,-11.599034309387207,8.55569839477539,0.22637797892093658,0.21217763423919678,0.25610825419425964,0.28539687395095825,0.32151272892951965,0.35776302218437195,0.39744192361831665,0.4635593295097351,0.44871124625205994,0.4952410161495209,0.41269367933273315,0.32562652230262756,0.06127755793490557,0.04963556343407688,2191.060095488629,1672.4350086780787,2272.797885281183,851.1995672355667,3786.1965949463456,2844.1090920061188,0.06321939348897912,0.07308474656733913,20.62750073501081,6.5664019626794,15.363927005564866,6.910681277739531,18.578182967864333,6.442551821328457,18.56442681291448,4.915250340509258,19.776340225881942,3.9139973773648102,20.608425826118477,3.9405600888270933,32.33321837419893,6.777277209622609
vocals,47.5,52.5,-363.1490783691406,84.18824005126953,144.1573028564453,60.51784133911133,-8.388449668884277,36.73545837402344,34.94645309448242,37.28121566772461,2.8423209190368652,24.405500411987305,0.6502981781959534,23.843599319458008,1.452622652053833,13.74625301361084,-4.357017993927002,10.836501121520996,-7.091090679168701,9.497159004211426,-16.05069351196289,12.680420875549316,-7.311269283294678,10.607595443725586,-13.394615173339844,9.267980575561523,-13.006897926330566,7.997340202331543,0.23464390635490417,0.27629354596138,0.35739073157310486,0.4132779538631439,0.4412524998188019,0.4658755660057068,0.4521324336528778,0.44069236516952515,0.3545989394187927,0.3263360857963562,0.2543692886829376,0.22103263437747955,0.06300876179511233,0.0423054239611339,1899.0801019578282,1567.771290581136,2166.3096403753825,878.8630673895955,3227.7322224840486,2632.244113769214,0.05425586390661253,0.06664562831744363,22.24533040312453,6.06039650230781,15.899526877217209,6.791442494840039,18.256363192133772,5.710680455531829,18.209787032269187,4.7731999403295715,18.42060918910596,3.37771530683834,19.71196131640609,3.4667975303003455,30.988489176125885,6.920851409819581
vocals,50.0,55.0,-393.86358642578125,105.59683990478516,158.6996612548828,66.65945434570312,-5.820903778076172,33.66304016113281,31.45124626159668,34.919349670410156,-2.2421510219573975,25.189729690551758,-5.887366771697998,26.79501724243164,1.16702139377594,13.034069061279297,-2.1837620735168457,13.869741439819336,-5.218219757080078,9.799071311950684,-16.142189025878906,12.028432846069336,-9.195225715637207,12.06195068359375,-13.656002044677734,10.58242416381836,-10.96415901184082,8.942745208740234,0.39667657017707825,0.42792531847953796,0.5129643678665161,0.5513538718223572,0.5872293710708618,0.459712952375412,0.34338080883026123,0.2662750482559204,0.25406304001808167,0.2805781364440918,0.2773861289024353,0.3233228325843811,0.05062661150804226,0.03863938201806801,1818.2921175512354,1416.127361338984,2302.1241341572363,1260.332496971013,3176.771973789153,2568.9350447844517,0.05499564965197216,0.06224911754052703,22.01737940972429,6.518220708741152,14.15051477276971,6.480750751315873,16.725359165193485,5.149948377750977,17.286650030337622,4.793842860290294,18.184548452242097,3.619762057869461,20.29815252658642,4.822220059926102,30.387710263663156,6.6449704931906295
vocals,52.5,57.5,-394.4810791015625,109.8692626953125,150.99188232421875,75.16348266601562,-12.418447494506836,38.29698944091797,29.06549072265625,35.50907897949219,-10.051847457885742,29.65878677368164,-8.83028793334961,25.121564865112305,4.650298118591309,16.282018661499023,2.172532081604004,14.745251655578613,-4.978739261627197,10.365498542785645,-16.070697784423828,10.864945411682129,-7.1941118240356445,12.994916915893555,-13.501651763916016,10.97784423828125,-7.645509719848633,8.804548263549805,0.3231984078884125,0.36997097730636597,0.37707871198654175,0.41875606775283813,0.5327296853065491,0.5879215598106384,0.4865368604660034,0.39592525362968445,0.3060145080089569,0.24786943197250366,0.2504371702671051,0.2876240015029907,0.05216183040907991,0.04027080966158952,1987.49023302199,1627.404649102647,2309.5207264389587,1284.519259559653,3347.5887289733178,2716.4222121023136,0.06605844873839907,0.07830298989682098,21.395413199178527,6.060036086558268,14.327048327069486,6.546313214610521,16.272803246175506,5.2542024880910505,17.92550278639506,4.675970808593392,18.25791035518537,3.286618649805174,21.501975623713687,5.5329482620717645,32.0288340984532,6.982671629811794
vocals,55.0,60.0,-341.6746520996094,110.21085357666016,133.745361328125,73.70587158203125,-19.662004470825195,41.53464889526367,27.329635620117188,36.722591400146484,-12.831905364990234,31.797361373901367,-1.5836193561553955,25.36488914489746,3.143188953399658,16.43980598449707,-0.06571829319000244,14.347814559936523,-6.466275215148926,11.035879135131836,-17.240339279174805,11.360411643981934,-2.6504499912261963,10.896305084228516,-12.02756118774414,10.409844398498535,-7.516308307647705,8.146463394165039,0.25693967938423157,0.2750281095504761,0.29220494627952576,0.356001079082489,0.4784570634365082,0.47353050112724304,0.4671262800693512,0.43625643849372864,0.37272611260414124,0.3174169361591339,0.26857978105545044,0.23710964620113373,0.0762837375333914,0.06357078050701365,2246.1617359879615,1728.9699516023763,2399.805474312027,1190.4419498326283,3853.7439049811487,2808.0432057882817,0.072256561774942,0.08223401783355173,19.64191013690741,6.4076768473100865,16.4683374614769,6.146729564518119,17.79432036634836,5.435322553805148,17.617735392212282,4.609371436306875,18.8041025327004,3.2932287212587807,21.66322939454678,6.31450062341641,34.57451219073144,7.121512945504983
vocals,57.5,62.5,-326.0125732421875,105.96794128417969,143.1261444091797,66.03070831298828,-19.092866897583008,41.64080810546875,27.18341636657715,38.32826232910156,-10.219649314880371,26.051652908325195,1.5856657028198242,25.90366554260254,1.5464588403701782,12.45388126373291,-1.894464373588562,14.654284477233887,-6.933430194854736,12.372057914733887,-19.703731536865234,13.182050704956055,-2.8881213665008545,10.127723693847656,-10.52896499633789,9.151220321655273,-8.748372077941895,7.9703779220581055,0.31380248069763184,0.3113037645816803,0.2989356815814972,0.3247716724872589,0.41141921281814575,0.4648880958557129,0.4665595293045044,0.4457032084465027,0.3899678587913513,0.351349800825119,0.2951423227787018,0.27557820081710815,0.08174267011030692,0.06765433453606692,2279.254521894616,1685.500793338136,2419.8741806608773,1183.3476032899957,4070.4748450188513,2963.673963522058,0.06986387035962877,0.07447603265625438,19.330491859552243,7.010132404276703,16.568587141221872,5.82652297841361,17.69881869868948,5.461004817463551,17.08841024645899,4.518156471848151,18.717892101961056,3.4975324991795143,21.298130043418894,6.368627549416391,34.6602991279168,6.704853381044962
vocals,60.0,65.0,-331.9009704589844,95.49183654785156,144.29835510253906,57.486576080322266,-8.977252006530762,40.125457763671875,32.26005172729492,36.79861831665039,1.5800944566726685,26.844337463378906,4.66807222366333,23.667572021484375,0.9356482625007629,15.099987030029297,-4.389946460723877,13.665573120117188,-8.427454948425293,11.599067687988281,-21.027833938598633,13.632925033569336,-8.039950370788574,9.989169120788574,-14.276559829711914,9.784004211425781,-12.56501579284668,9.454248428344727,0.3190198838710785,0.31707513332366943,0.3034144639968872,0.304466187953949,0.3855014443397522,0.4834267199039459,0.4768635928630829,0.4056060016155243,0.3263446092605591,0.28702259063720703,0.2654963731765747,0.29357364773750305,0.08474170145151376,0.06357639816531238,1944.7196051864794,1588.0766405089598,2192.483492723591,918.9600911960249,3446.111876450116,2810.0327890712765,0.05538310252320185,0.0662744830040558,21.220447024413758,6.834094659605182,16.67117825876529,6.03032171671052,18.74920139526759,5.48130698150431,17.183564927179543,4.57805257179928,17.957614704377498,3.3631238128159286,20.017633466283165,5.00665087755344,32.51997397261054,6.340629790140611
vocals,62.5,67.5,-349.9754333496094,107.4395523071289,135.22654724121094,58.40367889404297,-18.58115577697754,39.36492156982422,25.711843490600586,32.05213928222656,11.069771766662598,25.605491638183594,4.233537197113037,19.93385124206543,-0.9047719836235046,13.935782432556152,-7.981783866882324,11.413493156433105,-11.256285667419434,11.154877662658691,-18.76845359802246,13.496326446533203,-7.237436294555664,10.195600509643555,-11.454262733459473,10.702845573425293,-15.15992546081543,9.098150253295898,0.24241846799850464,0.2383570671081543,0.24966104328632355,0.275941401720047,0.36966070532798767,0.41254788637161255,0.4512629210948944,0.4422350525856018,0.45834583044052124,0.41549646854400635,0.357086181640625,0.3163391947746277,0.08116144101086004,0.06676820441170105,1773.8806776656352,1107.4699813989619,2206.8460684235047,879.1650555605561,3118.567376015081,2049.2606573650687,0.04734628770301624,0.0425973321971645,21.94445453948657,6.197403667072063,16.348196154615355,6.595313717801453,18.941650304225803,6.14174762138196,16.944395727760284,4.5326354718611,18.05657063639186,3.3109808729847634,20.14397915043621,4.190615135537027,30.923800955000956,5.862408697828304
vocals,65.0,70.0,-420.14898681640625,129.49752807617188,105.05108642578125,72.61383056640625,-18.047534942626953,36.78548812866211,18.034486770629883,30.955690383911133,10.796247482299805,18.282201766967773,1.1383347511291504,14.21500301361084,0.6587388515472412,10.686563491821289,-7.14475679397583,11.035393714904785,-9.24373722076416,11.496649742126465,-12.339341163635254,12.706283569335938,-3.394365072250366,9.114449501037598,-3.4211339950561523,7.633722305297852,-10.964203834533691,9.571427345275879,0.37618735432624817,0.35708752274513245,0.30905961990356445,0.3365621566772461,0.4171643853187561,0.4282541275024414,0.4720524847507477,0.5023002624511719,0.5659005045890808,0.4497578740119934,0.4153299033641815,0.42555367946624756,0.039668986766737954,0.05058223964244223,2418.518397972555,1252.3754715719367,3047.1107432598683,1622.505150257378,4649.723005184164,3151.654306450359,0.05500811158642691,0.04077900987926726,21.275009702069983,4.876595590436529,13.143827825051048,6.037045077837402,16.000784055928396,5.6430818764643425,15.756515398207277,3.967015381818773,17.880560238563174,3.5867640740433333,19.898953131370206,3.8249593462765765,29.02905865279234,6.21867393379388
vocals,67.5,70.54503401360545,-503.1465148925781,151.06842041015625,85.24176788330078,82.184326171875,-9.641498565673828,33.29994201660156,17.20998764038086,26.845504760742188,3.9306352138519287,15.98027515411377,-0.3304060399532318,13.83328628540039,1.026663064956665,10.676098823547363,-4.044618129730225,10.500944137573242,-3.419696807861328,9.179211616516113,-9.102078437805176,13.10194206237793,-2.0811808109283447,8.243306159973145,-0.5630387663841248,6.935700416564941,-6.105749130249023,8.906940460205078,0.5250001549720764,0.5306194424629211,0.4651646614074707,0.4170415997505188,0.4541977345943451,0.578190803527832,0.5199431777000427,0.4939051866531372,0.49883347749710083,0.5348407626152039,0.43325549364089966,0.42020857334136963,0.0219679266609873,0.03623274729140463,3084.7567280136695,1431.6944135573951,4252.3369716823245,2187.959947930151,7092.77510842443,4705.299903994813,0.04158373930608365,0.041285510477724406,22.19555263932012,4.750971655531915,11.870067236747651,5.4793422249740535,14.518782306237455,4.590258833162731,15.46694923158877,3.907743842664838,16.77803754481173,3.397058877612164,18.054493970757665,3.385737922895554,27.523076329127946,5.880767924421366
vocals,70.0,70.54503401360545,-842.5339965820312,36.98641586303711,83.59391784667969,11.234803199768066,8.122748374938965,13.388429641723633,22.05169105529785,6.474296569824219,24.45334815979004,9.810405731201172,10.838685035705566,4.565004825592041,2.806173801422119,9.089438438415527,-0.6284605264663696,9.916765213012695,-4.37758731842041,10.608440399169922,-3.2121171951293945,6.78809118270874,6.666311264038086,6.013757705688477,3.9764513969421387,5.423159599304199,1.3802961111068726,4.464221954345703,0.4900066554546356,0.48406681418418884,0.5013962388038635,0.5506625771522522,0.7320837378501892,0.9460205435752869,0.6864475607872009,0.6083794236183167,0.5777136087417603,0.5559030771255493,0.4619307518005371,0.44443610310554504,0.00030951860684039505,1.7984851901662006e-05,4527.053259796174,382.15183946587325,7087.774456853609,456.1757155730975,13494.904213763299,2349.1123743563066,0.0011427859042553192,0.002494389743759794,25.314473076041086,5.027250524016544,10.386757044074185,3.67891374563589,13.278507269765548,3.468090022537256,13.290968616498267,3.5420084925096966,15.395822768595677,2.0533464435336795,15.703188520058937,2.9382414051610106,23.384930237744673,1.1358014025295797
no_vocals,0.0,5.0,-453.1941833496094,30.53853416442871,166.52328491210938,31.952735900878906,2.0685007572174072,20.80709457397461,7.138129234313965,25.39237403869629,-19.250164031982422,12.321676254272461,-21.597675323486328,10.552310943603516,-20.694156646728516,11.190040588378906,-19.853506088256836,8.534165382385254,3.9041543006896973,10.793539047241211,2.2795679569244385,13.336841583251953,3.03938889503479,10.95189094543457,-6.271154880523682,9.444694519042969,3.038207769393921,8.707548141479492,0.09395311772823334,0.017139872536063194,0.018345439806580544,0.06281175464391708,0.1509900689125061,0.3524332046508789,0.07944474369287491,0.003491729963570833,0.022844066843390465,0.29978564381599426,0.8708850145339966,0.31699344515800476,0.027187503031573825,0.008631223635593219,2064.343537320332,1264.4631155470927,2964.838134821856,486.92648555501506,2756.1001169156034,2382.5364671558427,0.08082470816415313,0.08100303996596092,14.859189559438471,3.704757441790149,10.736079343706857,4.132990375420283,21.39884564297898,3.7338917314299946,29.672020895353366,5.291360065633757,22.625352155966194,4.6976619767489876,23.212195633551854,7.578208333026935,24.790866345839603,4.591251528601672
no_vocals,2.5,7.5,-447.66082763671875,23.830846786499023,195.55894470214844,21.969852447509766,9.763493537902832,14.678496360778809,-10.031634330749512,15.078153610229492,-14.752199172973633,18.626541137695312,-15.11156177520752,14.767352104187012,-24.55582046508789,8.9180326461792,-17.1763916015625,8.861572265625,1.8507702350616455,10.958036422729492,-1.9396226406097412,12.423349380493164,0.7215173840522766,12.674488067626953,-7.86275053024292,11.01324462890625,-1.514682412147522,8.654141426086426,0.0655120238661766,0.052759114652872086,0.1789044588804245,0.08736985921859741,0.08954907208681107,0.31750503182411194,0.13088783621788025,0.10827583819627762,0.08575761318206787,0.3210558593273163,0.8217651844024658,0.22408661246299744,0.028863460834628606,0.008031958170233913,1320.7197998883219,320.9586726160872,2497.8710409369364,660.9941448435112,1397.4099568590486,551.9249794776873,0.03799983686194896,0.007523305614445235,15.375548298540124,3.5428878239502715,12.619807253092528,5.045522135078988,20.269538999986963,3.5744108420342457,29.87337089196438,4.487569994971639,22.638941539341044,4.257624213292767,19.292457639252735,3.249463112791746,22.242122548809192,2.4255963742366653
no_vocals,5.0,10.0,-408.22735595703125,66.64139556884766,207.44032287597656,40.511756896972656,4.027643203735352,21.317787170410156,-5.635365009307861,18.73569107055664,1.1944302320480347,20.248218536376953,1.9129035472869873,17.814767837524414,-26.929529190063477,11.850168228149414,-16.64826011657715,10.683093070983887,2.781372308731079,9.32608699798584,0.7463677525520325,9.924210548400879,3.847562313079834,12.723923683166504,-5.716080665588379,10.780593872070312,-4.33601188659668,8.420343399047852,0.04899037629365921,0.09575960785150528,0.31669238209724426,0.2479032427072525,0.19795070588588715,0.4247225224971771,0.2162560373544693,0.23081158101558685,0.1819303333759308,0.391440749168396,0.6904812455177307,0.22268083691596985,0.03367641789670126,0.01587872653002332,1397.9549614292794,1140.3370177922877,2206.414177145879,831.5896165406109,2041.65741462442,2193.4324149126896,0.039274352885730855,0.024251400659471543,15.244349358287453,3.9367815839657956,13.482754200543233,4.061762760874062,19.13027954528503,3.5451405454685405,27.291171447601464,5.055857716172376,22.610349633888635,3.91390678594396,20.4418696094085,3.9468471744763374,22.036646798498957,3.0103007492463427
no_vocals,7.5,12.5,-330.54937744140625,73.90059661865234,156.2891845703125,66.14723205566406,14.01346206665039,28.789464950561523,26.40438461303711,33.58504867553711,-2.221752643585205,20.36457061767578,30.694490432739258,23.422983169555664,-33.48030471801758,13.385311126708984,-3.0226223468780518,18.326942443847656,-6.134036064147949,11.3233642578125,5.4205732345581055,7.353491306304932,-0.7189658284187317,13.159740447998047,5.705776214599609,9.78231143951416,-8.072933197021484,6.354518890380859,0.182444229722023,0.1580670028924942,0.28701403737068176,0.357553631067276,0.3572441041469574,0.625177800655365,0.3020053207874298,0.21803298592567444,0.2429896891117096,0.4509807229042053,0.6599899530410767,0.35053014755249023,0.03782506206282468,0.017757171874888827,3104.3314405502633,2280.5088324353756,3477.8708298085303,1524.8910501632727,6421.391023781903,4839.233801947326,0.06704634026972157,0.05824047647745718,14.224617063541997,4.040267231513625,12.711032089856477,3.449987425245171,18.063475409852504,3.6973068833291545,21.887473226419083,5.746018710167049,18.877477762708033,4.668292881979948,18.78199460157563,4.132349812275069,26.975379781933846,5.490084782169259
no_vocals,10.0,15.0,-319.316162109375,49.65684509277344,130.59239196777344,40.338356018066406,26.81389808654785,23.652055740356445,42.67170333862305,18.777978897094727,-6.540844917297363,21.21128273010254,44.26793670654297,17.793109893798828,-31.869491577148438,18.61209487915039,10.836112022399902,9.31313705444336,-13.656462669372559,7.506130218505859,6.49252986907959,7.39635705947876,-11.047019958496094,6.6816301345825195,7.086663722991943,10.136921882629395,-6.969440937042236,6.6574602127075195,0.33203089237213135,0.23302482068538666,0.23593448102474213,0.26570814847946167,0.3857802748680115,0.6786302328109741,0.425599068403244,0.27035993337631226,0.36407962441444397,0.5541727542877197,0.6307681798934937,0.43296018242836,0.03531005360583695,0.012781779480988192,3639.6345766866243,2152.412068622449,4256.803076396618,995.082288976914,7564.299503335267,4565.6826068447435,0.07164932569605569,0.06788762223491171,15.47137266960889,4.1314825325353945,12.190113464471132,3.7966997421372812,17.945925277840125,4.155036275563437,18.28294909323435,4.607185465835187,15.86346601875248,3.107333063421504,17.043486824285097,2.6322924036851916,27.830897887750968,5.194929086169909
no_vocals,12.5,17.5,-339.10528564453125,31.583646774291992,161.31808471679688,24.501628875732422,19.31743049621582,17.567832946777344,30.644386291503906,13.332172393798828,2.0949106216430664,18.38694953918457,34.301971435546875,13.432677268981934,-19.158174514770508,17.134382247924805,11.128488540649414,8.327811241149902,-10.953836441040039,8.102373123168945,6.194450378417969,6.821326732635498,-10.624602317810059,7.092608451843262,4.131525039672852,7.931839466094971,-1.6001005172729492,7.487053871154785,0.3171272575855255,0.22113105654716492,0.2323230803012848,0.21515505015850067,0.3296439051628113,0.5251644253730774,0.41277849674224854,0.3902261257171631,0.4967295825481415,0.6941978931427002,0.7155494093894958,0.454610675573349,0.03577226497613222,0.010610398199580932,2206.180592298648,1501.0975623983372,3562.714939536128,747.9973931719095,3982.993084759281,3281.94142870008,0.03642510150812065,0.04715693865515931,16.12040368243065,3.8302618929875805,12.974167844065542,3.7340147988566166,17.488093800926563,3.9921849366993967,17.265142497705657,4.138176109934076,15.68330205871936,2.596351373612019,16.919782181100274,2.25663112273982,24.019146678102782,3.739261476302444
no_vocals,15.0,20.0,-330.11199951171875,23.430498123168945,173.1478729248047,16.75926971435547,4.528223037719727,14.325411796569824,35.01832962036133,17.82166862487793,4.701267242431641,12.187067985534668,27.124492645263672,8.734646797180176,-15.749893188476562,8.49512004852295,11.594219207763672,7.733651638031006,-7.498596668243408,7.370144844055176,4.551135063171387,6.674100875854492,-7.498665809631348,7.408323287963867,2.104027032852173,7.11278772354126,-2.3779220581054688,7.755373954772949,0.28932908177375793,0.2473675012588501,0.3609483242034912,0.363850474357605,0.327326238155365,0.413618803024292,0.3781784176826477,0.47142624855041504,0.4363345205783844,0.49860045313835144,0.6557155251502991,0.45151329040527344,0.037826433648158665,0.009621611373054574,1704.4785709531482,333.9813573738684,3155.9964508333906,449.0102762550446,3082.8952019286544,1139.442582309771,0.02376944061774942,0.011441685397590093,15.237195013944959,3.273210438205835,13.46936592387705,3.6537307764894664,16.72514635648017,3.7692192905420585,16.87889789898305,3.618011806098952,15.152429978707765,2.365147009078524,17.445940385920576,2.2109032533180177,23.844189689911826,2.798689189780186
no_vocals,17.5,22.5,-308.09832763671875,34.815921783447266,168.1240692138672,16.707122802734375,-13.539995193481445,20.549787521362305,40.99655532836914,15.242609024047852,2.95609188079834,11.304776191711426,26.13774299621582,8.923197746276855,-15.610886573791504,9.174171447753906,11.809828758239746,7.177856922149658,-2.5159339904785156,8.402016639709473,2.6753106117248535,6.251926422119141,-0.20936942100524902,7.2267889976501465,-2.427943706512451,5.50892972946167,-6.351340293884277,5.932131767272949,0.3777313232421875,0.3484637141227722,0.4534185528755188,0.4735102355480194,0.4237931966781616,0.4901483356952667,0.3992888033390045,0.4364894926548004,0.33297044038772583,0.341741144657135,0.528089165687561,0.39199158549308777,0.03641066004429229,0.008768086698340583,1919.3729914993967,445.7732983089873,3085.2226168127977,377.45840177961554,3775.4549738979117,1259.014013156041,0.031491308367169374,0.015307639556427251,14.915597484125328,3.887389758932572,11.645307230849843,3.856861852605878,16.41977115046405,3.92813992700181,17.58953497095431,3.4793655061650846,14.806520019785923,2.435001737394463,18.256336235784122,2.5724982388679662,25.047842828591218,2.821674709084839
no_vocals,20.0,25.0,-293.5223693847656,55.7095832824707,162.36805725097656,32.80734634399414,-23.232036590576172,18.742000579833984,41.482208251953125,12.301101684570312,-1.6272419691085815,10.256855964660645,21.693790435791016,11.62182903289795,-11.693168640136719,9.400588035583496,10.750507354736328,7.4764180183410645,-0.6815623641014099,8.335752487182617,5.674610614776611,9.163888931274414,0.9935141205787659,6.886654853820801,-2.71927809715271,6.299571990966797,-6.189281940460205,6.517558574676514,0.5361897945404053,0.3960309624671936,0.386753648519516,0.3554966151714325,0.3962130844593048,0.5771387219429016,0.389687180519104,0.30576059222221375,0.3075431287288666,0.4749198257923126,0.6101086735725403,0.4269227981567383,0.03675799742946077,0.017896992703369457,2249.540147441232,1250.228253259909,3072.551750521274,562.5024955963929,4402.066188732599,2292.5035065646002,0.04202730749709977,0.0375097296845941,13.55854797281432,4.903540590576523,9.964125526330115,3.2567882759270357,16.576300018343318,4.0455805115556815,17.7581518658099,3.7717106419388435,15.638306017734815,2.9888470996981678,20.434001217893574,4.029715796149988,25.280043177401193,3.1584943536151675
no_vocals,22.5,27.5,-340.23175048828125,69.53723907470703,176.97325134277344,36.01726150512695,-20.886323928833008,18.80973243713379,34.51481246948242,14.44031047821045,12.711365699768066,17.158042907714844,12.383578300476074,9.382024765014648,-6.266483783721924,7.5175933837890625,5.583813190460205,7.731805801391602,5.37113094329834,10.454904556274414,3.003842353820801,10.27291202545166,-1.0424071550369263,6.499142646789551,-3.8761720657348633,6.475738525390625,-5.2757110595703125,6.753077983856201,0.4903208315372467,0.34170588850975037,0.3253823220729828,0.2717806398868561,0.34012654423713684,0.5308281779289246,0.3540695309638977,0.27431464195251465,0.3261614739894867,0.5663185715675354,0.5631752014160156,0.35499119758605957,0.030664188996942718,0.01856395423232809,1879.3433100430207,1311.1946300718337,2719.953240457963,635.2349210398748,3527.1486640806265,2346.9948856128485,0.03881212840777262,0.03777191576937215,11.96219151944129,4.083822030243251,11.31761295728488,3.3528707355861074,17.94314996261661,4.191237967038623,19.689081464949634,4.5064613566860405,18.43893456512948,3.469969313361216,22.90041368280004,3.737961637680935,23.621512936846777,3.2368597231309355
no_vocals,25.0,30.0,-399.04791259765625,40.57238006591797,195.3441925048828,15.690388679504395,-25.30672264099121,21.196718215942383,34.80867004394531,12.079195022583008,24.890661239624023,12.460307121276855,13.171514511108398,8.423371315002441,-6.811866760253906,9.191744804382324,0.066668801009655,8.82300853729248,10.199323654174805,8.857283592224121,-5.103415012359619,6.793674468994141,0.7104732394218445,7.466836929321289,-8.919240951538086,6.090321063995361,-7.159942150115967,7.190479278564453,0.25506141781806946,0.2586081624031067,0.39393043518066406,0.26264694333076477,0.26443105936050415,0.3434736728668213,0.2757311761379242,0.3191765248775482,0.36370381712913513,0.6163110136985779,0.5456843376159668,0.2470978945493698,0.021792978398380868,0.0060921480142646185,1420.6779810629378,303.3382585318836,2387.73092457954,400.79932679592116,2667.5192140371228,657.7823996536271,0.031954665748259864,0.012606951349623216,10.885929148973599,3.2690031520716474,11.688770239795991,3.4128878764273094,20.240080831386447,4.981116441314745,22.097672011947402,4.41206337738217,21.421778995877087,3.8150739177472777,24.448148005669513,3.151329543260859,22.61944794259885,2.356554022745764
no_vocals,27.5,32.5,-385.7644348144531,49.6068000793457,176.4783935546875,27.845542907714844,-29.839929580688477,18.988988876342773,50.88600540161133,22.308935165405273,18.18105697631836,16.25031089782715,14.367141723632812,10.282915115356445,-13.495390892028809,10.468029022216797,1.4797608852386475,10.462113380432129,5.321362495422363,8.497933387756348,-4.740719795227051,8.484976768493652,2.46134090423584,7.695708274841309,-9.091063499450684,9.739959716796875,-5.242245197296143,12.759557723999023,0.2772728502750397,0.22234903275966644,0.3340165913105011,0.2759620249271393,0.19451996684074402,0.36059337854385376,0.20069275796413422,0.22141554951667786,0.22884297370910645,0.4361993670463562,0.5680451989173889,0.29646560549736023,0.0235243304470541,0.006446237799835338,1763.1259076259223,588.282323473425,2445.5967712308748,523.9203388095029,3412.5380655452436,1333.2795777368676,0.046169201348607886,0.020337227834500197,10.748453513393788,3.0380876639421595,11.438948276406046,3.288271851720663,21.961919555629077,5.0235187236069345,24.88989071101652,5.346489910449159,24.557676230800222,4.101200775846547,25.086478276385293,3.719964143465379,25.74288548538526,3.7587974881328163
no_vocals,30.0,35.0,-352.0572814941406,37.721981048583984,157.87509155273438,22.11276626586914,-33.980308532714844,10.820767402648926,63.907875061035156,18.056869506835938,7.182694435119629,12.677145004272461,14.928909301757812,11.400781631469727,-15.222137451171875,8.056769371032715,7.816378116607666,8.660869598388672,8.421716690063477,9.341300010681152,6.94525146484375,13.10002326965332,9.744271278381348,9.690990447998047,-2.529775619506836,11.39672565460205,-2.4539761543273926,13.202571868896484,0.42503622174263,0.22362776100635529,0.1771499365568161,0.19029660522937775,0.23729558289051056,0.4995940625667572,0.22548659145832062,0.14484228193759918,0.19861584901809692,0.4250596761703491,0.5290622115135193,0.31031760573387146,0.0282766904137389,0.005984646707086207,2060.121107394224,516.2641188384189,2619.6731850765736,440.11734420967645,4125.28209287993,1205.878621516921,0.053092372389791184,0.019094334953236616,12.250970448533467,3.5189113997358192,11.953021015853711,3.5860401771186545,20.43316138966807,4.643150500529793,26.217632820629543,4.949593879755413,25.090924154851997,4.49885424046316,24.21303456046578,4.197949073115092,28.401227386705134,2.8621664875539445
no_vocals,32.5,37.5,-343.34405517578125,32.608436584472656,161.3517608642578,17.93536949157715,-33.598793029785156,10.976683616638184,61.38531494140625,13.704909324645996,6.960842132568359,10.624557495117188,15.838495254516602,10.664554595947266,-14.31474781036377,8.635168075561523,6.7530436515808105,7.791040420532227,8.68875789642334,8.755671501159668,13.898099899291992,7.707242012023926,16.483917236328125,8.725340843200684,5.747841835021973,9.051201820373535,-1.7098195552825928,9.756202697753906,0.3108771741390228,0.19747483730316162,0.1827094852924347,0.16664738953113556,0.26348358392715454,0.4259074926376343,0.2822294533252716,0.3596682846546173,0.31171658635139465,0.5479618310928345,0.5014070272445679,0.24232111871242523,0.03071505081971671,0.006258104962335131,1952.658533448766,426.3286217549939,2647.689780992022,359.5490073426033,3976.7479562427493,1025.4627806315639,0.04574209686774942,0.015476589648210306,12.602580365648118,3.587678186504109,13.276901875742727,4.459748171009987,19.32943554653887,4.0316304083060395,26.716045074995137,4.698056297691001,24.03636639439505,4.196596341528438,23.62893854888119,4.539013368461087,27.85958569904389,3.1660046415609537
no_vocals,35.0,40.0,-354.36651611328125,39.689613342285156,166.56982421875,19.128116607666016,-28.037113189697266,15.710516929626465,58.042633056640625,13.84900951385498,16.32535743713379,13.942264556884766,18.019834518432617,10.282525062561035,-14.658039093017578,8.928731918334961,1.7749894857406616,7.639978885650635,3.6593496799468994,6.991721153259277,5.835038185119629,9.185148239135742,13.414630889892578,9.905545234680176,9.063042640686035,7.560901641845703,5.657339096069336,10.087953567504883,0.19767364859580994,0.1865611970424652,0.2635281980037689,0.2645500898361206,0.28347235918045044,0.45915648341178894,0.3344961702823639,0.48138800263404846,0.33586183190345764,0.4389636516571045,0.5048201680183411,0.2540757358074188,0.031752039650303855,0.006344644464611525,1766.0928955105119,451.4575219285053,2630.0903919159546,376.1992892096145,3567.317330698956,1140.9594361174177,0.03761691560324826,0.014366430786917189,11.651490867612939,3.3005177667284835,13.155442184244693,4.122494974337914,19.93476962285719,3.8655359204715456,24.82695150319261,4.878894243185552,23.100952301573905,4.0884381312000295,23.084996591824048,4.434311467198282,25.797662984119683,3.4993652844144534
no_vocals,37.5,42.5,-359.43011474609375,38.67570877075195,165.0535430908203,21.845365524291992,-26.74277687072754,15.749442100524902,57.557552337646484,14.033844947814941,19.167007446289062,15.05589485168457,22.369808197021484,10.495911598205566,-14.518543243408203,8.71691608428955,2.379742383956909,8.34148120880127,3.0216851234436035,7.197850704193115,-0.05016651004552841,8.139044761657715,4.980790615081787,9.127516746520996,3.6475253105163574,8.665355682373047,6.725648403167725,9.440228462219238,0.31395718455314636,0.26874399185180664,0.4209909737110138,0.36008420586586,0.2553330957889557,0.3679419755935669,0.2508012354373932,0.2977747321128845,0.22546963393688202,0.31351161003112793,0.500260591506958,0.30276089906692505,0.03102351472715214,0.006293198849634466,1765.3977117802021,515.1657358310765,2670.716772243391,408.11950685167113,3567.217408642691,1266.136158535038,0.03572043575986079,0.015639589666258263,11.416309250643877,3.378894951548431,12.636440228347086,3.775504692896409,21.645919371300383,4.418340892206692,23.213571413023228,4.544580824908491,22.71387068697248,4.046783952679634,22.477573824487255,4.155963979799046,25.726453644709313,3.5876288588255676
no_vocals,40.0,45.0,-347.7837219238281,34.492820739746094,157.5877685546875,21.37470245361328,-31.5350341796875,11.152328491210938,64.03374481201172,12.673609733581543,8.041082382202148,15.329824447631836,20.45010757446289,11.50747299194336,-14.285642623901367,9.032362937927246,10.201987266540527,11.598572731018066,8.576701164245605,10.4887056350708,4.919625282287598,10.397459030151367,3.955434799194336,10.432079315185547,-3.6443381309509277,9.512977600097656,-2.5079755783081055,13.417051315307617,0.525338351726532,0.27956029772758484,0.38663923740386963,0.2591279149055481,0.17451120913028717,0.26535406708717346,0.15324188768863678,0.14268502593040466,0.13021759688854218,0.21563434600830078,0.4011019468307495,0.31171128153800964,0.03182973311198421,0.006077247849212672,2012.2244514493443,543.1371008932773,2708.532409724531,409.59548332600025,4125.831664189385,1278.8838446103862,0.045414687862529,0.015848285213445956,11.92660880569481,3.5800746666246757,12.35016864542235,4.207791008227958,21.22021807022004,4.256896897487698,25.66502302023583,6.143404330459067,24.092637883934056,4.610729792403574,23.653012208487063,5.1385676615279,27.825660901190595,3.2588367657429966
no_vocals,42.5,47.5,-337.8385925292969,33.5999641418457,151.9680938720703,18.572946548461914,-30.842464447021484,11.638230323791504,64.58634185791016,11.612878799438477,3.6524550914764404,12.774561882019043,15.99114990234375,9.450172424316406,-14.397435188293457,9.310683250427246,17.092376708984375,9.838850021362305,15.003244400024414,9.101134300231934,12.060445785522461,9.219033241271973,9.6486234664917,10.780715942382812,-3.2365164756774902,10.504376411437988,-8.772533416748047,12.398274421691895,0.5387004613876343,0.22369752824306488,0.18453562259674072,0.14033815264701843,0.1788019984960556,0.3901589512825012,0.2030041664838791,0.151282399892807,0.14838021993637085,0.2866153120994568,0.46183207631111145,0.282470703125,0.03363700245621586,0.00657767197431706,2136.117902303713,518.0430266298796,2737.2353880410687,403.3215272267967,4340.014591792344,1203.1408741664945,0.0527411724187935,0.015790481968746186,12.290349290387987,3.8468294415772712,12.151457640090358,3.8710994945023427,19.03451529486389,4.169686434788923,28.506721356802082,5.371538873132444,25.3484080905471,4.82115039479201,24.682417455526128,5.11635960185855,28.70076907884532,3.3107723199836263
no_vocals,45.0,50.0,-342.20330810546875,38.30145263671875,154.80735778808594,21.499849319458008,-26.507415771484375,14.966833114624023,62.78105545043945,14.056256294250488,8.076659202575684,13.539143562316895,18.45231056213379,10.086718559265137,-17.492454528808594,8.245901107788086,12.590194702148438,9.925172805786133,12.56778621673584,8.816534042358398,10.666423797607422,8.7991361618042,10.21126937866211,8.678431510925293,1.9563199281692505,8.195348739624023,-3.830287218093872,10.253150939941406,0.3186827600002289,0.1835056096315384,0.18826143443584442,0.16014616191387177,0.21864913403987885,0.464216023683548,0.26553526520729065,0.22080816328525543,0.2091745138168335,0.38055500388145447,0.6685656905174255,0.32021889090538025,0.03314824508645695,0.006865281361294527,2028.5012793441842,550.7447567417539,2756.5560324291414,419.7669815348352,4143.168140951276,1286.7657390787879,0.046488680031902554,0.01841861592450903,12.018249793465433,3.6611790587532793,13.058464791322676,3.930759388978155,19.493705273332022,4.35925429182167,26.844635750074385,5.015461662506479,24.66665673379151,4.630613874302777,23.985930255117776,4.494717173539836,28.29202772871451,3.688571545012381
no_vocals,47.5,52.5,-340.28680419921875,41.89710235595703,154.26251220703125,22.077913284301758,-26.73124885559082,15.296860694885254,64.33390045166016,15.449947357177734,9.821542739868164,14.374950408935547,22.44615364074707,11.346277236938477,-16.8220157623291,8.37240219116211,7.007018566131592,7.343672275543213,6.9030914306640625,9.236602783203125,4.836054801940918,8.189192771911621,5.737398624420166,8.217874526977539,3.1067042350769043,6.7414422035217285,4.319543838500977,8.608283042907715,0.3487582504749298,0.2565890848636627,0.29116952419281006,0.3087128698825836,0.26096925139427185,0.4327758252620697,0.2737138867378235,0.24065570533275604,0.23124651610851288,0.3495918810367584,0.7164024710655212,0.42620524764060974,0.0328390212025139,0.006783479349066117,2032.71604838231,600.3698135472525,2845.185815118801,437.4642576550244,4309.988013884861,1438.4924389277812,0.039020582584106726,0.016706190010000857,11.951226367813947,3.9849362357366527,13.043679599095176,4.133819986622942,19.68257229748444,3.8758124832515026,24.167764661669423,4.573180032621095,22.84417327601087,4.483631561504202,22.315782178135148,4.388916313309838,27.840403182843858,3.6801624102860933
no_vocals,50.0,55.0,-398.8532409667969,78.41410064697266,172.32591247558594,26.736309051513672,-11.809809684753418,26.55835723876953,36.90926742553711,34.02019500732422,11.555208206176758,12.827085494995117,7.223002910614014,20.791425704956055,-21.204853057861328,11.879082679748535,-5.636000156402588,16.755571365356445,-1.3052908182144165,11.190059661865234,-0.502161979675293,7.9842705726623535,3.9119973182678223,7.867868423461914,3.2627108097076416,7.331749439239502,2.566384792327881,10.045616149902344,0.3003295660018921,0.2604418694972992,0.46922987699508667,0.33774909377098083,0.22829769551753998,0.4955097436904907,0.23153990507125854,0.13245423138141632,0.14591644704341888,0.26244866847991943,0.6001084446907043,0.34346139430999756,0.02645383633266953,0.008867569447490032,1622.859314931904,677.2346448930945,2442.1342476973036,586.8021124113133,3094.7359655959976,1885.625347100664,0.0350644848462877,0.013998137898937633,13.186936322531503,3.985147317959327,13.596432490927139,4.122660085971319,20.804188580223443,3.926142962081779,25.240997332939465,5.254224702699411,23.115267994736733,4.2345789864106615,21.782946919447532,3.9643874826737155,24.51783693459411,4.620466007859404
no_vocals,52.5,57.5,-487.7178039550781,30.509931564331055,209.82395935058594,19.494356155395508,2.219623565673828,17.922359466552734,5.625756740570068,20.335180282592773,7.637458324432373,13.499570846557617,-10.668997764587402,10.600711822509766,-27.210052490234375,9.054638862609863,-21.75397491455078,11.424232482910156,-8.827881813049316,11.591034889221191,-10.406603813171387,9.626259803771973,0.26466798782348633,11.752691268920898,-0.12256326526403427,10.564706802368164,-1.1566710472106934,9.208523750305176,0.1802665889263153,0.15300950407981873,0.3805380165576935,0.13509097695350647,0.1773868203163147,0.7144620418548584,0.21096044778823853,0.03691725805401802,0.13009782135486603,0.3674170970916748,0.4211283326148987,0.16081495583057404,0.01894858676784622,0.0034268867916426135,1129.3364893126234,242.00082350886157,2089.8254279162275,437.5493124224744,1470.8027071853248,629.3487296774914,0.03220390443735499,0.00610973535351547,15.32224167891561,4.0714281564038295,14.616749607367337,3.9473524635694046,21.475838742245294,3.1441414550030684,27.780570150792215,5.143769421554078,25.054345243997368,3.5110337740738724,22.45752321428893,4.167597906801017,20.795462975067746,2.3024046075625466
no_vocals,55.0,60.0,-500.9490051269531,24.46921157836914,198.82330322265625,26.514448165893555,7.707642078399658,14.918564796447754,-0.040517572313547134,12.973681449890137,3.4845330715179443,13.2078275680542,-10.033408164978027,8.008248329162598,-28.877805709838867,7.765064239501953,-20.632604598999023,9.482931137084961,-7.96711540222168,10.41740608215332,-14.277132987976074,7.795982360839844,-4.662902355194092,9.472319602966309,-6.1473917961120605,9.864109992980957,-3.7893264293670654,9.588062286376953,0.14395290613174438,0.1755923628807068,0.5426198840141296,0.21370111405849457,0.09990900009870529,0.4375424087047577,0.14316704869270325,0.023682601749897003,0.10030406713485718,0.3477190434932709,0.330731600522995,0.10701873898506165,0.018475691552366846,0.0034110320512833535,1196.5621725896922,297.22293522656446,2315.8237418119593,618.9869306684744,1387.7674784295243,484.98846584013967,0.03145052385440835,0.005931358897757899,16.24589636581907,3.553946255215292,13.988598695397766,4.390474885988344,23.42953552105818,4.309279216201516,27.722095543465343,5.086476271295539,24.8884822390498,3.5714568541444933,22.22970068087094,4.613932780967374,19.98255839360786,2.2401618479114487
no_vocals,57.5,62.5,-471.8412780761719,51.591487884521484,201.8453826904297,26.4323787689209,4.151190757751465,19.00826072692871,9.032747268676758,15.008649826049805,12.53951358795166,15.18206787109375,-1.8457883596420288,11.653067588806152,-24.395536422729492,9.395565032958984,-11.227761268615723,11.17223072052002,-0.8906682729721069,8.431302070617676,-10.538020133972168,7.648587226867676,-1.8500643968582153,7.826915264129639,-7.568841934204102,7.422424793243408,-2.4177496433258057,10.586745262145996,0.05245709791779518,0.18096961081027985,0.699086606502533,0.498799204826355,0.18541443347930908,0.19135761260986328,0.09075028449296951,0.07097294926643372,0.05738969147205353,0.23266109824180603,0.5462082624435425,0.2088279128074646,0.019967320974777925,0.005615024144503837,1186.2809844992378,262.4573910147321,2283.2784019627657,549.4377073656697,1570.524919337297,545.4091556131383,0.030169210411832948,0.006513650573539415,14.069193443085307,3.4605386045601847,12.536240485840949,3.958865937425702,23.01896226383106,4.826534018372702,26.38868032501116,4.347137466992169,24.009719977622336,3.780722354234665,22.420579328309167,4.1262666703328135,20.014649643103784,2.4494950399206976
no_vocals,60.0,65.0,-402.75927734375,54.69031524658203,192.98666381835938,27.580759048461914,-7.614791393280029,21.686784744262695,29.044652938842773,23.907764434814453,22.48678970336914,15.962993621826172,14.301265716552734,15.997450828552246,-13.626489639282227,9.9933500289917,3.6105847358703613,12.684597969055176,5.262568473815918,9.036285400390625,-2.929953098297119,8.853339195251465,0.6341642141342163,7.456470489501953,-3.736318826675415,7.925957202911377,0.3533051311969757,8.636675834655762,0.25600987672805786,0.25791895389556885,0.45746925473213196,0.47562870383262634,0.3677605390548706,0.490653395652771,0.27234601974487305,0.19502834975719452,0.20193146169185638,0.4082472026348114,0.7238264083862305,0.3774133324623108,0.027511531709673926,0.009276281623995759,1328.1494538298796,454.55789510653443,2399.8045171307,490.5674611784285,2420.411968895012,1286.2939542916238,0.02670026102088167,0.00980298049393626,13.17914858989475,3.463872296113496,12.682926854887203,4.021857642571227,20.188094142550746,4.253001904206244,24.451082724878088,4.092889850224899,21.789808996421392,3.8706025335332077,22.409190356482096,3.557467871056507,22.255038663239898,3.416883185315175
no_vocals,62.5,67.5,-362.6861877441406,49.55189895629883,173.02337646484375,24.51095199584961,-21.718658447265625,17.401952743530273,46.51853561401367,16.581932067871094,17.916467666625977,17.392047882080078,26.526371002197266,12.777871131896973,-9.309074401855469,9.065906524658203,12.133827209472656,9.104395866394043,10.556672096252441,8.965930938720703,0.49352172017097473,7.135376453399658,0.24699631333351135,6.609907627105713,-3.347839832305908,7.203880786895752,1.1322687864303589,7.273889541625977,0.49790653586387634,0.3673800528049469,0.3806793987751007,0.3651389181613922,0.42545652389526367,0.678322434425354,0.450917512178421,0.27547627687454224,0.27224814891815186,0.3594844937324524,0.5068941712379456,0.4141448438167572,0.033525994864320535,0.007519707606689137,1599.7254855236686,586.7312867388495,2635.3716467488293,512.8673247164083,3242.6705698955916,1479.8051070366464,0.02522975275522042,0.011838303791946793,13.65022095745646,3.612322450859405,13.908119544094792,4.347569694466488,20.25379378298834,4.325878510559979,23.25622615466077,4.382493131438859,19.97954504410059,3.6051466186893273,20.955085014645025,3.5712589713222274,24.824758063593688,3.933988718323767
no_vocals,65.0,70.0,-350.5729064941406,52.73775863647461,171.1204071044922,22.84101104736328,-26.818801879882812,18.251907348632812,50.697837829589844,15.619134902954102,17.18422508239746,16.086532592773438,27.842344284057617,11.794086456298828,-9.077879905700684,9.246013641357422,11.422443389892578,8.424583435058594,10.173212051391602,9.191082000732422,-0.5158341526985168,6.973675727844238,0.46808922290802,7.577526569366455,-2.8584694862365723,6.645838737487793,3.041656017303467,6.565226078033447,0.43944185972213745,0.37007349729537964,0.45447590947151184,0.40417250990867615,0.41044288873672485,0.5561836957931519,0.4824974834918976,0.5130329728126526,0.3919864594936371,0.35853150486946106,0.4156019389629364,0.3388737440109253,0.03497992608730796,0.008067996001727069,1650.4987382580925,633.9646924487793,2571.0196250286003,489.25429415365255,3355.1828052494197,1383.8963534677678,0.02658243909512761,0.013568067919519257,13.660122516486373,3.990627293715848,13.91970373388505,3.9311216701034852,20.758435000608834,4.427358638192412,21.822566037202062,4.597975908101935,19.93964177358012,3.820238271973343,21.046863376895146,3.6059297877715086,26.061178836794898,3.808220303584961
no_vocals,67.5,70.54503401360545,-359.36358642578125,64.67646026611328,166.25489807128906,22.700273513793945,-28.41218376159668,17.053577423095703,55.23998260498047,13.231260299682617,19.350114822387695,15.34218692779541,26.962158203125,10.922609329223633,-8.022640228271484,9.635141372680664,9.348365783691406,7.767313480377197,8.6808443069458,8.066427230834961,-0.7187922596931458,7.442356586456299,2.989391803741455,8.2017822265625,-1.7583156824111938,5.791171550750732,2.9586520195007324,6.536439895629883,0.37565532326698303,0.3917329013347626,0.5736998319625854,0.41466009616851807,0.3409455418586731,0.38544386625289917,0.4464379549026489,0.6715056300163269,0.5122846364974976,0.4391665756702423,0.539404571056366,0.3900672197341919,0.03356780343801456,0.010964512447834243,1682.6463066439246,611.8303226952088,2592.7865328501434,497.7572879460114,3455.6287874287073,1222.8931369572585,0.02586776675380228,0.013671870461910084,14.013439194079208,4.713585462056701,13.640890973528341,3.7913123096141965,21.16285984267434,4.5059339567575085,20.722729770927774,4.633301446122085,20.372261587620162,4.24224662190838,21.292748585912772,3.567081256606446,26.245169128946955,3.767049981143577
no_vocals,70.0,70.54503401360545,-404.0476379394531,86.3468017578125,151.6613006591797,18.1030216217041,-25.596298217773438,17.99225616455078,53.85463333129883,15.85753059387207,14.046778678894043,13.605360984802246,25.383811950683594,6.537845134735107,-6.99884557723999,9.067547798156738,5.630393981933594,5.559574127197266,10.91816520690918,5.167795658111572,-3.4054107666015625,8.202032089233398,1.7157485485076904,7.485844612121582,-4.5248823165893555,6.531623363494873,-0.31701233983039856,5.454248905181885,0.606746256351471,0.49211522936820984,0.564778745174408,0.35978662967681885,0.2891210913658142,0.31909868121147156,0.31831249594688416,0.3690773546695709,0.36454176902770996,0.42079299688339233,0.5912252068519592,0.5084515810012817,0.02042943486408826,0.011385085849722709,1924.993087621529,432.78926097445014,2891.054440995378,559.9285315511862,3931.4131067154253,866.3844069232151,0.027364527925531915,0.010552547698324656,12.374106031963391,3.9446526738052454,14.380192864612235,3.90100579801393,20.658567657725456,5.439393574615012,20.521742418790204,5.102876727533911,20.06002185682041,3.8376062468285412,21.344131323734644,3.2602285902202315,26.334806548677264,4.725803341094462
