original_frame,candidate_frame,original_time_seconds,candidate_time_seconds
0,0,0.0,0.0
1,1,0.09287981859410431,0.09287981859410431
2,2,0.18575963718820862,0.18575963718820862
3,3,0.2786394557823129,0.2786394557823129
4,4,0.37151927437641724,0.37151927437641724
5,5,0.46439909297052157,0.46439909297052157
6,6,0.5572789115646258,0.5572789115646258
7,7,0.6501587301587302,0.6501587301587302
8,8,0.7430385487528345,0.7430385487528345
9,9,0.8359183673469388,0.8359183673469388
10,10,0.9287981859410431,0.9287981859410431
11,11,1.0216780045351475,1.0216780045351475
12,12,1.1145578231292517,1.1145578231292517
13,13,1.207437641723356,1.207437641723356
14,14,1.3003174603174603,1.3003174603174603
15,15,1.3931972789115645,1.3931972789115645
16,16,1.486077097505669,1.486077097505669
17,17,1.5789569160997732,1.5789569160997732
18,18,1.6718367346938776,1.6718367346938776
19,19,1.7647165532879818,1.7647165532879818
20,20,1.8575963718820863,1.8575963718820863
21,21,1.9504761904761905,1.9504761904761905
22,22,2.043356009070295,2.043356009070295
23,23,2.136235827664399,2.136235827664399
24,24,2.2291156462585033,2.2291156462585033
25,25,2.3219954648526078,2.3219954648526078
26,26,2.414875283446712,2.414875283446712
27,27,2.507755102040816,2.507755102040816
28,28,2.6006349206349206,2.6006349206349206
29,29,2.693514739229025,2.693514739229025
30,30,2.786394557823129,2.786394557823129
31,31,2.8792743764172335,2.8792743764172335
32,32,2.972154195011338,2.972154195011338
33,33,3.0650340136054424,3.0650340136054424
34,34,3.1579138321995464,3.1579138321995464
35,35,3.250793650793651,3.250793650793651
36,36,3.3436734693877552,3.3436734693877552
37,37,3.436553287981859,3.436553287981859
38,38,3.5294331065759637,3.5294331065759637
39,38,3.622312925170068,3.5294331065759637
40,38,3.7151927437641725,3.5294331065759637
41,38,3.8080725623582765,3.5294331065759637
42,39,3.900952380952381,3.622312925170068
42,40,3.900952380952381,3.7151927437641725
42,41,3.900952380952381,3.8080725623582765
42,42,3.900952380952381,3.900952380952381
43,43,3.9938321995464854,3.9938321995464854
44,44,4.08671201814059,4.08671201814059
45,45,4.179591836734694,4.179591836734694
46,46,4.272471655328798,4.272471655328798
47,47,4.365351473922902,4.365351473922902
48,48,4.458231292517007,4.458231292517007
49,49,4.551111111111111,4.551111111111111
49,50,4.551111111111111,4.6439909297052155
50,51,4.6439909297052155,4.73687074829932
51,51,4.73687074829932,4.73687074829932
52,52,4.829750566893424,4.829750566893424
53,53,4.922630385487528,4.922630385487528
54,54,5.015510204081632,5.015510204081632
55,55,5.108390022675737,5.108390022675737
56,56,5.201269841269841,5.201269841269841
57,57,5.294149659863946,5.294149659863946
58,58,5.38702947845805,5.38702947845805
59,59,5.479909297052155,5.479909297052155
60,60,5.572789115646258,5.572789115646258
61,61,5.6656689342403626,5.6656689342403626
62,62,5.758548752834467,5.758548752834467
63,63,5.851428571428571,5.851428571428571
64,64,5.944308390022676,5.944308390022676
65,65,6.03718820861678,6.03718820861678
66,66,6.130068027210885,6.130068027210885
67,67,6.222947845804988,6.222947845804988
68,68,6.315827664399093,6.315827664399093
69,69,6.408707482993197,6.408707482993197
70,70,6.501587301587302,6.501587301587302
71,71,6.594467120181406,6.594467120181406
72,72,6.6873469387755105,6.6873469387755105
73,73,6.780226757369615,6.780226757369615
74,74,6.873106575963718,6.873106575963718
75,75,6.965986394557823,6.965986394557823
76,76,7.058866213151927,7.058866213151927
77,77,7.151746031746032,7.151746031746032
78,78,7.244625850340136,7.244625850340136
79,79,7.337505668934241,7.337505668934241
80,80,7.430385487528345,7.430385487528345
81,81,7.523265306122449,7.523265306122449
82,81,7.616145124716553,7.523265306122449
83,82,7.7090249433106575,7.616145124716553
84,83,7.801904761904762,7.7090249433106575
84,84,7.801904761904762,7.801904761904762
85,85,7.894784580498866,7.894784580498866
86,86,7.987664399092971,7.987664399092971
87,87,8.080544217687075,8.080544217687075
88,88,8.17342403628118,8.17342403628118
89,89,8.266303854875284,8.266303854875284
90,90,8.359183673469389,8.359183673469389
91,91,8.452063492063493,8.452063492063493
92,92,8.544943310657596,8.544943310657596
93,93,8.6378231292517,8.6378231292517
94,94,8.730702947845804,8.730702947845804
95,95,8.823582766439909,8.823582766439909
96,96,8.916462585034013,8.916462585034013
97,97,9.009342403628118,9.009342403628118
98,98,9.102222222222222,9.102222222222222
99,99,9.195102040816327,9.195102040816327
100,100,9.287981859410431,9.287981859410431
101,101,9.380861678004536,9.380861678004536
102,102,9.47374149659864,9.47374149659864
103,103,9.566621315192744,9.566621315192744
104,104,9.659501133786849,9.659501133786849
105,105,9.752380952380953,9.752380952380953
106,106,9.845260770975056,9.845260770975056
107,107,9.93814058956916,9.93814058956916
108,108,10.031020408163265,10.031020408163265
109,109,10.12390022675737,10.12390022675737
110,110,10.216780045351474,10.216780045351474
111,111,10.309659863945578,10.309659863945578
112,112,10.402539682539683,10.402539682539683
113,113,10.495419501133787,10.495419501133787
114,114,10.588299319727891,10.588299319727891
115,115,10.681179138321996,10.681179138321996
116,116,10.7740589569161,10.7740589569161
117,117,10.866938775510205,10.866938775510205
118,118,10.95981859410431,10.95981859410431
119,119,11.052698412698414,11.052698412698414
120,120,11.145578231292516,11.145578231292516
121,120,11.23845804988662,11.145578231292516
122,121,11.331337868480725,11.23845804988662
123,122,11.42421768707483,11.331337868480725
124,123,11.517097505668934,11.42421768707483
124,124,11.517097505668934,11.517097505668934
125,125,11.609977324263038,11.609977324263038
126,126,11.702857142857143,11.702857142857143
127,127,11.795736961451247,11.795736961451247
128,128,11.888616780045352,11.888616780045352
129,129,11.981496598639456,11.981496598639456
130,130,12.07437641723356,12.07437641723356
131,131,12.167256235827665,12.167256235827665
132,132,12.26013605442177,12.26013605442177
133,133,12.353015873015874,12.353015873015874
134,134,12.445895691609977,12.445895691609977
135,135,12.538775510204081,12.538775510204081
136,136,12.631655328798185,12.631655328798185
137,137,12.72453514739229,12.72453514739229
138,138,12.817414965986394,12.817414965986394
139,139,12.910294784580499,12.910294784580499
140,140,13.003174603174603,13.003174603174603
141,141,13.096054421768708,13.096054421768708
142,142,13.188934240362812,13.188934240362812
143,143,13.281814058956916,13.281814058956916
144,144,13.374693877551021,13.374693877551021
145,145,13.467573696145125,13.467573696145125
146,146,13.56045351473923,13.56045351473923
147,147,13.653333333333334,13.653333333333334
148,148,13.746213151927437,13.746213151927437
149,149,13.839092970521541,13.839092970521541
150,150,13.931972789115646,13.931972789115646
151,151,14.02485260770975,14.02485260770975
152,152,14.117732426303855,14.117732426303855
153,153,14.210612244897959,14.210612244897959
154,154,14.303492063492063,14.303492063492063
155,155,14.396371882086168,14.396371882086168
156,156,14.489251700680272,14.489251700680272
156,157,14.489251700680272,14.582131519274377
157,158,14.582131519274377,14.675011337868481
158,159,14.675011337868481,14.767891156462586
159,159,14.767891156462586,14.767891156462586
160,159,14.86077097505669,14.767891156462586
161,160,14.953650793650795,14.86077097505669
162,161,15.046530612244897,14.953650793650795
162,162,15.046530612244897,15.046530612244897
163,163,15.139410430839002,15.139410430839002
164,164,15.232290249433106,15.232290249433106
165,165,15.32517006802721,15.32517006802721
166,166,15.418049886621315,15.418049886621315
167,167,15.51092970521542,15.51092970521542
168,168,15.603809523809524,15.603809523809524
169,169,15.696689342403628,15.696689342403628
170,170,15.789569160997733,15.789569160997733
171,171,15.882448979591837,15.882448979591837
172,172,15.975328798185942,15.975328798185942
173,173,16.068208616780044,16.068208616780044
174,174,16.16108843537415,16.16108843537415
175,175,16.253968253968253,16.253968253968253
176,176,16.34684807256236,16.34684807256236
177,177,16.439727891156462,16.439727891156462
178,178,16.532607709750568,16.532607709750568
179,179,16.62548752834467,16.62548752834467
180,180,16.718367346938777,16.718367346938777
181,181,16.81124716553288,16.81124716553288
182,182,16.904126984126986,16.904126984126986
183,183,16.99700680272109,16.99700680272109
184,184,17.08988662131519,17.08988662131519
185,185,17.182766439909297,17.182766439909297
186,186,17.2756462585034,17.2756462585034
187,187,17.368526077097506,17.368526077097506
188,188,17.46140589569161,17.46140589569161
189,189,17.554285714285715,17.554285714285715
190,190,17.647165532879818,17.647165532879818
191,191,17.740045351473924,17.740045351473924
192,192,17.832925170068027,17.832925170068027
193,193,17.925804988662133,17.925804988662133
194,194,18.018684807256236,18.018684807256236
195,195,18.11156462585034,18.11156462585034
196,196,18.204444444444444,18.204444444444444
197,197,18.297324263038547,18.297324263038547
198,198,18.390204081632653,18.390204081632653
199,199,18.483083900226756,18.483083900226756
200,200,18.575963718820862,18.575963718820862
201,201,18.668843537414965,18.668843537414965
202,202,18.76172335600907,18.76172335600907
203,203,18.854603174603174,18.854603174603174
204,204,18.94748299319728,18.94748299319728
205,205,19.040362811791383,19.040362811791383
206,206,19.13324263038549,19.13324263038549
207,207,19.22612244897959,19.22612244897959
208,208,19.319002267573698,19.319002267573698
209,209,19.4118820861678,19.4118820861678
210,210,19.504761904761907,19.504761904761907
211,211,19.59764172335601,19.59764172335601
212,212,19.690521541950112,19.690521541950112
213,213,19.783401360544218,19.783401360544218
214,214,19.87628117913832,19.87628117913832
215,215,19.969160997732427,19.969160997732427
216,216,20.06204081632653,20.06204081632653
217,217,20.154920634920636,20.154920634920636
218,218,20.24780045351474,20.24780045351474
219,219,20.340680272108845,20.340680272108845
220,220,20.433560090702947,20.433560090702947
221,221,20.526439909297054,20.526439909297054
222,222,20.619319727891156,20.619319727891156
223,223,20.712199546485262,20.712199546485262
224,224,20.805079365079365,20.805079365079365
225,225,20.897959183673468,20.897959183673468
226,226,20.990839002267574,20.990839002267574
227,227,21.083718820861677,21.083718820861677
228,228,21.176598639455783,21.176598639455783
229,229,21.269478458049885,21.269478458049885
230,230,21.36235827664399,21.36235827664399
231,231,21.455238095238094,21.455238095238094
232,232,21.5481179138322,21.5481179138322
233,233,21.640997732426303,21.640997732426303
234,234,21.73387755102041,21.73387755102041
235,235,21.826757369614512,21.826757369614512
236,236,21.91963718820862,21.91963718820862
237,237,22.01251700680272,22.01251700680272
238,238,22.105396825396827,22.105396825396827
239,239,22.19827664399093,22.19827664399093
240,240,22.291156462585032,22.291156462585032
241,241,22.38403628117914,22.38403628117914
242,242,22.47691609977324,22.47691609977324
243,243,22.569795918367348,22.569795918367348
244,244,22.66267573696145,22.66267573696145
245,245,22.755555555555556,22.755555555555556
246,246,22.84843537414966,22.84843537414966
247,247,22.941315192743765,22.941315192743765
248,248,23.034195011337868,23.034195011337868
249,249,23.127074829931974,23.127074829931974
250,250,23.219954648526077,23.219954648526077
251,251,23.312834467120183,23.312834467120183
252,252,23.405714285714286,23.405714285714286
253,253,23.49859410430839,23.49859410430839
254,254,23.591473922902495,23.591473922902495
255,255,23.684353741496597,23.684353741496597
256,256,23.777233560090703,23.777233560090703
257,257,23.870113378684806,23.870113378684806
258,258,23.962993197278912,23.962993197278912
259,259,24.055873015873015,24.055873015873015
260,260,24.14875283446712,24.14875283446712
261,261,24.241632653061224,24.241632653061224
262,262,24.33451247165533,24.33451247165533
263,263,24.427392290249433,24.427392290249433
264,264,24.52027210884354,24.52027210884354
265,265,24.61315192743764,24.61315192743764
266,266,24.706031746031748,24.706031746031748
267,267,24.79891156462585,24.79891156462585
268,268,24.891791383219953,24.891791383219953
269,269,24.98467120181406,24.98467120181406
270,270,25.077551020408162,25.077551020408162
271,271,25.170430839002268,25.170430839002268
272,272,25.26331065759637,25.26331065759637
273,273,25.356190476190477,25.356190476190477
274,274,25.44907029478458,25.44907029478458
275,275,25.541950113378686,25.541950113378686
276,276,25.63482993197279,25.63482993197279
276,277,25.63482993197279,25.727709750566895
277,278,25.727709750566895,25.820589569160997
278,278,25.820589569160997,25.820589569160997
279,278,25.913469387755104,25.820589569160997
280,279,26.006349206349206,25.913469387755104
280,280,26.006349206349206,26.006349206349206
281,281,26.09922902494331,26.09922902494331
282,282,26.192108843537415,26.192108843537415
283,283,26.284988662131518,26.284988662131518
284,284,26.377868480725624,26.377868480725624
285,285,26.470748299319727,26.470748299319727
286,286,26.563628117913833,26.563628117913833
287,287,26.656507936507936,26.656507936507936
288,288,26.749387755102042,26.749387755102042
289,289,26.842267573696144,26.842267573696144
290,290,26.93514739229025,26.93514739229025
291,291,27.028027210884353,27.028027210884353
292,292,27.12090702947846,27.12090702947846
293,293,27.213786848072562,27.213786848072562
294,294,27.30666666666667,27.30666666666667
295,295,27.39954648526077,27.39954648526077
296,296,27.492426303854874,27.492426303854874
297,297,27.58530612244898,27.58530612244898
298,298,27.678185941043083,27.678185941043083
299,299,27.77106575963719,27.77106575963719
300,300,27.86394557823129,27.86394557823129
301,301,27.956825396825398,27.956825396825398
302,302,28.0497052154195,28.0497052154195
303,303,28.142585034013607,28.142585034013607
304,304,28.23546485260771,28.23546485260771
305,305,28.328344671201815,28.328344671201815
306,306,28.421224489795918,28.421224489795918
307,307,28.514104308390024,28.514104308390024
308,308,28.606984126984127,28.606984126984127
309,309,28.69986394557823,28.69986394557823
310,310,28.792743764172336,28.792743764172336
311,311,28.88562358276644,28.88562358276644
312,312,28.978503401360545,28.978503401360545
313,313,29.071383219954647,29.071383219954647
314,314,29.164263038548754,29.164263038548754
315,315,29.257142857142856,29.257142857142856
316,316,29.350022675736962,29.350022675736962
317,317,29.442902494331065,29.442902494331065
318,318,29.53578231292517,29.53578231292517
319,319,29.628662131519274,29.628662131519274
320,320,29.72154195011338,29.72154195011338
321,321,29.814421768707483,29.814421768707483
322,322,29.90730158730159,29.90730158730159
323,323,30.00018140589569,30.00018140589569
324,324,30.093061224489794,30.093061224489794
325,325,30.1859410430839,30.1859410430839
326,326,30.278820861678003,30.278820861678003
327,327,30.37170068027211,30.37170068027211
328,328,30.464580498866212,30.464580498866212
329,329,30.55746031746032,30.55746031746032
330,330,30.65034013605442,30.65034013605442
331,331,30.743219954648527,30.743219954648527
332,332,30.83609977324263,30.83609977324263
333,332,30.928979591836736,30.83609977324263
334,333,31.02185941043084,30.928979591836736
335,334,31.114739229024945,31.02185941043084
336,335,31.207619047619048,31.114739229024945
336,336,31.207619047619048,31.207619047619048
337,337,31.30049886621315,31.30049886621315
337,338,31.30049886621315,31.393378684807256
338,339,31.393378684807256,31.48625850340136
338,340,31.393378684807256,31.579138321995465
338,341,31.393378684807256,31.672018140589568
338,342,31.393378684807256,31.764897959183674
339,343,31.48625850340136,31.857777777777777
340,344,31.579138321995465,31.950657596371883
341,345,31.672018140589568,32.04353741496599
342,346,31.764897959183674,32.13641723356009
343,347,31.857777777777777,32.229297052154195
344,348,31.950657596371883,32.3221768707483
345,349,32.04353741496599,32.41505668934241
346,350,32.13641723356009,32.507936507936506
347,351,32.229297052154195,32.60081632653061
348,352,32.3221768707483,32.69369614512472
349,353,32.41505668934241,32.78657596371882
350,354,32.507936507936506,32.879455782312924
351,354,32.60081632653061,32.879455782312924
352,354,32.69369614512472,32.879455782312924
353,354,32.78657596371882,32.879455782312924
354,354,32.879455782312924,32.879455782312924
355,355,32.97233560090703,32.97233560090703
356,356,33.065215419501136,33.065215419501136
357,357,33.158095238095235,33.158095238095235
358,358,33.25097505668934,33.25097505668934
359,359,33.34385487528345,33.34385487528345
360,360,33.436734693877554,33.436734693877554
361,361,33.52961451247165,33.52961451247165
362,362,33.62249433106576,33.62249433106576
363,363,33.715374149659866,33.715374149659866
364,364,33.80825396825397,33.80825396825397
365,365,33.90113378684807,33.90113378684807
366,366,33.99401360544218,33.99401360544218
367,367,34.08689342403628,34.08689342403628
368,368,34.17977324263038,34.17977324263038
369,369,34.27265306122449,34.27265306122449
370,370,34.365532879818595,34.365532879818595
371,371,34.4584126984127,34.4584126984127
372,372,34.5512925170068,34.5512925170068
373,373,34.644172335600906,34.644172335600906
374,374,34.73705215419501,34.73705215419501
375,375,34.82993197278912,34.82993197278912
376,376,34.92281179138322,34.92281179138322
377,377,35.015691609977324,35.015691609977324
378,378,35.10857142857143,35.10857142857143
379,379,35.20145124716553,35.20145124716553
380,380,35.294331065759636,35.294331065759636
381,381,35.38721088435374,35.38721088435374
382,382,35.48009070294785,35.48009070294785
383,383,35.57297052154195,35.57297052154195
384,383,35.66585034013605,35.57297052154195
385,384,35.75873015873016,35.66585034013605
386,385,35.851609977324266,35.75873015873016
387,385,35.944489795918365,35.75873015873016
388,386,36.03736961451247,35.851609977324266
389,387,36.13024943310658,35.944489795918365
390,388,36.22312925170068,36.03736961451247
391,389,36.31600907029478,36.13024943310658
392,390,36.40888888888889,36.22312925170068
393,391,36.501768707482995,36.31600907029478
394,392,36.594648526077094,36.40888888888889
395,393,36.6875283446712,36.501768707482995
396,394,36.78040816326531,36.594648526077094
396,395,36.78040816326531,36.6875283446712
396,396,36.78040816326531,36.78040816326531
397,397,36.87328798185941,36.87328798185941
398,398,36.96616780045351,36.96616780045351
399,399,37.05904761904762,37.05904761904762
400,400,37.151927437641724,37.151927437641724
401,401,37.24480725623583,37.24480725623583
402,402,37.33768707482993,37.33768707482993
403,403,37.430566893424036,37.430566893424036
404,404,37.52344671201814,37.52344671201814
405,405,37.61632653061225,37.61632653061225
406,406,37.70920634920635,37.70920634920635
407,407,37.802086167800454,37.802086167800454
408,408,37.89496598639456,37.89496598639456
409,409,37.98784580498866,37.98784580498866
410,410,38.080725623582765,38.080725623582765
411,411,38.17360544217687,38.17360544217687
412,412,38.26648526077098,38.26648526077098
413,413,38.35936507936508,38.35936507936508
414,414,38.45224489795918,38.45224489795918
415,415,38.54512471655329,38.54512471655329
416,416,38.638004535147395,38.638004535147395
417,417,38.730884353741494,38.730884353741494
418,418,38.8237641723356,38.8237641723356
419,419,38.91664399092971,38.91664399092971
420,420,39.00952380952381,39.00952380952381
421,421,39.10240362811791,39.10240362811791
422,422,39.19528344671202,39.19528344671202
423,423,39.288163265306125,39.288163265306125
424,424,39.381043083900224,39.381043083900224
425,425,39.47392290249433,39.47392290249433
426,426,39.566802721088436,39.566802721088436
427,427,39.65968253968254,39.65968253968254
428,428,39.75256235827664,39.75256235827664
429,429,39.84544217687075,39.84544217687075
430,430,39.938321995464854,39.938321995464854
431,431,40.03120181405896,40.03120181405896
432,432,40.12408163265306,40.12408163265306
433,433,40.216961451247165,40.216961451247165
434,434,40.30984126984127,40.30984126984127
435,435,40.40272108843537,40.40272108843537
436,436,40.49560090702948,40.49560090702948
437,437,40.58848072562358,40.58848072562358
438,438,40.68136054421769,40.68136054421769
439,439,40.77424036281179,40.77424036281179
440,440,40.867120181405895,40.867120181405895
441,441,40.96,40.96
442,442,41.05287981859411,41.05287981859411
443,443,41.145759637188206,41.145759637188206
444,444,41.23863945578231,41.23863945578231
445,445,41.33151927437642,41.33151927437642
446,446,41.424399092970525,41.424399092970525
447,447,41.517278911564624,41.517278911564624
448,448,41.61015873015873,41.61015873015873
449,449,41.703038548752836,41.703038548752836
450,450,41.795918367346935,41.795918367346935
451,451,41.88879818594104,41.88879818594104
452,452,41.98167800453515,41.98167800453515
453,453,42.074557823129254,42.074557823129254
454,454,42.16743764172335,42.16743764172335
455,455,42.26031746031746,42.26031746031746
456,456,42.353197278911566,42.353197278911566
457,457,42.44607709750567,42.44607709750567
458,458,42.53895691609977,42.53895691609977
459,459,42.63183673469388,42.63183673469388
460,460,42.72471655328798,42.72471655328798
461,461,42.81759637188209,42.81759637188209
462,462,42.91047619047619,42.91047619047619
463,463,43.003356009070295,43.003356009070295
464,464,43.0962358276644,43.0962358276644
465,465,43.1891156462585,43.1891156462585
466,466,43.281995464852606,43.281995464852606
467,467,43.37487528344671,43.37487528344671
468,468,43.46775510204082,43.46775510204082
469,469,43.56063492063492,43.56063492063492
470,470,43.653514739229024,43.653514739229024
471,471,43.74639455782313,43.74639455782313
472,472,43.83927437641724,43.83927437641724
473,473,43.932154195011336,43.932154195011336
474,474,44.02503401360544,44.02503401360544
475,475,44.11791383219955,44.11791383219955
476,476,44.210793650793654,44.210793650793654
477,477,44.30367346938775,44.30367346938775
478,478,44.39655328798186,44.39655328798186
479,479,44.489433106575966,44.489433106575966
480,480,44.582312925170065,44.582312925170065
481,481,44.67519274376417,44.67519274376417
482,482,44.76807256235828,44.76807256235828
483,483,44.860952380952384,44.860952380952384
484,484,44.95383219954648,44.95383219954648
485,485,45.04671201814059,45.04671201814059
486,486,45.139591836734695,45.139591836734695
487,487,45.2324716553288,45.2324716553288
488,488,45.3253514739229,45.3253514739229
489,489,45.41823129251701,45.41823129251701
490,490,45.51111111111111,45.51111111111111
491,491,45.60399092970521,45.60399092970521
492,492,45.69687074829932,45.69687074829932
492,493,45.69687074829932,45.789750566893424
493,494,45.789750566893424,45.88263038548753
494,495,45.88263038548753,45.97551020408163
495,495,45.97551020408163,45.97551020408163
496,495,46.068390022675736,45.97551020408163
497,495,46.16126984126984,45.97551020408163
498,496,46.25414965986395,46.068390022675736
498,497,46.25414965986395,46.16126984126984
498,498,46.25414965986395,46.25414965986395
499,499,46.34702947845805,46.34702947845805
500,500,46.439909297052154,46.439909297052154
501,501,46.53278911564626,46.53278911564626
502,502,46.625668934240366,46.625668934240366
503,503,46.718548752834465,46.718548752834465
504,504,46.81142857142857,46.81142857142857
505,505,46.90430839002268,46.90430839002268
506,506,46.99718820861678,46.99718820861678
507,507,47.09006802721088,47.09006802721088
508,508,47.18294784580499,47.18294784580499
509,509,47.275827664399095,47.275827664399095
510,510,47.368707482993194,47.368707482993194
511,511,47.4615873015873,47.4615873015873
512,512,47.55446712018141,47.55446712018141
513,513,47.64734693877551,47.64734693877551
514,514,47.74022675736961,47.74022675736961
515,515,47.83310657596372,47.83310657596372
516,516,47.925986394557825,47.925986394557825
517,517,48.01886621315193,48.01886621315193
518,518,48.11174603174603,48.11174603174603
519,519,48.204625850340136,48.204625850340136
520,520,48.29750566893424,48.29750566893424
521,521,48.39038548752834,48.39038548752834
522,522,48.48326530612245,48.48326530612245
523,523,48.576145124716554,48.576145124716554
524,524,48.66902494331066,48.66902494331066
525,525,48.76190476190476,48.76190476190476
526,526,48.854784580498865,48.854784580498865
527,527,48.94766439909297,48.94766439909297
528,528,49.04054421768708,49.04054421768708
529,529,49.13342403628118,49.13342403628118
530,530,49.22630385487528,49.22630385487528
531,531,49.31918367346939,49.31918367346939
532,532,49.412063492063496,49.412063492063496
533,533,49.504943310657595,49.504943310657595
534,534,49.5978231292517,49.5978231292517
535,535,49.69070294784581,49.69070294784581
536,536,49.783582766439906,49.783582766439906
537,537,49.87646258503401,49.87646258503401
538,538,49.96934240362812,49.96934240362812
539,539,50.062222222222225,50.062222222222225
540,540,50.155102040816324,50.155102040816324
541,541,50.24798185941043,50.24798185941043
542,542,50.340861678004536,50.340861678004536
543,543,50.43374149659864,50.43374149659864
544,544,50.52662131519274,50.52662131519274
545,545,50.61950113378685,50.61950113378685
546,546,50.712380952380954,50.712380952380954
547,547,50.80526077097505,50.80526077097505
548,548,50.89814058956916,50.89814058956916
549,549,50.991020408163266,50.991020408163266
550,549,51.08390022675737,50.991020408163266
551,550,51.17678004535147,51.08390022675737
552,551,51.26965986394558,51.17678004535147
552,552,51.26965986394558,51.26965986394558
553,553,51.36253968253968,51.36253968253968
554,554,51.45541950113379,51.45541950113379
555,555,51.54829931972789,51.54829931972789
556,556,51.641179138321995,51.641179138321995
557,557,51.7340589569161,51.7340589569161
558,558,51.82693877551021,51.82693877551021
559,559,51.919818594104306,51.919818594104306
560,560,52.01269841269841,52.01269841269841
561,561,52.10557823129252,52.10557823129252
562,562,52.19845804988662,52.19845804988662
563,563,52.291337868480724,52.291337868480724
564,564,52.38421768707483,52.38421768707483
565,565,52.47709750566894,52.47709750566894
566,566,52.569977324263036,52.569977324263036
567,567,52.66285714285714,52.66285714285714
568,568,52.75573696145125,52.75573696145125
569,569,52.848616780045354,52.848616780045354
570,570,52.94149659863945,52.94149659863945
571,571,53.03437641723356,53.03437641723356
572,572,53.127256235827666,53.127256235827666
573,573,53.22013605442177,53.22013605442177
574,574,53.31301587301587,53.31301587301587
575,575,53.40589569160998,53.40589569160998
576,576,53.498775510204084,53.498775510204084
577,577,53.59165532879818,53.59165532879818
578,578,53.68453514739229,53.68453514739229
579,579,53.777414965986395,53.777414965986395
580,580,53.8702947845805,53.8702947845805
581,581,53.9631746031746,53.9631746031746
582,582,54.05605442176871,54.05605442176871
583,583,54.14893424036281,54.14893424036281
584,584,54.24181405895692,54.24181405895692
585,585,54.33469387755102,54.33469387755102
586,586,54.427573696145124,54.427573696145124
587,587,54.52045351473923,54.52045351473923
588,588,54.61333333333334,54.61333333333334
589,589,54.706213151927436,54.706213151927436
590,590,54.79909297052154,54.79909297052154
591,591,54.89197278911565,54.89197278911565
592,592,54.98485260770975,54.98485260770975
593,593,55.077732426303854,55.077732426303854
594,594,55.17061224489796,55.17061224489796
595,595,55.263492063492066,55.263492063492066
596,596,55.356371882086165,55.356371882086165
597,597,55.44925170068027,55.44925170068027
598,598,55.54213151927438,55.54213151927438
599,599,55.635011337868484,55.635011337868484
600,600,55.72789115646258,55.72789115646258
601,601,55.82077097505669,55.82077097505669
602,602,55.913650793650795,55.913650793650795
603,603,56.006530612244894,56.006530612244894
604,604,56.099410430839,56.099410430839
605,605,56.19229024943311,56.19229024943311
606,606,56.28517006802721,56.28517006802721
606,607,56.28517006802721,56.37804988662131
606,608,56.28517006802721,56.47092970521542
607,609,56.37804988662131,56.563809523809525
608,609,56.47092970521542,56.563809523809525
609,609,56.563809523809525,56.563809523809525
610,609,56.65668934240363,56.563809523809525
611,610,56.74956916099773,56.65668934240363
612,611,56.842448979591836,56.74956916099773
612,612,56.842448979591836,56.842448979591836
613,613,56.93532879818594,56.93532879818594
614,614,57.02820861678005,57.02820861678005
615,615,57.12108843537415,57.12108843537415
616,616,57.213968253968254,57.213968253968254
617,617,57.30684807256236,57.30684807256236
618,618,57.39972789115646,57.39972789115646
619,619,57.492607709750565,57.492607709750565
620,620,57.58548752834467,57.58548752834467
621,621,57.67836734693878,57.67836734693878
622,622,57.77124716553288,57.77124716553288
623,623,57.86412698412698,57.86412698412698
624,624,57.95700680272109,57.95700680272109
625,625,58.049886621315196,58.049886621315196
626,626,58.142766439909295,58.142766439909295
627,627,58.2356462585034,58.2356462585034
628,628,58.32852607709751,58.32852607709751
629,629,58.42140589569161,58.42140589569161
630,630,58.51428571428571,58.51428571428571
631,631,58.60716553287982,58.60716553287982
632,632,58.700045351473925,58.700045351473925
633,633,58.792925170068024,58.792925170068024
634,634,58.88580498866213,58.88580498866213
635,635,58.978684807256236,58.978684807256236
636,636,59.07156462585034,59.07156462585034
637,637,59.16444444444444,59.16444444444444
638,638,59.25732426303855,59.25732426303855
639,639,59.350204081632654,59.350204081632654
640,640,59.44308390022676,59.44308390022676
641,641,59.53596371882086,59.53596371882086
642,642,59.628843537414966,59.628843537414966
643,643,59.72172335600907,59.72172335600907
644,644,59.81460317460318,59.81460317460318
645,645,59.90748299319728,59.90748299319728
646,646,60.00036281179138,60.00036281179138
647,647,60.09324263038549,60.09324263038549
648,648,60.18612244897959,60.18612244897959
649,649,60.279002267573695,60.279002267573695
650,650,60.3718820861678,60.3718820861678
651,651,60.46476190476191,60.46476190476191
652,652,60.55764172335601,60.55764172335601
653,653,60.65052154195011,60.65052154195011
654,654,60.74340136054422,60.74340136054422
655,655,60.836281179138325,60.836281179138325
656,656,60.929160997732424,60.929160997732424
657,657,61.02204081632653,61.02204081632653
658,658,61.11492063492064,61.11492063492064
659,659,61.207800453514736,61.207800453514736
660,660,61.30068027210884,61.30068027210884
661,661,61.39356009070295,61.39356009070295
662,662,61.486439909297054,61.486439909297054
663,663,61.57931972789115,61.57931972789115
664,664,61.67219954648526,61.67219954648526
665,665,61.765079365079366,61.765079365079366
666,666,61.85795918367347,61.85795918367347
667,667,61.95083900226757,61.95083900226757
668,668,62.04371882086168,62.04371882086168
669,669,62.136598639455784,62.136598639455784
670,670,62.22947845804989,62.22947845804989
671,671,62.32235827664399,62.32235827664399
672,672,62.415238095238095,62.415238095238095
673,673,62.5081179138322,62.5081179138322
674,674,62.6009977324263,62.6009977324263
675,675,62.69387755102041,62.69387755102041
676,676,62.78675736961451,62.78675736961451
677,677,62.87963718820862,62.87963718820862
678,678,62.97251700680272,62.97251700680272
679,679,63.065396825396824,63.065396825396824
680,680,63.15827664399093,63.15827664399093
681,681,63.25115646258504,63.25115646258504
682,682,63.344036281179136,63.344036281179136
683,683,63.43691609977324,63.43691609977324
684,684,63.52979591836735,63.52979591836735
685,685,63.622675736961455,63.622675736961455
686,686,63.715555555555554,63.715555555555554
687,687,63.80843537414966,63.80843537414966
688,688,63.901315192743766,63.901315192743766
689,689,63.994195011337865,63.994195011337865
690,690,64.08707482993198,64.08707482993198
691,691,64.17995464852608,64.17995464852608
692,692,64.27283446712018,64.27283446712018
692,693,64.27283446712018,64.36571428571429
693,694,64.36571428571429,64.45859410430839
694,695,64.45859410430839,64.55147392290249
695,695,64.55147392290249,64.55147392290249
696,695,64.6443537414966,64.55147392290249
697,696,64.7372335600907,64.6443537414966
698,697,64.83011337868481,64.7372335600907
698,698,64.83011337868481,64.83011337868481
699,699,64.92299319727891,64.92299319727891
700,700,65.01587301587301,65.01587301587301
701,701,65.10875283446713,65.10875283446713
702,702,65.20163265306122,65.20163265306122
703,703,65.29451247165532,65.29451247165532
704,704,65.38739229024944,65.38739229024944
704,705,65.38739229024944,65.48027210884354
705,706,65.48027210884354,65.57315192743764
706,706,65.57315192743764,65.57315192743764
707,707,65.66603174603175,65.66603174603175
708,708,65.75891156462585,65.75891156462585
709,709,65.85179138321996,65.85179138321996
710,710,65.94467120181406,65.94467120181406
710,711,65.94467120181406,66.03755102040816
711,712,66.03755102040816,66.13043083900227
712,713,66.13043083900227,66.22331065759637
713,713,66.22331065759637,66.22331065759637
714,713,66.31619047619047,66.22331065759637
715,714,66.40907029478458,66.31619047619047
715,715,66.40907029478458,66.40907029478458
716,716,66.50195011337868,66.50195011337868
717,717,66.59482993197278,66.59482993197278
718,718,66.6877097505669,66.6877097505669
719,719,66.780589569161,66.780589569161
720,720,66.87346938775511,66.87346938775511
721,721,66.96634920634921,66.96634920634921
722,722,67.0592290249433,67.0592290249433
723,723,67.15210884353742,67.15210884353742
724,724,67.24498866213152,67.24498866213152
725,725,67.33786848072562,67.33786848072562
726,726,67.43074829931973,67.43074829931973
727,727,67.52362811791383,67.52362811791383
728,728,67.61650793650794,67.61650793650794
729,729,67.70938775510204,67.70938775510204
730,730,67.80226757369614,67.80226757369614
731,731,67.89514739229026,67.89514739229026
732,732,67.98802721088435,67.98802721088435
733,733,68.08090702947845,68.08090702947845
734,734,68.17378684807257,68.17378684807257
735,735,68.26666666666667,68.26666666666667
736,736,68.35954648526076,68.35954648526076
737,737,68.45242630385488,68.45242630385488
738,738,68.54530612244898,68.54530612244898
739,739,68.63818594104309,68.63818594104309
740,740,68.73106575963719,68.73106575963719
741,741,68.82394557823129,68.82394557823129
742,742,68.9168253968254,68.9168253968254
743,743,69.0097052154195,69.0097052154195
744,744,69.1025850340136,69.1025850340136
745,745,69.19546485260771,69.19546485260771
746,746,69.28834467120181,69.28834467120181
747,747,69.38122448979591,69.38122448979591
748,748,69.47410430839003,69.47410430839003
749,749,69.56698412698412,69.56698412698412
750,750,69.65986394557824,69.65986394557824
751,751,69.75274376417234,69.75274376417234
752,752,69.84562358276644,69.84562358276644
753,753,69.93850340136055,69.93850340136055
754,754,70.03138321995465,70.03138321995465
755,755,70.12426303854875,70.12426303854875
756,756,70.21714285714286,70.21714285714286
757,757,70.31002267573696,70.31002267573696
758,758,70.40290249433106,70.40290249433106
759,759,70.49578231292517,70.49578231292517
760,760,70.58866213151927,70.58866213151927
761,761,70.68154195011338,70.68154195011338
762,762,70.77442176870748,70.77442176870748
763,763,70.86730158730158,70.86730158730158
764,764,70.9601814058957,70.9601814058957
765,765,71.0530612244898,71.0530612244898
766,766,71.1459410430839,71.1459410430839
767,767,71.23882086167801,71.23882086167801
768,768,71.3317006802721,71.3317006802721
769,769,71.42458049886622,71.42458049886622
770,770,71.51746031746032,71.51746031746032
771,771,71.61034013605442,71.61034013605442
772,772,71.70321995464853,71.70321995464853
773,773,71.79609977324263,71.79609977324263
774,774,71.88897959183673,71.88897959183673
775,775,71.98185941043084,71.98185941043084
776,776,72.07473922902494,72.07473922902494
777,777,72.16761904761904,72.16761904761904
778,778,72.26049886621315,72.26049886621315
779,779,72.35337868480725,72.35337868480725
780,780,72.44625850340137,72.44625850340137
781,781,72.53913832199547,72.53913832199547
782,782,72.63201814058957,72.63201814058957
783,783,72.72489795918368,72.72489795918368
784,784,72.81777777777778,72.81777777777778
785,785,72.91065759637188,72.91065759637188
786,786,73.00353741496599,73.00353741496599
787,787,73.09641723356009,73.09641723356009
788,788,73.18929705215419,73.18929705215419
789,789,73.2821768707483,73.2821768707483
790,790,73.3750566893424,73.3750566893424
791,791,73.46793650793651,73.46793650793651
792,792,73.56081632653061,73.56081632653061
793,793,73.65369614512471,73.65369614512471
794,794,73.74657596371883,73.74657596371883
795,795,73.83945578231292,73.83945578231292
796,796,73.93233560090702,73.93233560090702
797,797,74.02521541950114,74.02521541950114
798,798,74.11809523809524,74.11809523809524
799,799,74.21097505668934,74.21097505668934
800,800,74.30385487528345,74.30385487528345
801,801,74.39673469387755,74.39673469387755
802,802,74.48961451247166,74.48961451247166
803,803,74.58249433106576,74.58249433106576
804,804,74.67537414965986,74.67537414965986
805,805,74.76825396825397,74.76825396825397
806,806,74.86113378684807,74.86113378684807
807,807,74.95401360544217,74.95401360544217
808,808,75.04689342403628,75.04689342403628
809,809,75.13977324263038,75.13977324263038
810,810,75.2326530612245,75.2326530612245
811,811,75.3255328798186,75.3255328798186
812,812,75.4184126984127,75.4184126984127
813,813,75.51129251700681,75.51129251700681
814,814,75.60417233560091,75.60417233560091
815,815,75.697052154195,75.697052154195
816,816,75.78993197278912,75.78993197278912
817,817,75.88281179138322,75.88281179138322
818,818,75.97569160997732,75.97569160997732
818,819,75.97569160997732,76.06857142857143
819,820,76.06857142857143,76.16145124716553
820,821,76.16145124716553,76.25433106575964
821,821,76.25433106575964,76.25433106575964
822,821,76.34721088435374,76.25433106575964
823,821,76.44009070294784,76.25433106575964
824,822,76.53297052154196,76.34721088435374
824,823,76.53297052154196,76.44009070294784
824,824,76.53297052154196,76.53297052154196
825,825,76.62585034013605,76.62585034013605
826,826,76.71873015873015,76.71873015873015
827,827,76.81160997732427,76.81160997732427
828,828,76.90448979591837,76.90448979591837
829,829,76.99736961451246,76.99736961451246
830,830,77.09024943310658,77.09024943310658
830,831,77.09024943310658,77.18312925170068
831,832,77.18312925170068,77.27600907029479
832,833,77.27600907029479,77.36888888888889
833,833,77.36888888888889,77.36888888888889
834,833,77.46176870748299,77.36888888888889
835,834,77.5546485260771,77.46176870748299
836,835,77.6475283446712,77.5546485260771
836,836,77.6475283446712,77.6475283446712
837,837,77.7404081632653,77.7404081632653
838,838,77.83328798185941,77.83328798185941
839,839,77.92616780045351,77.92616780045351
840,840,78.01904761904763,78.01904761904763
841,841,78.11192743764173,78.11192743764173
842,842,78.20480725623582,78.20480725623582
843,843,78.29768707482994,78.29768707482994
844,844,78.39056689342404,78.39056689342404
845,845,78.48344671201814,78.48344671201814
846,846,78.57632653061225,78.57632653061225
847,847,78.66920634920635,78.66920634920635
848,848,78.76208616780045,78.76208616780045
849,849,78.85496598639456,78.85496598639456
850,850,78.94784580498866,78.94784580498866
851,851,79.04072562358277,79.04072562358277
852,852,79.13360544217687,79.13360544217687
853,853,79.22648526077097,79.22648526077097
854,854,79.31936507936508,79.31936507936508
855,855,79.41224489795918,79.41224489795918
856,856,79.50512471655328,79.50512471655328
857,857,79.5980045351474,79.5980045351474
858,858,79.6908843537415,79.6908843537415
859,859,79.7837641723356,79.7837641723356
860,860,79.87664399092971,79.87664399092971
861,861,79.9695238095238,79.9695238095238
862,862,80.06240362811792,80.06240362811792
863,863,80.15528344671202,80.15528344671202
864,864,80.24816326530612,80.24816326530612
865,865,80.34104308390023,80.34104308390023
866,866,80.43392290249433,80.43392290249433
867,867,80.52680272108843,80.52680272108843
868,868,80.61968253968254,80.61968253968254
869,869,80.71256235827664,80.71256235827664
870,870,80.80544217687074,80.80544217687074
871,871,80.89832199546485,80.89832199546485
872,872,80.99120181405895,80.99120181405895
873,873,81.08408163265307,81.08408163265307
873,874,81.08408163265307,81.17696145124717
873,875,81.08408163265307,81.26984126984127
874,876,81.17696145124717,81.36272108843538
875,877,81.26984126984127,81.45560090702948
876,878,81.36272108843538,81.54848072562358
877,879,81.45560090702948,81.64136054421769
878,879,81.54848072562358,81.64136054421769
879,879,81.64136054421769,81.64136054421769
880,879,81.73424036281179,81.64136054421769
881,880,81.8271201814059,81.73424036281179
882,881,81.92,81.8271201814059
883,882,82.0128798185941,81.92
884,883,82.10575963718821,82.0128798185941
885,884,82.19863945578231,82.10575963718821
886,885,82.29151927437641,82.19863945578231
887,886,82.38439909297053,82.29151927437641
888,887,82.47727891156462,82.38439909297053
889,887,82.57015873015872,82.38439909297053
890,887,82.66303854875284,82.38439909297053
891,887,82.75591836734694,82.38439909297053
892,887,82.84879818594105,82.38439909297053
893,887,82.94167800453515,82.38439909297053
894,887,83.03455782312925,82.38439909297053
895,887,83.12743764172336,82.38439909297053
896,887,83.22031746031746,82.38439909297053
897,887,83.31319727891156,82.38439909297053
898,887,83.40607709750567,82.38439909297053
899,887,83.49895691609977,82.38439909297053
900,887,83.59183673469387,82.38439909297053
901,887,83.68471655328798,82.38439909297053
902,888,83.77759637188208,82.47727891156462
903,889,83.8704761904762,82.57015873015872
904,890,83.9633560090703,82.66303854875284
905,891,84.0562358276644,82.75591836734694
906,892,84.14911564625851,82.84879818594105
907,893,84.24199546485261,82.94167800453515
908,894,84.3348752834467,83.03455782312925
909,895,84.42775510204082,83.12743764172336
910,896,84.52063492063492,83.22031746031746
911,897,84.61351473922902,83.31319727891156
912,898,84.70639455782313,83.40607709750567
913,899,84.79927437641723,83.49895691609977
914,900,84.89215419501134,83.59183673469387
915,901,84.98503401360544,83.68471655328798
916,902,85.07791383219954,83.77759637188208
917,903,85.17079365079366,83.8704761904762
918,904,85.26367346938775,83.9633560090703
918,905,85.26367346938775,84.0562358276644
918,906,85.26367346938775,84.14911564625851
918,907,85.26367346938775,84.24199546485261
918,908,85.26367346938775,84.3348752834467
918,909,85.26367346938775,84.42775510204082
918,910,85.26367346938775,84.52063492063492
918,911,85.26367346938775,84.61351473922902
918,912,85.26367346938775,84.70639455782313
918,913,85.26367346938775,84.79927437641723
918,914,85.26367346938775,84.89215419501134
918,915,85.26367346938775,84.98503401360544
918,916,85.26367346938775,85.07791383219954
918,917,85.26367346938775,85.17079365079366
918,918,85.26367346938775,85.26367346938775
919,919,85.35655328798185,85.35655328798185
920,920,85.44943310657597,85.44943310657597
921,921,85.54231292517007,85.54231292517007
922,922,85.63519274376418,85.63519274376418
923,923,85.72807256235828,85.72807256235828
924,924,85.82095238095238,85.82095238095238
925,925,85.91383219954649,85.91383219954649
926,926,86.00671201814059,86.00671201814059
927,927,86.09959183673469,86.09959183673469
928,928,86.1924716553288,86.1924716553288
929,929,86.2853514739229,86.2853514739229
930,930,86.378231292517,86.378231292517
931,931,86.47111111111111,86.47111111111111
932,932,86.56399092970521,86.56399092970521
933,933,86.65687074829933,86.65687074829933
934,934,86.74975056689343,86.74975056689343
935,935,86.84263038548752,86.84263038548752
936,936,86.93551020408164,86.93551020408164
937,937,87.02839002267574,87.02839002267574
938,938,87.12126984126984,87.12126984126984
939,939,87.21414965986395,87.21414965986395
940,940,87.30702947845805,87.30702947845805
941,941,87.39990929705215,87.39990929705215
942,942,87.49278911564626,87.49278911564626
943,943,87.58566893424036,87.58566893424036
944,944,87.67854875283447,87.67854875283447
945,945,87.77142857142857,87.77142857142857
946,946,87.86430839002267,87.86430839002267
947,947,87.95718820861678,87.95718820861678
948,948,88.05006802721088,88.05006802721088
949,949,88.14294784580498,88.14294784580498
950,950,88.2358276643991,88.2358276643991
951,951,88.3287074829932,88.3287074829932
952,952,88.42158730158731,88.42158730158731
953,953,88.51446712018141,88.51446712018141
954,954,88.6073469387755,88.6073469387755
955,955,88.70022675736962,88.70022675736962
956,956,88.79310657596372,88.79310657596372
957,957,88.88598639455782,88.88598639455782
958,958,88.97886621315193,88.97886621315193
959,959,89.07174603174603,89.07174603174603
960,960,89.16462585034013,89.16462585034013
961,961,89.25750566893424,89.25750566893424
962,962,89.35038548752834,89.35038548752834
963,963,89.44326530612246,89.44326530612246
964,964,89.53614512471655,89.53614512471655
965,965,89.62902494331065,89.62902494331065
966,966,89.72190476190477,89.72190476190477
966,967,89.72190476190477,89.81478458049887
967,968,89.81478458049887,89.90766439909297
968,969,89.90766439909297,90.00054421768708
969,970,90.00054421768708,90.09342403628118
970,971,90.09342403628118,90.18630385487528
971,972,90.18630385487528,90.27918367346939
972,973,90.27918367346939,90.37206349206349
973,973,90.37206349206349,90.37206349206349
974,974,90.4649433106576,90.4649433106576
975,975,90.5578231292517,90.5578231292517
976,976,90.6507029478458,90.6507029478458
977,977,90.74358276643991,90.74358276643991
978,978,90.83646258503401,90.83646258503401
979,979,90.92934240362811,90.92934240362811
980,980,91.02222222222223,91.02222222222223
981,981,91.11510204081632,91.11510204081632
982,982,91.20798185941042,91.20798185941042
983,983,91.30086167800454,91.30086167800454
984,984,91.39374149659864,91.39374149659864
985,985,91.48662131519275,91.48662131519275
986,986,91.57950113378685,91.57950113378685
987,987,91.67238095238095,91.67238095238095
988,988,91.76526077097506,91.76526077097506
989,989,91.85814058956916,91.85814058956916
990,990,91.95102040816326,91.95102040816326
991,991,92.04390022675737,92.04390022675737
992,992,92.13678004535147,92.13678004535147
993,993,92.22965986394559,92.22965986394559
994,994,92.32253968253968,92.32253968253968
995,995,92.41541950113378,92.41541950113378
996,996,92.5082993197279,92.5082993197279
997,997,92.601179138322,92.601179138322
998,998,92.6940589569161,92.6940589569161
999,999,92.78693877551021,92.78693877551021
1000,1000,92.87981859410431,92.87981859410431
1001,1001,92.9726984126984,92.9726984126984
1002,1002,93.06557823129252,93.06557823129252
1003,1003,93.15845804988662,93.15845804988662
1004,1004,93.25133786848073,93.25133786848073
1005,1005,93.34421768707483,93.34421768707483
1006,1006,93.43709750566893,93.43709750566893
1007,1007,93.52997732426304,93.52997732426304
1008,1008,93.62285714285714,93.62285714285714
1009,1009,93.71573696145124,93.71573696145124
1010,1010,93.80861678004536,93.80861678004536
1011,1011,93.90149659863945,93.90149659863945
1012,1012,93.99437641723355,93.99437641723355
1013,1013,94.08725623582767,94.08725623582767
1014,1014,94.18013605442177,94.18013605442177
1015,1015,94.27301587301588,94.27301587301588
1016,1016,94.36589569160998,94.36589569160998
1017,1017,94.45877551020408,94.45877551020408
1018,1018,94.55165532879819,94.55165532879819
1019,1019,94.64453514739229,94.64453514739229
1020,1020,94.73741496598639,94.73741496598639
1021,1021,94.8302947845805,94.8302947845805
1022,1022,94.9231746031746,94.9231746031746
1023,1023,95.0160544217687,95.0160544217687
1024,1024,95.10893424036281,95.10893424036281
1025,1025,95.20181405895691,95.20181405895691
1026,1026,95.29469387755103,95.29469387755103
1027,1027,95.38757369614513,95.38757369614513
1028,1028,95.48045351473922,95.48045351473922
1029,1029,95.57333333333334,95.57333333333334
1030,1030,95.66621315192744,95.66621315192744
1031,1031,95.75909297052154,95.75909297052154
1032,1032,95.85197278911565,95.85197278911565
1033,1033,95.94485260770975,95.94485260770975
1034,1034,96.03773242630386,96.03773242630386
1035,1035,96.13061224489796,96.13061224489796
1036,1036,96.22349206349206,96.22349206349206
1037,1037,96.31637188208617,96.31637188208617
1038,1038,96.40925170068027,96.40925170068027
1039,1039,96.50213151927437,96.50213151927437
1040,1040,96.59501133786848,96.59501133786848
1041,1041,96.68789115646258,96.68789115646258
1042,1042,96.78077097505668,96.78077097505668
1043,1043,96.8736507936508,96.8736507936508
1044,1044,96.9665306122449,96.9665306122449
1045,1045,97.05941043083901,97.05941043083901
1046,1046,97.15229024943311,97.15229024943311
1047,1047,97.2451700680272,97.2451700680272
1047,1048,97.2451700680272,97.33804988662132
1048,1049,97.33804988662132,97.43092970521542
1049,1049,97.43092970521542,97.43092970521542
1050,1050,97.52380952380952,97.52380952380952
1051,1051,97.61668934240363,97.61668934240363
1052,1052,97.70956916099773,97.70956916099773
1053,1053,97.80244897959183,97.80244897959183
1054,1054,97.89532879818594,97.89532879818594
1055,1055,97.98820861678004,97.98820861678004
1056,1056,98.08108843537416,98.08108843537416
1057,1057,98.17396825396825,98.17396825396825
1058,1058,98.26684807256235,98.26684807256235
1059,1059,98.35972789115647,98.35972789115647
1060,1060,98.45260770975057,98.45260770975057
1061,1061,98.54548752834467,98.54548752834467
1062,1062,98.63836734693878,98.63836734693878
1063,1063,98.73124716553288,98.73124716553288
1064,1064,98.82412698412699,98.82412698412699
1064,1065,98.82412698412699,98.91700680272109
1065,1066,98.91700680272109,99.00988662131519
1066,1067,99.00988662131519,99.1027664399093
1067,1067,99.1027664399093,99.1027664399093
1068,1068,99.1956462585034,99.1956462585034
1069,1069,99.2885260770975,99.2885260770975
1070,1070,99.38140589569161,99.38140589569161
1071,1071,99.47428571428571,99.47428571428571
1072,1072,99.56716553287981,99.56716553287981
1073,1073,99.66004535147393,99.66004535147393
1074,1074,99.75292517006802,99.75292517006802
1075,1075,99.84580498866214,99.84580498866214
1076,1076,99.93868480725624,99.93868480725624
1077,1077,100.03156462585034,100.03156462585034
1078,1078,100.12444444444445,100.12444444444445
1079,1079,100.21732426303855,100.21732426303855
1080,1080,100.31020408163265,100.31020408163265
1081,1081,100.40308390022676,100.40308390022676
1082,1082,100.49596371882086,100.49596371882086
1083,1083,100.58884353741496,100.58884353741496
1084,1084,100.68172335600907,100.68172335600907
1085,1085,100.77460317460317,100.77460317460317
1086,1086,100.86748299319729,100.86748299319729
1087,1087,100.96036281179138,100.96036281179138
1088,1088,101.05324263038548,101.05324263038548
1089,1089,101.1461224489796,101.1461224489796
1090,1090,101.2390022675737,101.2390022675737
1091,1091,101.3318820861678,101.3318820861678
1092,1092,101.42476190476191,101.42476190476191
1093,1093,101.51764172335601,101.51764172335601
1094,1094,101.6105215419501,101.6105215419501
1095,1095,101.70340136054422,101.70340136054422
1096,1096,101.79628117913832,101.79628117913832
1097,1097,101.88916099773243,101.88916099773243
1098,1098,101.98204081632653,101.98204081632653
1099,1099,102.07492063492063,102.07492063492063
1100,1100,102.16780045351474,102.16780045351474
1101,1101,102.26068027210884,102.26068027210884
1102,1102,102.35356009070294,102.35356009070294
1103,1103,102.44643990929706,102.44643990929706
1104,1104,102.53931972789115,102.53931972789115
1104,1105,102.53931972789115,102.63219954648527
1105,1106,102.63219954648527,102.72507936507937
1106,1107,102.72507936507937,102.81795918367347
1107,1107,102.81795918367347,102.81795918367347
1108,1107,102.91083900226758,102.81795918367347
1109,1108,103.00371882086168,102.91083900226758
1110,1109,103.09659863945578,103.00371882086168
1111,1110,103.18947845804989,103.09659863945578
1112,1111,103.28235827664399,103.18947845804989
1112,1112,103.28235827664399,103.28235827664399
1113,1113,103.37523809523809,103.37523809523809
1114,1114,103.4681179138322,103.4681179138322
1115,1115,103.5609977324263,103.5609977324263
1116,1116,103.65387755102041,103.65387755102041
1117,1116,103.74675736961451,103.65387755102041
1118,1116,103.83963718820861,103.65387755102041
1119,1116,103.93251700680273,103.65387755102041
1120,1116,104.02539682539683,103.65387755102041
1121,1117,104.11827664399092,103.74675736961451
1122,1118,104.21115646258504,103.83963718820861
1122,1119,104.21115646258504,103.93251700680273
1122,1120,104.21115646258504,104.02539682539683
1122,1121,104.21115646258504,104.11827664399092
1122,1122,104.21115646258504,104.21115646258504
1123,1123,104.30403628117914,104.30403628117914
1124,1124,104.39691609977324,104.39691609977324
1125,1125,104.48979591836735,104.48979591836735
1125,1126,104.48979591836735,104.58267573696145
1126,1127,104.58267573696145,104.67555555555556
1127,1128,104.67555555555556,104.76843537414966
1128,1129,104.76843537414966,104.86131519274376
1129,1130,104.86131519274376,104.95419501133787
1130,1131,104.95419501133787,105.04707482993197
1131,1131,105.04707482993197,105.04707482993197
1132,1132,105.13995464852607,105.13995464852607
1133,1133,105.23283446712018,105.23283446712018
1134,1134,105.32571428571428,105.32571428571428
1135,1135,105.41859410430838,105.41859410430838
1136,1136,105.5114739229025,105.5114739229025
1137,1137,105.6043537414966,105.6043537414966
1138,1138,105.69723356009071,105.69723356009071
1139,1139,105.79011337868481,105.79011337868481
1140,1140,105.8829931972789,105.8829931972789
1141,1141,105.97587301587302,105.97587301587302
1142,1142,106.06875283446712,106.06875283446712
1143,1143,106.16163265306122,106.16163265306122
1144,1144,106.25451247165533,106.25451247165533
1145,1145,106.34739229024943,106.34739229024943
1146,1146,106.44027210884354,106.44027210884354
1147,1147,106.53315192743764,106.53315192743764
1148,1148,106.62603174603174,106.62603174603174
1149,1149,106.71891156462586,106.71891156462586
1150,1150,106.81179138321995,106.81179138321995
1151,1151,106.90467120181405,106.90467120181405
1152,1152,106.99755102040817,106.99755102040817
1153,1153,107.09043083900227,107.09043083900227
1154,1154,107.18331065759637,107.18331065759637
1155,1155,107.27619047619048,107.27619047619048
1156,1156,107.36907029478458,107.36907029478458
1157,1157,107.46195011337869,107.46195011337869
1158,1158,107.55482993197279,107.55482993197279
1159,1159,107.64770975056689,107.64770975056689
1160,1160,107.740589569161,107.740589569161
1161,1160,107.8334693877551,107.740589569161
1162,1161,107.9263492063492,107.8334693877551
1163,1162,108.01922902494331,107.9263492063492
1163,1163,108.01922902494331,108.01922902494331
1163,1164,108.01922902494331,108.11210884353741
1164,1165,108.11210884353741,108.20498866213151
1165,1166,108.20498866213151,108.29786848072563
1166,1167,108.29786848072563,108.39074829931972
1167,1168,108.39074829931972,108.48362811791384
1168,1168,108.48362811791384,108.48362811791384
1169,1168,108.57650793650794,108.48362811791384
1170,1169,108.66938775510204,108.57650793650794
1171,1170,108.76226757369615,108.66938775510204
1171,1171,108.76226757369615,108.76226757369615
1172,1172,108.85514739229025,108.85514739229025
1173,1173,108.94802721088435,108.94802721088435
1174,1174,109.04090702947846,109.04090702947846
1175,1175,109.13378684807256,109.13378684807256
1176,1176,109.22666666666667,109.22666666666667
1177,1177,109.31954648526077,109.31954648526077
1178,1178,109.41242630385487,109.41242630385487
1179,1179,109.50530612244899,109.50530612244899
1180,1180,109.59818594104308,109.59818594104308
1181,1181,109.69106575963718,109.69106575963718
1182,1182,109.7839455782313,109.7839455782313
1183,1183,109.8768253968254,109.8768253968254
1184,1184,109.9697052154195,109.9697052154195
1185,1185,110.06258503401361,110.06258503401361
1186,1186,110.15546485260771,110.15546485260771
1187,1187,110.24834467120182,110.24834467120182
1188,1188,110.34122448979592,110.34122448979592
1189,1189,110.43410430839002,110.43410430839002
1190,1190,110.52698412698413,110.52698412698413
1191,1191,110.61986394557823,110.61986394557823
1192,1192,110.71274376417233,110.71274376417233
1193,1193,110.80562358276644,110.80562358276644
1194,1194,110.89850340136054,110.89850340136054
1195,1195,110.99138321995464,110.99138321995464
1195,1196,110.99138321995464,111.08426303854876
1196,1197,111.08426303854876,111.17714285714285
1197,1198,111.17714285714285,111.27002267573697
1198,1199,111.27002267573697,111.36290249433107
1199,1200,111.36290249433107,111.45578231292517
1200,1200,111.45578231292517,111.45578231292517
1201,1201,111.54866213151928,111.54866213151928
1202,1202,111.64154195011338,111.64154195011338
1203,1203,111.73442176870748,111.73442176870748
1204,1204,111.82730158730159,111.82730158730159
1205,1205,111.92018140589569,111.92018140589569
1206,1206,112.01306122448979,112.01306122448979
1207,1207,112.1059410430839,112.1059410430839
1208,1208,112.198820861678,112.198820861678
1209,1209,112.29170068027211,112.29170068027211
1210,1210,112.38458049886621,112.38458049886621
1211,1211,112.47746031746031,112.47746031746031
1212,1212,112.57034013605443,112.57034013605443
1213,1213,112.66321995464853,112.66321995464853
1214,1214,112.75609977324262,112.75609977324262
1215,1215,112.84897959183674,112.84897959183674
1216,1216,112.94185941043084,112.94185941043084
1217,1217,113.03473922902495,113.03473922902495
1218,1218,113.12761904761905,113.12761904761905
1219,1219,113.22049886621315,113.22049886621315
1220,1220,113.31337868480726,113.31337868480726
1221,1221,113.40625850340136,113.40625850340136
1222,1222,113.49913832199546,113.49913832199546
1223,1223,113.59201814058957,113.59201814058957
1224,1224,113.68489795918367,113.68489795918367
1225,1225,113.77777777777777,113.77777777777777
1226,1226,113.87065759637188,113.87065759637188
1227,1227,113.96353741496598,113.96353741496598
1228,1228,114.0564172335601,114.0564172335601
1229,1229,114.1492970521542,114.1492970521542
1230,1230,114.2421768707483,114.2421768707483
1231,1231,114.33505668934241,114.33505668934241
1232,1232,114.42793650793651,114.42793650793651
1233,1233,114.5208163265306,114.5208163265306
1234,1234,114.61369614512472,114.61369614512472
1235,1235,114.70657596371882,114.70657596371882
1236,1236,114.79945578231292,114.79945578231292
1237,1237,114.89233560090703,114.89233560090703
1238,1238,114.98521541950113,114.98521541950113
1239,1239,115.07809523809524,115.07809523809524
1240,1240,115.17097505668934,115.17097505668934
1241,1241,115.26385487528344,115.26385487528344
1242,1242,115.35673469387756,115.35673469387756
1243,1243,115.44961451247165,115.44961451247165
1244,1244,115.54249433106575,115.54249433106575
1245,1245,115.63537414965987,115.63537414965987
1246,1246,115.72825396825397,115.72825396825397
1247,1247,115.82113378684807,115.82113378684807
1248,1248,115.91401360544218,115.91401360544218
1249,1249,116.00689342403628,116.00689342403628
1250,1250,116.09977324263039,116.09977324263039
1251,1251,116.19265306122449,116.19265306122449
1252,1252,116.28553287981859,116.28553287981859
1253,1253,116.3784126984127,116.3784126984127
1254,1254,116.4712925170068,116.4712925170068
1254,1255,116.4712925170068,116.5641723356009
1254,1256,116.4712925170068,116.65705215419501
1255,1257,116.5641723356009,116.74993197278911
1256,1258,116.65705215419501,116.84281179138323
1257,1258,116.74993197278911,116.84281179138323
1258,1258,116.84281179138323,116.84281179138323
1259,1258,116.93569160997733,116.84281179138323
1260,1258,117.02857142857142,116.84281179138323
1261,1259,117.12145124716554,116.93569160997733
1262,1260,117.21433106575964,117.02857142857142
1262,1261,117.21433106575964,117.12145124716554
1262,1262,117.21433106575964,117.21433106575964
1263,1263,117.30721088435374,117.30721088435374
1264,1264,117.40009070294785,117.40009070294785
1265,1265,117.49297052154195,117.49297052154195
1266,1266,117.58585034013605,117.58585034013605
1267,1267,117.67873015873016,117.67873015873016
1268,1268,117.77160997732426,117.77160997732426
1268,1269,117.77160997732426,117.86448979591837
1269,1270,117.86448979591837,117.95736961451247
1270,1270,117.95736961451247,117.95736961451247
1271,1271,118.05024943310657,118.05024943310657
1272,1272,118.14312925170069,118.14312925170069
1273,1273,118.23600907029478,118.23600907029478
1274,1274,118.32888888888888,118.32888888888888
1275,1275,118.421768707483,118.421768707483
1276,1276,118.5146485260771,118.5146485260771
1277,1277,118.6075283446712,118.6075283446712
1278,1278,118.70040816326531,118.70040816326531
1279,1279,118.79328798185941,118.79328798185941
1280,1280,118.88616780045352,118.88616780045352
1281,1281,118.97904761904762,118.97904761904762
1282,1282,119.07192743764172,119.07192743764172
1283,1283,119.16480725623583,119.16480725623583
1284,1284,119.25768707482993,119.25768707482993
1285,1285,119.35056689342403,119.35056689342403
1285,1286,119.35056689342403,119.44344671201814
1286,1287,119.44344671201814,119.53632653061224
1287,1288,119.53632653061224,119.62920634920636
1288,1288,119.62920634920636,119.62920634920636
1289,1288,119.72208616780046,119.62920634920636
1290,1289,119.81496598639455,119.72208616780046
1290,1290,119.81496598639455,119.81496598639455
1291,1291,119.90784580498867,119.90784580498867
1292,1292,120.00072562358277,120.00072562358277
1293,1293,120.09360544217687,120.09360544217687
1294,1294,120.18648526077098,120.18648526077098
1295,1295,120.27936507936508,120.27936507936508
1296,1296,120.37224489795918,120.37224489795918
1297,1297,120.46512471655329,120.46512471655329
1298,1298,120.55800453514739,120.55800453514739
1299,1299,120.6508843537415,120.6508843537415
1300,1300,120.7437641723356,120.7437641723356
1301,1301,120.8366439909297,120.8366439909297
1302,1302,120.92952380952381,120.92952380952381
1303,1303,121.02240362811791,121.02240362811791
1304,1304,121.11528344671201,121.11528344671201
1305,1305,121.20816326530613,121.20816326530613
1306,1306,121.30104308390023,121.30104308390023
1307,1307,121.39392290249432,121.39392290249432
1308,1308,121.48680272108844,121.48680272108844
1309,1309,121.57968253968254,121.57968253968254
1310,1310,121.67256235827665,121.67256235827665
1311,1311,121.76544217687075,121.76544217687075
1312,1312,121.85832199546485,121.85832199546485
1313,1313,121.95120181405896,121.95120181405896
1314,1314,122.04408163265306,122.04408163265306
1315,1315,122.13696145124716,122.13696145124716
1316,1316,122.22984126984127,122.22984126984127
1317,1317,122.32272108843537,122.32272108843537
1317,1318,122.32272108843537,122.41560090702947
1318,1319,122.41560090702947,122.50848072562358
1319,1320,122.50848072562358,122.60136054421768
1320,1320,122.60136054421768,122.60136054421768
1321,1320,122.6942403628118,122.60136054421768
1322,1321,122.7871201814059,122.6942403628118
1322,1322,122.7871201814059,122.7871201814059
1323,1323,122.88,122.88
1324,1324,122.97287981859411,122.97287981859411
1325,1325,123.06575963718821,123.06575963718821
1326,1326,123.1586394557823,123.1586394557823
1327,1327,123.25151927437642,123.25151927437642
1328,1328,123.34439909297052,123.34439909297052
1329,1329,123.43727891156463,123.43727891156463
1330,1330,123.53015873015873,123.53015873015873
1331,1331,123.62303854875283,123.62303854875283
1332,1332,123.71591836734694,123.71591836734694
1333,1333,123.80879818594104,123.80879818594104
1334,1334,123.90167800453514,123.90167800453514
1335,1335,123.99455782312926,123.99455782312926
1336,1336,124.08743764172335,124.08743764172335
1337,1337,124.18031746031745,124.18031746031745
1338,1338,124.27319727891157,124.27319727891157
1339,1339,124.36607709750567,124.36607709750567
1340,1340,124.45895691609978,124.45895691609978
1341,1341,124.55183673469388,124.55183673469388
1342,1342,124.64471655328798,124.64471655328798
1343,1343,124.73759637188209,124.73759637188209
1344,1344,124.83047619047619,124.83047619047619
1345,1345,124.92335600907029,124.92335600907029
1346,1346,125.0162358276644,125.0162358276644
1347,1347,125.1091156462585,125.1091156462585
1347,1348,125.1091156462585,125.2019954648526
1348,1349,125.2019954648526,125.29487528344671
1349,1350,125.29487528344671,125.38775510204081
1350,1350,125.38775510204081,125.38775510204081
1351,1351,125.48063492063493,125.48063492063493
1352,1352,125.57351473922903,125.57351473922903
1353,1353,125.66639455782312,125.66639455782312
1354,1354,125.75927437641724,125.75927437641724
1355,1355,125.85215419501134,125.85215419501134
1356,1356,125.94503401360544,125.94503401360544
1357,1357,126.03791383219955,126.03791383219955
1358,1358,126.13079365079365,126.13079365079365
1359,1359,126.22367346938775,126.22367346938775
1360,1360,126.31655328798186,126.31655328798186
1361,1361,126.40943310657596,126.40943310657596
1362,1362,126.50231292517007,126.50231292517007
1363,1363,126.59519274376417,126.59519274376417
1364,1364,126.68807256235827,126.68807256235827
1365,1365,126.78095238095239,126.78095238095239
1366,1366,126.87383219954648,126.87383219954648
1367,1367,126.96671201814058,126.96671201814058
1368,1368,127.0595918367347,127.0595918367347
1369,1369,127.1524716553288,127.1524716553288
1370,1370,127.24535147392291,127.24535147392291
1371,1371,127.33823129251701,127.33823129251701
1372,1372,127.43111111111111,127.43111111111111
1373,1373,127.52399092970522,127.52399092970522
1374,1374,127.61687074829932,127.61687074829932
1375,1375,127.70975056689342,127.70975056689342
1376,1376,127.80263038548753,127.80263038548753
1377,1377,127.89551020408163,127.89551020408163
1378,1378,127.98839002267573,127.98839002267573
1379,1379,128.08126984126983,128.08126984126983
1380,1380,128.17414965986396,128.17414965986396
1381,1381,128.26702947845806,128.26702947845806
1382,1382,128.35990929705216,128.35990929705216
1383,1383,128.45278911564625,128.45278911564625
1384,1384,128.54566893424035,128.54566893424035
1385,1385,128.63854875283448,128.63854875283448
1386,1386,128.73142857142858,128.73142857142858
1387,1387,128.82430839002268,128.82430839002268
1388,1388,128.91718820861678,128.91718820861678
1389,1389,129.01006802721088,129.01006802721088
1390,1390,129.10294784580498,129.10294784580498
1391,1391,129.1958276643991,129.1958276643991
1392,1392,129.2887074829932,129.2887074829932
1393,1393,129.3815873015873,129.3815873015873
1394,1394,129.4744671201814,129.4744671201814
1395,1395,129.5673469387755,129.5673469387755
1396,1396,129.66022675736963,129.66022675736963
1397,1397,129.75310657596373,129.75310657596373
1398,1398,129.84598639455783,129.84598639455783
1399,1399,129.93886621315193,129.93886621315193
1400,1400,130.03174603174602,130.03174603174602
1401,1401,130.12462585034012,130.12462585034012
1402,1402,130.21750566893425,130.21750566893425
1403,1403,130.31038548752835,130.31038548752835
1404,1404,130.40326530612245,130.40326530612245
1405,1405,130.49614512471655,130.49614512471655
1406,1406,130.58902494331065,130.58902494331065
1407,1407,130.68190476190478,130.68190476190478
1408,1408,130.77478458049887,130.77478458049887
1409,1409,130.86766439909297,130.86766439909297
1410,1410,130.96054421768707,130.96054421768707
1411,1411,131.05342403628117,131.05342403628117
1412,1412,131.14630385487527,131.14630385487527
1413,1413,131.2391836734694,131.2391836734694
1414,1414,131.3320634920635,131.3320634920635
1415,1415,131.4249433106576,131.4249433106576
1416,1416,131.5178231292517,131.5178231292517
1417,1417,131.6107029478458,131.6107029478458
1418,1418,131.70358276643992,131.70358276643992
1419,1419,131.79646258503402,131.79646258503402
1420,1420,131.88934240362812,131.88934240362812
1421,1421,131.98222222222222,131.98222222222222
1422,1422,132.07510204081632,132.07510204081632
1423,1423,132.16798185941042,132.16798185941042
1424,1424,132.26086167800455,132.26086167800455
1425,1425,132.35374149659864,132.35374149659864
1426,1426,132.44662131519274,132.44662131519274
1427,1427,132.53950113378684,132.53950113378684
1428,1428,132.63238095238094,132.63238095238094
1429,1429,132.72526077097507,132.72526077097507
1430,1430,132.81814058956917,132.81814058956917
1431,1431,132.91102040816327,132.91102040816327
1432,1432,133.00390022675737,133.00390022675737
1433,1433,133.09678004535147,133.09678004535147
1434,1434,133.18965986394556,133.18965986394556
1435,1435,133.2825396825397,133.2825396825397
1436,1436,133.3754195011338,133.3754195011338
1437,1437,133.4682993197279,133.4682993197279
1438,1438,133.561179138322,133.561179138322
1438,1439,133.561179138322,133.6540589569161
1439,1440,133.6540589569161,133.74693877551022
1440,1440,133.74693877551022,133.74693877551022
1441,1441,133.83981859410432,133.83981859410432
1442,1442,133.93269841269841,133.93269841269841
1443,1443,134.0255782312925,134.0255782312925
1444,1444,134.1184580498866,134.1184580498866
1445,1445,134.2113378684807,134.2113378684807
1446,1446,134.30421768707484,134.30421768707484
1447,1447,134.39709750566894,134.39709750566894
1448,1448,134.48997732426304,134.48997732426304
1449,1449,134.58285714285714,134.58285714285714
1450,1450,134.67573696145124,134.67573696145124
1451,1451,134.76861678004536,134.76861678004536
1452,1452,134.86149659863946,134.86149659863946
1453,1453,134.95437641723356,134.95437641723356
1454,1454,135.04725623582766,135.04725623582766
1455,1455,135.14013605442176,135.14013605442176
1456,1456,135.2330158730159,135.2330158730159
1457,1457,135.32589569161,135.32589569161
1458,1458,135.41877551020409,135.41877551020409
1459,1459,135.51165532879818,135.51165532879818
1460,1460,135.60453514739228,135.60453514739228
1461,1461,135.69741496598638,135.69741496598638
1462,1462,135.7902947845805,135.7902947845805
1463,1463,135.8831746031746,135.8831746031746
1464,1464,135.9760544217687,135.9760544217687
1465,1465,136.0689342403628,136.0689342403628
1466,1466,136.1618140589569,136.1618140589569
1467,1467,136.25469387755103,136.25469387755103
1468,1468,136.34757369614513,136.34757369614513
1469,1469,136.44045351473923,136.44045351473923
1470,1470,136.53333333333333,136.53333333333333
1471,1471,136.62621315192743,136.62621315192743
1472,1472,136.71909297052153,136.71909297052153
1473,1473,136.81197278911566,136.81197278911566
1474,1474,136.90485260770976,136.90485260770976
1475,1475,136.99773242630386,136.99773242630386
1476,1476,137.09061224489795,137.09061224489795
1477,1477,137.18349206349205,137.18349206349205
1478,1478,137.27637188208618,137.27637188208618
1479,1479,137.36925170068028,137.36925170068028
1480,1480,137.46213151927438,137.46213151927438
1481,1480,137.55501133786848,137.46213151927438
1482,1480,137.64789115646258,137.46213151927438
1483,1481,137.74077097505668,137.55501133786848
1484,1482,137.8336507936508,137.64789115646258
1484,1483,137.8336507936508,137.74077097505668
1484,1484,137.8336507936508,137.8336507936508
1485,1485,137.9265306122449,137.9265306122449
1486,1486,138.019410430839,138.019410430839
1487,1487,138.1122902494331,138.1122902494331
1488,1488,138.2051700680272,138.2051700680272
1489,1489,138.29804988662133,138.29804988662133
1490,1490,138.39092970521543,138.39092970521543
1491,1491,138.48380952380953,138.48380952380953
1492,1492,138.57668934240363,138.57668934240363
1493,1493,138.66956916099772,138.66956916099772
1494,1493,138.76244897959182,138.66956916099772
1495,1494,138.85532879818595,138.76244897959182
1496,1495,138.94820861678005,138.85532879818595
1497,1496,139.04108843537415,138.94820861678005
1498,1497,139.13396825396825,139.04108843537415
1498,1498,139.13396825396825,139.13396825396825
1499,1499,139.22684807256235,139.22684807256235
1500,1500,139.31972789115648,139.31972789115648
1501,1501,139.41260770975057,139.41260770975057
1502,1502,139.50548752834467,139.50548752834467
1503,1503,139.59836734693877,139.59836734693877
1504,1504,139.69124716553287,139.69124716553287
1505,1505,139.78412698412697,139.78412698412697
1506,1506,139.8770068027211,139.8770068027211
1507,1507,139.9698866213152,139.9698866213152
1508,1508,140.0627664399093,140.0627664399093
1509,1509,140.1556462585034,140.1556462585034
1510,1510,140.2485260770975,140.2485260770975
1511,1511,140.34140589569162,140.34140589569162
1512,1512,140.43428571428572,140.43428571428572
1513,1513,140.52716553287982,140.52716553287982
1514,1514,140.62004535147392,140.62004535147392
1515,1515,140.71292517006802,140.71292517006802
1516,1516,140.80580498866212,140.80580498866212
1517,1517,140.89868480725625,140.89868480725625
1518,1518,140.99156462585034,140.99156462585034
1519,1519,141.08444444444444,141.08444444444444
1520,1520,141.17732426303854,141.17732426303854
1521,1521,141.27020408163264,141.27020408163264
1522,1522,141.36308390022677,141.36308390022677
1523,1523,141.45596371882087,141.45596371882087
1524,1524,141.54884353741497,141.54884353741497
1525,1525,141.64172335600907,141.64172335600907
1526,1526,141.73460317460317,141.73460317460317
1527,1527,141.82748299319726,141.82748299319726
1528,1528,141.9203628117914,141.9203628117914
1529,1529,142.0132426303855,142.0132426303855
1530,1530,142.1061224489796,142.1061224489796
1531,1531,142.1990022675737,142.1990022675737
1532,1532,142.2918820861678,142.2918820861678
1533,1533,142.38476190476192,142.38476190476192
1534,1534,142.47764172335602,142.47764172335602
1535,1535,142.57052154195011,142.57052154195011
1536,1536,142.6634013605442,142.6634013605442
1537,1537,142.7562811791383,142.7562811791383
1538,1538,142.84916099773244,142.84916099773244
1539,1539,142.94204081632654,142.94204081632654
1540,1539,143.03492063492064,142.94204081632654
1541,1540,143.12780045351474,143.03492063492064
1542,1541,143.22068027210884,143.12780045351474
1542,1542,143.22068027210884,143.22068027210884
1543,1543,143.31356009070294,143.31356009070294
1544,1544,143.40643990929706,143.40643990929706
1545,1545,143.49931972789116,143.49931972789116
1546,1546,143.59219954648526,143.59219954648526
1547,1547,143.68507936507936,143.68507936507936
1548,1548,143.77795918367346,143.77795918367346
1549,1549,143.8708390022676,143.8708390022676
1550,1550,143.9637188208617,143.9637188208617
1551,1551,144.05659863945579,144.05659863945579
1552,1552,144.14947845804988,144.14947845804988
1553,1553,144.24235827664398,144.24235827664398
1554,1554,144.33523809523808,144.33523809523808
1555,1555,144.4281179138322,144.4281179138322
1556,1556,144.5209977324263,144.5209977324263
1557,1557,144.6138775510204,144.6138775510204
1558,1558,144.7067573696145,144.7067573696145
1558,1559,144.7067573696145,144.7996371882086
1558,1560,144.7067573696145,144.89251700680273
1558,1561,144.7067573696145,144.98539682539683
1558,1562,144.7067573696145,145.07827664399093
1558,1563,144.7067573696145,145.17115646258503
1558,1564,144.7067573696145,145.26403628117913
1558,1565,144.7067573696145,145.35691609977323
1558,1566,144.7067573696145,145.44979591836736
1558,1567,144.7067573696145,145.54267573696146
1558,1568,144.7067573696145,145.63555555555556
1558,1569,144.7067573696145,145.72843537414965
1558,1570,144.7067573696145,145.82131519274375
1558,1571,144.7067573696145,145.91419501133788
1558,1572,144.7067573696145,146.00707482993198
1558,1573,144.7067573696145,146.09995464852608
1558,1574,144.7067573696145,146.19283446712018
1558,1575,144.7067573696145,146.28571428571428
1558,1576,144.7067573696145,146.37859410430838
1559,1577,144.7996371882086,146.4714739229025
1559,1578,144.7996371882086,146.5643537414966
1559,1579,144.7996371882086,146.6572335600907
1559,1580,144.7996371882086,146.7501133786848
1559,1581,144.7996371882086,146.8429931972789
1560,1582,144.89251700680273,146.93587301587303
1561,1583,144.98539682539683,147.02875283446713
1562,1584,145.07827664399093,147.12163265306123
1563,1585,145.17115646258503,147.21451247165533
1564,1586,145.26403628117913,147.30739229024942
1565,1587,145.35691609977323,147.40027210884352
1566,1587,145.44979591836736,147.40027210884352
1567,1587,145.54267573696146,147.40027210884352
1568,1587,145.63555555555556,147.40027210884352
1569,1587,145.72843537414965,147.40027210884352
1570,1587,145.82131519274375,147.40027210884352
1571,1587,145.91419501133788,147.40027210884352
1572,1587,146.00707482993198,147.40027210884352
1573,1587,146.09995464852608,147.40027210884352
1574,1587,146.19283446712018,147.40027210884352
1575,1587,146.28571428571428,147.40027210884352
1576,1587,146.37859410430838,147.40027210884352
1577,1587,146.4714739229025,147.40027210884352
1578,1587,146.5643537414966,147.40027210884352
1579,1587,146.6572335600907,147.40027210884352
1580,1587,146.7501133786848,147.40027210884352
1581,1587,146.8429931972789,147.40027210884352
1582,1587,146.93587301587303,147.40027210884352
1583,1587,147.02875283446713,147.40027210884352
1584,1587,147.12163265306123,147.40027210884352
1585,1587,147.21451247165533,147.40027210884352
1586,1587,147.30739229024942,147.40027210884352
1587,1587,147.40027210884352,147.40027210884352
1588,1587,147.49315192743765,147.40027210884352
1589,1587,147.58603174603175,147.40027210884352
1590,1587,147.67891156462585,147.40027210884352
1591,1587,147.77179138321995,147.40027210884352
1592,1588,147.86467120181405,147.49315192743765
1593,1589,147.95755102040818,147.58603174603175
1594,1590,148.05043083900227,147.67891156462585
1595,1591,148.14331065759637,147.77179138321995
1596,1592,148.23619047619047,147.86467120181405
1597,1593,148.32907029478457,147.95755102040818
1598,1594,148.42195011337867,148.05043083900227
1599,1595,148.5148299319728,148.14331065759637
1600,1596,148.6077097505669,148.23619047619047
1601,1597,148.700589569161,148.32907029478457
1602,1598,148.7934693877551,148.42195011337867
1603,1599,148.8863492063492,148.5148299319728
1604,1599,148.97922902494332,148.5148299319728
1605,1599,149.07210884353742,148.5148299319728
1606,1600,149.16498866213152,148.6077097505669
1607,1601,149.25786848072562,148.700589569161
1607,1602,149.25786848072562,148.7934693877551
1607,1603,149.25786848072562,148.8863492063492
1607,1604,149.25786848072562,148.97922902494332
1607,1605,149.25786848072562,149.07210884353742
1607,1606,149.25786848072562,149.16498866213152
1607,1607,149.25786848072562,149.25786848072562
1608,1608,149.35074829931972,149.35074829931972
1609,1609,149.44362811791385,149.44362811791385
1610,1610,149.53650793650795,149.53650793650795
1611,1611,149.62938775510204,149.62938775510204
1612,1612,149.72226757369614,149.72226757369614
1613,1613,149.81514739229024,149.81514739229024
1614,1614,149.90802721088434,149.90802721088434
1615,1615,150.00090702947847,150.00090702947847
1616,1616,150.09378684807257,150.09378684807257
1617,1617,150.18666666666667,150.18666666666667
1618,1618,150.27954648526077,150.27954648526077
1619,1619,150.37242630385487,150.37242630385487
1620,1620,150.465306122449,150.465306122449
1621,1621,150.5581859410431,150.5581859410431
1622,1622,150.6510657596372,150.6510657596372
1623,1623,150.7439455782313,150.7439455782313
1624,1624,150.8368253968254,150.8368253968254
1625,1625,150.9297052154195,150.9297052154195
1626,1626,151.02258503401362,151.02258503401362
1627,1627,151.11546485260772,151.11546485260772
1628,1628,151.20834467120181,151.20834467120181
1629,1629,151.3012244897959,151.3012244897959
1630,1630,151.39410430839,151.39410430839
1631,1631,151.48698412698414,151.48698412698414
1632,1632,151.57986394557824,151.57986394557824
1633,1633,151.67274376417234,151.67274376417234
1634,1634,151.76562358276644,151.76562358276644
1635,1635,151.85850340136054,151.85850340136054
1636,1636,151.95138321995464,151.95138321995464
1637,1637,152.04426303854876,152.04426303854876
1638,1638,152.13714285714286,152.13714285714286
1639,1639,152.23002267573696,152.23002267573696
1640,1640,152.32290249433106,152.32290249433106
1641,1641,152.41578231292516,152.41578231292516
1642,1642,152.5086621315193,152.5086621315193
1643,1643,152.6015419501134,152.6015419501134
1644,1644,152.69442176870749,152.69442176870749
1645,1645,152.78730158730158,152.78730158730158
1646,1646,152.88018140589568,152.88018140589568
1647,1647,152.97306122448978,152.97306122448978
1648,1648,153.0659410430839,153.0659410430839
1649,1649,153.158820861678,153.158820861678
1650,1650,153.2517006802721,153.2517006802721
1651,1651,153.3445804988662,153.3445804988662
1652,1652,153.4374603174603,153.4374603174603
1653,1653,153.53034013605443,153.53034013605443
1654,1654,153.62321995464853,153.62321995464853
1655,1655,153.71609977324263,153.71609977324263
1656,1656,153.80897959183673,153.80897959183673
1657,1657,153.90185941043083,153.90185941043083
1658,1658,153.99473922902493,153.99473922902493
1659,1659,154.08761904761906,154.08761904761906
1660,1660,154.18049886621316,154.18049886621316
1661,1661,154.27337868480726,154.27337868480726
1662,1662,154.36625850340135,154.36625850340135
1663,1663,154.45913832199545,154.45913832199545
1664,1664,154.55201814058958,154.55201814058958
1665,1665,154.64489795918368,154.64489795918368
1666,1666,154.73777777777778,154.73777777777778
1667,1667,154.83065759637188,154.83065759637188
1668,1668,154.92353741496598,154.92353741496598
1669,1669,155.01641723356008,155.01641723356008
1669,1670,155.01641723356008,155.1092970521542
1670,1671,155.1092970521542,155.2021768707483
1671,1672,155.2021768707483,155.2950566893424
1672,1673,155.2950566893424,155.3879365079365
1673,1674,155.3879365079365,155.4808163265306
1674,1674,155.4808163265306,155.4808163265306
1675,1674,155.57369614512473,155.4808163265306
1676,1674,155.66657596371883,155.4808163265306
1677,1675,155.75945578231293,155.57369614512473
1677,1676,155.75945578231293,155.66657596371883
1677,1677,155.75945578231293,155.75945578231293
1678,1678,155.85233560090703,155.85233560090703
1679,1679,155.94521541950112,155.94521541950112
1680,1680,156.03809523809525,156.03809523809525
1681,1681,156.13097505668935,156.13097505668935
1682,1682,156.22385487528345,156.22385487528345
1683,1683,156.31673469387755,156.31673469387755
1684,1684,156.40961451247165,156.40961451247165
1685,1685,156.50249433106575,156.50249433106575
1686,1686,156.59537414965988,156.59537414965988
1687,1687,156.68825396825397,156.68825396825397
1688,1688,156.78113378684807,156.78113378684807
1689,1689,156.87401360544217,156.87401360544217
1690,1690,156.96689342403627,156.96689342403627
1691,1691,157.0597732426304,157.0597732426304
1692,1692,157.1526530612245,157.1526530612245
1693,1693,157.2455328798186,157.2455328798186
1694,1694,157.3384126984127,157.3384126984127
1695,1695,157.4312925170068,157.4312925170068
1696,1696,157.5241723356009,157.5241723356009
1697,1697,157.61705215419502,157.61705215419502
1698,1698,157.70993197278912,157.70993197278912
1699,1699,157.80281179138322,157.80281179138322
1700,1700,157.89569160997732,157.89569160997732
1701,1701,157.98857142857142,157.98857142857142
1702,1702,158.08145124716555,158.08145124716555
1703,1703,158.17433106575965,158.17433106575965
1704,1704,158.26721088435374,158.26721088435374
1705,1705,158.36009070294784,158.36009070294784
1706,1706,158.45297052154194,158.45297052154194
1707,1707,158.54585034013604,158.54585034013604
1708,1708,158.63873015873017,158.63873015873017
1709,1709,158.73160997732427,158.73160997732427
1710,1710,158.82448979591837,158.82448979591837
1711,1711,158.91736961451247,158.91736961451247
1712,1712,159.01024943310657,159.01024943310657
1713,1713,159.1031292517007,159.1031292517007
1714,1714,159.1960090702948,159.1960090702948
1715,1715,159.2888888888889,159.2888888888889
1716,1716,159.381768707483,159.381768707483
1717,1717,159.4746485260771,159.4746485260771
1718,1718,159.5675283446712,159.5675283446712
1719,1719,159.66040816326532,159.66040816326532
1720,1720,159.75328798185942,159.75328798185942
1721,1721,159.84616780045351,159.84616780045351
1722,1722,159.9390476190476,159.9390476190476
1723,1723,160.0319274376417,160.0319274376417
1724,1724,160.12480725623584,160.12480725623584
1725,1725,160.21768707482994,160.21768707482994
1726,1726,160.31056689342404,160.31056689342404
1727,1727,160.40344671201814,160.40344671201814
1728,1728,160.49632653061224,160.49632653061224
1729,1729,160.58920634920634,160.58920634920634
1730,1730,160.68208616780046,160.68208616780046
1731,1731,160.77496598639456,160.77496598639456
1731,1732,160.77496598639456,160.86784580498866
1732,1733,160.86784580498866,160.96072562358276
1733,1734,160.96072562358276,161.05360544217686
1734,1735,161.05360544217686,161.146485260771
1735,1735,161.146485260771,161.146485260771
1736,1735,161.2393650793651,161.146485260771
1737,1736,161.33224489795919,161.2393650793651
1738,1737,161.42512471655328,161.33224489795919
1739,1738,161.51800453514738,161.42512471655328
1740,1739,161.61088435374148,161.51800453514738
1740,1740,161.61088435374148,161.61088435374148
1741,1741,161.7037641723356,161.7037641723356
1742,1742,161.7966439909297,161.7966439909297
1743,1743,161.8895238095238,161.8895238095238
1744,1744,161.9824036281179,161.9824036281179
1745,1745,162.075283446712,162.075283446712
1746,1746,162.16816326530613,162.16816326530613
1747,1747,162.26104308390023,162.26104308390023
1748,1748,162.35392290249433,162.35392290249433
1749,1749,162.44680272108843,162.44680272108843
1750,1750,162.53968253968253,162.53968253968253
1751,1751,162.63256235827666,162.63256235827666
1752,1752,162.72544217687076,162.72544217687076
1753,1753,162.81832199546486,162.81832199546486
1754,1754,162.91120181405896,162.91120181405896
1755,1755,163.00408163265305,163.00408163265305
1756,1756,163.09696145124715,163.09696145124715
1757,1757,163.18984126984128,163.18984126984128
1758,1758,163.28272108843538,163.28272108843538
1759,1759,163.37560090702948,163.37560090702948
1760,1760,163.46848072562358,163.46848072562358
1761,1761,163.56136054421768,163.56136054421768
1762,1762,163.6542403628118,163.6542403628118
1763,1763,163.7471201814059,163.7471201814059
1764,1764,163.84,163.84
1765,1765,163.9328798185941,163.9328798185941
1766,1766,164.0257596371882,164.0257596371882
1767,1767,164.1186394557823,164.1186394557823
1768,1768,164.21151927437643,164.21151927437643
1769,1769,164.30439909297053,164.30439909297053
1770,1770,164.39727891156463,164.39727891156463
1771,1771,164.49015873015873,164.49015873015873
1772,1772,164.58303854875282,164.58303854875282
1773,1773,164.67591836734695,164.67591836734695
1774,1774,164.76879818594105,164.76879818594105
1775,1775,164.86167800453515,164.86167800453515
1776,1776,164.95455782312925,164.95455782312925
1777,1777,165.04743764172335,165.04743764172335
1778,1778,165.14031746031745,165.14031746031745
1779,1779,165.23319727891158,165.23319727891158
1780,1780,165.32607709750567,165.32607709750567
1781,1781,165.41895691609977,165.41895691609977
1782,1782,165.51183673469387,165.51183673469387
1783,1783,165.60471655328797,165.60471655328797
1784,1784,165.6975963718821,165.6975963718821
1785,1785,165.7904761904762,165.7904761904762
1786,1786,165.8833560090703,165.8833560090703
1787,1787,165.9762358276644,165.9762358276644
1788,1788,166.0691156462585,166.0691156462585
1789,1789,166.1619954648526,166.1619954648526
1790,1790,166.25487528344672,166.25487528344672
1791,1791,166.34775510204082,166.34775510204082
1792,1792,166.44063492063492,166.44063492063492
1793,1793,166.53351473922902,166.53351473922902
1794,1794,166.62639455782312,166.62639455782312
1795,1795,166.71927437641725,166.71927437641725
1796,1796,166.81215419501135,166.81215419501135
1797,1797,166.90503401360544,166.90503401360544
1798,1798,166.99791383219954,166.99791383219954
1799,1799,167.09079365079364,167.09079365079364
1800,1800,167.18367346938774,167.18367346938774
1801,1801,167.27655328798187,167.27655328798187
1802,1802,167.36943310657597,167.36943310657597
1803,1803,167.46231292517007,167.46231292517007
1804,1804,167.55519274376417,167.55519274376417
1805,1805,167.64807256235827,167.64807256235827
1806,1806,167.7409523809524,167.7409523809524
1807,1807,167.8338321995465,167.8338321995465
1808,1808,167.9267120181406,167.9267120181406
1809,1809,168.0195918367347,168.0195918367347
1810,1810,168.1124716553288,168.1124716553288
1811,1811,168.2053514739229,168.2053514739229
1812,1812,168.29823129251702,168.29823129251702
1813,1813,168.39111111111112,168.39111111111112
1814,1814,168.48399092970521,168.48399092970521
1815,1815,168.5768707482993,168.5768707482993
1816,1816,168.6697505668934,168.6697505668934
1817,1817,168.76263038548754,168.76263038548754
1818,1818,168.85551020408164,168.85551020408164
1819,1819,168.94839002267574,168.94839002267574
1820,1820,169.04126984126984,169.04126984126984
1821,1821,169.13414965986394,169.13414965986394
1822,1822,169.22702947845804,169.22702947845804
1823,1823,169.31990929705216,169.31990929705216
1824,1824,169.41278911564626,169.41278911564626
1825,1825,169.50566893424036,169.50566893424036
1826,1826,169.59854875283446,169.59854875283446
1827,1827,169.69142857142856,169.69142857142856
1828,1828,169.7843083900227,169.7843083900227
1829,1829,169.8771882086168,169.8771882086168
1830,1830,169.97006802721089,169.97006802721089
1831,1831,170.06294784580498,170.06294784580498
1831,1832,170.06294784580498,170.15582766439908
1832,1833,170.15582766439908,170.2487074829932
1833,1834,170.2487074829932,170.3415873015873
1834,1834,170.3415873015873,170.3415873015873
1835,1835,170.4344671201814,170.4344671201814
1836,1836,170.5273469387755,170.5273469387755
1837,1837,170.6202267573696,170.6202267573696
1838,1838,170.7131065759637,170.7131065759637
1839,1839,170.80598639455783,170.80598639455783
1840,1840,170.89886621315193,170.89886621315193
1841,1841,170.99174603174603,170.99174603174603
1842,1842,171.08462585034013,171.08462585034013
1843,1843,171.17750566893423,171.17750566893423
1844,1844,171.27038548752836,171.27038548752836
1845,1845,171.36326530612246,171.36326530612246
1846,1846,171.45614512471656,171.45614512471656
1847,1847,171.54902494331066,171.54902494331066
1848,1848,171.64190476190475,171.64190476190475
1849,1849,171.73478458049885,171.73478458049885
1850,1850,171.82766439909298,171.82766439909298
1851,1851,171.92054421768708,171.92054421768708
1852,1852,172.01342403628118,172.01342403628118
1853,1853,172.10630385487528,172.10630385487528
1854,1854,172.19918367346938,172.19918367346938
1855,1855,172.2920634920635,172.2920634920635
1856,1856,172.3849433106576,172.3849433106576
1857,1857,172.4778231292517,172.4778231292517
1858,1858,172.5707029478458,172.5707029478458
1859,1859,172.6635827664399,172.6635827664399
1860,1860,172.756462585034,172.756462585034
1861,1861,172.84934240362813,172.84934240362813
1862,1862,172.94222222222223,172.94222222222223
1863,1863,173.03510204081633,173.03510204081633
1864,1864,173.12798185941043,173.12798185941043
1865,1865,173.22086167800452,173.22086167800452
1866,1866,173.31374149659865,173.31374149659865
1867,1867,173.40662131519275,173.40662131519275
1868,1868,173.49950113378685,173.49950113378685
1869,1869,173.59238095238095,173.59238095238095
1870,1870,173.68526077097505,173.68526077097505
1871,1871,173.77814058956915,173.77814058956915
1872,1872,173.87102040816328,173.87102040816328
1873,1873,173.96390022675737,173.96390022675737
1874,1874,174.05678004535147,174.05678004535147
1875,1875,174.14965986394557,174.14965986394557
1876,1876,174.24253968253967,174.24253968253967
1877,1877,174.3354195011338,174.3354195011338
1878,1878,174.4282993197279,174.4282993197279
1879,1879,174.521179138322,174.521179138322
1880,1880,174.6140589569161,174.6140589569161
1881,1881,174.7069387755102,174.7069387755102
1882,1882,174.7998185941043,174.7998185941043
1883,1883,174.89269841269842,174.89269841269842
1883,1884,174.89269841269842,174.98557823129252
1884,1885,174.98557823129252,175.07845804988662
1885,1886,175.07845804988662,175.17133786848072
1886,1887,175.17133786848072,175.26421768707482
1887,1887,175.26421768707482,175.26421768707482
1888,1888,175.35709750566895,175.35709750566895
1889,1889,175.44997732426305,175.44997732426305
1890,1890,175.54285714285714,175.54285714285714
1891,1891,175.63573696145124,175.63573696145124
1892,1892,175.72861678004534,175.72861678004534
1893,1893,175.82149659863944,175.82149659863944
1894,1894,175.91437641723357,175.91437641723357
1895,1895,176.00725623582767,176.00725623582767
1896,1896,176.10013605442177,176.10013605442177
1897,1897,176.19301587301587,176.19301587301587
1898,1898,176.28589569160997,176.28589569160997
1899,1899,176.3787755102041,176.3787755102041
1900,1900,176.4716553287982,176.4716553287982
1901,1901,176.5645351473923,176.5645351473923
1902,1902,176.6574149659864,176.6574149659864
1903,1903,176.7502947845805,176.7502947845805
1904,1904,176.84317460317462,176.84317460317462
1905,1905,176.93605442176872,176.93605442176872
1906,1906,177.02893424036282,177.02893424036282
1907,1907,177.12181405895691,177.12181405895691
1908,1908,177.214693877551,177.214693877551
1909,1909,177.3075736961451,177.3075736961451
1910,1910,177.40045351473924,177.40045351473924
1911,1911,177.49333333333334,177.49333333333334
1912,1912,177.58621315192744,177.58621315192744
1913,1913,177.67909297052154,177.67909297052154
1914,1914,177.77197278911564,177.77197278911564
1915,1915,177.86485260770976,177.86485260770976
1916,1916,177.95773242630386,177.95773242630386
1917,1917,178.05061224489796,178.05061224489796
1918,1918,178.14349206349206,178.14349206349206
1919,1919,178.23637188208616,178.23637188208616
1920,1920,178.32925170068026,178.32925170068026
1921,1921,178.4221315192744,178.4221315192744
1922,1922,178.5150113378685,178.5150113378685
1923,1923,178.60789115646259,178.60789115646259
1924,1924,178.70077097505668,178.70077097505668
1925,1925,178.79365079365078,178.79365079365078
1926,1926,178.8865306122449,178.8865306122449
1927,1926,178.979410430839,178.8865306122449
1928,1926,179.0722902494331,178.8865306122449
1929,1926,179.1651700680272,178.8865306122449
1930,1927,179.2580498866213,178.979410430839
1931,1928,179.3509297052154,179.0722902494331
1931,1929,179.3509297052154,179.1651700680272
1931,1930,179.3509297052154,179.2580498866213
1931,1931,179.3509297052154,179.3509297052154
1932,1932,179.44380952380953,179.44380952380953
1933,1933,179.53668934240363,179.53668934240363
1934,1934,179.62956916099773,179.62956916099773
1935,1935,179.72244897959183,179.72244897959183
1936,1936,179.81532879818593,179.81532879818593
1937,1937,179.90820861678006,179.90820861678006
1938,1938,180.00108843537416,180.00108843537416
1939,1939,180.09396825396826,180.09396825396826
1940,1940,180.18684807256236,180.18684807256236
1941,1941,180.27972789115645,180.27972789115645
1942,1942,180.37260770975055,180.37260770975055
1943,1943,180.46548752834468,180.46548752834468
1944,1944,180.55836734693878,180.55836734693878
1945,1945,180.65124716553288,180.65124716553288
1946,1946,180.74412698412698,180.74412698412698
1947,1947,180.83700680272108,180.83700680272108
1948,1948,180.9298866213152,180.9298866213152
1949,1949,181.0227664399093,181.0227664399093
1950,1950,181.1156462585034,181.1156462585034
1951,1951,181.2085260770975,181.2085260770975
1952,1952,181.3014058956916,181.3014058956916
1953,1953,181.3942857142857,181.3942857142857
1954,1954,181.48716553287983,181.48716553287983
1955,1955,181.58004535147393,181.58004535147393
1956,1956,181.67292517006803,181.67292517006803
1957,1957,181.76580498866213,181.76580498866213
1958,1958,181.85868480725622,181.85868480725622
1959,1959,181.95156462585035,181.95156462585035
1960,1960,182.04444444444445,182.04444444444445
1961,1961,182.13732426303855,182.13732426303855
1962,1962,182.23020408163265,182.23020408163265
1963,1963,182.32308390022675,182.32308390022675
1964,1964,182.41596371882085,182.41596371882085
1965,1965,182.50884353741498,182.50884353741498
1966,1966,182.60172335600907,182.60172335600907
1967,1967,182.69460317460317,182.69460317460317
1968,1968,182.78748299319727,182.78748299319727
1969,1969,182.88036281179137,182.88036281179137
1970,1970,182.9732426303855,182.9732426303855
1971,1971,183.0661224489796,183.0661224489796
1972,1972,183.1590022675737,183.1590022675737
1973,1973,183.2518820861678,183.2518820861678
1974,1974,183.3447619047619,183.3447619047619
1975,1975,183.43764172335602,183.43764172335602
1976,1976,183.53052154195012,183.53052154195012
1977,1977,183.62340136054422,183.62340136054422
1978,1978,183.71628117913832,183.71628117913832
1979,1979,183.80916099773242,183.80916099773242
1980,1980,183.90204081632652,183.90204081632652
1981,1981,183.99492063492065,183.99492063492065
1982,1982,184.08780045351475,184.08780045351475
1983,1983,184.18068027210884,184.18068027210884
1984,1984,184.27356009070294,184.27356009070294
1985,1985,184.36643990929704,184.36643990929704
1986,1986,184.45931972789117,184.45931972789117
1987,1987,184.55219954648527,184.55219954648527
1988,1988,184.64507936507937,184.64507936507937
1988,1989,184.64507936507937,184.73795918367347
1989,1990,184.73795918367347,184.83083900226757
1990,1990,184.83083900226757,184.83083900226757
1991,1991,184.92371882086167,184.92371882086167
1992,1991,185.0165986394558,184.92371882086167
1993,1992,185.1094784580499,185.0165986394558
1993,1993,185.1094784580499,185.1094784580499
1994,1994,185.202358276644,185.202358276644
1995,1995,185.2952380952381,185.2952380952381
1996,1996,185.3881179138322,185.3881179138322
1997,1997,185.48099773242632,185.48099773242632
1998,1998,185.57387755102042,185.57387755102042
1999,1999,185.66675736961452,185.66675736961452
2000,2000,185.75963718820861,185.75963718820861
2001,2001,185.8525170068027,185.8525170068027
2002,2002,185.9453968253968,185.9453968253968
2003,2003,186.03827664399094,186.03827664399094
2004,2004,186.13115646258504,186.13115646258504
2005,2005,186.22403628117914,186.22403628117914
2006,2006,186.31691609977324,186.31691609977324
2007,2007,186.40979591836734,186.40979591836734
2008,2008,186.50267573696146,186.50267573696146
2009,2009,186.59555555555556,186.59555555555556
2010,2010,186.68843537414966,186.68843537414966
2011,2011,186.78131519274376,186.78131519274376
2012,2012,186.87419501133786,186.87419501133786
2013,2013,186.96707482993196,186.96707482993196
2014,2014,187.0599546485261,187.0599546485261
2014,2015,187.0599546485261,187.1528344671202
2015,2016,187.1528344671202,187.24571428571429
2016,2016,187.24571428571429,187.24571428571429
2017,2017,187.33859410430838,187.33859410430838
2018,2018,187.43147392290248,187.43147392290248
2019,2019,187.5243537414966,187.5243537414966
2019,2020,187.5243537414966,187.6172335600907
2019,2021,187.5243537414966,187.7101133786848
2020,2022,187.6172335600907,187.8029931972789
2021,2023,187.7101133786848,187.895873015873
2022,2024,187.8029931972789,187.9887528344671
2023,2024,187.895873015873,187.9887528344671
2024,2024,187.9887528344671,187.9887528344671
2025,2024,188.08163265306123,187.9887528344671
2026,2025,188.17451247165533,188.08163265306123
2027,2026,188.26739229024943,188.17451247165533
2027,2027,188.26739229024943,188.26739229024943
2028,2028,188.36027210884353,188.36027210884353
2029,2029,188.45315192743763,188.45315192743763
2030,2030,188.54603174603176,188.54603174603176
2031,2031,188.63891156462586,188.63891156462586
2032,2032,188.73179138321996,188.73179138321996
2032,2033,188.73179138321996,188.82467120181406
2033,2034,188.82467120181406,188.91755102040815
2034,2035,188.91755102040815,189.01043083900225
2035,2036,189.01043083900225,189.10331065759638
2036,2037,189.10331065759638,189.19619047619048
2037,2038,189.19619047619048,189.28907029478458
2038,2039,189.28907029478458,189.38195011337868
2039,2039,189.38195011337868,189.38195011337868
2040,2039,189.47482993197278,189.38195011337868
2041,2039,189.5677097505669,189.38195011337868
2042,2040,189.660589569161,189.47482993197278
2043,2041,189.7534693877551,189.5677097505669
2043,2042,189.7534693877551,189.660589569161
2043,2043,189.7534693877551,189.7534693877551
2044,2044,189.8463492063492,189.8463492063492
2045,2045,189.9392290249433,189.9392290249433
2046,2046,190.0321088435374,190.0321088435374
2047,2047,190.12498866213153,190.12498866213153
2048,2048,190.21786848072563,190.21786848072563
2049,2049,190.31074829931973,190.31074829931973
2050,2050,190.40362811791383,190.40362811791383
2051,2051,190.49650793650792,190.49650793650792
2052,2052,190.58938775510205,190.58938775510205
2053,2053,190.68226757369615,190.68226757369615
2054,2054,190.77514739229025,190.77514739229025
2055,2055,190.86802721088435,190.86802721088435
2056,2056,190.96090702947845,190.96090702947845
2057,2057,191.05378684807258,191.05378684807258
2058,2058,191.14666666666668,191.14666666666668
2059,2059,191.23954648526077,191.23954648526077
2060,2060,191.33242630385487,191.33242630385487
2061,2061,191.42530612244897,191.42530612244897
2062,2062,191.51818594104307,191.51818594104307
2063,2063,191.6110657596372,191.6110657596372
2064,2064,191.7039455782313,191.7039455782313
2065,2065,191.7968253968254,191.7968253968254
2066,2066,191.8897052154195,191.8897052154195
2067,2067,191.9825850340136,191.9825850340136
2068,2068,192.07546485260772,192.07546485260772
2069,2069,192.16834467120182,192.16834467120182
2070,2070,192.26122448979592,192.26122448979592
2071,2071,192.35410430839002,192.35410430839002
2072,2072,192.44698412698412,192.44698412698412
2073,2073,192.53986394557822,192.53986394557822
2073,2074,192.53986394557822,192.63274376417235
2074,2075,192.63274376417235,192.72562358276645
2075,2076,192.72562358276645,192.81850340136054
2076,2077,192.81850340136054,192.91138321995464
2077,2077,192.91138321995464,192.91138321995464
2078,2078,193.00426303854874,193.00426303854874
2079,2079,193.09714285714287,193.09714285714287
2080,2080,193.19002267573697,193.19002267573697
2081,2081,193.28290249433107,193.28290249433107
2082,2082,193.37578231292517,193.37578231292517
2083,2083,193.46866213151927,193.46866213151927
2084,2084,193.56154195011337,193.56154195011337
2085,2085,193.6544217687075,193.6544217687075
2086,2086,193.7473015873016,193.7473015873016
2087,2087,193.8401814058957,193.8401814058957
2088,2088,193.9330612244898,193.9330612244898
2089,2089,194.0259410430839,194.0259410430839
2090,2090,194.11882086167802,194.11882086167802
2091,2090,194.21170068027212,194.11882086167802
2092,2091,194.30458049886622,194.21170068027212
2092,2092,194.30458049886622,194.30458049886622
2093,2093,194.39746031746031,194.39746031746031
2094,2094,194.4903401360544,194.4903401360544
2095,2095,194.5832199546485,194.5832199546485
2096,2096,194.67609977324264,194.67609977324264
2097,2097,194.76897959183674,194.76897959183674
2098,2098,194.86185941043084,194.86185941043084
2099,2099,194.95473922902494,194.95473922902494
2100,2100,195.04761904761904,195.04761904761904
2101,2101,195.14049886621316,195.14049886621316
2102,2102,195.23337868480726,195.23337868480726
2103,2103,195.32625850340136,195.32625850340136
2104,2104,195.41913832199546,195.41913832199546
2105,2105,195.51201814058956,195.51201814058956
2105,2106,195.51201814058956,195.60489795918366
2106,2107,195.60489795918366,195.6977777777778
2107,2107,195.6977777777778,195.6977777777778
2108,2108,195.7906575963719,195.7906575963719
2109,2109,195.88353741496599,195.88353741496599
2110,2110,195.97641723356008,195.97641723356008
2111,2111,196.06929705215418,196.06929705215418
2112,2112,196.1621768707483,196.1621768707483
2113,2113,196.2550566893424,196.2550566893424
2114,2114,196.3479365079365,196.3479365079365
2115,2115,196.4408163265306,196.4408163265306
2116,2116,196.5336961451247,196.5336961451247
2117,2117,196.6265759637188,196.6265759637188
2118,2118,196.71945578231293,196.71945578231293
2119,2119,196.81233560090703,196.81233560090703
2120,2120,196.90521541950113,196.90521541950113
2121,2121,196.99809523809523,196.99809523809523
2122,2122,197.09097505668933,197.09097505668933
2123,2123,197.18385487528346,197.18385487528346
2124,2124,197.27673469387756,197.27673469387756
2125,2125,197.36961451247166,197.36961451247166
2126,2126,197.46249433106576,197.46249433106576
2127,2127,197.55537414965985,197.55537414965985
2128,2128,197.64825396825398,197.64825396825398
2129,2129,197.74113378684808,197.74113378684808
2130,2130,197.83401360544218,197.83401360544218
2131,2131,197.92689342403628,197.92689342403628
2132,2132,198.01977324263038,198.01977324263038
2133,2133,198.11265306122448,198.11265306122448
2134,2134,198.2055328798186,198.2055328798186
2135,2135,198.2984126984127,198.2984126984127
2136,2136,198.3912925170068,198.3912925170068
2137,2137,198.4841723356009,198.4841723356009
2138,2138,198.577052154195,198.577052154195
2139,2139,198.66993197278913,198.66993197278913
2140,2140,198.76281179138323,198.76281179138323
2141,2141,198.85569160997733,198.85569160997733
2142,2142,198.94857142857143,198.94857142857143
2143,2143,199.04145124716553,199.04145124716553
2144,2144,199.13433106575962,199.13433106575962
2145,2145,199.22721088435375,199.22721088435375
2146,2146,199.32009070294785,199.32009070294785
2147,2147,199.41297052154195,199.41297052154195
2148,2148,199.50585034013605,199.50585034013605
2149,2149,199.59873015873015,199.59873015873015
2150,2150,199.69160997732428,199.69160997732428
2151,2151,199.78448979591838,199.78448979591838
2152,2152,199.87736961451247,199.87736961451247
2153,2153,199.97024943310657,199.97024943310657
2154,2154,200.06312925170067,200.06312925170067
2155,2155,200.15600907029477,200.15600907029477
2156,2156,200.2488888888889,200.2488888888889
2157,2157,200.341768707483,200.341768707483
2158,2158,200.4346485260771,200.4346485260771
2159,2159,200.5275283446712,200.5275283446712
2160,2160,200.6204081632653,200.6204081632653
2161,2161,200.71328798185942,200.71328798185942
2162,2161,200.80616780045352,200.71328798185942
2163,2162,200.89904761904762,200.80616780045352
2164,2163,200.99192743764172,200.89904761904762
2164,2164,200.99192743764172,200.99192743764172
2165,2165,201.08480725623582,201.08480725623582
2166,2166,201.17768707482992,201.17768707482992
2166,2167,201.17768707482992,201.27056689342405
2167,2168,201.27056689342405,201.36344671201815
2168,2169,201.36344671201815,201.45632653061224
2169,2170,201.45632653061224,201.54920634920634
2170,2171,201.54920634920634,201.64208616780044
2171,2171,201.64208616780044,201.64208616780044
2172,2171,201.73496598639457,201.64208616780044
2173,2172,201.82784580498867,201.73496598639457
2174,2173,201.92072562358277,201.82784580498867
2174,2174,201.92072562358277,201.92072562358277
2175,2175,202.01360544217687,202.01360544217687
2176,2176,202.10648526077097,202.10648526077097
2177,2177,202.19936507936507,202.19936507936507
2178,2178,202.2922448979592,202.2922448979592
2179,2179,202.3851247165533,202.3851247165533
2180,2180,202.4780045351474,202.4780045351474
2181,2181,202.5708843537415,202.5708843537415
2182,2182,202.6637641723356,202.6637641723356
2183,2183,202.75664399092972,202.75664399092972
2184,2184,202.84952380952382,202.84952380952382
2185,2185,202.94240362811792,202.94240362811792
2186,2186,203.03528344671201,203.03528344671201
2187,2187,203.1281632653061,203.1281632653061
2188,2188,203.2210430839002,203.2210430839002
2189,2189,203.31392290249434,203.31392290249434
2190,2190,203.40680272108844,203.40680272108844
2191,2191,203.49968253968254,203.49968253968254
2192,2192,203.59256235827664,203.59256235827664
2193,2193,203.68544217687074,203.68544217687074
2194,2194,203.77832199546486,203.77832199546486
2195,2195,203.87120181405896,203.87120181405896
2196,2196,203.96408163265306,203.96408163265306
2197,2197,204.05696145124716,204.05696145124716
2198,2198,204.14984126984126,204.14984126984126
2199,2199,204.2427210884354,204.2427210884354
2200,2200,204.3356009070295,204.3356009070295
2201,2201,204.4284807256236,204.4284807256236
2202,2202,204.52136054421769,204.52136054421769
2203,2203,204.61424036281178,204.61424036281178
2204,2204,204.70712018140588,204.70712018140588
2205,2205,204.8,204.8
2206,2206,204.8928798185941,204.8928798185941
2207,2207,204.9857596371882,204.9857596371882
2208,2208,205.0786394557823,205.0786394557823
2209,2209,205.1715192743764,205.1715192743764
2210,2210,205.26439909297054,205.26439909297054
2211,2211,205.35727891156463,205.35727891156463
2212,2212,205.45015873015873,205.45015873015873
2213,2213,205.54303854875283,205.54303854875283
2214,2214,205.63591836734693,205.63591836734693
2215,2215,205.72879818594103,205.72879818594103
2216,2216,205.82167800453516,205.82167800453516
2217,2217,205.91455782312926,205.91455782312926
2218,2218,206.00743764172336,206.00743764172336
2219,2219,206.10031746031746,206.10031746031746
2220,2220,206.19319727891155,206.19319727891155
2221,2221,206.28607709750568,206.28607709750568
2222,2222,206.37895691609978,206.37895691609978
2223,2223,206.47183673469388,206.47183673469388
2224,2224,206.56471655328798,206.56471655328798
2225,2225,206.65759637188208,206.65759637188208
2226,2226,206.75047619047618,206.75047619047618
2227,2227,206.8433560090703,206.8433560090703
2228,2228,206.9362358276644,206.9362358276644
2229,2229,207.0291156462585,207.0291156462585
2230,2230,207.1219954648526,207.1219954648526
2231,2231,207.2148752834467,207.2148752834467
2232,2232,207.30775510204083,207.30775510204083
2233,2233,207.40063492063493,207.40063492063493
2233,2234,207.40063492063493,207.49351473922903
2234,2235,207.49351473922903,207.58639455782313
2235,2236,207.58639455782313,207.67927437641723
2236,2237,207.67927437641723,207.77215419501132
2237,2238,207.77215419501132,207.86503401360545
2238,2238,207.86503401360545,207.86503401360545
2239,2239,207.95791383219955,207.95791383219955
2240,2240,208.05079365079365,208.05079365079365
2241,2241,208.14367346938775,208.14367346938775
2242,2242,208.23655328798185,208.23655328798185
2243,2243,208.32943310657598,208.32943310657598
2244,2244,208.42231292517008,208.42231292517008
2245,2245,208.51519274376417,208.51519274376417
2246,2246,208.60807256235827,208.60807256235827
2247,2247,208.70095238095237,208.70095238095237
2248,2248,208.79383219954647,208.79383219954647
2249,2249,208.8867120181406,208.8867120181406
2250,2250,208.9795918367347,208.9795918367347
2251,2251,209.0724716553288,209.0724716553288
2252,2252,209.1653514739229,209.1653514739229
2253,2253,209.258231292517,209.258231292517
2254,2254,209.35111111111112,209.35111111111112
2255,2255,209.44399092970522,209.44399092970522
2256,2256,209.53687074829932,209.53687074829932
2257,2257,209.62975056689342,209.62975056689342
2258,2258,209.72263038548752,209.72263038548752
2259,2259,209.81551020408162,209.81551020408162
2260,2260,209.90839002267575,209.90839002267575
2261,2261,210.00126984126985,210.00126984126985
2262,2262,210.09414965986394,210.09414965986394
2263,2263,210.18702947845804,210.18702947845804
2264,2264,210.27990929705214,210.27990929705214
2265,2265,210.37278911564627,210.37278911564627
2266,2266,210.46566893424037,210.46566893424037
2267,2267,210.55854875283447,210.55854875283447
2268,2268,210.65142857142857,210.65142857142857
2269,2269,210.74430839002267,210.74430839002267
2270,2270,210.83718820861677,210.83718820861677
2271,2271,210.9300680272109,210.9300680272109
2272,2272,211.022947845805,211.022947845805
2273,2273,211.1158276643991,211.1158276643991
2274,2274,211.2087074829932,211.2087074829932
2275,2275,211.3015873015873,211.3015873015873
2276,2276,211.39446712018142,211.39446712018142
2277,2277,211.48734693877552,211.48734693877552
2278,2278,211.58022675736962,211.58022675736962
2279,2279,211.67310657596371,211.67310657596371
2280,2280,211.7659863945578,211.7659863945578
2281,2280,211.85886621315194,211.7659863945578
2282,2281,211.95174603174604,211.85886621315194
2283,2282,212.04462585034014,211.95174603174604
2283,2283,212.04462585034014,212.04462585034014
2284,2284,212.13750566893424,212.13750566893424
2285,2285,212.23038548752834,212.23038548752834
2286,2286,212.32326530612244,212.32326530612244
2287,2287,212.41614512471656,212.41614512471656
2288,2288,212.50902494331066,212.50902494331066
2289,2289,212.60190476190476,212.60190476190476
2290,2290,212.69478458049886,212.69478458049886
2291,2291,212.78766439909296,212.78766439909296
2292,2292,212.8805442176871,212.8805442176871
2293,2293,212.9734240362812,212.9734240362812
2294,2294,213.0663038548753,213.0663038548753
2295,2295,213.15918367346939,213.15918367346939
2296,2296,213.25206349206348,213.25206349206348
2297,2297,213.34494331065758,213.34494331065758
2298,2298,213.4378231292517,213.4378231292517
2299,2299,213.5307029478458,213.5307029478458
2300,2300,213.6235827664399,213.6235827664399
2301,2301,213.716462585034,213.716462585034
2302,2302,213.8093424036281,213.8093424036281
2303,2303,213.90222222222224,213.90222222222224
2304,2303,213.99510204081633,213.90222222222224
2305,2304,214.08798185941043,213.99510204081633
2306,2305,214.18086167800453,214.08798185941043
2306,2306,214.18086167800453,214.18086167800453
2307,2307,214.27374149659863,214.27374149659863
2308,2308,214.36662131519273,214.36662131519273
2309,2309,214.45950113378686,214.45950113378686
2310,2310,214.55238095238096,214.55238095238096
2311,2311,214.64526077097506,214.64526077097506
2312,2312,214.73814058956916,214.73814058956916
2313,2313,214.83102040816325,214.83102040816325
2314,2314,214.92390022675738,214.92390022675738
2315,2315,215.01678004535148,215.01678004535148
2316,2316,215.10965986394558,215.10965986394558
2316,2317,215.10965986394558,215.20253968253968
2317,2318,215.20253968253968,215.29541950113378
2318,2319,215.29541950113378,215.38829931972788
2319,2319,215.38829931972788,215.38829931972788
2320,2320,215.481179138322,215.481179138322
2321,2321,215.5740589569161,215.5740589569161
2322,2322,215.6669387755102,215.6669387755102
2323,2323,215.7598185941043,215.7598185941043
2324,2324,215.8526984126984,215.8526984126984
2325,2325,215.94557823129253,215.94557823129253
2326,2326,216.03845804988663,216.03845804988663
2327,2327,216.13133786848073,216.13133786848073
2328,2328,216.22421768707483,216.22421768707483
2329,2329,216.31709750566893,216.31709750566893
2330,2330,216.40997732426302,216.40997732426302
2331,2331,216.50285714285715,216.50285714285715
2332,2332,216.59573696145125,216.59573696145125
2333,2333,216.68861678004535,216.68861678004535
2334,2334,216.78149659863945,216.78149659863945
2335,2335,216.87437641723355,216.87437641723355
2336,2336,216.96725623582768,216.96725623582768
2337,2337,217.06013605442178,217.06013605442178
2338,2338,217.15301587301587,217.15301587301587
2339,2339,217.24589569160997,217.24589569160997
2340,2340,217.33877551020407,217.33877551020407
2341,2341,217.43165532879817,217.43165532879817
2342,2342,217.5245351473923,217.5245351473923
2343,2343,217.6174149659864,217.6174149659864
2344,2344,217.7102947845805,217.7102947845805
2345,2345,217.8031746031746,217.8031746031746
2346,2346,217.8960544217687,217.8960544217687
2347,2347,217.98893424036282,217.98893424036282
2348,2348,218.08181405895692,218.08181405895692
2349,2349,218.17469387755102,218.17469387755102
2350,2350,218.26757369614512,218.26757369614512
2351,2351,218.36045351473922,218.36045351473922
2352,2352,218.45333333333335,218.45333333333335
2353,2353,218.54621315192745,218.54621315192745
2354,2354,218.63909297052155,218.63909297052155
2355,2355,218.73197278911564,218.73197278911564
2356,2356,218.82485260770974,218.82485260770974
2357,2357,218.91773242630384,218.91773242630384
2358,2358,219.01061224489797,219.01061224489797
2359,2359,219.10349206349207,219.10349206349207
2360,2360,219.19637188208617,219.19637188208617
2361,2361,219.28925170068027,219.28925170068027
2362,2362,219.38213151927437,219.38213151927437
2363,2363,219.4750113378685,219.4750113378685
2364,2364,219.5678911564626,219.5678911564626
2365,2365,219.6607709750567,219.6607709750567
2366,2366,219.7536507936508,219.7536507936508
2367,2367,219.8465306122449,219.8465306122449
2368,2368,219.939410430839,219.939410430839
2369,2369,220.03229024943312,220.03229024943312
2370,2370,220.12517006802722,220.12517006802722
2371,2371,220.21804988662132,220.21804988662132
2372,2372,220.31092970521541,220.31092970521541
2373,2373,220.4038095238095,220.4038095238095
2374,2374,220.49668934240364,220.49668934240364
2375,2375,220.58956916099774,220.58956916099774
2376,2376,220.68244897959184,220.68244897959184
2377,2377,220.77532879818594,220.77532879818594
2378,2378,220.86820861678004,220.86820861678004
2379,2379,220.96108843537414,220.96108843537414
2380,2380,221.05396825396826,221.05396825396826
2381,2381,221.14684807256236,221.14684807256236
2382,2382,221.23972789115646,221.23972789115646
2383,2383,221.33260770975056,221.33260770975056
2384,2384,221.42548752834466,221.42548752834466
2385,2385,221.5183673469388,221.5183673469388
2386,2386,221.6112471655329,221.6112471655329
2387,2387,221.704126984127,221.704126984127
2388,2388,221.79700680272109,221.79700680272109
2389,2389,221.88988662131518,221.88988662131518
2390,2390,221.98276643990928,221.98276643990928
2391,2391,222.0756462585034,222.0756462585034
2392,2392,222.1685260770975,222.1685260770975
2393,2393,222.2614058956916,222.2614058956916
2394,2394,222.3542857142857,222.3542857142857
2395,2395,222.4471655328798,222.4471655328798
2396,2396,222.54004535147394,222.54004535147394
2397,2397,222.63292517006803,222.63292517006803
2398,2398,222.72580498866213,222.72580498866213
2399,2399,222.81868480725623,222.81868480725623
2400,2400,222.91156462585033,222.91156462585033
2401,2401,223.00444444444443,223.00444444444443
2402,2402,223.09732426303856,223.09732426303856
2403,2403,223.19020408163266,223.19020408163266
2404,2404,223.28308390022676,223.28308390022676
2405,2405,223.37596371882086,223.37596371882086
2406,2406,223.46884353741495,223.46884353741495
2407,2407,223.56172335600908,223.56172335600908
2408,2408,223.65460317460318,223.65460317460318
2409,2409,223.74748299319728,223.74748299319728
2410,2410,223.84036281179138,223.84036281179138
2411,2411,223.93324263038548,223.93324263038548
2412,2412,224.02612244897958,224.02612244897958
2413,2413,224.1190022675737,224.1190022675737
2414,2414,224.2118820861678,224.2118820861678
2415,2415,224.3047619047619,224.3047619047619
2416,2416,224.397641723356,224.397641723356
2417,2417,224.4905215419501,224.4905215419501
2418,2418,224.58340136054423,224.58340136054423
2419,2419,224.67628117913833,224.67628117913833
2420,2420,224.76916099773243,224.76916099773243
2421,2421,224.86204081632653,224.86204081632653
2422,2422,224.95492063492063,224.95492063492063
2423,2423,225.04780045351475,225.04780045351475
2424,2424,225.14068027210885,225.14068027210885
2425,2425,225.23356009070295,225.23356009070295
2426,2426,225.32643990929705,225.32643990929705
2427,2427,225.41931972789115,225.41931972789115
2428,2428,225.51219954648525,225.51219954648525
2429,2429,225.60507936507938,225.60507936507938
2430,2430,225.69795918367348,225.69795918367348
2431,2431,225.79083900226757,225.79083900226757
2432,2432,225.88371882086167,225.88371882086167
2433,2433,225.97659863945577,225.97659863945577
2434,2434,226.0694784580499,226.0694784580499
2435,2435,226.162358276644,226.162358276644
2436,2436,226.2552380952381,226.2552380952381
2437,2437,226.3481179138322,226.3481179138322
2438,2438,226.4409977324263,226.4409977324263
2439,2439,226.5338775510204,226.5338775510204
2440,2440,226.62675736961452,226.62675736961452
2441,2441,226.71963718820862,226.71963718820862
2442,2442,226.81251700680272,226.81251700680272
2443,2443,226.90539682539682,226.90539682539682
2444,2444,226.99827664399092,226.99827664399092
2445,2445,227.09115646258505,227.09115646258505
2446,2446,227.18403628117915,227.18403628117915
2447,2447,227.27691609977325,227.27691609977325
2448,2448,227.36979591836734,227.36979591836734
2449,2449,227.46267573696144,227.46267573696144
2450,2450,227.55555555555554,227.55555555555554
2451,2451,227.64843537414967,227.64843537414967
2452,2452,227.74131519274377,227.74131519274377
2453,2453,227.83419501133787,227.83419501133787
2454,2454,227.92707482993197,227.92707482993197
2455,2455,228.01995464852607,228.01995464852607
2456,2456,228.1128344671202,228.1128344671202
2457,2457,228.2057142857143,228.2057142857143
2458,2458,228.2985941043084,228.2985941043084
2459,2459,228.3914739229025,228.3914739229025
2460,2460,228.4843537414966,228.4843537414966
2461,2461,228.5772335600907,228.5772335600907
2462,2462,228.67011337868482,228.67011337868482
2462,2463,228.67011337868482,228.76299319727892
2463,2464,228.76299319727892,228.85587301587302
2464,2465,228.85587301587302,228.94875283446711
2465,2465,228.94875283446711,228.94875283446711
2466,2465,229.0416326530612,228.94875283446711
2467,2466,229.13451247165534,229.0416326530612
2468,2467,229.22739229024944,229.13451247165534
2468,2468,229.22739229024944,229.22739229024944
2469,2469,229.32027210884354,229.32027210884354
2470,2470,229.41315192743764,229.41315192743764
2471,2471,229.50603174603174,229.50603174603174
2472,2472,229.59891156462584,229.59891156462584
2473,2473,229.69179138321996,229.69179138321996
2474,2474,229.78467120181406,229.78467120181406
2475,2475,229.87755102040816,229.87755102040816
2476,2476,229.97043083900226,229.97043083900226
2477,2477,230.06331065759636,230.06331065759636
2478,2478,230.1561904761905,230.1561904761905
2479,2479,230.2490702947846,230.2490702947846
2480,2480,230.3419501133787,230.3419501133787
2481,2481,230.43482993197279,230.43482993197279
2482,2482,230.52770975056688,230.52770975056688
2483,2483,230.62058956916098,230.62058956916098
2484,2484,230.7134693877551,230.7134693877551
2485,2485,230.8063492063492,230.8063492063492
2486,2486,230.8992290249433,230.8992290249433
2487,2487,230.9921088435374,230.9921088435374
2488,2488,231.0849886621315,231.0849886621315
2489,2489,231.17786848072564,231.17786848072564
2490,2490,231.27074829931973,231.27074829931973
2491,2491,231.36362811791383,231.36362811791383
2492,2492,231.45650793650793,231.45650793650793
2493,2493,231.54938775510203,231.54938775510203
2494,2494,231.64226757369613,231.64226757369613
2495,2495,231.73514739229026,231.73514739229026
2496,2496,231.82802721088436,231.82802721088436
2497,2497,231.92090702947846,231.92090702947846
2498,2498,232.01378684807256,232.01378684807256
2499,2499,232.10666666666665,232.10666666666665
2500,2499,232.19954648526078,232.10666666666665
2501,2500,232.29242630385488,232.19954648526078
2502,2501,232.38530612244898,232.29242630385488
2503,2502,232.47818594104308,232.38530612244898
2504,2503,232.57106575963718,232.47818594104308
2505,2504,232.6639455782313,232.57106575963718
2506,2505,232.7568253968254,232.6639455782313
2506,2506,232.7568253968254,232.7568253968254
2507,2507,232.8497052154195,232.8497052154195
2508,2508,232.9425850340136,232.9425850340136
2509,2509,233.0354648526077,233.0354648526077
2510,2510,233.1283446712018,233.1283446712018
2511,2511,233.22122448979593,233.22122448979593
2512,2512,233.31410430839003,233.31410430839003
2513,2513,233.40698412698413,233.40698412698413
2514,2514,233.49986394557823,233.49986394557823
2515,2515,233.59274376417233,233.59274376417233
2516,2516,233.68562358276645,233.68562358276645
2517,2517,233.77850340136055,233.77850340136055
2518,2518,233.87138321995465,233.87138321995465
2519,2519,233.96426303854875,233.96426303854875
2520,2520,234.05714285714285,234.05714285714285
2521,2521,234.15002267573695,234.15002267573695
2522,2522,234.24290249433108,234.24290249433108
2523,2523,234.33578231292518,234.33578231292518
2524,2524,234.42866213151927,234.42866213151927
2525,2525,234.52154195011337,234.52154195011337
2526,2526,234.61442176870747,234.61442176870747
2527,2527,234.7073015873016,234.7073015873016
2528,2528,234.8001814058957,234.8001814058957
2529,2529,234.8930612244898,234.8930612244898
2530,2530,234.9859410430839,234.9859410430839
2531,2531,235.078820861678,235.078820861678
2532,2532,235.1717006802721,235.1717006802721
2533,2533,235.26458049886622,235.26458049886622
2534,2534,235.35746031746032,235.35746031746032
2535,2535,235.45034013605442,235.45034013605442
2536,2536,235.54321995464852,235.54321995464852
2537,2537,235.63609977324262,235.63609977324262
2538,2538,235.72897959183675,235.72897959183675
2539,2539,235.82185941043085,235.82185941043085
2540,2540,235.91473922902495,235.91473922902495
2541,2541,236.00761904761904,236.00761904761904
2542,2542,236.10049886621314,236.10049886621314
2542,2543,236.10049886621314,236.19337868480724
2542,2544,236.10049886621314,236.28625850340137
2543,2545,236.19337868480724,236.37913832199547
2544,2545,236.28625850340137,236.37913832199547
2545,2545,236.37913832199547,236.37913832199547
2546,2546,236.47201814058957,236.47201814058957
2547,2547,236.56489795918367,236.56489795918367
2548,2548,236.65777777777777,236.65777777777777
2549,2549,236.7506575963719,236.7506575963719
2550,2550,236.843537414966,236.843537414966
2551,2551,236.9364172335601,236.9364172335601
2552,2552,237.0292970521542,237.0292970521542
2553,2553,237.1221768707483,237.1221768707483
2554,2554,237.2150566893424,237.2150566893424
2555,2555,237.30793650793652,237.30793650793652
2556,2556,237.40081632653062,237.40081632653062
2557,2557,237.49369614512472,237.49369614512472
2558,2558,237.58657596371881,237.58657596371881
2559,2559,237.6794557823129,237.6794557823129
2560,2560,237.77233560090704,237.77233560090704
2561,2561,237.86521541950114,237.86521541950114
2562,2562,237.95809523809524,237.95809523809524
2563,2563,238.05097505668934,238.05097505668934
2564,2564,238.14385487528344,238.14385487528344
2564,2565,238.14385487528344,238.23673469387754
2565,2566,238.23673469387754,238.32961451247166
2566,2567,238.32961451247166,238.42249433106576
2567,2568,238.42249433106576,238.51537414965986
2568,2568,238.51537414965986,238.51537414965986
2569,2568,238.60825396825396,238.51537414965986
2570,2569,238.70113378684806,238.60825396825396
2570,2570,238.70113378684806,238.70113378684806
2571,2571,238.7940136054422,238.7940136054422
2572,2572,238.8868934240363,238.8868934240363
2573,2573,238.9797732426304,238.9797732426304
2574,2574,239.07265306122449,239.07265306122449
2575,2575,239.16553287981858,239.16553287981858
2576,2576,239.2584126984127,239.2584126984127
2577,2577,239.3512925170068,239.3512925170068
2578,2578,239.4441723356009,239.4441723356009
2579,2579,239.537052154195,239.537052154195
2580,2580,239.6299319727891,239.6299319727891
2581,2581,239.7228117913832,239.7228117913832
2582,2582,239.81569160997734,239.81569160997734
2583,2583,239.90857142857143,239.90857142857143
2584,2584,240.00145124716553,240.00145124716553
2585,2585,240.09433106575963,240.09433106575963
2586,2586,240.18721088435373,240.18721088435373
2587,2587,240.28009070294786,240.28009070294786
2588,2588,240.37297052154196,240.37297052154196
2589,2589,240.46585034013606,240.46585034013606
2590,2590,240.55873015873016,240.55873015873016
2591,2591,240.65160997732426,240.65160997732426
2592,2592,240.74448979591835,240.74448979591835
2593,2593,240.83736961451248,240.83736961451248
2594,2594,240.93024943310658,240.93024943310658
2595,2595,241.02312925170068,241.02312925170068
2596,2596,241.11600907029478,241.11600907029478
2597,2597,241.20888888888888,241.20888888888888
2598,2598,241.301768707483,241.301768707483
2599,2599,241.3946485260771,241.3946485260771
2600,2600,241.4875283446712,241.4875283446712
2601,2601,241.5804081632653,241.5804081632653
2602,2602,241.6732879818594,241.6732879818594
2603,2603,241.7661678004535,241.7661678004535
2604,2604,241.85904761904763,241.85904761904763
2605,2605,241.95192743764173,241.95192743764173
2606,2606,242.04480725623583,242.04480725623583
2607,2607,242.13768707482993,242.13768707482993
2608,2608,242.23056689342403,242.23056689342403
2609,2609,242.32344671201815,242.32344671201815
2610,2610,242.41632653061225,242.41632653061225
2611,2611,242.50920634920635,242.50920634920635
2612,2612,242.60208616780045,242.60208616780045
2613,2613,242.69496598639455,242.69496598639455
2614,2614,242.78784580498865,242.78784580498865
2615,2615,242.88072562358278,242.88072562358278
2616,2616,242.97360544217688,242.97360544217688
2617,2617,243.06648526077097,243.06648526077097
2618,2618,243.15936507936507,243.15936507936507
2619,2619,243.25224489795917,243.25224489795917
2620,2620,243.3451247165533,243.3451247165533
2621,2621,243.4380045351474,243.4380045351474
2622,2622,243.5308843537415,243.5308843537415
2623,2623,243.6237641723356,243.6237641723356
2623,2624,243.6237641723356,243.7166439909297
2623,2625,243.6237641723356,243.8095238095238
2623,2626,243.6237641723356,243.90240362811792
2623,2627,243.6237641723356,243.99528344671202
2623,2628,243.6237641723356,244.08816326530612
2623,2629,243.6237641723356,244.18104308390022
2624,2630,243.7166439909297,244.27392290249432
2624,2631,243.7166439909297,244.36680272108845
2624,2632,243.7166439909297,244.45968253968255
2624,2633,243.7166439909297,244.55256235827665
2624,2634,243.7166439909297,244.64544217687074
2625,2635,243.8095238095238,244.73832199546484
2625,2636,243.8095238095238,244.83120181405894
2625,2637,243.8095238095238,244.92408163265307
2625,2638,243.8095238095238,245.01696145124717
2625,2639,243.8095238095238,245.10984126984127
2625,2640,243.8095238095238,245.20272108843537
2625,2641,243.8095238095238,245.29560090702947
2626,2642,243.90240362811792,245.3884807256236
2627,2643,243.99528344671202,245.4813605442177
2628,2644,244.08816326530612,245.5742403628118
2629,2645,244.18104308390022,245.6671201814059
2630,2646,244.27392290249432,245.76
2631,2647,244.36680272108845,245.85287981859412
2632,2648,244.45968253968255,245.94575963718822
2633,2649,244.55256235827665,246.03863945578232
2634,2650,244.64544217687074,246.13151927437642
2635,2651,244.73832199546484,246.22439909297051
2636,2652,244.83120181405894,246.3172789115646
2637,2653,244.92408163265307,246.41015873015874
2638,2654,245.01696145124717,246.50303854875284
2639,2655,245.10984126984127,246.59591836734694
2640,2656,245.20272108843537,246.68879818594104
2641,2657,245.29560090702947,246.78167800453514
2642,2658,245.3884807256236,246.87455782312927
2643,2659,245.4813605442177,246.96743764172336
2644,2660,245.5742403628118,247.06031746031746
2645,2660,245.6671201814059,247.06031746031746
2646,2660,245.76,247.06031746031746
2647,2660,245.85287981859412,247.06031746031746
2648,2660,245.94575963718822,247.06031746031746
2649,2660,246.03863945578232,247.06031746031746
2650,2660,246.13151927437642,247.06031746031746
2651,2660,246.22439909297051,247.06031746031746
2652,2660,246.3172789115646,247.06031746031746
2653,2660,246.41015873015874,247.06031746031746
2654,2661,246.50303854875284,247.15319727891156
2655,2662,246.59591836734694,247.24607709750566
2656,2663,246.68879818594104,247.33895691609976
2657,2664,246.78167800453514,247.4318367346939
2658,2664,246.87455782312927,247.4318367346939
2659,2664,246.96743764172336,247.4318367346939
2660,2664,247.06031746031746,247.4318367346939
2661,2664,247.15319727891156,247.4318367346939
2662,2664,247.24607709750566,247.4318367346939
2663,2664,247.33895691609976,247.4318367346939
2664,2664,247.4318367346939,247.4318367346939
2665,2664,247.524716553288,247.4318367346939
2666,2664,247.6175963718821,247.4318367346939
2667,2664,247.7104761904762,247.4318367346939
2668,2664,247.80335600907028,247.4318367346939
2669,2664,247.8962358276644,247.4318367346939
2670,2664,247.9891156462585,247.4318367346939
2671,2664,248.0819954648526,247.4318367346939
2672,2665,248.1748752834467,247.524716553288
2673,2666,248.2677551020408,247.6175963718821
2673,2667,248.2677551020408,247.7104761904762
2673,2668,248.2677551020408,247.80335600907028
2673,2669,248.2677551020408,247.8962358276644
2673,2670,248.2677551020408,247.9891156462585
2673,2671,248.2677551020408,248.0819954648526
2673,2672,248.2677551020408,248.1748752834467
2673,2673,248.2677551020408,248.2677551020408
2674,2674,248.3606349206349,248.3606349206349
2675,2675,248.45351473922904,248.45351473922904
2676,2676,248.54639455782313,248.54639455782313
2677,2677,248.63927437641723,248.63927437641723
2678,2678,248.73215419501133,248.73215419501133
2679,2679,248.82503401360543,248.82503401360543
2680,2680,248.91791383219956,248.91791383219956
2681,2681,249.01079365079366,249.01079365079366
2682,2682,249.10367346938776,249.10367346938776
2683,2683,249.19655328798186,249.19655328798186
2684,2684,249.28943310657596,249.28943310657596
2685,2685,249.38231292517005,249.38231292517005
2686,2686,249.47519274376418,249.47519274376418
2687,2687,249.56807256235828,249.56807256235828
2688,2688,249.66095238095238,249.66095238095238
2689,2689,249.75383219954648,249.75383219954648
2690,2690,249.84671201814058,249.84671201814058
2691,2691,249.9395918367347,249.9395918367347
2692,2692,250.0324716553288,250.0324716553288
2693,2693,250.1253514739229,250.1253514739229
2694,2694,250.218231292517,250.218231292517
2695,2695,250.3111111111111,250.3111111111111
2696,2696,250.4039909297052,250.4039909297052
2697,2697,250.49687074829933,250.49687074829933
2698,2698,250.58975056689343,250.58975056689343
2699,2699,250.68263038548753,250.68263038548753
2700,2700,250.77551020408163,250.77551020408163
2701,2701,250.86839002267573,250.86839002267573
2702,2702,250.96126984126985,250.96126984126985
2703,2703,251.05414965986395,251.05414965986395
2704,2704,251.14702947845805,251.14702947845805
2705,2705,251.23990929705215,251.23990929705215
2706,2706,251.33278911564625,251.33278911564625
2707,2707,251.42566893424035,251.42566893424035
2708,2708,251.51854875283448,251.51854875283448
2709,2709,251.61142857142858,251.61142857142858
2710,2710,251.70430839002267,251.70430839002267
2711,2711,251.79718820861677,251.79718820861677
2712,2712,251.89006802721087,251.89006802721087
2713,2713,251.982947845805,251.982947845805
2714,2713,252.0758276643991,251.982947845805
2715,2714,252.1687074829932,252.0758276643991
2715,2715,252.1687074829932,252.1687074829932
2716,2716,252.2615873015873,252.2615873015873
2717,2717,252.3544671201814,252.3544671201814
2718,2718,252.4473469387755,252.4473469387755
2719,2719,252.54022675736962,252.54022675736962
2720,2720,252.63310657596372,252.63310657596372
2721,2721,252.72598639455782,252.72598639455782
2722,2722,252.81886621315192,252.81886621315192
2723,2723,252.91174603174602,252.91174603174602
2724,2724,253.00462585034015,253.00462585034015
2725,2725,253.09750566893425,253.09750566893425
2726,2726,253.19038548752835,253.19038548752835
2727,2727,253.28326530612244,253.28326530612244
2728,2728,253.37614512471654,253.37614512471654
2729,2729,253.46902494331067,253.46902494331067
2730,2730,253.56190476190477,253.56190476190477
2731,2731,253.65478458049887,253.65478458049887
2732,2732,253.74766439909297,253.74766439909297
2733,2733,253.84054421768707,253.84054421768707
2734,2734,253.93342403628117,253.93342403628117
2735,2735,254.0263038548753,254.0263038548753
2736,2736,254.1191836734694,254.1191836734694
2737,2737,254.2120634920635,254.2120634920635
2738,2738,254.3049433106576,254.3049433106576
2739,2739,254.3978231292517,254.3978231292517
2740,2740,254.49070294784582,254.49070294784582
2741,2741,254.58358276643992,254.58358276643992
2742,2742,254.67646258503402,254.67646258503402
2743,2743,254.76934240362812,254.76934240362812
2744,2744,254.86222222222221,254.86222222222221
2745,2745,254.9551020408163,254.9551020408163
2746,2746,255.04798185941044,255.04798185941044
2747,2747,255.14086167800454,255.14086167800454
2748,2748,255.23374149659864,255.23374149659864
2749,2749,255.32662131519274,255.32662131519274
2750,2750,255.41950113378684,255.41950113378684
2751,2751,255.51238095238097,255.51238095238097
2752,2752,255.60526077097506,255.60526077097506
2753,2753,255.69814058956916,255.69814058956916
2754,2754,255.79102040816326,255.79102040816326
2755,2755,255.88390022675736,255.88390022675736
2756,2756,255.97678004535146,255.97678004535146
2757,2757,256.06965986394556,256.06965986394556
2758,2758,256.16253968253966,256.16253968253966
2759,2759,256.2554195011338,256.2554195011338
2760,2760,256.3482993197279,256.3482993197279
2761,2761,256.441179138322,256.441179138322
2762,2762,256.5340589569161,256.5340589569161
2763,2763,256.6269387755102,256.6269387755102
2764,2764,256.7198185941043,256.7198185941043
2765,2765,256.8126984126984,256.8126984126984
2766,2766,256.9055782312925,256.9055782312925
2767,2767,256.9984580498866,256.9984580498866
2768,2767,257.0913378684807,256.9984580498866
2769,2768,257.1842176870748,257.0913378684807
2769,2769,257.1842176870748,257.1842176870748
2770,2770,257.27709750566896,257.27709750566896
2771,2771,257.36997732426306,257.36997732426306
2772,2772,257.46285714285716,257.46285714285716
2773,2773,257.55573696145126,257.55573696145126
2774,2774,257.64861678004536,257.64861678004536
2775,2775,257.74149659863946,257.74149659863946
2776,2776,257.83437641723356,257.83437641723356
2777,2777,257.92725623582766,257.92725623582766
2778,2778,258.02013605442176,258.02013605442176
2779,2779,258.11301587301585,258.11301587301585
2780,2780,258.20589569160995,258.20589569160995
2781,2781,258.2987755102041,258.2987755102041
2782,2782,258.3916553287982,258.3916553287982
2783,2783,258.4845351473923,258.4845351473923
2784,2784,258.5774149659864,258.5774149659864
2785,2785,258.6702947845805,258.6702947845805
2786,2786,258.7631746031746,258.7631746031746
2787,2787,258.8560544217687,258.8560544217687
2788,2788,258.9489342403628,258.9489342403628
2789,2789,259.0418140589569,259.0418140589569
2790,2790,259.134693877551,259.134693877551
2791,2791,259.2275736961451,259.2275736961451
2792,2792,259.32045351473926,259.32045351473926
2793,2793,259.41333333333336,259.41333333333336
2794,2794,259.50621315192745,259.50621315192745
2795,2795,259.59909297052155,259.59909297052155
2796,2796,259.69197278911565,259.69197278911565
2797,2797,259.78485260770975,259.78485260770975
2798,2798,259.87773242630385,259.87773242630385
2799,2799,259.97061224489795,259.97061224489795
2800,2800,260.06349206349205,260.06349206349205
2801,2801,260.15637188208615,260.15637188208615
2802,2802,260.24925170068025,260.24925170068025
2803,2803,260.3421315192744,260.3421315192744
2804,2804,260.4350113378685,260.4350113378685
2805,2805,260.5278911564626,260.5278911564626
2806,2806,260.6207709750567,260.6207709750567
2807,2807,260.7136507936508,260.7136507936508
2808,2808,260.8065306122449,260.8065306122449
2809,2809,260.899410430839,260.899410430839
2810,2810,260.9922902494331,260.9922902494331
2811,2811,261.0851700680272,261.0851700680272
2812,2812,261.1780498866213,261.1780498866213
2813,2813,261.2709297052154,261.2709297052154
2814,2814,261.36380952380955,261.36380952380955
2815,2814,261.45668934240365,261.36380952380955
2816,2815,261.54956916099775,261.45668934240365
2817,2816,261.64244897959185,261.54956916099775
2817,2817,261.64244897959185,261.64244897959185
2818,2818,261.73532879818595,261.73532879818595
2819,2819,261.82820861678005,261.82820861678005
2820,2820,261.92108843537414,261.92108843537414
2821,2821,262.01396825396824,262.01396825396824
2822,2822,262.10684807256234,262.10684807256234
2823,2823,262.19972789115644,262.19972789115644
2824,2824,262.29260770975054,262.29260770975054
2825,2825,262.3854875283447,262.3854875283447
2826,2826,262.4783673469388,262.4783673469388
2827,2827,262.5712471655329,262.5712471655329
2828,2828,262.664126984127,262.664126984127
2829,2829,262.7570068027211,262.7570068027211
2830,2830,262.8498866213152,262.8498866213152
2831,2831,262.9427664399093,262.9427664399093
2832,2832,263.0356462585034,263.0356462585034
2833,2833,263.1285260770975,263.1285260770975
2834,2834,263.2214058956916,263.2214058956916
2835,2835,263.3142857142857,263.3142857142857
2836,2836,263.40716553287984,263.40716553287984
2837,2837,263.50004535147394,263.50004535147394
2838,2837,263.59292517006804,263.50004535147394
2839,2838,263.68580498866214,263.59292517006804
2840,2839,263.77868480725624,263.68580498866214
2840,2840,263.77868480725624,263.77868480725624
2840,2841,263.77868480725624,263.87156462585034
2841,2842,263.87156462585034,263.96444444444444
2842,2843,263.96444444444444,264.05732426303854
2843,2844,264.05732426303854,264.15020408163264
2844,2844,264.15020408163264,264.15020408163264
2845,2845,264.24308390022674,264.24308390022674
2846,2846,264.33596371882084,264.33596371882084
2847,2847,264.428843537415,264.428843537415
2848,2848,264.5217233560091,264.5217233560091
2849,2849,264.6146031746032,264.6146031746032
2850,2850,264.7074829931973,264.7074829931973
2851,2851,264.8003628117914,264.8003628117914
2852,2852,264.8932426303855,264.8932426303855
2853,2853,264.9861224489796,264.9861224489796
2854,2854,265.0790022675737,265.0790022675737
2855,2855,265.1718820861678,265.1718820861678
2856,2856,265.2647619047619,265.2647619047619
2857,2857,265.357641723356,265.357641723356
2858,2858,265.45052154195014,265.45052154195014
2859,2859,265.54340136054424,265.54340136054424
2860,2860,265.63628117913834,265.63628117913834
2861,2861,265.72916099773244,265.72916099773244
2862,2862,265.82204081632653,265.82204081632653
2863,2863,265.91492063492063,265.91492063492063
2864,2864,266.00780045351473,266.00780045351473
2865,2865,266.10068027210883,266.10068027210883
2866,2866,266.19356009070293,266.19356009070293
2867,2867,266.28643990929703,266.28643990929703
2868,2868,266.37931972789113,266.37931972789113
2869,2869,266.4721995464853,266.4721995464853
2870,2870,266.5650793650794,266.5650793650794
2871,2871,266.6579591836735,266.6579591836735
2872,2872,266.7508390022676,266.7508390022676
2873,2873,266.8437188208617,266.8437188208617
2874,2874,266.9365986394558,266.9365986394558
2875,2875,267.0294784580499,267.0294784580499
2876,2876,267.122358276644,267.122358276644
2877,2877,267.2152380952381,267.2152380952381
2878,2878,267.3081179138322,267.3081179138322
2879,2879,267.4009977324263,267.4009977324263
2880,2880,267.49387755102043,267.49387755102043
2881,2881,267.58675736961453,267.58675736961453
2882,2882,267.67963718820863,267.67963718820863
2883,2883,267.77251700680273,267.77251700680273
2884,2884,267.86539682539683,267.86539682539683
2885,2885,267.9582766439909,267.9582766439909
2886,2886,268.051156462585,268.051156462585
2887,2887,268.1440362811791,268.1440362811791
2888,2888,268.2369160997732,268.2369160997732
2889,2889,268.3297959183673,268.3297959183673
2890,2890,268.4226757369614,268.4226757369614
2891,2891,268.5155555555556,268.5155555555556
2892,2892,268.6084353741497,268.6084353741497
2893,2893,268.7013151927438,268.7013151927438
2894,2894,268.7941950113379,268.7941950113379
2895,2895,268.887074829932,268.887074829932
2896,2896,268.9799546485261,268.9799546485261
2897,2897,269.0728344671202,269.0728344671202
2898,2898,269.1657142857143,269.1657142857143
2899,2899,269.2585941043084,269.2585941043084
2900,2899,269.35147392290247,269.2585941043084
2901,2900,269.44435374149657,269.35147392290247
2901,2901,269.44435374149657,269.44435374149657
2902,2902,269.5372335600907,269.5372335600907
2903,2903,269.6301133786848,269.6301133786848
2904,2904,269.7229931972789,269.7229931972789
2905,2905,269.815873015873,269.815873015873
2906,2906,269.9087528344671,269.9087528344671
2907,2907,270.0016326530612,270.0016326530612
2908,2908,270.0945124716553,270.0945124716553
2909,2909,270.1873922902494,270.1873922902494
2910,2910,270.2802721088435,270.2802721088435
2911,2911,270.3731519274376,270.3731519274376
2912,2912,270.4660317460318,270.4660317460318
2913,2913,270.5589115646259,270.5589115646259
2913,2914,270.5589115646259,270.65179138322
2914,2915,270.65179138322,270.74467120181407
2915,2916,270.74467120181407,270.83755102040817
2916,2917,270.83755102040817,270.93043083900227
2917,2918,270.93043083900227,271.02331065759637
2918,2919,271.02331065759637,271.11619047619047
2919,2920,271.11619047619047,271.20907029478457
2920,2921,271.20907029478457,271.30195011337867
2921,2922,271.30195011337867,271.39482993197277
2922,2923,271.39482993197277,271.4877097505669
2923,2924,271.4877097505669,271.580589569161
2924,2925,271.580589569161,271.6734693877551
2925,2926,271.6734693877551,271.7663492063492
2926,2927,271.7663492063492,271.8592290249433
2927,2928,271.8592290249433,271.9521088435374
2928,2929,271.9521088435374,272.0449886621315
2929,2930,272.0449886621315,272.1378684807256
2930,2931,272.1378684807256,272.2307482993197
2931,2932,272.2307482993197,272.3236281179138
2932,2933,272.3236281179138,272.4165079365079
2933,2934,272.4165079365079,272.50938775510207
2934,2935,272.50938775510207,272.60226757369617
2935,2936,272.60226757369617,272.69514739229027
2936,2937,272.69514739229027,272.78802721088437
2937,2938,272.78802721088437,272.88090702947846
2938,2939,272.88090702947846,272.97378684807256
2939,2940,272.97378684807256,273.06666666666666
2940,2941,273.06666666666666,273.15954648526076
2941,2942,273.15954648526076,273.25242630385486
2942,2943,273.25242630385486,273.34530612244896
2943,2944,273.34530612244896,273.43818594104306
2944,2944,273.43818594104306,273.43818594104306
2945,2944,273.5310657596372,273.43818594104306
2946,2944,273.6239455782313,273.43818594104306
2947,2944,273.7168253968254,273.43818594104306
2948,2944,273.8097052154195,273.43818594104306
2949,2944,273.9025850340136,273.43818594104306
2950,2944,273.9954648526077,273.43818594104306
2951,2944,274.0883446712018,273.43818594104306
2952,2944,274.1812244897959,273.43818594104306
2953,2945,274.27410430839,273.5310657596372
2954,2946,274.3669841269841,273.6239455782313
2955,2947,274.4598639455782,273.7168253968254
2956,2948,274.55274376417236,273.8097052154195
2957,2949,274.64562358276646,273.9025850340136
2958,2950,274.73850340136056,273.9954648526077
2959,2951,274.83138321995466,274.0883446712018
2960,2952,274.92426303854876,274.1812244897959
2960,2953,274.92426303854876,274.27410430839
2960,2954,274.92426303854876,274.3669841269841
2960,2955,274.92426303854876,274.4598639455782
2960,2956,274.92426303854876,274.55274376417236
2960,2957,274.92426303854876,274.64562358276646
2960,2958,274.92426303854876,274.73850340136056
2960,2959,274.92426303854876,274.83138321995466
2960,2960,274.92426303854876,274.92426303854876
2961,2961,275.01714285714286,275.01714285714286
2962,2962,275.11002267573696,275.11002267573696
2963,2963,275.20290249433106,275.20290249433106
2964,2964,275.29578231292516,275.29578231292516
2965,2965,275.38866213151925,275.38866213151925
2966,2966,275.48154195011335,275.48154195011335
2967,2967,275.5744217687075,275.5744217687075
2968,2968,275.6673015873016,275.6673015873016
2969,2969,275.7601814058957,275.7601814058957
2970,2970,275.8530612244898,275.8530612244898
2971,2971,275.9459410430839,275.9459410430839
2972,2972,276.038820861678,276.038820861678
2973,2973,276.1317006802721,276.1317006802721
2974,2974,276.2245804988662,276.2245804988662
2975,2975,276.3174603174603,276.3174603174603
2976,2976,276.4103401360544,276.4103401360544
2977,2977,276.5032199546485,276.5032199546485
2978,2978,276.59609977324266,276.59609977324266
2979,2979,276.68897959183676,276.68897959183676
2980,2980,276.78185941043085,276.78185941043085
2981,2981,276.87473922902495,276.87473922902495
2982,2982,276.96761904761905,276.96761904761905
2983,2983,277.06049886621315,277.06049886621315
2984,2984,277.15337868480725,277.15337868480725
2985,2985,277.24625850340135,277.24625850340135
2986,2986,277.33913832199545,277.33913832199545
2987,2987,277.43201814058955,277.43201814058955
2988,2988,277.52489795918365,277.52489795918365
2989,2989,277.6177777777778,277.6177777777778
2990,2990,277.7106575963719,277.7106575963719
2991,2991,277.803537414966,277.803537414966
2992,2992,277.8964172335601,277.8964172335601
2993,2993,277.9892970521542,277.9892970521542
2994,2994,278.0821768707483,278.0821768707483
2995,2995,278.1750566893424,278.1750566893424
2996,2996,278.2679365079365,278.2679365079365
2997,2997,278.3608163265306,278.3608163265306
2998,2998,278.4536961451247,278.4536961451247
2999,2999,278.5465759637188,278.5465759637188
3000,3000,278.63945578231295,278.63945578231295
3001,3001,278.73233560090705,278.73233560090705
3002,3002,278.82521541950115,278.82521541950115
3003,3003,278.91809523809525,278.91809523809525
3004,3004,279.01097505668935,279.01097505668935
3005,3005,279.10385487528345,279.10385487528345
3006,3006,279.19673469387754,279.19673469387754
3007,3007,279.28961451247164,279.28961451247164
3008,3008,279.38249433106574,279.38249433106574
3009,3009,279.47537414965984,279.47537414965984
3010,3010,279.56825396825394,279.56825396825394
3010,3011,279.56825396825394,279.6611337868481
3010,3012,279.56825396825394,279.7540136054422
3011,3013,279.6611337868481,279.8468934240363
3012,3014,279.7540136054422,279.9397732426304
3013,3014,279.8468934240363,279.9397732426304
3014,3014,279.9397732426304,279.9397732426304
3015,3014,280.0326530612245,279.9397732426304
3016,3015,280.1255328798186,280.0326530612245
3017,3016,280.2184126984127,280.1255328798186
3018,3017,280.3112925170068,280.2184126984127
3018,3018,280.3112925170068,280.3112925170068
3019,3019,280.4041723356009,280.4041723356009
3020,3020,280.497052154195,280.497052154195
3021,3021,280.5899319727891,280.5899319727891
3022,3022,280.68281179138324,280.68281179138324
3023,3023,280.77569160997734,280.77569160997734
3024,3024,280.86857142857144,280.86857142857144
3025,3025,280.96145124716554,280.96145124716554
3026,3026,281.05433106575964,281.05433106575964
3027,3027,281.14721088435374,281.14721088435374
3028,3028,281.24009070294784,281.24009070294784
3029,3029,281.33297052154194,281.33297052154194
3030,3030,281.42585034013604,281.42585034013604
3031,3031,281.51873015873014,281.51873015873014
3032,3032,281.61160997732424,281.61160997732424
3033,3033,281.7044897959184,281.7044897959184
3034,3034,281.7973696145125,281.7973696145125
3035,3035,281.8902494331066,281.8902494331066
3036,3036,281.9831292517007,281.9831292517007
3037,3037,282.0760090702948,282.0760090702948
3038,3038,282.1688888888889,282.1688888888889
3039,3039,282.261768707483,282.261768707483
3040,3040,282.3546485260771,282.3546485260771
3041,3041,282.4475283446712,282.4475283446712
3042,3042,282.5404081632653,282.5404081632653
3043,3043,282.6332879818594,282.6332879818594
3044,3044,282.72616780045354,282.72616780045354
3045,3045,282.81904761904764,282.81904761904764
3046,3046,282.91192743764174,282.91192743764174
3047,3047,283.00480725623584,283.00480725623584
3048,3048,283.09768707482993,283.09768707482993
3049,3049,283.19056689342403,283.19056689342403
3050,3050,283.28344671201813,283.28344671201813
3051,3051,283.37632653061223,283.37632653061223
3052,3052,283.46920634920633,283.46920634920633
3053,3053,283.56208616780043,283.56208616780043
3054,3054,283.65496598639453,283.65496598639453
3055,3055,283.7478458049887,283.7478458049887
3056,3056,283.8407256235828,283.8407256235828
3057,3057,283.9336054421769,283.9336054421769
3058,3058,284.026485260771,284.026485260771
3059,3059,284.1193650793651,284.1193650793651
3060,3059,284.2122448979592,284.1193650793651
3061,3060,284.3051247165533,284.2122448979592
3062,3061,284.3980045351474,284.3051247165533
3062,3062,284.3980045351474,284.3980045351474
3063,3063,284.4908843537415,284.4908843537415
3064,3064,284.5837641723356,284.5837641723356
3065,3065,284.67664399092973,284.67664399092973
3066,3066,284.76952380952383,284.76952380952383
3067,3067,284.86240362811793,284.86240362811793
3068,3068,284.95528344671203,284.95528344671203
3069,3069,285.04816326530613,285.04816326530613
3070,3069,285.14104308390023,285.04816326530613
3071,3070,285.2339229024943,285.14104308390023
3072,3071,285.3268027210884,285.2339229024943
3072,3072,285.3268027210884,285.3268027210884
3073,3073,285.4196825396825,285.4196825396825
3074,3074,285.5125623582766,285.5125623582766
3075,3075,285.6054421768707,285.6054421768707
3076,3076,285.6983219954649,285.6983219954649
3077,3077,285.791201814059,285.791201814059
3078,3078,285.8840816326531,285.8840816326531
3079,3079,285.9769614512472,285.9769614512472
3080,3080,286.0698412698413,286.0698412698413
3081,3081,286.1627210884354,286.1627210884354
3082,3082,286.2556009070295,286.2556009070295
3083,3083,286.3484807256236,286.3484807256236
3084,3084,286.4413605442177,286.4413605442177
3085,3085,286.5342403628118,286.5342403628118
3086,3086,286.62712018140587,286.62712018140587
3087,3087,286.72,286.72
3088,3088,286.8128798185941,286.8128798185941
3089,3089,286.9057596371882,286.9057596371882
3090,3090,286.9986394557823,286.9986394557823
3091,3091,287.0915192743764,287.0915192743764
3092,3092,287.1843990929705,287.1843990929705
3093,3093,287.2772789115646,287.2772789115646
3094,3094,287.3701587301587,287.3701587301587
3095,3095,287.4630385487528,287.4630385487528
3096,3096,287.5559183673469,287.5559183673469
3097,3097,287.648798185941,287.648798185941
3098,3098,287.7416780045352,287.7416780045352
3099,3099,287.8345578231293,287.8345578231293
3100,3100,287.9274376417234,287.9274376417234
3101,3101,288.0203174603175,288.0203174603175
3102,3102,288.11319727891157,288.11319727891157
3103,3103,288.20607709750567,288.20607709750567
3104,3104,288.29895691609977,288.29895691609977
3105,3105,288.39183673469387,288.39183673469387
3106,3106,288.48471655328797,288.48471655328797
3107,3107,288.57759637188207,288.57759637188207
3108,3108,288.67047619047617,288.67047619047617
3109,3109,288.7633560090703,288.7633560090703
3110,3110,288.8562358276644,288.8562358276644
3111,3111,288.9491156462585,288.9491156462585
3112,3112,289.0419954648526,289.0419954648526
3113,3113,289.1348752834467,289.1348752834467
3114,3114,289.2277551020408,289.2277551020408
3114,3115,289.2277551020408,289.3206349206349
3115,3116,289.3206349206349,289.413514739229
3116,3117,289.413514739229,289.5063945578231
3117,3118,289.5063945578231,289.5992743764172
3118,3118,289.5992743764172,289.5992743764172
3119,3118,289.6921541950113,289.5992743764172
3120,3118,289.78503401360547,289.5992743764172
3121,3119,289.87791383219957,289.6921541950113
3122,3120,289.97079365079367,289.78503401360547
3122,3121,289.97079365079367,289.87791383219957
3122,3122,289.97079365079367,289.97079365079367
3123,3123,290.06367346938777,290.06367346938777
3124,3124,290.15655328798186,290.15655328798186
3125,3125,290.24943310657596,290.24943310657596
3126,3126,290.34231292517006,290.34231292517006
3127,3127,290.43519274376416,290.43519274376416
3128,3128,290.52807256235826,290.52807256235826
3129,3129,290.62095238095236,290.62095238095236
3130,3130,290.71383219954646,290.71383219954646
3131,3131,290.8067120181406,290.8067120181406
3132,3132,290.8995918367347,290.8995918367347
3133,3133,290.9924716553288,290.9924716553288
3134,3134,291.0853514739229,291.0853514739229
3135,3135,291.178231292517,291.178231292517
3136,3136,291.2711111111111,291.2711111111111
3137,3137,291.3639909297052,291.3639909297052
3138,3138,291.4568707482993,291.4568707482993
3139,3139,291.5497505668934,291.5497505668934
3140,3140,291.6426303854875,291.6426303854875
3141,3141,291.7355102040816,291.7355102040816
3142,3142,291.82839002267576,291.82839002267576
3143,3143,291.92126984126986,291.92126984126986
3144,3144,292.01414965986396,292.01414965986396
3145,3145,292.10702947845806,292.10702947845806
3146,3146,292.19990929705216,292.19990929705216
3147,3147,292.29278911564626,292.29278911564626
3148,3148,292.38566893424036,292.38566893424036
3149,3149,292.47854875283446,292.47854875283446
3150,3150,292.57142857142856,292.57142857142856
3151,3151,292.66430839002265,292.66430839002265
3152,3152,292.75718820861675,292.75718820861675
3153,3153,292.8500680272109,292.8500680272109
3154,3154,292.942947845805,292.942947845805
3155,3155,293.0358276643991,293.0358276643991
3156,3156,293.1287074829932,293.1287074829932
3157,3157,293.2215873015873,293.2215873015873
3158,3158,293.3144671201814,293.3144671201814
3159,3159,293.4073469387755,293.4073469387755
3160,3160,293.5002267573696,293.5002267573696
3161,3161,293.5931065759637,293.5931065759637
3162,3162,293.6859863945578,293.6859863945578
3163,3163,293.7788662131519,293.7788662131519
3164,3164,293.87174603174606,293.87174603174606
3165,3165,293.96462585034016,293.96462585034016
3166,3166,294.05750566893425,294.05750566893425
3167,3167,294.15038548752835,294.15038548752835
3168,3168,294.24326530612245,294.24326530612245
3169,3169,294.33614512471655,294.33614512471655
3170,3170,294.42902494331065,294.42902494331065
3171,3171,294.52190476190475,294.52190476190475
3172,3172,294.61478458049885,294.61478458049885
3173,3173,294.70766439909295,294.70766439909295
3174,3174,294.80054421768705,294.80054421768705
3175,3175,294.8934240362812,294.8934240362812
3176,3176,294.9863038548753,294.9863038548753
3177,3177,295.0791836734694,295.0791836734694
3178,3178,295.1720634920635,295.1720634920635
3179,3179,295.2649433106576,295.2649433106576
3180,3180,295.3578231292517,295.3578231292517
3181,3181,295.4507029478458,295.4507029478458
3182,3182,295.5435827664399,295.5435827664399
3183,3183,295.636462585034,295.636462585034
3184,3184,295.7293424036281,295.7293424036281
3185,3185,295.8222222222222,295.8222222222222
3186,3186,295.91510204081635,295.91510204081635
3187,3187,296.00798185941045,296.00798185941045
3188,3188,296.10086167800455,296.10086167800455
3189,3189,296.19374149659865,296.19374149659865
3190,3189,296.28662131519275,296.19374149659865
3191,3190,296.37950113378685,296.28662131519275
3192,3191,296.47238095238095,296.37950113378685
3193,3192,296.56526077097504,296.47238095238095
3194,3192,296.65814058956914,296.47238095238095
3195,3193,296.75102040816324,296.56526077097504
3196,3194,296.84390022675734,296.65814058956914
3197,3195,296.9367800453515,296.75102040816324
3198,3196,297.0296598639456,296.84390022675734
3199,3197,297.1225396825397,296.9367800453515
3200,3198,297.2154195011338,297.0296598639456
3200,3199,297.2154195011338,297.1225396825397
3200,3200,297.2154195011338,297.2154195011338
3201,3201,297.3082993197279,297.3082993197279
3202,3202,297.401179138322,297.401179138322
3203,3203,297.4940589569161,297.4940589569161
3204,3204,297.5869387755102,297.5869387755102
3205,3205,297.6798185941043,297.6798185941043
3206,3206,297.7726984126984,297.7726984126984
3207,3207,297.86557823129255,297.86557823129255
3208,3208,297.95845804988664,297.95845804988664
3209,3209,298.05133786848074,298.05133786848074
3210,3210,298.14421768707484,298.14421768707484
3211,3211,298.23709750566894,298.23709750566894
3212,3212,298.32997732426304,298.32997732426304
3213,3213,298.42285714285714,298.42285714285714
3214,3214,298.51573696145124,298.51573696145124
3215,3215,298.60861678004534,298.60861678004534
3216,3216,298.70149659863944,298.70149659863944
3217,3217,298.79437641723354,298.79437641723354
3218,3218,298.8872562358277,298.8872562358277
3219,3219,298.9801360544218,298.9801360544218
3220,3220,299.0730158730159,299.0730158730159
3221,3221,299.16589569161,299.16589569161
3222,3222,299.2587755102041,299.2587755102041
3223,3223,299.3516553287982,299.3516553287982
3224,3224,299.4445351473923,299.4445351473923
3225,3225,299.5374149659864,299.5374149659864
3226,3226,299.6302947845805,299.6302947845805
3227,3227,299.7231746031746,299.7231746031746
3228,3228,299.8160544217687,299.8160544217687
3229,3229,299.90893424036284,299.90893424036284
3230,3230,300.00181405895694,300.00181405895694
3231,3231,300.09469387755104,300.09469387755104
3232,3232,300.18757369614514,300.18757369614514
3233,3233,300.28045351473924,300.28045351473924
3234,3234,300.37333333333333,300.37333333333333
3235,3235,300.46621315192743,300.46621315192743
3236,3236,300.55909297052153,300.55909297052153
3237,3237,300.65197278911563,300.65197278911563
3238,3238,300.74485260770973,300.74485260770973
3239,3239,300.83773242630383,300.83773242630383
3240,3240,300.930612244898,300.930612244898
3241,3241,301.0234920634921,301.0234920634921
3242,3242,301.1163718820862,301.1163718820862
3243,3243,301.2092517006803,301.2092517006803
3244,3244,301.3021315192744,301.3021315192744
3245,3245,301.3950113378685,301.3950113378685
3245,3246,301.3950113378685,301.4878911564626
3246,3247,301.4878911564626,301.5807709750567
3247,3248,301.5807709750567,301.6736507936508
3248,3248,301.6736507936508,301.6736507936508
3249,3249,301.7665306122449,301.7665306122449
3250,3250,301.859410430839,301.859410430839
3251,3251,301.95229024943313,301.95229024943313
3252,3252,302.04517006802723,302.04517006802723
3253,3253,302.13804988662133,302.13804988662133
3254,3254,302.23092970521543,302.23092970521543
3255,3255,302.32380952380953,302.32380952380953
3256,3256,302.41668934240363,302.41668934240363
3257,3257,302.5095691609977,302.5095691609977
3258,3258,302.6024489795918,302.6024489795918
3259,3259,302.6953287981859,302.6953287981859
3260,3260,302.78820861678,302.78820861678
3261,3261,302.8810884353741,302.8810884353741
3262,3262,302.9739682539683,302.9739682539683
3263,3263,303.0668480725624,303.0668480725624
3264,3264,303.1597278911565,303.1597278911565
3265,3265,303.2526077097506,303.2526077097506
3266,3266,303.3454875283447,303.3454875283447
3267,3267,303.4383673469388,303.4383673469388
3268,3268,303.5312471655329,303.5312471655329
3269,3269,303.624126984127,303.624126984127
3270,3270,303.7170068027211,303.7170068027211
3271,3271,303.8098866213152,303.8098866213152
3272,3272,303.90276643990927,303.90276643990927
3273,3273,303.9956462585034,303.9956462585034
3274,3274,304.0885260770975,304.0885260770975
3275,3275,304.1814058956916,304.1814058956916
3276,3276,304.2742857142857,304.2742857142857
3277,3277,304.3671655328798,304.3671655328798
3278,3278,304.4600453514739,304.4600453514739
3279,3279,304.552925170068,304.552925170068
3280,3280,304.6458049886621,304.6458049886621
3281,3281,304.7386848072562,304.7386848072562
3282,3282,304.8315646258503,304.8315646258503
3283,3283,304.9244444444444,304.9244444444444
3284,3284,305.0173242630386,305.0173242630386
3285,3285,305.1102040816327,305.1102040816327
3286,3286,305.2030839002268,305.2030839002268
3287,3287,305.2959637188209,305.2959637188209
3288,3288,305.38884353741497,305.38884353741497
3289,3289,305.48172335600907,305.48172335600907
3290,3290,305.57460317460317,305.57460317460317
3291,3291,305.66748299319727,305.66748299319727
3292,3292,305.76036281179137,305.76036281179137
3293,3293,305.85324263038547,305.85324263038547
3294,3294,305.94612244897957,305.94612244897957
3295,3295,306.0390022675737,306.0390022675737
3296,3296,306.1318820861678,306.1318820861678
3297,3297,306.2247619047619,306.2247619047619
3298,3298,306.317641723356,306.317641723356
3299,3299,306.4105215419501,306.4105215419501
3300,3300,306.5034013605442,306.5034013605442
3301,3301,306.5962811791383,306.5962811791383
3302,3302,306.6891609977324,306.6891609977324
3303,3303,306.7820408163265,306.7820408163265
3304,3304,306.8749206349206,306.8749206349206
3305,3305,306.9678004535147,306.9678004535147
3306,3306,307.06068027210887,307.06068027210887
3307,3307,307.15356009070297,307.15356009070297
3308,3308,307.24643990929707,307.24643990929707
3309,3309,307.33931972789117,307.33931972789117
3310,3310,307.43219954648526,307.43219954648526
3311,3311,307.52507936507936,307.52507936507936
3312,3312,307.61795918367346,307.61795918367346
3313,3313,307.71083900226756,307.71083900226756
3314,3314,307.80371882086166,307.80371882086166
3315,3315,307.89659863945576,307.89659863945576
3316,3316,307.98947845804986,307.98947845804986
3317,3317,308.082358276644,308.082358276644
3318,3318,308.1752380952381,308.1752380952381
3319,3319,308.2681179138322,308.2681179138322
3320,3320,308.3609977324263,308.3609977324263
3321,3321,308.4538775510204,308.4538775510204
3322,3322,308.5467573696145,308.5467573696145
3323,3323,308.6396371882086,308.6396371882086
3324,3324,308.7325170068027,308.7325170068027
3325,3325,308.8253968253968,308.8253968253968
3326,3326,308.9182766439909,308.9182766439909
3327,3327,309.011156462585,309.011156462585
3328,3328,309.10403628117916,309.10403628117916
3329,3329,309.19691609977326,309.19691609977326
3330,3330,309.28979591836736,309.28979591836736
3331,3331,309.38267573696146,309.38267573696146
3332,3332,309.47555555555556,309.47555555555556
3333,3333,309.56843537414966,309.56843537414966
3334,3334,309.66131519274376,309.66131519274376
3335,3335,309.75419501133786,309.75419501133786
3336,3336,309.84707482993196,309.84707482993196
3337,3337,309.93995464852605,309.93995464852605
3338,3338,310.03283446712015,310.03283446712015
3339,3339,310.1257142857143,310.1257142857143
3340,3340,310.2185941043084,310.2185941043084
3341,3341,310.3114739229025,310.3114739229025
3342,3342,310.4043537414966,310.4043537414966
3343,3343,310.4972335600907,310.4972335600907
3344,3344,310.5901133786848,310.5901133786848
3345,3345,310.6829931972789,310.6829931972789
3346,3346,310.775873015873,310.775873015873
3347,3347,310.8687528344671,310.8687528344671
3348,3348,310.9616326530612,310.9616326530612
3349,3349,311.0545124716553,311.0545124716553
3350,3350,311.14739229024946,311.14739229024946
3351,3351,311.24027210884356,311.24027210884356
3352,3352,311.33315192743765,311.33315192743765
3353,3353,311.42603174603175,311.42603174603175
3354,3354,311.51891156462585,311.51891156462585
3355,3355,311.61179138321995,311.61179138321995
3356,3356,311.70467120181405,311.70467120181405
3357,3357,311.79755102040815,311.79755102040815
3358,3358,311.89043083900225,311.89043083900225
3359,3359,311.98331065759635,311.98331065759635
3360,3360,312.0761904761905,312.0761904761905
3361,3361,312.1690702947846,312.1690702947846
3362,3362,312.2619501133787,312.2619501133787
3363,3363,312.3548299319728,312.3548299319728
3364,3364,312.4477097505669,312.4477097505669
3365,3365,312.540589569161,312.540589569161
3366,3366,312.6334693877551,312.6334693877551
3367,3367,312.7263492063492,312.7263492063492
3368,3368,312.8192290249433,312.8192290249433
3369,3369,312.9121088435374,312.9121088435374
3370,3370,313.0049886621315,313.0049886621315
3371,3371,313.09786848072565,313.09786848072565
3372,3372,313.19074829931975,313.19074829931975
3373,3373,313.28362811791385,313.28362811791385
3374,3374,313.37650793650795,313.37650793650795
3375,3375,313.46938775510205,313.46938775510205
3376,3376,313.56226757369615,313.56226757369615
3376,3377,313.56226757369615,313.65514739229025
3377,3378,313.65514739229025,313.74802721088435
3378,3379,313.74802721088435,313.84090702947844
3379,3380,313.84090702947844,313.93378684807254
3380,3380,313.93378684807254,313.93378684807254
3381,3381,314.02666666666664,314.02666666666664
3382,3382,314.1195464852608,314.1195464852608
3383,3383,314.2124263038549,314.2124263038549
3384,3384,314.305306122449,314.305306122449
3385,3385,314.3981859410431,314.3981859410431
3386,3386,314.4910657596372,314.4910657596372
3387,3387,314.5839455782313,314.5839455782313
3388,3388,314.6768253968254,314.6768253968254
3389,3389,314.7697052154195,314.7697052154195
3390,3390,314.8625850340136,314.8625850340136
3391,3391,314.9554648526077,314.9554648526077
3392,3392,315.0483446712018,315.0483446712018
3393,3393,315.14122448979595,315.14122448979595
3394,3394,315.23410430839004,315.23410430839004
3395,3395,315.32698412698414,315.32698412698414
3396,3396,315.41986394557824,315.41986394557824
3397,3397,315.51274376417234,315.51274376417234
3398,3398,315.60562358276644,315.60562358276644
3399,3399,315.69850340136054,315.69850340136054
3400,3400,315.79138321995464,315.79138321995464
3401,3401,315.88426303854874,315.88426303854874
3402,3402,315.97714285714284,315.97714285714284
3403,3403,316.07002267573694,316.07002267573694
3404,3404,316.1629024943311,316.1629024943311
3405,3405,316.2557823129252,316.2557823129252
3406,3406,316.3486621315193,316.3486621315193
3407,3407,316.4415419501134,316.4415419501134
3408,3408,316.5344217687075,316.5344217687075
3409,3409,316.6273015873016,316.6273015873016
3410,3410,316.7201814058957,316.7201814058957
3411,3411,316.8130612244898,316.8130612244898
3412,3412,316.9059410430839,316.9059410430839
3413,3413,316.998820861678,316.998820861678
3414,3414,317.0917006802721,317.0917006802721
3415,3415,317.18458049886624,317.18458049886624
3416,3416,317.27746031746034,317.27746031746034
3417,3417,317.37034013605444,317.37034013605444
3418,3418,317.46321995464854,317.46321995464854
3419,3419,317.55609977324264,317.55609977324264
3420,3420,317.64897959183673,317.64897959183673
3421,3421,317.74185941043083,317.74185941043083
3422,3422,317.83473922902493,317.83473922902493
3423,3423,317.92761904761903,317.92761904761903
3424,3424,318.02049886621313,318.02049886621313
3425,3425,318.11337868480723,318.11337868480723
3426,3426,318.2062585034014,318.2062585034014
3427,3427,318.2991383219955,318.2991383219955
3428,3428,318.3920181405896,318.3920181405896
3428,3429,318.3920181405896,318.4848979591837
3429,3430,318.4848979591837,318.5777777777778
3430,3431,318.5777777777778,318.6706575963719
3431,3432,318.6706575963719,318.763537414966
3432,3432,318.763537414966,318.763537414966
3433,3432,318.8564172335601,318.763537414966
3434,3433,318.9492970521542,318.8564172335601
3435,3434,319.0421768707483,318.9492970521542
3436,3435,319.1350566893424,319.0421768707483
3437,3436,319.22793650793653,319.1350566893424
3438,3437,319.32081632653063,319.22793650793653
3438,3438,319.32081632653063,319.32081632653063
3439,3439,319.41369614512473,319.41369614512473
3440,3440,319.50657596371883,319.50657596371883
3441,3441,319.59945578231293,319.59945578231293
3442,3442,319.69233560090703,319.69233560090703
3443,3443,319.7852154195011,319.7852154195011
3444,3444,319.8780952380952,319.8780952380952
3445,3445,319.9709750566893,319.9709750566893
3446,3446,320.0638548752834,320.0638548752834
3447,3447,320.1567346938775,320.1567346938775
3448,3448,320.2496145124717,320.2496145124717
3449,3449,320.3424943310658,320.3424943310658
3450,3450,320.4353741496599,320.4353741496599
3451,3451,320.528253968254,320.528253968254
3452,3452,320.6211337868481,320.6211337868481
3452,3453,320.6211337868481,320.7140136054422
3453,3454,320.7140136054422,320.8068934240363
3454,3455,320.8068934240363,320.8997732426304
3455,3456,320.8997732426304,320.9926530612245
3456,3457,320.9926530612245,321.0855328798186
3457,3457,321.0855328798186,321.0855328798186
3458,3458,321.17841269841267,321.17841269841267
3459,3459,321.2712925170068,321.2712925170068
3460,3460,321.3641723356009,321.3641723356009
3461,3461,321.457052154195,321.457052154195
3462,3462,321.5499319727891,321.5499319727891
3463,3463,321.6428117913832,321.6428117913832
3464,3464,321.7356916099773,321.7356916099773
3465,3465,321.8285714285714,321.8285714285714
3466,3466,321.9214512471655,321.9214512471655
3467,3467,322.0143310657596,322.0143310657596
3468,3468,322.1072108843537,322.1072108843537
3469,3469,322.2000907029478,322.2000907029478
3470,3470,322.292970521542,322.292970521542
3471,3471,322.3858503401361,322.3858503401361
3472,3472,322.4787301587302,322.4787301587302
3473,3473,322.5716099773243,322.5716099773243
3474,3474,322.66448979591837,322.66448979591837
3475,3475,322.75736961451247,322.75736961451247
3476,3476,322.85024943310657,322.85024943310657
3477,3477,322.94312925170067,322.94312925170067
3478,3478,323.03600907029477,323.03600907029477
3479,3479,323.12888888888887,323.12888888888887
3480,3480,323.22176870748297,323.22176870748297
3481,3481,323.3146485260771,323.3146485260771
3482,3482,323.4075283446712,323.4075283446712
3483,3483,323.5004081632653,323.5004081632653
3484,3484,323.5932879818594,323.5932879818594
3485,3485,323.6861678004535,323.6861678004535
3486,3486,323.7790476190476,323.7790476190476
3487,3487,323.8719274376417,323.8719274376417
3488,3488,323.9648072562358,323.9648072562358
3489,3489,324.0576870748299,324.0576870748299
3490,3490,324.150566893424,324.150566893424
3491,3491,324.2434467120181,324.2434467120181
3492,3492,324.33632653061227,324.33632653061227
3493,3493,324.42920634920637,324.42920634920637
3494,3494,324.52208616780047,324.52208616780047
3495,3495,324.61496598639457,324.61496598639457
3496,3496,324.70784580498866,324.70784580498866
3497,3497,324.80072562358276,324.80072562358276
3498,3498,324.89360544217686,324.89360544217686
3499,3499,324.98648526077096,324.98648526077096
3500,3500,325.07936507936506,325.07936507936506
3501,3501,325.17224489795916,325.17224489795916
3502,3502,325.2651247165533,325.2651247165533
3503,3503,325.3580045351474,325.3580045351474
3504,3504,325.4508843537415,325.4508843537415
3505,3505,325.5437641723356,325.5437641723356
3506,3506,325.6366439909297,325.6366439909297
3507,3507,325.7295238095238,325.7295238095238
3508,3508,325.8224036281179,325.8224036281179
3509,3509,325.915283446712,325.915283446712
3510,3510,326.0081632653061,326.0081632653061
3511,3511,326.1010430839002,326.1010430839002
3512,3512,326.1939229024943,326.1939229024943
3513,3513,326.28680272108846,326.28680272108846
3514,3514,326.37968253968256,326.37968253968256
3515,3515,326.47256235827666,326.47256235827666
3516,3516,326.56544217687076,326.56544217687076
3517,3517,326.65832199546486,326.65832199546486
3518,3518,326.75120181405896,326.75120181405896
3519,3519,326.84408163265306,326.84408163265306
3520,3520,326.93696145124716,326.93696145124716
3521,3521,327.02984126984126,327.02984126984126
3522,3522,327.12272108843536,327.12272108843536
3523,3523,327.21560090702945,327.21560090702945
3524,3524,327.3084807256236,327.3084807256236
3525,3525,327.4013605442177,327.4013605442177
3526,3526,327.4942403628118,327.4942403628118
3527,3527,327.5871201814059,327.5871201814059
3528,3528,327.68,327.68
3529,3529,327.7728798185941,327.7728798185941
3530,3530,327.8657596371882,327.8657596371882
3531,3531,327.9586394557823,327.9586394557823
3532,3532,328.0515192743764,328.0515192743764
3533,3533,328.1443990929705,328.1443990929705
3534,3534,328.2372789115646,328.2372789115646
3535,3535,328.33015873015876,328.33015873015876
3536,3536,328.42303854875286,328.42303854875286
3537,3537,328.51591836734696,328.51591836734696
3538,3538,328.60879818594105,328.60879818594105
3539,3539,328.70167800453515,328.70167800453515
3540,3540,328.79455782312925,328.79455782312925
3541,3541,328.88743764172335,328.88743764172335
3542,3542,328.98031746031745,328.98031746031745
3543,3543,329.07319727891155,329.07319727891155
3544,3544,329.16607709750565,329.16607709750565
3545,3545,329.25895691609975,329.25895691609975
3546,3546,329.3518367346939,329.3518367346939
3547,3547,329.444716553288,329.444716553288
3548,3548,329.5375963718821,329.5375963718821
3549,3549,329.6304761904762,329.6304761904762
3550,3550,329.7233560090703,329.7233560090703
3551,3551,329.8162358276644,329.8162358276644
3552,3552,329.9091156462585,329.9091156462585
3553,3553,330.0019954648526,330.0019954648526
3554,3554,330.0948752834467,330.0948752834467
3555,3555,330.1877551020408,330.1877551020408
3556,3556,330.2806349206349,330.2806349206349
3557,3557,330.37351473922905,330.37351473922905
3558,3558,330.46639455782315,330.46639455782315
3559,3559,330.55927437641725,330.55927437641725
3560,3560,330.65215419501135,330.65215419501135
3561,3561,330.74503401360545,330.74503401360545
3562,3562,330.83791383219955,330.83791383219955
3563,3563,330.93079365079365,330.93079365079365
3564,3564,331.02367346938775,331.02367346938775
3565,3565,331.11655328798184,331.11655328798184
3566,3566,331.20943310657594,331.20943310657594
3567,3567,331.30231292517004,331.30231292517004
3568,3568,331.3951927437642,331.3951927437642
3569,3569,331.4880725623583,331.4880725623583
3570,3570,331.5809523809524,331.5809523809524
3571,3571,331.6738321995465,331.6738321995465
3572,3572,331.7667120181406,331.7667120181406
3573,3573,331.8595918367347,331.8595918367347
3573,3574,331.8595918367347,331.9524716553288
3574,3575,331.9524716553288,332.0453514739229
3575,3576,332.0453514739229,332.138231292517
3576,3577,332.138231292517,332.2311111111111
3577,3578,332.2311111111111,332.3239909297052
3578,3579,332.3239909297052,332.41687074829935
3579,3579,332.41687074829935,332.41687074829935
3580,3579,332.50975056689344,332.41687074829935
3581,3580,332.60263038548754,332.50975056689344
3581,3581,332.60263038548754,332.60263038548754
3582,3582,332.69551020408164,332.69551020408164
3583,3583,332.78839002267574,332.78839002267574
3584,3584,332.88126984126984,332.88126984126984
3585,3585,332.97414965986394,332.97414965986394
3586,3586,333.06702947845804,333.06702947845804
3587,3587,333.15990929705214,333.15990929705214
3588,3588,333.25278911564624,333.25278911564624
3589,3589,333.34566893424034,333.34566893424034
3590,3590,333.4385487528345,333.4385487528345
3591,3591,333.5314285714286,333.5314285714286
3592,3592,333.6243083900227,333.6243083900227
3593,3593,333.7171882086168,333.7171882086168
3594,3594,333.8100680272109,333.8100680272109
3595,3595,333.902947845805,333.902947845805
3596,3596,333.9958276643991,333.9958276643991
3597,3597,334.0887074829932,334.0887074829932
3598,3598,334.1815873015873,334.1815873015873
3599,3599,334.2744671201814,334.2744671201814
3600,3600,334.3673469387755,334.3673469387755
3601,3601,334.46022675736964,334.46022675736964
3601,3602,334.46022675736964,334.55310657596374
3602,3603,334.55310657596374,334.64598639455784
3603,3604,334.64598639455784,334.73886621315194
3604,3605,334.73886621315194,334.83174603174604
3605,3606,334.83174603174604,334.92462585034014
3606,3607,334.92462585034014,335.01750566893423
3607,3607,335.01750566893423,335.01750566893423
3608,3608,335.11038548752833,335.11038548752833
3609,3609,335.20326530612243,335.20326530612243
3610,3610,335.29614512471653,335.29614512471653
3611,3611,335.38902494331063,335.38902494331063
3612,3612,335.4819047619048,335.4819047619048
3613,3613,335.5747845804989,335.5747845804989
3614,3614,335.667664399093,335.667664399093
3615,3615,335.7605442176871,335.7605442176871
3616,3616,335.8534240362812,335.8534240362812
3617,3617,335.9463038548753,335.9463038548753
3618,3618,336.0391836734694,336.0391836734694
3619,3619,336.1320634920635,336.1320634920635
3620,3620,336.2249433106576,336.2249433106576
3621,3621,336.3178231292517,336.3178231292517
3622,3622,336.4107029478458,336.4107029478458
3623,3623,336.50358276643993,336.50358276643993
3624,3624,336.59646258503403,336.59646258503403
3625,3625,336.68934240362813,336.68934240362813
3626,3626,336.78222222222223,336.78222222222223
3627,3627,336.87510204081633,336.87510204081633
3628,3628,336.96798185941043,336.96798185941043
3629,3629,337.0608616780045,337.0608616780045
3630,3630,337.1537414965986,337.1537414965986
3631,3631,337.2466213151927,337.2466213151927
3632,3632,337.3395011337868,337.3395011337868
3633,3633,337.4323809523809,337.4323809523809
3634,3634,337.5252607709751,337.5252607709751
3635,3635,337.6181405895692,337.6181405895692
3636,3636,337.7110204081633,337.7110204081633
3637,3637,337.8039002267574,337.8039002267574
3638,3638,337.8967800453515,337.8967800453515
3639,3639,337.9896598639456,337.9896598639456
3640,3640,338.0825396825397,338.0825396825397
3641,3641,338.1754195011338,338.1754195011338
3642,3642,338.2682993197279,338.2682993197279
3643,3643,338.361179138322,338.361179138322
3644,3644,338.45405895691607,338.45405895691607
3645,3645,338.5469387755102,338.5469387755102
3646,3646,338.6398185941043,338.6398185941043
3647,3647,338.7326984126984,338.7326984126984
3648,3648,338.8255782312925,338.8255782312925
3649,3649,338.9184580498866,338.9184580498866
3650,3650,339.0113378684807,339.0113378684807
3651,3651,339.1042176870748,339.1042176870748
3652,3652,339.1970975056689,339.1970975056689
3653,3653,339.289977324263,339.289977324263
3654,3654,339.3828571428571,339.3828571428571
3655,3655,339.4757369614513,339.4757369614513
3656,3656,339.5686167800454,339.5686167800454
3657,3657,339.6614965986395,339.6614965986395
3658,3658,339.7543764172336,339.7543764172336
3659,3659,339.8472562358277,339.8472562358277
3660,3660,339.94013605442177,339.94013605442177
3661,3661,340.03301587301587,340.03301587301587
3662,3662,340.12589569160997,340.12589569160997
3663,3663,340.21877551020407,340.21877551020407
3664,3664,340.31165532879817,340.31165532879817
3665,3665,340.40453514739227,340.40453514739227
3666,3666,340.4974149659864,340.4974149659864
3667,3667,340.5902947845805,340.5902947845805
3668,3668,340.6831746031746,340.6831746031746
3669,3669,340.7760544217687,340.7760544217687
3670,3670,340.8689342403628,340.8689342403628
3671,3670,340.9618140589569,340.8689342403628
3672,3670,341.054693877551,340.8689342403628
3673,3671,341.1475736961451,340.9618140589569
3674,3672,341.2404535147392,341.054693877551
3675,3673,341.3333333333333,341.1475736961451
3675,3674,341.3333333333333,341.2404535147392
3675,3675,341.3333333333333,341.3333333333333
3676,3676,341.4262131519274,341.4262131519274
3677,3677,341.51909297052157,341.51909297052157
3678,3678,341.61197278911567,341.61197278911567
3679,3679,341.70485260770977,341.70485260770977
3680,3680,341.79773242630387,341.79773242630387
3681,3681,341.89061224489797,341.89061224489797
3682,3682,341.98349206349206,341.98349206349206
3683,3683,342.07637188208616,342.07637188208616
3684,3684,342.16925170068026,342.16925170068026
3685,3685,342.26213151927436,342.26213151927436
3686,3686,342.35501133786846,342.35501133786846
3687,3687,342.44789115646256,342.44789115646256
3688,3688,342.5407709750567,342.5407709750567
3689,3689,342.6336507936508,342.6336507936508
3690,3690,342.7265306122449,342.7265306122449
3691,3691,342.819410430839,342.819410430839
3692,3692,342.9122902494331,342.9122902494331
3693,3693,343.0051700680272,343.0051700680272
3694,3694,343.0980498866213,343.0980498866213
3695,3695,343.1909297052154,343.1909297052154
3696,3696,343.2838095238095,343.2838095238095
3697,3697,343.3766893424036,343.3766893424036
3698,3698,343.4695691609977,343.4695691609977
3699,3699,343.56244897959186,343.56244897959186
3700,3700,343.65532879818596,343.65532879818596
3701,3701,343.74820861678006,343.74820861678006
3702,3702,343.84108843537416,343.84108843537416
3703,3703,343.93396825396826,343.93396825396826
3704,3704,344.02684807256236,344.02684807256236
3705,3705,344.11972789115646,344.11972789115646
3706,3706,344.21260770975056,344.21260770975056
3707,3707,344.30548752834466,344.30548752834466
3708,3708,344.39836734693876,344.39836734693876
3709,3709,344.49124716553285,344.49124716553285
3710,3710,344.584126984127,344.584126984127
3711,3711,344.6770068027211,344.6770068027211
3712,3712,344.7698866213152,344.7698866213152
3713,3713,344.8627664399093,344.8627664399093
3714,3714,344.9556462585034,344.9556462585034
3715,3715,345.0485260770975,345.0485260770975
3716,3716,345.1414058956916,345.1414058956916
3717,3717,345.2342857142857,345.2342857142857
3718,3718,345.3271655328798,345.3271655328798
3719,3719,345.4200453514739,345.4200453514739
3720,3720,345.512925170068,345.512925170068
3721,3721,345.60580498866216,345.60580498866216
3722,3722,345.69868480725626,345.69868480725626
3723,3723,345.79156462585036,345.79156462585036
3724,3724,345.88444444444445,345.88444444444445
3725,3725,345.97732426303855,345.97732426303855
3726,3726,346.07020408163265,346.07020408163265
3727,3727,346.16308390022675,346.16308390022675
3728,3728,346.25596371882085,346.25596371882085
3729,3729,346.34884353741495,346.34884353741495
3730,3730,346.44172335600905,346.44172335600905
3731,3731,346.53460317460315,346.53460317460315
3732,3732,346.6274829931973,346.6274829931973
3733,3733,346.7203628117914,346.7203628117914
3734,3734,346.8132426303855,346.8132426303855
3735,3735,346.9061224489796,346.9061224489796
3736,3736,346.9990022675737,346.9990022675737
3737,3737,347.0918820861678,347.0918820861678
3738,3738,347.1847619047619,347.1847619047619
3739,3739,347.277641723356,347.277641723356
3740,3740,347.3705215419501,347.3705215419501
3741,3741,347.4634013605442,347.4634013605442
3742,3742,347.5562811791383,347.5562811791383
3743,3743,347.64916099773245,347.64916099773245
3744,3744,347.74204081632655,347.74204081632655
3745,3745,347.83492063492065,347.83492063492065
3746,3746,347.92780045351475,347.92780045351475
3747,3747,348.02068027210885,348.02068027210885
3748,3748,348.11356009070295,348.11356009070295
3749,3749,348.20643990929705,348.20643990929705
3750,3750,348.29931972789115,348.29931972789115
3751,3751,348.39219954648524,348.39219954648524
3752,3752,348.48507936507934,348.48507936507934
3753,3753,348.57795918367344,348.57795918367344
3754,3754,348.6708390022676,348.6708390022676
3755,3755,348.7637188208617,348.7637188208617
3756,3756,348.8565986394558,348.8565986394558
3757,3757,348.9494784580499,348.9494784580499
3758,3758,349.042358276644,349.042358276644
3758,3759,349.042358276644,349.1352380952381
3759,3760,349.1352380952381,349.2281179138322
3760,3761,349.2281179138322,349.3209977324263
3761,3762,349.3209977324263,349.4138775510204
3762,3763,349.4138775510204,349.5067573696145
3763,3764,349.5067573696145,349.5996371882086
3764,3765,349.5996371882086,349.69251700680275
3765,3766,349.69251700680275,349.78539682539684
3766,3767,349.78539682539684,349.87827664399094
3767,3768,349.87827664399094,349.97115646258504
3768,3769,349.97115646258504,350.06403628117914
3769,3769,350.06403628117914,350.06403628117914
3770,3769,350.15691609977324,350.06403628117914
3771,3769,350.24979591836734,350.06403628117914
3772,3769,350.34267573696144,350.06403628117914
3773,3769,350.43555555555554,350.06403628117914
3774,3769,350.52843537414964,350.06403628117914
3775,3769,350.62131519274374,350.06403628117914
3776,3769,350.7141950113379,350.06403628117914
3777,3769,350.807074829932,350.06403628117914
3778,3769,350.8999546485261,350.06403628117914
3779,3769,350.9928344671202,350.06403628117914
3780,3769,351.0857142857143,350.06403628117914
3781,3769,351.1785941043084,350.06403628117914
3782,3769,351.2714739229025,350.06403628117914
3783,3769,351.3643537414966,350.06403628117914
3784,3769,351.4572335600907,350.06403628117914
3785,3769,351.5501133786848,350.06403628117914
3786,3769,351.6429931972789,350.06403628117914
3787,3769,351.73587301587304,350.06403628117914
3788,3769,351.82875283446714,350.06403628117914
3789,3769,351.92163265306124,350.06403628117914
3790,3769,352.01451247165534,350.06403628117914
3791,3770,352.10739229024944,350.15691609977324
3792,3771,352.20027210884354,350.24979591836734
3793,3772,352.29315192743763,350.34267573696144
3794,3773,352.38603174603173,350.43555555555554
3795,3774,352.47891156462583,350.52843537414964
3796,3774,352.57179138321993,350.52843537414964
3797,3775,352.66467120181403,350.62131519274374
3798,3776,352.7575510204082,350.7141950113379
3799,3777,352.8504308390023,350.807074829932
3800,3778,352.9433106575964,350.8999546485261
3800,3779,352.9433106575964,350.9928344671202
3800,3780,352.9433106575964,351.0857142857143
3800,3781,352.9433106575964,351.1785941043084
3800,3782,352.9433106575964,351.2714739229025
3800,3783,352.9433106575964,351.3643537414966
3800,3784,352.9433106575964,351.4572335600907
3800,3785,352.9433106575964,351.5501133786848
3800,3786,352.9433106575964,351.6429931972789
3800,3787,352.9433106575964,351.73587301587304
3801,3788,353.0361904761905,351.82875283446714
3801,3789,353.0361904761905,351.92163265306124
3801,3790,353.0361904761905,352.01451247165534
3801,3791,353.0361904761905,352.10739229024944
3801,3792,353.0361904761905,352.20027210884354
3801,3793,353.0361904761905,352.29315192743763
3801,3794,353.0361904761905,352.38603174603173
3801,3795,353.0361904761905,352.47891156462583
3801,3796,353.0361904761905,352.57179138321993
3801,3797,353.0361904761905,352.66467120181403
3801,3798,353.0361904761905,352.7575510204082
3801,3799,353.0361904761905,352.8504308390023
3801,3800,353.0361904761905,352.9433106575964
3801,3801,353.0361904761905,353.0361904761905
3802,3802,353.1290702947846,353.1290702947846
3803,3803,353.2219501133787,353.2219501133787
3804,3804,353.3148299319728,353.3148299319728
3805,3805,353.4077097505669,353.4077097505669
3806,3806,353.500589569161,353.500589569161
3807,3807,353.5934693877551,353.5934693877551
3808,3808,353.68634920634923,353.68634920634923
3809,3809,353.77922902494333,353.77922902494333
3810,3810,353.87210884353743,353.87210884353743
3811,3811,353.96498866213153,353.96498866213153
3812,3812,354.05786848072563,354.05786848072563
3813,3813,354.15074829931973,354.15074829931973
3814,3814,354.24362811791383,354.24362811791383
3815,3815,354.3365079365079,354.3365079365079
3816,3816,354.429387755102,354.429387755102
3817,3817,354.5222675736961,354.5222675736961
3818,3818,354.6151473922902,354.6151473922902
3819,3819,354.7080272108844,354.7080272108844
3820,3820,354.8009070294785,354.8009070294785
3821,3821,354.8937868480726,354.8937868480726
3822,3822,354.9866666666667,354.9866666666667
3823,3823,355.0795464852608,355.0795464852608
3824,3824,355.1724263038549,355.1724263038549
3825,3825,355.265306122449,355.265306122449
3826,3826,355.3581859410431,355.3581859410431
3827,3827,355.4510657596372,355.4510657596372
3828,3828,355.5439455782313,355.5439455782313
3829,3829,355.6368253968254,355.6368253968254
3830,3830,355.72970521541953,355.72970521541953
3831,3831,355.8225850340136,355.8225850340136
3832,3832,355.9154648526077,355.9154648526077
3833,3833,356.0083446712018,356.0083446712018
3834,3834,356.1012244897959,356.1012244897959
3835,3835,356.19410430839,356.19410430839
3836,3836,356.2869841269841,356.2869841269841
3837,3837,356.3798639455782,356.3798639455782
3838,3838,356.4727437641723,356.4727437641723
3839,3839,356.5656235827664,356.5656235827664
3840,3840,356.6585034013605,356.6585034013605
3841,3841,356.7513832199547,356.7513832199547
3842,3842,356.8442630385488,356.8442630385488
3843,3843,356.9371428571429,356.9371428571429
3844,3844,357.030022675737,357.030022675737
3845,3845,357.1229024943311,357.1229024943311
3846,3846,357.21578231292517,357.21578231292517
3847,3847,357.30866213151927,357.30866213151927
3848,3848,357.40154195011337,357.40154195011337
3849,3849,357.49442176870747,357.49442176870747
3850,3850,357.58730158730157,357.58730158730157
3851,3851,357.68018140589567,357.68018140589567
3852,3852,357.7730612244898,357.7730612244898
3853,3853,357.8659410430839,357.8659410430839
3854,3854,357.958820861678,357.958820861678
3855,3855,358.0517006802721,358.0517006802721
3856,3856,358.1445804988662,358.1445804988662
3857,3857,358.2374603174603,358.2374603174603
3858,3858,358.3303401360544,358.3303401360544
3859,3859,358.4232199546485,358.4232199546485
3860,3860,358.5160997732426,358.5160997732426
3861,3861,358.6089795918367,358.6089795918367
3862,3862,358.7018594104308,358.7018594104308
3863,3863,358.79473922902497,358.79473922902497
3864,3864,358.88761904761907,358.88761904761907
3865,3865,358.98049886621317,358.98049886621317
3866,3866,359.07337868480727,359.07337868480727
3867,3867,359.16625850340137,359.16625850340137
3868,3868,359.25913832199547,359.25913832199547
3869,3869,359.35201814058956,359.35201814058956
3870,3870,359.44489795918366,359.44489795918366
3871,3871,359.53777777777776,359.53777777777776
3872,3872,359.63065759637186,359.63065759637186
3873,3873,359.72353741496596,359.72353741496596
3874,3874,359.8164172335601,359.8164172335601
3874,3875,359.8164172335601,359.9092970521542
3874,3876,359.8164172335601,360.0021768707483
3875,3877,359.9092970521542,360.0950566893424
3876,3878,360.0021768707483,360.1879365079365
3876,3879,360.0021768707483,360.2808163265306
3877,3880,360.0950566893424,360.3736961451247
3878,3881,360.1879365079365,360.4665759637188
3879,3882,360.2808163265306,360.5594557823129
3880,3882,360.3736961451247,360.5594557823129
3881,3882,360.4665759637188,360.5594557823129
3882,3882,360.5594557823129,360.5594557823129
3883,3882,360.652335600907,360.5594557823129
3884,3882,360.7452154195011,360.5594557823129
3885,3882,360.83809523809526,360.5594557823129
3886,3882,360.93097505668936,360.5594557823129
3887,3883,361.02385487528346,360.652335600907
3888,3884,361.11673469387756,360.7452154195011
3888,3885,361.11673469387756,360.83809523809526
3888,3886,361.11673469387756,360.93097505668936
3888,3887,361.11673469387756,361.02385487528346
3888,3888,361.11673469387756,361.11673469387756
3889,3889,361.20961451247166,361.20961451247166
3890,3890,361.30249433106576,361.30249433106576
3891,3891,361.39537414965986,361.39537414965986
3892,3892,361.48825396825396,361.48825396825396
3893,3893,361.58113378684806,361.58113378684806
3894,3894,361.67401360544216,361.67401360544216
3895,3895,361.76689342403625,361.76689342403625
3896,3896,361.8597732426304,361.8597732426304
3897,3897,361.9526530612245,361.9526530612245
3898,3898,362.0455328798186,362.0455328798186
3899,3899,362.1384126984127,362.1384126984127
3900,3900,362.2312925170068,362.2312925170068
3901,3901,362.3241723356009,362.3241723356009
3902,3902,362.417052154195,362.417052154195
3903,3903,362.5099319727891,362.5099319727891
3903,3904,362.5099319727891,362.6028117913832
3904,3905,362.6028117913832,362.6956916099773
3905,3906,362.6956916099773,362.7885714285714
3906,3906,362.7885714285714,362.7885714285714
3907,3906,362.88145124716556,362.7885714285714
3908,3907,362.97433106575966,362.88145124716556
3909,3908,363.06721088435376,362.97433106575966
3910,3909,363.16009070294785,363.06721088435376
3911,3910,363.25297052154195,363.16009070294785
3912,3911,363.34585034013605,363.25297052154195
3912,3912,363.34585034013605,363.34585034013605
3913,3913,363.43873015873015,363.43873015873015
3914,3914,363.53160997732425,363.53160997732425
3915,3915,363.62448979591835,363.62448979591835
3916,3916,363.71736961451245,363.71736961451245
3917,3917,363.81024943310655,363.81024943310655
3918,3918,363.9031292517007,363.9031292517007
3919,3919,363.9960090702948,363.9960090702948
3920,3920,364.0888888888889,364.0888888888889
3921,3921,364.181768707483,364.181768707483
3922,3922,364.2746485260771,364.2746485260771
3923,3923,364.3675283446712,364.3675283446712
3924,3924,364.4604081632653,364.4604081632653
3925,3925,364.5532879818594,364.5532879818594
3926,3925,364.6461678004535,364.5532879818594
3927,3926,364.7390476190476,364.6461678004535
3928,3926,364.8319274376417,364.6461678004535
3929,3926,364.92480725623585,364.6461678004535
3930,3927,365.01768707482995,364.7390476190476
3931,3928,365.11056689342405,364.8319274376417
3932,3929,365.20344671201815,364.92480725623585
3932,3930,365.20344671201815,365.01768707482995
3932,3931,365.20344671201815,365.11056689342405
3932,3932,365.20344671201815,365.20344671201815
3933,3933,365.29632653061225,365.29632653061225
3934,3934,365.38920634920635,365.38920634920635
3935,3935,365.48208616780045,365.48208616780045
3936,3936,365.57496598639455,365.57496598639455
3937,3937,365.66784580498864,365.66784580498864
3938,3938,365.76072562358274,365.76072562358274
3939,3939,365.85360544217684,365.85360544217684
3940,3940,365.946485260771,365.946485260771
3941,3941,366.0393650793651,366.0393650793651
3942,3942,366.1322448979592,366.1322448979592
3943,3943,366.2251247165533,366.2251247165533
3944,3944,366.3180045351474,366.3180045351474
3945,3945,366.4108843537415,366.4108843537415
3946,3946,366.5037641723356,366.5037641723356
3947,3947,366.5966439909297,366.5966439909297
3948,3948,366.6895238095238,366.6895238095238
3949,3949,366.7824036281179,366.7824036281179
3950,3950,366.87528344671205,366.87528344671205
3951,3951,366.96816326530615,366.96816326530615
3952,3952,367.06104308390024,367.06104308390024
3953,3953,367.15392290249434,367.15392290249434
3954,3954,367.24680272108844,367.24680272108844
3955,3955,367.33968253968254,367.33968253968254
3956,3956,367.43256235827664,367.43256235827664
3957,3957,367.52544217687074,367.52544217687074
3958,3958,367.61832199546484,367.61832199546484
3959,3959,367.71120181405894,367.71120181405894
3960,3960,367.80408163265304,367.80408163265304
3961,3961,367.8969614512472,367.8969614512472
3962,3962,367.9898412698413,367.9898412698413
3963,3963,368.0827210884354,368.0827210884354
3964,3964,368.1756009070295,368.1756009070295
3965,3965,368.2684807256236,368.2684807256236
3966,3966,368.3613605442177,368.3613605442177
3967,3967,368.4542403628118,368.4542403628118
3968,3968,368.5471201814059,368.5471201814059
3969,3969,368.64,368.64
3970,3970,368.7328798185941,368.7328798185941
3971,3971,368.8257596371882,368.8257596371882
3972,3972,368.91863945578234,368.91863945578234
3973,3973,369.01151927437644,369.01151927437644
3974,3974,369.10439909297054,369.10439909297054
3975,3975,369.19727891156464,369.19727891156464
3976,3976,369.29015873015874,369.29015873015874
3976,3977,369.29015873015874,369.38303854875284
3976,3978,369.29015873015874,369.47591836734694
3977,3979,369.38303854875284,369.56879818594103
3978,3979,369.47591836734694,369.56879818594103
3979,3979,369.56879818594103,369.56879818594103
3980,3980,369.66167800453513,369.66167800453513
3981,3981,369.75455782312923,369.75455782312923
3982,3982,369.84743764172333,369.84743764172333
3983,3983,369.9403174603175,369.9403174603175
3984,3984,370.0331972789116,370.0331972789116
3985,3985,370.1260770975057,370.1260770975057
3986,3986,370.2189569160998,370.2189569160998
3987,3987,370.3118367346939,370.3118367346939
3988,3988,370.404716553288,370.404716553288
3989,3989,370.4975963718821,370.4975963718821
3990,3990,370.5904761904762,370.5904761904762
3991,3991,370.6833560090703,370.6833560090703
3992,3992,370.7762358276644,370.7762358276644
3993,3993,370.8691156462585,370.8691156462585
3994,3994,370.96199546485263,370.96199546485263
3995,3995,371.05487528344673,371.05487528344673
3996,3996,371.14775510204083,371.14775510204083
3997,3997,371.24063492063493,371.24063492063493
3998,3998,371.33351473922903,371.33351473922903
3999,3999,371.42639455782313,371.42639455782313
4000,4000,371.51927437641723,371.51927437641723
4001,4001,371.6121541950113,371.6121541950113
4002,4002,371.7050340136054,371.7050340136054
4003,4003,371.7979138321995,371.7979138321995
4004,4004,371.8907936507936,371.8907936507936
4005,4005,371.9836734693878,371.9836734693878
4006,4006,372.0765532879819,372.0765532879819
4007,4007,372.169433106576,372.169433106576
4008,4008,372.2623129251701,372.2623129251701
4009,4009,372.3551927437642,372.3551927437642
4010,4010,372.4480725623583,372.4480725623583
4011,4011,372.5409523809524,372.5409523809524
4012,4012,372.6338321995465,372.6338321995465
4013,4013,372.7267120181406,372.7267120181406
4014,4014,372.8195918367347,372.8195918367347
4015,4015,372.9124716553288,372.9124716553288
4016,4016,373.00535147392293,373.00535147392293
4017,4017,373.098231292517,373.098231292517
4018,4018,373.1911111111111,373.1911111111111
4019,4019,373.2839909297052,373.2839909297052
4020,4020,373.3768707482993,373.3768707482993
4021,4021,373.4697505668934,373.4697505668934
4022,4022,373.5626303854875,373.5626303854875
4023,4023,373.6555102040816,373.6555102040816
4024,4024,373.7483900226757,373.7483900226757
4025,4025,373.8412698412698,373.8412698412698
4026,4026,373.9341496598639,373.9341496598639
4027,4027,374.0270294784581,374.0270294784581
4028,4028,374.1199092970522,374.1199092970522
4029,4029,374.2127891156463,374.2127891156463
4030,4030,374.3056689342404,374.3056689342404
4031,4031,374.3985487528345,374.3985487528345
4032,4032,374.49142857142857,374.49142857142857
4033,4033,374.58430839002267,374.58430839002267
4034,4034,374.67718820861677,374.67718820861677
4035,4035,374.77006802721087,374.77006802721087
4036,4036,374.86294784580497,374.86294784580497
4037,4037,374.95582766439907,374.95582766439907
4038,4038,375.0487074829932,375.0487074829932
4039,4039,375.1415873015873,375.1415873015873
4040,4040,375.2344671201814,375.2344671201814
4041,4041,375.3273469387755,375.3273469387755
4042,4042,375.4202267573696,375.4202267573696
4043,4043,375.5131065759637,375.5131065759637
4044,4044,375.6059863945578,375.6059863945578
4045,4045,375.6988662131519,375.6988662131519
4046,4046,375.791746031746,375.791746031746
4047,4047,375.8846258503401,375.8846258503401
4048,4048,375.9775056689342,375.9775056689342
4049,4049,376.07038548752837,376.07038548752837
4050,4050,376.16326530612247,376.16326530612247
4051,4051,376.25614512471657,376.25614512471657
4052,4052,376.34902494331067,376.34902494331067
4053,4053,376.44190476190477,376.44190476190477
4054,4054,376.53478458049887,376.53478458049887
4055,4055,376.62766439909296,376.62766439909296
4056,4056,376.72054421768706,376.72054421768706
4057,4057,376.81342403628116,376.81342403628116
4058,4058,376.90630385487526,376.90630385487526
4059,4059,376.99918367346936,376.99918367346936
4060,4060,377.0920634920635,377.0920634920635
4061,4061,377.1849433106576,377.1849433106576
4062,4062,377.2778231292517,377.2778231292517
4063,4063,377.3707029478458,377.3707029478458
4064,4064,377.4635827664399,377.4635827664399
4065,4065,377.556462585034,377.556462585034
4066,4066,377.6493424036281,377.6493424036281
4067,4067,377.7422222222222,377.7422222222222
4068,4068,377.8351020408163,377.8351020408163
4069,4069,377.9279818594104,377.9279818594104
4070,4070,378.0208616780045,378.0208616780045
4071,4071,378.11374149659866,378.11374149659866
4072,4072,378.20662131519276,378.20662131519276
4073,4073,378.29950113378686,378.29950113378686
4074,4074,378.39238095238096,378.39238095238096
4075,4075,378.48526077097506,378.48526077097506
4076,4076,378.57814058956916,378.57814058956916
4077,4077,378.67102040816326,378.67102040816326
4078,4078,378.76390022675736,378.76390022675736
4079,4079,378.85678004535146,378.85678004535146
4080,4080,378.94965986394556,378.94965986394556
4081,4081,379.04253968253965,379.04253968253965
4082,4082,379.1354195011338,379.1354195011338
4083,4083,379.2282993197279,379.2282993197279
4084,4084,379.321179138322,379.321179138322
4085,4085,379.4140589569161,379.4140589569161
4086,4086,379.5069387755102,379.5069387755102
4087,4087,379.5998185941043,379.5998185941043
4088,4088,379.6926984126984,379.6926984126984
4089,4089,379.7855782312925,379.7855782312925
4090,4090,379.8784580498866,379.8784580498866
4091,4091,379.9713378684807,379.9713378684807
4092,4092,380.0642176870748,380.0642176870748
4093,4093,380.15709750566896,380.15709750566896
4094,4094,380.24997732426306,380.24997732426306
4095,4095,380.34285714285716,380.34285714285716
4096,4096,380.43573696145125,380.43573696145125
4097,4097,380.52861678004535,380.52861678004535
4098,4098,380.62149659863945,380.62149659863945
4099,4099,380.71437641723355,380.71437641723355
4100,4100,380.80725623582765,380.80725623582765
4101,4101,380.90013605442175,380.90013605442175
4102,4102,380.99301587301585,380.99301587301585
4103,4103,381.08589569161,381.08589569161
4104,4104,381.1787755102041,381.1787755102041
4105,4105,381.2716553287982,381.2716553287982
4106,4106,381.3645351473923,381.3645351473923
4107,4107,381.4574149659864,381.4574149659864
4108,4108,381.5502947845805,381.5502947845805
4109,4109,381.6431746031746,381.6431746031746
4110,4110,381.7360544217687,381.7360544217687
4111,4111,381.8289342403628,381.8289342403628
4112,4112,381.9218140589569,381.9218140589569
4113,4113,382.014693877551,382.014693877551
4114,4114,382.10757369614515,382.10757369614515
4115,4115,382.20045351473925,382.20045351473925
4116,4116,382.29333333333335,382.29333333333335
4117,4117,382.38621315192745,382.38621315192745
4118,4118,382.47909297052155,382.47909297052155
4119,4119,382.57197278911565,382.57197278911565
4120,4120,382.66485260770975,382.66485260770975
4121,4121,382.75773242630385,382.75773242630385
4122,4122,382.85061224489795,382.85061224489795
4123,4123,382.94349206349204,382.94349206349204
4124,4124,383.03637188208614,383.03637188208614
4125,4125,383.1292517006803,383.1292517006803
4126,4126,383.2221315192744,383.2221315192744
4127,4127,383.3150113378685,383.3150113378685
4128,4128,383.4078911564626,383.4078911564626
4129,4129,383.5007709750567,383.5007709750567
4130,4130,383.5936507936508,383.5936507936508
4131,4131,383.6865306122449,383.6865306122449
4132,4132,383.779410430839,383.779410430839
4133,4133,383.8722902494331,383.8722902494331
4134,4134,383.9651700680272,383.9651700680272
4135,4135,384.0580498866213,384.0580498866213
4136,4136,384.15092970521545,384.15092970521545
4137,4137,384.24380952380955,384.24380952380955
4138,4138,384.33668934240364,384.33668934240364
4139,4139,384.42956916099774,384.42956916099774
4140,4140,384.52244897959184,384.52244897959184
4141,4141,384.61532879818594,384.61532879818594
4142,4142,384.70820861678004,384.70820861678004
4143,4143,384.80108843537414,384.80108843537414
4143,4144,384.80108843537414,384.89396825396824
4143,4145,384.80108843537414,384.98684807256234
4144,4146,384.89396825396824,385.07972789115644
4145,4147,384.98684807256234,385.1726077097506
4146,4147,385.07972789115644,385.1726077097506
4147,4147,385.1726077097506,385.1726077097506
4148,4147,385.2654875283447,385.1726077097506
4149,4148,385.3583673469388,385.2654875283447
4150,4149,385.4512471655329,385.3583673469388
4150,4150,385.4512471655329,385.4512471655329
4151,4151,385.544126984127,385.544126984127
4152,4152,385.6370068027211,385.6370068027211
4153,4153,385.7298866213152,385.7298866213152
4154,4154,385.8227664399093,385.8227664399093
4154,4155,385.8227664399093,385.9156462585034
4155,4156,385.9156462585034,386.0085260770975
4156,4157,386.0085260770975,386.1014058956916
4157,4157,386.1014058956916,386.1014058956916
4158,4157,386.19428571428574,386.1014058956916
4159,4157,386.28716553287984,386.1014058956916
4160,4158,386.38004535147394,386.19428571428574
4161,4159,386.47292517006804,386.28716553287984
4161,4160,386.47292517006804,386.38004535147394
4161,4161,386.47292517006804,386.47292517006804
4162,4162,386.56580498866214,386.56580498866214
4163,4163,386.65868480725624,386.65868480725624
4164,4164,386.75156462585034,386.75156462585034
4165,4165,386.84444444444443,386.84444444444443
4166,4166,386.93732426303853,386.93732426303853
4167,4167,387.03020408163263,387.03020408163263
4168,4168,387.12308390022673,387.12308390022673
4169,4169,387.2159637188209,387.2159637188209
4170,4170,387.308843537415,387.308843537415
4171,4171,387.4017233560091,387.4017233560091
4172,4172,387.4946031746032,387.4946031746032
4173,4173,387.5874829931973,387.5874829931973
4174,4174,387.6803628117914,387.6803628117914
4175,4175,387.7732426303855,387.7732426303855
4176,4176,387.8661224489796,387.8661224489796
4177,4177,387.9590022675737,387.9590022675737
4178,4178,388.0518820861678,388.0518820861678
4179,4179,388.1447619047619,388.1447619047619
4180,4180,388.23764172335603,388.23764172335603
4181,4181,388.33052154195013,388.33052154195013
4182,4182,388.42340136054423,388.42340136054423
4182,4183,388.42340136054423,388.51628117913833
4183,4184,388.51628117913833,388.60916099773243
4184,4185,388.60916099773243,388.70204081632653
4185,4186,388.70204081632653,388.79492063492063
4186,4187,388.79492063492063,388.8878004535147
4187,4187,388.8878004535147,388.8878004535147
4188,4188,388.9806802721088,388.9806802721088
4189,4189,389.0735600907029,389.0735600907029
4190,4190,389.166439909297,389.166439909297
4191,4191,389.2593197278912,389.2593197278912
4192,4192,389.3521995464853,389.3521995464853
4193,4193,389.4450793650794,389.4450793650794
4194,4194,389.5379591836735,389.5379591836735
4195,4195,389.6308390022676,389.6308390022676
4196,4196,389.7237188208617,389.7237188208617
4197,4197,389.8165986394558,389.8165986394558
4198,4198,389.9094784580499,389.9094784580499
4199,4199,390.002358276644,390.002358276644
4200,4200,390.0952380952381,390.0952380952381
4201,4201,390.1881179138322,390.1881179138322
4202,4202,390.28099773242633,390.28099773242633
4203,4203,390.3738775510204,390.3738775510204
4204,4204,390.4667573696145,390.4667573696145
4205,4205,390.5596371882086,390.5596371882086
4206,4206,390.6525170068027,390.6525170068027
4207,4207,390.7453968253968,390.7453968253968
4208,4208,390.8382766439909,390.8382766439909
4209,4209,390.931156462585,390.931156462585
4210,4210,391.0240362811791,391.0240362811791
4211,4211,391.1169160997732,391.1169160997732
4212,4212,391.2097959183673,391.2097959183673
4213,4213,391.3026757369615,391.3026757369615
4214,4214,391.3955555555556,391.3955555555556
4215,4215,391.4884353741497,391.4884353741497
4216,4216,391.5813151927438,391.5813151927438
4217,4217,391.6741950113379,391.6741950113379
4218,4218,391.76707482993197,391.76707482993197
4219,4219,391.85995464852607,391.85995464852607
4220,4220,391.95283446712017,391.95283446712017
4221,4221,392.04571428571427,392.04571428571427
4222,4222,392.13859410430837,392.13859410430837
4223,4223,392.23147392290247,392.23147392290247
4224,4224,392.3243537414966,392.3243537414966
4225,4225,392.4172335600907,392.4172335600907
4226,4226,392.5101133786848,392.5101133786848
4227,4227,392.6029931972789,392.6029931972789
4228,4228,392.695873015873,392.695873015873
4229,4229,392.7887528344671,392.7887528344671
4230,4230,392.8816326530612,392.8816326530612
4231,4231,392.9745124716553,392.9745124716553
4232,4232,393.0673922902494,393.0673922902494
4233,4233,393.1602721088435,393.1602721088435
4234,4234,393.2531519274376,393.2531519274376
4235,4235,393.34603174603177,393.34603174603177
4236,4236,393.43891156462587,393.43891156462587
4237,4237,393.53179138321997,393.53179138321997
4238,4238,393.62467120181407,393.62467120181407
4239,4239,393.71755102040817,393.71755102040817
4240,4240,393.81043083900227,393.81043083900227
4241,4241,393.90331065759636,393.90331065759636
4241,4242,393.90331065759636,393.99619047619046
4241,4243,393.90331065759636,394.08907029478456
4242,4244,393.99619047619046,394.18195011337866
4243,4244,394.08907029478456,394.18195011337866
4244,4244,394.18195011337866,394.18195011337866
4245,4244,394.27482993197276,394.18195011337866
4246,4244,394.3677097505669,394.18195011337866
4247,4245,394.460589569161,394.27482993197276
4248,4246,394.5534693877551,394.3677097505669
4248,4247,394.5534693877551,394.460589569161
4248,4248,394.5534693877551,394.5534693877551
4249,4249,394.6463492063492,394.6463492063492
4250,4250,394.7392290249433,394.7392290249433
4251,4251,394.8321088435374,394.8321088435374
4252,4252,394.9249886621315,394.9249886621315
4253,4253,395.0178684807256,395.0178684807256
4254,4254,395.1107482993197,395.1107482993197
4254,4255,395.1107482993197,395.2036281179138
4255,4256,395.2036281179138,395.29650793650796
4256,4257,395.29650793650796,395.38938775510206
4257,4257,395.38938775510206,395.38938775510206
4258,4257,395.48226757369616,395.38938775510206
4259,4258,395.57514739229026,395.48226757369616
4260,4259,395.66802721088436,395.57514739229026
4260,4260,395.66802721088436,395.66802721088436
4261,4261,395.76090702947846,395.76090702947846
4262,4262,395.85378684807256,395.85378684807256
4263,4263,395.94666666666666,395.94666666666666
4264,4264,396.03954648526076,396.03954648526076
4265,4265,396.13242630385486,396.13242630385486
4266,4266,396.22530612244896,396.22530612244896
4267,4267,396.3181859410431,396.3181859410431
4268,4268,396.4110657596372,396.4110657596372
4269,4269,396.5039455782313,396.5039455782313
4269,4270,396.5039455782313,396.5968253968254
4270,4271,396.5968253968254,396.6897052154195
4271,4271,396.6897052154195,396.6897052154195
4272,4272,396.7825850340136,396.7825850340136
4273,4273,396.8754648526077,396.8754648526077
4274,4274,396.9683446712018,396.9683446712018
4275,4275,397.0612244897959,397.0612244897959
4276,4276,397.15410430839,397.15410430839
4277,4277,397.2469841269841,397.2469841269841
4278,4278,397.33986394557826,397.33986394557826
4278,4279,397.33986394557826,397.43274376417236
4279,4280,397.43274376417236,397.52562358276646
4280,4281,397.52562358276646,397.61850340136056
4281,4282,397.61850340136056,397.71138321995466
4282,4282,397.71138321995466,397.71138321995466
4283,4282,397.80426303854875,397.71138321995466
4284,4282,397.89714285714285,397.71138321995466
4285,4283,397.99002267573695,397.80426303854875
4286,4284,398.08290249433105,397.89714285714285
4287,4285,398.17578231292515,397.99002267573695
4288,4286,398.26866213151925,398.08290249433105
4289,4287,398.3615419501134,398.17578231292515
4290,4288,398.4544217687075,398.26866213151925
4291,4289,398.5473015873016,398.3615419501134
4291,4290,398.5473015873016,398.4544217687075
4292,4291,398.6401814058957,398.5473015873016
4293,4292,398.7330612244898,398.6401814058957
4294,4293,398.8259410430839,398.7330612244898
4294,4294,398.8259410430839,398.8259410430839
4295,4295,398.918820861678,398.918820861678
4296,4296,399.0117006802721,399.0117006802721
4297,4297,399.1045804988662,399.1045804988662
4298,4298,399.1974603174603,399.1974603174603
4299,4299,399.2903401360544,399.2903401360544
4300,4300,399.38321995464855,399.38321995464855
4301,4301,399.47609977324265,399.47609977324265
4302,4302,399.56897959183675,399.56897959183675
4303,4303,399.66185941043085,399.66185941043085
4304,4304,399.75473922902495,399.75473922902495
4305,4305,399.84761904761905,399.84761904761905
4306,4306,399.94049886621315,399.94049886621315
4307,4307,400.03337868480725,400.03337868480725
4308,4308,400.12625850340135,400.12625850340135
4309,4309,400.21913832199544,400.21913832199544
4310,4310,400.31201814058954,400.31201814058954
4311,4311,400.4048979591837,400.4048979591837
4312,4312,400.4977777777778,400.4977777777778
4313,4313,400.5906575963719,400.5906575963719
4314,4314,400.683537414966,400.683537414966
4315,4315,400.7764172335601,400.7764172335601
4316,4316,400.8692970521542,400.8692970521542
4317,4317,400.9621768707483,400.9621768707483
4318,4318,401.0550566893424,401.0550566893424
4319,4319,401.1479365079365,401.1479365079365
4320,4320,401.2408163265306,401.2408163265306
4321,4321,401.3336961451247,401.3336961451247
4322,4322,401.42657596371885,401.42657596371885
4323,4323,401.51945578231295,401.51945578231295
4324,4324,401.61233560090704,401.61233560090704
4325,4325,401.70521541950114,401.70521541950114
4326,4326,401.79809523809524,401.79809523809524
4327,4327,401.89097505668934,401.89097505668934
4328,4328,401.98385487528344,401.98385487528344
4329,4329,402.07673469387754,402.07673469387754
4330,4330,402.16961451247164,402.16961451247164
4331,4331,402.26249433106574,402.26249433106574
4332,4332,402.35537414965984,402.35537414965984
4333,4333,402.448253968254,402.448253968254
4334,4334,402.5411337868481,402.5411337868481
4335,4335,402.6340136054422,402.6340136054422
4336,4336,402.7268934240363,402.7268934240363
4337,4337,402.8197732426304,402.8197732426304
4338,4338,402.9126530612245,402.9126530612245
4339,4339,403.0055328798186,403.0055328798186
4340,4340,403.0984126984127,403.0984126984127
4341,4341,403.1912925170068,403.1912925170068
4342,4342,403.2841723356009,403.2841723356009
4343,4343,403.377052154195,403.377052154195
4344,4344,403.46993197278914,403.46993197278914
4345,4345,403.56281179138324,403.56281179138324
4346,4346,403.65569160997734,403.65569160997734
4347,4347,403.74857142857144,403.74857142857144
4348,4348,403.84145124716554,403.84145124716554
4349,4349,403.93433106575964,403.93433106575964
4350,4350,404.02721088435374,404.02721088435374
4351,4351,404.12009070294783,404.12009070294783
4352,4352,404.21297052154193,404.21297052154193
4353,4353,404.30585034013603,404.30585034013603
4354,4354,404.39873015873013,404.39873015873013
4355,4355,404.4916099773243,404.4916099773243
4356,4356,404.5844897959184,404.5844897959184
4357,4357,404.6773696145125,404.6773696145125
4358,4358,404.7702494331066,404.7702494331066
4359,4359,404.8631292517007,404.8631292517007
4360,4360,404.9560090702948,404.9560090702948
4361,4360,405.0488888888889,404.9560090702948
4362,4360,405.141768707483,404.9560090702948
4363,4360,405.2346485260771,404.9560090702948
4364,4360,405.3275283446712,404.9560090702948
4365,4361,405.4204081632653,405.0488888888889
4366,4362,405.51328798185943,405.141768707483
4366,4363,405.51328798185943,405.2346485260771
4366,4364,405.51328798185943,405.3275283446712
4366,4365,405.51328798185943,405.4204081632653
4366,4366,405.51328798185943,405.51328798185943
4367,4367,405.60616780045353,405.60616780045353
4368,4368,405.69904761904763,405.69904761904763
4369,4369,405.79192743764173,405.79192743764173
4370,4370,405.88480725623583,405.88480725623583
4371,4371,405.97768707482993,405.97768707482993
4372,4372,406.07056689342403,406.07056689342403
4373,4373,406.16344671201813,406.16344671201813
4374,4374,406.2563265306122,406.2563265306122
4375,4375,406.3492063492063,406.3492063492063
4376,4376,406.4420861678004,406.4420861678004
4377,4377,406.5349659863946,406.5349659863946
4378,4378,406.6278458049887,406.6278458049887
4379,4379,406.7207256235828,406.7207256235828
4380,4380,406.8136054421769,406.8136054421769
4381,4381,406.906485260771,406.906485260771
4382,4382,406.9993650793651,406.9993650793651
4383,4383,407.0922448979592,407.0922448979592
4384,4384,407.1851247165533,407.1851247165533
4385,4385,407.2780045351474,407.2780045351474
4386,4386,407.3708843537415,407.3708843537415
4387,4387,407.4637641723356,407.4637641723356
4388,4388,407.55664399092973,407.55664399092973
4389,4389,407.6495238095238,407.6495238095238
4390,4390,407.7424036281179,407.7424036281179
4391,4391,407.835283446712,407.835283446712
4392,4392,407.9281632653061,407.9281632653061
4393,4393,408.0210430839002,408.0210430839002
4394,4394,408.1139229024943,408.1139229024943
4395,4395,408.2068027210884,408.2068027210884
4396,4396,408.2996825396825,408.2996825396825
4397,4397,408.3925623582766,408.3925623582766
4398,4398,408.4854421768708,408.4854421768708
4399,4399,408.5783219954649,408.5783219954649
4400,4400,408.671201814059,408.671201814059
4401,4401,408.7640816326531,408.7640816326531
4402,4402,408.8569614512472,408.8569614512472
4403,4403,408.9498412698413,408.9498412698413
4404,4404,409.04272108843537,409.04272108843537
4405,4405,409.13560090702947,409.13560090702947
4406,4406,409.22848072562357,409.22848072562357
4407,4407,409.32136054421767,409.32136054421767
4408,4408,409.41424036281177,409.41424036281177
4409,4409,409.5071201814059,409.5071201814059
4410,4410,409.6,409.6
4411,4411,409.6928798185941,409.6928798185941
4412,4412,409.7857596371882,409.7857596371882
4413,4413,409.8786394557823,409.8786394557823
4414,4414,409.9715192743764,409.9715192743764
4415,4415,410.0643990929705,410.0643990929705
4416,4416,410.1572789115646,410.1572789115646
4417,4417,410.2501587301587,410.2501587301587
4418,4418,410.3430385487528,410.3430385487528
4419,4419,410.4359183673469,410.4359183673469
4420,4420,410.52879818594107,410.52879818594107
4421,4421,410.62167800453517,410.62167800453517
4422,4422,410.71455782312927,410.71455782312927
4423,4423,410.80743764172337,410.80743764172337
4424,4424,410.90031746031747,410.90031746031747
4425,4425,410.99319727891157,410.99319727891157
4426,4426,411.08607709750567,411.08607709750567
4427,4427,411.17895691609976,411.17895691609976
4428,4428,411.27183673469386,411.27183673469386
4429,4429,411.36471655328796,411.36471655328796
4430,4430,411.45759637188206,411.45759637188206
4431,4431,411.5504761904762,411.5504761904762
4432,4432,411.6433560090703,411.6433560090703
4433,4433,411.7362358276644,411.7362358276644
4434,4434,411.8291156462585,411.8291156462585
4435,4435,411.9219954648526,411.9219954648526
4436,4436,412.0148752834467,412.0148752834467
4437,4437,412.1077551020408,412.1077551020408
4438,4438,412.2006349206349,412.2006349206349
4439,4439,412.293514739229,412.293514739229
4440,4440,412.3863945578231,412.3863945578231
4441,4441,412.4792743764172,412.4792743764172
4442,4442,412.57215419501136,412.57215419501136
4443,4443,412.66503401360546,412.66503401360546
4444,4444,412.75791383219956,412.75791383219956
4445,4445,412.85079365079366,412.85079365079366
4446,4446,412.94367346938776,412.94367346938776
4447,4447,413.03655328798186,413.03655328798186
4448,4448,413.12943310657596,413.12943310657596
4449,4449,413.22231292517006,413.22231292517006
4450,4450,413.31519274376416,413.31519274376416
4451,4451,413.40807256235826,413.40807256235826
4452,4452,413.50095238095236,413.50095238095236
4453,4453,413.5938321995465,413.5938321995465
4454,4454,413.6867120181406,413.6867120181406
4455,4455,413.7795918367347,413.7795918367347
4456,4456,413.8724716553288,413.8724716553288
4457,4457,413.9653514739229,413.9653514739229
4458,4458,414.058231292517,414.058231292517
4459,4459,414.1511111111111,414.1511111111111
4460,4460,414.2439909297052,414.2439909297052
4461,4461,414.3368707482993,414.3368707482993
4462,4462,414.4297505668934,414.4297505668934
4463,4463,414.5226303854875,414.5226303854875
4464,4464,414.61551020408166,414.61551020408166
4465,4465,414.70839002267576,414.70839002267576
4466,4466,414.80126984126986,414.80126984126986
4467,4467,414.89414965986396,414.89414965986396
4468,4468,414.98702947845806,414.98702947845806
4469,4469,415.07990929705215,415.07990929705215
4470,4470,415.17278911564625,415.17278911564625
4471,4471,415.26566893424035,415.26566893424035
4472,4472,415.35854875283445,415.35854875283445
4473,4473,415.45142857142855,415.45142857142855
4474,4474,415.54430839002265,415.54430839002265
4475,4475,415.6371882086168,415.6371882086168
4476,4476,415.7300680272109,415.7300680272109
4477,4477,415.822947845805,415.822947845805
4478,4478,415.9158276643991,415.9158276643991
4479,4479,416.0087074829932,416.0087074829932
4480,4480,416.1015873015873,416.1015873015873
4481,4481,416.1944671201814,416.1944671201814
4482,4482,416.2873469387755,416.2873469387755
4483,4483,416.3802267573696,416.3802267573696
4484,4484,416.4731065759637,416.4731065759637
4485,4485,416.5659863945578,416.5659863945578
4486,4486,416.65886621315195,416.65886621315195
4487,4487,416.75174603174605,416.75174603174605
4488,4488,416.84462585034015,416.84462585034015
4489,4489,416.93750566893425,416.93750566893425
4490,4490,417.03038548752835,417.03038548752835
4491,4491,417.12326530612245,417.12326530612245
4492,4492,417.21614512471655,417.21614512471655
4493,4493,417.30902494331065,417.30902494331065
4494,4494,417.40190476190475,417.40190476190475
4495,4495,417.49478458049884,417.49478458049884
4496,4496,417.58766439909294,417.58766439909294
4497,4497,417.6805442176871,417.6805442176871
4498,4498,417.7734240362812,417.7734240362812
4499,4499,417.8663038548753,417.8663038548753
4500,4500,417.9591836734694,417.9591836734694
4501,4501,418.0520634920635,418.0520634920635
4502,4502,418.1449433106576,418.1449433106576
4503,4503,418.2378231292517,418.2378231292517
4504,4504,418.3307029478458,418.3307029478458
4505,4505,418.4235827664399,418.4235827664399
4506,4506,418.516462585034,418.516462585034
4507,4507,418.6093424036281,418.6093424036281
4508,4508,418.70222222222225,418.70222222222225
4509,4509,418.79510204081635,418.79510204081635
4510,4510,418.88798185941044,418.88798185941044
4511,4511,418.98086167800454,418.98086167800454
4512,4512,419.07374149659864,419.07374149659864
4513,4513,419.16662131519274,419.16662131519274
4514,4514,419.25950113378684,419.25950113378684
4515,4515,419.35238095238094,419.35238095238094
4516,4516,419.44526077097504,419.44526077097504
4517,4517,419.53814058956914,419.53814058956914
4518,4518,419.63102040816324,419.63102040816324
4519,4519,419.7239002267574,419.7239002267574
4520,4520,419.8167800453515,419.8167800453515
4521,4521,419.9096598639456,419.9096598639456
4522,4522,420.0025396825397,420.0025396825397
4523,4523,420.0954195011338,420.0954195011338
4524,4524,420.1882993197279,420.1882993197279
4525,4525,420.281179138322,420.281179138322
4526,4526,420.3740589569161,420.3740589569161
4527,4527,420.4669387755102,420.4669387755102
4528,4528,420.5598185941043,420.5598185941043
4528,4529,420.5598185941043,420.6526984126984
4529,4530,420.6526984126984,420.74557823129254
4530,4531,420.74557823129254,420.83845804988664
4531,4531,420.83845804988664,420.83845804988664
4532,4532,420.93133786848074,420.93133786848074
4533,4533,421.02421768707484,421.02421768707484
4534,4534,421.11709750566894,421.11709750566894
4535,4535,421.20997732426304,421.20997732426304
4536,4536,421.30285714285714,421.30285714285714
4537,4537,421.39573696145123,421.39573696145123
4538,4538,421.48861678004533,421.48861678004533
4539,4539,421.58149659863943,421.58149659863943
4540,4540,421.67437641723353,421.67437641723353
4541,4541,421.7672562358277,421.7672562358277
4542,4542,421.8601360544218,421.8601360544218
4543,4543,421.9530158730159,421.9530158730159
4544,4544,422.04589569161,422.04589569161
4545,4545,422.1387755102041,422.1387755102041
4546,4546,422.2316553287982,422.2316553287982
4547,4547,422.3245351473923,422.3245351473923
4547,4548,422.3245351473923,422.4174149659864
4547,4549,422.3245351473923,422.5102947845805
4547,4550,422.3245351473923,422.6031746031746
4548,4551,422.4174149659864,422.69605442176874
4548,4552,422.4174149659864,422.78893424036283
4548,4553,422.4174149659864,422.88181405895693
4549,4554,422.5102947845805,422.97469387755103
4550,4555,422.6031746031746,423.06757369614513
4551,4556,422.69605442176874,423.16045351473923
4552,4556,422.78893424036283,423.16045351473923
4553,4556,422.88181405895693,423.16045351473923
4554,4556,422.97469387755103,423.16045351473923
4555,4556,423.06757369614513,423.16045351473923
4556,4556,423.16045351473923,423.16045351473923
4557,4556,423.25333333333333,423.16045351473923
4558,4556,423.34621315192743,423.16045351473923
4559,4556,423.43909297052153,423.16045351473923
4560,4557,423.5319727891156,423.25333333333333
4560,4558,423.5319727891156,423.34621315192743
4560,4559,423.5319727891156,423.43909297052153
4560,4560,423.5319727891156,423.5319727891156
4561,4561,423.6248526077097,423.6248526077097
4562,4562,423.7177324263039,423.7177324263039
4563,4563,423.810612244898,423.810612244898
4564,4564,423.9034920634921,423.9034920634921
4565,4565,423.9963718820862,423.9963718820862
4566,4566,424.0892517006803,424.0892517006803
4567,4567,424.1821315192744,424.1821315192744
4568,4568,424.2750113378685,424.2750113378685
4569,4569,424.3678911564626,424.3678911564626
4570,4570,424.4607709750567,424.4607709750567
4571,4571,424.5536507936508,424.5536507936508
4572,4572,424.6465306122449,424.6465306122449
4573,4573,424.73941043083903,424.73941043083903
4574,4574,424.83229024943313,424.83229024943313
4575,4575,424.9251700680272,424.9251700680272
4576,4576,425.0180498866213,425.0180498866213
4577,4577,425.1109297052154,425.1109297052154
4578,4578,425.2038095238095,425.2038095238095
4579,4579,425.2966893424036,425.2966893424036
4580,4580,425.3895691609977,425.3895691609977
4581,4581,425.4824489795918,425.4824489795918
4582,4582,425.5753287981859,425.5753287981859
4583,4583,425.66820861678,425.66820861678
4584,4584,425.7610884353742,425.7610884353742
4585,4585,425.8539682539683,425.8539682539683
4586,4586,425.9468480725624,425.9468480725624
4587,4587,426.0397278911565,426.0397278911565
4588,4588,426.1326077097506,426.1326077097506
4589,4589,426.2254875283447,426.2254875283447
4590,4590,426.31836734693877,426.31836734693877
4591,4591,426.41124716553287,426.41124716553287
4592,4592,426.50412698412697,426.50412698412697
4593,4593,426.59700680272107,426.59700680272107
4594,4594,426.68988662131517,426.68988662131517
4595,4595,426.7827664399093,426.7827664399093
4596,4596,426.8756462585034,426.8756462585034
4597,4597,426.9685260770975,426.9685260770975
4598,4598,427.0614058956916,427.0614058956916
4599,4599,427.1542857142857,427.1542857142857
4600,4600,427.2471655328798,427.2471655328798
4601,4601,427.3400453514739,427.3400453514739
4602,4602,427.432925170068,427.432925170068
4603,4603,427.5258049886621,427.5258049886621
4604,4604,427.6186848072562,427.6186848072562
4605,4605,427.7115646258503,427.7115646258503
4606,4606,427.80444444444447,427.80444444444447
4607,4607,427.89732426303857,427.89732426303857
4608,4608,427.99020408163267,427.99020408163267
4609,4609,428.08308390022677,428.08308390022677
4610,4610,428.17596371882087,428.17596371882087
4611,4611,428.26884353741497,428.26884353741497
4612,4612,428.36172335600907,428.36172335600907
4613,4613,428.45460317460316,428.45460317460316
4614,4614,428.54748299319726,428.54748299319726
4615,4615,428.64036281179136,428.64036281179136
4616,4616,428.73324263038546,428.73324263038546
4617,4617,428.8261224489796,428.8261224489796
4618,4618,428.9190022675737,428.9190022675737
4619,4619,429.0118820861678,429.0118820861678
4620,4620,429.1047619047619,429.1047619047619
4621,4621,429.197641723356,429.197641723356
4622,4622,429.2905215419501,429.2905215419501
4623,4623,429.3834013605442,429.3834013605442
4624,4624,429.4762811791383,429.4762811791383
4625,4625,429.5691609977324,429.5691609977324
4626,4626,429.6620408163265,429.6620408163265
4627,4627,429.7549206349206,429.7549206349206
4628,4628,429.84780045351476,429.84780045351476
4629,4629,429.94068027210886,429.94068027210886
4630,4630,430.03356009070296,430.03356009070296
4631,4631,430.12643990929706,430.12643990929706
4632,4632,430.21931972789116,430.21931972789116
4633,4633,430.31219954648526,430.31219954648526
4634,4634,430.40507936507936,430.40507936507936
4635,4635,430.49795918367346,430.49795918367346
4636,4636,430.59083900226756,430.59083900226756
4637,4637,430.68371882086166,430.68371882086166
4638,4638,430.77659863945576,430.77659863945576
4639,4639,430.8694784580499,430.8694784580499
4640,4640,430.962358276644,430.962358276644
4641,4641,431.0552380952381,431.0552380952381
4642,4642,431.1481179138322,431.1481179138322
4643,4643,431.2409977324263,431.2409977324263
4644,4644,431.3338775510204,431.3338775510204
4645,4645,431.4267573696145,431.4267573696145
4646,4646,431.5196371882086,431.5196371882086
4647,4647,431.6125170068027,431.6125170068027
4648,4648,431.7053968253968,431.7053968253968
4649,4649,431.7982766439909,431.7982766439909
4650,4650,431.89115646258506,431.89115646258506
4651,4651,431.98403628117916,431.98403628117916
4652,4652,432.07691609977326,432.07691609977326
4653,4653,432.16979591836736,432.16979591836736
4654,4654,432.26267573696146,432.26267573696146
4655,4655,432.35555555555555,432.35555555555555
4656,4656,432.44843537414965,432.44843537414965
4657,4656,432.54131519274375,432.44843537414965
4658,4656,432.63419501133785,432.44843537414965
4659,4657,432.72707482993195,432.54131519274375
4660,4658,432.81995464852605,432.63419501133785
4661,4659,432.9128344671202,432.72707482993195
4661,4660,432.9128344671202,432.81995464852605
4661,4661,432.9128344671202,432.9128344671202
4662,4662,433.0057142857143,433.0057142857143
4663,4663,433.0985941043084,433.0985941043084
4664,4664,433.1914739229025,433.1914739229025
4665,4665,433.2843537414966,433.2843537414966
4666,4666,433.3772335600907,433.3772335600907
4667,4667,433.4701133786848,433.4701133786848
4668,4668,433.5629931972789,433.5629931972789
4669,4669,433.655873015873,433.655873015873
4670,4670,433.7487528344671,433.7487528344671
4671,4670,433.8416326530612,433.7487528344671
4672,4671,433.93451247165535,433.8416326530612
4672,4672,433.93451247165535,433.93451247165535
4673,4673,434.02739229024945,434.02739229024945
4674,4674,434.12027210884355,434.12027210884355
4675,4675,434.21315192743765,434.21315192743765
4676,4676,434.30603174603175,434.30603174603175
4677,4677,434.39891156462585,434.39891156462585
4678,4678,434.49179138321995,434.49179138321995
4679,4679,434.58467120181405,434.58467120181405
4680,4680,434.67755102040815,434.67755102040815
4681,4681,434.77043083900224,434.77043083900224
4682,4682,434.86331065759634,434.86331065759634
4683,4683,434.9561904761905,434.9561904761905
4684,4684,435.0490702947846,435.0490702947846
4685,4685,435.1419501133787,435.1419501133787
4686,4686,435.2348299319728,435.2348299319728
4687,4687,435.3277097505669,435.3277097505669
4687,4688,435.3277097505669,435.420589569161
4688,4689,435.420589569161,435.5134693877551
4689,4689,435.5134693877551,435.5134693877551
4690,4690,435.6063492063492,435.6063492063492
4691,4691,435.6992290249433,435.6992290249433
4692,4692,435.7921088435374,435.7921088435374
4693,4693,435.8849886621315,435.8849886621315
4694,4694,435.97786848072565,435.97786848072565
4695,4695,436.07074829931975,436.07074829931975
4696,4696,436.16362811791385,436.16362811791385
4697,4697,436.25650793650794,436.25650793650794
4698,4698,436.34938775510204,436.34938775510204
4699,4699,436.44226757369614,436.44226757369614
4700,4700,436.53514739229024,436.53514739229024
4701,4701,436.62802721088434,436.62802721088434
4702,4702,436.72090702947844,436.72090702947844
4703,4703,436.81378684807254,436.81378684807254
4704,4704,436.9066666666667,436.9066666666667
4705,4705,436.9995464852608,436.9995464852608
4706,4706,437.0924263038549,437.0924263038549
4707,4707,437.185306122449,437.185306122449
4708,4708,437.2781859410431,437.2781859410431
4709,4709,437.3710657596372,437.3710657596372
4710,4710,437.4639455782313,437.4639455782313
4711,4711,437.5568253968254,437.5568253968254
4712,4712,437.6497052154195,437.6497052154195
4713,4713,437.7425850340136,437.7425850340136
4714,4714,437.8354648526077,437.8354648526077
4715,4715,437.92834467120184,437.92834467120184
4716,4716,438.02122448979594,438.02122448979594
4717,4717,438.11410430839004,438.11410430839004
4718,4718,438.20698412698414,438.20698412698414
4719,4719,438.29986394557824,438.29986394557824
4720,4720,438.39274376417234,438.39274376417234
4721,4721,438.48562358276644,438.48562358276644
4722,4722,438.57850340136054,438.57850340136054
4723,4723,438.67138321995463,438.67138321995463
4724,4724,438.76426303854873,438.76426303854873
4725,4725,438.85714285714283,438.85714285714283
4726,4726,438.950022675737,438.950022675737
4727,4727,439.0429024943311,439.0429024943311
4728,4728,439.1357823129252,439.1357823129252
4729,4729,439.2286621315193,439.2286621315193
4730,4730,439.3215419501134,439.3215419501134
4731,4731,439.4144217687075,439.4144217687075
4732,4732,439.5073015873016,439.5073015873016
4733,4733,439.6001814058957,439.6001814058957
4734,4734,439.6930612244898,439.6930612244898
4735,4735,439.7859410430839,439.7859410430839
4736,4736,439.878820861678,439.878820861678
4737,4737,439.97170068027214,439.97170068027214
4738,4738,440.06458049886623,440.06458049886623
4739,4739,440.15746031746033,440.15746031746033
4740,4740,440.25034013605443,440.25034013605443
4741,4741,440.34321995464853,440.34321995464853
4742,4742,440.43609977324263,440.43609977324263
4743,4743,440.52897959183673,440.52897959183673
4744,4744,440.62185941043083,440.62185941043083
4745,4745,440.71473922902493,440.71473922902493
4746,4746,440.807619047619,440.807619047619
4747,4747,440.9004988662131,440.9004988662131
4748,4748,440.9933786848073,440.9933786848073
4749,4749,441.0862585034014,441.0862585034014
4750,4750,441.1791383219955,441.1791383219955
4751,4751,441.2720181405896,441.2720181405896
4752,4752,441.3648979591837,441.3648979591837
4753,4753,441.4577777777778,441.4577777777778
4754,4754,441.5506575963719,441.5506575963719
4755,4755,441.643537414966,441.643537414966
4756,4756,441.7364172335601,441.7364172335601
4757,4757,441.8292970521542,441.8292970521542
4758,4758,441.9221768707483,441.9221768707483
4759,4759,442.01505668934243,442.01505668934243
4760,4760,442.10793650793653,442.10793650793653
4761,4761,442.2008163265306,442.2008163265306
4762,4762,442.2936961451247,442.2936961451247
4763,4763,442.3865759637188,442.3865759637188
4764,4764,442.4794557823129,442.4794557823129
4765,4765,442.572335600907,442.572335600907
4765,4766,442.572335600907,442.6652154195011
4765,4767,442.572335600907,442.7580952380952
4765,4768,442.572335600907,442.8509750566893
4766,4769,442.6652154195011,442.9438548752834
4767,4770,442.7580952380952,443.0367346938776
4768,4770,442.8509750566893,443.0367346938776
4769,4770,442.9438548752834,443.0367346938776
4770,4770,443.0367346938776,443.0367346938776
4771,4770,443.1296145124717,443.0367346938776
4772,4770,443.2224943310658,443.0367346938776
4773,4771,443.3153741496599,443.1296145124717
4773,4772,443.3153741496599,443.2224943310658
4773,4773,443.3153741496599,443.3153741496599
4774,4774,443.408253968254,443.408253968254
4775,4775,443.5011337868481,443.5011337868481
4776,4776,443.59401360544217,443.59401360544217
4777,4777,443.68689342403627,443.68689342403627
4778,4778,443.77977324263037,443.77977324263037
4779,4779,443.87265306122447,443.87265306122447
4780,4780,443.96553287981857,443.96553287981857
4781,4781,444.0584126984127,444.0584126984127
4781,4782,444.0584126984127,444.1512925170068
4782,4783,444.1512925170068,444.2441723356009
4783,4784,444.2441723356009,444.337052154195
4784,4785,444.337052154195,444.4299319727891
4785,4786,444.4299319727891,444.5228117913832
4786,4787,444.5228117913832,444.6156916099773
4787,4788,444.6156916099773,444.7085714285714
4788,4788,444.7085714285714,444.7085714285714
4789,4789,444.8014512471655,444.8014512471655
4790,4790,444.8943310657596,444.8943310657596
4791,4791,444.9872108843537,444.9872108843537
4792,4792,445.08009070294787,445.08009070294787
4793,4793,445.17297052154197,445.17297052154197
4794,4794,445.26585034013607,445.26585034013607
4795,4795,445.35873015873017,445.35873015873017
4796,4796,445.45160997732427,445.45160997732427
4797,4797,445.54448979591837,445.54448979591837
4798,4798,445.63736961451247,445.63736961451247
4799,4799,445.73024943310656,445.73024943310656
4800,4800,445.82312925170066,445.82312925170066
4801,4801,445.91600907029476,445.91600907029476
4802,4802,446.00888888888886,446.00888888888886
4803,4803,446.101768707483,446.101768707483
4804,4804,446.1946485260771,446.1946485260771
4805,4805,446.2875283446712,446.2875283446712
4806,4806,446.3804081632653,446.3804081632653
4807,4807,446.4732879818594,446.4732879818594
4808,4808,446.5661678004535,446.5661678004535
4809,4809,446.6590476190476,446.6590476190476
4810,4810,446.7519274376417,446.7519274376417
4811,4810,446.8448072562358,446.7519274376417
4812,4811,446.9376870748299,446.8448072562358
4812,4812,446.9376870748299,446.9376870748299
4813,4813,447.030566893424,447.030566893424
4814,4814,447.12344671201816,447.12344671201816
4815,4815,447.21632653061226,447.21632653061226
4816,4816,447.30920634920636,447.30920634920636
4817,4817,447.40208616780046,447.40208616780046
4818,4818,447.49496598639456,447.49496598639456
4819,4819,447.58784580498866,447.58784580498866
4820,4820,447.68072562358276,447.68072562358276
4821,4821,447.77360544217686,447.77360544217686
4822,4821,447.86648526077096,447.77360544217686
4823,4822,447.95936507936506,447.86648526077096
4824,4823,448.05224489795916,447.95936507936506
4825,4824,448.1451247165533,448.05224489795916
4825,4825,448.1451247165533,448.1451247165533
4825,4826,448.1451247165533,448.2380045351474
4825,4827,448.1451247165533,448.3308843537415
4825,4828,448.1451247165533,448.4237641723356
4826,4829,448.2380045351474,448.5166439909297
4827,4830,448.3308843537415,448.6095238095238
4828,4831,448.4237641723356,448.7024036281179
4829,4832,448.5166439909297,448.795283446712
4830,4833,448.6095238095238,448.8881632653061
4831,4833,448.7024036281179,448.8881632653061
4832,4833,448.795283446712,448.8881632653061
4833,4833,448.8881632653061,448.8881632653061
4834,4833,448.9810430839002,448.8881632653061
4835,4833,449.0739229024943,448.8881632653061
4836,4834,449.16680272108846,448.9810430839002
4837,4835,449.25968253968256,449.0739229024943
4837,4836,449.25968253968256,449.16680272108846
4837,4837,449.25968253968256,449.25968253968256
4838,4838,449.35256235827666,449.35256235827666
4839,4839,449.44544217687076,449.44544217687076
4840,4840,449.53832199546486,449.53832199546486
4841,4841,449.63120181405895,449.63120181405895
4841,4842,449.63120181405895,449.72408163265305
4842,4843,449.72408163265305,449.81696145124715
4843,4844,449.81696145124715,449.90984126984125
4844,4845,449.90984126984125,450.00272108843535
4845,4846,450.00272108843535,450.0956009070295
4846,4846,450.0956009070295,450.0956009070295
4847,4847,450.1884807256236,450.1884807256236
4848,4848,450.2813605442177,450.2813605442177
4849,4849,450.3742403628118,450.3742403628118
4849,4850,450.3742403628118,450.4671201814059
4850,4851,450.4671201814059,450.56
4851,4852,450.56,450.6528798185941
4852,4852,450.6528798185941,450.6528798185941
4853,4853,450.7457596371882,450.7457596371882
4854,4854,450.8386394557823,450.8386394557823
4855,4855,450.9315192743764,450.9315192743764
4856,4856,451.0243990929705,451.0243990929705
4857,4857,451.11727891156465,451.11727891156465
4858,4858,451.21015873015875,451.21015873015875
4859,4859,451.30303854875285,451.30303854875285
4860,4860,451.39591836734695,451.39591836734695
4861,4861,451.48879818594105,451.48879818594105
4862,4862,451.58167800453515,451.58167800453515
4863,4863,451.67455782312925,451.67455782312925
4864,4864,451.76743764172335,451.76743764172335
4865,4865,451.86031746031745,451.86031746031745
4866,4866,451.95319727891155,451.95319727891155
4867,4867,452.04607709750564,452.04607709750564
4868,4868,452.1389569160998,452.1389569160998
4869,4869,452.2318367346939,452.2318367346939
4870,4870,452.324716553288,452.324716553288
4871,4871,452.4175963718821,452.4175963718821
4872,4872,452.5104761904762,452.5104761904762
4873,4873,452.6033560090703,452.6033560090703
4874,4874,452.6962358276644,452.6962358276644
4875,4874,452.7891156462585,452.6962358276644
4876,4874,452.8819954648526,452.6962358276644
4877,4874,452.9748752834467,452.6962358276644
4878,4874,453.0677551020408,452.6962358276644
4879,4874,453.16063492063495,452.6962358276644
4880,4874,453.25351473922905,452.6962358276644
4881,4874,453.34639455782315,452.6962358276644
4882,4875,453.43927437641725,452.7891156462585
4883,4876,453.53215419501134,452.8819954648526
4884,4877,453.62503401360544,452.9748752834467
4885,4878,453.71791383219954,453.0677551020408
4886,4879,453.81079365079364,453.16063492063495
4887,4880,453.90367346938774,453.25351473922905
4888,4881,453.99655328798184,453.34639455782315
4889,4882,454.08943310657594,453.43927437641725
4890,4883,454.1823129251701,453.53215419501134
4890,4884,454.1823129251701,453.62503401360544
4890,4885,454.1823129251701,453.71791383219954
4890,4886,454.1823129251701,453.81079365079364
4890,4887,454.1823129251701,453.90367346938774
4890,4888,454.1823129251701,453.99655328798184
4890,4889,454.1823129251701,454.08943310657594
4890,4890,454.1823129251701,454.1823129251701
4891,4891,454.2751927437642,454.2751927437642
4892,4892,454.3680725623583,454.3680725623583
4892,4893,454.3680725623583,454.4609523809524
4893,4894,454.4609523809524,454.5538321995465
4894,4895,454.5538321995465,454.6467120181406
4895,4896,454.6467120181406,454.7395918367347
4896,4897,454.7395918367347,454.8324716553288
4897,4898,454.8324716553288,454.9253514739229
4898,4899,454.9253514739229,455.018231292517
4899,4900,455.018231292517,455.1111111111111
4900,4901,455.1111111111111,455.20399092970524
4901,4902,455.20399092970524,455.29687074829934
4902,4903,455.29687074829934,455.38975056689344
4903,4904,455.38975056689344,455.48263038548754
4904,4905,455.48263038548754,455.57551020408164
4905,4906,455.57551020408164,455.66839002267574
4906,4907,455.66839002267574,455.76126984126984
4907,4908,455.76126984126984,455.85414965986394
4908,4909,455.85414965986394,455.94702947845803
4909,4910,455.94702947845803,456.03990929705213
4910,4911,456.03990929705213,456.13278911564623
4911,4912,456.13278911564623,456.2256689342404
4912,4913,456.2256689342404,456.3185487528345
4913,4914,456.3185487528345,456.4114285714286
4914,4914,456.4114285714286,456.4114285714286
4915,4914,456.5043083900227,456.4114285714286
4916,4915,456.5971882086168,456.5043083900227
4917,4916,456.6900680272109,456.5971882086168
4918,4917,456.782947845805,456.6900680272109
4919,4918,456.8758276643991,456.782947845805
4920,4919,456.9687074829932,456.8758276643991
4920,4920,456.9687074829932,456.9687074829932
4921,4921,457.0615873015873,457.0615873015873
4922,4922,457.1544671201814,457.1544671201814
4923,4923,457.24734693877554,457.24734693877554
4924,4924,457.34022675736963,457.34022675736963
4925,4925,457.43310657596373,457.43310657596373
4926,4926,457.52598639455783,457.52598639455783
4927,4927,457.61886621315193,457.61886621315193
4928,4928,457.71174603174603,457.71174603174603
4929,4929,457.80462585034013,457.80462585034013
4930,4930,457.89750566893423,457.89750566893423
4931,4931,457.99038548752833,457.99038548752833
4932,4932,458.0832653061224,458.0832653061224
4933,4933,458.1761451247165,458.1761451247165
4934,4934,458.2690249433107,458.2690249433107
4935,4935,458.3619047619048,458.3619047619048
4936,4936,458.4547845804989,458.4547845804989
4937,4937,458.547664399093,458.547664399093
4938,4938,458.6405442176871,458.6405442176871
4939,4939,458.7334240362812,458.7334240362812
4940,4940,458.8263038548753,458.8263038548753
4941,4941,458.9191836734694,458.9191836734694
4942,4942,459.0120634920635,459.0120634920635
4943,4943,459.1049433106576,459.1049433106576
4944,4944,459.1978231292517,459.1978231292517
4945,4945,459.29070294784583,459.29070294784583
4946,4946,459.38358276643993,459.38358276643993
4947,4947,459.476462585034,459.476462585034
4948,4948,459.5693424036281,459.5693424036281
4949,4949,459.6622222222222,459.6622222222222
4950,4950,459.7551020408163,459.7551020408163
4951,4950,459.8479818594104,459.7551020408163
4952,4951,459.9408616780045,459.8479818594104
4953,4952,460.0337414965986,459.9408616780045
4954,4953,460.1266213151927,460.0337414965986
4955,4954,460.2195011337868,460.1266213151927
4956,4955,460.312380952381,460.2195011337868
4956,4956,460.312380952381,460.312380952381
4957,4957,460.4052607709751,460.4052607709751
4958,4958,460.4981405895692,460.4981405895692
4958,4959,460.4981405895692,460.5910204081633
4958,4960,460.4981405895692,460.6839002267574
4959,4961,460.5910204081633,460.7767800453515
4960,4962,460.6839002267574,460.86965986394557
4961,4963,460.7767800453515,460.96253968253967
4962,4964,460.86965986394557,461.05541950113377
4963,4964,460.96253968253967,461.05541950113377
4964,4964,461.05541950113377,461.05541950113377
4965,4964,461.14829931972787,461.05541950113377
4966,4964,461.24117913832197,461.05541950113377
4967,4965,461.3340589569161,461.14829931972787
4968,4966,461.4269387755102,461.24117913832197
4969,4966,461.5198185941043,461.24117913832197
4970,4967,461.6126984126984,461.3340589569161
4971,4968,461.7055782312925,461.4269387755102
4972,4969,461.7984580498866,461.5198185941043
4972,4970,461.7984580498866,461.6126984126984
4972,4971,461.7984580498866,461.7055782312925
4972,4972,461.7984580498866,461.7984580498866
4973,4973,461.8913378684807,461.8913378684807
4974,4974,461.9842176870748,461.9842176870748
4975,4975,462.0770975056689,462.0770975056689
4976,4976,462.169977324263,462.169977324263
4977,4977,462.2628571428571,462.2628571428571
4978,4978,462.35573696145127,462.35573696145127
4979,4979,462.44861678004537,462.44861678004537
4980,4980,462.54149659863947,462.54149659863947
4981,4981,462.63437641723357,462.63437641723357
4982,4982,462.72725623582767,462.72725623582767
4983,4983,462.82013605442177,462.82013605442177
4984,4984,462.91301587301587,462.91301587301587
4985,4985,463.00589569160996,463.00589569160996
4986,4986,463.09877551020406,463.09877551020406
4987,4987,463.19165532879816,463.19165532879816
4988,4988,463.28453514739226,463.28453514739226
4989,4989,463.3774149659864,463.3774149659864
4990,4990,463.4702947845805,463.4702947845805
4991,4991,463.5631746031746,463.5631746031746
4992,4992,463.6560544217687,463.6560544217687
4993,4993,463.7489342403628,463.7489342403628
4994,4994,463.8418140589569,463.8418140589569
4995,4995,463.934693877551,463.934693877551
4996,4996,464.0275736961451,464.0275736961451
4997,4997,464.1204535147392,464.1204535147392
4998,4998,464.2133333333333,464.2133333333333
4999,4999,464.30621315192747,464.30621315192747
5000,5000,464.39909297052156,464.39909297052156
5001,5001,464.49197278911566,464.49197278911566
5001,5002,464.49197278911566,464.58485260770976
5001,5003,464.49197278911566,464.67773242630386
5001,5004,464.49197278911566,464.77061224489796
5002,5005,464.58485260770976,464.86349206349206
5003,5006,464.67773242630386,464.95637188208616
5004,5007,464.77061224489796,465.04925170068026
5005,5007,464.86349206349206,465.04925170068026
5006,5008,464.95637188208616,465.14213151927436
5007,5009,465.04925170068026,465.23501133786846
5008,5009,465.14213151927436,465.23501133786846
5009,5009,465.23501133786846,465.23501133786846
5010,5009,465.3278911564626,465.23501133786846
5011,5009,465.4207709750567,465.23501133786846
5012,5009,465.5136507936508,465.23501133786846
5013,5009,465.6065306122449,465.23501133786846
5014,5009,465.699410430839,465.23501133786846
5015,5010,465.7922902494331,465.3278911564626
5016,5011,465.8851700680272,465.4207709750567
5016,5012,465.8851700680272,465.5136507936508
5016,5013,465.8851700680272,465.6065306122449
5016,5014,465.8851700680272,465.699410430839
5016,5015,465.8851700680272,465.7922902494331
5016,5016,465.8851700680272,465.8851700680272
5017,5017,465.9780498866213,465.9780498866213
5018,5018,466.0709297052154,466.0709297052154
5019,5019,466.1638095238095,466.1638095238095
5020,5020,466.2566893424036,466.2566893424036
5021,5021,466.34956916099776,466.34956916099776
5022,5022,466.44244897959186,466.44244897959186
5023,5023,466.53532879818596,466.53532879818596
5024,5023,466.62820861678006,466.53532879818596
5025,5024,466.72108843537416,466.62820861678006
5026,5025,466.81396825396826,466.72108843537416
5027,5026,466.90684807256235,466.81396825396826
5027,5027,466.90684807256235,466.90684807256235
5028,5028,466.99972789115645,466.99972789115645
5029,5029,467.09260770975055,467.09260770975055
5030,5030,467.18548752834465,467.18548752834465
5031,5031,467.27836734693875,467.27836734693875
5032,5032,467.3712471655329,467.3712471655329
5033,5033,467.464126984127,467.464126984127
5034,5034,467.5570068027211,467.5570068027211
5035,5035,467.6498866213152,467.6498866213152
5036,5036,467.7427664399093,467.7427664399093
5037,5037,467.8356462585034,467.8356462585034
5038,5038,467.9285260770975,467.9285260770975
5039,5039,468.0214058956916,468.0214058956916
5040,5040,468.1142857142857,468.1142857142857
5041,5041,468.2071655328798,468.2071655328798
5042,5042,468.3000453514739,468.3000453514739
5043,5043,468.39292517006805,468.39292517006805
5044,5044,468.48580498866215,468.48580498866215
5045,5045,468.57868480725625,468.57868480725625
5046,5046,468.67156462585035,468.67156462585035
5047,5047,468.76444444444445,468.76444444444445
5048,5048,468.85732426303855,468.85732426303855
5049,5049,468.95020408163265,468.95020408163265
5050,5050,469.04308390022675,469.04308390022675
5051,5051,469.13596371882085,469.13596371882085
5052,5052,469.22884353741495,469.22884353741495
5053,5053,469.32172335600904,469.32172335600904
5054,5054,469.4146031746032,469.4146031746032
5055,5055,469.5074829931973,469.5074829931973
5056,5056,469.6003628117914,469.6003628117914
5057,5057,469.6932426303855,469.6932426303855
5058,5058,469.7861224489796,469.7861224489796
5059,5059,469.8790022675737,469.8790022675737
5060,5060,469.9718820861678,469.9718820861678
5061,5061,470.0647619047619,470.0647619047619
5061,5062,470.0647619047619,470.157641723356
5061,5063,470.0647619047619,470.2505215419501
5062,5064,470.157641723356,470.3434013605442
5063,5065,470.2505215419501,470.43628117913835
5064,5065,470.3434013605442,470.43628117913835
5065,5065,470.43628117913835,470.43628117913835
5066,5066,470.52916099773245,470.52916099773245
5067,5066,470.62204081632655,470.52916099773245
5068,5066,470.71492063492065,470.52916099773245
5069,5067,470.80780045351474,470.62204081632655
5069,5068,470.80780045351474,470.71492063492065
5069,5069,470.80780045351474,470.80780045351474
5070,5070,470.90068027210884,470.90068027210884
5071,5071,470.99356009070294,470.99356009070294
5072,5072,471.08643990929704,471.08643990929704
5073,5073,471.17931972789114,471.17931972789114
5074,5074,471.27219954648524,471.27219954648524
5075,5075,471.36507936507934,471.36507936507934
5076,5076,471.4579591836735,471.4579591836735
5077,5077,471.5508390022676,471.5508390022676
5078,5078,471.6437188208617,471.6437188208617
5079,5079,471.7365986394558,471.7365986394558
5080,5080,471.8294784580499,471.8294784580499
5081,5081,471.922358276644,471.922358276644
5082,5082,472.0152380952381,472.0152380952381
5083,5083,472.1081179138322,472.1081179138322
5084,5084,472.2009977324263,472.2009977324263
5085,5085,472.2938775510204,472.2938775510204
5085,5086,472.2938775510204,472.3867573696145
5086,5087,472.3867573696145,472.47963718820864
5087,5088,472.47963718820864,472.57251700680274
5088,5089,472.57251700680274,472.66539682539684
5089,5090,472.66539682539684,472.75827664399094
5090,5090,472.75827664399094,472.75827664399094
5091,5091,472.85115646258504,472.85115646258504
5092,5092,472.94403628117914,472.94403628117914
5093,5093,473.03691609977324,473.03691609977324
5094,5094,473.12979591836734,473.12979591836734
5095,5095,473.22267573696143,473.22267573696143
5095,5096,473.22267573696143,473.31555555555553
5096,5097,473.31555555555553,473.40843537414963
5097,5098,473.40843537414963,473.5013151927438
5098,5099,473.5013151927438,473.5941950113379
5099,5099,473.5941950113379,473.5941950113379
5100,5100,473.687074829932,473.687074829932
5101,5101,473.7799546485261,473.7799546485261
5102,5102,473.8728344671202,473.8728344671202
5103,5103,473.9657142857143,473.9657142857143
5104,5104,474.0585941043084,474.0585941043084
5105,5105,474.1514739229025,474.1514739229025
5106,5106,474.2443537414966,474.2443537414966
5107,5107,474.3372335600907,474.3372335600907
5108,5108,474.4301133786848,474.4301133786848
5109,5109,474.52299319727894,474.52299319727894
5110,5110,474.61587301587304,474.61587301587304
5111,5111,474.70875283446713,474.70875283446713
5112,5112,474.80163265306123,474.80163265306123
5113,5113,474.89451247165533,474.89451247165533
5114,5114,474.98739229024943,474.98739229024943
5115,5115,475.08027210884353,475.08027210884353
5116,5116,475.17315192743763,475.17315192743763
5117,5117,475.26603174603173,475.26603174603173
5118,5118,475.3589115646258,475.3589115646258
5119,5119,475.4517913832199,475.4517913832199
5120,5120,475.5446712018141,475.5446712018141
5121,5121,475.6375510204082,475.6375510204082
5122,5122,475.7304308390023,475.7304308390023
5123,5123,475.8233106575964,475.8233106575964
5124,5124,475.9161904761905,475.9161904761905
5125,5125,476.0090702947846,476.0090702947846
5126,5126,476.1019501133787,476.1019501133787
5127,5127,476.1948299319728,476.1948299319728
5128,5128,476.2877097505669,476.2877097505669
5129,5129,476.380589569161,476.380589569161
5130,5130,476.4734693877551,476.4734693877551
5131,5131,476.56634920634923,476.56634920634923
5132,5132,476.65922902494333,476.65922902494333
5133,5133,476.7521088435374,476.7521088435374
5134,5134,476.8449886621315,476.8449886621315
5135,5135,476.9378684807256,476.9378684807256
5136,5136,477.0307482993197,477.0307482993197
5137,5137,477.1236281179138,477.1236281179138
5138,5138,477.2165079365079,477.2165079365079
5139,5139,477.309387755102,477.309387755102
5140,5140,477.4022675736961,477.4022675736961
5141,5141,477.4951473922903,477.4951473922903
5142,5142,477.5880272108844,477.5880272108844
5143,5143,477.6809070294785,477.6809070294785
5144,5144,477.7737868480726,477.7737868480726
5145,5145,477.8666666666667,477.8666666666667
5146,5146,477.9595464852608,477.9595464852608
5147,5147,478.0524263038549,478.0524263038549
5148,5148,478.14530612244897,478.14530612244897
5149,5149,478.23818594104307,478.23818594104307
5150,5150,478.33106575963717,478.33106575963717
5151,5151,478.42394557823127,478.42394557823127
5152,5152,478.5168253968254,478.5168253968254
5153,5153,478.6097052154195,478.6097052154195
5154,5153,478.7025850340136,478.6097052154195
5155,5154,478.7954648526077,478.7025850340136
5156,5155,478.8883446712018,478.7954648526077
5156,5156,478.8883446712018,478.8883446712018
5157,5157,478.9812244897959,478.9812244897959
5158,5158,479.07410430839,479.07410430839
5159,5159,479.1669841269841,479.1669841269841
5160,5160,479.2598639455782,479.2598639455782
5161,5161,479.3527437641723,479.3527437641723
5162,5162,479.4456235827664,479.4456235827664
5163,5163,479.5385034013606,479.5385034013606
5164,5164,479.63138321995467,479.63138321995467
5165,5165,479.72426303854877,479.72426303854877
5166,5166,479.81714285714287,479.81714285714287
5167,5167,479.91002267573697,479.91002267573697
5168,5168,480.00290249433107,480.00290249433107
5169,5169,480.09578231292517,480.09578231292517
5170,5170,480.18866213151927,480.18866213151927
5171,5171,480.28154195011336,480.28154195011336
5172,5172,480.37442176870746,480.37442176870746
5173,5173,480.46730158730156,480.46730158730156
5174,5174,480.5601814058957,480.5601814058957
5175,5175,480.6530612244898,480.6530612244898
5176,5176,480.7459410430839,480.7459410430839
5177,5177,480.838820861678,480.838820861678
5178,5178,480.9317006802721,480.9317006802721
5179,5179,481.0245804988662,481.0245804988662
5180,5180,481.1174603174603,481.1174603174603
5181,5181,481.2103401360544,481.2103401360544
5182,5182,481.3032199546485,481.3032199546485
5183,5183,481.3960997732426,481.3960997732426
5184,5184,481.4889795918367,481.4889795918367
5185,5185,481.58185941043087,481.58185941043087
5186,5186,481.67473922902496,481.67473922902496
5187,5187,481.76761904761906,481.76761904761906
5188,5188,481.86049886621316,481.86049886621316
5189,5189,481.95337868480726,481.95337868480726
5190,5190,482.04625850340136,482.04625850340136
5191,5191,482.13913832199546,482.13913832199546
5192,5192,482.23201814058956,482.23201814058956
5193,5193,482.32489795918366,482.32489795918366
5194,5194,482.41777777777776,482.41777777777776
5195,5195,482.51065759637186,482.51065759637186
5196,5196,482.603537414966,482.603537414966
5197,5197,482.6964172335601,482.6964172335601
5198,5198,482.7892970521542,482.7892970521542
5199,5199,482.8821768707483,482.8821768707483
5200,5200,482.9750566893424,482.9750566893424
5201,5201,483.0679365079365,483.0679365079365
5202,5202,483.1608163265306,483.1608163265306
5203,5203,483.2536961451247,483.2536961451247
5204,5204,483.3465759637188,483.3465759637188
5205,5205,483.4394557823129,483.4394557823129
5206,5206,483.532335600907,483.532335600907
5207,5207,483.62521541950116,483.62521541950116
5208,5208,483.71809523809526,483.71809523809526
5209,5209,483.81097505668936,483.81097505668936
5210,5209,483.90385487528346,483.81097505668936
5211,5209,483.99673469387756,483.81097505668936
5212,5210,484.08961451247166,483.90385487528346
5212,5211,484.08961451247166,483.99673469387756
5212,5212,484.08961451247166,484.08961451247166
5213,5213,484.18249433106575,484.18249433106575
5214,5214,484.27537414965985,484.27537414965985
5215,5215,484.36825396825395,484.36825396825395
5216,5216,484.46113378684805,484.46113378684805
5217,5217,484.55401360544215,484.55401360544215
5218,5218,484.6468934240363,484.6468934240363
5219,5219,484.7397732426304,484.7397732426304
5220,5220,484.8326530612245,484.8326530612245
5221,5221,484.9255328798186,484.9255328798186
5222,5222,485.0184126984127,485.0184126984127
5223,5223,485.1112925170068,485.1112925170068
5224,5224,485.2041723356009,485.2041723356009
5225,5225,485.297052154195,485.297052154195
5226,5226,485.3899319727891,485.3899319727891
5227,5227,485.4828117913832,485.4828117913832
5228,5228,485.5756916099773,485.5756916099773
5229,5229,485.66857142857145,485.66857142857145
5230,5230,485.76145124716555,485.76145124716555
5231,5231,485.85433106575965,485.85433106575965
5232,5232,485.94721088435375,485.94721088435375
5233,5233,486.04009070294785,486.04009070294785
5233,5234,486.04009070294785,486.13297052154195
5233,5235,486.04009070294785,486.22585034013605
5234,5236,486.13297052154195,486.31873015873015
5235,5237,486.22585034013605,486.41160997732425
5236,5238,486.31873015873015,486.50448979591835
5237,5238,486.41160997732425,486.50448979591835
5238,5238,486.50448979591835,486.50448979591835
5239,5239,486.59736961451244,486.59736961451244
5239,5240,486.59736961451244,486.6902494331066
5240,5241,486.6902494331066,486.7831292517007
5241,5241,486.7831292517007,486.7831292517007
5242,5242,486.8760090702948,486.8760090702948
5243,5243,486.9688888888889,486.9688888888889
5244,5244,487.061768707483,487.061768707483
5245,5245,487.1546485260771,487.1546485260771
5246,5246,487.2475283446712,487.2475283446712
5247,5247,487.3404081632653,487.3404081632653
5248,5248,487.4332879818594,487.4332879818594
5249,5249,487.5261678004535,487.5261678004535
5250,5250,487.6190476190476,487.6190476190476
5251,5251,487.71192743764175,487.71192743764175
5252,5252,487.80480725623585,487.80480725623585
5253,5253,487.89768707482995,487.89768707482995
5253,5254,487.89768707482995,487.99056689342405
5254,5255,487.99056689342405,488.08344671201814
5255,5255,488.08344671201814,488.08344671201814
5256,5256,488.17632653061224,488.17632653061224
5257,5257,488.26920634920634,488.26920634920634
5258,5258,488.36208616780044,488.36208616780044
5259,5259,488.45496598639454,488.45496598639454
5260,5260,488.54784580498864,488.54784580498864
5261,5261,488.64072562358274,488.64072562358274
5262,5262,488.7336054421769,488.7336054421769
5263,5263,488.826485260771,488.826485260771
5264,5264,488.9193650793651,488.9193650793651
5265,5265,489.0122448979592,489.0122448979592
5266,5266,489.1051247165533,489.1051247165533
5267,5267,489.1980045351474,489.1980045351474
5268,5268,489.2908843537415,489.2908843537415
5269,5269,489.3837641723356,489.3837641723356
5270,5270,489.4766439909297,489.4766439909297
5271,5271,489.5695238095238,489.5695238095238
5272,5272,489.6624036281179,489.6624036281179
5273,5273,489.75528344671204,489.75528344671204
5274,5274,489.84816326530614,489.84816326530614
5275,5275,489.94104308390024,489.94104308390024
5276,5276,490.03392290249434,490.03392290249434
5277,5277,490.12680272108844,490.12680272108844
5278,5278,490.21968253968254,490.21968253968254
5279,5279,490.31256235827664,490.31256235827664
5280,5280,490.40544217687074,490.40544217687074
5281,5281,490.49832199546483,490.49832199546483
5282,5282,490.59120181405893,490.59120181405893
5283,5283,490.68408163265303,490.68408163265303
5284,5284,490.7769614512472,490.7769614512472
5285,5285,490.8698412698413,490.8698412698413
5286,5286,490.9627210884354,490.9627210884354
5287,5287,491.0556009070295,491.0556009070295
5288,5288,491.1484807256236,491.1484807256236
5289,5289,491.2413605442177,491.2413605442177
5290,5290,491.3342403628118,491.3342403628118
5291,5291,491.4271201814059,491.4271201814059
5292,5292,491.52,491.52
5293,5293,491.6128798185941,491.6128798185941
5294,5294,491.70575963718824,491.70575963718824
5294,5295,491.70575963718824,491.79863945578234
5295,5296,491.79863945578234,491.89151927437644
5296,5297,491.89151927437644,491.98439909297053
5297,5297,491.98439909297053,491.98439909297053
5298,5297,492.07727891156463,491.98439909297053
5299,5298,492.17015873015873,492.07727891156463
5300,5299,492.26303854875283,492.17015873015873
5300,5300,492.26303854875283,492.26303854875283
5301,5301,492.35591836734693,492.35591836734693
5302,5302,492.44879818594103,492.44879818594103
5303,5303,492.54167800453513,492.54167800453513
5304,5304,492.6345578231292,492.6345578231292
5305,5305,492.7274376417234,492.7274376417234
5306,5306,492.8203174603175,492.8203174603175
5307,5307,492.9131972789116,492.9131972789116
5308,5308,493.0060770975057,493.0060770975057
5309,5309,493.0989569160998,493.0989569160998
5310,5310,493.1918367346939,493.1918367346939
5311,5311,493.284716553288,493.284716553288
5312,5312,493.3775963718821,493.3775963718821
5313,5313,493.4704761904762,493.4704761904762
5314,5313,493.5633560090703,493.4704761904762
5315,5314,493.6562358276644,493.5633560090703
5315,5315,493.6562358276644,493.6562358276644
5316,5316,493.74911564625853,493.74911564625853
5317,5317,493.84199546485263,493.84199546485263
5318,5318,493.93487528344673,493.93487528344673
5319,5319,494.0277551020408,494.0277551020408
5320,5320,494.1206349206349,494.1206349206349
5321,5321,494.213514739229,494.213514739229
5322,5322,494.3063945578231,494.3063945578231
5323,5323,494.3992743764172,494.3992743764172
5324,5324,494.4921541950113,494.4921541950113
5325,5325,494.5850340136054,494.5850340136054
5326,5326,494.6779138321995,494.6779138321995
5327,5327,494.7707936507937,494.7707936507937
5328,5328,494.8636734693878,494.8636734693878
5329,5329,494.9565532879819,494.9565532879819
5330,5330,495.049433106576,495.049433106576
5331,5331,495.1423129251701,495.1423129251701
5332,5332,495.2351927437642,495.2351927437642
5333,5333,495.3280725623583,495.3280725623583
5334,5334,495.4209523809524,495.4209523809524
5335,5335,495.51383219954647,495.51383219954647
5336,5336,495.60671201814057,495.60671201814057
5337,5337,495.69959183673467,495.69959183673467
5338,5338,495.7924716553288,495.7924716553288
5339,5339,495.8853514739229,495.8853514739229
5340,5340,495.978231292517,495.978231292517
5341,5341,496.0711111111111,496.0711111111111
5342,5342,496.1639909297052,496.1639909297052
5343,5343,496.2568707482993,496.2568707482993
5344,5344,496.3497505668934,496.3497505668934
5345,5345,496.4426303854875,496.4426303854875
5346,5346,496.5355102040816,496.5355102040816
5347,5347,496.6283900226757,496.6283900226757
5348,5348,496.7212698412698,496.7212698412698
5349,5349,496.814149659864,496.814149659864
5350,5350,496.90702947845807,496.90702947845807
5351,5351,496.99990929705217,496.99990929705217
5352,5352,497.09278911564627,497.09278911564627
5353,5353,497.18566893424037,497.18566893424037
5354,5354,497.27854875283447,497.27854875283447
5355,5355,497.37142857142857,497.37142857142857
5356,5356,497.46430839002267,497.46430839002267
5357,5357,497.55718820861676,497.55718820861676
5358,5358,497.65006802721086,497.65006802721086
5359,5359,497.74294784580496,497.74294784580496
5360,5360,497.8358276643991,497.8358276643991
5361,5361,497.9287074829932,497.9287074829932
5362,5362,498.0215873015873,498.0215873015873
5363,5363,498.1144671201814,498.1144671201814
5364,5364,498.2073469387755,498.2073469387755
5365,5365,498.3002267573696,498.3002267573696
5366,5366,498.3931065759637,498.3931065759637
5367,5367,498.4859863945578,498.4859863945578
5368,5368,498.5788662131519,498.5788662131519
5369,5369,498.671746031746,498.671746031746
5370,5370,498.7646258503401,498.7646258503401
5371,5371,498.85750566893427,498.85750566893427
5372,5372,498.95038548752837,498.95038548752837
5373,5373,499.04326530612246,499.04326530612246
5374,5374,499.13614512471656,499.13614512471656
5375,5375,499.22902494331066,499.22902494331066
5376,5376,499.32190476190476,499.32190476190476
5377,5377,499.41478458049886,499.41478458049886
5378,5378,499.50766439909296,499.50766439909296
5379,5379,499.60054421768706,499.60054421768706
5380,5380,499.69342403628116,499.69342403628116
5381,5381,499.78630385487526,499.78630385487526
5382,5382,499.8791836734694,499.8791836734694
5383,5383,499.9720634920635,499.9720634920635
5384,5384,500.0649433106576,500.0649433106576
5385,5385,500.1578231292517,500.1578231292517
5386,5386,500.2507029478458,500.2507029478458
5387,5387,500.3435827664399,500.3435827664399
5388,5388,500.436462585034,500.436462585034
5389,5389,500.5293424036281,500.5293424036281
5390,5390,500.6222222222222,500.6222222222222
5391,5391,500.7151020408163,500.7151020408163
5392,5392,500.8079818594104,500.8079818594104
5393,5393,500.90086167800456,500.90086167800456
5394,5394,500.99374149659866,500.99374149659866
5395,5395,501.08662131519276,501.08662131519276
5396,5396,501.17950113378686,501.17950113378686
5397,5397,501.27238095238096,501.27238095238096
5398,5398,501.36526077097506,501.36526077097506
5399,5399,501.45814058956915,501.45814058956915
5400,5400,501.55102040816325,501.55102040816325
5401,5400,501.64390022675735,501.55102040816325
5402,5401,501.73678004535145,501.64390022675735
5402,5402,501.73678004535145,501.73678004535145
5403,5403,501.82965986394555,501.82965986394555
5404,5404,501.9225396825397,501.9225396825397
5405,5405,502.0154195011338,502.0154195011338
5406,5406,502.1082993197279,502.1082993197279
5407,5407,502.201179138322,502.201179138322
5408,5408,502.2940589569161,502.2940589569161
5409,5409,502.3869387755102,502.3869387755102
5410,5410,502.4798185941043,502.4798185941043
5411,5411,502.5726984126984,502.5726984126984
5412,5412,502.6655782312925,502.6655782312925
5413,5413,502.7584580498866,502.7584580498866
5414,5414,502.8513378684807,502.8513378684807
5415,5415,502.94421768707485,502.94421768707485
5415,5416,502.94421768707485,503.03709750566895
5416,5417,503.03709750566895,503.12997732426305
5417,5418,503.12997732426305,503.22285714285715
5418,5419,503.22285714285715,503.31573696145125
5419,5419,503.31573696145125,503.31573696145125
5420,5420,503.40861678004535,503.40861678004535
5421,5421,503.50149659863945,503.50149659863945
5422,5422,503.59437641723355,503.59437641723355
5423,5423,503.68725623582765,503.68725623582765
5424,5424,503.78013605442175,503.78013605442175
5425,5425,503.87301587301585,503.87301587301585
5426,5426,503.96589569161,503.96589569161
5427,5427,504.0587755102041,504.0587755102041
5428,5428,504.1516553287982,504.1516553287982
5429,5429,504.2445351473923,504.2445351473923
5430,5430,504.3374149659864,504.3374149659864
5431,5431,504.4302947845805,504.4302947845805
5432,5432,504.5231746031746,504.5231746031746
5433,5433,504.6160544217687,504.6160544217687
5434,5434,504.7089342403628,504.7089342403628
5435,5435,504.8018140589569,504.8018140589569
5436,5436,504.894693877551,504.894693877551
5437,5437,504.98757369614515,504.98757369614515
5438,5438,505.08045351473925,505.08045351473925
5439,5439,505.17333333333335,505.17333333333335
5440,5440,505.26621315192745,505.26621315192745
5441,5441,505.35909297052154,505.35909297052154
5442,5442,505.45197278911564,505.45197278911564
5443,5443,505.54485260770974,505.54485260770974
5444,5444,505.63773242630384,505.63773242630384
5445,5445,505.73061224489794,505.73061224489794
5446,5446,505.82349206349204,505.82349206349204
5447,5447,505.9163718820862,505.9163718820862
5448,5448,506.0092517006803,506.0092517006803
5449,5449,506.1021315192744,506.1021315192744
5450,5450,506.1950113378685,506.1950113378685
5451,5451,506.2878911564626,506.2878911564626
5452,5452,506.3807709750567,506.3807709750567
5453,5453,506.4736507936508,506.4736507936508
5454,5454,506.5665306122449,506.5665306122449
5455,5454,506.659410430839,506.5665306122449
5456,5455,506.7522902494331,506.659410430839
5456,5456,506.7522902494331,506.7522902494331
5457,5457,506.8451700680272,506.8451700680272
5458,5458,506.93804988662134,506.93804988662134
5459,5459,507.03092970521544,507.03092970521544
5460,5460,507.12380952380954,507.12380952380954
5461,5461,507.21668934240364,507.21668934240364
5462,5462,507.30956916099774,507.30956916099774
5463,5463,507.40244897959184,507.40244897959184
5464,5464,507.49532879818594,507.49532879818594
5465,5465,507.58820861678004,507.58820861678004
5466,5466,507.68108843537414,507.68108843537414
5467,5467,507.77396825396823,507.77396825396823
5468,5468,507.86684807256233,507.86684807256233
5469,5469,507.9597278911565,507.9597278911565
5470,5470,508.0526077097506,508.0526077097506
5471,5471,508.1454875283447,508.1454875283447
5472,5472,508.2383673469388,508.2383673469388
5473,5473,508.3312471655329,508.3312471655329
5474,5474,508.424126984127,508.424126984127
5475,5475,508.5170068027211,508.5170068027211
5476,5476,508.6098866213152,508.6098866213152
5477,5477,508.7027664399093,508.7027664399093
5478,5478,508.7956462585034,508.7956462585034
5479,5479,508.8885260770975,508.8885260770975
5480,5480,508.98140589569164,508.98140589569164
5481,5481,509.07428571428574,509.07428571428574
5482,5482,509.16716553287984,509.16716553287984
5483,5483,509.26004535147393,509.26004535147393
5484,5484,509.35292517006803,509.35292517006803
5485,5485,509.44580498866213,509.44580498866213
5486,5486,509.53868480725623,509.53868480725623
5487,5487,509.63156462585033,509.63156462585033
5488,5488,509.72444444444443,509.72444444444443
5489,5489,509.81732426303853,509.81732426303853
5490,5490,509.9102040816326,509.9102040816326
5491,5491,510.0030839002268,510.0030839002268
5492,5492,510.0959637188209,510.0959637188209
5493,5493,510.188843537415,510.188843537415
5494,5494,510.2817233560091,510.2817233560091
5495,5495,510.3746031746032,510.3746031746032
5496,5496,510.4674829931973,510.4674829931973
5497,5497,510.5603628117914,510.5603628117914
5498,5498,510.6532426303855,510.6532426303855
5499,5499,510.7461224489796,510.7461224489796
5500,5500,510.8390022675737,510.8390022675737
5501,5501,510.9318820861678,510.9318820861678
5502,5502,511.02476190476193,511.02476190476193
5503,5503,511.11764172335603,511.11764172335603
5504,5504,511.21052154195013,511.21052154195013
5505,5505,511.3034013605442,511.3034013605442
5506,5506,511.3962811791383,511.3962811791383
5507,5507,511.4891609977324,511.4891609977324
5508,5508,511.5820408163265,511.5820408163265
5509,5509,511.6749206349206,511.6749206349206
5510,5510,511.7678004535147,511.7678004535147
5511,5511,511.8606802721088,511.8606802721088
5512,5512,511.9535600907029,511.9535600907029
5513,5513,512.0464399092971,512.0464399092971
5514,5514,512.1393197278911,512.1393197278911
5515,5515,512.2321995464853,512.2321995464853
5516,5516,512.3250793650793,512.3250793650793
5517,5517,512.4179591836735,512.4179591836735
5518,5518,512.5108390022676,512.5108390022676
5519,5519,512.6037188208617,512.6037188208617
5520,5520,512.6965986394558,512.6965986394558
5521,5521,512.7894784580499,512.7894784580499
5522,5522,512.882358276644,512.882358276644
5523,5523,512.9752380952381,512.9752380952381
5524,5524,513.0681179138322,513.0681179138322
5524,5525,513.0681179138322,513.1609977324263
5525,5526,513.1609977324263,513.2538775510204
5526,5527,513.2538775510204,513.3467573696145
5527,5527,513.3467573696145,513.3467573696145
5528,5528,513.4396371882086,513.4396371882086
5529,5529,513.5325170068028,513.5325170068028
5530,5530,513.6253968253968,513.6253968253968
5531,5531,513.718276643991,513.718276643991
5532,5532,513.811156462585,513.811156462585
5532,5533,513.811156462585,513.9040362811792
5533,5534,513.9040362811792,513.9969160997732
5534,5535,513.9969160997732,514.0897959183674
5535,5535,514.0897959183674,514.0897959183674
5536,5536,514.1826757369614,514.1826757369614
5537,5537,514.2755555555556,514.2755555555556
5538,5538,514.3684353741496,514.3684353741496
5539,5539,514.4613151927438,514.4613151927438
5540,5540,514.5541950113379,514.5541950113379
5541,5541,514.647074829932,514.647074829932
5542,5542,514.7399546485261,514.7399546485261
5543,5543,514.8328344671202,514.8328344671202
5544,5544,514.9257142857143,514.9257142857143
5545,5545,515.0185941043084,515.0185941043084
5546,5546,515.1114739229025,515.1114739229025
5547,5547,515.2043537414966,515.2043537414966
5548,5548,515.2972335600907,515.2972335600907
5549,5549,515.3901133786848,515.3901133786848
5550,5550,515.4829931972789,515.4829931972789
5550,5551,515.4829931972789,515.5758730158731
5550,5552,515.4829931972789,515.6687528344671
5550,5553,515.4829931972789,515.7616326530613
5550,5554,515.4829931972789,515.8545124716553
5551,5555,515.5758730158731,515.9473922902495
5551,5556,515.5758730158731,516.0402721088435
5551,5557,515.5758730158731,516.1331519274377
5551,5558,515.5758730158731,516.2260317460317
5552,5559,515.6687528344671,516.3189115646259
5552,5560,515.6687528344671,516.4117913832199
5552,5561,515.6687528344671,516.5046712018141
5552,5562,515.6687528344671,516.5975510204082
5552,5563,515.6687528344671,516.6904308390023
5552,5564,515.6687528344671,516.7833106575964
5552,5565,515.6687528344671,516.8761904761905
5552,5566,515.6687528344671,516.9690702947846
5552,5567,515.6687528344671,517.0619501133787
5552,5568,515.6687528344671,517.1548299319728
5552,5569,515.6687528344671,517.2477097505669
5552,5570,515.6687528344671,517.340589569161
5553,5571,515.7616326530613,517.433469387755
5554,5571,515.8545124716553,517.433469387755
5555,5571,515.9473922902495,517.433469387755
5556,5571,516.0402721088435,517.433469387755
5557,5572,516.1331519274377,517.5263492063492
5558,5573,516.2260317460317,517.6192290249434
5559,5574,516.3189115646259,517.7121088435374
5560,5575,516.4117913832199,517.8049886621316
5561,5575,516.5046712018141,517.8049886621316
5562,5575,516.5975510204082,517.8049886621316
5563,5575,516.6904308390023,517.8049886621316
5564,5575,516.7833106575964,517.8049886621316
5565,5575,516.8761904761905,517.8049886621316
5566,5575,516.9690702947846,517.8049886621316
5567,5575,517.0619501133787,517.8049886621316
5568,5575,517.1548299319728,517.8049886621316
5569,5575,517.2477097505669,517.8049886621316
5570,5575,517.340589569161,517.8049886621316
5571,5575,517.433469387755,517.8049886621316
5572,5575,517.5263492063492,517.8049886621316
5573,5575,517.6192290249434,517.8049886621316
5574,5575,517.7121088435374,517.8049886621316
5575,5575,517.8049886621316,517.8049886621316
5576,5576,517.8978684807256,517.8978684807256
5577,5577,517.9907482993198,517.9907482993198
5578,5578,518.0836281179138,518.0836281179138
5579,5579,518.176507936508,518.176507936508
5580,5580,518.269387755102,518.269387755102
5581,5581,518.3622675736962,518.3622675736962
5582,5582,518.4551473922902,518.4551473922902
5583,5583,518.5480272108844,518.5480272108844
5584,5584,518.6409070294785,518.6409070294785
5585,5585,518.7337868480726,518.7337868480726
5586,5585,518.8266666666667,518.7337868480726
5587,5585,518.9195464852608,518.7337868480726
5588,5585,519.0124263038549,518.7337868480726
5589,5585,519.105306122449,518.7337868480726
5590,5585,519.1981859410431,518.7337868480726
5591,5585,519.2910657596371,518.7337868480726
5592,5585,519.3839455782313,518.7337868480726
5593,5585,519.4768253968253,518.7337868480726
5594,5585,519.5697052154195,518.7337868480726
5595,5585,519.6625850340137,518.7337868480726
5596,5585,519.7554648526077,518.7337868480726
5597,5586,519.8483446712019,518.8266666666667
5598,5587,519.9412244897959,518.9195464852608
5599,5588,520.03410430839,519.0124263038549
5599,5589,520.03410430839,519.105306122449
5599,5590,520.03410430839,519.1981859410431
5599,5591,520.03410430839,519.2910657596371
5599,5592,520.03410430839,519.3839455782313
5599,5593,520.03410430839,519.4768253968253
5599,5594,520.03410430839,519.5697052154195
5599,5595,520.03410430839,519.6625850340137
5599,5596,520.03410430839,519.7554648526077
5599,5597,520.03410430839,519.8483446712019
5599,5598,520.03410430839,519.9412244897959
5599,5599,520.03410430839,520.03410430839
5600,5600,520.1269841269841,520.1269841269841
5601,5601,520.2198639455783,520.2198639455783
5602,5602,520.3127437641723,520.3127437641723
5603,5603,520.4056235827665,520.4056235827665
5604,5604,520.4985034013605,520.4985034013605
5605,5605,520.5913832199547,520.5913832199547
5606,5606,520.6842630385488,520.6842630385488
5607,5607,520.7771428571428,520.7771428571428
5608,5608,520.870022675737,520.870022675737
5609,5609,520.962902494331,520.962902494331
5610,5610,521.0557823129252,521.0557823129252
5611,5611,521.1486621315192,521.1486621315192
5612,5612,521.2415419501134,521.2415419501134
5613,5613,521.3344217687074,521.3344217687074
5614,5614,521.4273015873016,521.4273015873016
5615,5615,521.5201814058956,521.5201814058956
5616,5616,521.6130612244898,521.6130612244898
5617,5617,521.705941043084,521.705941043084
5618,5618,521.798820861678,521.798820861678
5619,5619,521.8917006802722,521.8917006802722
5620,5620,521.9845804988662,521.9845804988662
5621,5621,522.0774603174603,522.0774603174603
5622,5622,522.1703401360544,522.1703401360544
5623,5623,522.2632199546485,522.2632199546485
5624,5624,522.3560997732426,522.3560997732426
5625,5625,522.4489795918367,522.4489795918367
5626,5626,522.5418594104308,522.5418594104308
5627,5627,522.634739229025,522.634739229025
5628,5628,522.7276190476191,522.7276190476191
5629,5629,522.8204988662131,522.8204988662131
5630,5630,522.9133786848073,522.9133786848073
5631,5631,523.0062585034013,523.0062585034013
5632,5632,523.0991383219955,523.0991383219955
5633,5633,523.1920181405895,523.1920181405895
5634,5634,523.2848979591837,523.2848979591837
5635,5635,523.3777777777777,523.3777777777777
5636,5636,523.4706575963719,523.4706575963719
5637,5637,523.5635374149659,523.5635374149659
5638,5638,523.6564172335601,523.6564172335601
5639,5639,523.7492970521542,523.7492970521542
5640,5640,523.8421768707483,523.8421768707483
5641,5641,523.9350566893424,523.9350566893424
5642,5642,524.0279365079365,524.0279365079365
5643,5643,524.1208163265306,524.1208163265306
5644,5644,524.2136961451247,524.2136961451247
5645,5645,524.3065759637188,524.3065759637188
5646,5646,524.3994557823129,524.3994557823129
5647,5647,524.492335600907,524.492335600907
5648,5648,524.5852154195011,524.5852154195011
5649,5649,524.6780952380952,524.6780952380952
5650,5650,524.7709750566894,524.7709750566894
5651,5651,524.8638548752834,524.8638548752834
5652,5652,524.9567346938776,524.9567346938776
5653,5653,525.0496145124716,525.0496145124716
5654,5654,525.1424943310658,525.1424943310658
5655,5655,525.2353741496598,525.2353741496598
5656,5656,525.328253968254,525.328253968254
5657,5657,525.421133786848,525.421133786848
5658,5658,525.5140136054422,525.5140136054422
5659,5659,525.6068934240362,525.6068934240362
5660,5660,525.6997732426304,525.6997732426304
5661,5661,525.7926530612245,525.7926530612245
5662,5662,525.8855328798186,525.8855328798186
5663,5663,525.9784126984127,525.9784126984127
5664,5664,526.0712925170068,526.0712925170068
5665,5665,526.1641723356009,526.1641723356009
5666,5666,526.257052154195,526.257052154195
5667,5667,526.3499319727891,526.3499319727891
5668,5668,526.4428117913832,526.4428117913832
5669,5669,526.5356916099773,526.5356916099773
5670,5670,526.6285714285714,526.6285714285714
5671,5671,526.7214512471655,526.7214512471655
5672,5672,526.8143310657597,526.8143310657597
5673,5673,526.9072108843537,526.9072108843537
5674,5674,527.0000907029479,527.0000907029479
5675,5675,527.0929705215419,527.0929705215419
5676,5676,527.1858503401361,527.1858503401361
5677,5677,527.2787301587301,527.2787301587301
5678,5678,527.3716099773243,527.3716099773243
5679,5679,527.4644897959183,527.4644897959183
5680,5680,527.5573696145125,527.5573696145125
5681,5681,527.6502494331065,527.6502494331065
5682,5682,527.7431292517007,527.7431292517007
5683,5683,527.8360090702948,527.8360090702948
5684,5684,527.9288888888889,527.9288888888889
5685,5685,528.021768707483,528.021768707483
5686,5686,528.1146485260771,528.1146485260771
5687,5687,528.2075283446712,528.2075283446712
5688,5688,528.3004081632653,528.3004081632653
5689,5689,528.3932879818594,528.3932879818594
5690,5690,528.4861678004535,528.4861678004535
5691,5691,528.5790476190476,528.5790476190476
5692,5692,528.6719274376417,528.6719274376417
5693,5693,528.7648072562358,528.7648072562358
5694,5694,528.85768707483,528.85768707483
5695,5695,528.950566893424,528.950566893424
5696,5696,529.0434467120182,529.0434467120182
5697,5697,529.1363265306122,529.1363265306122
5698,5698,529.2292063492064,529.2292063492064
5699,5699,529.3220861678004,529.3220861678004
5700,5700,529.4149659863946,529.4149659863946
5701,5701,529.5078458049886,529.5078458049886
5702,5702,529.6007256235828,529.6007256235828
5703,5703,529.6936054421768,529.6936054421768
5704,5704,529.786485260771,529.786485260771
5705,5705,529.8793650793651,529.8793650793651
5706,5706,529.9722448979592,529.9722448979592
5707,5707,530.0651247165533,530.0651247165533
5708,5708,530.1580045351474,530.1580045351474
5709,5709,530.2508843537415,530.2508843537415
5710,5710,530.3437641723356,530.3437641723356
5711,5711,530.4366439909297,530.4366439909297
5712,5712,530.5295238095238,530.5295238095238
5713,5713,530.6224036281179,530.6224036281179
5714,5714,530.715283446712,530.715283446712
5715,5715,530.8081632653061,530.8081632653061
5716,5716,530.9010430839003,530.9010430839003
5717,5717,530.9939229024943,530.9939229024943
5718,5718,531.0868027210885,531.0868027210885
5719,5719,531.1796825396825,531.1796825396825
5720,5720,531.2725623582767,531.2725623582767
5721,5721,531.3654421768707,531.3654421768707
5722,5722,531.4583219954649,531.4583219954649
5723,5723,531.5512018140589,531.5512018140589
5724,5724,531.6440816326531,531.6440816326531
5725,5725,531.7369614512471,531.7369614512471
5726,5726,531.8298412698413,531.8298412698413
5727,5727,531.9227210884354,531.9227210884354
5728,5728,532.0156009070295,532.0156009070295
5729,5729,532.1084807256236,532.1084807256236
5730,5730,532.2013605442177,532.2013605442177
5731,5731,532.2942403628118,532.2942403628118
5732,5732,532.3871201814059,532.3871201814059
5733,5733,532.48,532.48
5734,5734,532.5728798185941,532.5728798185941
5735,5734,532.6657596371882,532.5728798185941
5736,5735,532.7586394557823,532.6657596371882
5737,5736,532.8515192743764,532.7586394557823
5737,5737,532.8515192743764,532.8515192743764
5738,5738,532.9443990929706,532.9443990929706
5739,5739,533.0372789115646,533.0372789115646
5740,5740,533.1301587301588,533.1301587301588
5741,5741,533.2230385487528,533.2230385487528
5742,5742,533.315918367347,533.315918367347
5743,5743,533.408798185941,533.408798185941
5744,5743,533.5016780045352,533.408798185941
5745,5744,533.5945578231292,533.5016780045352
5746,5745,533.6874376417234,533.5945578231292
5746,5746,533.6874376417234,533.6874376417234
5747,5747,533.7803174603174,533.7803174603174
5748,5748,533.8731972789116,533.8731972789116
5749,5749,533.9660770975057,533.9660770975057
5750,5750,534.0589569160998,534.0589569160998
5751,5751,534.1518367346939,534.1518367346939
5752,5752,534.244716553288,534.244716553288
5753,5753,534.3375963718821,534.3375963718821
5753,5754,534.3375963718821,534.4304761904762
5754,5755,534.4304761904762,534.5233560090703
5755,5756,534.5233560090703,534.6162358276644
5756,5757,534.6162358276644,534.7091156462585
5757,5757,534.7091156462585,534.7091156462585
5758,5758,534.8019954648526,534.8019954648526
5759,5759,534.8948752834467,534.8948752834467
5760,5760,534.9877551020409,534.9877551020409
5761,5761,535.0806349206349,535.0806349206349
5762,5762,535.1735147392291,535.1735147392291
5763,5763,535.2663945578231,535.2663945578231
5764,5764,535.3592743764173,535.3592743764173
5765,5765,535.4521541950113,535.4521541950113
5766,5766,535.5450340136055,535.5450340136055
5767,5767,535.6379138321995,535.6379138321995
5768,5768,535.7307936507937,535.7307936507937
5769,5769,535.8236734693877,535.8236734693877
5770,5770,535.9165532879819,535.9165532879819
5771,5771,536.009433106576,536.009433106576
5772,5772,536.10231292517,536.10231292517
5773,5773,536.1951927437642,536.1951927437642
5774,5774,536.2880725623583,536.2880725623583
5775,5775,536.3809523809524,536.3809523809524
5776,5776,536.4738321995465,536.4738321995465
5777,5777,536.5667120181406,536.5667120181406
5778,5778,536.6595918367346,536.6595918367346
5779,5779,536.7524716553288,536.7524716553288
5780,5780,536.8453514739228,536.8453514739228
5781,5781,536.938231292517,536.938231292517
5782,5782,537.0311111111112,537.0311111111112
5783,5783,537.1239909297052,537.1239909297052
5784,5784,537.2168707482994,537.2168707482994
5785,5785,537.3097505668934,537.3097505668934
5786,5786,537.4026303854876,537.4026303854876
5787,5787,537.4955102040816,537.4955102040816
5788,5788,537.5883900226758,537.5883900226758
5789,5789,537.6812698412698,537.6812698412698
5790,5790,537.774149659864,537.774149659864
5791,5791,537.867029478458,537.867029478458
5792,5792,537.9599092970521,537.9599092970521
5793,5793,538.0527891156463,538.0527891156463
5794,5794,538.1456689342403,538.1456689342403
5795,5795,538.2385487528345,538.2385487528345
5796,5796,538.3314285714285,538.3314285714285
5797,5797,538.4243083900227,538.4243083900227
5798,5798,538.5171882086167,538.5171882086167
5799,5799,538.6100680272109,538.6100680272109
5800,5800,538.7029478458049,538.7029478458049
5801,5801,538.7958276643991,538.7958276643991
5802,5802,538.8887074829931,538.8887074829931
5803,5803,538.9815873015873,538.9815873015873
5804,5804,539.0744671201815,539.0744671201815
5805,5805,539.1673469387755,539.1673469387755
5806,5806,539.2602267573697,539.2602267573697
5807,5807,539.3531065759637,539.3531065759637
5808,5808,539.4459863945578,539.4459863945578
5809,5809,539.5388662131519,539.5388662131519
5810,5810,539.631746031746,539.631746031746
5811,5811,539.7246258503401,539.7246258503401
5812,5812,539.8175056689342,539.8175056689342
5813,5813,539.9103854875284,539.9103854875284
5814,5814,540.0032653061224,540.0032653061224
5815,5815,540.0961451247166,540.0961451247166
5816,5816,540.1890249433106,540.1890249433106
5817,5817,540.2819047619048,540.2819047619048
5818,5818,540.3747845804988,540.3747845804988
5819,5819,540.467664399093,540.467664399093
5820,5820,540.560544217687,540.560544217687
5821,5821,540.6534240362812,540.6534240362812
5822,5822,540.7463038548752,540.7463038548752
5823,5823,540.8391836734694,540.8391836734694
5824,5824,540.9320634920635,540.9320634920635
5825,5825,541.0249433106576,541.0249433106576
5826,5826,541.1178231292517,541.1178231292517
5826,5827,541.1178231292517,541.2107029478458
5827,5828,541.2107029478458,541.30358276644
5828,5829,541.30358276644,541.396462585034
5829,5829,541.396462585034,541.396462585034
5830,5829,541.4893424036281,541.396462585034
5831,5830,541.5822222222222,541.4893424036281
5832,5831,541.6751020408163,541.5822222222222
5832,5832,541.6751020408163,541.6751020408163
5833,5833,541.7679818594104,541.7679818594104
5834,5834,541.8608616780045,541.8608616780045
5835,5835,541.9537414965987,541.9537414965987
5836,5836,542.0466213151927,542.0466213151927
5837,5837,542.1395011337869,542.1395011337869
5838,5838,542.2323809523809,542.2323809523809
5839,5839,542.3252607709751,542.3252607709751
5840,5840,542.4181405895691,542.4181405895691
5841,5841,542.5110204081633,542.5110204081633
5842,5842,542.6039002267573,542.6039002267573
5843,5843,542.6967800453515,542.6967800453515
5844,5844,542.7896598639455,542.7896598639455
5845,5845,542.8825396825397,542.8825396825397
5846,5846,542.9754195011338,542.9754195011338
5847,5847,543.0682993197279,543.0682993197279
5848,5848,543.161179138322,543.161179138322
5849,5849,543.2540589569161,543.2540589569161
5850,5850,543.3469387755102,543.3469387755102
5851,5851,543.4398185941043,543.4398185941043
5852,5852,543.5326984126984,543.5326984126984
5853,5853,543.6255782312925,543.6255782312925
5854,5854,543.7184580498866,543.7184580498866
5855,5855,543.8113378684807,543.8113378684807
5856,5856,543.9042176870748,543.9042176870748
5857,5857,543.997097505669,543.997097505669
5858,5858,544.089977324263,544.089977324263
5859,5859,544.1828571428572,544.1828571428572
5860,5860,544.2757369614512,544.2757369614512
5861,5861,544.3686167800454,544.3686167800454
5862,5862,544.4614965986394,544.4614965986394
5863,5863,544.5543764172336,544.5543764172336
5864,5864,544.6472562358276,544.6472562358276
5865,5865,544.7401360544218,544.7401360544218
5866,5866,544.8330158730158,544.8330158730158
5867,5867,544.92589569161,544.92589569161
5868,5868,545.0187755102041,545.0187755102041
5869,5869,545.1116553287982,545.1116553287982
5870,5870,545.2045351473923,545.2045351473923
5871,5871,545.2974149659864,545.2974149659864
5872,5872,545.3902947845805,545.3902947845805
5873,5873,545.4831746031746,545.4831746031746
5874,5874,545.5760544217687,545.5760544217687
5875,5875,545.6689342403628,545.6689342403628
5876,5876,545.7618140589569,545.7618140589569
5877,5877,545.854693877551,545.854693877551
5878,5878,545.9475736961451,545.9475736961451
5879,5879,546.0404535147393,546.0404535147393
5880,5880,546.1333333333333,546.1333333333333
5881,5881,546.2262131519275,546.2262131519275
5882,5882,546.3190929705215,546.3190929705215
5883,5883,546.4119727891157,546.4119727891157
5884,5884,546.5048526077097,546.5048526077097
5885,5885,546.5977324263039,546.5977324263039
5886,5886,546.6906122448979,546.6906122448979
5887,5887,546.7834920634921,546.7834920634921
5888,5888,546.8763718820861,546.8763718820861
5889,5889,546.9692517006803,546.9692517006803
5890,5890,547.0621315192744,547.0621315192744
5891,5891,547.1550113378685,547.1550113378685
5892,5892,547.2478911564626,547.2478911564626
5893,5893,547.3407709750567,547.3407709750567
5894,5894,547.4336507936508,547.4336507936508
5895,5895,547.5265306122449,547.5265306122449
5896,5896,547.619410430839,547.619410430839
5897,5897,547.7122902494331,547.7122902494331
5898,5898,547.8051700680272,547.8051700680272
5899,5899,547.8980498866213,547.8980498866213
5900,5900,547.9909297052154,547.9909297052154
5901,5901,548.0838095238096,548.0838095238096
5902,5902,548.1766893424036,548.1766893424036
5903,5903,548.2695691609978,548.2695691609978
5904,5904,548.3624489795918,548.3624489795918
5905,5905,548.455328798186,548.455328798186
5906,5906,548.54820861678,548.54820861678
5907,5907,548.6410884353742,548.6410884353742
5908,5908,548.7339682539682,548.7339682539682
5908,5909,548.7339682539682,548.8268480725624
5909,5910,548.8268480725624,548.9197278911564
5910,5911,548.9197278911564,549.0126077097506
5911,5912,549.0126077097506,549.1054875283447
5912,5912,549.1054875283447,549.1054875283447
5913,5912,549.1983673469388,549.1054875283447
5914,5913,549.2912471655329,549.1983673469388
5915,5914,549.384126984127,549.2912471655329
5915,5915,549.384126984127,549.384126984127
5916,5916,549.4770068027211,549.4770068027211
5917,5917,549.5698866213152,549.5698866213152
5918,5918,549.6627664399093,549.6627664399093
5919,5919,549.7556462585034,549.7556462585034
5920,5920,549.8485260770975,549.8485260770975
5921,5921,549.9414058956916,549.9414058956916
5922,5922,550.0342857142857,550.0342857142857
5923,5923,550.1271655328799,550.1271655328799
5923,5924,550.1271655328799,550.2200453514739
5924,5925,550.2200453514739,550.3129251700681
5925,5926,550.3129251700681,550.4058049886621
5926,5927,550.4058049886621,550.4986848072563
5927,5928,550.4986848072563,550.5915646258503
5928,5929,550.5915646258503,550.6844444444445
5929,5930,550.6844444444445,550.7773242630385
5930,5931,550.7773242630385,550.8702040816327
5931,5932,550.8702040816327,550.9630839002267
5932,5933,550.9630839002267,551.0559637188209
5933,5934,551.0559637188209,551.148843537415
5934,5935,551.148843537415,551.2417233560091
5935,5935,551.2417233560091,551.2417233560091
5936,5936,551.3346031746032,551.3346031746032
5937,5937,551.4274829931973,551.4274829931973
5938,5938,551.5203628117914,551.5203628117914
5939,5939,551.6132426303855,551.6132426303855
5940,5940,551.7061224489796,551.7061224489796
5941,5941,551.7990022675737,551.7990022675737
5942,5942,551.8918820861678,551.8918820861678
5943,5943,551.9847619047619,551.9847619047619
5944,5944,552.077641723356,552.077641723356
5945,5945,552.1705215419502,552.1705215419502
5946,5946,552.2634013605442,552.2634013605442
5947,5947,552.3562811791384,552.3562811791384
5948,5948,552.4491609977324,552.4491609977324
5949,5949,552.5420408163266,552.5420408163266
5950,5950,552.6349206349206,552.6349206349206
5951,5951,552.7278004535148,552.7278004535148
5952,5952,552.8206802721088,552.8206802721088
5953,5953,552.913560090703,552.913560090703
5954,5954,553.006439909297,553.006439909297
5955,5955,553.0993197278912,553.0993197278912
5956,5956,553.1921995464853,553.1921995464853
5957,5957,553.2850793650794,553.2850793650794
5958,5958,553.3779591836735,553.3779591836735
5959,5959,553.4708390022676,553.4708390022676
5960,5960,553.5637188208617,553.5637188208617
5961,5961,553.6565986394558,553.6565986394558
5962,5962,553.7494784580499,553.7494784580499
5963,5963,553.842358276644,553.842358276644
5964,5964,553.9352380952381,553.9352380952381
5965,5965,554.0281179138321,554.0281179138321
5966,5966,554.1209977324263,554.1209977324263
5967,5967,554.2138775510205,554.2138775510205
5968,5968,554.3067573696145,554.3067573696145
5969,5969,554.3996371882087,554.3996371882087
5970,5970,554.4925170068027,554.4925170068027
5971,5971,554.5853968253969,554.5853968253969
5972,5972,554.6782766439909,554.6782766439909
5973,5973,554.771156462585,554.771156462585
5974,5974,554.8640362811791,554.8640362811791
5975,5975,554.9569160997733,554.9569160997733
5976,5976,555.0497959183673,555.0497959183673
5977,5977,555.1426757369615,555.1426757369615
5978,5978,555.2355555555556,555.2355555555556
5979,5979,555.3284353741496,555.3284353741496
5980,5980,555.4213151927438,555.4213151927438
5981,5981,555.5141950113378,555.5141950113378
5982,5982,555.607074829932,555.607074829932
5983,5983,555.699954648526,555.699954648526
5984,5984,555.7928344671202,555.7928344671202
5985,5985,555.8857142857142,555.8857142857142
5986,5986,555.9785941043084,555.9785941043084
5987,5987,556.0714739229024,556.0714739229024
5988,5988,556.1643537414966,556.1643537414966
5989,5989,556.2572335600908,556.2572335600908
5990,5990,556.3501133786848,556.3501133786848
5991,5991,556.442993197279,556.442993197279
5992,5992,556.535873015873,556.535873015873
5993,5993,556.6287528344672,556.6287528344672
5994,5994,556.7216326530612,556.7216326530612
5995,5995,556.8145124716553,556.8145124716553
5996,5996,556.9073922902494,556.9073922902494
5997,5997,557.0002721088435,557.0002721088435
5998,5998,557.0931519274376,557.0931519274376
5999,5999,557.1860317460317,557.1860317460317
6000,6000,557.2789115646259,557.2789115646259
6001,6001,557.3717913832199,557.3717913832199
6002,6002,557.4646712018141,557.4646712018141
6003,6003,557.5575510204081,557.5575510204081
6004,6004,557.6504308390023,557.6504308390023
6005,6005,557.7433106575963,557.7433106575963
6006,6006,557.8361904761905,557.8361904761905
6007,6007,557.9290702947845,557.9290702947845
6008,6008,558.0219501133787,558.0219501133787
6009,6009,558.1148299319727,558.1148299319727
6010,6010,558.2077097505669,558.2077097505669
6011,6011,558.300589569161,558.300589569161
6011,6012,558.300589569161,558.3934693877551
6012,6013,558.3934693877551,558.4863492063492
6013,6013,558.4863492063492,558.4863492063492
6014,6014,558.5792290249433,558.5792290249433
6015,6015,558.6721088435374,558.6721088435374
6016,6016,558.7649886621315,558.7649886621315
6017,6017,558.8578684807256,558.8578684807256
6018,6018,558.9507482993197,558.9507482993197
6019,6019,559.0436281179138,559.0436281179138
6020,6020,559.1365079365079,559.1365079365079
6021,6021,559.229387755102,559.229387755102
6022,6022,559.3222675736962,559.3222675736962
6023,6023,559.4151473922902,559.4151473922902
6023,6024,559.4151473922902,559.5080272108844
6023,6025,559.4151473922902,559.6009070294784
6024,6026,559.5080272108844,559.6937868480726
6025,6026,559.6009070294784,559.6937868480726
6026,6026,559.6937868480726,559.6937868480726
6027,6026,559.7866666666666,559.6937868480726
6028,6027,559.8795464852608,559.7866666666666
6029,6028,559.9724263038548,559.8795464852608
6030,6029,560.065306122449,559.9724263038548
6030,6030,560.065306122449,560.065306122449
6031,6031,560.158185941043,560.158185941043
6032,6032,560.2510657596372,560.2510657596372
6033,6033,560.3439455782313,560.3439455782313
6034,6034,560.4368253968254,560.4368253968254
6035,6035,560.5297052154195,560.5297052154195
6036,6036,560.6225850340136,560.6225850340136
6037,6037,560.7154648526077,560.7154648526077
6038,6037,560.8083446712018,560.7154648526077
6039,6038,560.9012244897959,560.8083446712018
6040,6039,560.99410430839,560.9012244897959
6040,6040,560.99410430839,560.99410430839
6041,6041,561.0869841269841,561.0869841269841
6042,6042,561.1798639455782,561.1798639455782
6043,6043,561.2727437641723,561.2727437641723
6044,6044,561.3656235827665,561.3656235827665
6045,6045,561.4585034013605,561.4585034013605
6046,6046,561.5513832199547,561.5513832199547
6047,6047,561.6442630385487,561.6442630385487
6048,6048,561.7371428571429,561.7371428571429
6049,6049,561.8300226757369,561.8300226757369
6050,6050,561.9229024943311,561.9229024943311
6051,6051,562.0157823129251,562.0157823129251
6052,6052,562.1086621315193,562.1086621315193
6053,6053,562.2015419501133,562.2015419501133
6054,6054,562.2944217687075,562.2944217687075
6055,6055,562.3873015873016,562.3873015873016
6056,6056,562.4801814058957,562.4801814058957
6057,6057,562.5730612244898,562.5730612244898
6058,6058,562.6659410430839,562.6659410430839
6059,6059,562.758820861678,562.758820861678
6060,6060,562.8517006802721,562.8517006802721
6061,6061,562.9445804988662,562.9445804988662
6062,6062,563.0374603174603,563.0374603174603
6063,6063,563.1303401360544,563.1303401360544
6064,6064,563.2232199546485,563.2232199546485
6065,6065,563.3160997732426,563.3160997732426
6066,6066,563.4089795918368,563.4089795918368
6067,6067,563.5018594104308,563.5018594104308
6068,6068,563.594739229025,563.594739229025
6069,6069,563.687619047619,563.687619047619
6070,6070,563.7804988662132,563.7804988662132
6071,6071,563.8733786848072,563.8733786848072
6072,6072,563.9662585034014,563.9662585034014
6073,6073,564.0591383219954,564.0591383219954
6074,6074,564.1520181405896,564.1520181405896
6075,6075,564.2448979591836,564.2448979591836
6076,6076,564.3377777777778,564.3377777777778
6077,6077,564.4306575963719,564.4306575963719
6078,6078,564.523537414966,564.523537414966
6079,6079,564.6164172335601,564.6164172335601
6080,6080,564.7092970521542,564.7092970521542
6081,6081,564.8021768707483,564.8021768707483
6082,6082,564.8950566893424,564.8950566893424
6083,6083,564.9879365079365,564.9879365079365
6084,6084,565.0808163265306,565.0808163265306
6085,6085,565.1736961451247,565.1736961451247
6086,6086,565.2665759637188,565.2665759637188
6087,6087,565.3594557823129,565.3594557823129
6088,6087,565.4523356009071,565.3594557823129
6089,6088,565.5452154195011,565.4523356009071
6090,6089,565.6380952380953,565.5452154195011
6090,6090,565.6380952380953,565.6380952380953
6091,6091,565.7309750566893,565.7309750566893
6092,6092,565.8238548752835,565.8238548752835
6093,6093,565.9167346938775,565.9167346938775
6094,6094,566.0096145124717,566.0096145124717
6095,6095,566.1024943310657,566.1024943310657
6096,6096,566.1953741496599,566.1953741496599
6097,6097,566.2882539682539,566.2882539682539
6098,6098,566.3811337868481,566.3811337868481
6099,6099,566.4740136054422,566.4740136054422
6100,6100,566.5668934240363,566.5668934240363
6101,6101,566.6597732426304,566.6597732426304
6102,6102,566.7526530612245,566.7526530612245
6103,6103,566.8455328798186,566.8455328798186
6104,6104,566.9384126984127,566.9384126984127
6105,6105,567.0312925170068,567.0312925170068
6106,6106,567.1241723356009,567.1241723356009
6107,6107,567.217052154195,567.217052154195
6108,6108,567.3099319727891,567.3099319727891
6109,6109,567.4028117913832,567.4028117913832
6110,6110,567.4956916099774,567.4956916099774
6111,6111,567.5885714285714,567.5885714285714
6112,6112,567.6814512471656,567.6814512471656
6113,6113,567.7743310657596,567.7743310657596
6114,6114,567.8672108843538,567.8672108843538
6115,6115,567.9600907029478,567.9600907029478
6116,6116,568.052970521542,568.052970521542
6117,6117,568.145850340136,568.145850340136
6118,6118,568.2387301587302,568.2387301587302
6119,6119,568.3316099773243,568.3316099773243
6120,6120,568.4244897959184,568.4244897959184
6121,6121,568.5173696145125,568.5173696145125
6122,6122,568.6102494331066,568.6102494331066
6123,6123,568.7031292517007,568.7031292517007
6124,6124,568.7960090702948,568.7960090702948
6125,6125,568.8888888888889,568.8888888888889
6126,6126,568.981768707483,568.981768707483
6127,6127,569.0746485260771,569.0746485260771
6128,6128,569.1675283446712,569.1675283446712
6129,6129,569.2604081632653,569.2604081632653
6130,6130,569.3532879818595,569.3532879818595
6131,6131,569.4461678004535,569.4461678004535
6132,6132,569.5390476190477,569.5390476190477
6133,6133,569.6319274376417,569.6319274376417
6134,6134,569.7248072562359,569.7248072562359
6135,6135,569.8176870748299,569.8176870748299
6135,6136,569.8176870748299,569.9105668934241
6136,6137,569.9105668934241,570.0034467120181
6137,6138,570.0034467120181,570.0963265306123
6138,6138,570.0963265306123,570.0963265306123
6139,6138,570.1892063492063,570.0963265306123
6140,6139,570.2820861678005,570.1892063492063
6141,6140,570.3749659863946,570.2820861678005
6142,6141,570.4678458049887,570.3749659863946
6142,6142,570.4678458049887,570.4678458049887
6143,6143,570.5607256235828,570.5607256235828
6144,6144,570.6536054421769,570.6536054421769
6145,6145,570.746485260771,570.746485260771
6146,6146,570.839365079365,570.839365079365
6147,6147,570.9322448979592,570.9322448979592
6148,6148,571.0251247165533,571.0251247165533
6149,6149,571.1180045351474,571.1180045351474
6150,6150,571.2108843537414,571.2108843537414
6151,6151,571.3037641723356,571.3037641723356
6152,6152,571.3966439909298,571.3966439909298
6153,6153,571.4895238095238,571.4895238095238
6154,6154,571.582403628118,571.582403628118
6155,6155,571.675283446712,571.675283446712
6156,6156,571.7681632653062,571.7681632653062
6157,6157,571.8610430839002,571.8610430839002
6158,6158,571.9539229024944,571.9539229024944
6159,6159,572.0468027210884,572.0468027210884
6160,6160,572.1396825396826,572.1396825396826
6161,6161,572.2325623582766,572.2325623582766
6162,6162,572.3254421768708,572.3254421768708
6163,6163,572.4183219954649,572.4183219954649
6164,6164,572.511201814059,572.511201814059
6165,6165,572.6040816326531,572.6040816326531
6166,6166,572.6969614512471,572.6969614512471
6167,6167,572.7898412698413,572.7898412698413
6168,6168,572.8827210884353,572.8827210884353
6169,6169,572.9756009070295,572.9756009070295
6170,6170,573.0684807256235,573.0684807256235
6171,6171,573.1613605442177,573.1613605442177
6172,6172,573.2542403628117,573.2542403628117
6173,6173,573.3471201814059,573.3471201814059
6174,6174,573.44,573.44
6175,6175,573.5328798185941,573.5328798185941
6176,6176,573.6257596371883,573.6257596371883
6177,6177,573.7186394557823,573.7186394557823
6178,6178,573.8115192743765,573.8115192743765
6179,6179,573.9043990929705,573.9043990929705
6180,6180,573.9972789115646,573.9972789115646
6181,6181,574.0901587301587,574.0901587301587
6182,6181,574.1830385487528,574.0901587301587
6183,6182,574.2759183673469,574.1830385487528
6184,6183,574.368798185941,574.2759183673469
6184,6184,574.368798185941,574.368798185941
6185,6185,574.4616780045352,574.4616780045352
6186,6186,574.5545578231292,574.5545578231292
6187,6187,574.6474376417234,574.6474376417234
6188,6188,574.7403174603174,574.7403174603174
6189,6189,574.8331972789116,574.8331972789116
6190,6190,574.9260770975056,574.9260770975056
6191,6191,575.0189569160998,575.0189569160998
6192,6192,575.1118367346938,575.1118367346938
6193,6193,575.204716553288,575.204716553288
6194,6194,575.297596371882,575.297596371882
6195,6195,575.3904761904762,575.3904761904762
6196,6196,575.4833560090703,575.4833560090703
6197,6197,575.5762358276644,575.5762358276644
6198,6198,575.6691156462585,575.6691156462585
6199,6199,575.7619954648526,575.7619954648526
6200,6200,575.8548752834467,575.8548752834467
6201,6201,575.9477551020408,575.9477551020408
6202,6202,576.040634920635,576.040634920635
6203,6203,576.133514739229,576.133514739229
6204,6204,576.2263945578231,576.2263945578231
6205,6205,576.3192743764172,576.3192743764172
6206,6206,576.4121541950113,576.4121541950113
6207,6207,576.5050340136055,576.5050340136055
6208,6208,576.5979138321995,576.5979138321995
6209,6209,576.6907936507937,576.6907936507937
6210,6210,576.7836734693877,576.7836734693877
6211,6211,576.8765532879819,576.8765532879819
6212,6212,576.9694331065759,576.9694331065759
6213,6213,577.0623129251701,577.0623129251701
6214,6214,577.1551927437641,577.1551927437641
6215,6215,577.2480725623583,577.2480725623583
6216,6216,577.3409523809523,577.3409523809523
6217,6217,577.4338321995465,577.4338321995465
6218,6218,577.5267120181406,577.5267120181406
6219,6219,577.6195918367347,577.6195918367347
6220,6220,577.7124716553288,577.7124716553288
6221,6221,577.8053514739229,577.8053514739229
6221,6222,577.8053514739229,577.898231292517
6222,6223,577.898231292517,577.9911111111111
6223,6224,577.9911111111111,578.0839909297052
6224,6225,578.0839909297052,578.1768707482993
6225,6226,578.1768707482993,578.2697505668934
6226,6227,578.2697505668934,578.3626303854875
6227,6227,578.3626303854875,578.3626303854875
6228,6228,578.4555102040816,578.4555102040816
6229,6228,578.5483900226758,578.4555102040816
6230,6229,578.6412698412698,578.5483900226758
6231,6230,578.734149659864,578.6412698412698
6231,6231,578.734149659864,578.734149659864
6232,6232,578.827029478458,578.827029478458
6233,6233,578.9199092970522,578.9199092970522
6234,6234,579.0127891156462,579.0127891156462
6235,6235,579.1056689342404,579.1056689342404
6236,6236,579.1985487528344,579.1985487528344
6237,6237,579.2914285714286,579.2914285714286
6238,6238,579.3843083900226,579.3843083900226
6239,6239,579.4771882086168,579.4771882086168
6240,6240,579.5700680272109,579.5700680272109
6241,6241,579.662947845805,579.662947845805
6242,6242,579.7558276643991,579.7558276643991
6243,6243,579.8487074829932,579.8487074829932
6244,6244,579.9415873015873,579.9415873015873
6245,6245,580.0344671201814,580.0344671201814
6246,6246,580.1273469387755,580.1273469387755
6247,6247,580.2202267573696,580.2202267573696
6248,6248,580.3131065759637,580.3131065759637
6249,6249,580.4059863945578,580.4059863945578
6250,6249,580.4988662131519,580.4059863945578
6251,6250,580.5917460317461,580.4988662131519
6251,6251,580.5917460317461,580.5917460317461
6252,6252,580.6846258503401,580.6846258503401
6253,6253,580.7775056689343,580.7775056689343
6254,6254,580.8703854875283,580.8703854875283
6255,6255,580.9632653061225,580.9632653061225
6256,6256,581.0561451247165,581.0561451247165
6257,6257,581.1490249433107,581.1490249433107
6258,6258,581.2419047619047,581.2419047619047
6259,6259,581.3347845804989,581.3347845804989
6260,6260,581.4276643990929,581.4276643990929
6261,6261,581.5205442176871,581.5205442176871
6262,6262,581.6134240362812,581.6134240362812
6263,6263,581.7063038548753,581.7063038548753
6264,6264,581.7991836734694,581.7991836734694
6265,6265,581.8920634920635,581.8920634920635
6266,6266,581.9849433106576,581.9849433106576
6267,6267,582.0778231292517,582.0778231292517
6268,6268,582.1707029478458,582.1707029478458
6269,6269,582.2635827664399,582.2635827664399
6270,6270,582.356462585034,582.356462585034
6271,6271,582.4493424036281,582.4493424036281
6272,6272,582.5422222222222,582.5422222222222
6273,6273,582.6351020408164,582.6351020408164
6274,6274,582.7279818594104,582.7279818594104
6275,6275,582.8208616780046,582.8208616780046
6276,6276,582.9137414965986,582.9137414965986
6277,6277,583.0066213151928,583.0066213151928
6278,6278,583.0995011337868,583.0995011337868
6279,6279,583.192380952381,583.192380952381
6280,6280,583.285260770975,583.285260770975
6281,6281,583.3781405895692,583.3781405895692
6282,6282,583.4710204081632,583.4710204081632
6282,6283,583.4710204081632,583.5639002267574
6282,6284,583.4710204081632,583.6567800453515
6282,6285,583.4710204081632,583.7496598639456
6283,6286,583.5639002267574,583.8425396825397
6284,6287,583.6567800453515,583.9354195011338
6285,6287,583.7496598639456,583.9354195011338
6286,6287,583.8425396825397,583.9354195011338
6287,6287,583.9354195011338,583.9354195011338
6288,6288,584.0282993197279,584.0282993197279
6289,6289,584.121179138322,584.121179138322
6290,6290,584.2140589569161,584.2140589569161
6291,6291,584.3069387755102,584.3069387755102
6292,6292,584.3998185941043,584.3998185941043
6293,6293,584.4926984126984,584.4926984126984
6294,6294,584.5855782312925,584.5855782312925
6295,6295,584.6784580498867,584.6784580498867
6296,6296,584.7713378684807,584.7713378684807
6297,6297,584.8642176870749,584.8642176870749
6298,6298,584.9570975056689,584.9570975056689
6299,6299,585.0499773242631,585.0499773242631
6300,6300,585.1428571428571,585.1428571428571
6301,6301,585.2357369614513,585.2357369614513
6302,6302,585.3286167800453,585.3286167800453
6303,6303,585.4214965986395,585.4214965986395
6304,6304,585.5143764172335,585.5143764172335
6305,6305,585.6072562358277,585.6072562358277
6306,6306,585.7001360544218,585.7001360544218
6307,6307,585.7930158730159,585.7930158730159
6308,6308,585.88589569161,585.88589569161
6309,6309,585.9787755102041,585.9787755102041
6310,6310,586.0716553287982,586.0716553287982
6311,6311,586.1645351473923,586.1645351473923
6312,6312,586.2574149659864,586.2574149659864
6313,6313,586.3502947845805,586.3502947845805
6314,6314,586.4431746031746,586.4431746031746
6315,6315,586.5360544217687,586.5360544217687
6316,6316,586.6289342403628,586.6289342403628
6317,6317,586.721814058957,586.721814058957
6318,6318,586.814693877551,586.814693877551
6319,6319,586.9075736961452,586.9075736961452
6320,6320,587.0004535147392,587.0004535147392
6321,6321,587.0933333333334,587.0933333333334
6322,6321,587.1862131519274,587.0933333333334
6323,6322,587.2790929705216,587.1862131519274
6324,6323,587.3719727891156,587.2790929705216
6325,6324,587.4648526077098,587.3719727891156
6325,6325,587.4648526077098,587.4648526077098
6326,6326,587.5577324263038,587.5577324263038
6327,6327,587.650612244898,587.650612244898
6328,6328,587.7434920634921,587.7434920634921
6329,6329,587.8363718820862,587.8363718820862
6330,6330,587.9292517006803,587.9292517006803
6331,6331,588.0221315192744,588.0221315192744
6332,6332,588.1150113378685,588.1150113378685
6333,6333,588.2078911564626,588.2078911564626
6334,6334,588.3007709750567,588.3007709750567
6335,6335,588.3936507936507,588.3936507936507
6336,6336,588.4865306122449,588.4865306122449
6337,6337,588.579410430839,588.579410430839
6338,6338,588.6722902494331,588.6722902494331
6339,6339,588.7651700680273,588.7651700680273
6340,6340,588.8580498866213,588.8580498866213
6341,6341,588.9509297052155,588.9509297052155
6342,6342,589.0438095238095,589.0438095238095
6343,6343,589.1366893424037,589.1366893424037
6344,6344,589.2295691609977,589.2295691609977
6345,6345,589.3224489795919,589.3224489795919
6346,6346,589.4153287981859,589.4153287981859
6347,6347,589.50820861678,589.50820861678
6347,6348,589.50820861678,589.6010884353741
6348,6349,589.6010884353741,589.6939682539683
6349,6350,589.6939682539683,589.7868480725624
6350,6351,589.7868480725624,589.8797278911564
6351,6352,589.8797278911564,589.9726077097506
6352,6352,589.9726077097506,589.9726077097506
6353,6353,590.0654875283446,590.0654875283446
6354,6354,590.1583673469388,590.1583673469388
6355,6354,590.2512471655328,590.1583673469388
6356,6354,590.344126984127,590.1583673469388
6357,6355,590.437006802721,590.2512471655328
6358,6356,590.5298866213152,590.344126984127
6358,6357,590.5298866213152,590.437006802721
6358,6358,590.5298866213152,590.5298866213152
6359,6359,590.6227664399092,590.6227664399092
6360,6360,590.7156462585034,590.7156462585034
6361,6361,590.8085260770976,590.8085260770976
6362,6362,590.9014058956916,590.9014058956916
6363,6363,590.9942857142858,590.9942857142858
6364,6364,591.0871655328798,591.0871655328798
6365,6365,591.180045351474,591.180045351474
6366,6366,591.272925170068,591.272925170068
6367,6367,591.3658049886621,591.3658049886621
6368,6368,591.4586848072562,591.4586848072562
6369,6369,591.5515646258503,591.5515646258503
6370,6370,591.6444444444444,591.6444444444444
6371,6371,591.7373242630385,591.7373242630385
6372,6372,591.8302040816327,591.8302040816327
6373,6373,591.9230839002267,591.9230839002267
6374,6374,592.0159637188209,592.0159637188209
6375,6375,592.1088435374149,592.1088435374149
6376,6376,592.2017233560091,592.2017233560091
6377,6377,592.2946031746031,592.2946031746031
6378,6378,592.3874829931973,592.3874829931973
6379,6379,592.4803628117913,592.4803628117913
6380,6380,592.5732426303855,592.5732426303855
6381,6381,592.6661224489795,592.6661224489795
6382,6382,592.7590022675737,592.7590022675737
6383,6383,592.8518820861678,592.8518820861678
6384,6384,592.9447619047619,592.9447619047619
6385,6385,593.037641723356,593.037641723356
6386,6386,593.1305215419501,593.1305215419501
6387,6387,593.2234013605442,593.2234013605442
6388,6388,593.3162811791383,593.3162811791383
6389,6389,593.4091609977324,593.4091609977324
6390,6390,593.5020408163265,593.5020408163265
6391,6391,593.5949206349206,593.5949206349206
6392,6392,593.6878004535147,593.6878004535147
6393,6393,593.7806802721088,593.7806802721088
6394,6394,593.873560090703,593.873560090703
6395,6395,593.966439909297,593.966439909297
6396,6396,594.0593197278912,594.0593197278912
6397,6397,594.1521995464852,594.1521995464852
6398,6398,594.2450793650794,594.2450793650794
6399,6399,594.3379591836734,594.3379591836734
6400,6400,594.4308390022676,594.4308390022676
6401,6401,594.5237188208616,594.5237188208616
6402,6402,594.6165986394558,594.6165986394558
6403,6403,594.7094784580498,594.7094784580498
6404,6404,594.802358276644,594.802358276644
6405,6405,594.8952380952381,594.8952380952381
6406,6406,594.9881179138322,594.9881179138322
6407,6407,595.0809977324263,595.0809977324263
6408,6408,595.1738775510204,595.1738775510204
6409,6409,595.2667573696145,595.2667573696145
6410,6409,595.3596371882086,595.2667573696145
6411,6409,595.4525170068027,595.2667573696145
6412,6409,595.5453968253968,595.2667573696145
6413,6410,595.6382766439909,595.3596371882086
6414,6411,595.7311564625851,595.4525170068027
6415,6412,595.8240362811791,595.5453968253968
6416,6413,595.9169160997733,595.6382766439909
6417,6414,596.0097959183673,595.7311564625851
6417,6415,596.0097959183673,595.8240362811791
6417,6416,596.0097959183673,595.9169160997733
6417,6417,596.0097959183673,596.0097959183673
6418,6418,596.1026757369615,596.1026757369615
6419,6419,596.1955555555555,596.1955555555555
6420,6420,596.2884353741497,596.2884353741497
6421,6421,596.3813151927437,596.3813151927437
6422,6422,596.4741950113379,596.4741950113379
6423,6423,596.5670748299319,596.5670748299319
6424,6424,596.6599546485261,596.6599546485261
6425,6425,596.7528344671202,596.7528344671202
6426,6426,596.8457142857143,596.8457142857143
6427,6427,596.9385941043084,596.9385941043084
6428,6428,597.0314739229025,597.0314739229025
6429,6429,597.1243537414966,597.1243537414966
6430,6430,597.2172335600907,597.2172335600907
6431,6431,597.3101133786848,597.3101133786848
6432,6432,597.4029931972789,597.4029931972789
6433,6433,597.495873015873,597.495873015873
6434,6434,597.5887528344671,597.5887528344671
6435,6435,597.6816326530612,597.6816326530612
6436,6436,597.7745124716554,597.7745124716554
6437,6437,597.8673922902494,597.8673922902494
6438,6438,597.9602721088436,597.9602721088436
6439,6439,598.0531519274376,598.0531519274376
6440,6440,598.1460317460318,598.1460317460318
6441,6441,598.2389115646258,598.2389115646258
6441,6442,598.2389115646258,598.33179138322
6442,6443,598.33179138322,598.424671201814
6443,6444,598.424671201814,598.5175510204082
6444,6444,598.5175510204082,598.5175510204082
6445,6444,598.6104308390022,598.5175510204082
6446,6445,598.7033106575964,598.6104308390022
6446,6446,598.7033106575964,598.7033106575964
6447,6447,598.7961904761905,598.7961904761905
6448,6448,598.8890702947846,598.8890702947846
6449,6449,598.9819501133787,598.9819501133787
6450,6450,599.0748299319728,599.0748299319728
6451,6451,599.1677097505669,599.1677097505669
6452,6452,599.260589569161,599.260589569161
6453,6453,599.3534693877551,599.3534693877551
6454,6454,599.4463492063492,599.4463492063492
6455,6455,599.5392290249433,599.5392290249433
6456,6456,599.6321088435374,599.6321088435374
6457,6457,599.7249886621315,599.7249886621315
6458,6458,599.8178684807257,599.8178684807257
6459,6459,599.9107482993197,599.9107482993197
6460,6460,600.0036281179139,600.0036281179139
6461,6461,600.0965079365079,600.0965079365079
6462,6462,600.1893877551021,600.1893877551021
6463,6463,600.2822675736961,600.2822675736961
6464,6464,600.3751473922903,600.3751473922903
6465,6465,600.4680272108843,600.4680272108843
6466,6466,600.5609070294785,600.5609070294785
6467,6467,600.6537868480725,600.6537868480725
6468,6468,600.7466666666667,600.7466666666667
6469,6469,600.8395464852608,600.8395464852608
6470,6470,600.9324263038549,600.9324263038549
6471,6471,601.025306122449,601.025306122449
6472,6472,601.1181859410431,601.1181859410431
6473,6473,601.2110657596372,601.2110657596372
6474,6474,601.3039455782313,601.3039455782313
6475,6475,601.3968253968254,601.3968253968254
6476,6476,601.4897052154195,601.4897052154195
6477,6477,601.5825850340136,601.5825850340136
6478,6478,601.6754648526077,601.6754648526077
6479,6479,601.7683446712018,601.7683446712018
6480,6480,601.861224489796,601.861224489796
6481,6481,601.95410430839,601.95410430839
6482,6482,602.0469841269842,602.0469841269842
6483,6483,602.1398639455782,602.1398639455782
6484,6484,602.2327437641724,602.2327437641724
6485,6485,602.3256235827664,602.3256235827664
6486,6486,602.4185034013606,602.4185034013606
6487,6487,602.5113832199546,602.5113832199546
6488,6488,602.6042630385488,602.6042630385488
6489,6489,602.6971428571428,602.6971428571428
6490,6490,602.790022675737,602.790022675737
6491,6491,602.8829024943311,602.8829024943311
6492,6492,602.9757823129252,602.9757823129252
6493,6493,603.0686621315193,603.0686621315193
6494,6494,603.1615419501134,603.1615419501134
6495,6495,603.2544217687075,603.2544217687075
6496,6496,603.3473015873016,603.3473015873016
6497,6497,603.4401814058957,603.4401814058957
6498,6498,603.5330612244898,603.5330612244898
6499,6499,603.6259410430839,603.6259410430839
6500,6500,603.718820861678,603.718820861678
6501,6501,603.8117006802721,603.8117006802721
6502,6502,603.9045804988663,603.9045804988663
6503,6502,603.9974603174603,603.9045804988663
6504,6503,604.0903401360545,603.9974603174603
6504,6504,604.0903401360545,604.0903401360545
6505,6505,604.1832199546485,604.1832199546485
6506,6506,604.2760997732427,604.2760997732427
6507,6507,604.3689795918367,604.3689795918367
6508,6508,604.4618594104309,604.4618594104309
6509,6509,604.5547392290249,604.5547392290249
6510,6510,604.6476190476191,604.6476190476191
6511,6511,604.7404988662131,604.7404988662131
6512,6512,604.8333786848073,604.8333786848073
6513,6513,604.9262585034014,604.9262585034014
6514,6514,605.0191383219955,605.0191383219955
6515,6514,605.1120181405896,605.0191383219955
6516,6515,605.2048979591837,605.1120181405896
6517,6516,605.2977777777778,605.2048979591837
6518,6517,605.3906575963719,605.2977777777778
6519,6518,605.483537414966,605.3906575963719
6520,6519,605.57641723356,605.483537414966
6520,6520,605.57641723356,605.57641723356
6521,6521,605.6692970521542,605.6692970521542
6522,6522,605.7621768707482,605.7621768707482
6523,6523,605.8550566893424,605.8550566893424
6524,6524,605.9479365079366,605.9479365079366
6525,6525,606.0408163265306,606.0408163265306
6526,6526,606.1336961451248,606.1336961451248
6527,6527,606.2265759637188,606.2265759637188
6528,6528,606.319455782313,606.319455782313
6529,6529,606.412335600907,606.412335600907
6530,6530,606.5052154195012,606.5052154195012
6531,6531,606.5980952380952,606.5980952380952
6532,6532,606.6909750566894,606.6909750566894
6533,6533,606.7838548752834,606.7838548752834
6534,6534,606.8767346938776,606.8767346938776
6535,6535,606.9696145124717,606.9696145124717
6536,6536,607.0624943310657,607.0624943310657
6537,6537,607.1553741496599,607.1553741496599
6538,6538,607.248253968254,607.248253968254
6539,6539,607.3411337868481,607.3411337868481
6540,6540,607.4340136054421,607.4340136054421
6541,6541,607.5268934240363,607.5268934240363
6542,6542,607.6197732426303,607.6197732426303
6543,6543,607.7126530612245,607.7126530612245
6544,6544,607.8055328798185,607.8055328798185
6545,6545,607.8984126984127,607.8984126984127
6546,6546,607.9912925170069,607.9912925170069
6547,6547,608.0841723356009,608.0841723356009
6548,6548,608.177052154195,608.177052154195
6549,6549,608.2699319727891,608.2699319727891
6550,6550,608.3628117913833,608.3628117913833
6551,6551,608.4556916099773,608.4556916099773
6552,6552,608.5485714285714,608.5485714285714
6553,6553,608.6414512471655,608.6414512471655
6554,6554,608.7343310657596,608.7343310657596
6555,6555,608.8272108843537,608.8272108843537
6556,6556,608.9200907029478,608.9200907029478
6557,6557,609.012970521542,609.012970521542
6558,6558,609.105850340136,609.105850340136
6559,6559,609.1987301587302,609.1987301587302
6560,6560,609.2916099773242,609.2916099773242
6561,6561,609.3844897959184,609.3844897959184
6562,6562,609.4773696145124,609.4773696145124
6563,6563,609.5702494331066,609.5702494331066
6564,6564,609.6631292517006,609.6631292517006
6565,6565,609.7560090702948,609.7560090702948
6566,6566,609.8488888888888,609.8488888888888
6567,6567,609.941768707483,609.941768707483
6568,6568,610.0346485260771,610.0346485260771
6569,6569,610.1275283446712,610.1275283446712
6570,6570,610.2204081632653,610.2204081632653
6571,6571,610.3132879818594,610.3132879818594
6572,6572,610.4061678004535,610.4061678004535
6573,6573,610.4990476190476,610.4990476190476
6574,6574,610.5919274376417,610.5919274376417
6575,6575,610.6848072562358,610.6848072562358
6576,6576,610.7776870748299,610.7776870748299
6576,6577,610.7776870748299,610.870566893424
6576,6578,610.7776870748299,610.9634467120181
6577,6579,610.870566893424,611.0563265306123
6578,6579,610.9634467120181,611.0563265306123
6579,6579,611.0563265306123,611.0563265306123
6580,6579,611.1492063492063,611.0563265306123
6581,6579,611.2420861678005,611.0563265306123
6582,6579,611.3349659863945,611.0563265306123
6583,6580,611.4278458049887,611.1492063492063
6583,6581,611.4278458049887,611.2420861678005
6583,6582,611.4278458049887,611.3349659863945
6584,6583,611.5207256235827,611.4278458049887
6584,6584,611.5207256235827,611.5207256235827
6585,6585,611.6136054421769,611.6136054421769
6586,6586,611.7064852607709,611.7064852607709
6587,6587,611.7993650793651,611.7993650793651
6588,6588,611.8922448979591,611.8922448979591
6589,6589,611.9851247165533,611.9851247165533
6590,6590,612.0780045351474,612.0780045351474
6591,6591,612.1708843537415,612.1708843537415
6592,6592,612.2637641723356,612.2637641723356
6593,6593,612.3566439909297,612.3566439909297
6594,6594,612.4495238095238,612.4495238095238
6595,6594,612.5424036281179,612.4495238095238
6596,6594,612.635283446712,612.4495238095238
6597,6595,612.7281632653061,612.5424036281179
6598,6596,612.8210430839002,612.635283446712
6599,6597,612.9139229024943,612.7281632653061
6600,6598,613.0068027210884,612.8210430839002
6601,6599,613.0996825396826,612.9139229024943
6602,6600,613.1925623582766,613.0068027210884
6602,6601,613.1925623582766,613.0996825396826
6603,6602,613.2854421768708,613.1925623582766
6603,6603,613.2854421768708,613.2854421768708
6604,6604,613.3783219954648,613.3783219954648
6605,6605,613.471201814059,613.471201814059
6606,6606,613.564081632653,613.564081632653
6607,6607,613.6569614512472,613.6569614512472
6608,6608,613.7498412698412,613.7498412698412
6609,6609,613.8427210884354,613.8427210884354
6610,6610,613.9356009070294,613.9356009070294
6611,6611,614.0284807256236,614.0284807256236
6612,6612,614.1213605442177,614.1213605442177
6613,6612,614.2142403628118,614.1213605442177
6614,6613,614.3071201814059,614.2142403628118
6615,6614,614.4,614.3071201814059
6616,6615,614.4928798185941,614.4
6616,6616,614.4928798185941,614.4928798185941
6617,6617,614.5857596371882,614.5857596371882
6618,6618,614.6786394557823,614.6786394557823
6619,6619,614.7715192743764,614.7715192743764
6620,6620,614.8643990929705,614.8643990929705
6621,6621,614.9572789115646,614.9572789115646
6622,6622,615.0501587301587,615.0501587301587
6623,6623,615.1430385487529,615.1430385487529
6624,6624,615.2359183673469,615.2359183673469
6625,6625,615.3287981859411,615.3287981859411
6626,6626,615.4216780045351,615.4216780045351
6627,6627,615.5145578231293,615.5145578231293
6628,6628,615.6074376417233,615.6074376417233
6629,6629,615.7003174603175,615.7003174603175
6630,6630,615.7931972789115,615.7931972789115
6631,6631,615.8860770975057,615.8860770975057
6632,6632,615.9789569160997,615.9789569160997
6633,6633,616.0718367346939,616.0718367346939
6634,6634,616.164716553288,616.164716553288
6635,6635,616.2575963718821,616.2575963718821
6636,6636,616.3504761904762,616.3504761904762
6637,6637,616.4433560090703,616.4433560090703
6638,6638,616.5362358276644,616.5362358276644
6639,6638,616.6291156462585,616.5362358276644
6640,6639,616.7219954648526,616.6291156462585
6641,6640,616.8148752834467,616.7219954648526
6641,6641,616.8148752834467,616.8148752834467
6642,6642,616.9077551020408,616.9077551020408
6643,6643,617.0006349206349,617.0006349206349
6644,6644,617.093514739229,617.093514739229
6645,6645,617.1863945578232,617.1863945578232
6646,6646,617.2792743764172,617.2792743764172
6647,6647,617.3721541950114,617.3721541950114
6648,6648,617.4650340136054,617.4650340136054
6649,6649,617.5579138321996,617.5579138321996
6650,6650,617.6507936507936,617.6507936507936
6651,6651,617.7436734693878,617.7436734693878
6652,6652,617.8365532879818,617.8365532879818
6653,6653,617.929433106576,617.929433106576
6654,6654,618.02231292517,618.02231292517
6655,6655,618.1151927437642,618.1151927437642
6656,6656,618.2080725623583,618.2080725623583
6657,6657,618.3009523809524,618.3009523809524
6658,6658,618.3938321995465,618.3938321995465
6659,6659,618.4867120181406,618.4867120181406
6660,6660,618.5795918367347,618.5795918367347
6661,6661,618.6724716553288,618.6724716553288
6662,6662,618.7653514739229,618.7653514739229
6663,6663,618.858231292517,618.858231292517
6664,6664,618.9511111111111,618.9511111111111
6665,6665,619.0439909297052,619.0439909297052
6666,6666,619.1368707482993,619.1368707482993
6667,6667,619.2297505668935,619.2297505668935
6668,6668,619.3226303854875,619.3226303854875
6669,6669,619.4155102040817,619.4155102040817
6670,6670,619.5083900226757,619.5083900226757
6671,6671,619.6012698412699,619.6012698412699
6672,6672,619.6941496598639,619.6941496598639
6673,6673,619.7870294784581,619.7870294784581
6674,6674,619.8799092970521,619.8799092970521
6675,6675,619.9727891156463,619.9727891156463
6676,6676,620.0656689342403,620.0656689342403
6677,6677,620.1585487528345,620.1585487528345
6677,6678,620.1585487528345,620.2514285714286
6677,6679,620.1585487528345,620.3443083900227
6678,6680,620.2514285714286,620.4371882086168
6679,6681,620.3443083900227,620.5300680272109
6680,6681,620.4371882086168,620.5300680272109
6681,6681,620.5300680272109,620.5300680272109
6682,6682,620.622947845805,620.622947845805
6683,6683,620.7158276643991,620.7158276643991
6684,6684,620.8087074829932,620.8087074829932
6685,6685,620.9015873015873,620.9015873015873
6686,6686,620.9944671201814,620.9944671201814
6687,6687,621.0873469387755,621.0873469387755
6688,6688,621.1802267573696,621.1802267573696
6689,6689,621.2731065759638,621.2731065759638
6690,6690,621.3659863945578,621.3659863945578
6691,6691,621.458866213152,621.458866213152
6692,6692,621.551746031746,621.551746031746
6693,6693,621.6446258503402,621.6446258503402
6694,6694,621.7375056689342,621.7375056689342
6695,6695,621.8303854875284,621.8303854875284
6696,6696,621.9232653061224,621.9232653061224
6697,6697,622.0161451247166,622.0161451247166
6698,6698,622.1090249433106,622.1090249433106
6699,6699,622.2019047619048,622.2019047619048
6700,6700,622.2947845804989,622.2947845804989
6701,6701,622.387664399093,622.387664399093
6702,6702,622.4805442176871,622.4805442176871
6703,6703,622.5734240362812,622.5734240362812
6704,6704,622.6663038548753,622.6663038548753
6705,6705,622.7591836734694,622.7591836734694
