start_time_s,end_time_s,pitch_midi,velocity,pitch_bend
261.0908213151927,261.543610430839,36,90,1,1,1,1,1,1,1,1,1,1,1,1,1,1,1,1,1,1,1,1,1,1,1,1,1,1,1,1,1,1,1,1,1,1,1,1,1,1,1
261.0676013605442,261.2301410430839,55,48,1,1,1,0,0,1,1,1,1,1,1,1,1,1
261.0676013605442,261.2881909297052,48,41,0,1,0,0,0,0,0,-2,-2,1,1,1,1,1,1,1,1,1,1
260.70769206349206,261.543610430839,60,53,1,1,1,1,1,1,1,1,1,1,1,1,1,1,1,1,1,1,1,1,1,1,1,1,1,1,1,1,1,1,1,1,1,1,1,1,1,1,1,1,1,1,1,1,1,1,1,1,1,1,1,1,1,1,1,1,1,1,1,1,1,1,1,1,1,1,1,1,1,1,1,1
260.54515238095235,261.0908213151927,36,84,1,1,1,1,1,1,1,1,1,1,1,1,1,1,1,1,1,1,1,1,1,1,1,1,1,1,1,1,1,1,1,1,1,1,1,1,1,1,1,1,1,1,1,1,1,1,1
259.986589569161,261.3462408163265,79,66,1,1,1,1,1,1,1,1,1,1,1,1,1,1,1,1,1,1,1,1,1,1,1,1,1,1,1,1,1,1,1,1,1,1,1,1,1,1,1,1,1,1,1,1,1,1,1,1,1,1,1,1,1,1,1,1,1,1,1,1,1,1,1,1,1,1,1,1,1,1,1,1,1,1,1,1,1,1,1,1,1,1,1,1,1,1,1,1,1,1,1,1,1,1,1,1,1,1,1,1,1,1,1,1,1,1,1,1,1,1,1,1,1,1,1,1,1,1
259.986589569161,260.62642222222223,55,46,1,1,1,1,1,1,1,1,1,1,1,1,1,1,1,1,1,1,1,1,1,1,1,1,1,1,1,1,1,1,1,1,1,1,1,1,1,1,1,1,1,1,1,1,1,1,1,1,1,1,1,1,1,1,1,1
259.3016009070295,260.54515238095235,36,92,0,0,0,0,0,1,1,1,1,1,1,1,1,1,1,1,1,1,1,1,1,1,1,1,1,1,1,1,1,1,1,1,1,1,1,1,1,1,1,1,1,1,1,1,1,1,1,1,1,1,1,1,1,1,1,1,1,1,1,1,1,1,1,1,1,1,1,1,1,1,1,1,1,1,1,1,1,1,1,1,1,1,1,1,1,1,1,1,1,1,1,1,1,1,1,1,1,1,1,1,1,1,1,1,1,1,1,1
259.28999092970525,259.986589569161,79,83,1,1,1,1,1,1,1,1,1,1,1,1,1,1,1,1,1,1,1,1,1,1,1,1,1,1,1,1,1,1,1,1,1,1,1,1,1,1,1,1,1,1,1,1,1,1,1,1,1,1,1,1,1,1,1,1,1,1,1,1
259.19711111111116,259.9053197278912,48,51,1,1,1,1,1,0,0,0,0,0,0,0,0,1,1,1,1,1,1,1,1,1,1,1,1,1,1,1,1,1,1,1,1,1,1,1,1,1,1,1,1,1,1,1,1,0,0,0,0,0,0,0,1,1,1,1,1,1,1,1,1
258.9184716553288,259.28999092970525,79,81,1,1,1,1,1,1,1,1,1,1,1,1,1,1,1,1,1,1,1,1,1,1,1,1,1,1,1,1,1,1,1,1
258.5585623582767,259.1738911564626,76,68,1,1,1,1,1,1,1,1,1,1,1,1,1,1,1,1,1,1,1,1,1,1,1,1,1,1,1,1,1,1,1,1,1,1,1,1,1,1,1,1,1,1,1,1,1,1,1,1,1,1,1,1,1
258.1973691609977,258.9184716553288,79,60,1,1,1,1,1,1,1,1,1,1,1,1,1,1,1,1,1,1,1,1,1,1,1,1,1,1,1,1,1,0,0,0,1,1,1,1,1,1,1,1,1,1,1,1,1,1,1,1,1,1,1,1,1,1,1,1,1,1,1,1,1,1,1
258.09287936507934,259.22033106575964,31,73,1,1,1,1,1,1,1,1,1,1,1,1,1,1,1,1,1,1,1,1,1,1,1,1,1,1,1,1,1,1,1,1,1,1,1,1,1,1,1,1,1,1,1,1,1,1,1,1,1,1,1,1,1,1,1,1,1,1,1,1,1,1,1,1,1,1,1,1,1,1,1,1,1,1,1,1,1,1,1,1,1,1,1,1,1,1,1,1,1,1,1,1,1,1,1,1,1,1
257.88389977324266,258.0232195011338,43,55,1,1,1,1,1,1,1,1,1,1,1,1
257.7910199546485,258.09287936507934,31,68,1,1,1,1,1,1,1,1,1,1,1,1,1,1,1,1,1,1,1,1,1,1,1,1,1,1
257.5588204081633,258.0464394557823,81,64,-2,0,0,0,0,0,0,0,0,0,1,1,1,0,0,1,1,1,1,1,1,1,1,1,1,1,1,1,1,1,1,1,1,1,1,1,1,1,1,1,1,0
257.09442131519273,258.0232195011338,72,44,1,1,1,1,1,1,1,1,1,1,1,1,1,1,1,1,1,1,1,1,1,1,1,1,1,1,1,1,1,1,1,1,1,1,1,1,1,1,1,1,1,1,1,1,1,1,1,1,1,1,1,1,1,1,1,1,1,1,1,1,1,1,1,1,1,1,1,1,1,1,1,1,1,1,1,1,1,1,1,1
256.4790925170068,256.9783215419501,76,74,0,0,0,1,1,1,1,1,1,1,1,1,1,1,1,1,1,1,1,1,1,1,1,1,1,1,1,1,1,1,1,1,1,1,1,1,1,1,1,1,1,1,1
256.4790925170068,256.90866167800453,64,50,0,0,1,1,1,1,1,1,1,1,1,1,1,1,1,1,1,1,1,1,1,1,1,1,1,1,1,1,1,1,1,1,1,1,1,1,1
256.4674825396825,257.7910199546485,31,88,1,1,1,1,1,1,1,1,1,1,1,1,1,1,1,1,1,1,1,1,1,1,1,1,1,1,1,1,1,1,1,1,1,1,1,1,1,1,1,1,1,1,1,1,1,1,1,1,1,1,1,1,1,1,1,1,1,1,1,1,1,1,1,1,1,1,1,1,1,1,1,1,1,1,1,1,1,1,1,1,1,1,1,1,1,1,1,1,1,1,1,1,1,1,1,1,1,1,1,1,1,1,1,1,1,1,1,1,1,1,1,1,1,1
256.2339990929705,256.4674825396825,55,48,1,1,1,1,1,1,1,1,1,1,1,0,0,0,0,1,1,1,1,1,1
256.1411192743764,256.3281628117914,53,61,-2,0,0,0,-2,-2,1,1,1,1,1,1,1,1,1,1,1
256.12950929705215,256.6880721088435,72,49,1,1,1,1,1,1,1,1,1,1,1,1,1,1,1,1,1,1,1,1,1,1,1,1,1,1,1,1,1,1,1,1,1,1,1,1,1,1,1,1,1,1,1,1,1,1,1,1,1
255.99018956916098,256.1411192743764,52,50,0,0,0,1,1,1,0,1,1,0,0,0,1
255.86247981859407,256.18755918367344,29,64,1,1,1,1,1,1,1,1,1,1,1,1,1,1,1,1,1,1,1,1,1,1,1,1,1,1,1,1
255.64189024943312,255.96696961451244,74,58,0,0,1,1,1,1,1,1,1,1,1,1,1,1,1,1,1,1,1,1,1,1,1,1,1,1,1,1
255.40969070294784,255.58384036281177,59,58,1,1,1,-2,-2,-2,-2,-2,-1,-1,1,1,1,1,0
255.15427120181403,255.3516408163265,72,68,0,1,1,1,1,1,1,1,1,1,1,1,1,1,1,1,1
255.0149514739229,255.31681088435374,53,39,1,1,1,1,-2,1,1,1,1,-2,-2,0,0,0,1,1,1,1,1,1,1,1,1,1,1,1
254.5737723356009,254.84080181405892,72,54,1,1,1,1,1,1,1,1,1,1,1,1,1,1,1,1,1,1,1,1,1,1,1
254.37640272108843,254.52733242630384,52,76,1,1,1,1,1,1,1,1,1,1,1,1,1
253.98037959183674,254.11969931972789,52,75,3,1,1,1,1,1,1,1,1,1,1,1
253.57403038548753,253.8410598639456,57,56,1,1,1,1,1,1,1,1,1,1,1,1,1,1,1,1,1,1,1,1,1,1,1
253.50437052154194,253.6436902494331,53,39,-2,-2,1,1,1,1,1,1,1,1,1,1
253.12124126984128,253.3650507936508,67,67,1,1,1,1,1,1,1,1,1,1,1,1,1,1,1,1,1,1,1,1,1
252.9587015873016,253.12124126984128,60,36,2,2,-1,-1,-2,-2,-2,-2,1,1,1,1,1,1
252.81938185941044,252.9587015873016,59,68,1,1,1,1,1,1,1,1,1,1,1,1
252.63362222222221,252.81938185941044,59,61,1,1,1,1,1,1,1,1,1,1,1,1,1,1,1,1
252.47108253968253,252.63362222222221,60,50,1,1,1,1,1,1,1,1,1,1,1,1,1,1
252.2724290249433,252.47108253968253,60,43,1,1,1,1,1,1,1,1,1,1,1,1,1,1,1,1,1,1
252.2724290249433,252.54074240362812,57,56,1,1,1,1,1,1,1,1,1,1,1,1,1,1,1,1,1,1,1,3,3,3,3,4
252.10988934240365,252.2724290249433,57,39,0,0,0,-2,-2,-2,-2,1,1,1,1,1,1,1
251.88929977324264,252.04022947845806,62,62,1,1,1,1,1,1,1,1,1,1,1,1,1
251.66871020408163,251.83124988662132,63,84,1,1,1,0,0,0,0,1,1,1,1,1,1,1
251.63388027210885,251.88929977324264,67,41,1,1,1,1,1,1,1,1,1,1,1,1,1,1,1,1,1,1,1,1,1,1
251.48295056689344,251.63388027210885,62,76,1,1,1,1,1,1,2,2,2,1,1,1,1
250.98372154195013,251.21592108843538,72,67,1,1,1,1,1,1,1,1,1,1,1,1,1,1,1,1,1,1,1,1
250.58898231292517,250.75152199546486,74,71,1,1,1,1,1,1,1,1,1,1,1,1,1,1
250.26261904761904,250.5193224489796,67,55,1,1,1,1,1,1,1,1,1,1,1,1,1,1,1,1,1,1,1,1,1,1,1
250.04202947845803,250.1813492063492,51,76,1,1,1,1,1,1,1,1,1,1,1,1
249.60085034013605,249.82143990929706,67,41,1,1,1,0,-1,-2,-3,-5,1,1,1,1,1,1,1,1,1,1,1
248.9274716553288,249.12484126984126,62,46,1,1,1,1,1,1,1,1,1,1,1,1,1,1,1,1,1
248.90425170068028,249.12484126984126,52,53,2,1,1,1,1,1,1,1,1,1,1,1,1,1,1,1,1,1,1
248.77654195011337,249.1712811791383,67,63,1,1,1,1,1,1,1,1,1,1,1,1,1,1,1,1,1,1,1,1,1,1,1,1,1,1,1,1,1,1,1,1,1,1
248.07865941043084,248.24119909297053,55,64,4,2,1,1,1,1,1,1,1,1,1,1,1,1
247.84645986394557,248.1831492063492,67,43,1,1,1,1,1,1,1,1,1,1,1,1,1,1,1,1,1,1,1,1,1,2,2,2,1,1,1,1,1
247.70714013605442,247.85806984126984,52,68,1,1,1,1,1,1,1,1,1,1,1,1,1
247.6490902494331,248.14831927437643,40,44,0,1,1,1,1,1,1,1,1,1,1,1,1,1,1,1,1,1,1,1,1,1,1,1,1,1,1,1,1,1,1,1,1,1,1,1,1,1,1,1,1,1,1
247.34723083900226,247.57943038548754,71,42,1,1,1,1,1,1,1,1,1,1,1,1,1,1,1,1,1,1,1,1
246.9873215419501,247.32401088435375,72,77,1,1,1,1,1,1,1,1,1,1,1,1,1,1,1,1,1,1,1,1,1,1,1,1,1,1,1,1,1
246.47648253968254,246.9873215419501,72,56,1,1,1,1,1,1,1,1,1,1,1,1,1,1,1,1,1,1,1,1,0,0,1,1,1,1,1,1,1,1,1,1,1,1,1,1,1,1,1,1,1,1,1,0
246.46487256235827,246.6158022675737,52,36,1,1,1,1,1,1,1,1,1,1,1,1,1
245.89469977324262,246.17333922902492,72,48,1,1,1,1,1,1,1,1,1,1,1,1,1,1,1,1,1,1,1,1,1,1,1,1
245.53479047619047,245.68572018140588,60,43,1,1,1,1,1,-2,-2,-2,1,1,1,3,1
245.38386077097505,245.5231804988662,72,68,1,1,1,1,1,1,1,1,1,1,1,1
244.94268163265303,245.12844126984126,52,57,4,1,1,1,1,1,2,2,2,2,2,2,2,2,3,3
244.55955238095237,244.7104820861678,72,49,1,1,1,1,1,1,1,1,1,1,1,1,1
244.23318911564627,244.455062585034,59,76,2,2,2,1,1,1,-1,-1,-1,-1,0,0,0,0,0,0,0,1,2,3
243.58303038548752,243.79200997732426,72,63,1,1,1,1,1,1,1,1,1,1,1,1,1,1,1,1,1,1
243.19990113378685,243.36244081632654,59,62,1,-1,-1,-1,-1,-1,-1,0,1,1,1,1,3,3
243.01414149659863,243.1766811791383,72,54,1,1,1,1,1,1,1,1,1,1,1,1,1,1
243.01414149659863,243.1534612244898,53,48,1,1,1,1,1,1,1,1,1,1,1,1
242.8399918367347,243.06058140589568,57,50,1,1,1,1,1,1,1,1,1,1,1,1,1,1,1,1,1,1,1
242.46847256235827,242.60779229024942,57,44,1,1,1,1,1,1,1,1,1,1,1,1
242.30464897959183,242.5497424036281,54,45,4,2,2,2,1,1,-2,-2,-2,-2,-2,1,1,1,1,1,1,1,1,1,1,1
242.10727936507936,242.456862585034,76,39,1,1,1,1,1,1,1,1,1,1,1,1,1,1,1,1,1,1,1,1,1,1,1,1,1,1,1,1,1,1,1
242.10727936507936,242.28142902494332,52,74,1,1,1,1,1,1,3,3,3,1,1,1,1,1,1
241.66610022675738,241.86346984126985,55,42,1,1,1,-2,-2,-2,-2,-2,1,1,1,1,1,1,1,1,1
241.61966031746033,241.9099097505669,57,47,4,1,1,1,1,1,1,1,1,1,1,1,1,1,1,1,1,1,1,1,1,1,1,1,1
241.35263083900227,241.52678049886623,52,53,1,1,1,1,1,1,1,1,1,1,1,1,1,1,1
241.30619092970522,241.45712063492064,57,46,1,1,1,1,1,0,0,1,1,1,1,1,1
241.20170113378686,241.42229070294786,64,46,2,2,1,1,1,1,1,1,1,1,1,1,1,1,1,1,1,1,1
240.7489120181406,241.0043315192744,57,42,1,1,1,1,1,1,1,1,1,1,1,1,1,1,1,1,1,1,1,1,1,1
240.45866258503403,240.64442222222223,58,72,2,0,0,0,0,0,0,0,0,1,1,1,2,2,3,4
239.76078004535145,240.37739274376418,74,49,1,1,1,1,1,1,1,1,1,1,1,1,1,1,1,1,1,1,1,1,1,1,1,1,1,1,1,1,1,1,1,1,1,1,1,1,1,1,1,1,1,1,1,1,1,1,1,1,1,1,1,1,1,1
239.73756009070294,239.98136961451246,55,41,1,1,0,1,1,1,1,1,1,1,1,1,1,1,1,1,1,1,1,1,1
239.26155102040815,239.4008707482993,53,68,1,1,1,1,1,1,1,1,1,1,1,1
239.11062131519273,240.26000907029479,36,72,1,1,1,1,1,1,1,1,1,1,1,1,1,1,1,1,1,1,1,1,1,1,1,1,1,1,1,1,1,1,1,1,1,1,1,1,1,1,1,1,1,1,1,1,1,1,1,1,1,1,1,1,1,1,1,1,1,1,1,1,1,1,1,1,1,1,1,1,1,1,1,1,1,1,1,1,1,1,1,1,1,1,1,1,1,1,1,1,1,1,1,1,1,1,1,1,1,1,1
239.01774149659863,239.7143401360544,72,60,1,1,1,1,1,1,1,1,1,1,1,1,1,1,1,1,1,1,1,1,1,1,1,1,1,1,1,1,1,1,1,1,1,1,1,1,1,1,1,1,1,1,1,1,1,1,1,1,1,1,1,1,1,1,1,1,1,1,1,1
238.78554195011338,238.92486167800453,31,69,1,1,1,1,1,1,1,1,1,1,1,1
238.66944217687075,238.92486167800453,67,66,1,1,1,1,1,1,1,1,1,1,1,1,1,1,1,1,1,1,1,1,1,1
238.4024126984127,238.66944217687075,67,35,1,1,1,1,1,1,1,1,1,1,1,1,1,1,1,1,1,1,1,1,1,0,1
238.0992693877551,238.63461224489794,36,63,1,1,1,1,1,1,1,1,1,1,1,1,1,1,1,1,1,1,1,1,1,1,1,1,1,1,1,1,1,1,1,1,1,1,1,1,1,1,1,1,1,1,1,1,1,1,1
238.006389569161,238.1689292517007,67,40,1,1,1,1,1,1,1,1,1,1,1,1,1,1
237.94833968253968,238.0992693877551,55,39,0,0,0,0,-1,-1,-1,-1,-2,-2,-2,-2,-2
237.77419002267575,237.9135097505669,67,56,1,1,1,1,1,1,1,1,1,1,1,1
237.4723306122449,237.63487029478458,56,47,1,1,0,0,0,-2,-2,-2,-2,-1,-1,0,0,1
237.46072063492065,237.83223990929704,36,54,1,1,1,1,1,1,1,1,1,1,1,1,1,1,1,1,1,1,1,1,1,1,1,1,1,1,1,1,1,1,1,1
237.2169111111111,237.39106077097506,71,42,1,1,1,1,1,1,1,1,1,1,1,2,2,2,2
236.85700181405895,237.22852108843537,76,53,1,1,1,1,1,1,1,1,1,1,1,1,1,1,1,1,1,1,1,1,1,1,1,1,1,1,1,1,1,1,1,1
236.8453918367347,237.24013106575964,64,45,1,1,1,1,1,1,1,1,1,1,1,1,1,1,1,1,1,1,1,1,1,1,1,1,1,1,1,1,1,1,1,1,1,1
236.70607210884353,237.20530113378686,72,76,1,1,1,1,1,1,1,1,1,1,1,1,1,1,1,1,1,1,1,1,1,1,1,1,1,1,1,1,1,1,1,1,1,1,1,1,1,1,1,1,1,1,1
236.14750929705218,237.17047120181405,48,61,1,1,1,1,1,1,1,1,1,1,1,1,1,1,1,1,1,1,1,1,1,1,1,1,1,1,1,1,1,1,1,1,1,1,1,1,1,1,1,1,1,1,1,1,1,1,1,1,1,1,1,1,1,1,1,1,1,1,1,1,1,1,1,1,1,1,1,1,1,1,1,1,1,1,1,1,1,1,1,1,1,1,1,1,1,1,1,1,1
236.1358993197279,236.8105619047619,76,69,1,1,1,1,1,1,1,1,1,1,1,1,1,1,1,1,1,1,1,1,1,1,1,1,1,1,1,1,1,1,1,1,1,1,1,1,1,1,1,1,1,1,1,1,1,1,1,1,1,1,1,1,1,1,1,1,1,1,1
236.1358993197279,236.77573197278912,64,52,1,1,1,1,1,1,1,1,1,1,1,1,1,1,1,1,1,1,1,1,1,1,1,1,1,1,1,1,1,1,1,1,1,1,1,1,1,1,1,1,1,1,1,1,1,1,1,1,1,1,1,1,1,1,1,1
235.78760000000003,236.45065260770974,79,72,1,1,1,1,1,1,1,1,1,1,1,1,1,1,1,1,1,1,1,1,1,1,1,1,1,1,1,1,1,1,1,1,1,1,1,1,1,1,1,1,1,1,1,1,1,1,1,1,1,1,1,1,1,1,1,1,1,1
235.4160807256236,235.77599002267576,76,77,1,1,1,1,1,1,1,1,1,1,1,1,1,1,1,1,1,1,1,1,1,1,1,1,1,1,1,1,1,1,1
234.89363174603176,235.36964081632655,79,74,1,1,1,1,1,1,1,1,1,1,1,1,1,1,1,1,1,1,1,1,1,1,1,1,1,1,1,1,1,1,1,1,1,1,1,1,1,1,1,1,1
234.67304217687075,234.85880181405898,43,34,1,1,1,1,1,1,1,1,1,1,1,1,1,1,1,1
234.42923265306123,234.8820217687075,81,57,1,1,1,1,1,1,1,1,1,1,1,1,1,1,1,1,1,1,1,1,1,1,1,1,1,1,1,1,1,1,1,1,1,1,1,1,1,1,1
233.96354965986393,234.17252925170067,70,35,1,1,1,1,1,1,1,1,1,1,1,-2,2,2,2,1,1,0
232.89543174603173,233.08119138321996,29,56,1,1,1,1,1,1,1,1,1,1,1,1,1,1,1,1
232.22076916099775,232.42974875283448,48,52,0,0,0,0,0,0,-1,-1,0,0,0,0,1,1,1,1,0,0
232.0466195011338,232.34847891156463,72,43,1,1,1,1,1,1,1,1,1,1,1,0,0,0,0,0,0,0,0,0,1,1,1,1,1,1
231.4545106575964,231.62866031746032,50,66,-1,-1,1,1,1,1,1,1,1,1,1,2,2,1,0
229.2589410430839,229.4098707482993,46,42,0,0,0,0,0,0,0,-1,-1,-1,0,0,0
228.21275918367348,228.35207891156463,42,50,1,1,1,1,1,0,0,0,0,0,0,0
228.21275918367348,228.73649206349205,33,65,1,1,1,1,1,1,1,1,1,1,1,1,1,1,1,1,1,1,1,1,1,1,1,1,1,1,1,1,1,1,1,1,1,1,1,1,1,1,1,1,1,1,1,1,1,1
227.8876798185941,228.0502195011338,67,38,1,1,1,1,1,1,1,1,1,1,1,1,1,0
227.84123990929706,227.99216961451248,72,48,0,1,1,1,1,1,1,1,1,1,1,1,1
227.56260045351473,227.71353015873015,46,41,1,1,1,0,0,0,0,0,0,1,1,1,1
226.83117188208618,227.0401514739229,64,43,-2,1,1,1,1,1,1,1,1,1,1,1,1,1,1,1,1,1
224.94907165532882,225.08839138321997,50,61,2,1,1,1,1,2,2,2,2,1,1,1
224.63560226757372,224.78653197278913,46,50,0,0,0,0,0,0,0,0,0,0,1,1,1
223.8564498866213,224.08864943310658,71,62,1,1,1,1,1,1,1,1,1,1,1,1,1,1,1,1,1,1,1,1
223.8564498866213,224.018989569161,59,57,2,1,1,1,1,1,1,1,1,1,1,1,1,1
223.48493061224488,223.62425034013606,46,57,4,2,2,2,2,2,2,1,1,0,0,0
221.34741088435374,221.4867306122449,50,62,1,0,0,0,0,0,0,1,1,1,1,1
220.25478911564625,220.48698866213152,49,39,-1,1,1,1,2,2,2,2,2,-2,-2,-1,-1,-1,-1,-1,-1,-1,-1,-1
218.17531927437642,218.31463900226757,48,57,1,1,1,1,1,1,1,1,1,1,1,1
217.86184988662131,218.17531927437642,47,47,-1,0,1,1,3,3,0,0,1,1,1,1,1,1,1,1,1,1,1,1,1,1,1,1,1,1,1
215.56179047619048,215.81720997732427,31,54,1,1,1,1,1,1,1,1,1,1,1,1,1,1,1,1,1,1,1,1,1,1
215.28315102040818,215.42247074829933,50,63,0,1,1,1,1,1,1,1,1,1,0,0
214.32984897959184,214.6794321995465,48,47,1,1,1,1,1,1,1,1,1,1,1,1,1,1,1,1,1,1,1,1,1,1,1,1,1,1,1,1,1,1,1
214.1556993197279,214.7374820861678,36,71,1,1,1,1,1,1,1,1,1,1,1,1,1,1,1,1,1,1,1,1,1,1,1,1,1,1,1,1,1,1,1,1,1,1,1,1,1,1,1,1,1,1,1,1,1,1,1,1,1,1,1
213.37783083900226,213.59842040816326,36,39,1,1,1,1,1,1,1,1,1,1,1,1,1,1,1,1,1,1,1
213.0179215419501,213.37783083900226,36,66,1,1,1,1,1,1,1,1,1,1,1,1,1,1,1,1,1,1,1,1,1,1,1,1,1,1,1,1,1,1,1
212.18071927437643,212.36647891156463,70,35,1,1,1,1,1,-2,-1,-1,-1,2,2,2,2,1,1,1
212.18071927437643,212.38969886621317,51,46,3,3,1,1,1,-1,-1,-1,2,2,2,2,2,2,2,1,1,1
210.1592993197279,210.4031088435374,46,41,-2,0,0,0,0,-1,-1,-1,-1,-1,-1,-1,-1,1,1,1,1,1,1,1,1
209.50914058956914,209.69490022675737,72,38,1,1,1,1,-1,-1,-1,0,0,1,1,1,1,1,1,1
207.1858612244898,207.48772063492063,48,59,1,1,1,1,1,1,1,1,1,1,1,1,1,1,1,1,1,1,1,1,1,1,1,1,1,1
206.6040784580499,206.82595192743764,72,38,1,1,1,-2,-2,-2,-2,-2,-2,1,1,1,1,1,1,1,1,1,1,1
205.30376099773244,205.4779106575964,45,29,2,2,2,2,2,2,2,2,1,1,1,1,1,1,1
205.12961133786848,205.55918049886623,33,51,1,1,1,1,1,1,1,1,1,1,1,1,1,1,1,1,1,1,1,1,1,1,1,1,1,1,1,1,1,1,1,1,1,1,1,1,1
204.81614195011338,204.99029160997733,33,57,1,1,1,1,1,1,1,1,1,1,1,1,1,1,1
204.57104852607708,204.81614195011338,33,70,1,1,1,1,1,1,1,1,1,1,1,1,1,1,1,1,1,1,1,1,1,1
202.15488934240364,202.38708888888888,60,68,1,1,1,1,1,1,1,1,1,1,1,1,1,1,1,1,1,1,1,1
201.0635514739229,201.27253106575964,62,74,1,1,1,1,1,1,1,1,1,1,1,1,1,1,1,1,1,1
200.70364217687074,201.0635514739229,60,73,1,1,1,1,1,1,1,1,1,1,1,1,1,1,1,1,1,1,1,1,1,1,1,1,1,1,1,1,1,1,1
200.35405895691608,200.68042222222223,67,71,1,1,1,1,1,1,1,1,1,1,1,1,1,1,1,1,1,1,1,1,1,1,1,1,1,1,1,1,1
200.02897959183673,200.2263492063492,43,63,1,1,1,1,1,1,1,1,1,1,1,1,1,1,1,1,1
199.98253968253968,200.1334693877551,47,55,1,1,1,1,1,1,1,1,1,1,1,1,1
199.2511111111111,199.51814058956916,55,48,1,1,1,1,1,1,1,1,1,1,1,1,1,1,1,1,1,1,1,1,1,1,1
198.8679818594104,200.2263492063492,31,79,1,1,1,1,1,1,1,1,1,1,1,1,1,1,1,1,1,1,1,1,1,1,1,1,1,1,1,1,1,1,1,1,1,1,1,1,1,1,1,1,1,1,1,1,1,1,1,1,1,1,1,1,1,1,1,1,1,1,1,1,1,1,1,1,1,1,1,1,1,1,1,1,1,1,1,1,1,1,1,1,1,1,1,1,1,1,1,1,1,1,1,1,1,1,1,1,1,1,1,1,1,1,1,1,1,1,1,1,1,1,1,1,1,1,1,1,1
198.717052154195,198.8679818594104,31,92,1,1,1,1,1,1,1,1,1,1,1,1,1
198.69383219954648,200.02897959183673,43,49,1,1,1,1,1,1,1,1,1,1,1,1,1,1,1,1,1,1,1,1,1,1,1,1,1,1,1,1,1,1,1,1,1,1,1,1,1,1,1,1,1,1,1,1,1,1,1,1,1,1,1,1,1,1,1,1,1,1,1,1,1,1,1,1,1,1,1,1,1,1,1,1,1,1,1,1,1,1,1,1,1,1,1,1,1,1,1,1,1,1,1,1,1,1,1,1,1,1,1,1,1,1,0,0,1,1,1,1,1,1,1,1,1,1,1
197.84501995464854,198.15848934240364,72,47,1,1,1,1,1,1,1,1,1,1,1,1,1,1,1,1,1,1,1,1,1,1,1,1,1,1,1
197.70570022675736,197.86823990929705,56,61,1,0,0,1,1,1,1,1,1,1,1,1,1,1
196.33443900226757,196.50858866213153,56,65,3,1,1,1,1,1,2,2,2,2,2,3,3,1,1
195.17344126984128,195.49852063492065,31,56,1,1,1,1,1,1,1,1,1,1,1,1,1,1,1,1,1,1,1,1,1,1,1,1,1,1,1,1
195.0689514739229,195.20827120181406,62,67,1,1,1,1,0,0,0,0,0,0,0,0
193.70930022675736,193.90666984126983,57,70,2,1,1,0,0,0,0,0,1,1,1,1,2,2,2,2,2
193.14041133786847,193.3493909297052,67,67,1,1,1,1,1,1,1,1,1,1,1,1,1,1,1,1,1,1
192.87338185941042,194.16208934240362,36,65,1,1,1,1,1,1,1,1,1,1,1,1,1,1,1,1,1,1,1,1,1,1,1,1,1,1,1,1,1,1,1,1,1,1,1,1,1,1,1,1,1,1,1,1,1,1,1,1,1,1,1,1,1,1,1,1,1,1,1,1,1,1,1,1,1,1,1,1,1,1,1,1,1,1,1,1,1,1,1,1,1,1,1,1,1,1,1,1,1,1,1,1,1,1,1,1,1,1,1,1,1,1,1,1,1,1,1,1,1,1,1
192.8501619047619,193.0127015873016,55,54,1,1,1,2,2,2,2,2,1,2,1,1,2,2
192.15227936507938,192.36125895691612,58,54,0,0,0,0,0,0,0,0,0,0,0,1,1,3,2,2,2,1
191.62983038548754,192.36125895691612,36,63,1,1,1,1,1,1,1,1,1,1,1,1,1,1,1,1,1,1,1,1,1,1,1,1,1,1,1,1,1,1,1,1,1,1,1,1,1,1,1,1,1,1,1,1,1,1,1,1,1,1,1,1,1,1,1,1,1,1,1,1,1,1,1
191.4208507936508,191.59500045351476,72,33,1,1,1,1,1,-3,1,1,1,1,1,1,1,1,1
190.80552199546486,191.02611156462586,56,48,1,1,1,1,1,1,1,1,1,1,1,1,1,1,1,1,1,1,1
190.43271882086165,190.63008843537415,54,63,0,0,1,1,-1,-1,-1,0,1,1,1,1,1,1,2,2,1
190.31661904761904,191.62983038548754,36,68,1,1,1,1,1,1,1,1,1,1,1,1,1,1,1,1,1,1,1,1,1,1,1,1,1,1,1,1,1,1,1,1,1,1,1,1,1,1,1,1,1,1,1,1,1,1,1,1,1,1,1,1,1,1,1,1,1,1,1,1,1,1,1,1,1,1,1,1,1,1,1,1,1,1,1,1,1,1,1,1,1,1,1,1,1,1,1,1,1,1,1,1,1,1,1,1,1,1,1,1,1,1,1,1,1,1,1,1,1,1,1,1,1,1
190.13085941043082,190.33983900226755,59,70,3,1,0,0,0,1,2,2,2,1,1,1,1,0,0,0,0,0
190.07280952380952,190.22373922902494,72,53,0,0,0,0,0,0,0,0,0,0,0,0,0
189.91026984126984,190.049589569161,55,66,-2,0,0,0,1,1,1,1,1,1,1,1
189.58519047619046,189.77095011337866,59,68,0,0,0,0,0,0,0,1,1,1,1,1,1,1,1,1
189.4110408163265,189.7012902494331,55,52,1,1,1,1,1,1,1,1,1,1,1,1,1,1,1,1,1,1,1,1,1,1,1,1,1
189.15562131519272,189.46909070294782,71,59,1,1,1,1,1,1,1,1,1,1,1,1,1,1,1,1,1,1,1,1,1,1,1,1,1,1,1
189.14401133786848,189.58519047619046,59,54,1,1,1,1,1,1,1,1,1,1,1,1,1,1,1,1,1,1,1,1,1,1,1,1,1,1,1,1,1,1,1,1,1,1,0,0,0,0
188.99308163265306,189.4110408163265,55,51,1,1,1,1,1,1,1,1,1,1,1,1,1,1,1,1,1,1,1,1,1,1,1,1,1,1,1,1,1,1,1,1,1,1,1,1
188.3648589569161,188.56222857142856,56,45,-2,1,1,3,3,3,3,3,3,3,1,1,1,1,-2,-2,-2
188.07460952380953,188.34163900226758,74,42,1,1,1,1,1,1,1,1,1,1,1,1,1,1,1,1,1,1,1,1,1,1,1
187.2038612244898,187.40123083900227,58,66,4,3,1,1,1,1,0,0,0,1,1,1,1,3,3,3,4
187.00649160997733,187.2038612244898,60,67,-2,0,1,1,1,1,1,1,1,1,1,1,1,1,1,1,-1
186.7975120181406,187.00649160997733,60,40,2,2,2,1,1,1,1,-1,-2,-3,-2,-2,-6,-6,-5,-5,-4,-4
186.63368843537415,186.78590204081632,71,43,1,1,1,1,1,1,1,1,1,1,1,1,1,1
186.26216916099773,186.61046848072564,72,71,1,1,1,1,1,1,1,1,1,1,1,1,1,1,1,1,1,1,1,1,1,1,1,1,1,1,1,1,1,1
186.26216916099773,186.41309886621318,60,42,1,1,1,1,1,1,1,1,1,1,1,1,1
185.9022598639456,186.23894920634922,67,71,1,1,1,1,1,1,1,1,1,1,1,1,1,1,1,1,1,1,1,1,1,1,1,1,1,1,1,1,1
185.78616009070296,186.04157959183675,48,51,1,1,1,1,1,1,1,1,1,1,1,1,1,1,1,1,1,1,1,1,1,1
184.81092199546487,184.95024172335602,53,38,1,1,1,1,1,1,1,1,1,1,1,1
184.81092199546487,185.00829160997733,48,52,1,1,1,1,1,1,1,1,1,1,1,1,1,1,1,1,1
184.7993120181406,185.1127814058957,60,38,1,1,1,1,1,1,1,1,1,1,1,1,1,1,1,1,1,1,1,1,1,1,1,1,1,1,1
184.4613387755102,184.75158820861677,67,56,1,1,1,1,1,1,1,1,1,1,1,1,1,1,1,1,1,1,1,1,1,1,1,1,1
184.19430929705214,185.76294013605443,29,79,1,1,1,1,1,1,1,1,1,1,1,1,1,1,1,1,1,1,1,1,1,1,1,1,1,1,1,1,1,1,1,1,1,1,1,1,1,1,1,1,1,1,1,1,1,1,1,1,1,1,1,1,1,1,1,1,1,1,1,1,1,1,1,1,1,1,1,1,1,1,1,1,1,1,1,1,1,1,1,1,1,1,1,1,1,1,1,1,1,1,1,1,1,1,1,1,1,1,1,1,1,1,1,1,1,1,1,1,1,1,1,1,1,1,1,1,1,1,1,1,1,1,1,1,1,1,1,1,1,1,1,1,1,1,1,1
184.08981950113377,184.42650884353742,79,58,1,1,1,1,1,1,1,1,1,1,1,1,1,1,1,1,1,1,1,1,1,1,1,1,1,1,1,1,1
184.08981950113377,184.4613387755102,67,51,1,1,1,1,1,1,1,1,1,1,1,1,1,1,1,1,1,1,1,1,1,1,1,1,1,1,1,1,1,1,1,1
184.08981950113377,184.7399782312925,48,50,1,1,1,1,1,1,1,1,1,1,1,1,1,1,1,1,1,1,1,1,1,1,1,1,1,1,1,1,1,1,1,1,1,1,1,1,1,1,1,1,1,1,1,1,1,1,1,1,1,1,1,1,1,1,1,1
183.97371972789114,184.275579138322,45,47,1,1,1,1,1,1,1,1,1,1,1,1,1,1,1,1,1,1,1,1,1,1,1,1,1,1
183.95049977324263,184.60065850340135,53,47,1,1,1,1,1,1,1,1,1,1,0,0,0,0,1,1,1,1,1,1,1,1,1,1,1,1,1,1,1,1,1,1,1,1,1,1,1,1,1,1,1,1,1,1,1,1,1,1,1,1,1,1,1,1,1,1
183.7415201814059,184.0782095238095,71,72,1,1,1,1,1,1,1,1,1,1,1,1,1,1,1,1,1,1,1,1,1,1,1,1,1,1,1,1,1
183.40483083900227,183.5789804988662,46,75,1,1,1,1,1,1,1,1,1,1,1,1,1,1,1
183.172631292517,183.32356099773241,42,63,1,1,1,1,1,1,1,1,1,1,1,1,1
180.2095192743764,180.45332879818594,64,63,-2,1,1,1,1,1,1,1,1,1,1,1,1,1,1,1,1,1,1,1,1
180.18629931972788,180.41849886621313,52,39,1,1,1,1,1,1,1,1,1,1,1,1,1,1,1,1,1,1,1,1
180.10502947845805,180.7435782312925,40,56,1,1,1,1,-2,0,0,1,1,1,1,1,1,1,1,1,1,1,1,1,1,1,1,1,1,1,1,1,1,1,1,1,1,1,1,1,1,1,1,1,1,1,1,1,1,1,1,1,1,1,1,1,1,1,1
180.09341950113378,180.2675691609977,43,45,1,1,1,1,1,1,1,1,1,1,1,1,1,1,1
179.9308798185941,180.23273922902493,67,55,1,1,1,1,1,1,1,1,1,1,1,1,1,1,1,1,1,1,1,1,1,1,1,1,1,1
179.80317006802719,179.97731972789114,43,51,1,1,1,1,1,1,1,1,1,1,1,1,1,1,1
179.79156009070294,180.00053968253968,40,51,1,1,1,1,1,1,1,1,1,1,1,1,1,1,1,1,1,1
179.39682086167798,179.57097052154194,43,49,0,0,0,0,0,0,0,0,0,0,0,0,0,0,0
179.07174149659863,179.47809070294784,40,60,1,1,1,1,1,1,1,1,1,1,1,1,1,1,1,1,1,1,1,1,1,1,1,1,1,1,1,1,1,1,1,1,1,1,1
179.02530158730158,179.176231292517,44,57,1,1,1,1,1,1,1,1,1,1,1,1,1
178.8279319727891,179.02530158730158,44,40,3,3,3,2,3,3,3,3,3,1,1,1,1,1,1,1,1
178.7802081632653,179.07174149659863,40,56,1,1,1,1,1,1,1,1,1,1,1,1,1,1,1,1,1,1,1,1,1,1,1,1,1,1
178.3390290249433,178.51317868480726,44,53,2,2,3,3,3,3,3,3,1,1,0,0,0,0,0
177.94428979591837,178.21131927437642,62,73,1,1,1,1,1,1,1,1,1,1,1,1,1,1,1,1,1,1,1,1,1,1,1
177.68887029478458,177.94428979591837,72,68,1,1,1,1,1,1,1,1,1,1,1,1,1,1,1,1,1,1,1,1,1,1
177.37540090702947,177.51472063492062,49,77,1,1,1,1,1,1,1,1,1,1,1,1
176.78200816326532,176.91100181405895,44,64,0,0,0,1,1,1,1,1,1,2,2,2
176.4453188208617,176.61946848072563,48,75,1,1,1,1,2,2,2,3,2,1,1,1,1,1,1
176.23633922902496,176.39887891156462,51,74,2,2,1,1,1,1,1,1,1,1,1,1,1,1
175.45847074829933,175.95769977324264,43,58,1,1,1,1,1,1,1,1,1,1,1,1,1,1,1,1,1,1,1,1,1,1,1,1,1,1,1,1,1,1,1,1,1,1,1,1,1,1,1,1,1,1,1
175.42364081632653,176.59624852607712,31,71,1,1,1,1,1,1,1,1,1,1,1,1,1,1,1,1,1,1,1,1,1,1,1,1,1,1,1,1,1,1,1,1,1,1,1,1,1,1,1,1,1,1,1,1,1,1,1,1,1,1,1,1,1,1,1,1,1,1,1,1,1,1,1,1,1,1,1,1,1,1,1,1,1,1,1,1,1,1,1,1,1,1,1,1,1,1,1,1,1,1,1,1,1,1,1,1,1,1,1,1,1
175.40042086167801,175.55135056689343,36,42,1,1,1,1,1,1,1,1,1,1,1,1,1
175.29593106575965,175.45847074829933,43,57,1,1,1,1,1,1,1,1,1,1,1,1,1,1
175.26110113378687,175.42364081632653,55,44,1,1,1,1,1,1,1,1,1,1,1,1,1,1
175.07534149659864,175.38881088435375,71,78,1,1,1,1,1,1,1,1,1,1,1,1,1,1,1,1,1,1,1,1,1,1,1,1,1,1,1
174.70253832199546,175.00568163265308,53,56,1,1,1,1,1,1,1,1,1,1,1,1,1,1,1,1,1,1,1,1,1,1,1,1,1,1,1
174.6909283446712,175.05212154195013,72,75,1,1,1,1,1,1,1,1,1,1,1,1,1,1,1,1,1,1,1,1,1,1,1,1,1,1,1,1,1,1,1,1
174.40067891156463,175.23788117913833,41,53,1,1,1,1,1,1,1,1,1,1,1,1,1,1,1,1,1,1,1,1,1,1,1,1,1,1,1,1,1,1,1,1,1,1,1,1,1,1,1,1,1,1,1,1,1,1,1,1,1,1,1,1,1,1,1,1,1,1,1,1,1,1,1,1,1,1,1,1,1,1,1,1,1
174.3426290249433,174.66770839002265,67,66,1,1,1,1,1,1,1,1,1,1,1,1,1,1,1,1,1,1,1,1,1,1,1,1,1,1,1,1
174.33101904761904,174.98246167800454,57,57,1,1,1,1,1,1,1,1,1,1,1,1,1,1,1,1,1,1,1,1,1,1,1,1,1,1,1,1,1,1,1,1,1,1,1,1,1,1,1,1,1,1,1,1,1,1,1,1,1,1,1,1,1,1,1,1,1
174.33101904761904,174.55160861678004,45,62,1,1,1,1,1,1,1,1,1,1,1,1,1,1,1,1,1,1,1
174.23813922902494,174.40067891156463,41,51,1,1,1,1,1,1,1,1,1,1,1,1,1,1
174.22652925170067,174.45872879818594,48,48,1,1,1,1,1,1,0,0,1,1,1,1,1,1,1,1,1,1,1,1
173.97110975056688,174.23813922902494,41,70,1,1,1,1,1,1,1,1,1,1,1,1,1,1,1,1,1,1,1,1,1,1,1
173.85500997732424,174.33101904761904,45,48,1,1,1,1,1,1,1,1,1,1,1,1,1,1,1,1,1,1,1,1,1,1,1,1,1,1,1,1,1,1,1,1,1,1,1,1,1,1,1,1,1
173.33256099773243,173.48349070294785,55,76,1,1,1,1,1,1,1,1,1,2,2,2,2
173.10036145124715,173.33256099773243,55,59,1,1,1,1,1,1,1,1,1,1,1,1,1,1,1,1,1,1,1,1
171.72910022675737,171.99612970521542,55,39,3,3,3,2,2,2,1,1,1,1,1,1,1,1,1,1,1,1,1,1,1,1,1
171.35758095238094,171.49690068027212,58,71,3,1,0,0,0,0,0,1,1,2,1,1
171.19504126984128,171.33436099773243,61,63,0,0,0,0,0,1,1,1,1,1,0,-1
169.08074149659865,169.23167120181407,54,41,4,4,1,0,0,0,1,1,1,1,1,1,1
168.18548934240363,168.32480907029478,54,54,2,1,1,1,0,0,0,0,0,0,1,1
167.84879999999998,168.0345596371882,56,57,4,1,1,1,1,1,1,1,1,1,1,1,1,1,0,0
167.5005006802721,167.67465034013605,55,57,3,3,2,2,2,2,2,2,2,1,1,1,1,1,3
166.89678185941042,167.04771156462584,58,33,0,0,0,0,-2,-2,-2,-2,-2,2,2,2,1
166.2685591836735,166.40787891156464,60,52,3,0,0,-2,-2,-2,-2,-1,0,1,0,0
166.00152970521543,166.15245941043085,59,64,1,1,1,1,1,1,1,1,2,2,1,0,0
164.68831836734694,164.8856879818594,57,78,1,1,1,1,1,1,1,1,1,1,1,1,1,1,1,1,1
164.21230929705214,164.37484897959183,59,57,-2,-2,1,1,1,2,3,3,3,3,1,1,1,0
163.80596009070294,164.02654965986395,61,43,1,1,1,1,1,1,-2,-2,-2,-2,1,1,1,1,1,1,1,1,1
163.36478095238095,163.5737605442177,57,79,2,1,1,1,1,1,1,1,1,1,1,1,1,1,1,1,1,0
163.03970158730158,163.24868117913832,60,57,4,3,3,3,3,3,2,2,2,2,2,2,2,2,1,1,0,-1
162.72494829931972,162.89909795918368,57,72,0,0,0,1,1,1,1,1,1,1,1,1,2,4,4
161.2853111111111,161.4826807256236,59,44,0,0,0,0,0,0,1,3,4,4,4,4,4,4,2,2,1
161.14599138321995,161.2853111111111,59,61,2,2,2,2,2,2,2,2,1,0,0,0
160.80801814058958,160.98345170068026,59,73,3,3,2,2,2,2,2,2,1,1,1,1,1,1,1,3
160.65708843537416,160.80801814058958,60,37,5,3,2,1,1,1,1,1,1,1,1,0,0
160.2391292517007,160.56420861678006,64,70,1,1,1,1,1,1,1,1,1,1,1,1,1,1,1,1,1,1,1,1,1,1,1,1,1,1,1,1
158.4266888888889,158.72854829931973,72,59,1,1,1,1,1,1,1,1,1,1,1,1,1,1,1,1,1,1,1,1,1,1,1,1,1,1
158.4266888888889,158.75176825396824,60,50,1,1,1,1,1,1,1,1,1,1,1,1,1,1,1,1,1,1,1,1,1,1,1,1,1,1,1,1
158.06677959183673,158.24092925170066,52,48,1,1,1,1,1,1,1,1,1,1,1,1,1,1,1
158.0435596371882,158.3570290249433,64,46,1,1,1,1,1,1,1,1,1,1,1,1,1,1,1,1,1,1,1,1,1,1,1,1,1,1,1
157.97389977324264,158.4266888888889,60,53,1,1,1,1,1,1,1,1,1,1,1,1,1,1,1,1,1,1,1,1,1,1,1,1,1,1,1,1,1,1,1,1,1,1,1,1,1,1,1
157.49789070294784,157.70687029478458,64,50,2,2,2,1,1,-2,-2,1,1,1,1,1,1,1,1,1,1,1
157.196031292517,157.49789070294784,64,50,1,1,1,1,1,1,1,1,1,1,1,1,1,1,1,1,1,1,1,1,1,1,1,1,1,1
156.62585850340136,157.25408117913832,62,44,1,1,1,1,1,1,1,1,1,1,1,1,1,1,1,1,1,1,1,1,1,1,1,2,2,2,2,1,1,1,1,1,1,1,1,1,1,1,1,1,1,1,1,1,1,1,1,1,1,1,1,1,1,1,1
156.23111927437643,156.38204897959184,60,80,0,0,0,0,0,1,1,1,1,1,1,1,1
155.68545034013607,155.8944299319728,59,83,1,1,1,1,1,1,1,1,2,2,1,2,1,1,1,1,1,1
155.43003083900228,155.68545034013607,59,51,0,0,0,0,0,0,0,0,0,0,0,0,0,0,0,0,0,1,1,0,0,0
155.25588117913833,155.43003083900228,59,40,1,1,1,0,-3,-3,-3,-3,1,1,1,1,1,1,0
154.1168195011338,154.40706893424036,60,67,0,0,1,1,1,1,1,1,1,1,1,1,0,0,0,2,2,2,2,2,2,2,2,2,2
152.69911836734693,152.8384380952381,66,72,-1,-1,-1,1,1,1,1,2,2,1,2,2
152.44369886621314,152.5946285714286,59,60,1,1,1,1,1,1,1,1,1,1,1,1,1
151.92124988662133,152.22310929705216,72,83,1,1,1,1,1,1,1,1,1,1,1,1,1,1,1,1,1,1,1,1,1,1,1,1,1,1
151.58456054421768,151.88641995464852,55,46,1,1,1,1,1,1,1,1,1,0,0,1,1,1,1,1,1,1,1,1,1,1,1,1,1,1
151.57295056689344,151.92124988662133,74,66,1,1,1,1,1,1,1,1,1,1,1,1,1,1,1,1,1,1,1,1,1,1,1,1,1,1,1,1,1,1
151.10855147392292,151.24787120181406,51,67,4,2,2,2,1,1,1,1,1,1,1,1
150.64286848072564,150.9098979591837,57,40,-1,1,1,1,1,-2,-2,-2,1,1,1,1,1,1,1,1,1,1,1,1,1,1,1
150.60803854875286,150.92150793650794,60,44,2,2,-1,1,1,1,1,1,1,1,1,1,1,1,1,1,1,1,1,1,1,1,1,1,1,1,1
150.48032879818595,151.00406167800455,72,67,1,1,1,1,1,1,1,1,1,1,1,2,2,2,1,1,1,1,1,1,1,1,1,1,1,1,1,1,1,1,1,1,1,1,1,1,1,1,1,1,1,1,1,1,1,1
150.31778911564626,150.48032879818595,52,55,1,1,1,1,1,1,1,1,1,1,1,2,0,0
150.0507596371882,150.22490929705216,66,54,0,0,0,0,0,0,-2,-2,-2,-2,1,1,2,3,3
148.88847800453513,149.40060090702949,67,82,1,1,1,1,1,1,1,1,1,1,1,1,1,1,1,1,1,1,1,1,1,1,1,1,1,1,1,1,1,1,1,1,1,1,1,1,1,1,1,1,1,1,1,1,1
148.86525804988662,149.91143990929706,57,57,-2,1,1,1,1,1,1,1,1,1,1,1,1,1,1,1,1,1,1,1,1,1,1,1,1,1,1,1,1,1,1,1,1,1,1,1,1,1,1,1,1,1,1,1,1,1,1,1,1,1,1,1,1,1,1,1,1,1,1,1,1,1,1,1,1,1,1,1,1,1,1,1,1,1,1,1,1,1,1,1,1,1,1,1,1,1,1,1,1,1,1
148.34280907029478,148.4937387755102,57,37,1,1,1,1,0,0,0,0,1,1,1,1,1
147.9596798185941,148.16865941043085,36,54,1,1,1,1,1,1,1,1,1,1,1,1,1,1,1,1,1,1
147.93645986394557,148.087389569161,45,40,1,1,1,1,1,1,1,1,1,1,1,1,1
147.78553015873015,147.93645986394557,52,58,3,0,0,0,-1,-1,-1,-1,0,1,1,1,1
147.646210430839,147.87840997732425,36,45,1,1,1,1,1,1,1,1,1,1,1,1,1,1,0,0,0,0,1,1
147.4952807256236,147.68104036281179,59,45,1,1,1,1,1,1,0,4,4,4,4,1,1,1,1,1
146.91349795918367,147.05410158730157,58,79,1,1,1,1,1,1,1,1,1,1,1,1,1
146.68129841269842,147.646210430839,36,67,1,1,1,1,1,1,1,1,1,1,1,1,1,1,1,1,1,1,1,1,1,1,1,1,1,1,1,1,1,1,1,1,1,1,1,1,1,1,1,1,1,1,1,1,1,1,1,1,1,1,1,1,1,1,1,1,1,1,1,1,1,1,1,1,1,1,1,1,1,1,1,1,1,1,1,1,1,1,1,1,1,1,1,1
146.65807845804989,146.8090081632653,57,75,0,0,0,0,1,1,1,1,1,1,1,1,1
146.26333922902495,146.42587891156464,56,61,3,3,3,2,2,-1,-1,-1,0,1,1,1,1,4
146.1472394557823,146.39104897959183,31,63,1,1,1,1,1,1,1,1,1,1,0,2,2,2,2,2,2,2,2,1,1
145.09073151927439,145.25327120181407,36,53,1,1,1,1,1,1,1,1,1,1,1,1,1,1
144.63665850340135,144.9036879818594,64,65,-1,-1,0,0,0,0,1,1,1,1,1,1,1,1,1,1,1,1,1,1,1,1,1
144.55538866213152,145.0210716553288,48,44,2,1,1,1,1,1,1,1,1,1,1,1,1,1,1,1,1,1,1,1,1,1,1,1,1,1,1,1,1,1,1,1,1,1,1,1,1,1,1,1,1
144.3347990929705,144.48572879818593,48,51,1,1,1,1,1,1,1,1,1,2,1,1,1
144.24191927437641,144.38123900226756,52,65,-2,1,1,1,1,1,1,1,1,1,1,1
144.07937959183673,144.24191927437641,52,41,1,1,1,1,1,1,1,-2,0,0,0,-2,-2,-2
143.8007401360544,144.2070893424036,57,44,1,1,1,1,1,1,1,1,1,-2,-2,-2,-2,-1,1,1,1,1,1,1,1,1,1,1,1,1,1,1,1,1,1,1,0,0,1
143.69625034013603,145.09073151927439,36,69,1,1,1,1,1,1,1,1,1,1,1,1,1,1,1,1,1,1,1,1,1,1,1,1,1,1,1,1,1,1,1,1,1,1,1,1,1,1,1,1,1,1,1,1,1,1,1,1,1,1,1,1,1,1,1,1,1,1,1,1,1,1,1,1,1,1,1,1,1,1,1,1,1,1,1,1,1,1,1,1,1,1,1,1,1,1,1,1,1,1,1,1,1,1,1,1,1,1,1,1,1,1,1,1,1,1,1,1,1,1,1,1,1,1,1,1,1,1,1,1,1
141.98829977324263,142.22049931972788,31,55,1,1,1,1,1,1,1,1,1,1,1,1,1,1,1,1,1,1,1,1
141.82576009070294,141.98829977324263,31,74,1,1,1,1,1,1,1,1,1,1,1,1,1,1
141.6167804988662,141.82576009070294,31,85,1,1,1,1,1,1,1,2,1,1,1,1,1,1,1,1,1,1
141.431020861678,141.76771020408162,55,37,1,1,1,0,0,0,0,0,1,1,1,1,1,1,1,1,1,1,1,1,-3,0,0,0,0,0,1,1,1
141.19882131519273,141.38458095238096,60,55,4,3,0,0,0,0,0,1,1,1,1,1,1,3,3,1
140.8492380952381,141.00016780045354,43,40,1,1,1,1,1,1,1,1,1,1,1,1,1
140.82601814058958,141.6167804988662,31,88,1,1,1,1,1,1,1,1,1,1,1,1,1,1,1,1,1,1,1,1,1,1,1,1,1,1,1,1,1,1,1,1,1,1,1,1,1,1,1,1,1,1,1,1,1,1,1,1,1,1,1,1,1,1,1,1,1,1,1,1,1,1,1,1,1,1,1,1,1
140.68669841269843,140.8492380952381,43,45,1,1,1,1,1,1,1,1,1,1,1,1,1,1
140.46610884353743,140.60542857142858,53,43,-2,-2,-2,1,1,1,1,1,1,1,1,1
140.37322902494333,140.70991836734694,72,68,1,1,1,1,1,1,1,1,1,1,1,1,1,1,1,1,1,1,1,1,1,1,1,1,1,1,1,1,1
139.99009977324263,140.36161904761906,79,51,2,0,1,1,1,1,1,1,1,1,1,1,1,1,1,1,1,1,1,1,1,1,1,1,1,1,1,1,1,1,1,1
139.38638095238096,139.54892063492065,61,77,1,1,1,1,1,1,1,1,2,2,2,2,1,1
139.27028117913832,139.44443083900228,73,29,0,0,0,0,0,0,-1,1,2,2,1,1,1,1,1
139.0961315192744,139.23545124716554,57,48,-2,-2,0,1,0,1,1,1,1,1,1,1
139.0367977324263,139.22384126984127,41,40,1,1,1,1,1,1,1,1,1,1,1,1,1,1,1,1,1
138.54917868480726,138.79298820861678,60,46,1,1,1,1,1,1,1,1,1,1,1,1,1,1,1,1,1,1,1,1,1
137.88740997732427,138.73493832199546,41,63,1,1,1,1,1,1,1,1,1,1,1,1,1,1,1,1,1,1,1,1,1,1,1,1,1,1,1,1,1,1,1,1,1,1,1,1,1,1,1,1,1,1,1,1,1,1,1,1,1,1,1,1,1,1,1,1,1,1,1,1,1,1,1,1,1,1,1,1,1,1,1,1,1
137.84097006802722,138.0615596371882,45,56,1,1,1,1,1,1,1,1,1,1,1,1,1,1,1,1,1,1,1
137.75970022675736,138.04994965986393,48,45,1,1,1,1,1,1,1,1,1,1,1,1,1,1,1,1,1,1,1,1,1,1,1,1,1
137.6900403628118,137.88740997732427,41,45,1,1,1,1,1,1,1,1,1,1,1,1,1,1,1,1,1
137.4926707482993,137.67843038548753,71,56,1,1,1,1,1,1,1,1,1,1,1,1,1,1,1,1
137.48106077097506,137.7829201814059,67,62,1,1,1,1,1,1,1,1,1,1,1,1,1,1,1,1,1,1,1,1,1,1,1,1,1,1
137.44623083900225,137.70165034013604,31,65,1,1,1,1,1,1,1,1,1,1,1,1,1,1,1,1,1,1,1,1,1,1
137.29530113378684,137.4694507936508,45,60,1,1,1,1,1,1,1,1,1,1,1,1,1,1,1
137.10954149659864,137.34174104308389,71,75,1,1,1,1,1,1,1,1,1,1,1,1,1,1,1,1,1,1,1,1
137.05020770975057,137.50428072562357,33,47,1,1,1,1,1,1,1,1,1,1,1,1,1,1,1,1,1,1,1,1,1,1,1,1,1,1,1,1,1,1,1,1,1,1,1,1,1,1,1,1
136.74834829931973,137.29530113378684,45,54,1,1,1,1,1,1,1,1,1,1,1,1,1,1,1,1,1,1,1,1,1,1,1,1,1,1,1,1,1,1,1,1,1,1,1,1,1,1,1,1,1,1,1,1,1,1,1,1
136.73673832199546,137.1792013605442,57,42,1,1,1,1,1,1,1,1,1,1,1,1,1,1,1,1,1,1,1,1,1,1,1,1,1,1,1,1,1,1,1,1,1,1,1,1,1,1,1
136.5974185941043,137.05020770975057,72,63,1,1,1,1,1,1,1,1,1,1,1,1,1,1,1,1,1,1,1,1,1,1,1,1,1,1,1,1,1,1,1,1,1,1,1,1,1,1,1
136.3768290249433,136.74834829931973,45,67,1,1,1,1,1,1,1,1,1,1,1,1,1,1,1,1,1,1,1,1,1,1,1,1,1,1,1,1,1,1,1,1
136.2258993197279,136.4116589569161,74,78,1,1,1,1,1,1,1,1,1,1,1,1,1,1,1,1
136.20267936507938,136.3768290249433,45,67,1,1,1,1,1,1,1,1,1,1,1,1,1,1,1
135.8776,136.15623945578233,72,65,1,1,1,1,1,1,1,1,1,1,1,1,1,1,1,1,1,1,1,1,1,1,1,1
135.68023038548753,136.20267936507938,45,57,1,1,1,1,1,1,1,1,1,1,1,1,1,1,1,1,1,1,1,1,1,1,1,1,1,1,1,1,1,1,1,1,1,1,1,1,1,1,1,1,1,1,1,1,1
135.657010430839,135.86599002267573,79,69,1,1,1,1,1,1,1,1,1,1,1,1,1,1,1,1,1,1
135.29710113378687,135.4712507936508,76,74,1,1,1,1,1,1,1,1,1,1,1,1,1,1,1
134.9475179138322,135.1577814058957,74,78,1,1,1,1,1,1,1,1,1,1,1,1,1,1,1,1,1,1,1
134.9475179138322,135.68023038548753,45,61,1,1,1,1,1,1,1,1,1,1,1,1,1,1,1,1,1,1,1,1,1,1,1,1,1,1,1,1,1,1,1,1,1,1,1,1,1,1,1,1,1,1,1,1,1,1,1,1,1,1,1,1,1,1,1,1,1,1,1,1,1,1,1,1
134.90107800453512,136.2258993197279,33,76,1,1,1,1,1,1,1,1,1,1,1,1,1,1,1,1,1,1,1,1,1,1,1,1,1,1,1,1,1,1,1,1,1,1,1,1,1,1,1,1,1,1,1,1,1,1,1,1,1,1,1,1,1,1,1,1,1,1,1,1,1,1,1,1,1,1,1,1,1,1,1,1,1,1,1,1,1,1,1,1,1,1,1,1,1,1,1,1,1,1,1,1,1,1,1,1,1,1,1,1,1,1,1,1,1,1,1,1,1,1,1,1,1,1,1
134.7849782312925,134.9475179138322,45,48,1,1,1,1,1,1,1,1,1,1,1,1,1,1
134.76175827664397,134.90107800453512,33,45,1,1,1,1,1,1,1,1,1,1,1,1
134.73853832199546,134.9126879818594,57,53,1,1,1,1,1,1,1,1,1,1,1,1,1,1,1
134.57599863945578,134.86624807256234,72,58,1,1,1,1,1,1,1,1,1,1,1,1,1,1,1,1,1,1,1,1,1,1,1,1,1
134.0651596371882,134.20447936507935,79,74,1,1,1,1,1,1,1,1,1,1,1,1
134.00710975056688,134.8198081632653,40,63,1,1,1,1,1,1,1,1,1,1,1,1,1,1,1,1,1,1,1,1,1,1,1,1,1,1,1,1,1,1,1,1,1,1,1,1,1,1,1,1,1,1,1,1,1,1,1,1,1,1,1,1,1,1,1,1,1,1,1,1,1,1,1,1,1,1,1,1,1,1
133.28729115646257,133.4962707482993,74,41,1,1,1,1,-1,-1,1,1,1,1,1,1,1,1,1,1,1,1
130.90467800453516,131.06721768707484,45,46,4,1,1,1,0,-1,0,0,0,0,0,0,1,1
129.5695306122449,130.544768707483,31,69,1,1,1,1,1,1,1,1,1,1,1,1,1,1,1,1,1,1,1,1,1,1,1,1,1,1,1,1,1,1,1,1,1,1,1,1,1,1,1,1,1,1,1,1,1,1,1,1,1,1,1,1,1,1,1,1,1,1,1,1,1,1,1,1,1,1,1,1,1,1,1,1,1,1,1,1,1,1,1,1,1,1,1,1
128.20987936507936,128.50012879818593,68,43,0,1,1,1,2,2,2,2,2,2,2,2,1,1,1,1,1,1,1,1,1,1,1,1,1
128.20987936507936,128.52334875283447,56,61,1,1,1,1,1,2,2,2,2,2,2,1,1,1,1,1,1,1,1,1,1,1,1,1,1,1,0
127.78031020408162,127.96606984126984,51,27,3,3,3,3,0,-1,-1,-1,3,3,3,0,0,0,0,0
126.25811927437643,126.39743900226757,50,70,0,0,1,1,1,1,1,1,1,1,1,1
125.00295782312925,125.15517142857144,49,57,0,0,0,0,0,0,0,0,0,1,1,1,1,0
124.44567891156463,124.59660861678005,52,49,3,3,3,3,3,3,1,1,1,1,1,1,1
123.72586031746032,124.02771972789115,72,44,0,1,1,1,1,1,1,1,1,1,1,1,1,1,1,1,1,1,1,1,1,1,1,1,1,1
123.43561088435375,124.16703945578232,36,80,1,1,1,1,1,1,1,1,1,1,1,1,1,1,1,1,1,1,1,1,1,1,1,1,1,1,1,1,1,1,1,1,1,1,1,1,1,1,1,1,1,1,1,1,1,1,1,1,1,1,1,1,1,1,1,1,1,1,1,1,1,1,1
123.0860276643991,123.28468117913832,31,55,1,1,1,1,1,1,1,1,1,1,2,2,2,2,1,1,1,1
122.93509795918368,123.1440775510204,48,62,1,1,1,0,0,0,1,1,1,1,1,1,1,1,1,1,1,4
121.71605034013605,122.1688394557823,36,58,1,1,1,1,1,1,1,1,1,1,1,1,1,1,1,1,1,1,1,1,1,1,1,1,1,1,1,1,1,1,1,1,1,1,1,1,1,1,1
121.6347804988662,121.78571020408162,57,70,-2,0,0,0,1,1,1,1,1,1,1,0,0
120.49571882086167,120.92528798185941,55,53,1,1,1,1,1,1,1,1,1,1,1,1,1,1,1,1,1,1,1,1,1,1,1,1,1,1,1,1,1,1,1,1,1,1,1,1,1
120.47249886621314,121.228431292517,36,70,1,1,1,1,1,1,1,1,1,1,1,1,1,1,1,1,1,1,1,1,1,1,1,1,1,1,1,1,1,1,1,1,1,1,1,1,1,1,1,1,1,1,1,1,1,1,1,1,1,1,1,1,1,1,1,1,1,1,1,1,1,1,1,1,1,1
120.46088888888889,120.77435827664398,48,46,1,1,1,1,1,1,1,1,1,1,1,1,1,1,1,1,1,1,1,1,1,1,1,1,1,1,1
119.11284761904763,119.25345124716553,45,41,-1,1,1,1,1,1,1,1,1,2,2,2,1
118.38141904761905,118.52073877551021,72,36,0,0,0,0,2,1,1,1,1,1,1,1
118.36980907029479,118.56717868480726,44,59,1,1,1,1,1,1,0,0,1,1,1,1,1,1,1,0,0
117.64999047619048,117.8009201814059,60,54,1,1,1,0,0,0,1,1,1,1,1,1,1
117.64999047619048,117.8009201814059,48,55,1,1,0,0,0,0,0,1,1,1,1,1,1
117.42940090702949,117.64999047619048,48,45,0,0,0,0,0,0,0,0,0,0,0,0,0,0,1,1,1,-1,-1
116.45287891156462,116.63863854875284,55,73,1,1,1,1,1,1,1,1,1,1,1,1,1,1,1,1
115.77950022675738,115.91881995464853,76,51,1,1,1,1,1,1,1,1,1,1,1,1
111.8063201814059,111.98046984126984,74,46,1,1,1,1,1,1,1,1,1,1,1,1,1,1,1
111.43480090702947,111.65539047619048,67,65,1,1,1,1,1,1,1,1,1,1,1,1,1,1,1,1,1,1,1
111.08521768707483,111.66700045351473,40,70,1,1,1,1,1,1,1,1,1,1,1,1,1,1,1,1,1,1,1,1,1,1,1,1,1,1,1,1,1,1,1,1,1,1,1,1,1,1,1,1,1,1,1,1,1,1,1,1,1,1,1
111.07360770975056,111.52768072562358,62,57,1,0,0,0,0,0,1,1,1,1,1,1,1,1,1,1,1,1,1,1,1,1,1,1,1,1,1,1,1,1,1,1,1,1,1,1,1,1,1,1
110.7485283446712,111.01555782312924,40,66,0,0,0,0,0,0,0,0,0,0,0,1,1,1,1,1,1,1,1,1,1,1,1
110.70208843537415,110.99233786848072,67,43,1,1,1,1,1,0,1,1,1,1,1,1,1,1,1,1,1,1,1,1,1,1,1,1,1
110.70208843537415,110.89945804988662,43,44,1,1,1,1,1,1,1,1,2,1,1,1,1,1,1,1,0
110.57437868480726,110.85301814058957,47,44,1,1,1,1,1,1,1,1,4,4,4,4,4,1,1,1,1,1,1,1,1,1,1,1
110.38861904761904,110.64403854875283,40,68,1,1,1,1,1,1,1,1,1,1,1,1,1,1,1,1,1,1,1,1,1,1
110.20285941043083,110.46988888888889,62,41,1,1,1,1,1,1,1,1,1,1,1,1,1,1,1,1,1,1,1,1,1,1,1
110.15641950113378,110.31895918367347,47,42,1,1,1,1,1,1,1,1,1,1,1,1,1,1
109.61075056689342,110.38861904761904,40,78,1,1,1,1,1,1,1,1,1,1,1,1,1,1,1,1,1,1,1,1,1,1,1,1,1,1,1,1,1,1,1,1,1,1,1,1,1,1,1,1,1,1,1,1,1,1,1,1,1,1,1,1,1,1,1,1,1,1,1,1,1,1,1,1,1,1,1
108.91286802721089,109.08701768707483,43,52,1,1,1,1,1,1,1,1,1,1,1,1,1,1,1
108.90125804988662,109.06379773242631,74,44,1,1,1,1,1,1,1,1,1,1,1,1,1,1
108.90125804988662,109.93582993197279,55,47,0,0,0,1,1,1,1,1,1,1,1,1,1,1,1,1,1,1,1,1,1,1,1,1,1,1,1,1,1,1,1,1,1,1,1,1,1,1,1,1,1,1,1,1,1,1,1,1,1,1,1,1,1,1,1,1,1,1,1,1,1,1,1,1,1,1,1,1,1,1,1,1,1,1,1,1,1,1,1,1,1,1,1,1,1,1,1,1,1,1
108.90125804988662,109.06379773242631,52,38,0,0,1,1,1,1,1,1,1,1,1,1,1,1
108.88964807256237,109.61075056689342,40,77,1,1,1,1,1,1,1,1,1,1,1,1,1,1,1,1,1,1,1,1,1,1,1,1,1,1,1,1,1,1,1,1,1,1,1,1,1,1,1,1,1,1,1,1,1,1,1,1,1,1,1,1,1,1,1,1,1,1,1,1,1,1,1
108.55295873015874,108.81998820861679,72,64,1,1,1,1,1,1,1,1,1,1,1,1,1,1,1,1,1,1,1,1,1,1,1
108.2510993197279,108.81998820861679,31,74,1,1,1,1,1,1,1,1,1,1,1,1,1,1,1,1,1,1,1,1,1,1,1,1,1,1,1,1,1,1,1,1,1,1,1,1,1,1,1,1,1,1,1,1,1,1,1,1,1
108.19304943310658,108.50651882086169,71,55,0,1,1,1,1,1,1,1,1,1,1,1,1,1,1,1,1,1,1,1,1,1,1,1,1,1,1
107.83314013605442,108.123389569161,72,63,1,1,1,1,1,1,1,1,1,1,1,1,1,1,1,1,1,1,1,1,1,1,1,1,1
107.11203764172336,107.32230113378685,76,72,1,1,1,1,1,1,1,1,1,1,1,1,1,1,1,1,1,1,1
106.74051836734694,106.94949795918367,55,43,1,0,0,0,0,0,1,1,1,1,1,1,1,1,1,1,1,1
106.61280861678004,108.2510993197279,31,66,1,1,1,1,1,1,1,1,1,1,1,1,1,1,1,1,1,1,1,1,1,1,1,1,1,1,1,1,1,1,1,1,1,1,1,1,1,1,1,1,1,1,1,1,1,1,1,1,1,1,1,1,1,1,1,1,1,1,1,1,1,1,1,1,1,1,1,1,1,1,1,1,1,1,1,1,1,1,1,1,1,1,1,1,1,1,1,1,1,1,1,1,1,1,1,1,1,1,1,1,1,1,1,1,1,1,1,1,1,1,1,1,1,1,1,1,1,1,1,1,1,1,1,1,1,1,1,1,1,1,1,1,1,1,1,1,1,1,1,1,1,1
106.29933922902495,106.48509886621315,51,70,1,1,1,1,1,1,-2,1,1,1,1,1,1,1,1,1
106.20645941043084,106.61280861678004,31,89,1,1,1,1,1,1,1,1,1,1,1,1,1,1,1,1,1,1,1,1,1,1,1,1,1,1,1,1,1,1,1,1,1,1,1
105.74206031746031,105.9394299319728,53,49,-2,-2,-2,-2,-2,-2,-2,-2,-2,-2,1,1,1,1,1,1,1
105.64918049886622,105.8117201814059,72,40,1,1,1,1,1,1,1,1,1,1,1,1,1,1
105.44020090702948,105.5911306122449,53,34,-2,-1,0,2,2,-2,1,1,1,1,1,1,1
104.52172879818595,104.6610485260771,58,84,1,1,1,1,1,1,1,1,1,4,4,4
103.83674013605442,103.9992798185941,55,59,0,0,0,0,-1,-1,-1,0,0,0,1,1,4,4
103.32590113378684,104.89324807256236,29,69,1,1,1,1,1,1,1,1,1,1,1,1,1,1,1,1,1,1,1,1,1,1,1,1,1,1,1,1,1,1,1,1,1,1,1,1,1,1,1,1,1,1,1,1,1,1,1,1,1,1,1,1,1,1,1,1,1,1,1,1,1,1,1,1,1,1,1,1,1,1,1,1,1,1,1,1,1,1,1,1,1,1,1,1,1,1,1,1,1,1,1,1,1,1,1,1,1,1,1,1,1,1,1,1,1,1,1,1,1,1,1,1,1,1,1,1,1,1,1,1,1,1,1,1,1,1,1,1,1,1,1,1,1,1,1
103.24334739229025,103.3723410430839,57,43,1,1,1,1,1,1,1,1,1,1,1,1
102.96470793650793,103.10402766439908,65,73,1,2,2,2,2,2,2,2,2,2,3,1
102.52352879818594,102.67445850340135,60,44,1,1,-2,-2,-2,-2,-2,-2,-2,0,0,0,0
101.75727029478458,102.02429977324263,36,53,1,1,1,1,1,1,1,1,1,1,1,1,1,1,1,1,1,1,1,1,1,1,1
101.44380090702947,101.7224403628118,60,61,4,1,1,-2,-2,-2,-2,-2,-2,-2,1,1,1,1,1,1,1,1,1,1,1,1,0,0
101.03616780045351,101.22192743764171,51,67,4,4,1,1,1,1,1,1,1,1,1,1,1,1,3,3
100.47888888888889,100.7575283446712,55,41,1,1,1,1,1,1,1,1,1,1,1,1,1,1,1,1,1,1,1,1,1,1,1,1
100.29312925170068,101.51346077097506,36,71,1,1,1,1,1,1,1,1,1,1,1,1,1,1,1,1,1,1,1,1,1,1,1,1,1,1,1,1,1,1,1,1,1,1,1,1,1,1,1,1,1,1,1,1,1,1,1,1,1,1,1,1,1,1,1,1,1,1,1,1,1,1,1,1,1,1,1,1,1,1,1,1,1,1,1,1,1,1,1,1,1,1,1,1,1,1,1,1,1,1,1,1,1,1,1,1,1,1,1,1,1,1,1,1,1,1
100.25829931972788,100.47888888888889,55,49,1,1,1,1,1,1,1,1,1,1,1,1,1,1,1,1,1,1,1
100.25829931972788,100.45566893424035,48,56,1,1,1,1,1,1,1,1,1,1,1,1,1,1,1,1,1
100.13058956916099,100.8852380952381,64,58,-2,0,0,1,1,1,1,1,1,1,1,1,1,1,1,1,1,1,1,1,1,1,1,1,1,1,1,1,1,1,1,1,-2,-2,-2,1,1,1,1,1,1,1,1,1,1,1,1,1,1,1,1,1,1,1,1,1,1,1,1,1,1,1,1,1,1
99.89839002267573,100.15380952380951,31,80,1,1,1,1,1,1,1,1,1,1,1,1,1,1,1,1,1,1,1,1,1,1
99.82873015873015,100.59498866213151,60,45,1,-2,-2,-2,-2,1,1,1,1,1,1,1,1,1,1,1,1,1,1,1,1,1,1,1,1,1,1,1,1,1,1,1,1,1,1,1,1,1,1,1,1,1,1,1,1,1,1,1,1,1,1,1,1,1,1,1,1,1,1,1,1,1,1,1,1,1
99.235337414966,99.48043083900227,52,62,0,0,0,0,0,-2,0,0,0,0,0,0,0,1,1,1,1,1,1,1,1,1
99.21211746031747,99.3411111111111,55,34,2,0,0,0,0,0,1,1,1,1,1,1
99.13084761904763,99.7822902494331,36,52,1,1,1,1,1,1,1,1,1,1,1,1,1,1,1,1,1,1,1,1,1,1,1,1,1,1,1,1,1,1,1,1,1,1,1,1,1,1,1,1,1,1,1,1,1,1,1,1,1,1,1,1,1,1,1,1,1
98.63161859410431,99.13084761904763,36,71,1,1,1,1,1,1,1,1,1,1,1,1,1,1,1,1,1,1,1,1,1,1,1,1,1,1,1,1,1,1,1,1,1,1,1,1,1,1,1,1,1,1,1
98.53873877551021,98.73610839002268,63,77,1,1,1,1,1,1,1,2,3,3,3,2,2,2,1,1,1
98.37619909297052,98.52712879818594,60,57,1,1,1,1,1,1,1,1,1,1,1,1,0
98.352979138322,98.63161859410431,36,66,1,1,1,1,1,1,1,1,1,1,1,1,1,1,1,1,1,1,1,1,1,1,1,1
98.10916961451248,98.42263900226757,57,65,3,0,0,0,0,1,1,1,1,1,1,1,0,0,0,0,0,0,0,0,1,1,1,1,1,1,1
97.84214013605443,98.00467981859411,60,53,4,4,4,1,1,1,1,1,1,1,1,1,1,-1
97.66799047619048,97.84214013605443,61,34,1,1,1,1,1,-2,-2,-2,-2,-2,-2,4,3,3,3
97.48223083900227,97.65638049886621,64,52,1,1,1,2,2,2,3,3,3,3,3,2,1,1,-1
97.34162721088435,97.55189070294784,48,50,1,1,1,1,1,1,1,1,1,1,1,1,1,1,1,1,1,1,1
97.3300172335601,98.352979138322,36,62,1,1,1,1,1,1,1,1,1,1,1,1,1,1,1,1,1,1,1,1,1,1,1,1,1,1,1,1,1,1,1,1,1,1,1,1,1,1,1,1,1,1,1,1,1,1,1,1,1,1,1,1,1,1,1,1,1,1,1,1,1,1,1,1,1,1,1,1,1,1,1,1,1,1,1,1,1,1,1,1,1,1,1,1,1,1,1,1,1
97.31840725623583,97.48223083900227,64,43,1,1,1,0,-2,-2,-2,-2,-2,-2,-2,1,1,1,1
97.09781768707484,97.26035736961451,59,78,1,1,0,0,0,0,0,0,0,0,1,1,0,0
97.06298775510204,97.57511065759638,72,47,1,1,1,1,1,1,1,1,1,1,1,1,1,1,1,1,1,1,1,1,1,1,1,1,1,1,1,1,1,1,1,1,1,1,1,1,1,1,1,1,1,1,1,1,1
96.63341859410431,96.93527800453515,74,64,1,1,1,1,1,1,1,1,1,1,1,1,1,1,1,1,1,1,1,1,1,1,1,1,1,1
96.354779138322,96.59858866213152,76,79,1,1,1,1,1,1,1,1,1,1,1,1,1,1,1,1,1,1,1,1,1
95.87877006802721,96.20384943310658,79,58,1,1,1,1,1,1,1,1,1,1,1,1,1,1,1,1,1,1,1,1,1,1,1,1,1,1,1,1
95.87877006802721,96.354779138322,55,42,1,1,1,1,1,1,1,1,1,1,1,1,1,1,1,1,1,1,1,1,1,1,1,1,1,1,1,1,1,1,1,1,0,0,0,0,1,1,1,1,1
95.65818049886622,95.84394013605443,55,39,1,1,1,1,1,1,0,0,0,1,1,1,1,1,1,1
95.30859727891156,95.48403083900227,55,46,0,0,0,0,0,1,1,1,1,1,1,1,1,1,1,0
95.05317777777778,95.23893741496599,52,62,1,1,1,0,0,0,0,0,0,1,1,1,1,1,1,1
94.68165850340137,94.83258820861678,55,45,1,1,1,1,1,1,1,1,1,1,1,1,1
94.5423387755102,95.65818049886622,31,72,1,1,1,1,1,1,1,1,1,1,1,1,1,1,1,1,1,1,1,1,1,1,1,1,1,1,1,1,1,1,1,1,1,1,1,1,1,1,1,1,1,1,1,1,1,1,1,1,1,1,1,1,1,1,1,1,1,1,1,1,1,1,1,1,1,1,1,1,1,1,1,1,1,1,1,1,1,1,1,1,1,1,1,1,1,1,1,1,1,1,1,1,1,1,1,1,1
93.71803038548752,93.99666984126983,72,68,1,1,1,1,1,1,1,1,1,1,1,1,1,1,1,1,1,1,1,1,1,1,1,4
93.36844716553287,93.52066077097506,67,55,1,1,1,1,1,1,1,1,1,1,1,1,1,1
93.11302766439908,93.25234739229025,57,40,1,1,0,0,0,1,1,1,1,1,1,1
93.03175782312925,93.40456099773243,64,40,1,1,1,1,1,1,1,1,1,1,1,1,1,1,1,1,1,1,1,1,1,1,1,1,1,1,1,1,1,1,1,1,1
92.89243809523809,93.03175782312925,64,41,-2,-1,-1,0,0,0,0,1,1,1,1,1
92.64862857142857,92.89243809523809,64,46,1,1,1,1,1,1,1,1,1,1,1,1,1,1,1,1,1,1,1,-5,-2
92.64862857142857,92.78794829931972,52,51,0,0,1,1,-2,-2,-2,-2,-2,1,1,1
92.27710929705215,92.47447891156462,55,52,1,1,0,1,1,1,2,2,2,2,2,1,1,1,1,1,1
92.18422947845805,92.358379138322,52,58,1,1,1,0,0,0,0,1,1,1,1,1,1,1,1
91.84754013605442,94.35657913832199,29,70,1,1,1,1,1,1,1,1,1,1,1,1,1,1,1,1,1,1,1,1,1,1,1,1,1,1,1,1,1,1,1,1,1,1,1,1,1,1,1,1,1,1,1,1,1,1,1,1,1,1,1,1,1,1,1,1,1,1,1,1,1,1,1,1,1,1,1,1,1,1,1,1,1,1,1,1,1,1,1,1,1,1,1,1,1,1,1,1,1,1,1,1,1,1,1,1,1,1,1,1,1,1,1,1,1,1,1,1,1,1,1,1,1,1,1,1,1,1,1,1,1,1,1,1,1,1,1,1,1,1,1,1,1,1,1,1,1,1,1,1,1,1,1,1,1,1,1,1,1,1,1,1,1,1,1,1,1,1,1,1,1,1,1,1,1,1,1,1,1,1,1,1,1,1,1,1,1,1,1,1,1,1,1,1,1,1,1,1,1,1,1,1,1,1,1,1,1,1,1,1,1,1,1,1,1,1,1,1,1,1,1,1,1,1,1,1,1
91.74305034013605,92.1029596371882,57,52,1,1,1,1,1,0,1,1,1,1,1,1,1,1,1,1,1,1,1,1,1,1,2,1,1,1,1,0,0,1,1
91.41797097505669,91.56890068027211,52,51,0,0,0,0,0,0,-1,-1,-1,0,0,1,1
90.83618820861678,91.13804761904761,72,54,1,1,1,1,1,1,1,1,1,1,1,1,1,1,1,1,1,1,1,1,1,1,1,1,1,1
90.60398866213151,90.74330839002266,58,84,4,2,1,1,1,1,1,1,1,1,1,1
90.56915873015872,90.97550793650792,67,50,1,1,1,1,1,1,1,1,1,1,1,1,1,1,1,1,1,1,1,1,1,1,1,1,1,1,1,1,1,1,1,0,0,1,1
90.02348979591837,90.42983900226757,45,49,1,1,1,1,1,1,1,1,1,1,0,1,1,1,1,1,1,1,1,1,1,1,1,1,1,1,1,1,1,1,1,1,1,1,1
89.51265079365079,89.77968027210883,57,40,-2,0,1,1,3,3,3,3,3,3,3,-3,-4,-4,-4,-3,-1,-1,0,0,0,1,1
89.45460090702947,89.72163038548752,55,42,2,2,2,2,1,4,1,1,1,1,2,2,2,1,1,1,1,1,1,2,2,2,1
88.74510839002268,88.94247800453515,55,39,-2,0,1,1,4,4,4,1,1,1,1,1,1,1,1,1,1
88.60578866213153,88.74510839002268,53,43,-1,0,0,-1,-1,-2,-2,-1,0,0,1,1
88.33875918367347,88.47807891156464,57,54,-5,1,1,1,1,1,1,1,1,1,1,1
88.3271492063492,88.55934875283447,64,56,1,1,1,1,1,1,1,1,1,1,1,1,1,1,1,1,1,1,1,1
88.18782947845806,88.3968090702948,55,66,1,1,1,1,1,1,0,0,-2,-2,-3,-2,-2,1,1,1,1,1
87.93240997732427,88.25748934240363,62,52,1,1,1,1,1,1,1,1,1,1,1,1,1,1,1,1,1,1,1,1,1,1,1,1,1,1,1,1
87.65377052154196,87.89758004535148,67,69,1,1,1,1,1,1,1,1,1,1,1,1,1,1,1,1,1,1,1,1,1
87.24613741496599,87.44479092970522,69,54,1,1,1,1,1,1,1,1,1,1,1,1,1,1,1,1,1,1
86.80495827664399,86.97910793650794,67,52,1,-1,0,0,0,1,1,1,1,1,1,1,1,1,1
86.73529841269841,86.90944807256236,55,52,1,1,1,1,1,1,1,1,1,0,1,1,1,1,1
85.79489024943311,86.13157959183674,40,56,1,1,1,1,1,1,1,1,1,1,1,1,1,1,1,1,1,1,1,1,1,1,1,1,1,1,1,1,1
85.78328027210884,85.9226,52,65,0,1,1,1,1,1,1,1,1,1,1,1
85.35242721088436,85.57430068027212,60,71,0,0,0,0,0,0,1,1,3,3,3,3,3,2,2,-1,-1,-1,-1,0
85.29437732426304,85.6091306122449,31,65,1,1,1,1,1,1,1,1,1,1,1,1,1,1,1,1,1,1,1,1,1,1,1,1,1,1,1,1
85.03895782312925,85.25954739229024,63,39,4,4,3,3,0,0,3,3,3,4,3,3,3,1,1,1,0,-1,-1
84.6790485260771,84.93446802721088,67,53,0,1,1,1,1,1,1,1,1,1,1,1,1,1,1,1,1,1,1,1,1,1
83.94761995464853,84.12176961451247,55,64,1,1,1,1,1,1,1,3,3,4,1,1,1,1,1
83.78508027210884,83.94761995464853,55,67,0,1,1,1,1,1,1,1,1,1,1,1,1,1
83.37744716553287,83.54127074829931,55,55,-5,-5,-5,1,-3,-2,-2,1,1,1,1,1,1,1,1
83.3077873015873,83.46000090702948,53,57,-4,-4,1,1,1,1,1,1,1,1,1,1,1,1
83.3077873015873,84.56294875283447,31,63,1,1,1,1,1,1,1,1,1,1,1,1,1,1,1,1,1,1,1,1,1,1,1,1,1,1,1,1,1,1,1,1,1,1,1,1,1,1,1,1,1,1,1,1,1,1,1,1,1,1,1,1,1,1,1,1,1,1,1,1,1,1,1,1,1,1,1,1,1,1,1,1,1,1,1,2,2,1,1,1,1,1,1,1,1,1,1,1,1,1,1,1,1,1,1,1,1,1,1,1,1,1,1,1,1,1,1,0,0
82.88982811791382,83.14524761904761,55,55,1,1,1,1,1,1,1,1,1,1,1,1,1,1,1,1,1,1,1,1,1,-2
80.45044897959184,80.62459863945578,57,45,1,1,1,1,1,1,1,1,1,1,1,1,1,1,1
80.22985941043085,81.705610430839,29,80,1,1,1,1,1,1,1,1,1,1,1,1,1,1,1,1,1,1,1,1,1,1,1,1,1,1,1,1,1,1,1,1,1,1,1,1,1,1,1,1,1,1,1,1,1,1,1,1,1,1,1,1,1,1,1,1,1,1,1,1,1,1,1,1,1,1,1,1,1,1,1,1,1,1,1,1,1,1,1,1,1,1,1,1,1,1,1,1,1,1,1,1,1,1,1,1,1,1,1,1,1,1,1,1,1,1,1,1,1,1,1,1,1,1,1,1,1,1,1,1,1,1,1,1,1,1,1,1
80.20663945578232,80.45044897959184,57,53,1,1,1,1,1,1,1,1,1,1,1,1,1,1,1,1,1,1,1,1,1
80.12536961451248,80.26468934240363,55,41,1,-2,-2,-2,-2,-2,1,1,1,1,1,1
79.97443990929706,80.40400907029479,67,42,1,1,1,1,1,1,1,1,1,1,1,1,1,1,1,1,-2,1,1,1,1,1,1,1,1,1,1,1,1,1,1,1,1,1,1,1,1
79.96282993197279,80.12536961451248,54,34,1,1,1,1,1,-2,-2,-2,-2,-2,-2,-2,-2,-2
79.67258049886622,79.81190022675737,51,60,1,1,1,1,0,0,1,1,1,1,1,3
79.63775056689343,79.97443990929706,71,51,1,1,1,1,1,1,1,1,1,1,1,1,1,1,1,1,1,1,1,1,1,1,1,1,1,1,1,1,1
79.38104716553288,79.57970068027211,60,82,1,1,1,0,0,0,0,0,1,1,1,1,2,2,2,2,2,1
79.35782721088435,79.86995011337869,31,80,1,1,1,1,1,1,1,1,1,1,1,1,1,1,1,1,1,1,1,1,1,1,1,1,1,1,1,1,1,1,1,1,1,1,1,1,1,1,1,1,1,1,1,1,1
79.26494739229025,79.60292063492064,72,61,1,1,1,1,1,1,1,1,1,1,1,1,1,1,1,1,1,1,1,1,1,1,1,1,1,1,1,1,1,1
78.91664807256237,79.19528752834468,67,43,1,1,1,1,1,1,1,1,1,0,0,0,0,-2,0,1,1,1,1,1,1,1,1,1
78.62639863945579,78.78893832199547,60,51,-2,-1,0,1,1,1,1,1,1,1,1,1,1,1
77.81370022675738,78.370979138322,55,50,1,1,1,1,1,1,1,1,1,1,1,1,1,1,1,1,1,1,1,1,1,1,1,1,1,1,1,1,1,1,1,1,1,1,1,1,1,1,1,1,1,1,1,1,1,1,1,1
77.81370022675738,78.44063900226757,48,49,1,1,1,1,1,1,1,1,1,1,1,1,1,1,1,1,1,1,1,1,1,1,1,1,1,1,1,1,1,1,1,1,1,1,1,1,1,1,1,1,1,1,1,1,1,1,1,1,1,1,1,1,1,1
77.47572698412698,78.2780993197279,67,48,1,1,1,1,1,1,1,1,1,1,1,1,1,1,1,1,1,1,1,1,1,1,1,1,1,1,1,1,1,1,1,1,1,1,1,1,1,1,1,1,1,1,1,1,1,1,1,1,1,1,1,1,1,1,1,1,1,1,1,1,1,1,1,1,1,1,1,1,1,1
77.11581768707482,77.81370022675738,48,58,1,1,1,1,1,1,1,1,1,1,1,1,1,1,1,1,1,1,1,1,1,1,1,1,1,1,1,1,1,1,1,1,1,1,1,1,1,1,1,1,1,1,1,1,1,1,1,1,1,1,1,1,1,1,1,1,1,1,1,1,1
77.10420770975057,78.45224897959184,36,79,1,1,1,1,1,1,1,1,1,1,1,1,1,1,1,1,1,1,1,1,1,1,1,1,1,1,1,1,1,1,1,1,1,1,1,1,1,1,1,1,1,1,1,1,1,1,1,1,1,1,1,1,1,1,1,1,1,1,1,1,1,1,1,1,1,1,1,1,1,1,1,1,1,1,1,1,1,1,1,1,1,1,1,1,1,1,1,1,1,1,1,1,1,1,1,1,1,1,1,1,1,1,1,1,1,1,1,1,1,1,1,1,1,1,1,1,1
76.82556825396826,77.42928707482993,64,54,1,1,1,1,1,1,1,1,1,1,1,1,1,1,1,1,1,1,1,1,1,1,1,1,1,1,1,1,1,1,1,1,1,1,1,1,1,1,1,1,1,1,1,1,1,1,1,1,1,1,1,1
76.81395827664399,77.05776780045352,31,76,1,1,1,1,1,1,1,1,1,1,1,1,1,1,1,1,1,1,1,1,1
76.39599909297053,76.67463854875284,36,43,1,1,1,1,1,1,1,1,1,1,1,1,1,1,1,1,1,1,1,1,1,1,1,1
75.85033015873016,76.0244798185941,71,26,0,1,1,-2,-2,-2,-2,-1,1,1,1,1,1,1,1
75.51364081632653,75.91999002267573,36,54,1,1,1,1,1,1,1,1,1,1,1,1,1,1,1,1,1,1,1,1,1,1,1,1,1,1,1,1,1,1,1,1,1,1,1
75.50203083900227,75.64135056689342,52,69,1,1,1,2,2,2,2,2,2,2,2,2
74.87380816326531,75.03634784580498,56,69,1,1,1,1,1,1,1,0,0,0,0,0,0,0
73.60832063492063,73.77086031746032,55,35,-1,-1,-1,-1,-1,-1,-1,-1,-1,0,0,0,1,1
73.47932698412698,73.6199306122449,71,45,1,1,1,1,1,1,1,1,1,1,1,1,1
73.35161723356009,73.49093696145124,54,46,-1,0,0,0,-1,-1,-1,0,0,0,0,0
71.51724081632652,71.66817052154194,61,73,-1,0,0,0,2,2,2,2,2,1,1,1,1
70.36656916099774,70.50588888888889,55,36,0,0,0,-1,-1,-1,0,1,1,2,2,1
69.57709070294786,69.7512403628118,55,50,4,3,1,0,0,0,0,0,1,1,1,2,3,3,2
68.97208798185942,69.11140770975057,52,65,1,1,1,1,1,0,0,0,0,0,0,0
68.72827845804989,68.97208798185942,52,50,2,2,2,1,1,1,1,1,1,1,1,1,1,1,1,1,1,1,1,1,1
68.58895873015874,68.72827845804989,53,75,-1,1,1,1,1,1,1,1,1,1,0,0
68.46124897959184,68.64700861678004,48,48,1,1,1,1,1,1,1,1,1,1,1,1,1,1,1,1
68.46124897959184,68.90242811791383,41,42,1,1,1,1,1,1,1,1,1,1,1,1,1,1,1,1,1,1,1,1,1,1,1,1,1,1,1,1,1,1,1,1,1,1,1,1,1,1
68.12455963718821,68.29870929705216,51,72,0,1,1,1,1,1,1,1,1,1,1,1,1,1,1
67.53116689342404,67.70660045351474,59,76,1,1,0,0,0,1,2,2,2,2,2,2,1,0,0,-1
67.35701723356009,67.5427768707483,67,53,1,1,1,1,1,1,1,1,1,1,1,1,1,1,1,1
66.77651836734694,66.9158380952381,56,69,1,1,1,1,1,1,1,1,1,3,1,1
65.83611020408163,65.97542993197278,55,32,4,4,3,3,3,3,0,0,0,0,0,0
65.83611020408163,66.68363854875284,33,70,1,1,1,1,1,1,1,1,1,1,1,1,1,1,1,1,1,1,1,1,1,1,1,1,1,1,1,1,1,1,1,1,1,1,1,1,1,1,1,1,1,1,1,1,1,1,1,1,1,1,1,1,1,1,1,1,1,1,1,1,1,1,1,1,1,1,1,1,1,1,1,1,1
64.54611882086168,64.76670839002267,64,60,1,1,1,1,1,1,1,1,1,1,1,1,1,1,1,1,1,1,1
63.91918004535147,64.39518911564626,40,74,1,1,1,1,1,1,1,1,1,1,1,1,1,1,1,1,1,1,1,1,1,1,1,1,1,1,1,1,1,1,1,1,1,1,1,1,1,1,1,1,1
63.73342040816327,64.40679909297052,67,69,1,1,1,1,1,1,1,1,1,1,1,1,1,1,1,1,1,1,1,1,1,1,1,1,1,1,1,1,1,1,1,1,1,1,1,1,1,1,1,1,1,1,1,1,1,1,1,1,1,1,1,1,1,1,1,1,1,1
63.721810430839,64.37196916099774,55,47,1,1,1,1,1,1,1,1,1,1,1,1,1,1,1,1,1,1,1,1,1,1,1,1,1,1,1,1,1,1,1,1,1,1,1,1,1,1,1,1,1,1,1,1,1,1,1,1,1,1,1,1,1,1,1,1
63.36061723356009,63.84952018140589,64,58,1,1,1,1,1,1,1,1,1,1,1,1,1,1,1,1,1,1,1,1,1,1,1,1,1,1,1,1,1,1,1,1,1,1,-5,1,1,1,1,1,1,1,1
63.36061723356009,63.640540589569156,52,42,1,1,1,1,1,1,1,1,1,1,1,1,1,1,1,1,1,1,1,1,1,1,1,1,1
63.02392789115646,63.31417732426304,76,57,1,1,1,1,1,1,1,1,1,1,1,1,1,1,1,1,1,1,1,1,1,1,1,1,1
63.02392789115646,63.36061723356009,64,63,1,1,1,1,1,1,1,1,1,1,1,1,1,1,1,1,1,1,1,1,1,1,1,1,1,1,1,1,1
62.7917283446712,63.91918004535147,40,83,1,1,1,1,1,1,1,1,1,1,1,1,1,1,1,1,1,1,1,1,1,1,1,1,1,1,1,1,1,1,1,1,1,1,1,1,1,1,1,1,1,1,1,1,1,1,1,1,1,1,1,1,1,1,1,1,1,1,1,1,1,1,1,1,1,1,1,1,1,1,1,1,1,1,1,1,1,1,1,1,1,1,1,1,1,1,1,1,1,1,1,1,1,1,1,1,1,1
62.64079863945578,62.86138820861678,43,61,1,1,1,1,1,1,1,1,1,1,1,1,1,1,1,1,1,1,1
62.62918866213152,63.721810430839,55,54,1,1,1,1,1,1,1,1,1,1,1,1,1,1,1,1,1,1,1,1,1,1,1,1,1,1,1,1,1,1,1,1,1,1,1,1,1,1,1,1,1,1,1,1,1,1,1,1,1,1,1,1,1,1,1,1,1,1,1,1,1,1,1,1,1,1,1,1,1,1,1,1,1,1,1,1,1,1,1,1,1,1,1,1,1,1,1,1,1,1,1,1,1,1,1
62.605968707482994,62.75689841269841,31,40,1,1,1,1,1,1,1,1,1,1,1,1,1
62.32732925170068,62.605968707482994,31,63,1,1,1,1,1,1,1,1,1,1,1,1,1,1,1,1,1,1,1,1,1,1,1,1
62.280889342403626,63.02392789115646,62,78,1,1,1,1,1,1,1,1,1,1,1,1,1,1,1,1,1,1,1,1,1,1,1,1,1,1,1,1,1,1,1,1,1,1,1,1,1,1,1,1,1,1,1,1,1,1,1,1,1,1,1,1,1,1,1,1,1,1,1,1,1,1,1,1
61.909370068027215,62.2576693877551,60,79,1,1,1,1,1,1,1,1,1,1,1,1,1,1,1,1,1,1,1,1,1,1,1,1,1,1,1,1,1,1
61.909370068027215,62.234449433106576,55,51,1,1,1,1,1,1,1,1,1,1,1,1,1,1,1,1,1,1,1,1,1,1,1,1,1,1,1,1
61.571396825396825,61.897760090702945,67,83,1,1,1,1,1,1,1,1,1,1,1,1,1,1,1,1,1,1,1,1,1,1,1,1,1,1,1,1,1
61.513346938775506,62.32732925170068,31,72,1,1,1,1,1,1,1,1,1,1,1,1,1,1,1,1,1,1,1,1,1,1,1,1,1,1,1,1,1,1,1,1,1,1,1,1,1,1,1,1,1,1,1,1,1,1,1,1,1,1,1,1,1,1,1,1,1,1,1,1,1,1,1,1,1,1,1,1,1,1,1
61.04894784580499,61.87454013605442,55,46,1,1,1,1,1,1,1,1,1,1,1,1,1,1,1,1,1,1,1,1,1,1,1,1,1,1,1,1,1,1,1,1,1,1,1,1,1,1,1,1,1,1,1,1,1,1,1,1,1,1,1,1,1,1,1,1,1,1,1,1,1,1,1,1,1,1,1,1,1,1,1,1
61.04894784580499,61.513346938775506,43,53,1,1,1,1,1,1,1,1,1,1,1,1,1,1,1,1,1,1,1,1,1,1,1,1,1,1,1,1,1,1,1,1,1,1,1,1,1,1,1,1
60.45683900226757,61.04894784580499,55,60,1,1,1,1,1,1,1,1,1,1,1,1,1,1,1,1,1,1,1,1,1,1,1,1,1,1,1,1,1,1,1,1,1,1,1,1,1,1,1,1,1,1,1,1,1,1,1,1,1,1,1
59.946,60.422009070294784,67,61,3,3,3,1,1,1,1,1,1,1,1,1,1,1,1,1,1,1,1,1,1,1,1,1,1,1,1,1,1,1,1,1,1,1,1,1,1,1,1,1,1
59.934390022675736,60.45683900226757,55,48,1,2,2,2,2,3,3,4,4,1,1,1,1,1,1,1,1,1,1,1,1,1,1,1,1,1,1,1,1,1,1,1,1,1,1,1,1,1,1,1,1,1,1,1,1
59.82990022675737,61.513346938775506,31,77,1,1,1,1,1,1,1,1,1,1,1,1,1,1,1,1,1,1,1,1,1,1,1,1,1,1,1,1,1,1,1,1,1,1,1,1,1,1,1,1,1,1,1,1,1,1,1,1,1,1,1,1,1,1,1,1,1,1,1,1,1,1,1,1,1,1,1,1,1,1,1,1,1,1,1,1,1,1,1,1,1,1,1,1,1,1,1,1,1,1,1,1,1,1,1,1,1,1,1,1,1,1,1,1,1,1,1,1,1,1,1,1,1,1,1,1,1,1,1,1,1,1,1,1,1,1,1,1,1,1,1,1,1,1,1,1,1,1,1,1,1,1,1,1,1
59.6325306122449,59.87634013605442,53,38,1,1,1,1,1,1,-2,-2,-2,-2,2,4,4,3,3,3,3,3,1,1,1
59.62092063492063,59.934390022675736,55,45,1,1,1,1,1,1,1,1,1,1,1,-2,-2,-2,-3,-3,-3,-3,-3,1,1,1,1,1,1,1,1
59.445487074829934,59.58480680272109,53,59,1,1,1,1,1,1,1,1,1,1,1,1
59.02752789115647,59.36421723356009,72,76,1,1,1,1,1,1,1,1,1,1,1,1,1,1,1,1,1,1,1,1,1,1,1,1,1,1,1,1,1
58.679228571428574,58.81854829931973,63,72,1,1,1,1,1,1,1,1,1,1,1,1
58.64439863945579,58.98108798185941,67,56,1,1,1,1,1,1,1,1,1,1,1,1,1,1,1,1,1,1,1,1,1,1,1,1,1,1,1,1,1
58.621178684807255,58.76049841269842,45,33,1,1,1,1,1,1,1,1,-2,-2,1,1
58.33092925170068,58.4818589569161,63,51,3,2,2,1,1,1,3,4,4,2,1,1,1
58.15677959183674,58.33092925170068,64,35,1,1,1,1,1,1,1,1,1,4,4,4,4,2,1
57.6343306122449,57.77365034013606,51,57,0,0,0,1,-1,-1,-1,1,1,1,1,1
57.45889705215419,57.59821678004535,57,61,1,1,1,1,1,1,1,1,1,1,1,1
57.27313741496599,57.45889705215419,57,74,1,1,1,1,1,1,1,1,1,1,1,1,1,1,1,1
57.24991746031746,57.540166893424036,60,37,4,1,-2,-2,-2,1,1,1,1,1,1,1,1,1,1,1,1,1,1,1,1,1,1,1,1
57.1105977324263,57.27313741496599,57,51,1,1,1,1,1,1,1,1,1,1,1,1,1,1
56.878398185941045,57.16864761904762,60,44,-2,1,1,1,1,1,1,1,1,1,1,1,1,1,1,1,-2,-1,-1,-1,-1,0,1,1,4
56.878398185941045,57.0177179138322,48,44,1,1,1,1,1,1,1,1,1,1,1,1
56.86678820861678,57.1105977324263,57,57,1,1,1,1,1,1,1,1,1,1,1,1,1,1,1,1,1,1,1,1,1
56.80873832199546,57.02932789115646,53,44,0,1,1,1,1,1,1,1,1,1,1,1,1,1,1,1,1,1,1
56.62297868480726,56.820348299319726,71,60,1,1,1,1,1,1,1,1,1,1,1,1,1,1,1,1,1
56.41399909297052,56.553318820861676,72,57,1,1,1,1,1,1,1,1,1,-2,-2,-2
56.41399909297052,56.56492879818594,52,80,1,1,1,1,1,1,1,1,1,1,1,1,0
56.12374965986395,56.41399909297052,72,63,0,0,0,1,1,1,1,1,1,1,1,1,1,1,1,1,1,1,1,1,1,1,1,1,1
55.90316009070295,56.10052970521542,55,42,-3,0,0,0,0,0,1,1,1,1,1,1,1,1,1,1,1
55.624520634920636,55.86833015873016,55,46,-2,-2,0,0,1,1,1,1,1,1,2,2,2,1,1,1,1,1,1,1,1
55.49552698412699,55.624520634920636,52,56,0,3,0,-1,-1,-1,-1,-1,1,1,1,0
55.08917777777778,55.26332743764173,58,50,-2,-1,-1,-2,-2,-2,-1,-1,0,1,1,1,1,1,1
54.03266984126984,54.601558730158736,43,62,1,1,1,1,1,1,1,1,1,1,1,1,1,1,1,1,1,1,1,1,1,1,1,1,1,1,1,1,1,1,1,1,1,1,1,1,1,1,1,1,1,1,1,1,1,1,1,1,1
53.47410702947846,53.64954058956916,57,60,4,3,1,1,-1,-1,-2,-2,-2,-2,-2,1,1,1,1,1
53.2419074829932,53.40444716553288,72,44,1,1,1,1,1,1,1,1,1,1,1,1,1,1
53.2419074829932,53.40444716553288,60,48,1,1,1,1,1,1,1,1,1,1,1,1,1,1
52.54530884353741,52.90521814058957,64,55,-1,-1,1,1,1,1,1,1,1,1,1,1,1,1,1,1,1,1,1,1,1,1,1,1,1,2,2,2,1,0,0
52.37115918367347,52.510478911564626,57,58,1,1,0,0,0,0,1,1,1,1,1,1
52.33632925170068,52.661408616780044,41,46,1,1,1,1,1,1,1,1,1,1,1,1,1,1,1,1,1,1,1,1,1,1,1,1,1,1,1,1
52.127349659863945,52.278279365079364,53,50,2,2,2,2,2,1,1,1,1,1,1,1,1
52.11573968253968,52.278279365079364,57,42,1,1,1,1,1,1,1,1,1,1,1,1,1,1
52.11573968253968,52.289889342403626,55,46,-2,-4,-4,-4,-4,-2,-2,-2,1,1,1,1,1,1,1
51.87193015873016,52.02285986394558,64,77,0,0,0,0,0,1,1,2,2,3,3,3,-1
51.4294671201814,51.75583038548753,72,57,1,1,1,1,1,1,1,1,1,1,1,1,1,1,1,1,1,1,1,1,1,1,1,1,1,1,1,1,1
51.41785714285714,51.81388027210885,53,61,1,1,1,1,1,1,1,1,1,1,1,1,1,1,1,1,1,1,1,1,1,1,1,1,1,1,1,1,1,1,1,1,1,1,1
51.290147392290244,51.81388027210885,57,59,1,1,1,1,1,1,1,1,1,1,1,1,1,1,1,1,1,1,1,1,1,1,1,1,1,1,1,1,1,1,1,1,1,1,1,1,1,1,1,1,1,1,1,1,1,1
51.1159977324263,51.290147392290244,57,72,1,1,1,1,1,1,1,1,1,1,1,1,1,1,1
51.10438775510204,51.243707482993194,41,43,1,1,1,1,1,1,1,1,1,1,1,1
50.76769841269841,50.95345804988662,55,55,1,1,1,1,1,1,1,1,1,1,1,1,1,1,1,1
50.756088435374146,50.95345804988662,51,51,1,1,1,1,1,1,3,1,1,1,1,1,1,1,1,1,1
50.698038548752834,50.94184807256236,83,41,1,1,1,1,1,1,1,1,1,1,1,1,1,1,1,1,1,1,1,1,1
50.698038548752834,50.96506802721088,71,55,1,1,1,1,1,1,1,1,1,1,1,1,1,1,1,1,1,1,1,1,1,1,1
50.57032879818594,50.83735827664399,67,70,-2,0,0,0,0,0,0,0,0,0,0,1,1,1,1,1,1,1,1,1,1,1,1
50.10592970521542,50.326519274376416,72,75,1,1,1,1,1,1,1,1,1,1,1,1,1,1,1,1,1,1,1
49.827290249433105,50.07109977324263,64,40,2,2,2,2,3,3,3,4,4,4,4,1,1,1,1,5,0,3,3,1,1
49.67636054421769,49.827290249433105,64,56,1,1,1,1,1,-2,-2,-2,-3,1,2,2,2
49.291947392290254,49.4660970521542,76,72,1,1,1,1,1,1,1,1,1,1,1,1,1,1,1
47.9568,48.21221950113379,56,44,1,1,0,0,0,0,0,0,-2,-2,0,0,0,0,0,1,1,1,1,1,1,4
47.78265034013606,48.04967981859411,67,46,1,0,0,0,0,0,1,1,1,1,1,1,1,1,1,1,1,3,3,2,2,1,1
47.57238684807256,47.759430385487526,38,71,1,1,1,1,1,1,1,1,1,1,1,1,1,1,1,1,1
47.08476780045351,47.316967346938775,63,48,1,1,1,1,-1,-1,-2,1,1,1,3,3,3,3,3,1,1,1,-1,1
46.933838095238094,47.08476780045351,63,33,4,3,3,3,1,1,1,1,1,1,1,1,2
46.376559183673464,47.00349795918367,72,55,1,1,1,1,1,1,1,1,1,1,1,1,1,1,1,1,1,1,1,1,1,1,1,1,1,1,1,1,1,1,1,1,1,1,1,1,1,1,1,1,1,1,1,1,1,1,1,1,1,1,1,1,1,1
46.376559183673464,46.759688435374144,53,54,1,1,1,1,1,1,1,1,1,1,1,1,1,1,1,1,1,1,1,1,1,1,1,1,1,1,1,1,1,1,1,1,1
46.3649492063492,46.550708843537414,65,54,1,1,1,1,1,1,1,1,1,1,1,1,1,1,1,1
45.946990022675735,46.08630975056689,57,30,-2,-2,-2,-2,-2,-2,-2,-2,-2,-2,-2,-2
45.92377006802721,47.0267179138322,38,68,1,1,1,1,1,1,1,1,1,1,1,1,1,1,1,1,1,1,1,1,1,1,1,1,1,1,1,1,1,1,1,1,1,1,1,1,1,1,1,1,1,1,1,1,1,1,1,1,1,1,1,1,1,1,1,1,1,1,1,1,1,1,1,1,1,1,1,1,1,1,1,1,1,1,1,1,1,1,1,1,1,1,1,1,1,1,1,1,1,1,1,1,1,1,1
45.71479047619047,45.86572018140589,50,33,1,1,1,1,1,1,1,1,1,1,1,1,1
45.36520725623583,45.92377006802721,38,74,1,1,1,1,1,1,1,1,1,1,1,1,1,1,1,1,1,1,1,1,1,1,1,1,1,1,1,1,1,1,1,1,1,1,1,1,1,1,1,1,1,1,1,1,1,1,1,1,1
45.29554739229025,45.45808707482993,69,64,1,1,1,1,1,1,1,1,1,1,1,1,1,1
45.28393741496599,45.53935691609978,57,46,1,1,1,1,1,1,1,1,1,1,1,1,1,1,1,1,1,1,1,1,1,1
45.28393741496599,45.55096689342404,50,48,1,1,1,1,1,1,1,1,1,1,1,1,1,1,1,1,1,1,1,1,1,1,1
45.21427755102041,45.67867664399093,53,54,1,1,1,1,1,1,1,1,1,1,1,1,1,1,1,1,1,1,1,1,1,1,1,1,1,1,1,1,1,1,1,1,1,1,1,1,1,1,1,1
44.94724807256236,45.307157369614515,72,76,1,1,1,1,1,1,1,1,1,1,1,1,1,1,1,1,1,1,1,1,1,1,1,1,1,1,1,1,1,1,1
44.94724807256236,45.20266757369615,60,46,1,1,1,1,1,1,1,1,1,1,1,1,1,1,1,1,1,1,1,1,1,1
43.436667120181404,43.58759682539682,66,75,1,1,1,2,2,2,2,2,2,1,1,1,1
43.13480770975057,43.36700725623583,48,59,1,1,1,1,1,1,1,1,1,1,1,1,1,1,1,1,1,1,1,1
43.123197732426306,43.390227210884355,55,64,1,1,1,1,1,1,1,1,1,1,1,1,1,1,1,1,1,1,1,1,1,1,1
42.8097283446712,43.123197732426306,55,59,1,1,1,1,1,1,1,1,1,1,1,1,1,1,1,1,1,1,1,1,1,1,1,1,1,1,1
42.79811836734694,43.099977777777774,67,70,1,1,1,1,1,1,1,1,1,1,1,1,1,1,1,1,1,1,1,1,1,1,1,1,1,1
42.623968707482994,43.61081678004535,29,83,1,1,1,1,1,1,1,1,1,1,1,1,1,1,1,1,1,1,1,1,1,1,1,1,1,1,1,1,1,1,1,1,1,1,1,1,1,1,1,1,1,1,1,1,1,1,1,1,1,1,1,1,1,1,1,1,1,1,1,1,1,1,1,1,1,1,1,1,1,1,1,1,1,1,1,1,1,1,1,1,1,1,1,1,1
42.48464897959184,42.623968707482994,29,72,1,1,1,1,1,1,1,1,1,1,1,1
42.449819047619044,42.69362857142857,52,52,1,1,1,1,1,1,1,1,1,1,1,1,1,1,1,1,1,1,1,1,1
41.89254013605442,42.08990975056689,53,44,4,4,1,1,1,1,1,1,1,1,1,1,1,1,1,1,1
41.27592743764173,41.41524716553288,54,81,4,1,1,1,1,1,1,1,1,1,1,-2
40.02204988662132,40.20780952380953,64,69,1,1,1,1,1,1,1,1,1,1,1,1,1,2,2,2
39.80146031746032,40.010439909297055,57,72,1,1,1,1,0,0,-1,0,0,0,1,1,1,1,1,1,1,1
39.77824036281179,40.114929705215424,60,47,-2,-2,-2,-2,-2,-2,0,1,1,1,1,1,1,1,1,1,1,1,1,1,1,1,1,1,1,1,1,1,1
39.672466666666665,40.776698412698416,29,76,1,1,1,1,1,1,1,1,1,1,1,1,1,1,1,1,1,1,1,1,1,1,1,1,1,1,1,1,1,1,1,1,1,1,1,1,1,1,1,1,1,1,1,1,1,1,1,1,1,1,1,1,1,1,1,1,1,1,1,1,1,1,1,1,1,1,1,1,1,1,1,1,1,1,1,1,1,1,1,1,1,1,1,1,1,1,1,1,1,1,1,1,1,1,1,1
39.626026757369615,39.77824036281179,59,71,0,1,1,1,1,1,1,1,1,1,1,1,1,1
38.84815827664399,38.98747800453515,60,80,1,1,1,1,1,1,1,1,1,1,1,1
38.15155963718821,38.360539229024944,76,64,1,1,1,1,1,1,1,1,1,1,1,1,1,1,1,1,1,1
37.79165034013605,38.01223990929705,60,44,1,1,1,-2,-2,-2,1,1,1,1,1,1,1,1,1,1,1,1,1
37.74392653061224,37.977409977324264,67,52,1,1,1,1,1,1,1,1,1,1,1,1,1,1,1,1,1,1,1,1,1
37.592996825396824,37.74392653061224,64,65,-1,0,0,0,1,2,2,2,1,1,1,1,1
37.01249795918367,37.221477551020406,72,67,1,1,1,1,1,1,1,1,1,1,1,1,1,1,1,1,1,1
37.00088798185941,37.151817687074825,60,45,1,1,1,1,1,1,1,1,1,1,1,1,1
36.97766802721088,37.11698775510204,51,66,1,1,1,1,1,2,3,3,3,1,1,1
36.84995827664399,38.02384988662131,36,65,1,1,1,1,1,1,1,1,1,1,1,1,1,1,1,1,1,1,1,1,1,1,1,1,1,1,1,1,1,1,1,1,1,1,1,1,1,1,1,1,1,1,1,1,1,1,1,1,1,1,1,1,1,1,1,1,1,1,1,1,1,1,1,1,1,1,1,1,1,1,1,1,1,1,1,1,1,1,1,1,1,1,1,1,1,1,1,1,1,1,1,1,1,1,1,1,1,1,1,1,1,1
36.652588662131514,36.84995827664399,60,49,1,1,1,1,1,1,1,1,1,1,1,1,1,1,1,1,1
36.64097868480725,36.826738321995464,48,42,1,1,1,1,1,1,1,1,1,1,1,1,1,1,1,1
36.64097868480725,36.84995827664399,36,58,1,1,1,1,1,1,1,1,1,1,1,1,1,1,1,1,1,1
36.32750929705215,36.58292879818594,59,46,1,1,1,1,1,1,1,1,1,1,1,-3,-3,1,1,1,1,1,1,1,1,1
36.25784943310657,36.75707845804988,71,38,0,1,1,1,1,1,1,1,1,1,1,1,1,1,1,1,1,1,1,1,1,1,1,1,1,1,1,1,1,1,1,1,1,1,4,4,4,4,1,1,1,1,1
35.86311020408163,36.14174965986394,52,84,1,1,1,1,1,1,1,1,1,1,1,1,1,1,1,1,1,1,1,1,1,1,3,4
35.420647165532884,35.59479682539683,64,55,5,5,3,1,1,0,1,1,1,1,1,0,-1,-1,-1
35.01429795918367,35.39742721088435,36,71,1,1,1,1,1,1,1,1,1,1,1,1,1,1,1,1,1,1,1,1,1,1,1,1,1,1,1,1,1,1,1,1,1
34.82853832199547,35.08395782312925,67,66,1,1,1,1,1,1,1,1,1,1,1,1,1,1,1,1,1,1,1,1,1,1
34.73565850340136,34.92141814058957,60,65,0,0,-1,-1,-1,0,0,0,0,1,1,1,1,1,1,1
34.35252925170068,34.549898866213155,52,60,-1,-1,-2,-1,1,1,1,1,1,1,1,1,1,1,1,1,1
33.899740136054426,34.17837959183674,63,42,-1,0,0,0,1,0,0,0,4,3,3,3,-2,-3,-2,-2,-2,-2,-2,1,1,1,1,1
33.830080272108844,35.01429795918367,36,68,1,1,1,1,1,1,1,1,1,1,1,1,1,1,1,1,1,1,1,1,1,1,1,1,1,1,1,1,1,1,1,1,1,1,1,1,1,1,1,1,1,1,1,1,1,1,1,1,1,1,1,1,1,1,1,1,1,1,1,1,1,1,1,1,1,1,1,1,1,1,1,1,1,1,1,1,1,1,1,1,1,1,1,1,1,1,1,1,1,1,1,1,1,1,1,1,1,1,1,1,1,1
33.7591365079365,33.91135011337869,48,34,0,0,0,0,1,1,1,1,1,1,1,1,1,1
33.58498684807256,33.724306575963716,56,59,0,-1,-1,-1,-1,-1,0,0,1,1,2,4
33.42244716553288,33.58498684807256,56,71,0,0,0,0,0,0,0,0,0,0,0,0,0,0
33.016097959183675,33.30634739229025,60,60,1,1,1,1,1,1,1,1,1,1,1,1,1,1,1,1,1,1,1,1,1,1,1,1,1
32.60974875283446,32.899998185941044,41,52,1,1,1,1,1,1,0,0,0,0,1,1,1,1,1,1,1,1,1,1,1,1,1,1,1
32.36593922902494,32.56330884353741,41,57,1,1,1,1,1,1,1,1,1,1,1,1,1,1,1,1,1
31.913150113378684,32.0640798185941,41,48,1,1,1,1,1,1,1,1,1,1,1,1,1
31.087557823129252,32.075689795918365,29,91,1,1,1,1,1,1,1,1,1,1,1,1,1,1,1,1,1,1,1,1,1,1,1,1,1,1,1,1,1,1,1,1,1,1,1,1,1,1,1,1,1,1,1,1,1,1,1,1,1,1,1,1,1,1,1,1,1,1,1,1,1,1,1,1,1,1,1,1,1,1,1,1,1,1,1,1,1,1,1,1,1,1,1,1,1,1
30.890188208616777,32.029249886621315,56,59,1,1,1,1,1,1,1,1,1,1,1,1,1,1,1,1,1,1,1,1,1,1,1,1,1,1,1,1,1,1,1,1,1,1,1,1,1,1,1,1,1,1,1,1,1,1,1,1,1,1,1,1,1,1,1,1,1,1,1,1,1,1,1,1,1,1,1,1,1,1,1,1,1,1,1,1,1,1,1,1,1,1,1,1,1,1,1,1,1,1,1,1,1,1,1,1,1,1,1
30.85535827664399,31.40102721088435,41,51,0,1,1,1,1,1,1,1,1,1,1,1,1,1,1,1,1,1,1,1,1,1,1,1,1,1,1,1,1,1,1,1,1,1,1,1,1,1,1,1,1,1,1,1,1,1,1
30.832138321995465,30.983068027210884,65,40,1,1,1,1,1,1,1,1,1,1,1,1,1
30.832138321995465,31.412637188208617,53,58,1,1,1,1,1,1,1,1,1,1,1,1,1,1,1,1,1,1,1,1,1,1,1,1,1,1,1,1,1,1,1,1,1,1,1,1,1,1,1,1,1,1,1,1,1,1,1,1,1,1
30.8205283446712,31.482297052154195,62,56,1,1,1,1,1,1,1,1,1,1,1,1,1,1,1,1,1,1,1,1,1,1,1,1,1,1,1,1,1,1,1,1,1,1,1,1,1,1,1,1,1,1,1,1,1,1,1,1,1,1,1,1,1,1,1,1,1
30.58832879818594,30.797308390022675,36,62,1,1,1,1,1,1,1,1,1,1,1,1,1,1,1,1,1,1
29.611806802721087,29.77434648526077,52,40,2,2,1,1,1,1,1,1,1,1,0,1,1,1
29.170627664399092,29.3563873015873,41,47,1,1,1,1,1,1,1,1,1,1,1,1,1,1,1,1
29.15901768707483,29.333167346938776,45,39,1,1,1,1,1,1,1,1,1,1,1,1,1,1,1
28.799108390022674,28.938428117913833,53,41,4,4,1,1,1,1,1,1,1,1,1,1
28.69461859410431,28.961648072562358,57,48,1,1,1,1,1,1,1,1,1,1,1,1,1,1,1,1,1,1,1,1,1,1,1
28.369539229024944,28.613348752834465,53,44,-2,-2,-2,-2,-2,-2,-2,-2,-2,-2,-2,-2,-2,1,1,1,1,1,1,1,1
28.35792925170068,28.648178684807256,41,55,1,1,1,1,1,1,1,1,1,1,1,1,1,1,1,1,1,1,1,1,1,1,1,1,1
28.334709297052154,28.59012879818594,69,52,1,1,1,1,1,1,1,1,1,1,1,1,1,1,1,1,1,1,1,1,1,1
28.334709297052154,28.69461859410431,57,57,1,1,1,1,1,1,1,1,1,1,1,1,1,1,1,1,1,1,1,1,1,1,1,1,1,1,1,1,1,1,1
28.148949659863945,28.334709297052154,57,51,1,1,1,1,1,1,1,4,4,4,4,4,4,4,4,1
27.9748,28.35792925170068,41,53,1,1,1,1,1,1,1,1,1,1,1,1,1,1,1,1,1,1,1,1,1,1,1,1,1,1,1,1,1,1,1,1,1
27.671656689342402,27.81097641723356,76,45,1,1,1,1,1,1,1,1,1,1,1,1
27.671656689342402,27.847090249433105,64,52,1,1,1,1,1,1,1,1,1,1,1,1,1,1,1,1
27.671656689342402,27.812260317460318,60,48,1,1,1,1,1,1,1,1,1,1,1,1,1
27.613606802721087,27.787756462585033,31,53,1,1,1,1,1,1,1,2,2,2,1,1,1,1,1
27.346577324263038,27.54394693877551,51,46,4,4,1,0,0,0,0,0,0,0,0,0,0,0,0,1,2
27.207257596371882,27.54394693877551,60,50,1,1,1,1,1,1,1,1,1,1,1,1,1,1,1,1,1,1,1,1,1,1,1,1,1,1,1,1,1
27.207257596371882,27.451067120181406,36,41,1,1,1,1,1,1,1,1,1,1,1,1,1,1,1,1,1,1,1,1,1
26.684808616780046,26.882178231292517,64,49,-5,1,1,1,1,1,1,1,1,1,1,1,1,1,1,1,1
26.673198639455784,26.986668027210886,62,52,1,1,1,1,1,1,1,2,2,3,3,3,3,1,1,1,1,1,1,1,1,1,1,1,1,1,1
26.35972925170068,26.673198639455784,62,54,1,1,1,1,1,1,1,2,3,4,4,4,4,4,1,1,1,1,1,1,1,1,1,1,0,0,0
25.988209977324264,26.197189569160997,71,39,-2,1,1,1,1,1,1,1,1,1,1,1,1,1,1,1,1,1
25.8011664399093,25.988209977324264,71,62,4,1,1,1,1,1,1,1,1,1,1,1,1,1,1,1,-2
25.77794648526077,25.918550113378686,52,50,1,1,1,1,1,1,1,1,1,1,1,1,1
25.452867120181406,25.8011664399093,72,80,1,1,1,1,1,1,1,1,1,1,1,1,1,1,1,1,1,1,1,1,1,1,1,1,1,1,1,1,1,1
25.185837641723356,25.708286621315192,52,51,1,1,1,1,1,1,1,1,1,1,1,1,1,1,1,1,1,1,1,1,1,1,1,1,1,1,1,1,1,1,1,1,1,1,1,1,1,1,1,1,1,1,1,1,1
25.174227664399094,25.383207256235828,71,59,1,1,1,1,1,1,1,1,1,1,1,1,1,1,1,1,1,1
25.174227664399094,25.39481723356009,64,53,1,1,1,1,1,1,1,1,1,1,1,1,1,1,1,1,1,1,1
25.174227664399094,26.34811927437642,36,62,1,1,1,1,1,1,1,1,1,1,1,1,1,1,1,1,1,1,1,1,1,1,1,1,1,1,1,1,1,1,1,1,1,1,1,1,1,1,1,1,1,1,1,1,1,1,1,1,1,1,1,1,1,1,1,1,1,1,1,1,1,1,1,1,1,1,1,1,1,1,1,1,1,1,1,1,1,1,1,1,1,1,1,1,1,1,1,1,1,1,1,1,1,1,1,1,1,1,1,1,1,1
24.953638095238095,25.104567800453516,52,70,1,0,0,0,1,1,1,1,1,1,1,1,1
24.802708390022676,24.953638095238095,52,61,4,1,1,1,1,1,1,1,1,1,1,1,1
24.7330485260771,25.174227664399094,71,57,1,1,1,1,1,1,1,1,1,1,1,1,1,1,1,1,1,1,1,1,1,1,1,1,1,1,1,1,1,1,1,1,1,1,1,1,1,1
23.955180045351476,24.12932970521542,61,66,-1,-1,-1,-1,0,0,0,0,1,1,2,2,2,1,1
23.46627709750567,23.850690249433107,36,55,1,1,1,1,1,1,1,1,1,1,1,1,1,1,1,1,1,1,1,1,1,1,1,1,1,1,1,1,1,1,1,1,1,1
23.373397278911565,23.51271700680272,55,72,1,1,0,1,1,1,1,1,1,1,1,1
23.013487981859413,23.373397278911565,55,54,-2,1,1,1,1,1,1,1,1,1,1,1,1,1,1,1,1,1,1,1,1,1,1,1,1,1,1,1,1,1,1
22.86255827664399,23.001878004535147,51,60,1,1,1,0,-1,0,0,1,1,1,1,1
22.676798639455782,22.839338321995466,55,55,1,1,1,1,1,1,1,1,1,1,1,1,1,1
22.630358730158733,22.86255827664399,51,33,4,4,1,1,1,1,1,1,1,1,1,1,1,1,4,4,4,1,1,1
22.572308843537417,22.76967845804989,64,50,1,1,1,1,1,1,1,1,1,1,1,1,1,1,1,1,1
22.432989115646258,22.572308843537417,64,59,1,1,1,1,1,1,1,1,1,1,1,4
22.38654920634921,22.74645850340136,71,43,-1,1,1,1,1,1,1,1,1,1,1,1,1,1,1,1,1,1,1,1,1,1,1,1,1,1,1,1,1,1,1
22.351719274376418,22.618748752834467,36,71,1,1,1,1,1,1,1,1,1,1,1,1,1,1,1,1,1,1,1,1,1,1,1
22.305279365079365,22.46781904761905,55,39,1,1,1,1,1,1,1,1,1,1,1,1,1,1
22.200789569161,22.351719274376418,36,69,1,1,1,1,1,1,1,1,1,1,1,1,1
20.376739229024945,20.88757823129252,60,44,1,1,1,1,1,1,1,1,1,1,1,1,1,1,1,1,1,1,1,1,1,1,1,1,1,1,1,1,1,1,1,1,1,1,1,1,1,1,1,1,1,1,1,1
19.702076643990928,19.865900226757372,74,50,1,1,1,1,1,1,1,1,1,1,1,1,1,1,1
19.678856689342403,19.90073015873016,55,52,1,1,1,1,1,1,1,1,1,1,1,1,1,1,1,1,1,1,1,1
19.59758684807256,20.411569160997733,29,66,1,1,1,1,1,1,1,1,1,1,1,1,1,1,1,1,1,1,1,1,1,1,1,1,1,1,1,1,1,1,1,1,1,1,1,1,1,1,1,1,1,1,1,1,1,1,1,1,1,1,1,1,1,1,1,1,1,1,1,1,1,1,1,1,1,1,1,1,1,1,1
19.21445759637188,19.458267120181404,41,35,1,1,-4,-4,0,-2,-2,1,1,1,1,1,1,1,1,1,1,1,1,1,1
19.02869795918367,19.191237641723355,36,49,1,1,1,1,1,1,1,1,1,1,1,1,1,1
18.64556870748299,18.796498412698412,61,81,-1,0,0,1,1,1,2,2,2,2,2,2,2
18.332099319727888,18.494639002267572,51,80,1,3,1,1,1,1,1,1,1,1,1,1,1,1
17.40201723356009,17.56455691609977,53,49,4,0,0,0,0,0,0,0,0,0,1,1,1,1
17.08854784580499,17.227867573696145,55,73,2,1,1,1,1,1,1,1,1,1,1,1
16.763468480725624,16.949228117913833,72,54,1,1,1,1,1,1,1,1,1,1,1,1,1,1,1,1
16.763468480725624,16.926008163265305,60,51,1,1,1,1,1,1,1,1,1,1,1,1,1,1
16.438389115646256,17.007278004535145,41,70,1,1,1,1,1,1,1,1,1,1,1,1,1,1,1,1,1,1,1,1,1,1,1,1,1,1,1,1,1,1,1,1,1,1,1,1,1,1,1,1,1,1,1,1,1,1,1,1,1
16.380339229024944,16.577708843537415,45,58,1,1,1,1,1,1,1,1,1,1,1,1,1,1,1,1,1
16.357119274376416,16.554488888888887,48,50,1,1,1,1,1,1,1,1,1,1,1,1,1,1,1,1,1
16.287459410430838,16.48482902494331,60,48,1,1,1,1,1,1,1,1,1,1,1,1,1,1,1,1,1
16.03203990929705,16.171359637188207,43,37,1,1,1,1,1,1,1,1,1,1,1,1
16.02042993197279,16.275849433106576,72,63,1,1,1,1,1,1,1,1,1,1,1,1,1,1,1,1,1,1,1,1,1,1
16.02042993197279,16.264239455782313,31,75,1,1,1,1,1,1,1,1,1,1,1,1,1,1,1,1,1,1,1,1,1
15.868216326530613,15.997209977324264,55,52,1,1,1,1,1,0,1,1,1,1,1,1
15.775336507936508,15.927550113378683,57,56,1,1,1,1,1,1,1,1,1,1,1,1,1,1
15.659236734693877,16.229409523809522,76,49,2,1,1,1,1,1,1,1,1,1,1,1,1,1,1,1,1,1,1,1,1,1,1,1,1,1,1,1,1,1,1,1,1,1,1,1,1,1,1,1,1,1,1,1,1,1,1,1,1,1
15.601186848072562,15.798556462585033,36,36,1,1,1,1,1,1,1,1,1,1,1,1,1,1,1,1,1
15.090347845804988,15.241277551020408,52,74,0,0,0,0,0,1,1,1,1,1,1,1,1
14.974248072562357,15.264497505668935,81,61,1,1,1,1,1,1,1,1,1,1,1,1,1,1,1,1,1,1,1,1,1,1,1,1,1
14.475019047619048,14.625948752834466,52,56,1,1,1,-1,-1,-2,1,1,1,1,1,1,1
14.300869387755101,14.858148299319728,64,53,0,0,1,1,1,1,1,1,1,0,1,1,1,1,0,0,0,1,1,1,1,1,1,1,1,1,1,1,1,1,1,1,1,1,1,1,3,3,3,3,3,1,1,1,1,1,1,1
14.126719727891157,14.300869387755101,64,44,4,1,1,0,0,0,0,0,0,1,1,1,0,0,0
13.85840634920635,14.022229931972788,55,40,4,4,1,0,0,0,0,0,1,1,1,1,1,1,1
13.811966439909297,14.625948752834466,36,56,1,1,1,1,1,1,1,1,1,1,1,1,1,1,1,1,1,1,1,1,1,1,1,1,1,1,1,1,1,1,1,1,1,1,1,1,1,1,1,1,1,1,1,1,1,1,1,1,1,1,1,1,1,1,1,1,1,1,1,1,1,1,1,1,1,1,1,1,1,1,1
13.5913768707483,13.765526530612245,52,74,-2,1,1,1,1,1,1,1,1,1,1,1,1,1,1
13.55654693877551,13.765526530612245,74,47,1,1,1,1,1,1,1,1,1,1,1,1,1,1,1,1,1,1
13.115367800453514,13.312737414965987,64,80,1,1,1,0,0,0,0,0,1,1,1,1,1,1,0,-2,-2
12.767068480725625,13.010878004535147,67,65,2,1,1,1,1,1,1,1,1,1,1,1,1,1,1,1,0,0,0,0,-2
12.279449433106576,12.465209070294785,59,62,0,0,1,1,1,1,3,3,3,3,3,1,1,1,1,1
11.419027210884355,11.732496598639457,36,57,1,1,1,1,1,1,1,1,1,1,1,1,1,1,1,1,1,1,1,1,1,1,1,1,1,1,1
11.279707482993198,11.419027210884355,53,49,0,0,0,-1,-1,-1,-1,0,0,1,3,3
11.093947845804989,11.279707482993198,36,61,1,1,1,1,1,1,1,1,1,1,1,1,1,1,1,1
10.734038548752835,11.02428798185941,55,38,3,3,0,0,-3,-3,1,1,1,1,1,1,1,1,-2,1,1,1,0,0,1,1,1,1,1
10.699208616780046,11.093947845804989,36,54,1,1,1,1,1,1,1,1,1,1,1,1,1,1,1,1,1,1,1,1,1,1,1,1,1,1,1,1,1,1,1,1,1,1
9.873616326530612,10.223199546485262,72,57,1,1,1,1,1,1,1,1,1,1,1,1,1,1,1,1,1,1,1,1,1,1,1,1,1,1,1,1,1,1,1
9.664636734693877,9.82717641723356,52,77,0,0,0,0,0,0,0,0,1,1,1,1,1,1
8.689398639455781,8.968038095238095,55,37,2,2,2,1,1,1,1,1,1,1,1,4,4,4,4,3,3,-2,-2,-2,-2,-2,-2,-1
8.294659410430839,8.433979138321995,59,46,0,-1,-1,-1,-1,-1,-1,-1,0,0,0,0
8.062459863945579,8.236609523809523,53,61,3,2,2,2,2,2,2,2,1,1,1,1,1,1,1
7.933466213151927,8.166949659863945,62,41,3,3,3,1,1,1,1,1,0,-3,-3,0,0,1,1,1,1,1,1,1,1
7.736096598639456,7.933466213151927,62,56,4,1,1,1,1,1,-2,1,3,3,2,2,2,2,2,3,3
7.7128766439909295,7.945076190476191,53,44,1,1,1,1,1,1,1,1,1,1,1,1,1,1,1,1,1,1,1,1
7.573556916099774,7.736096598639456,62,47,3,3,3,-2,-2,-2,-2,-1,0,1,1,4,4,4
6.342899319727891,6.540268934240363,57,51,0,0,1,1,1,1,0,1,1,1,1,1,1,1,1,1,1
6.226799546485261,6.435779138321996,52,60,1,1,0,0,0,-1,-1,-1,-1,0,0,1,1,1,1,1,1,1
5.273497505668934,5.482477097505669,57,59,0,0,0,0,0,0,0,0,0,0,1,1,1,1,1,1,1,1
5.1341777777777775,5.273497505668934,57,31,1,1,1,1,-2,-2,-2,-2,-2,-2,-2,-2
5.02968798185941,5.18061768707483,53,59,1,1,1,1,1,1,1,1,1,1,1,1,1
4.925198185941043,5.110957823129252,57,56,1,1,1,3,3,3,1,1,1,1,1,1,1,1,1,1
4.855538321995465,5.02968798185941,53,40,-2,-2,-2,1,1,1,1,1,1,1,1,1,1,1,1
4.5652888888888885,4.727828571428571,60,51,1,1,1,1,1,1,1,1,1,1,1,1,1,1
4.147329705215419,4.321479365079365,57,75,2,2,2,1,1,1,1,1,1,-2,-2,-2,-2,-2,-2
3.7745265306122446,3.984790022675737,79,57,1,1,1,1,1,1,1,1,1,1,1,1,1,1,1,1,1,1,1
3.577156916099773,3.728086621315193,55,74,1,1,1,1,1,1,1,2,2,2,2,1,1
3.4146172335600906,3.728086621315193,81,42,1,1,1,1,1,1,1,1,1,1,1,1,1,1,1,1,1,1,1,1,1,1,1,1,1,1,1
3.217247619047619,3.3797873015873017,55,74,3,1,1,1,1,1,1,1,2,2,2,2,0,0
3.0779278911564627,3.217247619047619,57,51,-1,-1,-1,-1,-1,-1,0,0,0,0,0,0
2.9269981859410428,3.0779278911564627,57,50,1,1,1,1,1,1,1,1,1,1,1,0,0
2.7644585034013605,2.903778231292517,65,67,0,0,0,0,1,1,1,1,1,1,1,1
2.578698866213152,2.7412385487528343,57,62,1,-2,1,0,0,0,1,1,1,1,1,1,0,0
2.009809977324263,2.2768394557823126,55,44,1,1,1,1,-2,-2,-2,-2,-2,-2,-1,1,1,1,1,1,1,1,1,1,1,1,1
1.5673469387755101,1.8575963718820863,72,71,1,1,1,1,1,1,1,1,1,1,1,1,1,1,1,1,1,1,1,1,1,1,1,1,1
1.4396371882086167,1.8808163265306121,69,66,1,1,1,1,1,1,1,1,1,1,1,1,1,1,1,1,1,1,1,1,1,1,1,1,1,1,1,1,1,1,1,1,1,1,1,1,1,1
1.1261678004535147,1.2770975056689342,58,71,1,1,1,0,1,1,1,1,1,1,2,2,2
0.23219954648526078,0.3831292517006803,65,60,-1,-1,-1,-1,-1,-1,2,2,2,2,2,2,-1
244.94268163265303,246.10367936507936,31,77,1,1,1,1,1,1,1,1,1,1,1,1,1,1,1,1,1,1,1,1,1,1,1,1,1,1,1,1,1,1,1,1,1,1,1,1,1,1,1,1,1,1,1,1,1,1,1,1,1,1,1,1,1,1,1,1,1,1,1,1,1,1,1,1,1,1,1,1,1,1,1,1,1,1,1,1,1,1,1,1,1,1,1,1,1,1,1,1,1,1,1,1,1,2,0,0,0,1,1,1
233.27856099773243,236.0778494331066,31,70,1,1,1,1,1,1,1,1,1,1,1,1,1,1,1,1,1,1,1,1,1,1,1,1,1,1,1,1,1,1,1,1,1,1,1,1,1,1,1,1,1,1,1,1,1,1,1,1,1,1,1,1,1,1,1,1,1,0,0,0,1,1,1,1,1,1,1,1,0,0,1,1,1,1,1,1,1,1,1,1,1,1,1,1,1,1,1,1,1,1,1,1,1,1,1,1,1,1,1,1,1,1,1,1,1,1,1,1,1,1,1,1,1,1,1,1,1,1,1,1,1,1,1,1,1,1,1,1,1,1,1,1,1,1,1,1,1,1,1,1,1,1,1,1,1,1,1,1,1,1,1,1,1,1,1,1,1,1,1,1,1,1,1,1,1,1,1,1,1,1,1,1,1,1,1,1,1,1,1,1,1,1,1,1,1,1,1,1,1,1,1,1,1,1,1,1,1,1,1,1,1,1,1,1,1,1,1,1,1,1,1,1,1,1,1,1,1,1,1,1,1,1,1,1,1,1,1,1,1,1,1,1,1,1,1,1,1,1,1,1,1,1
236.1707292517007,237.39106077097506,36,85,1,1,1,1,1,1,1,1,1,1,1,1,1,1,1,1,1,1,1,1,1,1,1,1,1,1,1,1,1,1,1,1,1,1,1,1,1,1,1,1,1,1,1,1,1,1,1,1,1,1,1,1,1,1,1,1,1,1,1,1,1,1,1,1,1,1,1,1,1,1,1,1,1,1,1,1,1,1,1,1,1,1,1,1,1,1,1,1,1,1,1,1,1,1,1,1,1,1,1,1,1,1,1,1,1,1
110.53954875283446,110.69047845804988,67,78,1,1,1,1,1,1,1,1,1,1,1,1,1
56.91322811791383,59.5499768707483,29,73,1,1,1,1,1,1,1,1,1,1,1,1,1,1,1,1,1,1,1,1,1,1,1,1,1,1,1,1,1,1,1,1,1,1,1,1,1,1,1,1,1,1,1,1,1,1,1,1,1,1,1,1,1,1,1,1,1,1,1,1,1,1,1,1,1,1,1,1,1,1,1,1,1,1,1,1,1,1,1,1,1,1,1,1,1,1,1,1,1,1,1,1,1,1,1,1,1,1,1,1,1,1,1,1,1,1,1,1,1,1,1,1,1,1,1,1,1,1,1,1,1,1,1,1,1,1,1,1,1,1,1,1,1,1,1,1,1,1,1,1,1,1,1,1,1,1,1,1,1,1,1,1,1,1,1,1,1,1,1,1,1,1,1,1,1,1,1,1,1,1,1,1,1,1,1,1,1,2,2,2,2,2,2,2,2,1,1,1,1,1,1,1,1,1,1,1,1,1,1,1,1,1,1,1,1,1,1,1,1,1,1,1,1,1,1,1,1,1,1,1,1,1,1,1,1,1,1,1
117.60355056689343,118.85742811791384,31,73,1,1,1,1,1,1,1,1,1,1,1,1,1,1,1,1,1,1,1,1,1,1,1,1,1,1,1,1,1,1,1,1,1,1,1,1,1,1,1,1,1,1,1,1,1,1,1,1,1,1,1,1,1,1,1,1,1,1,1,1,1,1,1,1,1,1,1,1,1,1,1,1,1,1,1,1,1,1,1,1,1,1,1,1,1,1,1,1,1,1,1,1,1,1,1,1,1,1,1,1,1,1,1,1,1,1,1,1
137.8990199546485,139.5024807256236,29,78,1,1,1,1,1,1,1,1,1,1,1,1,1,1,1,1,1,1,1,1,1,1,1,1,1,1,1,1,1,1,1,1,1,1,1,1,1,1,1,1,1,1,1,1,1,1,1,1,1,1,1,1,1,1,1,1,1,1,1,1,1,1,1,1,1,1,1,1,1,1,1,1,1,1,1,1,1,1,1,1,1,1,1,1,1,1,1,1,1,1,1,1,1,1,1,1,1,1,1,1,1,1,1,1,1,1,1,1,1,1,1,1,1,1,1,1,1,1,1,1,1,1,1,1,1,1,1,1,1,1,1,1,1,1,1,1,1,1,1
172.64628843537415,175.33076099773243,29,71,1,1,1,1,1,1,1,1,1,1,1,1,1,1,1,1,1,1,1,1,1,1,1,1,1,1,1,1,1,1,1,1,1,1,1,1,1,1,1,1,1,1,1,1,1,1,1,1,1,1,1,1,1,1,1,1,1,1,1,1,1,1,1,1,1,1,1,1,1,1,1,1,1,1,1,1,1,1,1,1,1,1,1,1,1,1,1,1,1,1,1,1,1,1,1,1,1,1,1,1,1,1,1,1,1,1,1,1,1,1,1,1,1,1,1,1,1,1,1,1,1,1,1,1,1,1,1,1,1,1,1,1,1,1,1,1,1,1,1,1,1,1,1,1,1,1,1,1,1,1,1,1,1,1,1,1,1,1,1,1,1,1,1,1,1,1,1,1,1,1,1,1,1,1,1,1,1,1,1,1,1,1,1,1,1,1,1,1,1,1,1,1,1,1,1,1,1,1,1,1,1,1,1,1,1,1,1,1,1,1,1,1,1,1,1,1,1,1,1,1,1,1,1,1,1,1,1,1,1,1,1,1,1
187.91206984126984,188.051389569161,54,78,3,3,2,2,2,2,1,1,1,1,1,1
242.04922947845805,244.7104820861678,29,68,1,1,1,1,1,1,1,1,1,1,1,1,1,1,1,1,1,1,1,1,1,1,1,1,1,1,1,1,1,1,1,1,1,1,1,1,1,1,1,1,1,1,1,1,1,1,1,1,1,1,1,1,1,1,1,1,1,1,1,1,1,1,1,1,1,1,1,1,1,1,1,1,1,1,1,1,1,1,1,1,1,1,1,1,1,1,1,1,1,1,1,1,1,1,1,1,1,1,1,1,1,1,1,1,1,1,1,1,1,1,1,1,1,1,1,1,1,1,1,1,1,1,1,1,1,1,1,1,1,1,1,1,1,1,1,1,1,1,1,1,1,1,1,1,1,1,1,1,1,1,1,1,1,1,1,1,1,1,1,1,1,1,1,1,1,1,1,1,1,1,1,1,1,1,1,1,1,1,1,1,1,1,1,1,1,1,1,1,1,1,1,1,1,1,1,1,1,1,1,1,1,1,1,1,1,1,1,1,1,1,1,1,1,1,1,1,1,1,1,1,1,1,1,1,1,1,1,1,1,1,1
187.02971156462584,189.6316303854875,31,65,1,1,1,1,1,1,1,1,1,1,1,1,1,1,1,1,1,1,1,1,1,1,1,1,1,1,1,1,1,1,1,1,1,1,1,1,1,1,1,1,1,1,1,1,1,1,1,1,1,1,1,1,1,1,1,1,1,1,1,1,1,1,1,1,1,1,1,1,1,1,1,1,1,1,1,1,1,1,1,1,1,1,1,1,1,1,1,1,1,1,1,1,1,1,1,1,1,1,1,1,1,1,1,1,1,1,1,1,1,1,1,1,1,1,1,1,1,1,1,1,1,1,1,1,1,1,1,1,1,1,1,1,1,1,1,1,1,1,1,1,1,1,1,1,1,1,1,1,1,1,1,1,1,1,1,1,1,1,1,1,1,1,1,1,1,1,1,1,1,1,1,1,1,1,1,1,1,1,1,1,1,1,1,1,1,1,1,1,1,1,1,1,1,1,1,1,1,1,1,1,1,1,1,1,1,1,1,1,1,1,1,1,1,1,1,1,1,1,1,1,1,1,1,0,0
27.9748,29.798850340136052,29,73,1,1,1,1,1,1,1,1,1,1,1,1,1,1,1,1,1,1,1,1,1,1,1,1,1,1,1,1,1,1,1,1,1,1,1,1,1,1,1,1,1,1,1,1,1,1,1,1,1,1,1,1,1,1,1,1,1,1,1,1,1,1,1,1,1,1,1,1,1,1,1,1,1,1,1,1,1,1,1,1,1,1,1,1,1,1,1,1,1,1,1,1,1,1,1,1,1,1,1,1,1,1,1,1,1,1,1,1,1,1,1,1,1,1,1,1,1,1,1,1,1,1,1,1,1,1,1,1,1,1,1,1,1,0,2,1,1,1,1,1,1,1,1,1,1,1,1,1,1,1,1,1,1,1,1,1,1,1
241.20170113378686,241.80541995464853,31,75,0,0,0,0,0,0,0,0,1,1,1,1,1,1,1,1,1,1,1,1,1,1,1,1,1,1,1,1,1,1,1,1,1,1,1,1,1,1,1,1,1,1,1,1,1,1,1,1,1,1,1,1
16.438389115646256,17.44845714285714,29,71,1,1,1,1,1,1,1,1,1,1,1,1,1,1,1,1,1,1,1,1,1,1,1,1,1,1,1,1,1,1,1,1,1,1,1,1,1,1,1,1,1,1,1,1,1,1,1,1,1,1,1,1,1,1,1,1,1,1,1,1,1,1,1,1,1,1,1,1,1,2,1,1,1,1,1,1,1,1,2,2,2,2,2,2,1,1,1
195.77716009070295,197.27613106575964,29,67,1,1,1,1,1,1,1,1,1,1,1,1,1,1,1,1,1,1,1,1,1,1,1,1,1,1,1,1,1,1,1,1,1,1,1,1,1,1,1,1,1,1,1,1,1,1,1,1,1,1,1,1,1,1,1,1,1,1,1,1,1,1,1,1,1,1,1,1,1,1,1,1,1,1,1,1,1,1,1,1,1,1,1,1,1,1,1,1,1,1,1,1,1,1,1,1,1,1,1,1,1,1,1,1,1,1,1,1,1,1,1,1,1,1,1,1,1,1,1,1,1,1,1,1,1,1,1,1,1,1
82.90143809523809,83.29617732426303,31,71,1,1,1,1,1,1,1,1,1,1,1,1,1,1,1,1,1,1,1,1,1,1,1,1,1,1,1,1,1,1,1,1,1,1
250.6470321995465,251.81963990929705,33,76,1,1,1,1,1,1,1,1,1,1,1,1,1,1,1,1,1,1,1,1,1,1,1,1,1,1,1,1,1,1,1,1,1,1,1,1,1,1,1,1,1,1,1,1,1,1,1,1,1,1,1,1,1,1,1,1,1,1,1,1,1,1,1,1,1,1,1,1,1,1,1,1,1,1,1,1,1,1,1,1,1,1,1,1,1,1,1,1,1,1,1,1,1,1,1,1,1,1,1,1,1
181.41824081632654,182.0335696145125,33,75,1,1,1,1,1,1,1,1,1,1,1,1,1,1,1,1,1,1,1,1,1,1,1,1,1,1,1,1,1,1,1,1,1,1,1,1,1,1,1,1,1,1,1,1,1,1,1,1,1,1,1,1,1
221.75376009070297,222.92765170068026,31,60,1,1,1,1,1,1,1,1,1,1,1,1,1,1,1,1,1,1,1,1,1,1,1,1,1,1,1,1,1,1,1,1,1,1,1,1,1,1,1,1,1,1,1,1,1,1,1,1,1,1,1,1,1,1,1,1,1,1,1,1,1,1,1,1,1,1,1,1,1,1,1,1,1,1,1,1,1,1,1,1,1,1,1,1,1,1,1,1,1,1,1,1,1,1,1,1,1,1,1,1,1,1
111.86437006802721,112.94409795918367,33,79,1,1,1,1,1,1,1,1,1,1,1,1,1,1,1,1,1,1,1,1,1,1,1,1,1,1,1,1,1,1,1,1,1,1,1,1,1,1,1,1,1,1,1,1,1,1,1,1,1,1,1,1,1,1,1,1,1,1,1,1,1,1,1,1,1,1,1,1,1,1,1,1,1,1,1,1,1,1,1,1,1,1,1,1,1,1,1,1,1,1,1,1,1
253.06319138321996,253.35344081632653,31,72,1,1,1,1,1,1,1,1,1,1,1,1,1,1,1,1,1,1,1,1,1,1,1,1,1
95.9484299319728,97.26035736961451,31,66,1,1,1,1,1,1,1,1,1,1,1,1,1,1,1,1,1,1,1,1,1,1,1,1,1,1,1,1,1,1,1,1,1,1,1,1,1,1,1,1,1,1,1,1,1,1,1,1,1,1,1,1,1,1,1,1,1,1,1,1,1,1,1,1,1,1,1,1,1,1,1,1,1,1,1,1,1,1,1,1,1,1,1,1,1,1,1,1,1,1,1,1,1,1,1,1,1,1,1,1,1,1,1,1,1,1,1,1,1,1,1,1,1
88.77993832199547,89.82612018140588,33,66,1,1,1,1,1,1,1,1,1,1,1,1,1,1,1,1,1,1,1,1,1,1,1,1,1,1,1,1,1,1,1,1,1,1,1,1,1,1,1,1,1,1,1,1,1,1,1,1,1,1,1,1,1,1,1,1,1,1,1,1,1,1,1,1,1,1,1,1,1,1,1,1,1,1,1,1,1,1,1,1,1,1,1,1,1,1,1,1,1,1,1
142.35981904761906,143.4872707482993,31,72,1,1,1,1,1,1,1,1,1,1,1,1,1,1,1,1,1,1,1,1,1,1,1,1,1,1,1,1,1,1,1,1,1,1,1,1,1,1,1,1,1,1,1,1,1,1,1,1,1,1,1,1,1,1,1,1,1,1,1,1,1,1,1,1,1,1,1,1,1,1,1,1,1,1,1,1,1,1,1,1,1,1,1,1,1,1,1,1,1,1,1,1,1,1,1,1,1,1
68.49607891156462,69.64675056689343,29,79,1,1,1,1,1,1,1,1,1,1,1,1,1,1,1,1,1,1,1,1,1,1,1,1,1,1,1,1,1,1,1,1,1,1,1,1,1,1,1,1,1,1,1,1,1,1,1,1,1,1,1,1,1,1,1,1,1,1,1,1,1,1,1,1,1,1,1,1,1,1,1,1,1,1,1,1,1,1,1,1,1,1,1,1,1,1,1,1,1,1,1,1,1,1,1,1,1,1,1,1
87.60733061224491,88.09494965986396,40,64,1,1,1,1,1,1,1,1,1,1,1,1,1,1,1,1,1,1,1,1,1,1,1,1,1,1,1,1,1,1,1,1,1,1,1,1,1,1,1,1,1,1
215.95652970521544,217.142031292517,36,64,1,1,1,1,1,1,1,1,1,1,1,1,1,1,1,1,1,1,1,1,1,1,1,1,1,1,1,1,1,1,1,1,1,1,1,1,1,1,1,1,1,1,1,1,1,1,1,1,1,1,1,1,1,1,1,1,1,1,1,1,1,1,1,1,1,1,1,1,1,1,1,1,1,1,1,1,1,1,1,1,1,1,1,1,1,1,1,1,1,1,1,1,1,1,1,1,1,1,1,1,1,1,1
39.0339179138322,39.184847619047616,65,73,1,1,1,1,1,1,1,1,2,2,2,2,2
29.93817006802721,31.075947845804986,29,68,1,1,1,1,1,1,1,1,1,1,1,1,1,1,1,1,1,1,1,1,1,1,1,1,1,1,1,1,1,1,1,1,1,1,1,1,1,1,1,1,1,1,1,1,1,1,1,1,1,1,1,1,1,1,1,1,1,1,1,1,1,1,1,1,1,1,1,1,1,1,1,1,1,1,1,1,1,1,1,1,1,1,1,1,1,1,1,1,1,1,1,1,1,1,1,1,1,1
256.90866167800453,257.08281133786846,72,69,1,1,1,1,1,1,1,1,1,1,1,1,1,1,1
21.456467120181408,21.595786848072564,52,74,1,1,1,1,1,1,1,1,1,1,1,1
200.40049886621313,201.30736099773245,31,73,1,1,1,1,1,1,1,1,1,1,1,1,1,1,1,1,1,1,1,1,1,1,1,1,1,1,1,1,1,1,1,1,1,1,1,1,1,1,1,1,1,1,1,1,1,1,1,1,1,1,1,1,1,1,1,1,1,1,1,1,1,1,1,1,1,1,1,1,1,1,1,1,1,1,1,1,1,1,1
246.8015619047619,247.556210430839,31,73,1,1,1,1,1,1,1,1,1,1,1,1,1,1,1,1,1,1,1,1,1,1,1,1,1,1,1,1,1,1,1,1,1,1,1,1,1,1,1,1,1,1,1,1,1,1,1,1,1,1,1,1,1,1,1,1,1,1,1,1,1,1,1,1,1
76.62819863945579,76.80234829931973,31,73,0,0,0,1,1,1,1,1,1,1,1,1,1,1,1
126.35099909297053,127.91962993197279,29,63,1,1,1,1,1,1,1,1,1,1,1,1,1,1,1,1,1,1,1,1,1,1,1,1,1,1,1,1,1,1,1,1,1,1,1,1,1,1,1,1,1,1,1,1,1,1,1,1,1,1,1,1,1,1,1,1,1,1,1,1,1,1,1,1,1,1,1,1,1,1,1,1,1,1,1,1,1,1,1,1,1,1,1,1,1,1,1,1,1,1,1,1,1,1,1,1,1,1,1,1,1,1,1,1,1,1,1,1,1,1,1,1,1,1,1,1,1,1,1,1,1,1,1,1,1,1,1,1,1,1,1,1,1,1,1,1
48.33992925170068,49.43126712018141,40,70,1,1,1,1,1,1,1,1,1,1,1,1,1,1,1,1,1,1,1,1,1,1,1,1,1,1,1,1,1,1,1,1,1,1,1,1,1,1,1,1,1,1,1,1,1,1,1,1,1,1,1,1,1,1,1,1,1,1,1,1,1,1,1,1,1,1,1,1,1,1,1,1,1,1,1,1,1,1,1,1,1,1,1,1,1,1,1,1,1,1,1,1,1,1
47.17764761904762,47.5607768707483,38,59,1,1,1,1,1,1,1,1,1,1,1,1,1,1,1,1,1,1,1,1,1,1,1,1,1,1,1,1,1,1,1,1,1
47.45628707482993,47.771040362811796,67,66,1,1,1,1,1,1,1,1,1,1,1,1,1,1,1,1,1,1,1,1,1,1,1,1,1,1,1,1
22.74645850340136,23.45466712018141,36,57,1,1,1,1,1,1,1,1,1,1,1,1,1,1,1,1,1,1,1,1,1,1,1,1,1,1,1,1,1,1,1,1,1,1,1,1,1,1,1,1,1,1,1,1,1,1,1,1,1,1,1,1,1,1,1,1,1,1,1,1,1
12.476819047619047,12.848338321995465,36,57,1,1,1,1,1,1,1,1,1,1,1,1,1,1,1,1,1,1,1,1,1,1,1,1,1,1,1,1,1,1,1,1
218.90803174603172,220.49859863945576,29,66,1,1,1,1,1,1,1,1,1,1,1,1,1,1,1,1,1,1,1,1,1,1,1,1,1,1,1,1,1,1,1,1,1,1,1,1,1,1,1,1,1,1,1,1,1,1,1,1,1,1,1,1,1,1,1,1,1,1,1,1,1,1,1,1,1,1,1,1,1,1,1,1,1,1,1,1,1,1,1,1,1,1,1,1,1,1,1,1,1,1,1,1,1,1,1,1,1,1,1,1,1,1,1,1,1,1,1,1,1,1,1,1,1,1,1,1,1,1,1,1,1,1,1,1,1,1,1,1,1,1,1,1,1,1,1,1,1
230.46766258503402,231.24553106575965,29,72,1,1,1,1,1,1,1,1,1,1,1,1,1,1,1,1,1,1,1,1,1,1,1,1,1,1,1,1,1,1,1,1,1,1,1,1,1,1,1,1,1,1,1,1,1,1,1,1,1,1,1,1,1,1,1,1,1,1,1,1,1,1,1,1,1,1,1
253.6088603174603,255.18910113378683,29,71,1,1,1,1,1,1,1,1,1,1,1,1,1,1,1,1,1,1,1,1,1,1,1,1,1,1,1,1,1,1,1,1,1,1,1,1,1,1,1,1,1,1,1,1,1,1,1,1,1,1,1,1,1,1,1,1,1,1,1,1,1,1,1,1,1,1,1,1,1,1,1,1,1,1,1,1,1,1,1,1,1,1,1,1,1,1,1,1,1,1,1,1,1,1,1,1,1,1,1,1,1,1,1,1,1,1,1,1,1,1,1,1,1,1,1,1,1,1,1,1,1,1,1,1,1,1,1,1,1,1,1,1,1,1,1,1,1
145.648010430839,146.10079954648526,36,70,1,1,1,1,1,1,1,1,1,1,1,1,1,1,1,1,1,1,1,1,1,1,1,1,1,1,1,1,1,1,1,1,1,1,1,1,1,1,1
201.7833700680272,202.45674875283447,40,68,1,1,1,1,1,1,1,1,1,1,1,1,1,1,1,1,1,1,1,1,1,1,1,1,1,1,1,1,1,1,1,1,1,1,1,1,1,1,1,1,1,1,1,1,1,1,1,1,1,1,1,1,1,1,1,1,1,1
81.94941995464852,82.69245850340135,29,73,1,1,1,1,1,1,1,1,1,1,1,1,1,1,1,1,1,1,1,1,1,1,1,1,1,1,1,1,1,1,1,1,1,1,1,1,1,1,1,1,1,1,1,1,1,1,1,1,1,1,1,1,1,1,1,1,1,1,1,1,1,1,1,1
207.30196099773244,208.91703174603174,29,60,1,1,1,1,1,1,1,1,1,1,1,1,1,1,1,1,1,1,1,1,1,1,1,1,1,1,1,1,1,1,1,1,1,1,1,1,1,1,1,1,1,1,1,1,1,1,1,1,1,1,1,1,1,1,1,1,1,1,1,1,1,1,1,1,1,1,1,1,1,1,1,1,1,1,1,1,1,1,1,1,1,1,1,1,1,1,1,1,1,1,1,1,1,1,1,1,1,1,1,1,1,1,1,1,1,1,1,1,1,1,1,1,1,1,1,1,1,1,1,1,1,1,1,1,1,1,1,1,1,1,1,1,1,1,1,1,1,1,1,1
135.63379047619048,136.16784943310657,60,66,1,1,1,1,1,1,1,1,1,1,1,1,1,1,1,1,1,1,1,1,1,1,1,1,1,1,1,1,1,1,1,1,1,1,1,1,1,1,1,1,1,1,1,1,1,1
114.8726380952381,116.31355918367348,29,61,1,1,1,1,1,1,1,1,1,1,1,1,1,1,1,1,1,1,1,1,1,1,1,1,1,1,1,1,1,1,1,1,1,1,1,1,1,1,1,1,1,1,1,1,1,1,1,1,1,1,1,1,1,1,1,1,1,1,1,1,1,1,1,1,1,1,1,1,1,1,1,1,1,1,1,1,1,1,1,1,1,1,1,1,1,1,1,1,1,1,1,1,1,1,1,1,1,1,1,1,1,1,1,1,1,1,1,1,1,1,1,1,1,2,2,2,2,2,2,2,2,1,1,1,1
150.71252834467123,150.97955782312926,53,65,1,1,1,1,1,1,1,1,1,1,1,1,1,1,1,1,1,1,1,1,1,1,1
102.17522947845805,102.97631791383219,36,67,1,1,1,1,1,1,1,1,1,1,1,1,1,1,1,1,1,1,1,1,1,1,1,1,1,1,1,1,1,1,1,1,1,1,1,1,1,1,1,1,1,1,1,1,1,1,1,1,1,1,1,1,1,1,1,1,1,1,1,1,1,1,1,1,1,1,1,1,1
90.97550793650792,91.11482766439909,62,64,1,1,1,1,1,1,1,1,2,1,1,1
238.63461224489794,238.77393197278911,31,62,1,1,1,1,1,1,1,1,1,1,1,1
74.27008934240362,75.50203083900227,36,65,1,1,1,1,1,1,1,1,1,1,1,1,1,1,1,1,1,1,1,1,1,1,1,1,1,1,1,1,1,1,1,1,1,1,1,1,1,1,1,1,1,1,1,1,1,1,1,1,1,1,1,1,1,1,1,1,1,1,1,1,1,1,1,1,1,1,1,1,1,1,1,1,1,1,1,1,1,1,1,1,1,1,1,1,1,1,1,1,1,1,1,1,1,1,1,1,1,1,1,1,1,1,1,1,1,1,1
183.66025034013606,183.9621097505669,31,69,1,1,1,1,1,1,1,1,1,1,1,1,1,1,1,1,1,1,1,1,1,1,1,1,1,1
65.6271306122449,65.82450022675737,33,71,0,1,1,1,1,1,1,1,1,1,1,1,1,1,1,1,1
19.3653873015873,19.585976870748297,29,70,1,1,1,1,1,1,1,1,1,1,1,1,1,1,1,1,1,1,1
51.37141723356009,52.32471927437642,41,59,1,1,1,1,1,1,1,1,1,1,1,1,1,1,1,1,1,1,1,1,1,1,1,1,1,1,1,1,1,1,1,1,1,1,1,1,1,1,1,1,1,1,1,1,1,1,1,1,1,1,1,1,1,1,1,1,1,1,1,1,1,1,1,1,1,1,1,1,1,1,1,1,1,1,1,1,1,1,1,1,1,1,1
79.14884761904763,79.36943718820862,60,41,0,0,0,0,0,0,0,0,0,0,0,0,0,0,1,1,1,1,1
18.355319274376416,19.040307936507936,29,63,1,1,1,1,1,1,1,1,1,1,1,1,1,1,1,1,1,1,1,1,1,1,1,1,1,1,1,1,1,1,1,1,1,1,1,1,1,1,1,1,1,1,1,1,1,1,1,1,1,1,1,1,2,2,1,1,1,1,1
197.5083306122449,198.34424897959184,29,67,1,1,1,1,1,1,1,1,1,1,1,1,1,1,1,1,1,1,1,1,1,1,1,1,1,1,1,1,1,1,1,1,1,1,1,1,1,1,1,1,1,1,1,1,1,1,1,1,1,1,1,1,1,1,1,1,1,1,1,1,1,1,1,1,1,1,1,1,1,1,1,1
56.53009886621315,56.72746848072562,55,63,1,1,1,1,1,1,1,1,1,1,1,1,1,1,1,1,1
38.418589115646256,38.56951882086168,74,63,1,1,1,1,1,1,1,1,1,1,1,1,1
139.64180045351475,139.80434013605444,72,61,5,1,1,1,1,1,1,1,1,1,1,1,1,1
249.04357142857143,249.38026077097504,40,66,1,1,1,1,1,1,1,1,1,1,1,1,1,1,1,1,1,1,1,1,1,1,1,1,1,1,1,1,1
54.148769614512474,54.427409070294786,31,63,1,1,1,1,1,1,1,1,1,1,1,1,1,1,1,1,1,1,1,1,1,1,1,1
116.4296589569161,116.56897868480726,67,62,1,1,1,1,1,1,1,1,1,1,1,1
185.98352970521543,186.714958276644,29,63,1,1,1,1,1,1,1,1,1,1,1,1,1,1,1,1,1,1,1,1,1,1,1,1,1,1,1,1,1,1,1,1,1,1,1,1,1,1,1,1,1,1,1,1,1,1,1,1,1,1,1,1,1,1,1,1,1,1,1,1,1,1,1
210.10124943310657,211.98334965986396,31,59,1,1,1,1,1,1,1,1,1,1,1,1,1,1,1,1,1,1,1,1,1,1,1,1,1,1,1,1,1,1,1,1,1,1,1,1,1,1,1,1,1,1,1,1,1,1,1,1,1,1,1,1,1,1,1,1,1,1,1,1,1,1,1,1,1,1,1,1,1,1,1,1,1,1,1,1,1,1,1,1,1,1,1,1,1,1,1,1,1,1,1,1,0,0,0,0,0,1,1,1,1,1,1,1,1,1,1,1,1,1,1,1,1,1,1,1,1,1,1,1,1,1,1,1,1,1,1,1,1,1,1,1,1,1,1,1,1,1,1,1,1,1,1,1,1,1,1,1,1,1,1,1,1,1,1,1,1,1,1,1,1,1,1
41.55456689342404,42.14795963718821,29,63,1,1,1,1,1,1,1,1,1,1,1,1,1,1,1,1,1,1,1,1,1,1,1,1,1,1,1,1,1,1,1,1,1,1,1,1,1,1,1,1,1,1,1,1,1,1,1,1,1,1,1,1
189.99153968253967,190.30500907029477,36,68,0,0,0,1,1,1,1,1,1,1,1,1,1,1,1,1,1,1,1,1,1,1,1,1,1,1,1
201.91107981859412,202.14327936507937,60,64,1,1,1,1,1,1,1,1,1,1,1,1,1,1,1,1,1,1,1,1
39.509926984126984,40.010439909297055,64,47,1,1,1,1,1,1,1,1,1,1,1,1,1,1,1,1,1,1,1,1,1,1,1,1,1,1,1,1,1,1,1,1,1,1,1,1,1,1,1,1,1,1,1,1
251.48295056689344,251.62227029478458,67,63,1,1,1,1,1,1,1,1,1,1,1,1
139.7811201814059,140.4777188208617,29,61,1,1,1,1,1,1,1,1,1,1,1,1,1,1,1,1,1,1,1,1,1,1,1,1,1,1,1,1,1,1,1,1,1,1,1,1,1,1,1,1,1,1,1,1,1,1,1,1,1,1,1,1,1,1,1,1,1,1,1,1
94.79775827664399,94.94868798185941,57,64,-5,1,1,1,1,1,1,1,1,1,1,1,1
173.47188072562358,173.9594997732426,41,61,1,1,1,1,1,1,1,1,1,1,1,1,1,1,1,1,1,1,1,1,1,1,1,1,1,1,1,0,1,1,1,1,1,1,1,1,1,1,1,1,1,1
60.10853968253968,60.93284807256236,59,53,1,1,1,1,1,1,1,1,1,1,1,1,1,1,1,1,1,1,1,1,1,1,1,1,1,1,1,1,1,1,1,1,1,1,1,1,1,1,1,1,1,1,1,1,1,1,1,1,1,1,1,1,1,1,1,1,1,1,1,1,1,1,1,1,1,1,1,1,1,1,1
54.798928344671204,55.22849750566894,43,59,1,1,1,1,1,1,1,1,1,1,1,1,1,1,1,1,1,1,1,1,1,1,1,1,1,1,1,1,1,1,1,1,1,1,1,1,1
13.602986848072563,13.800356462585034,36,67,1,1,1,1,1,1,1,1,1,1,1,1,1,1,1,1,1
29.856900226757368,29.996219954648524,55,62,1,1,1,1,1,0,0,1,1,1,1,1
209.21889115646258,209.92709977324262,29,58,1,1,1,1,1,1,1,1,1,1,1,1,1,1,1,1,1,1,1,1,1,1,1,1,1,1,1,1,1,1,1,1,1,1,1,1,1,1,1,1,1,1,1,1,1,1,1,1,1,1,1,1,1,1,1,1,1,1,1,1,1
139.23545124716554,139.3747709750567,61,62,1,1,1,1,1,1,1,1,1,1,1,1
119.65980045351473,120.35639909297052,31,61,1,1,1,1,1,1,1,1,1,1,1,1,1,1,1,1,1,1,1,1,1,1,1,1,1,1,1,1,1,1,1,1,1,1,1,1,1,1,1,1,1,1,1,1,1,1,1,1,1,1,1,1,1,1,1,2,2,2,1,1
180.9886716553288,181.1512113378685,45,63,1,1,1,1,1,1,1,1,1,1,1,1,1,1
252.49430249433107,252.76133197278912,33,64,2,1,1,1,1,1,1,1,1,1,1,1,1,1,1,1,1,1,1,1,1,1,1
121.40258095238094,121.7044403628118,36,60,1,1,1,1,1,1,1,1,1,1,1,1,1,1,1,1,1,1,1,1,1,1,1,1,1,1
105.03256780045352,105.83494013605443,29,57,1,1,1,1,1,1,1,1,1,1,1,1,1,1,1,1,1,1,1,1,1,1,0,0,0,0,0,1,1,1,1,1,1,1,1,1,1,1,1,1,1,1,1,1,1,1,1,1,1,1,1,1,1,1,1,1,1,1,1,1,1,1,1,1,1,1,1,1,1,1
240.55154240362813,240.71408208616782,76,60,0,0,0,1,1,1,1,1,1,1,1,1,1,1
175.41203083900228,175.99252970521542,67,59,1,1,1,1,1,1,1,1,1,1,1,1,1,1,1,1,1,1,1,1,1,1,1,1,1,1,1,1,1,1,1,1,1,1,1,1,1,1,1,1,1,1,1,1,1,1,1,1,1,1
37.872920181405895,38.17477959183673,55,51,1,1,1,1,1,1,1,1,1,1,1,1,1,1,1,1,1,1,1,1,1,1,1,1,1,1
172.26315918367348,172.47213877551022,71,63,1,1,1,1,1,1,1,1,1,1,1,1,1,1,1,1,1,1
20.39995918367347,20.864358276643994,72,54,0,0,1,1,1,1,1,1,1,1,1,1,1,1,1,1,1,1,1,1,1,1,1,1,1,1,1,1,1,1,1,1,1,1,1,1,1,1,1,1
39.8711201814059,40.78830839002268,72,51,0,1,1,1,1,1,1,1,1,1,1,1,1,1,1,1,1,1,1,1,1,1,1,1,1,1,1,1,1,1,1,1,1,1,1,1,1,1,1,1,1,1,1,1,1,1,1,1,1,1,1,1,1,1,1,1,1,1,1,1,1,1,1,1,1,1,1,1,1,1,1,1,1,1,1,1,1,1,1
5.366377324263039,5.505697052154195,53,62,1,1,1,1,1,1,1,1,1,1,1,1
248.217979138322,248.3585827664399,57,60,1,1,1,1,1,1,1,1,1,1,1,1,1
144.72953832199545,144.89207800453514,76,61,1,1,1,1,1,1,1,1,1,1,1,1,1,1
198.62288843537414,199.64585034013604,67,57,1,1,1,1,1,1,1,1,1,1,1,1,1,1,1,1,1,1,1,1,1,1,1,1,1,1,1,1,1,1,1,1,1,1,1,1,1,1,1,1,1,1,1,1,1,1,1,1,1,1,1,1,1,1,1,1,1,1,1,1,1,1,1,1,1,1,1,1,1,1,1,1,1,1,1,1,1,1,1,1,1,1,1,1,1,1,1,1,1
226.49448253968254,226.9472716553288,40,56,0,1,1,1,1,1,1,1,1,1,1,1,1,1,1,1,1,1,1,1,1,1,1,1,1,1,1,1,1,1,1,1,1,1,1,1,1,1,1
57.866530158730164,58.36575918367347,41,49,1,1,1,1,1,1,1,1,1,1,1,1,1,1,1,1,1,1,1,1,1,1,1,1,1,1,1,1,1,1,1,1,1,1,1,1,1,1,1,1,1,1,1
138.57239863945577,138.73493832199546,79,61,1,1,1,1,1,1,1,1,1,1,1,1,1,1
44.26225941043084,44.45962902494331,60,63,1,1,1,1,1,1,1,1,1,1,1,1,1,1,1,1,1
77.41767709750567,78.370979138322,60,58,1,1,1,1,1,1,1,1,1,1,1,1,1,1,1,1,1,1,1,1,1,1,1,1,1,1,1,1,1,1,1,1,1,1,1,1,1,1,1,1,1,1,1,1,1,1,1,1,1,1,1,1,1,1,1,1,1,1,1,1,1,1,1,1,1,1,1,1,1,1,1,1,1,1,1,1,1,1,1,1,1,1,1
234.70787210884356,234.8820217687075,79,36,1,1,1,1,1,1,1,1,1,1,1,7,7,1,1
198.6822222222222,200.2495691609977,59,50,1,1,1,1,1,1,1,1,1,1,1,1,1,1,1,1,1,1,1,1,1,1,1,1,1,1,1,1,1,1,1,1,1,1,1,1,1,1,1,1,1,1,1,1,1,1,1,1,1,1,1,1,1,1,1,1,1,1,1,1,1,1,1,1,1,1,1,1,1,1,1,1,1,1,1,1,1,1,1,1,1,1,1,1,1,1,1,1,1,1,1,1,1,1,1,1,1,1,1,1,1,1,1,1,1,1,1,1,1,1,1,1,1,1,1,1,1,1,1,1,1,1,1,1,1,1,1,1,1,1,1,1,1,1,1
62.32732925170068,62.62918866213152,43,60,1,1,1,1,1,1,1,1,1,1,1,1,1,1,1,1,1,1,1,1,1,1,1,1,1,1
39.11518775510204,39.347387301587304,31,62,2,2,2,2,2,1,1,1,1,1,1,1,1,1,1,1,1,1,1,1
223.7055201814059,224.04220952380953,31,58,1,1,1,1,1,1,1,1,1,1,1,1,1,1,1,1,1,1,1,1,1,1,1,1,1,1,1,1,1
137.10954149659864,137.3765709750567,52,55,1,1,1,1,1,1,1,1,1,1,1,1,1,1,1,1,1,1,0,0,1,1,1
57.82009024943311,57.98262993197279,57,57,-2,1,1,1,1,1,1,1,1,1,1,1,1,1
94.1011596371882,94.34496916099774,71,59,1,1,1,1,1,1,1,1,1,1,1,1,1,1,1,1,1,1,1,1,1
71.37663718820862,72.49247891156462,31,62,1,1,1,1,1,1,1,1,1,1,1,1,1,1,1,1,1,1,1,1,1,1,1,1,1,1,1,1,1,1,1,1,1,1,1,1,1,1,1,1,1,1,1,1,1,1,1,1,1,1,1,1,1,1,1,1,1,1,1,1,1,1,1,1,1,1,1,1,1,1,1,1,1,1,1,1,1,1,1,1,1,1,1,1,1,1,1,1,1,1,1,1,1,1,1,1,1
186.64529841269842,186.78590204081632,61,56,1,1,1,1,1,1,1,1,-2,-2,1,1,3
128.26792925170068,128.88325804988662,29,56,1,1,1,1,1,1,1,1,1,1,1,1,1,1,1,1,1,1,1,1,1,1,1,1,1,1,1,1,1,1,1,1,1,1,1,1,1,1,1,1,1,1,1,1,1,1,1,1,1,1,1,1,1
53.056147845804986,53.5553768707483,41,47,0,0,1,1,1,1,1,1,1,1,1,1,1,1,1,1,1,1,1,1,1,1,1,1,1,1,1,1,1,1,1,1,1,1,1,1,1,1,1,1,1,1,1
131.74188027210883,131.9740798185941,72,59,2,1,1,1,1,1,1,1,1,1,1,1,1,1,1,1,1,1,1,1
152.2695492063492,152.40886893424036,74,59,1,1,1,1,1,1,1,1,1,1,1,1
76.11735963718822,76.38438911564626,36,54,1,1,1,1,1,1,1,1,1,1,1,1,1,1,1,1,1,1,1,1,1,1,1
38.16316961451247,38.56951882086168,36,52,1,1,1,1,1,1,1,1,1,1,1,1,1,1,1,1,1,1,1,1,1,1,1,1,1,1,1,1,1,1,1,1,1,1,1
28.77588843537415,29.15901768707483,41,53,1,1,1,1,1,1,1,1,1,1,1,1,1,1,1,1,1,1,1,1,1,1,1,1,1,1,1,1,1,1,1,1,1
173.47188072562358,174.15686938775508,69,54,1,1,1,1,1,1,1,1,1,1,1,1,1,1,1,1,1,1,1,1,1,1,1,1,1,1,1,1,1,1,1,1,1,1,1,1,1,1,1,1,1,1,1,1,1,1,1,1,1,1,1,1,1,1,1,1,1,1,1
116.85922811791383,117.3016911564626,29,53,1,1,1,1,1,1,1,1,1,1,1,1,1,1,1,1,1,1,1,1,1,1,1,1,1,1,1,1,1,1,1,1,1,1,1,1,1,1,1
218.47717868480726,218.6061723356009,74,58,0,0,1,1,1,1,1,1,1,1,1,1
84.74870839002267,85.28276734693877,31,62,1,1,1,1,1,1,1,1,1,1,1,1,1,1,1,1,1,1,1,1,1,1,1,1,1,1,1,1,1,1,1,1,1,1,1,1,1,1,1,1,1,1,1,1,1,1
184.12464943310655,185.75133015873016,41,57,1,1,1,1,1,1,1,1,1,1,1,1,1,1,1,1,1,1,1,1,1,1,1,1,1,1,1,1,1,1,1,1,1,1,1,1,1,1,1,1,1,1,1,1,1,1,1,1,1,1,1,1,1,1,1,1,1,1,1,1,1,1,1,1,1,1,1,1,1,1,1,1,1,1,1,1,1,1,1,1,1,1,1,1,1,1,1,1,1,1,1,1,1,1,1,1,1,1,1,1,1,1,1,1,1,1,1,1,1,1,1,1,1,1,1,1,1,1,1,1,1,1,1,1,1,1,1,1,1,1,1,1,1,1,1,1,1,1,1,1,1
125.67762040816326,125.99108979591837,31,60,1,1,1,1,1,1,1,1,1,1,1,1,1,1,1,1,1,1,1,1,1,1,1,1,1,1,1
44.25064943310658,44.656998639455786,67,50,1,1,1,1,1,1,1,1,1,1,1,1,1,1,1,1,1,1,1,1,1,1,1,-2,-1,-1,-1,0,0,0,0,1,1,0,0
238.39080272108842,238.5301224489796,64,59,1,1,1,1,1,1,1,1,1,1,1,1
32.74906848072562,33.45727709750567,29,51,1,1,1,1,1,1,1,1,1,1,1,1,1,1,1,1,1,1,1,1,1,1,1,1,1,1,1,1,1,1,1,1,1,1,1,1,1,1,1,1,1,1,1,1,1,1,1,1,1,1,1,1,1,1,1,1,1,1,1,1,1
177.66565034013604,178.0836095238095,31,56,1,1,1,1,1,1,1,1,1,1,1,1,1,1,1,1,1,1,1,1,1,1,1,1,1,1,1,1,1,1,1,1,1,1,1,1
80.41561904761906,80.55493877551021,55,59,1,1,1,1,1,1,1,1,1,1,1,1
228.39851882086168,228.5275124716553,67,57,1,1,1,1,1,1,1,1,1,1,1,1
248.32375283446711,248.7649319727891,40,54,1,1,1,1,1,1,1,1,1,1,1,1,1,1,1,1,1,1,1,1,1,1,1,1,1,1,1,1,1,1,1,1,1,1,1,1,1,1
145.8105501133787,146.06596961451248,48,54,1,1,1,1,1,1,1,1,1,1,1,1,1,1,1,1,1,1,1,1,1,1
69.14623764172336,69.4132671201814,48,57,1,1,1,1,1,1,1,1,1,1,1,1,1,1,1,1,1,1,1,1,1,1,1
69.82090022675737,70.0647097505669,29,58,1,1,1,1,1,1,1,1,1,1,1,1,1,1,1,1,1,1,1,1,1
174.45872879818594,175.26110113378687,60,52,1,1,1,1,1,1,1,1,1,1,1,1,1,1,1,1,1,1,0,0,1,1,1,1,1,1,1,1,1,1,1,1,1,1,1,1,1,1,1,1,1,1,1,1,1,1,1,1,1,1,1,1,1,1,1,1,1,1,1,1,1,1,1,1,1,1,1,1,1,1
222.75350204081633,222.90443174603175,72,60,1,1,1,1,1,1,1,1,1,1,1,1,1
30.17036961451247,30.611548752834466,57,58,1,1,1,1,1,1,1,1,1,1,1,1,1,1,1,1,1,1,1,1,1,1,1,1,1,1,1,1,1,1,1,1,1,1,1,1,1,1
132.68228843537415,133.1595814058957,40,49,1,1,1,1,1,1,1,1,1,1,1,1,1,1,1,1,1,1,1,1,1,1,1,1,1,1,1,1,1,1,1,1,1,1,1,1,1,1,1,1,1,1
227.93411972789116,228.08504943310658,48,58,1,1,1,1,1,1,1,1,1,1,1,0,0
224.34406893424037,224.5078925170068,72,59,1,1,1,1,1,1,1,1,1,1,1,1,1,1,1
53.0213179138322,53.230297505668936,60,53,0,1,1,1,1,1,1,1,1,1,1,1,1,1,1,1,1,1
100.61820861678004,100.92006802721087,48,58,1,1,1,1,1,1,1,1,1,1,1,1,1,1,1,1,1,1,1,1,1,1,1,1,1,1
4.8671482993197275,5.470867120181405,60,48,1,1,1,1,1,1,1,1,1,1,1,1,1,1,1,1,1,1,1,1,1,1,1,1,1,1,1,1,1,1,1,1,1,1,1,1,1,1,1,1,1,1,1,1,1,1,1,1,1,1,1,1
6.667978684807256,6.807298412698413,45,57,1,1,1,1,1,1,1,1,1,1,1,1
81.11221768707483,81.64756054421768,41,53,1,1,1,1,1,1,1,1,1,1,1,1,1,1,1,1,1,1,1,1,1,1,1,1,1,1,1,1,1,1,1,1,1,1,1,1,1,1,1,1,1,1,1,1,1,1,1
190.96806167800455,191.37441088435375,67,46,1,1,1,1,1,1,1,1,1,1,1,1,1,1,1,1,1,1,1,1,1,1,1,1,1,1,1,1,1,1,1,1,1,1,1
111.81793015873015,112.2126693877551,45,55,1,1,1,1,1,1,1,1,1,1,1,1,1,1,1,1,1,1,1,1,1,1,1,1,1,1,1,1,1,1,1,1,1,1
229.89748979591835,230.15290929705213,31,52,1,1,1,1,1,1,1,1,1,1,1,1,1,1,1,1,1,1,1,1,1,1
102.1868394557823,102.37259909297052,55,56,1,1,1,1,1,1,1,1,1,1,1,1,1,1,1,1
193.14041133786847,193.27973106575962,48,56,1,1,1,1,1,1,1,1,1,1,1,1
243.76879002267574,243.97776961451248,41,54,1,1,1,1,1,1,1,1,1,1,1,1,1,1,1,1,1,1
184.8921918367347,185.12439138321997,79,53,1,1,1,1,1,1,1,1,1,1,1,1,1,1,1,1,1,1,1,1
183.4164408163265,183.72991020408162,72,53,1,1,1,1,1,1,1,1,1,1,1,1,2,2,0,0,1,1,1,1,1,1,1,1,1,1,1
194.92963174603176,195.15022131519277,72,58,1,1,1,1,1,1,1,1,1,1,1,1,1,1,1,1,1,1,1
133.39178095238094,133.55432063492063,40,55,1,1,1,1,1,1,1,1,1,1,1,1,1,1
25.20905759637188,25.406427210884356,55,53,1,1,1,1,1,1,1,1,1,1,1,1,1,1,1,1,1
137.86419002267573,138.74654829931973,57,52,1,1,1,1,1,1,1,1,1,1,1,1,1,1,1,1,1,1,1,1,1,1,1,1,1,1,1,1,1,1,1,1,1,1,1,1,1,1,1,1,1,1,1,1,1,1,1,1,1,1,1,1,1,1,1,1,1,1,1,1,1,1,1,1,1,1,1,1,1,1,1,1,1,1,1,1
64.54611882086168,65.05695782312925,40,54,0,1,1,1,1,1,1,1,1,1,1,1,1,1,1,1,1,1,1,1,1,1,1,1,1,1,1,1,1,1,1,1,1,1,1,1,1,1,1,1,1,1,1,1
59.41065714285715,59.702190476190474,71,57,1,1,1,1,1,1,1,1,1,1,1,1,1,1,1,1,1,1,1,1,1,1,1,1,1,1
24.373139229024943,24.524068934240365,36,57,1,1,1,1,1,1,1,1,1,1,1,1,1
105.9974798185941,106.19484943310658,31,46,1,1,1,1,1,1,1,1,1,1,1,1,1,1,1,1,1
149.7140702947846,149.865,76,57,1,1,1,1,1,1,1,1,1,1,1,1,1
220.80174195011338,221.40546077097505,29,53,1,1,1,1,1,1,1,1,1,1,1,1,1,1,1,1,1,1,1,1,1,1,1,1,1,1,1,1,1,1,1,1,1,1,1,1,1,1,1,1,1,1,1,1,1,1,1,1,1,1,1,1
37.40723718820861,37.6626566893424,71,51,1,1,1,1,1,1,1,1,1,1,1,1,1,1,1,1,1,1,1,1,1,1
250.08846938775508,250.40322267573697,40,51,1,1,1,1,1,1,1,1,1,1,1,1,1,1,1,1,1,1,1,1,1,1,1,1,1,1,1,1
212.1226693877551,212.87860181405895,31,52,1,1,1,1,1,1,1,1,1,1,1,1,1,1,1,1,1,1,1,1,1,1,1,1,1,1,1,1,1,1,1,1,1,1,1,1,1,1,1,1,1,1,1,1,1,1,1,1,1,1,1,1,1,1,1,1,1,1,1,1,1,1,1,1,1,1
198.5416185941043,198.6822222222222,43,56,1,1,1,1,1,1,1,1,1,1,1,1,1
109.11023764172336,109.52948072562357,62,46,1,1,1,1,1,1,1,1,1,1,1,1,1,1,1,1,1,1,1,1,1,1,1,1,1,1,1,1,1,1,1,1,1,1,1,1,1
240.89984172335602,241.03916145124717,64,54,1,1,1,1,1,1,1,1,1,1,1,1
91.80110022675737,92.12617959183673,64,50,1,1,1,1,1,1,1,1,1,1,1,1,1,1,1,1,1,1,1,1,1,1,1,1,1,1,1,1
143.67303038548752,143.8704,48,53,1,1,1,1,1,1,1,1,1,1,1,1,1,1,1,1,1
203.79318004535148,204.24596916099773,40,53,1,1,1,1,1,1,1,1,1,1,1,1,1,1,1,1,1,1,1,1,1,1,1,1,1,1,1,1,1,1,1,1,1,1,1,1,1,1,1
34.88658820861678,35.10717777777778,64,48,1,1,1,1,1,1,1,1,1,1,1,1,1,1,1,1,1,1,1
86.27089931972789,87.025547845805,40,50,1,1,1,1,1,1,1,1,1,1,1,1,1,1,1,1,1,1,1,1,1,1,1,1,1,1,1,1,1,1,1,1,1,1,1,1,1,1,1,1,1,1,1,1,1,1,1,1,1,1,1,1,1,1,1,1,1,1,1,1,1,1,1,1,1
40.556108843537416,40.730258503401366,41,54,1,1,1,1,1,1,1,1,1,1,1,1,1,1,1
233.77779002267573,233.92871972789115,48,56,1,1,1,1,1,1,1,1,1,1,1,1,1
136.88766802721088,137.0385977324263,33,57,1,1,1,1,1,1,1,1,1,1,1,1,1
135.2854911564626,135.5641306122449,57,54,1,1,1,1,1,1,1,1,1,1,1,1,1,1,1,1,1,1,1,1,1,1,1,1
134.84302811791383,135.48286077097507,60,45,1,1,1,1,1,1,1,1,1,0,0,0,1,1,1,1,1,1,1,1,1,1,1,1,1,1,1,1,1,1,1,1,1,1,1,1,1,1,1,1,1,1,1,1,1,1,1,1,1,1,1,1,1,1,1,1
91.25414739229025,91.40636099773242,52,54,-2,1,1,1,1,1,1,2,2,1,0,0,0,0
93.22912743764172,93.48583083900226,45,43,1,1,1,1,1,1,1,1,1,1,1,0,0,0,1,1,1,1,1,1,1,1,1
42.832948299319725,43.123197732426306,48,52,1,1,1,1,1,1,1,1,1,1,1,1,1,1,1,1,1,1,1,1,1,1,1,1,1
81.251537414966,81.39085714285714,69,54,1,1,1,1,1,1,1,1,1,1,1,1
106.76373832199546,107.28747120181407,43,54,1,1,1,1,1,1,1,1,1,1,1,1,1,1,1,1,1,1,1,1,1,1,1,1,1,1,1,1,1,1,1,1,1,1,1,1,1,1,1,1,1,1,1,1,1,1
80.97289795918368,81.19348752834468,57,51,1,1,1,1,1,1,1,1,1,1,1,1,1,1,1,1,1,1,1
232.34847891156463,232.8373818594104,29,50,1,1,1,1,1,1,1,1,1,1,1,1,1,1,1,1,1,1,1,1,1,1,1,1,1,1,1,1,1,1,1,1,1,1,1,1,1,1,1,1,1,1,1
153.06031156462583,153.2925111111111,55,54,1,1,1,1,1,1,1,1,1,1,1,1,1,1,1,1,1,1,1,1
221.81180997732426,222.19493922902495,76,55,0,0,1,1,1,1,1,1,1,1,1,1,1,1,1,1,1,1,1,1,1,1,1,1,1,1,1,1,1,1,1,1,1
127.30430113378684,127.6293804988662,41,46,1,1,1,1,1,1,1,1,1,1,1,1,1,1,1,1,1,1,1,1,1,1,1,1,1,1,1,1
91.67339047619048,91.83593015873015,29,54,1,1,1,1,1,1,1,1,1,1,1,1,1,1
129.15157142857143,129.55792063492063,31,53,1,1,1,1,1,1,1,1,1,1,1,1,1,1,1,1,1,1,1,1,1,1,1,1,1,1,1,1,1,1,1,1,1,1,1
110.00548979591836,110.38861904761904,43,53,1,1,1,1,1,1,1,1,1,1,1,1,1,1,1,1,1,1,1,1,1,1,1,1,1,1,1,1,1,1,1,1,1
143.25507120181405,143.60337052154193,76,44,1,1,1,1,1,1,1,1,1,1,1,1,1,1,1,1,1,1,1,1,1,1,1,1,1,1,1,1,1,1
235.11422131519276,235.2883709750567,43,52,1,1,1,1,1,1,1,1,1,1,1,1,1,1,1
255.44452063492065,255.85086984126985,29,50,1,1,1,1,1,1,1,1,1,1,1,1,1,1,1,1,1,1,1,1,1,1,1,1,1,1,1,1,1,1,2,2,2,1,1
229.80460997732425,229.9439297052154,59,54,1,1,1,1,1,1,1,1,1,1,1,1
67.06676780045352,67.63694058956916,33,48,1,1,1,1,1,1,1,1,1,1,1,1,1,1,1,1,1,1,1,1,1,1,1,1,1,1,1,1,1,1,1,1,1,1,1,1,1,1,1,1,1,1,1,1,1,1,1,1,1,1
38.82493832199547,39.01069795918367,36,54,1,1,1,1,1,1,1,1,1,1,1,1,1,1,1,1
165.3165410430839,165.7925501133787,55,54,1,1,1,1,1,1,1,1,1,1,1,1,1,1,1,1,1,1,1,1,1,1,1,1,1,1,1,1,1,1,1,1,1,1,1,1,1,1,1,1,1
110.35378911564625,110.49310884353741,28,53,1,1,1,1,1,1,1,1,1,1,1,1
253.6436902494331,253.85266984126983,41,54,0,0,0,1,1,1,1,1,1,1,1,1,1,1,1,1,1,1
54.85697823129252,55.00790793650794,31,53,1,1,1,1,1,1,1,1,1,1,1,1,1
137.86419002267573,138.04994965986393,69,51,-5,1,1,1,1,1,1,1,1,1,1,1,1,1,1,1
230.78113197278913,231.0365514739229,41,54,1,1,1,1,1,1,1,1,1,1,1,1,1,1,1,1,1,1,1,1,1,1
157.2656911564626,157.46306077097506,57,48,1,1,1,1,1,1,1,1,1,1,1,1,1,1,1,1,1
27.9748,28.137339682539682,57,53,1,1,1,1,1,1,1,1,1,1,1,1,1,1
60.630988662131514,61.037337868480726,43,51,1,1,1,1,1,1,1,1,1,1,1,1,1,1,1,1,1,1,1,1,1,1,1,1,1,1,1,1,1,1,1,1,1,1,1
258.6050022675737,259.34804081632655,43,44,0,0,0,1,1,1,0,0,1,1,1,1,1,1,1,1,1,1,1,1,1,1,1,1,1,1,1,1,1,1,1,1,1,1,1,1,1,1,1,1,1,1,1,1,1,1,1,1,1,1,1,1,1,1,1,1,1,1,1,1,1,1,1,1
137.5275006802721,137.7480902494331,48,51,1,1,1,1,1,1,1,1,1,1,1,1,1,1,1,1,1,1,1
77.3131873015873,77.7440403628118,55,52,1,1,1,1,1,1,1,1,1,1,1,1,1,1,1,1,1,1,1,1,1,1,1,1,1,1,1,1,1,1,1,1,1,1,1,1,1,1
184.85736190476192,185.75133015873016,57,48,1,1,1,1,1,1,1,1,1,1,1,1,1,1,1,1,1,1,1,1,1,1,1,1,1,1,1,1,1,1,1,1,1,1,1,1,1,1,1,1,1,1,1,1,1,1,1,1,1,1,1,1,1,1,1,1,1,1,1,1,1,1,1,1,1,1,1,1,1,1,1,1,1,1,1,1,1
10.989458049886622,11.221657596371882,59,42,1,1,1,1,1,1,1,1,1,1,1,1,1,1,-1,-1,1,1,1,1
185.9254798185941,186.5640285714286,57,44,1,1,1,1,1,1,1,1,1,1,1,1,1,1,1,1,1,1,1,1,1,1,1,1,1,1,1,1,1,1,1,1,1,1,1,1,1,1,1,1,1,1,1,1,1,1,1,1,1,1,1,1,1,1,1
22.247229478458053,22.421379138321996,64,54,1,1,1,1,1,1,1,1,1,1,1,1,1,1,1
27.671656689342402,27.847090249433105,62,53,1,1,1,1,1,1,1,1,1,1,1,1,1,1,1,1
245.1748811791383,245.337420861678,76,52,1,1,1,1,1,1,1,1,1,1,1,1,1,1
157.66043038548753,158.05516961451247,52,46,1,1,1,1,1,1,1,1,1,1,1,1,1,1,1,1,1,1,1,1,1,1,1,1,1,1,1,1,1,1,1,1,1,1
16.391949206349206,16.891178231292518,64,48,1,1,1,1,1,1,1,1,1,1,1,1,1,1,1,1,1,1,1,1,1,1,1,1,1,1,1,1,1,1,1,1,1,1,1,1,1,1,1,1,1,1,1
236.72929206349207,236.99632154195012,60,41,1,1,1,1,1,1,1,1,1,1,-1,1,1,1,1,1,1,1,1,1,1,1,1
16.542878911564625,16.90278820861678,57,50,1,1,1,1,1,1,1,1,1,1,1,1,1,1,1,1,1,1,1,1,1,1,1,1,1,1,1,1,1,1,1
175.09856145124718,175.8416,64,46,1,1,1,1,1,1,1,1,1,1,1,1,1,1,1,1,1,1,1,1,1,1,1,1,1,1,1,1,1,1,1,1,1,1,1,1,1,1,1,1,1,1,1,1,1,1,1,1,1,1,1,1,1,1,1,1,1,1,1,1,1,1,1,1
38.16316961451247,38.314099319727895,64,51,1,1,1,1,1,1,1,1,1,1,1,1,1
62.80333832199547,62.942658049886624,81,52,1,1,1,1,1,1,1,1,1,1,1,1
136.40004897959184,136.65546848072563,79,48,1,1,1,1,1,1,1,1,1,1,1,1,1,1,1,1,1,1,1,1,1,1
175.44686077097506,175.95769977324264,59,48,1,1,1,1,1,1,1,1,1,1,1,1,1,1,1,1,1,1,1,1,1,1,1,1,1,1,1,1,1,1,1,1,1,1,1,1,1,1,1,1,1,1,1,1
60.54971882086168,61.55978684807256,67,43,1,1,1,1,1,1,1,1,1,1,1,1,1,1,1,1,1,1,1,1,1,1,1,1,1,1,1,1,1,1,1,1,1,1,1,1,1,1,1,1,1,1,1,1,1,1,1,1,1,1,1,1,1,1,1,1,1,1,1,1,1,1,1,1,1,1,1,1,1,1,1,1,1,1,1,1,1,1,1,1,1,1,1,1,1,1,1
81.14704761904763,81.43729705215421,45,50,1,1,1,1,1,1,1,1,1,1,1,1,1,1,1,1,1,1,1,1,1,1,1,1,1
206.8027319727891,207.0581514739229,31,50,1,1,1,1,1,1,1,1,1,1,1,1,1,1,1,1,1,1,1,1,1,1
30.20519954648526,30.35612925170068,41,49,1,1,1,1,1,1,1,1,1,1,1,1,1
28.78749841269841,28.926818140589567,60,53,1,1,1,1,1,1,1,1,1,1,1,1
15.775336507936508,15.962380045351473,74,51,1,1,1,1,1,1,1,1,1,1,1,1,1,1,1,1,1
28.044459863945576,28.520468934240363,64,43,1,1,1,1,1,1,1,1,1,1,1,1,1,1,1,1,1,1,1,1,1,1,1,1,1,1,1,1,1,1,1,1,1,1,1,1,1,1,1,1,1
60.154979591836735,60.38717913832199,43,52,1,1,1,1,1,1,1,1,1,1,1,1,1,1,1,1,1,1,1,1
184.08981950113377,184.38006893424034,72,51,1,1,1,1,1,1,1,1,1,1,1,1,1,1,1,1,1,1,1,1,1,1,1,1,1
119.10123764172336,119.2650612244898,31,51,1,1,1,1,1,1,1,1,1,1,1,1,1,1,1
174.05237959183674,174.2497492063492,60,44,1,1,1,1,1,1,1,1,1,1,1,1,1,1,1,1,1
131.21943129251702,131.53290068027212,31,51,1,1,1,1,1,1,1,1,1,1,1,1,1,1,1,1,1,1,1,1,1,1,1,1,1,1,1
257.18730113378683,257.40789070294784,76,49,1,1,1,1,1,1,1,1,1,1,1,1,1,1,1,1,1,1,1
235.9849696145125,236.12428934240364,76,36,1,1,1,1,1,1,1,1,1,1,1,1
142.60362857142857,142.78938820861677,43,48,0,0,0,1,1,1,1,1,1,1,1,1,1,1,1,1
193.0127015873016,193.27973106575962,64,46,1,1,1,1,1,1,1,1,1,1,1,1,1,1,1,1,1,1,1,1,1,1,1
240.5631523809524,240.70247210884355,36,51,1,1,1,1,1,1,1,1,1,1,1,1
153.08353151927437,153.24607120181406,40,53,1,1,1,1,1,1,1,1,1,1,1,1,1,1
243.36244081632654,244.01259954648526,53,46,1,1,1,1,1,1,1,1,1,1,1,1,1,1,1,1,1,1,1,1,1,1,1,1,1,1,1,1,1,1,1,1,1,1,1,1,1,1,1,1,1,1,1,1,1,1,1,1,1,1,1,1,1,1,1,1
72.84077823129252,73.95661995464852,31,46,1,1,1,1,1,1,1,1,1,1,1,1,1,1,1,1,1,1,1,1,1,1,1,1,1,1,1,1,1,1,1,1,1,1,1,1,1,1,1,1,1,1,1,1,1,1,1,1,1,1,1,1,1,1,1,1,1,1,1,1,1,1,1,1,1,1,1,1,1,1,1,1,1,1,1,1,1,1,1,1,1,1,1,1,1,1,1,1,1,1,1,1,1,1,1,1,1
235.47413061224492,235.70633015873017,64,48,1,1,1,1,1,1,1,1,1,1,1,1,1,1,1,1,1,1,1,1
51.23209750566893,51.72100045351474,69,47,1,1,1,1,1,1,1,1,1,1,1,1,1,1,1,1,1,1,1,1,1,1,1,1,1,1,1,1,1,1,1,1,1,1,1,1,1,1,1,1,1,1,1
186.29699909297054,186.59885850340137,53,50,1,1,1,1,1,1,1,1,1,1,1,1,1,1,1,1,1,1,1,1,1,1,1,1,1,1
45.260717460317466,45.620626757369614,65,50,1,1,1,1,1,1,1,1,1,1,1,1,1,1,1,1,1,1,1,1,1,1,1,1,1,1,1,1,1,1,1
78.66122857142858,78.84698820861678,36,50,1,1,1,1,1,1,1,1,1,1,1,1,1,1,1,1
72.96848798185941,73.23551746031745,55,49,1,1,1,1,1,1,1,1,1,1,1,1,1,1,1,1,1,1,1,1,1,1,1
172.63467845804988,172.87977188208615,41,44,1,1,1,1,1,1,1,1,1,1,1,1,1,1,1,1,1,1,1,1,1,1
48.39797913832199,49.187457596371885,62,46,1,1,1,1,1,1,1,1,1,1,1,1,1,1,1,1,1,1,1,1,1,1,1,1,1,1,1,1,1,1,1,1,1,1,1,1,1,1,1,1,1,1,1,1,1,1,1,1,1,1,1,1,1,1,1,1,1,1,1,1,1,1,1,1,1,1,1,1
26.54548888888889,26.719638548752833,36,49,1,1,1,1,1,1,1,1,1,1,1,1,1,1,1
5.203837641723355,5.459257142857143,72,50,1,1,1,1,1,1,1,1,1,1,1,1,1,1,1,1,1,1,1,1,1,1
239.77239002267572,240.21356916099774,62,47,1,1,1,1,1,1,1,1,1,1,1,1,1,1,1,1,1,1,1,1,1,1,1,1,1,1,1,1,1,1,1,1,1,1,1,1,1,1
31.644836734693875,31.959590022675734,62,50,1,1,1,1,1,1,1,1,1,1,1,1,1,1,1,1,1,1,1,1,1,1,1,1,1,1,1,1
174.36584897959182,174.53999863945577,79,50,1,1,1,1,1,1,1,1,1,1,1,1,1,1,1
215.17866122448982,215.3992507936508,36,51,1,1,1,1,1,1,1,1,1,1,1,1,1,1,1,1,1,1,1
199.70390022675736,199.90126984126982,47,50,1,1,1,1,1,1,1,1,1,1,1,1,1,1,1,1,1
87.00232789115647,87.23452743764173,69,40,1,1,1,1,1,1,1,1,1,1,1,1,1,1,1,1,1,1,1,1
107.86797006802722,108.01889977324264,38,50,1,1,1,1,1,1,1,1,1,1,1,1,1
76.82556825396826,76.9997179138322,43,49,1,1,1,1,1,1,1,1,1,1,1,1,1,1,1
59.82990022675737,59.96921995464852,43,50,1,1,1,1,1,1,1,1,1,1,1,1
47.537556916099774,47.67687664399093,72,49,1,1,1,1,1,1,1,1,1,1,1,1
149.42382086167802,149.85339002267574,60,42,1,1,1,1,1,1,1,1,1,1,1,1,1,1,1,1,1,1,1,1,1,1,1,1,1,1,1,1,1,1,1,1,1,1,1,1,1
192.3960888888889,192.62828843537415,31,49,0,2,2,2,0,0,0,0,0,0,0,0,0,2,2,1,1,1,1,1
40.52127891156463,40.75347845804989,64,43,1,1,1,1,1,1,1,1,1,1,1,1,1,1,1,1,1,1,1,1
84.73709841269842,84.87641814058956,55,50,1,1,1,1,1,1,1,1,1,1,1,1
173.63442040816327,173.8434,45,43,1,1,1,1,1,1,1,1,1,1,1,1,1,1,1,1,1,1
84.73709841269842,84.89963809523809,43,52,1,1,1,1,1,1,1,1,1,1,1,1,1,1
63.80308027210884,63.95400997732426,52,46,1,1,1,1,1,1,1,1,1,1,1,1,1
48.39797913832199,49.17584761904762,56,45,1,1,1,1,1,1,1,1,1,1,1,1,1,1,1,1,1,1,1,1,1,1,1,1,1,1,1,1,1,1,1,1,1,1,1,1,1,1,1,1,1,1,1,1,1,1,1,1,1,1,1,1,1,1,1,1,1,1,1,1,1,1,1,1,1,1,1
185.15922131519275,185.54235056689345,48,50,1,1,1,1,1,1,1,1,1,1,1,1,1,1,1,1,1,1,1,1,1,1,1,1,1,1,1,1,1,1,1,1,1
148.43568888888888,148.60983854875283,36,50,1,1,1,1,1,1,1,1,1,1,1,1,1,1,1
249.63568027210883,249.78660997732425,40,50,1,1,1,1,1,1,1,1,1,1,1,1,1
162.2605492063492,162.58562857142857,53,50,1,1,1,1,1,1,1,1,1,1,1,1,1,1,1,1,1,1,1,1,1,1,1,1,1,1,1,1
111.85276009070294,112.6538485260771,60,43,1,1,1,1,1,1,1,1,1,1,1,1,1,1,1,1,1,1,1,1,1,1,1,1,1,1,1,1,1,1,1,1,1,1,1,1,1,1,1,1,1,1,1,1,1,1,1,1,1,1,1,1,1,1,1,1,1,1,1,1,1,1,1,1,1,1,1,1,1
62.884608163265305,63.058757823129255,31,49,2,1,1,1,1,1,1,1,1,1,1,1,1,1,1
184.12464943310655,184.67031836734694,57,46,1,1,1,1,1,1,1,1,1,1,1,1,1,1,1,1,1,1,1,1,1,1,1,1,1,1,1,1,1,1,1,1,1,1,1,1,1,1,1,1,1,1,1,1,1,1,1
76.9648879818594,77.10420770975057,48,51,1,1,1,1,1,1,1,1,1,1,1,1
256.40943265306123,256.59519229024943,43,49,1,1,1,1,1,1,1,1,1,1,1,1,1,1,1,1
28.346319274376416,28.543688888888887,60,50,1,1,1,1,1,1,1,1,1,1,1,1,1,1,1,1,1
71.34180725623584,71.49273696145126,43,50,1,1,1,1,1,1,1,1,1,1,1,1,1
17.937360090702946,18.111509750566892,29,46,1,1,1,1,1,1,1,1,1,1,1,1,1,1,1
30.58832879818594,30.8205283446712,53,43,1,1,1,1,1,1,1,1,1,1,1,1,1,1,1,1,1,1,1,1
152.57140861678005,152.88487800453515,74,49,1,1,1,1,1,1,1,1,1,1,1,1,1,1,1,1,1,1,1,1,1,1,1,1,1,1,1
260.03302947845805,260.2187891156463,48,50,1,1,1,1,1,1,1,1,1,1,1,1,1,1,1,1
108.20465941043085,108.51812879818594,59,45,1,1,1,1,1,1,1,1,1,1,1,1,1,1,1,1,1,1,1,1,1,1,1,1,1,1,1
91.19609750566893,91.34702721088435,71,45,0,0,1,1,1,1,1,1,1,1,1,1,1
82.92465804988662,83.06397777777778,43,49,1,1,1,1,1,1,1,1,1,1,1,1
255.00334149659864,255.14266122448976,72,40,1,1,1,1,1,1,1,1,1,1,0,0
153.21124126984125,153.53632063492063,59,48,1,1,1,1,1,1,1,1,1,1,1,1,1,1,1,1,1,1,1,1,1,1,1,1,1,1,1,1
257.8722897959184,258.03482947845805,36,49,1,1,1,1,1,1,1,1,1,1,1,1,1,1
90.67364852607709,90.90584807256235,33,48,2,2,2,2,2,2,2,1,1,1,1,1,1,1,1,1,1,1,1,1
253.6088603174603,253.8410598639456,48,49,1,1,1,1,1,1,1,1,1,1,1,1,1,1,1,1,1,1,1,1
149.4354308390023,149.8417800453515,64,47,1,1,1,1,1,1,1,1,1,1,1,1,1,1,1,1,1,1,1,1,1,1,1,1,1,1,1,1,1,1,1,1,1,1,1
173.8666199546485,174.14525941043084,53,44,1,1,1,1,1,1,1,1,1,1,1,1,1,1,1,1,1,1,1,1,1,1,1,1
230.49088253968256,230.74630204081635,76,43,0,1,1,1,1,1,1,1,1,1,1,1,1,1,1,1,1,1,1,1,1,1
259.3596507936508,259.51058049886626,64,46,1,1,1,1,1,1,1,1,1,1,1,1,1
159.14779138321998,159.2987210884354,60,47,1,1,1,1,1,1,1,1,1,1,1,1,1
123.43561088435375,123.81874013605443,48,45,1,1,1,1,1,1,1,1,1,1,1,1,1,1,1,1,1,1,1,1,1,1,1,1,1,1,1,1,1,1,1,1,1
152.32759909297053,152.50174875283446,64,45,1,1,1,1,1,1,1,1,1,1,1,1,1,1,1
259.3016009070295,259.61507029478463,55,48,1,1,1,1,1,1,1,1,1,1,1,1,1,1,1,1,1,1,1,1,1,1,1,1,1,1,1
38.10511972789116,38.34892925170068,48,47,1,1,1,1,1,1,1,1,1,1,1,1,1,1,1,1,1,1,1,1,1
26.336509297052153,26.568708843537415,67,47,1,1,1,1,1,1,1,1,1,1,1,1,1,1,1,1,1,1,1,1
63.4534970521542,63.65215056689342,76,44,1,1,1,1,1,1,1,1,1,1,1,1,1,1,1,1,1,1
185.40303083900227,185.78616009070296,60,45,1,1,1,1,1,1,1,1,1,1,1,1,1,1,1,1,1,1,1,1,1,1,1,1,1,1,1,1,1,1,1,1,1
22.16595963718821,22.305279365079365,48,48,1,1,1,1,1,1,1,1,1,1,1,1
34.933028117913835,35.10717777777778,55,44,1,1,1,1,1,1,1,1,1,1,1,1,1,1,1
4.6813886621315195,4.91358820861678,57,39,1,1,1,1,1,1,1,1,1,1,1,1,1,1,1,1,1,1,1,1
62.68723854875284,62.9194380952381,78,44,1,1,1,1,1,1,1,1,1,1,1,1,1,1,1,1,1,1,1,1
26.32489931972789,26.766078458049886,43,44,1,1,1,1,1,1,1,1,1,1,1,1,1,1,1,1,1,1,1,1,1,1,1,1,1,1,1,1,1,1,1,1,1,1,1,1,1,1
243.36244081632654,243.60625034013606,41,49,1,1,1,1,1,1,1,1,1,1,1,1,1,1,1,1,1,1,1,1,1
185.72811020408164,186.06479954648526,45,40,1,1,1,1,1,1,1,1,1,1,1,1,1,1,1,1,1,1,1,1,1,1,1,1,1,1,1,1,1
32.31949931972789,32.76067845804989,53,38,1,1,1,1,1,1,1,1,1,1,1,1,1,1,1,1,1,1,1,1,1,1,1,1,1,1,1,1,1,1,1,1,1,1,1,1,1,1
136.4464888888889,136.62063854875285,69,42,1,1,1,1,1,1,1,1,1,1,1,1,1,1,1
44.7150485260771,44.854368253968254,29,47,1,1,1,1,1,1,1,1,1,1,1,1
36.64097868480725,36.79190839002267,64,48,1,1,1,1,1,1,1,1,1,1,1,1,1
213.04114149659864,213.1804612244898,48,46,1,1,1,1,1,1,1,1,1,1,1,1
68.12455963718821,68.3451492063492,71,45,1,1,1,1,1,1,1,1,1,1,1,1,1,1,0,1,1,1,1
90.20924943310656,90.39500907029478,33,47,1,1,1,1,1,1,1,1,1,1,1,1,1,1,1,1
142.29015918367347,142.60362857142857,76,46,1,1,1,1,1,1,1,1,1,1,1,1,1,1,1,1,1,1,1,1,1,1,1,1,1,1,1
219.56980045351472,219.81360997732426,41,48,1,1,1,1,1,1,1,1,1,1,1,1,1,1,1,1,1,1,1,1,1
80.93806802721089,81.2167074829932,67,44,1,1,1,1,1,1,1,1,1,1,1,1,1,1,1,1,1,1,1,1,1,1,1,1
108.23948934240363,108.48329886621316,43,47,1,1,1,1,1,1,1,1,1,1,1,1,1,1,1,1,1,1,1,1,1
184.1130394557823,184.72836825396826,60,43,1,1,1,1,1,1,1,1,1,1,1,1,1,1,1,1,1,1,1,1,1,1,1,1,1,1,1,1,1,1,1,1,1,1,1,1,1,1,1,1,1,1,1,1,1,1,1,1,1,1,1,1,1
189.167231292517,189.30655102040816,43,46,1,1,1,1,1,1,1,1,1,1,1,1
257.106031292517,257.2453510204082,59,45,1,1,1,1,1,1,1,1,1,1,1,1
174.36584897959182,174.58643854875282,76,43,1,1,1,1,1,1,1,1,1,1,1,1,1,1,1,1,1,1,1
259.44092063492064,259.60346031746036,31,45,1,1,1,1,1,1,1,1,1,1,1,1,1,1
123.47044081632653,123.667810430839,55,47,1,1,1,1,1,1,1,1,1,1,1,1,1,1,1,1,1
15.997209977324264,16.194579591836735,36,44,1,1,1,1,1,1,1,1,1,1,1,1,1,1,1,1,1
63.0123179138322,63.25612743764172,52,45,1,1,1,1,1,1,1,1,1,1,1,1,1,1,1,1,1,1,1,1,1
153.1648013605442,153.30412108843535,31,46,1,1,1,1,1,1,1,1,1,1,1,1
63.745030385487524,63.95400997732426,79,39,1,1,1,1,1,1,1,1,1,1,1,1,1,1,1,1,1,1
185.21727120181407,185.48430068027213,53,39,1,1,1,1,1,1,1,1,1,1,1,1,1,1,1,1,1,1,1,1,1,1,1
258.2321990929705,258.38441269841275,43,44,1,1,1,1,1,1,1,1,1,1,1,1,1,1
153.0719215419501,153.26929115646257,64,47,1,1,1,1,1,1,1,1,1,1,1,1,1,1,1,1,1
198.69383219954648,199.04213151927436,64,43,1,1,1,1,1,1,1,1,1,1,1,1,1,1,1,1,1,1,1,1,1,1,1,1,1,1,1,1,1,1
19.620806802721088,19.853006349206346,67,44,1,1,1,1,1,1,1,1,1,1,1,1,1,1,1,1,1,1,1,1
9.502097052154195,9.653026757369615,52,34,-1,1,1,1,1,1,1,3,1,1,1,1,1
98.12077959183674,98.32975918367347,72,40,1,1,1,1,1,1,1,1,1,1,1,1,1,1,1,1,1,1
170.43910884353744,170.5784285714286,54,46,-1,-1,0,0,0,1,1,1,2,2,2,2
250.93728163265308,251.07660136054423,74,44,1,1,1,1,1,1,-5,-5,-5,-5,-5,-5
48.50246893424036,48.72305850340136,28,46,1,1,1,1,1,1,1,1,1,1,1,1,1,1,1,1,1,1,1
134.0651596371882,134.39023900226755,55,39,1,1,1,1,1,1,1,1,1,1,1,1,1,1,1,1,1,1,1,1,1,1,1,1,1,1,1,1
107.87958004535147,108.05372970521543,43,46,1,1,1,1,1,1,1,1,1,1,1,1,1,1,1
200.42371882086167,200.6326984126984,59,44,1,1,1,1,1,1,1,1,1,1,1,1,1,1,1,1,1,1
77.54667074829932,77.69760045351474,64,45,1,1,1,1,1,1,1,1,1,1,1,1,1
104.40562902494331,104.57977868480725,53,43,0,-2,-2,1,1,1,1,1,1,1,1,1,1,1,1
253.59725034013604,253.8410598639456,64,42,1,1,1,1,1,1,1,1,1,1,1,1,1,1,1,1,1,1,1,1,1
39.6608566893424,39.789850340136056,57,40,1,1,1,1,1,1,1,1,1,1,1,1
174.33101904761904,174.6212684807256,69,41,1,1,1,1,-5,-5,-5,-5,-5,-5,-5,-5,-5,-5,1,1,-5,-5,-5,-5,-5,-5,-5,-5,1
70.9122380952381,71.08638775510205,29,44,1,1,1,1,1,1,1,1,1,1,1,1,1,1,1
136.87605804988664,137.0153777777778,79,45,1,1,1,1,1,1,1,1,1,1,1,1
62.664018594104306,62.95426802721089,59,41,0,1,1,1,1,1,1,1,1,1,1,1,1,1,1,1,1,1,1,1,1,1,1,1,1
135.4015909297052,135.57574058956916,69,45,1,1,1,1,1,1,1,1,1,1,1,1,1,1,1
111.95724988662131,112.41003900226757,57,42,1,1,1,1,1,1,1,1,1,1,1,1,1,1,1,1,1,1,1,1,1,1,1,1,1,1,1,1,1,1,1,1,1,1,1,1,1,1,1
131.7534902494331,131.89280997732428,31,45,0,0,1,1,1,1,1,1,1,1,1,1
257.50077052154194,257.6749201814059,43,42,1,1,1,1,1,1,1,1,1,1,1,1,1,1,1
135.88920997732427,136.17945941043084,57,41,1,1,1,1,1,1,1,1,1,1,1,1,1,1,1,1,1,1,1,1,1,1,1,1,1
184.1130394557823,184.35684897959183,64,44,1,1,1,1,1,1,1,1,1,1,1,1,1,1,1,1,1,1,1,1,1
250.04202947845803,250.25100907029477,67,37,1,1,1,1,1,1,1,1,1,1,1,1,1,1,1,1,1,1
228.015389569161,228.2011492063492,33,37,1,0,0,0,1,1,1,1,1,1,1,1,1,1,1,1
104.41723900226758,104.64943854875284,41,37,1,1,1,1,1,1,1,1,1,1,1,1,1,1,1,1,1,1,1,1
137.98028979591837,138.1892693877551,53,42,1,1,1,1,1,1,1,1,1,1,1,1,1,1,1,1,1,1
227.6438702947846,227.81801995464852,33,44,1,1,1,1,1,1,1,1,1,1,1,1,1,1,1
224.94907165532882,225.2973709750567,40,42,1,1,1,1,1,1,1,1,1,1,1,1,1,1,1,1,1,1,1,1,1,1,1,1,1,1,1,1,1,1
122.76094829931972,122.9583179138322,36,44,1,1,1,1,1,1,1,1,1,1,1,1,1,1,1,1,1
51.464297052154194,51.63844671201814,29,44,1,1,1,1,1,1,1,1,1,1,1,1,1,1,1
26.905398185941042,27.19564761904762,36,41,1,1,1,1,1,1,1,1,1,1,1,1,1,1,1,1,1,1,1,1,1,1,1,1,1
48.60695873015873,48.79271836734694,67,43,1,1,1,1,1,1,1,1,1,1,1,1,1,1,1,1
92.7298984126984,92.93887800453514,45,38,1,1,1,1,1,1,1,1,1,1,1,1,1,1,1,1,1,1
256.4674825396825,256.6532421768708,36,41,1,1,1,1,1,1,1,1,1,1,1,1,1,1,1,1
68.07811972789116,68.24065941043084,31,43,1,1,1,1,1,1,1,1,1,1,0,0,0,0
140.7215283446712,140.976947845805,59,38,1,1,1,1,1,1,1,1,1,1,1,1,1,1,1,1,1,1,1,1,1,1
231.3848507936508,231.52417052154195,29,42,1,1,1,1,1,1,1,1,1,1,1,1
70.50588888888889,70.73808843537415,29,37,1,1,1,1,1,1,1,1,1,1,1,1,1,1,1,1,1,1,1,1
42.17117959183673,42.34532925170068,48,39,1,1,1,1,1,1,1,1,1,1,1,1,1,1,1
124.34118911564626,124.52694875283447,36,42,1,1,1,1,1,1,1,1,1,1,1,1,1,1,1,1
190.3630589569161,190.52559863945578,72,38,1,1,1,1,1,1,1,2,2,2,2,1,1,1
13.62620680272109,13.777136507936508,62,40,1,1,1,1,1,1,1,1,1,1,1,1,1
174.3774589569161,174.57482857142855,64,40,1,1,1,1,1,1,1,1,1,1,1,1,1,1,1,1,1
56.93644807256236,57.07576780045351,41,41,1,1,1,1,1,1,1,1,1,1,1,1
63.80308027210884,63.95400997732426,43,38,1,1,1,1,1,1,1,1,1,1,1,1,1
257.84906984126985,257.98838956916103,62,40,1,1,1,1,1,1,1,1,1,1,1,1
199.10018140589568,199.23950113378683,55,37,1,1,1,1,1,1,1,1,1,1,1,1
55.937990022675734,56.07730975056689,67,38,1,1,1,1,1,1,1,1,1,1,1,1
29.147407709750567,29.333167346938776,53,33,1,1,1,1,1,1,1,1,0,0,0,0,1,1,1,1
82.92465804988662,83.06397777777778,62,38,1,1,1,1,1,1,1,1,1,1,1,1
81.07738775510205,81.30958730158731,53,36,1,1,1,1,1,1,1,1,1,1,1,1,1,1,1,1,1,1,1,1
257.21052108843537,257.3730607709751,64,40,1,1,1,1,1,1,1,1,1,1,1,1,1,1
174.06398956916098,174.2149192743764,64,37,1,1,1,1,1,1,1,1,1,1,1,1,1
