stem,start_seconds,end_seconds,mfcc_1_mean,mfcc_1_std,mfcc_2_mean,mfcc_2_std,mfcc_3_mean,mfcc_3_std,mfcc_4_mean,mfcc_4_std,mfcc_5_mean,mfcc_5_std,mfcc_6_mean,mfcc_6_std,mfcc_7_mean,mfcc_7_std,mfcc_8_mean,mfcc_8_std,mfcc_9_mean,mfcc_9_std,mfcc_10_mean,mfcc_10_std,mfcc_11_mean,mfcc_11_std,mfcc_12_mean,mfcc_12_std,mfcc_13_mean,mfcc_13_std,chroma_0,chroma_1,chroma_2,chroma_3,chroma_4,chroma_5,chroma_6,chroma_7,chroma_8,chroma_9,chroma_10,chroma_11,rms_mean,rms_std,spectral_centroid_mean,spectral_centroid_std,spectral_bandwidth_mean,spectral_bandwidth_std,spectral_rolloff_mean,spectral_rolloff_std,zero_crossing_rate_mean,zero_crossing_rate_std,spectral_contrast_0_mean,spectral_contrast_0_std,spectral_contrast_1_mean,spectral_contrast_1_std,spectral_contrast_2_mean,spectral_contrast_2_std,spectral_contrast_3_mean,spectral_contrast_3_std,spectral_contrast_4_mean,spectral_contrast_4_std,spectral_contrast_5_mean,spectral_contrast_5_std,spectral_contrast_6_mean,spectral_contrast_6_std
original_mix,0.0,5.0,-159.91607666015625,57.947566986083984,113.12957763671875,55.66592025756836,-19.601669311523438,20.82723045349121,41.88642120361328,30.490459442138672,-25.32871437072754,22.810287475585938,11.519404411315918,16.438465118408203,-27.656139373779297,11.043904304504395,0.9489306807518005,10.500136375427246,-17.9438533782959,10.884422302246094,-12.87969970703125,12.36150074005127,-19.934707641601562,10.566292762756348,-5.887398719787598,9.650038719177246,-13.298395156860352,6.846977233886719,0.3907158672809601,0.4332057237625122,0.45057007670402527,0.44990333914756775,0.43193066120147705,0.36433300375938416,0.35929250717163086,0.45816871523857117,0.4521569311618805,0.41352182626724243,0.42892569303512573,0.36311379075050354,0.14741107947225499,0.07511288356631356,3672.3831632972883,2137.6620092345497,3397.141695519962,631.4472117739118,6773.2165838892115,3102.6384070603804,0.09801538029292343,0.10512277781485496,14.152875887804125,6.801838752394678,12.602867043639385,4.9938692571572485,14.884720645213912,4.201103891370485,15.088545653881088,4.041683168616444,17.33363101671123,3.644775335888504,20.266778083181418,5.3247537984887465,44.10057801407756,6.06154737715315
original_mix,2.5,7.5,-193.19261169433594,66.69661712646484,110.39878845214844,52.841575622558594,-18.61490821838379,23.285917282104492,41.48423767089844,32.9184455871582,-15.126874923706055,23.558856964111328,10.120797157287598,16.6926326751709,-23.97365951538086,12.802558898925781,-1.4206018447875977,10.25442886352539,-14.824021339416504,10.02554988861084,-8.304244995117188,11.128952980041504,-15.078635215759277,10.663887977600098,-5.17325496673584,8.178003311157227,-12.725581169128418,7.488996505737305,0.38723695278167725,0.490873247385025,0.5154286026954651,0.40196070075035095,0.37703248858451843,0.37719181180000305,0.42418497800827026,0.41539862751960754,0.42300471663475037,0.43490055203437805,0.32573941349983215,0.3297653794288635,0.1223711416064794,0.08039210994712143,3448.632152217533,1991.7131168800547,3341.7673538418844,584.6041711735712,6445.172473172854,2910.4723649883063,0.0868313605713457,0.09703867380414169,15.374259732788433,8.368739282188896,13.378345482372858,5.244571179342113,15.048109284576316,4.362420367536544,16.297372180491244,4.299295177467223,16.918764896713512,3.5553192705350387,19.453143549417963,4.104519627066715,42.44029180120819,6.3729532948038425
original_mix,5.0,10.0,-212.1625213623047,72.198974609375,127.16413879394531,45.59513473510742,-20.28036117553711,23.76662254333496,29.97138214111328,33.601619720458984,-7.020920753479004,21.633230209350586,6.351278305053711,15.074638366699219,-20.13324546813965,12.727004051208496,-3.532165288925171,10.59792423248291,-14.648244857788086,11.109559059143066,-8.436685562133789,9.28543758392334,-12.411454200744629,9.478878021240234,-5.40369987487793,7.906444549560547,-12.365663528442383,7.7871198654174805,0.2892119288444519,0.38829997181892395,0.4905065894126892,0.4538705348968506,0.4065890908241272,0.3259124755859375,0.3190034329891205,0.414028525352478,0.36102598905563354,0.3622492253780365,0.31268927454948425,0.28957897424697876,0.1030440458924166,0.07944112443746736,2886.2622401619487,1662.1170610129814,3103.247088216725,770.9887127510693,5484.821590414733,2994.378891403153,0.0658171403712297,0.06381993446281459,14.489369372476528,8.117759075638995,13.4900353940132,4.554819077811745,16.336996302465135,4.521140324216952,17.40092736768655,3.9552505482750435,16.711928367427106,3.119524804066802,19.384954277355266,3.4914688939283263,39.77338501120485,6.631174614426081
original_mix,7.5,12.5,-213.8622589111328,66.17146301269531,144.39866638183594,44.772979736328125,-17.759902954101562,23.288986206054688,27.055908203125,29.38104820251465,-8.405418395996094,21.890024185180664,6.221333026885986,16.97148895263672,-20.940813064575195,12.862439155578613,-0.3598583936691284,11.300536155700684,-13.991626739501953,11.576837539672852,-10.895543098449707,8.893789291381836,-13.853001594543457,10.021000862121582,-3.9110639095306396,8.840251922607422,-12.558194160461426,8.096348762512207,0.28410160541534424,0.3104061782360077,0.4560216963291168,0.4745200574398041,0.4834946393966675,0.3574894368648529,0.2738455533981323,0.42922917008399963,0.38655516505241394,0.2756209373474121,0.2578680217266083,0.3128977119922638,0.11220780489512497,0.07813395506335134,2583.844634886995,1632.0589363988006,2990.5087436545323,878.8414317763945,4870.400866444315,3230.1483141236868,0.05652167017111369,0.05586214410685841,14.491380759063894,6.409918570473365,13.529754508037357,4.699761149059234,16.91017299576774,4.223673337531168,17.38492720435348,4.131944955874427,16.74618757507973,3.0276141322059855,19.364978624180797,3.774978268355347,38.97534467635285,6.013197872889397
original_mix,10.0,15.0,-206.59393310546875,63.468624114990234,143.2181396484375,46.96068572998047,-17.759443283081055,24.645261764526367,36.1471061706543,25.942537307739258,-6.151728630065918,20.195083618164062,12.201269149780273,17.318517684936523,-18.95878791809082,13.752259254455566,0.1440511792898178,11.051980018615723,-11.822481155395508,11.599336624145508,-8.76351547241211,10.58613395690918,-9.512655258178711,10.430261611938477,-3.321793794631958,8.64697551727295,-12.596223831176758,8.87695598602295,0.35312625765800476,0.41939419507980347,0.5217527151107788,0.49904999136924744,0.4238215386867523,0.3255848288536072,0.314259797334671,0.4251560866832733,0.37493762373924255,0.34963592886924744,0.3564809262752533,0.3704865276813507,0.11187728332342653,0.06833881990509841,2622.2786944245127,1641.919742156265,2988.4189998315205,749.6004378071984,4840.424249564965,3025.2237296667145,0.06060918467227378,0.06538353493218045,15.788854950003742,6.316808619105084,12.585945397491932,4.644215629976038,15.849709073516815,3.8501832037026036,16.90245234245794,4.160214464891249,16.378073754916038,2.8999506951420386,19.297817761847828,4.278747670247734,39.99278728408368,6.0332679295725855
original_mix,12.5,17.5,-186.7465362548828,63.432376861572266,137.75567626953125,47.5474739074707,-19.761951446533203,21.196975708007812,45.130638122558594,21.169002532958984,-7.57394552230835,18.547147750854492,19.445093154907227,15.121526718139648,-13.299138069152832,12.900699615478516,0.5426031351089478,10.864869117736816,-11.37121868133545,11.817770957946777,-2.469252347946167,10.836338996887207,-6.583409309387207,8.686132431030273,0.45853370428085327,8.07748794555664,-8.606734275817871,8.689021110534668,0.3610009551048279,0.41548508405685425,0.49273744225502014,0.4541352093219757,0.44607624411582947,0.3389545977115631,0.3482060134410858,0.5350220799446106,0.40271300077438354,0.3265893757343292,0.3430216610431671,0.387378454208374,0.10520938750607094,0.05466245138143905,2946.3383419490706,1905.8313026165383,3081.621096680389,687.3496563273267,5532.434450224768,3093.144396839721,0.0746039370649652,0.08551500146231882,16.350443703121726,6.498436854123347,11.247352983589085,3.7578498509102016,15.943339563420155,3.760417160531223,17.063936359742666,4.035531882524961,16.076410054252776,2.832792387844782,17.693966030552406,4.032498775025617,41.389505171590955,5.939907473845168
original_mix,15.0,20.0,-178.43641662597656,57.69584655761719,140.03256225585938,43.480804443359375,-19.094524383544922,15.435632705688477,46.70969009399414,19.282255172729492,-7.4618353843688965,17.723697662353516,20.078197479248047,12.88870620727539,-10.205028533935547,12.315628051757812,0.8629838824272156,10.17515754699707,-8.38242244720459,11.222394943237305,-0.38796696066856384,9.565572738647461,-4.892422199249268,8.855356216430664,1.913120150566101,6.668260097503662,-5.295953750610352,7.506045818328857,0.33132505416870117,0.35770657658576965,0.4957759380340576,0.42051056027412415,0.4115571677684784,0.32143160700798035,0.3551170527935028,0.6421837210655212,0.4277993142604828,0.28036755323410034,0.2916968762874603,0.36332079768180847,0.10853242583728445,0.06255799227399905,2909.600132022042,1864.4660994438711,3100.5919793532535,664.3866475311996,5627.760091901102,2921.224065439533,0.07144540313225058,0.08406186346601921,16.4281263288052,5.517555111322058,11.237696311387797,3.9827041341695955,16.625056112025323,3.7945042413585828,17.751384499237474,3.709287468011046,16.042490853353243,2.6309012556279368,17.03675212563023,2.556959432535209,41.593586095601914,5.5517620450543665
original_mix,17.5,22.5,-185.13673400878906,53.40425491333008,144.3518829345703,34.99004364013672,-14.513911247253418,15.575986862182617,37.928955078125,21.170467376708984,-1.6903883218765259,16.955968856811523,12.813823699951172,12.203722953796387,-5.882031440734863,10.977605819702148,-0.7870678305625916,10.32564926147461,-4.880183219909668,9.783220291137695,-1.923491358757019,9.239730834960938,-2.6724929809570312,7.734305381774902,0.3700540065765381,6.476540565490723,-4.232544422149658,7.054467678070068,0.3076746165752411,0.4162690341472626,0.6041767001152039,0.44466233253479004,0.2951633334159851,0.25964632630348206,0.40112072229385376,0.5495228171348572,0.4027523100376129,0.3785231411457062,0.32101237773895264,0.3079952895641327,0.10977754468776788,0.07723388214033818,2518.3789910268074,1515.1465819044718,2965.6358175095,606.4795433565985,4991.956047890081,2488.1419633633536,0.0553797038138051,0.065476588208159,16.60634295542131,5.41405703758471,11.7506010289218,4.44675467753765,15.905370530210142,3.8543878764826354,17.56201082045276,4.158667444234469,16.08749590258736,2.6164363861900077,17.096336856632025,2.8457092408415874,40.65233346864415,4.602922603701125
original_mix,20.0,25.0,-185.78990173339844,50.686988830566406,143.4238739013672,36.52675247192383,-17.325368881225586,15.939468383789062,37.98386001586914,24.491870880126953,-0.9615046381950378,15.525720596313477,11.2837495803833,10.805794715881348,-5.273684501647949,10.183841705322266,-0.29272425174713135,9.778741836547852,-3.6940906047821045,8.76661491394043,-1.1455185413360596,8.281331062316895,-3.5567636489868164,7.053560733795166,0.9032668471336365,6.545456409454346,-2.865269184112549,7.090169429779053,0.29285097122192383,0.3478665351867676,0.47148776054382324,0.428518146276474,0.4205198287963867,0.3123492896556854,0.42242664098739624,0.46269237995147705,0.3416256606578827,0.35800299048423767,0.3442266583442688,0.40581369400024414,0.10402573982206133,0.07694214853410311,2516.307313194851,1388.674752760017,2934.584322533691,588.0365276424585,4966.126196345707,2313.42444724253,0.057778059744779585,0.062252755879570146,16.581745805284747,5.451021545330411,11.606952574351473,4.479571915191181,15.768140119083812,3.977804635479063,17.500558331557258,3.9899060536673376,15.880773878107453,2.609363708336273,16.763047710192193,2.7482573960806826,40.50374535360824,4.982668751780647
original_mix,22.5,27.5,-177.72674560546875,52.514976501464844,144.9935760498047,38.21113967895508,-18.94672393798828,17.98421287536621,39.318260192871094,23.089515686035156,-2.290959596633911,16.05459976196289,15.483219146728516,12.931653022766113,-9.871493339538574,12.061687469482422,0.21434520184993744,10.309674263000488,-5.769745349884033,8.932489395141602,-1.778346061706543,9.056792259216309,-6.1371989250183105,7.8801774978637695,-0.547752857208252,7.993958950042725,-5.811269760131836,8.710478782653809,0.34237897396087646,0.3125346899032593,0.3699060082435608,0.3759714663028717,0.4094817340373993,0.29544898867607117,0.3391776978969574,0.48505857586860657,0.3557160794734955,0.27520719170570374,0.3066347539424896,0.4461978077888489,0.12659049036711661,0.0862129380102197,2569.669695208881,1471.4198451555956,2966.835216531283,706.8704354200651,5014.288627465197,2671.50464032048,0.05845213710846868,0.06001499222482299,16.168814057318937,5.471617891248679,12.286209345796582,4.893419560921479,17.172345576127242,4.305968436640716,18.527820672811714,4.064514675556442,16.67966883031227,3.0706867109115987,17.54938263016744,3.062648112842467,41.058174685266486,5.102280343401009
original_mix,25.0,30.0,-168.7167510986328,54.11290740966797,142.01620483398438,41.02303695678711,-19.873083114624023,20.271268844604492,41.34452819824219,19.443078994750977,-6.78346586227417,16.55691909790039,16.547771453857422,13.625326156616211,-12.477033615112305,12.206107139587402,1.1896326541900635,10.26034164428711,-8.018089294433594,11.587347030639648,-1.5683971643447876,11.0750732421875,-6.475019454956055,9.020854949951172,-1.0114558935165405,8.052033424377441,-7.719907760620117,8.445141792297363,0.34901389479637146,0.3952903747558594,0.4900462329387665,0.3571854531764984,0.2538064122200012,0.21182243525981903,0.30118614435195923,0.5062044262886047,0.389675110578537,0.3542954921722412,0.2827014625072479,0.3484233617782593,0.13878839133683324,0.08747137951546839,2755.391933151222,1681.8077167245613,3068.7345430728105,729.6658208345586,5345.13055575696,2903.523193197719,0.06515212623259861,0.0721917178307703,15.807941199768177,5.058241466595463,12.826050930646149,4.935300805803765,17.65509813372495,4.288522023467992,18.754446086353624,4.034793420262972,16.81073862891323,3.0646439259016356,17.70599436768849,3.0123149201781456,41.621515774980885,5.288831346510835
original_mix,27.5,32.5,-170.07598876953125,48.12416458129883,140.60183715820312,37.60798263549805,-22.407344818115234,17.883325576782227,50.470272064208984,19.746023178100586,-10.828295707702637,13.932060241699219,16.943572998046875,10.404516220092773,-12.888980865478516,11.28015422821045,2.587601661682129,8.665515899658203,-8.475030899047852,11.118040084838867,1.296310544013977,10.204741477966309,-4.869473934173584,8.725923538208008,0.9707284569740295,6.657383918762207,-6.176013946533203,7.716756820678711,0.3277183175086975,0.40361231565475464,0.5226184725761414,0.36942556500434875,0.2590268552303314,0.23432929813861847,0.33902254700660706,0.5163829326629639,0.40373945236206055,0.47183674573898315,0.3575023412704468,0.3441687226295471,0.11682661823720915,0.06436520600731782,2803.6844739355774,1430.431939385442,3164.313697866023,556.6217735278681,5679.369833961717,2310.775976177142,0.06371447215777262,0.06324975829574632,16.426935921940533,5.46460537519226,12.137462890050791,4.467847498960149,15.903359705545725,3.8867514804186687,18.526631824249158,3.858159902165182,16.37098652802128,2.6266313923462943,16.92140547576408,2.3825528746184674,42.53884428986217,4.398510882282468
original_mix,30.0,35.0,-162.49510192871094,43.679569244384766,137.8891143798828,37.709102630615234,-19.89602279663086,16.192380905151367,52.68156433105469,19.638818740844727,-13.541108131408691,13.823873519897461,16.57866859436035,11.5288724899292,-12.415453910827637,10.318467140197754,4.26588773727417,8.446368217468262,-9.278797149658203,9.746085166931152,1.229598879814148,8.870737075805664,-5.353453159332275,8.167274475097656,2.0738537311553955,6.9476237297058105,-5.180907726287842,8.129319190979004,0.36897358298301697,0.36433321237564087,0.43552207946777344,0.41153329610824585,0.43549954891204834,0.35006749629974365,0.3595828115940094,0.4933636784553528,0.3904004991054535,0.388837069272995,0.39691054821014404,0.43453270196914673,0.11835959109449608,0.055010226125713435,2873.8333208021354,1410.3678336200906,3226.9109041708352,490.2556376624679,5843.04216212297,2203.7212166036356,0.06473068626740139,0.06104134943047388,16.937092347317748,6.250292685901636,11.56664968179607,4.2330074795243355,15.139836125072517,3.7580573349193003,17.62908092577857,3.8994173861706924,15.915306815510569,2.702969391006671,17.13189312193282,2.828477554645142,42.85827917632502,4.518766460401069
original_mix,32.5,37.5,-154.32699584960938,52.841339111328125,130.83152770996094,46.131614685058594,-20.220243453979492,18.178298950195312,52.765281677246094,20.437211990356445,-16.970848083496094,14.832084655761719,17.192607879638672,14.974349975585938,-13.55241870880127,11.799897193908691,5.770913600921631,9.60336685180664,-9.904343605041504,12.236103057861328,-0.34470614790916443,10.104816436767578,-5.731806755065918,9.080378532409668,4.677616119384766,8.814995765686035,-5.261672496795654,8.725141525268555,0.36792898178100586,0.34694451093673706,0.4201682209968567,0.4133780896663666,0.5473388433456421,0.40592408180236816,0.4148901700973511,0.5596676468849182,0.40486353635787964,0.3459286689758301,0.3740803003311157,0.4431239366531372,0.11963738938426197,0.0623426737214873,3285.813227073576,1913.6817429207822,3256.461480794856,628.8912537370368,6303.932646642981,2832.2278692983436,0.08958544808584687,0.08801354522134854,16.950875169789278,6.258327497566245,10.613551186711648,4.155139843550741,14.93444802929799,4.011523440802396,17.377986069581354,3.7698156476785587,15.766140067964312,2.8102451543582903,18.063831108194012,3.350851017198133,43.384207049566626,5.521762520712432
original_mix,35.0,40.0,-156.1612548828125,49.2147331237793,133.71951293945312,40.634361267089844,-23.794729232788086,16.764301300048828,59.0373420715332,19.47711753845215,-17.93929100036621,13.539289474487305,18.277063369750977,13.786954879760742,-15.980738639831543,11.84360122680664,7.064793109893799,9.866619110107422,-12.672510147094727,11.788405418395996,1.2187553644180298,10.146377563476562,-6.329491138458252,8.692238807678223,4.575176239013672,8.982020378112793,-6.1819024085998535,7.703013896942139,0.33124077320098877,0.35565871000289917,0.5011619925498962,0.45161187648773193,0.4533115029335022,0.37516847252845764,0.4192480742931366,0.5898199677467346,0.4755580425262451,0.4345614016056061,0.3712107241153717,0.36294350028038025,0.11614902172315425,0.05702561445157355,3260.101749866667,1714.198591310817,3318.232653306232,625.8814545657319,6438.028046149942,2602.6518833472587,0.08208223064095127,0.07902278756214097,17.518853944915083,6.086960406887276,10.728672350481162,4.26479306655761,14.840893816115516,3.714828777021478,17.429930767937613,4.004069181320289,15.800420630898651,2.761329380521624,17.810685773613535,3.1315037921128717,43.48061634756055,4.788966105398049
original_mix,37.5,42.5,-169.33432006835938,54.83774185180664,137.91226196289062,35.71321105957031,-18.44175148010254,17.847869873046875,51.49957275390625,22.00739860534668,-9.304712295532227,15.101973533630371,13.983760833740234,11.249566078186035,-15.318547248840332,13.939284324645996,5.4583659172058105,9.625837326049805,-11.063288688659668,11.279414176940918,0.9504546523094177,9.699172019958496,-5.568441867828369,7.588960647583008,3.041093587875366,7.800935745239258,-5.456280708312988,7.894560813903809,0.3745821416378021,0.4294161796569824,0.537468433380127,0.43687349557876587,0.3939310312271118,0.30917826294898987,0.35767805576324463,0.5008136630058289,0.4261798858642578,0.40688151121139526,0.361110121011734,0.3848903775215149,0.11781024277694264,0.058820907326316216,2872.8283058906577,1353.998422937758,3273.659457992921,608.2197585238463,5832.200619018271,2482.426250635417,0.0608402969112529,0.05310843453815219,17.529482662674972,6.487649603607353,12.024066722494398,4.455348969111246,15.10032542122828,3.9066453214921575,17.21976828458961,4.1258018281188,15.675911186258787,2.997520637488745,17.21108691997656,2.8567389806908343,42.060950761876754,4.87725910734687
original_mix,40.0,45.0,-182.23463439941406,59.08438491821289,143.34213256835938,39.482643127441406,-8.929474830627441,19.13251304626465,38.08452224731445,23.69464874267578,-7.686572074890137,18.527189254760742,11.237340927124023,12.455829620361328,-15.396522521972656,14.863119125366211,5.366451263427734,10.650765419006348,-7.055258274078369,10.705917358398438,-1.2843918800354004,10.115147590637207,-4.8218770027160645,8.903273582458496,4.128969669342041,7.292457103729248,-4.17560338973999,8.224433898925781,0.39362457394599915,0.40437787771224976,0.4534059464931488,0.4118332862854004,0.44789615273475647,0.2976617217063904,0.34309324622154236,0.5506373643875122,0.39590197801589966,0.34392353892326355,0.3526718318462372,0.38780471682548523,0.12110280767601769,0.0733534488602352,2672.288229849345,1518.6002083292549,3175.664337954239,728.4917651823032,5292.321749021172,2888.908841714945,0.05749823267111369,0.05774788678764548,16.862063248723253,5.599688967899132,12.68565479470379,4.765428338468306,15.588560365724737,4.067135886280247,17.275414531401736,4.253126713985384,15.898317888691315,2.9213530017796474,17.40893308947141,2.971056078675042,40.76554602129149,5.764947032690845
original_mix,42.5,47.5,-181.0263671875,54.935150146484375,151.13320922851562,36.40900421142578,-11.809504508972168,18.104162216186523,35.68437194824219,23.300479888916016,-11.069734573364258,18.218156814575195,8.799728393554688,12.416934967041016,-12.573280334472656,12.536014556884766,4.053594589233398,10.26425552368164,-3.588726758956909,8.952388763427734,-1.817887544631958,9.204301834106445,-3.4458518028259277,8.831365585327148,2.7310116291046143,7.3342604637146,-4.414219856262207,7.393347263336182,0.33148157596588135,0.36211633682250977,0.4611687958240509,0.44819071888923645,0.46695032715797424,0.3396835923194885,0.40414857864379883,0.5475039482116699,0.4271849989891052,0.4680787920951843,0.3763134479522705,0.34816500544548035,0.11366482172377425,0.0703523624771104,2502.8197281464486,1330.9151954120302,3028.2949561553946,665.1302381808175,4930.603905343677,2585.1186094460795,0.055537177349187936,0.050699925745972936,16.947594460435212,5.403531572163049,11.884645043034833,4.632169702486567,14.64595339817164,3.8720287901293218,17.736717641222487,4.09978802835358,15.889193826211327,2.8774351762522223,17.018904417941467,2.7973222316528776,40.792832178804325,5.405800585726142
original_mix,45.0,50.0,-179.02442932128906,57.65862274169922,148.81771850585938,39.12254333496094,-18.02298355102539,16.282636642456055,43.2855110168457,21.00844955444336,-14.42039966583252,18.80674934387207,15.422849655151367,13.8934965133667,-15.321826934814453,13.60776138305664,5.043647289276123,10.667570114135742,-6.9220356941223145,9.744656562805176,0.7166245579719543,9.398847579956055,-5.0143609046936035,9.132794380187988,3.6104142665863037,7.700344085693359,-4.9301629066467285,7.7087860107421875,0.3360816240310669,0.3440279960632324,0.4297682046890259,0.42650553584098816,0.46926647424697876,0.3520854711532593,0.38344866037368774,0.579331636428833,0.4383801221847534,0.4377697706222534,0.3735833764076233,0.37447690963745117,0.10806935725262574,0.06265212257993738,2776.7172425392646,1633.5870374087742,3127.649263781167,695.6453394444691,5451.797350819315,2810.0883932598367,0.06617400485788863,0.06997195975943599,16.80511586474899,5.899494721893358,10.890437339898742,4.299755476975589,14.687576704711239,3.946545166788033,18.120770237816927,4.018597312078294,16.07925245338958,2.564287218869255,17.000038567679912,2.452487404408317,41.63221991489258,5.184806483986282
original_mix,47.5,52.5,-178.05819702148438,54.86064147949219,139.7001190185547,39.82066345214844,-9.48853874206543,15.712285995483398,43.766414642333984,19.747095108032227,-7.439742565155029,18.645824432373047,13.417030334472656,14.640700340270996,-14.570917129516602,14.414692878723145,1.3254437446594238,11.069365501403809,-6.159246921539307,8.283288955688477,-0.7158448100090027,8.855084419250488,-5.169865608215332,9.065110206604004,1.8741333484649658,8.091362953186035,-3.5013232231140137,7.155683994293213,0.26964789628982544,0.27738136053085327,0.41970473527908325,0.3746313452720642,0.41900184750556946,0.34655529260635376,0.3827855587005615,0.6781303286552429,0.44007474184036255,0.3162481486797333,0.28325018286705017,0.3095989227294922,0.11499635189806226,0.06754882147948446,2847.496563681493,1807.8250660721587,3168.81835145025,734.2374079286188,5572.353311702436,3018.9160249411725,0.06640738290313225,0.0787485784047515,16.59536461544842,6.695624408163057,11.298971687868173,4.504375675608462,15.524771081531602,3.8109011776076964,18.344132831640994,3.6727277887392633,16.136600104796564,2.607260032873861,17.090191314252397,2.7437025167605387,41.56286368851301,5.479712694783025
original_mix,50.0,55.0,-186.55162048339844,51.023902893066406,148.98731994628906,36.662078857421875,-7.958006858825684,15.610981941223145,40.030303955078125,19.138444900512695,-4.5666279792785645,16.427946090698242,9.908334732055664,13.575114250183105,-13.050312042236328,12.454767227172852,-1.432760238647461,11.678044319152832,-4.64847993850708,7.850004196166992,0.016460834071040154,7.22693395614624,-3.9955267906188965,7.820860862731934,2.222074270248413,7.856964588165283,-2.220585346221924,7.561227321624756,0.22231309115886688,0.34637004137039185,0.5770145654678345,0.4232017695903778,0.3235171437263489,0.3185364305973053,0.49570247530937195,0.5658437013626099,0.3782258927822113,0.34978944063186646,0.2544439435005188,0.22130341827869415,0.11193493615377807,0.07020668053209368,2517.4015592904148,1633.3156000079339,2988.8351775068527,777.1691053149517,4975.868596831497,2930.0686554676918,0.05549525993329466,0.06298359353323142,16.94877244508265,6.620875827354156,11.050954854727028,4.089185796740061,15.529645355488928,4.09295548767286,18.068988957434318,3.8534523327497094,15.861002041470622,2.9155235254331133,17.061350883848636,2.918604928472141,40.49785637152027,4.855408534638172
original_mix,52.5,57.5,-181.93341064453125,50.34211730957031,151.86737060546875,32.74267578125,-14.2076997756958,16.479049682617188,38.925838470458984,18.393362045288086,-8.74570369720459,16.049144744873047,13.155964851379395,12.378009796142578,-14.315729141235352,12.284706115722656,0.13043212890625,11.824695587158203,-6.600161075592041,9.11009693145752,0.17725947499275208,8.880623817443848,-3.9726130962371826,8.311861991882324,3.3875553607940674,7.9457902908325195,-2.5768826007843018,7.700289726257324,0.26039934158325195,0.3096390664577484,0.45282599329948425,0.4087936580181122,0.3890592157840729,0.2920389473438263,0.41605594754219055,0.3957821726799011,0.29863160848617554,0.3820239305496216,0.320682555437088,0.3332059979438782,0.11574765287875576,0.07427839709265958,2540.2959873843656,1465.210028338115,3049.4210415914786,794.6747918087667,5121.554954865139,2803.907247153907,0.05501037739269141,0.056805050600971047,16.290594481565538,5.771514474130782,11.621523071331268,4.3670810659648485,15.638186434209254,3.8523476288330007,18.41313848635722,3.8976161895916164,15.824679646897389,2.8473875287871344,16.832434985560905,2.546250563238349,40.85237070650039,4.8961540445520635
original_mix,55.0,60.0,-176.02139282226562,47.42622375488281,151.7935333251953,32.40446853637695,-14.840113639831543,18.140148162841797,41.17952346801758,18.327659606933594,-8.094125747680664,14.43259048461914,13.58692741394043,9.90117073059082,-15.167105674743652,12.240105628967285,1.521572232246399,10.2256441116333,-6.576981544494629,9.401164054870605,0.2080543339252472,9.377474784851074,-4.831272602081299,8.105949401855469,0.8345925211906433,7.840492248535156,-5.633634567260742,7.457444190979004,0.2991334795951843,0.27935847640037537,0.4145059585571289,0.38607874512672424,0.3953501880168915,0.27526846528053284,0.31553593277931213,0.4827481508255005,0.34274089336395264,0.36347779631614685,0.3415161967277527,0.4153071939945221,0.11751578885655668,0.06305192536755812,2459.702656994062,1256.0179759122504,3044.6433818224787,629.7211541844372,4905.423547165024,2482.0143203613625,0.05152216864849188,0.0483067758109034,16.285835619220666,5.786378538362558,11.450340803843886,4.4558104044188065,16.00368695512059,3.7895396289646928,18.39049946957369,3.7906464968619384,16.117449571747045,2.7687977512066366,17.027262014417712,2.4257676775650165,41.179456449324476,4.4147070715194925
original_mix,57.5,62.5,-176.35269165039062,48.594032287597656,151.74256896972656,34.00164794921875,-17.977420806884766,19.730966567993164,43.1002197265625,17.424983978271484,-8.260883331298828,13.845781326293945,18.90911102294922,11.52907657623291,-17.732492446899414,13.007315635681152,2.2972915172576904,10.893348693847656,-8.522768020629883,9.959335327148438,2.2715134620666504,8.104352951049805,-4.903449535369873,8.260717391967773,1.7767024040222168,8.13294506072998,-7.233799934387207,8.077802658081055,0.2950122654438019,0.35801661014556885,0.5723504424095154,0.43037229776382446,0.3287864625453949,0.2862774133682251,0.3729899227619171,0.5557102560997009,0.37923556566238403,0.3692266643047333,0.34127241373062134,0.3511776030063629,0.11316915629150696,0.05722617156159654,2551.5243686078297,1426.0584013976631,3086.4730142484623,597.1485521269138,5028.077871229699,2538.8538552267514,0.056105894721577725,0.060833229362704314,16.367105090370305,5.397136440359393,11.25938288991086,4.1073261844790565,15.704128960649756,3.8193651169850957,18.00769740510186,3.913728174781024,16.007519251284652,2.7785579348070857,16.925725138368577,2.770258487668727,41.17135355109148,4.453028308596721
original_mix,60.0,65.0,-161.60353088378906,45.523765563964844,132.433837890625,34.08155822753906,-25.99490737915039,17.315519332885742,52.490684509277344,18.936052322387695,-11.037557601928711,13.271525382995605,23.536195755004883,9.923351287841797,-18.965299606323242,11.074690818786621,5.44506311416626,10.165096282958984,-10.728087425231934,9.664596557617188,3.5228567123413086,7.613002777099609,-3.9510691165924072,8.423625946044922,2.3243560791015625,7.809536933898926,-5.556897163391113,8.335965156555176,0.23560844361782074,0.3314734995365143,0.5301175117492676,0.3695650100708008,0.2776394784450531,0.26920995116233826,0.41059455275535583,0.6042848825454712,0.38053426146507263,0.37501654028892517,0.3270125687122345,0.295229971408844,0.10985742730635224,0.05880534473507284,3130.5143922779894,1437.595972406623,3346.760913576167,513.3259671270936,6296.388531395011,2341.72511635877,0.076180938225058,0.06600518173784155,16.411101502673194,5.426277331266914,11.422858691580993,4.143207654601148,15.350275326563436,3.9530468225215354,17.951301050347052,3.9310194234089293,17.10747298494229,3.4475465787472905,17.456691378752147,2.805412217663484,43.09396713301476,4.7050548671206585
original_mix,62.5,67.5,-146.0848846435547,42.88947677612305,122.78377532958984,36.66429138183594,-30.355300903320312,12.260014533996582,56.9839973449707,17.502775192260742,-10.007763862609863,13.623075485229492,21.3302059173584,9.197195053100586,-17.112253189086914,10.288637161254883,7.95719575881958,7.178157329559326,-10.404560089111328,9.303160667419434,0.47417858242988586,8.829593658447266,-5.877276420593262,8.737076759338379,1.5939656496047974,7.394043445587158,-4.543281555175781,8.2509765625,0.2888154089450836,0.34736883640289307,0.46217435598373413,0.348937064409256,0.3540651500225067,0.27826958894729614,0.41404345631599426,0.5887579917907715,0.3649258017539978,0.3405057191848755,0.3660135865211487,0.3664185702800751,0.12032003375742663,0.06409113192894424,3355.3418693594526,1405.7618024348176,3362.850963663806,492.3000976483725,6656.257817031613,2183.4390667358443,0.08688120830916474,0.06553691704758846,16.959316777144178,5.993939502591606,11.036660098780121,4.1889221414285345,15.499338261229083,3.833516566143314,17.753236846930573,3.8068301871589845,17.88243687555622,3.1349155717748913,18.518360099872563,3.1470830399291727,44.097828868335554,4.6458113721700505
original_mix,65.0,70.0,-144.63259887695312,41.65037155151367,127.31723022460938,38.969093322753906,-33.249908447265625,14.364109992980957,52.4723014831543,17.36199951171875,-7.2827229499816895,15.132354736328125,21.24329376220703,11.64741039276123,-16.54595947265625,12.9263334274292,7.747633457183838,8.33868408203125,-8.798003196716309,8.990494728088379,-3.0991063117980957,8.685293197631836,-8.436986923217773,8.407901763916016,0.8948957324028015,7.585164546966553,-4.88651704788208,7.747931003570557,0.32275068759918213,0.3441590368747711,0.47198259830474854,0.4413861334323883,0.5625286102294922,0.330500990152359,0.3432300090789795,0.40178969502449036,0.33474504947662354,0.3452017903327942,0.3816927671432495,0.43126675486564636,0.13234662445231823,0.07235815858126016,3253.4276030338015,1579.256239533333,3233.8076775886307,590.0900086215437,6264.663278531032,2502.0997867004144,0.08754962115719257,0.07634743530336713,16.54322067294244,5.988668031872913,11.309988243150382,4.389490368176545,15.469408407884664,4.168628885660168,17.74148730705374,3.9727912493925577,18.800229618778133,3.4727526908927118,20.114472040486156,3.4254691519964307,43.74406114255696,4.840247704688477
original_mix,67.5,72.5,-153.0147247314453,40.82990646362305,126.46942138671875,35.90425491333008,-29.052186965942383,14.045875549316406,49.55172348022461,16.259319305419922,-3.863999128341675,16.0738525390625,18.353776931762695,12.408912658691406,-14.056112289428711,11.89002799987793,4.935564041137695,9.352736473083496,-6.157253742218018,8.926312446594238,-3.1309621334075928,9.300884246826172,-7.6238813400268555,8.21066951751709,-1.6509572267532349,7.851602554321289,-3.712146520614624,7.124204158782959,0.2909671664237976,0.38149842619895935,0.5581873655319214,0.4207298755645752,0.44372791051864624,0.28247395157814026,0.3561165928840637,0.4612000584602356,0.33986932039260864,0.3307335078716278,0.27862295508384705,0.3251059651374817,0.1225383835661024,0.07156365984931491,3170.383322653251,1580.544065637013,3215.660199610886,597.9099181756128,6162.443014972448,2473.0460350436842,0.08361164986948956,0.07695588999878153,16.516662218141242,5.122541119745101,11.451568224853526,4.000600124581039,15.843025899962402,3.698159077326373,18.33631112919379,3.795001647805562,19.38776126383994,3.4522680992247645,19.77211468892311,2.962775590517407,43.29383093903006,4.729860482860469
original_mix,70.0,75.0,-164.50668334960938,39.53623580932617,138.1912384033203,33.8106803894043,-25.817441940307617,11.87111759185791,46.25661087036133,16.4493350982666,-3.926569938659668,14.43935775756836,13.471539497375488,12.357817649841309,-12.0003662109375,10.09850025177002,2.2338719367980957,9.389283180236816,-4.834517478942871,8.855121612548828,-3.993619203567505,8.887104034423828,-6.7885355949401855,8.431905746459961,-2.3326873779296875,7.829836845397949,-4.121041297912598,6.712599277496338,0.280424565076828,0.36577504873275757,0.49069809913635254,0.3878287076950073,0.42430704832077026,0.32553455233573914,0.44863155484199524,0.5419144034385681,0.3755251467227936,0.32631999254226685,0.27142637968063354,0.3073555827140808,0.1145170779678357,0.06714742518605177,2761.117999027648,1370.0078035023685,3047.5283376077573,540.7547549714823,5453.496025775812,2174.2108267666194,0.0675754060324826,0.0614886895803518,16.765651181343827,5.519590780657472,11.081459401221014,3.966237766332578,15.547820034686884,4.075578278303078,18.013131465757375,3.87458980800743,18.594563309052266,3.341791412452691,19.732072120143958,3.1911130303450683,42.16872195571903,4.197321406908099
original_mix,72.5,77.5,-157.70065307617188,39.83639144897461,137.73709106445312,31.370058059692383,-25.422903060913086,10.877992630004883,46.813201904296875,17.210506439208984,-6.006338596343994,12.881705284118652,13.530525207519531,12.393058776855469,-11.308206558227539,10.312872886657715,1.8111180067062378,8.805840492248535,-3.0759124755859375,8.660524368286133,-3.148625612258911,8.178049087524414,-4.243107318878174,8.416101455688477,-1.600679874420166,7.245781898498535,-6.447928428649902,7.669004917144775,0.24159544706344604,0.2795470654964447,0.3582408130168915,0.39341244101524353,0.5365917086601257,0.3429797291755676,0.3641805648803711,0.37880489230155945,0.3752559721469879,0.4936828017234802,0.3627581000328064,0.32957836985588074,0.12850312407186856,0.07950356279301224,2716.222860050616,1187.6197613735108,3055.295553953283,458.08357080282303,5441.855106220998,1858.305773278957,0.06491648238109049,0.052996446536079087,16.114459612715493,5.368251218318372,11.214011060471465,4.259649812432176,15.516454584847333,3.912442978249699,18.63568326829868,4.181779981173111,18.71957356587935,3.305285395687239,20.16323767950382,3.4877365526587503,42.70519861705701,4.292778846234104
original_mix,75.0,80.0,-170.34364318847656,64.50383758544922,129.39283752441406,30.756528854370117,-22.222152709960938,16.628488540649414,46.409549713134766,18.339326858520508,-4.035487174987793,16.957447052001953,15.492056846618652,12.20451545715332,-11.6145601272583,11.124160766601562,2.880864381790161,8.347192764282227,-2.523446559906006,8.12399673461914,-1.4144940376281738,8.031421661376953,-6.5502214431762695,9.061962127685547,-2.680919647216797,8.25026798248291,-6.5608367919921875,7.664570331573486,0.18114611506462097,0.31933608651161194,0.6243026256561279,0.3920406401157379,0.3454103171825409,0.23260296881198883,0.1926935613155365,0.18752503395080566,0.27464279532432556,0.49091726541519165,0.29698672890663147,0.19909441471099854,0.12084907737156493,0.08100360127595364,2864.525929480019,1401.1127635010557,3080.286684503483,466.3149401978542,5617.917769359049,2068.879836013151,0.07502537703016242,0.06721243914777383,16.3849644471062,5.639423443274463,11.830915433399037,3.9979677533409412,15.892906022083649,3.56726463248696,19.637276358852958,3.8044651339042734,19.885859869824014,3.3594365395075183,21.86104435226431,4.517475480965582,42.72431971799201,5.7870076597433355
original_mix,77.5,80.43673469387755,-228.9748077392578,105.0563735961914,133.61854553222656,30.37171173095703,-13.75270938873291,29.411945343017578,38.68174743652344,19.638864517211914,1.9418741464614868,20.401042938232422,15.830838203430176,11.920323371887207,-9.191523551940918,11.403215408325195,2.669559955596924,9.196608543395996,-4.004976749420166,6.837231159210205,-2.3542397022247314,8.18506145477295,-10.024008750915527,8.486130714416504,-2.7717487812042236,7.98444128036499,-4.343286991119385,6.206390380859375,0.15938134491443634,0.43985337018966675,0.9344559907913208,0.407621830701828,0.2000540941953659,0.16971541941165924,0.17949552834033966,0.14143459498882294,0.1926577091217041,0.2998552918434143,0.16285869479179382,0.11894414573907852,0.07929029656121353,0.06284245147704795,2545.8087584913274,1547.2776927588025,2840.415792822074,621.5287237717947,4803.010746047431,2473.8019745823117,0.07182752285079051,0.07096993914914308,16.86940034934826,6.655091969828939,11.208589511038452,3.308441883480258,15.383462990265352,3.3414290214192888,18.85693975832082,3.577633083305709,20.635983697526424,3.2366956930851836,23.468122264344405,5.265383659748438,38.814046995405114,8.504668969790256
vocals,0.0,5.0,-221.77972412109375,82.56356811523438,66.27973175048828,72.21367645263672,-18.942453384399414,27.37202262878418,64.02583312988281,41.93498611450195,-5.767732620239258,27.32107925415039,21.736604690551758,19.307933807373047,-21.772504806518555,16.506284713745117,5.82955265045166,13.363409996032715,-14.004600524902344,12.605575561523438,-10.792232513427734,14.754809379577637,-16.93804168701172,11.128053665161133,-2.0635604858398438,11.182631492614746,-11.189815521240234,8.423324584960938,0.33288976550102234,0.4182671904563904,0.4639433026313782,0.42521509528160095,0.3886203169822693,0.3479509949684143,0.367949903011322,0.4459404945373535,0.44216403365135193,0.42267391085624695,0.39267393946647644,0.3293757140636444,0.12721623915621444,0.074795304685264,4273.765790644943,2246.121180819939,3601.8985552740696,605.677573731781,7807.409866226798,2930.453783661226,0.11543263304814386,0.11179209552389284,14.219088402328333,6.836694227557096,14.285443947441989,6.43980850818739,18.808881247323296,6.083182746357366,16.165000518319857,4.543726317867133,19.29972704779656,4.2883713589031265,20.22334370058156,4.737647080025956,38.85578780535501,4.9558270303843335
vocals,2.5,7.5,-261.15625,102.2751235961914,78.87483978271484,66.32577514648438,-8.084242820739746,35.262454986572266,53.988380432128906,40.34320068359375,-0.36850082874298096,26.88848876953125,15.226302146911621,20.28180694580078,-20.769895553588867,17.088449478149414,1.0759443044662476,13.73613166809082,-8.666817665100098,11.959293365478516,-6.410530090332031,13.715003967285156,-11.402376174926758,13.411625862121582,-1.7141422033309937,9.387334823608398,-10.992595672607422,9.478532791137695,0.4037322998046875,0.4375547766685486,0.4798154830932617,0.47499680519104004,0.41776585578918457,0.40648919343948364,0.40472525358200073,0.4175228178501129,0.4027717113494873,0.38200584053993225,0.38646137714385986,0.36058133840560913,0.10822797498923431,0.07919889204880004,3815.8441908234895,2205.2524694148105,3534.793695045954,724.7612321430687,7057.594756017981,3280.0057424062243,0.1025390625,0.10633799638164729,15.246186131816833,8.089827111405857,13.900259291307165,6.214260118665354,16.71457076790149,5.700693626957614,16.74125584295337,4.758231955654336,17.974848662540182,4.429947013672257,19.398463531043504,4.06771913464641,37.294696526954866,5.56865771668645
vocals,5.0,10.0,-305.35223388671875,122.89646911621094,88.83122253417969,65.98514556884766,2.831016778945923,40.84697341918945,38.08390426635742,40.627166748046875,-0.4505566954612732,26.410429000854492,10.16557788848877,17.393211364746094,-14.277200698852539,18.807403564453125,2.7137928009033203,14.683612823486328,-4.292135715484619,13.581948280334473,-4.231054782867432,11.733393669128418,-7.555274486541748,13.31566047668457,-0.48120853304862976,9.46296501159668,-8.777342796325684,10.281518936157227,0.4761226177215576,0.48748427629470825,0.45601481199264526,0.450002521276474,0.43493667244911194,0.4536624848842621,0.45100948214530945,0.4257689416408539,0.42263132333755493,0.4311789572238922,0.426390677690506,0.41496866941452026,0.08499064786481755,0.08101592868250086,3495.389719369481,2119.947133553986,3623.3129784481894,1024.424449632184,6538.449712695766,3843.1780859626283,0.09877895700406032,0.09218311274559957,15.022038469973479,7.743931190096418,12.96514303374203,5.944136663364413,15.645689844652802,5.481843653201922,17.211895309944964,4.992156281717733,17.499618360928643,4.074960774740817,18.709998313008946,3.6286116247709623,34.771052170932606,6.091874634874862
vocals,7.5,12.5,-290.8518981933594,121.32560729980469,106.58983612060547,66.10641479492188,2.0421125888824463,39.152339935302734,37.02402114868164,37.173770904541016,-7.454191207885742,26.573156356811523,9.024810791015625,20.952743530273438,-14.369852066040039,19.816604614257812,8.105371475219727,14.168907165527344,-5.051687717437744,14.049596786499023,-7.124782562255859,11.955177307128906,-11.233282089233398,12.312020301818848,-0.8617247939109802,11.651619911193848,-9.555482864379883,9.94289779663086,0.386140912771225,0.42179492115974426,0.43980690836906433,0.4750867784023285,0.47143298387527466,0.45991334319114685,0.418586403131485,0.4009389579296112,0.42160069942474365,0.4296723008155823,0.41034024953842163,0.3895578980445862,0.09405720569016444,0.0803053050105024,3231.122701747598,2143.766474809334,3522.5943917360664,1049.3517784301573,5989.627818662993,3992.692025972149,0.08724713602088167,0.09043075559267381,15.4576183334458,6.984090170465255,13.391231953949447,6.005043820468478,16.333584981362876,5.299259468700996,17.203658220798868,5.187850433955446,17.869168557431472,4.0070181631066495,18.935434271660725,3.946570086976382,34.85741133366291,5.921278325390181
vocals,10.0,15.0,-276.1916198730469,98.85905456542969,106.20417785644531,66.38125610351562,-7.932828903198242,43.15193557739258,44.29880142211914,32.10383605957031,-2.1152923107147217,25.818334579467773,13.198969841003418,23.954814910888672,-17.26551628112793,18.260297775268555,2.1907286643981934,14.569219589233398,-9.627238273620605,13.570551872253418,-7.636239528656006,13.515480041503906,-6.937901496887207,12.755646705627441,-2.28566837310791,11.224323272705078,-13.234827995300293,9.095993995666504,0.42474690079689026,0.41840285062789917,0.42563551664352417,0.4620817005634308,0.4292198121547699,0.3737529516220093,0.325540691614151,0.3315832316875458,0.3613653779029846,0.3735707104206085,0.4044401943683624,0.4259890615940094,0.09368145873351724,0.0706980775541002,3120.196511578844,2048.0218256165776,3268.633545419748,823.7001626973706,5620.865470018852,3611.485711240001,0.08072274688225058,0.08677641975199253,15.810474459942412,7.096947250283939,13.233081573337977,6.028764530626566,16.51440944172316,5.05167056449753,17.252769456873324,5.011197541290489,17.668205020373577,3.8685885845316306,18.95476069709511,3.934823174123638,35.873398827636656,6.040718089054268
vocals,12.5,17.5,-296.7032775878906,110.51162719726562,93.35444641113281,72.07991027832031,-8.520708084106445,44.9095458984375,39.213924407958984,33.285369873046875,-0.9338518977165222,24.437789916992188,16.4106502532959,22.533655166625977,-14.773038864135742,17.814180374145508,-3.725851058959961,14.798016548156738,-13.507404327392578,15.052037239074707,-5.329257965087891,13.332387924194336,-4.198686122894287,13.824075698852539,-1.063698649406433,10.36349868774414,-14.123030662536621,8.858759880065918,0.43657469749450684,0.445505291223526,0.4268912971019745,0.4176201820373535,0.38136643171310425,0.3439396917819977,0.30556052923202515,0.3228394389152527,0.3701619505882263,0.4021650552749634,0.4500255286693573,0.43356168270111084,0.07954555102896806,0.060547322154957485,3335.752038389832,2343.1269282292797,3228.5822295371668,866.4050741011871,5812.565934962297,3798.3684401622136,0.09616308367169374,0.10188918628989324,15.100312313871758,6.881855223545641,13.087733929292863,5.628589155342766,15.799941639050868,5.523571141027835,16.850710393828198,4.716254083509072,17.33765361041405,3.403773284216621,18.193990616389353,3.2265692472165,34.25947061478587,7.086122411743652
vocals,15.0,20.0,-314.8360900878906,120.76795196533203,87.24055480957031,68.95621490478516,-3.9469187259674072,40.690616607666016,33.11238098144531,35.84415054321289,-2.6718103885650635,26.743398666381836,13.742053031921387,19.755191802978516,-14.292889595031738,19.039871215820312,-5.105785369873047,14.604416847229004,-12.8057861328125,15.256482124328613,-5.999035835266113,12.531436920166016,-6.028892517089844,14.162581443786621,-2.9446768760681152,9.895337104797363,-13.6618013381958,9.533120155334473,0.39468908309936523,0.43945637345314026,0.4498846232891083,0.42372843623161316,0.3718911111354828,0.3639005124568939,0.3567088544368744,0.3721315562725067,0.4075433909893036,0.42159831523895264,0.4484997093677521,0.3983924984931946,0.07758871238459099,0.06974301009590791,3388.563296791745,2397.7580737616095,3303.4215255073486,898.717716692929,5995.4732589544665,3860.2671775882177,0.09770496483468677,0.10943924988905168,15.505050619271898,6.7283400811982,13.758135195066442,6.186654509231255,16.485092080983573,5.626471786604317,17.14871265008679,4.88953017195592,17.35503292545806,3.5940459666356523,17.96349026363853,2.9782144332538523,33.01869546692917,7.010955972090203
vocals,17.5,22.5,-321.08837890625,113.29826354980469,81.02059173583984,64.0239486694336,-0.12428556382656097,36.471702575683594,23.883949279785156,37.98314666748047,-4.044212818145752,27.18229866027832,6.33046293258667,16.547773361206055,-9.447209358215332,16.399580001831055,-1.9211304187774658,12.876757621765137,-10.761616706848145,13.268865585327148,-8.5128173828125,12.57646369934082,-6.397724151611328,11.172635078430176,-5.786617755889893,9.189176559448242,-12.47397232055664,9.296016693115234,0.40358346700668335,0.4400581419467926,0.44490259885787964,0.45258447527885437,0.3943220376968384,0.36309814453125,0.3470055162906647,0.3618979752063751,0.4060659110546112,0.4109765887260437,0.43880072236061096,0.40294724702835083,0.07723302662507912,0.0833202310888547,3155.0346400198678,2125.766844053472,3428.1474235582004,908.2370291340089,5830.551905089907,3685.513862234974,0.08310977378190255,0.09580860952898006,15.207557709548311,5.871964100338644,14.42463566724665,6.471976684040687,15.868913503515314,5.553223547542632,16.815758186324807,4.880969494966528,17.265216598320908,3.793087169192666,18.683570586878556,3.5564571245093424,32.067875918719814,6.359622803924279
vocals,20.0,25.0,-332.3082275390625,116.11639404296875,72.11085510253906,64.80059814453125,-3.482409954071045,35.91630172729492,26.497129440307617,41.068702697753906,-0.07195832580327988,27.304462432861328,6.454713821411133,15.728009223937988,-7.182840347290039,13.293787002563477,0.814365565776825,11.015336036682129,-6.898837566375732,12.43731689453125,-6.162609577178955,12.291492462158203,-6.428791522979736,10.322310447692871,-5.189427852630615,9.477659225463867,-10.419568061828613,8.938959121704102,0.3793405294418335,0.4169504940509796,0.44414761662483215,0.4664458632469177,0.42737874388694763,0.4246933162212372,0.37525850534439087,0.34951362013816833,0.4065708816051483,0.45424550771713257,0.5011939406394958,0.4162861406803131,0.06851193544287677,0.0834171737141203,3295.2974329537756,1968.1861064589066,3638.37284974031,1044.6365668589297,6212.404043104699,3682.195665487439,0.089346405524942,0.08898580126881711,15.038703740124896,5.695120804732686,13.503487000231313,6.510974144002575,15.514894302696234,5.611202949764015,16.17638058850378,4.462239936943162,17.195333013735386,3.4388416265534367,18.041604721129133,3.1981912902796523,31.44645400015949,7.035823281329627
vocals,22.5,27.5,-304.0719909667969,121.00300598144531,84.10449981689453,63.903751373291016,-4.36135196685791,41.153133392333984,33.19333267211914,34.16201400756836,-1.6484640836715698,25.7526798248291,12.165392875671387,15.910311698913574,-13.100049018859863,17.0047664642334,-2.2032246589660645,14.22598648071289,-9.805355072021484,13.25835132598877,-7.803421497344971,13.435120582580566,-8.985937118530273,11.070294380187988,-6.01123046875,10.832633018493652,-11.552872657775879,10.932337760925293,0.33762237429618835,0.3975800573825836,0.4578907787799835,0.4478926956653595,0.3908272981643677,0.40008002519607544,0.3903030455112457,0.3821426033973694,0.4337018132209778,0.4419257640838623,0.44661086797714233,0.37758979201316833,0.09364804494888317,0.09387252539399658,3369.0900411470525,2200.85616205283,3555.1639315377147,1026.8691787296118,6205.059771969258,3858.9912650645924,0.09132105568445475,0.09660456262432777,15.101430045179983,6.222104981234608,14.282741986480959,6.96842510778584,17.09930094943417,6.114416862779993,17.410120893059116,5.002864899981216,17.662763696376285,3.831387521563867,18.178712139387528,3.4356781120318742,33.128719227289515,6.9274968138361785
vocals,25.0,30.0,-294.6442565917969,129.2857666015625,85.45921325683594,68.1302719116211,-5.205277919769287,43.301048278808594,30.797191619873047,35.937931060791016,-9.135860443115234,22.620986938476562,10.385367393493652,18.182493209838867,-15.965377807617188,17.61133575439453,-2.0325305461883545,14.96319580078125,-13.554576873779297,16.851051330566406,-9.804567337036133,14.858015060424805,-9.738611221313477,13.651105880737305,-5.127543926239014,11.168217658996582,-12.081917762756348,11.868467330932617,0.37334778904914856,0.4219217300415039,0.44640490412712097,0.41551366448402405,0.3568974435329437,0.3390786945819855,0.3406914472579956,0.3777829110622406,0.4558667540550232,0.4298745095729828,0.4056837260723114,0.38978248834609985,0.10668157831103413,0.0967356483173341,3644.1857234524414,2410.33956118676,3608.3997601706874,1106.7855688343227,6727.502243148202,4121.776202170118,0.10386116045533643,0.1072258252972086,15.267614596543384,5.9637597865922976,13.850442004532125,6.911688030223269,16.791895265477567,6.0210099157973955,17.567279248513245,4.983106572093699,18.013057499070406,3.925296717465208,18.724653123353775,3.453823058477929,33.987969472475825,6.433895747446752
vocals,27.5,32.5,-323.7586975097656,128.298583984375,88.6072006225586,68.61418151855469,-3.843991279602051,41.01716995239258,34.08635711669922,38.92596435546875,-7.844237804412842,24.09400177001953,7.020977020263672,20.169523239135742,-13.4545316696167,17.27446746826172,-2.945796012878418,13.272614479064941,-10.873455047607422,16.818294525146484,-9.970552444458008,14.884313583374023,-8.145547866821289,14.944744110107422,-4.508727073669434,10.290793418884277,-12.685117721557617,11.235864639282227,0.4603569209575653,0.4586470425128937,0.41810309886932373,0.401469886302948,0.3685600757598877,0.3635006844997406,0.34681788086891174,0.3701601028442383,0.4298645853996277,0.4409266710281372,0.49375325441360474,0.49305951595306396,0.079776976403622,0.0763150894807428,3465.9755992036867,2150.900330404266,3551.0957148735606,1094.859554074358,6544.694841212297,3829.8402785643434,0.09669441524071926,0.09372394730196704,15.016048883385862,5.464409970718159,12.652953008232183,6.298662955632658,15.326153026978165,5.500282217029848,17.181930615066914,4.597913671672151,17.43477120738981,3.65031789122408,17.835126049875917,3.0317412712033165,33.13965416554516,6.3110966154512065
vocals,30.0,35.0,-299.4792175292969,104.13024139404297,95.1170425415039,65.9458236694336,-3.8041958808898926,41.203895568847656,38.373191833496094,33.09590530395508,-8.689918518066406,27.09543800354004,9.453635215759277,21.452280044555664,-11.905997276306152,16.6603946685791,-0.5612124800682068,13.811744689941406,-10.420071601867676,14.102700233459473,-11.0877685546875,13.898712158203125,-10.127915382385254,13.236454010009766,-5.304012298583984,10.505736351013184,-13.761499404907227,10.720927238464355,0.45726731419563293,0.43682149052619934,0.40395474433898926,0.40873730182647705,0.37929922342300415,0.3753948211669922,0.35684067010879517,0.3429547846317291,0.3633727729320526,0.41327470541000366,0.4753442704677582,0.4935282766819,0.08267341847485579,0.06483873821077153,3291.3733278943314,2107.5911002417865,3371.1073169445062,882.9910589537039,6085.45307062065,3724.0324222937265,0.08755641857598608,0.08828667387608867,14.670857855347736,6.792258277112604,13.15605131782496,6.4239160952453185,16.117463534185408,5.430685944398269,17.004586227194533,4.884222518869651,17.018649257940936,3.656449323499685,17.932652855605674,3.24343288783901,33.731436631288446,5.9367516996352405
vocals,32.5,37.5,-280.7662658691406,126.23954010009766,74.78328704833984,69.7585678100586,-11.71935749053955,39.542694091796875,38.426753997802734,35.130680084228516,-13.257597923278809,25.157236099243164,17.955097198486328,19.29762840270996,-12.475802421569824,17.989513397216797,5.61788272857666,11.905936241149902,-11.437070846557617,16.878271102905273,-7.37723970413208,13.408278465270996,-9.85444164276123,12.95701789855957,-1.9908969402313232,11.606165885925293,-13.016788482666016,11.099520683288574,0.4107833206653595,0.3962993621826172,0.39531004428863525,0.3766862452030182,0.3954271376132965,0.41776347160339355,0.38704729080200195,0.3795289099216461,0.44449472427368164,0.5038250684738159,0.5076021552085876,0.445133775472641,0.08677754441583843,0.07093463850248961,4041.534697216443,2294.390369559565,3623.9568048392657,802.0889371344731,7293.660613942865,3697.390916639099,0.11874071019431555,0.10680979997752617,15.88173668651875,6.657347597569054,12.039722460068852,5.894685340510689,15.585056285773595,5.439883691642193,16.530066351617496,4.37797792260092,16.421881907072365,3.3629071820350216,17.76322747425396,2.9967417511299663,34.991630891771955,7.374390460845475
vocals,35.0,40.0,-286.5412292480469,122.1357421875,96.69912719726562,67.55782318115234,-7.728761672973633,34.64191818237305,39.580101013183594,37.51788330078125,-9.066238403320312,25.848928451538086,19.74622344970703,18.96706199645996,-14.224336624145508,18.25194549560547,4.562899112701416,13.637763023376465,-12.855571746826172,16.773542404174805,-7.523659706115723,13.984743118286133,-8.66873836517334,12.606303215026855,-1.9325718879699707,11.495516777038574,-14.648897171020508,10.620567321777344,0.3607865273952484,0.36448934674263,0.38997018337249756,0.42655375599861145,0.4405635893344879,0.4352683126926422,0.4250651001930237,0.45153993368148804,0.4713177978992462,0.4732958674430847,0.4304121434688568,0.3837374448776245,0.08435814299145573,0.0646134743975387,3498.330294134454,2241.089266174599,3448.680417800579,786.4957825184518,6337.806223716648,3647.8401774284343,0.0955105314675174,0.10046677169752948,17.775537357679884,6.841565181455168,12.165509935827167,5.355758297667098,16.06790362365832,5.098187329821017,16.87174964441386,4.253405810998237,17.230274680035397,3.496110313660352,17.951467994667343,2.784190489545179,33.60095031685387,6.920028739495029
vocals,37.5,42.5,-286.2541198730469,109.63743591308594,101.4748764038086,59.672447204589844,-5.422995090484619,33.7768440246582,35.3866081237793,33.88337707519531,-2.1519885063171387,25.648395538330078,12.501325607299805,16.543027877807617,-17.716522216796875,19.693086624145508,1.4380545616149902,14.125338554382324,-11.779199600219727,15.103251457214355,-8.950434684753418,14.201818466186523,-10.20983600616455,12.21987533569336,-4.301871299743652,11.358240127563477,-14.806015014648438,10.058540344238281,0.42152199149131775,0.4293521046638489,0.41326186060905457,0.4147075414657593,0.3958122134208679,0.3728299140930176,0.3432796597480774,0.3522447347640991,0.41403499245643616,0.38972994685173035,0.3939206898212433,0.40463292598724365,0.0890293644282404,0.064519470699093,3145.6453158992663,1910.903544663866,3531.795760824805,871.7367779188413,6122.024543213457,3549.6408491845286,0.07435016676334107,0.08006712948784263,16.570718393997797,6.833184532232912,13.56402893183364,6.088456975549987,16.89142749324465,5.374872391494419,16.823865577620218,4.665706140511773,17.78639890586909,3.8134146737797763,18.09962971894436,3.1297361936282964,33.54446905842729,6.439915346739147
vocals,40.0,45.0,-281.36810302734375,118.65715789794922,85.5952377319336,63.41588592529297,-9.049617767333984,34.67348861694336,28.01582908630371,32.429664611816406,-10.727302551269531,24.034269332885742,8.439786911010742,14.13101863861084,-20.308992385864258,19.803218841552734,3.062373161315918,13.396899223327637,-9.53543472290039,13.994475364685059,-9.054959297180176,13.631841659545898,-11.046734809875488,14.101452827453613,-2.8557307720184326,11.0703763961792,-12.291501998901367,10.216511726379395,0.42227301001548767,0.45560649037361145,0.4165288209915161,0.4028007388114929,0.33907264471054077,0.3327295482158661,0.3377429246902466,0.3535139858722687,0.39022544026374817,0.4238569438457489,0.4673284888267517,0.40187394618988037,0.0934520813894027,0.07978363956673565,3619.3471057175107,1971.0831648656356,3747.2370531686365,782.318325712553,7018.425309962297,3527.3220620507964,0.09332062971287702,0.08602736987691574,16.088745961327962,6.79506750900615,13.755776206233453,6.375670720685082,15.865889130862616,5.375770335929124,16.83501514865053,4.98368231055586,17.559811910016823,3.534698546406715,18.314277825252905,2.9269445261685094,34.56373595506215,6.2616671476230215
vocals,42.5,47.5,-291.4994201660156,108.06131744384766,97.25857543945312,69.1487808227539,-2.9220070838928223,41.89927673339844,23.208921432495117,35.354000091552734,-14.085160255432129,25.063920974731445,8.208430290222168,15.846195220947266,-15.310261726379395,17.88804054260254,3.1928811073303223,12.173954963684082,-3.8372304439544678,13.65784740447998,-8.811651229858398,13.153265953063965,-7.826685428619385,13.670717239379883,-2.3262743949890137,9.749788284301758,-10.186705589294434,8.463349342346191,0.40617766976356506,0.41064515709877014,0.4211585223674774,0.46327531337738037,0.40490758419036865,0.4003704786300659,0.418789267539978,0.4078039228916168,0.4540805220603943,0.4933307468891144,0.46754488348960876,0.37802577018737793,0.08276887846950727,0.07729041115293903,3371.900924808739,1911.2482352991096,3543.2116043081955,830.1575196301416,6354.743012253481,3729.9061437526157,0.08977124419953596,0.07713229013547765,16.5098317298715,6.561326401993227,12.730250933788582,6.2909448344380525,14.6803973507655,5.053994553442388,16.73669261911204,4.812441067897133,17.322696997297353,3.5444405320703134,17.786776858532193,2.6261431615101163,33.95867067301438,5.744841032213504
vocals,45.0,50.0,-307.6031799316406,121.47686767578125,90.51818084716797,68.37156677246094,-3.730095386505127,40.618995666503906,32.482322692871094,38.5693473815918,-13.570945739746094,28.31591033935547,15.956985473632812,17.531967163085938,-16.173397064208984,19.495349884033203,3.530390501022339,12.87786865234375,-7.446053981781006,15.848713874816895,-5.5421576499938965,12.237687110900879,-9.500656127929688,13.448627471923828,-3.5141260623931885,10.007194519042969,-12.042937278747559,7.885082244873047,0.41631895303726196,0.42912834882736206,0.4941626489162445,0.489003986120224,0.4339667558670044,0.41659286618232727,0.39065179228782654,0.4220886528491974,0.4669415354728699,0.4627321660518646,0.44718116521835327,0.418783038854599,0.07548084866680667,0.07082835108500941,3820.553255692861,2222.048822385413,3702.5691421954107,854.123496876523,7303.153209287993,3832.900230196442,0.10591737964037123,0.1016092763785302,17.360132068959576,6.353748633464013,11.950123035978326,5.718156653512747,14.890423482226334,5.037893543583161,15.848690574119276,4.0346078537808125,16.911258142051114,3.8027548647526963,17.529672047140654,2.715724199682846,34.455985130956314,6.095309214190921
vocals,47.5,52.5,-309.1111755371094,118.08934783935547,73.61505889892578,60.254337310791016,5.970819473266602,37.91361618041992,39.123748779296875,34.73942947387695,-7.092893123626709,25.799545288085938,9.844111442565918,18.931798934936523,-16.442649841308594,20.582107543945312,2.218034505844116,12.43726921081543,-7.7680182456970215,12.868929862976074,-6.920075416564941,11.496002197265625,-12.869240760803223,13.556546211242676,-8.469295501708984,10.834919929504395,-13.253639221191406,8.41482925415039,0.3176445960998535,0.3577490448951721,0.43831130862236023,0.4667220413684845,0.4892232120037079,0.4493738114833832,0.41063666343688965,0.4143740236759186,0.41973820328712463,0.3996148705482483,0.3546764850616455,0.3163090944290161,0.0823768512465372,0.07644910881809931,3781.054521128087,2392.537052784654,3696.36949070326,873.9511094886403,7184.146040276973,3961.1912813580166,0.10298995794663574,0.10995559037236106,18.23426999144379,6.780269337257846,13.464033707044678,6.624252197040826,16.554390311283097,5.756418369909392,16.888763292199297,4.781809169376182,16.788496781956706,3.7398290140948474,17.73804167203073,2.7061885072424428,33.843942333290194,6.444419775660784
vocals,50.0,55.0,-328.6355895996094,116.61915588378906,81.62641143798828,61.657527923583984,13.036264419555664,34.43436050415039,33.152976989746094,31.259002685546875,-5.111201286315918,23.12095832824707,5.153142929077148,18.594982147216797,-15.03927230834961,18.410017013549805,0.6288007497787476,13.138486862182617,-6.100065231323242,10.822342872619629,-6.825035572052002,10.381285667419434,-11.61402416229248,11.663581848144531,-6.676514625549316,11.59539794921875,-11.164741516113281,9.111722946166992,0.3443668782711029,0.35484132170677185,0.403883159160614,0.47376886010169983,0.4963293671607971,0.5094422101974487,0.46704915165901184,0.4250769317150116,0.4142196476459503,0.3840223550796509,0.34868764877319336,0.3316728174686432,0.07565286009490875,0.07943019255899196,3291.855969314862,2284.0693026002327,3634.695519422818,1063.771943583979,6210.3056799231435,4035.2812600915113,0.08713951022331787,0.10282806105884777,16.88367096899925,6.80440339661351,13.397667763108338,6.377422192821963,16.084514557586342,5.964668300583325,17.153029567059907,4.663662282328791,16.774542874582192,3.8709499727336776,17.729335706927404,2.9704030171208062,31.968293215999743,6.834781601017409
vocals,52.5,57.5,-321.3446350097656,128.8228302001953,86.47097778320312,58.65909194946289,2.1735150814056396,33.500606536865234,30.196327209472656,32.069034576416016,-5.1154375076293945,24.000049591064453,12.575974464416504,17.922048568725586,-13.497661590576172,17.371280670166016,2.3940553665161133,15.011312484741211,-9.108156204223633,12.2073335647583,-7.184241771697998,14.409276008605957,-9.0444917678833,11.861592292785645,-2.2611939907073975,10.997783660888672,-9.341911315917969,9.427016258239746,0.3963660001754761,0.40740394592285156,0.4467323124408722,0.4956522285938263,0.47214987874031067,0.4408237338066101,0.39813458919525146,0.4087848365306854,0.4061591327190399,0.4168478846549988,0.42960917949676514,0.3993586599826813,0.0790272353634926,0.08354539721670022,3545.930024776073,2200.9052186044514,3822.408736911918,1070.1239666270903,6944.732793467228,3921.5755698261446,0.09456682315835267,0.1064429138166408,14.904802748684506,6.429051151466867,13.407416891537126,6.733701953116518,15.897257248635832,6.212850812645384,16.85749517917616,4.352333402925918,16.851780806331178,3.5569609746895816,18.017274503966277,3.169921654528654,32.56182002747637,6.4761362632369694
vocals,55.0,60.0,-292.6301574707031,105.19147491455078,101.18896484375,57.00629806518555,0.2722983658313751,41.90664291381836,38.3734016418457,32.29903030395508,-0.8264808058738708,24.607135772705078,14.461039543151855,16.650426864624023,-12.48904037475586,17.830577850341797,5.58268928527832,14.216646194458008,-6.732985973358154,14.508708000183105,-5.712368965148926,15.854996681213379,-9.687359809875488,13.527332305908203,-5.078453540802002,11.190377235412598,-12.824949264526367,9.979802131652832,0.3818470537662506,0.3628937900066376,0.3838062584400177,0.44503873586654663,0.44743895530700684,0.40233129262924194,0.38212063908576965,0.40126681327819824,0.40288597345352173,0.4173293709754944,0.42957547307014465,0.4243088364601135,0.08470456809929913,0.06959952276164047,3116.964789460964,1932.9789910740358,3532.7462152466414,890.9848457756327,6054.577155234919,3693.6443356042982,0.07516019250290024,0.08491155973051596,15.075533759623994,6.787297968140268,13.123547018068429,6.674079984652713,16.676551698510917,6.032093041997818,16.704132113090804,4.789474013505714,17.200070192148715,3.718791551048548,18.009054629424483,2.9380968026302656,33.806140238074974,5.658285969335458
vocals,57.5,62.5,-287.6597595214844,99.40306854248047,103.1808853149414,60.53238296508789,-10.637333869934082,47.57334518432617,36.383182525634766,31.751779556274414,0.5064268112182617,25.169212341308594,19.286880493164062,16.683320999145508,-17.900028228759766,20.36975860595703,2.2278401851654053,16.119958877563477,-8.637646675109863,15.26632308959961,-3.7800235748291016,13.205151557922363,-8.186564445495605,14.606099128723145,-4.9171462059021,11.435006141662598,-16.775814056396484,10.42424488067627,0.38517019152641296,0.3926890790462494,0.418108195066452,0.4399462640285492,0.43503040075302124,0.4018509089946747,0.3713947832584381,0.3646727502346039,0.38761335611343384,0.4326036870479584,0.48478758335113525,0.4503685534000397,0.08185204371457203,0.06127242435702824,3095.545294969389,2016.9089525633217,3383.1945943783917,763.2032394385188,5754.461259244489,3519.822105234287,0.07680176914153132,0.08766097738509412,16.23141710941651,6.369815031495324,12.547904463446738,6.105441592430545,16.028245775310182,5.669950418930226,16.881102662964896,4.722834522278245,16.803984514942158,3.5353932959118577,18.30552840580536,2.9840907796486724,34.085396754590576,5.725287716489471
vocals,60.0,65.0,-312.657958984375,114.52496337890625,82.63159942626953,67.20050811767578,-18.672945022583008,43.134544372558594,34.01986312866211,33.22014617919922,4.836952209472656,23.862812042236328,23.292499542236328,14.537198066711426,-17.89823341369629,20.055095672607422,-0.46980375051498413,14.223581314086914,-10.458430290222168,15.53734302520752,-5.717855930328369,11.444478988647461,-6.095055103302002,14.817785263061523,-5.736546039581299,11.716897964477539,-15.632189750671387,11.242993354797363,0.4095552861690521,0.40177327394485474,0.3843543827533722,0.402259886264801,0.42256876826286316,0.41844984889030457,0.3802700638771057,0.3634350001811981,0.405059278011322,0.4601733088493347,0.4910150170326233,0.44610199332237244,0.07315880692133944,0.06619651890856137,3582.9962918183423,2253.2866196000414,3467.7098627213054,729.2849570175563,6610.843242459397,3564.792066420826,0.0974704538863109,0.10319612778529882,16.33300316593305,6.462331049794727,12.796263414181414,5.932519016547798,16.01328241675679,5.559494552707442,16.146657262456248,4.18671378475723,17.080534470184716,3.337224719293245,18.63557699114161,2.851967615046547,33.44356957741919,6.224786351554623
vocals,62.5,67.5,-295.9365234375,110.21409606933594,71.10297393798828,66.97755432128906,-13.924124717712402,39.215118408203125,46.74274826049805,37.14375305175781,2.9772584438323975,23.331161499023438,19.66407585144043,14.73463249206543,-16.074777603149414,20.08018684387207,0.8532019257545471,10.193892478942871,-12.161710739135742,15.566873550415039,-8.090475082397461,11.313292503356934,-8.579012870788574,14.170183181762695,-5.91637659072876,10.914145469665527,-14.014190673828125,10.53277587890625,0.42282506823539734,0.4113137125968933,0.3723214268684387,0.3496052026748657,0.3468061685562134,0.3691844046115875,0.38090237975120544,0.3940819203853607,0.42381206154823303,0.47102785110473633,0.4758285582065582,0.4334632456302643,0.08322499499085258,0.07344916842281736,3770.6130188562697,2179.066442309052,3481.7573549017875,631.3300319936008,7007.2840006888055,3373.076430273583,0.10476748296113689,0.10004573646630203,16.1893698996221,7.0415302641841615,13.6148422448465,6.301640563176838,17.480694100883934,5.948405682991416,16.859611960555448,4.904558129287462,18.037395604549783,3.5224876595282817,18.397578761952637,2.806741893834982,35.0222058807699,6.644715432396481
vocals,65.0,70.0,-270.53765869140625,95.35118103027344,71.10625457763672,63.95557403564453,-18.175617218017578,36.34286880493164,50.72306823730469,42.23516082763672,0.5430117845535278,24.43694496154785,20.535940170288086,15.852015495300293,-19.52043914794922,21.832412719726562,0.46953001618385315,12.095528602600098,-12.046422004699707,13.621297836303711,-7.975244998931885,11.932043075561523,-11.397932052612305,13.01247787475586,-5.8509111404418945,11.160319328308105,-14.824544906616211,9.729159355163574,0.4005816876888275,0.393117755651474,0.4019449055194855,0.3800875246524811,0.33426427841186523,0.33068111538887024,0.3310968279838562,0.35934746265411377,0.38580402731895447,0.45628225803375244,0.4674345552921295,0.4045960307121277,0.09927777148293776,0.0791387990856612,3802.5276214942346,2156.734584143159,3446.496148054956,632.3440782306208,7004.73598825406,3289.968907963879,0.10550386999709976,0.10030011342517718,15.387281501196885,6.799281494897738,14.541653471732712,6.411792532187265,17.99429076927681,5.813699570866813,17.322344891961613,4.768140714501252,18.860922853329647,3.759543078961217,18.820429503364924,3.1321516399793614,36.40587141206883,5.701342581467696
vocals,67.5,72.5,-289.7768249511719,97.28632354736328,73.80939483642578,61.34932327270508,-7.795208930969238,32.48184585571289,42.0780143737793,40.20145797729492,3.988781690597534,27.137203216552734,17.149675369262695,15.313164710998535,-15.773394584655762,19.714859008789062,-2.1978061199188232,13.741301536560059,-8.674659729003906,13.611949920654297,-7.709494113922119,12.165968894958496,-14.085965156555176,11.752190589904785,-10.940271377563477,11.34347152709961,-14.739631652832031,9.697473526000977,0.3974953591823578,0.43884915113449097,0.44698366522789,0.4530458450317383,0.4142220616340637,0.3757533133029938,0.3322634994983673,0.3137429654598236,0.34184738993644714,0.3936378061771393,0.40117788314819336,0.36363542079925537,0.0883703215016385,0.07893602062005808,3570.8780799253764,2211.0452685073105,3416.7988314633994,705.8528649572262,6652.560700949826,3451.073913508552,0.09626391205046404,0.10292026767947428,15.674644733413496,6.59121443423821,13.880385910754459,6.0311831008522745,17.70163553856867,5.289752407023597,17.16158006283676,4.343128986591278,18.498297618232346,3.67511062710086,18.88501230745254,2.8473643529759816,35.17440721076079,5.967829895409832
vocals,70.0,75.0,-300.8099060058594,98.97271728515625,94.93758392333984,53.98405456542969,2.2304165363311768,29.526491165161133,33.39278793334961,34.76097869873047,-0.2281317412853241,26.612293243408203,11.02309513092041,15.431953430175781,-12.54096794128418,16.57356071472168,-3.3721978664398193,14.179961204528809,-5.455277919769287,13.901338577270508,-8.402399063110352,12.043988227844238,-13.665879249572754,10.701167106628418,-9.923709869384766,11.40514087677002,-13.694954872131348,10.416457176208496,0.4146358072757721,0.447908878326416,0.44746121764183044,0.46429571509361267,0.44039633870124817,0.4343031942844391,0.372580885887146,0.3660663068294525,0.4079058766365051,0.40068313479423523,0.38275790214538574,0.3664768636226654,0.07874485529071096,0.07547499965296325,2952.9194179969654,1921.6926976030506,3272.984263798868,686.569594313476,5561.861495794664,3289.299923945898,0.07327051007830626,0.08492877893891279,15.614469577043714,6.377166204378103,13.120124618513815,5.778292249136732,16.580944376721618,6.001950420629634,16.92033256116328,4.422233569798036,17.93457646722481,3.1852423369672374,18.512297834580032,2.871313613721072,33.82929876594468,5.4956761574159305
vocals,72.5,77.5,-284.2841796875,92.20233917236328,100.25689697265625,53.587772369384766,-0.6983656883239746,32.97598648071289,32.866966247558594,35.098304748535156,0.17194701731204987,23.53362274169922,13.849616050720215,17.16425895690918,-12.361498832702637,15.557517051696777,-3.5856332778930664,14.475470542907715,-1.95215904712677,11.714090347290039,-8.463132858276367,12.1286039352417,-9.957826614379883,10.96474838256836,-5.73764705657959,10.455886840820312,-11.853135108947754,10.251733779907227,0.38167330622673035,0.35654696822166443,0.3798019587993622,0.45370879769325256,0.4592110216617584,0.43356937170028687,0.3835715055465698,0.3667014241218567,0.4129657745361328,0.44936731457710266,0.4238128066062927,0.4229808449745178,0.09209420941035391,0.08684933093045448,2858.203598193506,1805.6503986477333,3187.825951232853,643.0783894861039,5317.951756453016,3134.7145309768557,0.06938805104408352,0.07845943618601875,15.463417818994493,6.47108334790207,13.733347756669747,6.051716227944455,15.801437314937736,5.952713825893371,16.433000247331872,4.310530297056918,17.946463634378834,3.123149121508977,18.62818445934079,3.0491967020322,34.44861350802777,5.557876269546677
vocals,75.0,80.0,-316.38922119140625,114.15792083740234,78.0621566772461,64.25775146484375,4.351381301879883,30.207382202148438,37.04146957397461,33.993064880371094,5.372135639190674,22.215063095092773,16.309755325317383,16.705949783325195,-12.015847206115723,16.51170539855957,-0.3780129551887512,14.369097709655762,0.7369139790534973,11.92453384399414,-4.148055076599121,12.182108879089355,-8.876996994018555,11.451106071472168,-3.407374382019043,10.122453689575195,-9.347506523132324,9.693180084228516,0.37543004751205444,0.35697171092033386,0.39348745346069336,0.48461779952049255,0.5016517639160156,0.4739818274974823,0.40463390946388245,0.3877722918987274,0.4079476296901703,0.40758052468299866,0.4178093671798706,0.40325814485549927,0.08330945980793465,0.0884210741774227,3305.1301631466777,1959.5175041183045,3717.3868978874157,1092.5939952411302,6673.7441768779,3566.4291751417836,0.08446925754060325,0.091216551926954,14.864051163596885,6.679506675198722,13.376272942784917,5.753889206947282,14.923357619879068,5.441583216179555,16.221707680317817,3.898180767197045,17.782455267142666,3.405474038106974,19.4611637014953,3.172187221701529,33.92477123571828,6.462438103536719
vocals,77.5,80.43673469387755,-402.9480285644531,129.9475860595703,62.589874267578125,66.53014373779297,13.802322387695312,21.27582550048828,29.445375442504883,31.455480575561523,7.141007423400879,19.229524612426758,14.107561111450195,16.528833389282227,-7.343405723571777,16.543533325195312,4.182923316955566,12.774758338928223,4.006606101989746,9.705923080444336,1.7108781337738037,8.451598167419434,-6.572686195373535,10.439786911010742,-0.6175291538238525,8.844152450561523,-5.765459060668945,7.806433200836182,0.40966612100601196,0.3932730257511139,0.3755147159099579,0.4584030508995056,0.5715101957321167,0.6640039682388306,0.6061900854110718,0.5241717100143433,0.4417394697666168,0.36986586451530457,0.32587483525276184,0.3740922212600708,0.04338266543782659,0.06485791509891078,3685.1065267361882,1884.3123276175838,4713.958222383364,1672.9579005110838,8671.75283318923,4693.185496252722,0.10361984313241107,0.09476143709287344,14.138405239686785,5.926917117395874,11.316566439596233,4.927058174538804,13.397101674801565,4.483365142268503,15.767261840514347,3.8802310826937783,16.72704040754866,3.4799648586199945,19.44689634375284,3.2384318017099596,30.440769841487793,6.657723371664318
no_vocals,0.0,5.0,-374.27105712890625,61.5422477722168,188.83236694335938,42.18001937866211,-5.93756628036499,20.825300216674805,-15.44292163848877,15.155269622802734,-13.356006622314453,13.289824485778809,-7.424469470977783,10.543185234069824,-18.816511154174805,10.890888214111328,-16.39618682861328,9.321980476379395,-14.734971046447754,7.691977500915527,-12.60174560546875,9.089707374572754,-15.515257835388184,7.587745666503906,-12.666300773620605,8.081385612487793,-9.202629089355469,5.902660846710205,0.510708212852478,0.4179159998893738,0.35159552097320557,0.32189851999282837,0.3448539078235626,0.28156548738479614,0.29402250051498413,0.5081835389137268,0.4083613157272339,0.3491826355457306,0.35218262672424316,0.35231339931488037,0.028870265437949127,0.01863830446728877,1936.63383497362,1058.8430261733265,3183.2399965863947,1355.5972553512606,3487.0799195185614,3227.844500025001,0.03662902407192575,0.01844154243554788,12.283543307923393,3.515399420077891,11.976243355945222,4.117505822201631,13.760826917710926,4.27273204856069,15.800956754573246,4.1152652012867685,17.81339128111504,3.2115168414176436,17.57924986761771,3.087165300332042,18.820748345792058,2.389155646877948
no_vocals,2.5,7.5,-387.2976989746094,69.90765380859375,161.10162353515625,54.15968322753906,-19.134780883789062,31.205183029174805,4.726144313812256,31.2679500579834,-13.189924240112305,18.18301010131836,-1.6545124053955078,13.180293083190918,-18.30516815185547,10.929503440856934,-9.654898643493652,11.580780029296875,-18.137367248535156,9.203923225402832,-9.160204887390137,9.067830085754395,-12.92077350616455,7.341984272003174,-8.60086441040039,7.493348121643066,-9.675710678100586,6.503979206085205,0.2819465398788452,0.46980565786361694,0.5364938974380493,0.36309826374053955,0.22729359567165375,0.20336145162582397,0.2962077260017395,0.4140894114971161,0.41113749146461487,0.5579412579536438,0.3893803060054779,0.2864210307598114,0.01672598042956439,0.008976484208827094,2662.6840493086265,1497.3635763410548,3509.47836323915,1303.9844603705917,5021.882703741299,3706.830870780884,0.06138862202726218,0.05014436719055975,13.440777202593807,3.66750471558188,11.113539977667763,3.313997026012876,15.252485810993663,4.558474782988445,17.673128817114886,4.217810815792039,18.21230560521069,3.1164362854752925,18.590932690164045,3.5720144609978117,21.39533480492541,4.9639301848869914
no_vocals,5.0,10.0,-363.4430236816406,58.76698303222656,163.79464721679688,51.175941467285156,-37.83658218383789,26.83620834350586,18.217012405395508,30.943445205688477,-1.7156438827514648,20.08562469482422,-2.420039415359497,13.663457870483398,-18.85256004333496,9.800798416137695,-9.800010681152344,10.173690795898438,-22.51699447631836,9.159172058105469,-11.989764213562012,9.010798454284668,-14.627488136291504,7.170206546783447,-10.146459579467773,6.018942356109619,-11.730239868164062,5.605417728424072,0.11576298624277115,0.35195615887641907,0.5559692978858948,0.4075949788093567,0.3006744384765625,0.16371259093284607,0.22667498886585236,0.401236891746521,0.29196444153785706,0.35273587703704834,0.1949627846479416,0.1548546850681305,0.02428618473921343,0.01066787691987886,2395.484476545935,1376.1852417063596,2978.381313803275,957.4008382175883,4341.913110861369,2798.580640327784,0.05542388703596288,0.050741341539493265,13.396102289947416,3.396568971239981,13.285141089177566,3.7459722437365985,18.122533337555943,4.410511593211197,19.620079781149183,3.703340678568461,18.33849873034341,3.017070769125843,20.484569505239516,3.37495257858768,22.81994954046647,4.992037744924774
no_vocals,7.5,12.5,-385.7586364746094,44.82810974121094,184.49627685546875,30.093578338623047,-28.66707992553711,28.259885787963867,6.663052082061768,23.439311981201172,6.705944061279297,13.039522171020508,-3.1174752712249756,12.062237739562988,-16.97879981994629,8.881421089172363,-13.0216064453125,7.227599143981934,-21.125675201416016,7.590268135070801,-12.746152877807617,6.949111461639404,-14.023966789245605,6.392008304595947,-9.57927131652832,6.840482711791992,-10.987141609191895,6.143162250518799,0.17412219941616058,0.21637345850467682,0.44757080078125,0.40134453773498535,0.4920656383037567,0.2063518613576889,0.192165806889534,0.528672993183136,0.23321433365345,0.050022050738334656,0.10645654052495956,0.23803265392780304,0.02415373031127757,0.011066651227665302,1770.603677032901,546.7355328823061,2818.8945948239502,795.6611456511123,3008.0036207584108,1423.9796599953286,0.03263667343387471,0.009917051719018266,12.690568455718132,3.1500443754766034,13.520189473112744,3.8530454349057814,18.55994508733022,4.206473105212957,19.50444577981323,3.652949326492769,18.23036853941914,2.9963327477539012,19.767984010839623,3.4337637165228694,20.807991001358005,2.971569860464696
no_vocals,10.0,15.0,-374.1594543457031,56.75288772583008,188.75601196289062,19.660320281982422,-18.743507385253906,25.0347843170166,3.9134700298309326,25.569992065429688,6.828237056732178,12.465200424194336,-1.7055060863494873,11.219861030578613,-12.256863594055176,10.4288330078125,-10.454855918884277,8.537951469421387,-11.490211486816406,9.41189193725586,-11.68871021270752,8.656740188598633,-11.01793384552002,6.6762166023254395,-7.458531856536865,7.625959873199463,-7.6826887130737305,8.13970947265625,0.2515795826911926,0.3924122154712677,0.5860244035720825,0.44739875197410583,0.4054262638092041,0.2149292528629303,0.2610529363155365,0.5186331868171692,0.3007618188858032,0.2076946496963501,0.19437089562416077,0.2455667406320572,0.02535733470062265,0.014042689947140162,1652.1078397579704,443.5612240664392,2748.594461725476,733.0148917935135,2694.8978574535963,1166.5438021854006,0.03260495214617169,0.010502720229307072,12.761026532456091,3.7869913221941207,12.167692607811906,3.8720756620813046,16.780302244432832,3.5067392820040224,18.98718369635379,3.7867923633365845,17.882895942487906,3.0329742356054648,19.243837771595707,3.5184512865402318,20.79364160200279,3.123931321954652
no_vocals,12.5,17.5,-306.3526611328125,65.91620635986328,181.02593994140625,24.393957138061523,-22.40188217163086,22.430315017700195,28.126169204711914,29.868732452392578,-0.12281321734189987,14.952739715576172,8.462434768676758,12.886530876159668,-8.041869163513184,10.638163566589355,-2.729018449783325,10.557212829589844,-6.757933616638184,8.349549293518066,-4.386702537536621,10.215897560119629,-8.459418296813965,6.586974143981934,-1.3817018270492554,8.534374237060547,-1.81429123878479,8.314620971679688,0.22065119445323944,0.3367792069911957,0.48385193943977356,0.3850414752960205,0.37033751606941223,0.23308664560317993,0.32850679755210876,0.6677092909812927,0.3955463171005249,0.25135019421577454,0.22507306933403015,0.27728328108787537,0.039618285865525085,0.015228357083638584,1884.0033521645937,690.4644941314629,2833.2575348500072,716.266799244132,3563.770097701566,1957.7816150738881,0.03496025775812065,0.013833002679138865,13.378240271119894,4.125546234511438,10.950033597939363,3.8425054169612487,17.285608190065695,3.8220398974496885,19.08683809512124,3.5625307347329973,17.30159093542831,2.845377757056859,17.69466851919658,3.426016474019684,23.729033080154725,5.281804208918259
no_vocals,15.0,20.0,-273.325927734375,42.60576248168945,179.10289001464844,24.24593162536621,-25.218307495117188,19.646343231201172,43.35585021972656,21.06719398498535,-0.936167299747467,14.115093231201172,16.215293884277344,8.290080070495605,-5.7550787925720215,8.95291519165039,-0.1676550805568695,9.121054649353027,-4.812000274658203,6.8410139083862305,1.8926295042037964,6.3819804191589355,-4.532809257507324,5.966977596282959,2.906367778778076,5.6376776695251465,0.3383900821208954,6.342188835144043,0.27375075221061707,0.2195962369441986,0.3738737404346466,0.292176216840744,0.3510868549346924,0.22390472888946533,0.320941686630249,0.833476722240448,0.4345872402191162,0.18569518625736237,0.20351533591747284,0.3557099997997284,0.0469610984296713,0.011736897700628123,1944.4969429339967,673.353098088734,2827.23859279362,680.0064765576012,3890.515221686485,1884.3644627420363,0.03604444605568446,0.012338350804439444,13.624931805071903,3.800825162040862,10.16352874430957,3.1910337591346223,17.923859531304412,3.5114214433276842,20.19325735705381,3.9826315909299677,17.739011951200784,2.9454855486437963,17.184905176814034,2.677173156849406,25.790583616310833,5.328944299968664
no_vocals,17.5,22.5,-278.19561767578125,41.42252731323242,183.880126953125,17.81001853942871,-26.10318946838379,18.07916831970215,46.242454528808594,18.604564666748047,-1.4253524541854858,13.188539505004883,16.447786331176758,7.633624076843262,-7.254173755645752,8.4848051071167,-2.4561614990234375,8.391140937805176,-3.1971828937530518,6.744340896606445,3.813232660293579,6.771993160247803,-1.9818757772445679,5.628359317779541,2.490020751953125,5.682261943817139,-0.43667885661125183,5.86655855178833,0.25511372089385986,0.3587800860404968,0.6126525402069092,0.3560488820075989,0.1862996369600296,0.19020164012908936,0.47211748361587524,0.688985288143158,0.3830975294113159,0.3188030421733856,0.22606287896633148,0.24404357373714447,0.046875632422049195,0.012414031635512364,1788.9926827446493,459.5615292856984,2675.814110882537,431.69102735758094,3501.7684617894433,1270.0424422244664,0.033476154654872387,0.008720640761165098,13.838184786942069,4.389734514310781,10.533781495031228,3.185174614359735,17.08621041397598,3.437826942966478,19.69389875091219,3.945783319135664,17.687920009104747,2.9638846000563346,17.332213851378917,2.856318039965922,26.189543226529043,4.536191795104113
no_vocals,20.0,25.0,-274.31597900390625,42.89997100830078,185.74697875976562,19.701345443725586,-27.552465438842773,19.70576286315918,43.12794494628906,19.170955657958984,-4.7194013595581055,12.361798286437988,18.007221221923828,8.755553245544434,-6.416715145111084,8.90751838684082,-1.0965461730957031,8.109323501586914,-4.236827850341797,7.159164905548096,3.9477415084838867,6.8368821144104,-3.803313970565796,6.507323265075684,3.397655725479126,5.6738600730896,0.6329289674758911,5.450038433074951,0.23311404883861542,0.3038618266582489,0.4746014177799225,0.3623271584510803,0.35321786999702454,0.2725406587123871,0.49307459592819214,0.4901503622531891,0.29250121116638184,0.2936399579048157,0.2631004750728607,0.38200458884239197,0.04829509717060076,0.01197651829482669,1795.363615790702,471.6671353442587,2671.6578481875763,482.70861240252896,3476.987791835847,1304.8800496122801,0.034247661687935034,0.009282251122561477,13.687551198336507,4.135009155675452,10.334962896781198,3.1119679284214867,16.85045932250629,3.6749014029424214,19.15770643110463,4.1831631233992495,17.66655446219566,2.828647313143928,17.126140087021692,2.9074668505916756,26.254824044502715,4.68835430400173
no_vocals,22.5,27.5,-285.1524658203125,45.531070709228516,189.30242919921875,19.524372100830078,-26.591941833496094,21.46282196044922,39.22151565551758,17.721881866455078,-0.6379363536834717,12.384684562683105,13.729666709899902,10.243263244628906,-5.23008394241333,8.120325088500977,-0.20491614937782288,7.71975040435791,-3.541579008102417,6.764177322387695,1.569617509841919,7.145169734954834,-6.354783535003662,6.062000274658203,2.1331286430358887,5.874279022216797,0.12033406645059586,6.263844966888428,0.44922545552253723,0.24107155203819275,0.2718924582004547,0.28696128726005554,0.3967673182487488,0.23921599984169006,0.33234739303588867,0.5469729900360107,0.27061381936073303,0.15492483973503113,0.22881431877613068,0.5178019404411316,0.047375117767852866,0.01333042068802061,1709.202765157173,437.04169452252916,2602.0008495151037,479.22931934172334,3217.5401727450694,1195.5578139058648,0.03341724369199536,0.008512373747970236,13.830218906838642,3.980678931634633,10.363773545145808,3.6192357416695007,18.006842685853222,4.089307599501208,20.119950085731602,3.9271447566478286,17.64813385355213,2.7534992614981144,17.828498811647524,3.0510082093439856,24.902648529866298,4.5389384893482685
no_vocals,25.0,30.0,-282.6014709472656,48.153621673583984,182.37559509277344,18.441574096679688,-24.743053436279297,23.610267639160156,37.531089782714844,18.88393783569336,-0.4931945204734802,12.19001579284668,12.384978294372559,10.199098587036133,-6.398075103759766,8.012188911437988,-0.28776291012763977,8.421042442321777,-2.8613622188568115,6.471263408660889,2.1880953311920166,7.245576858520508,-5.288293361663818,5.819681167602539,1.1782262325286865,5.773726463317871,-0.8142383098602295,6.808260440826416,0.38513386249542236,0.3015286922454834,0.45299917459487915,0.26804685592651367,0.20572681725025177,0.14764687418937683,0.30472201108932495,0.5960381627082825,0.3144267499446869,0.276613712310791,0.19115345180034637,0.31719058752059937,0.04632348515819369,0.014866055599486417,1828.538956820183,453.5809187405578,2775.596217440337,541.0695340629136,3430.374152588457,1295.357498216454,0.03521969257540603,0.009134745977633304,13.75363369890344,3.4828141165417024,11.19921342324109,3.8459859610655793,18.535921589629314,3.593197728985812,20.910469779103135,4.036935894330663,17.880186277961965,3.2900362148203537,17.473895272588983,2.7272906317545202,24.559880109938995,4.967320784164069
no_vocals,27.5,32.5,-253.4893341064453,43.42551803588867,166.81903076171875,20.249679565429688,-26.665630340576172,20.917959213256836,47.958526611328125,20.93915367126465,-10.00758171081543,11.531110763549805,18.9342098236084,10.530333518981934,-10.244362831115723,9.998889923095703,2.8058922290802,8.52685832977295,-7.003748893737793,7.8523125648498535,7.838032245635986,7.445044040679932,-3.802070379257202,6.263510704040527,3.98947811126709,6.349385738372803,-0.8107624053955078,6.519252300262451,0.14993473887443542,0.30416685342788696,0.575937032699585,0.29647934436798096,0.14375197887420654,0.1449044942855835,0.3452158272266388,0.6032056212425232,0.3857678174972534,0.461058646440506,0.23526878654956818,0.1921120434999466,0.05113859744331953,0.01589666973058219,2245.3573647559797,633.0520866654165,3097.3925935577863,569.9092301855529,4629.688632903132,1869.005349191662,0.044565010513341066,0.01870618776813683,14.19549141614316,3.9299942365008627,11.320259090639075,3.225287440126085,17.55413251008875,3.8780185550074213,20.971729605226482,3.952361620047924,18.09589290602328,3.2612219440494594,17.280363666372743,2.5551205695909163,27.960224027991185,4.907020172343918
no_vocals,30.0,35.0,-244.11195373535156,32.79794692993164,165.55137634277344,20.53086280822754,-25.374515533447266,18.790246963500977,51.41545104980469,18.855772018432617,-12.370420455932617,10.46799087524414,16.155542373657227,11.517600059509277,-9.881592750549316,9.903307914733887,3.1775050163269043,8.172561645507812,-9.371878623962402,7.487663269042969,6.84432315826416,8.56353759765625,-3.6285080909729004,6.541310787200928,6.245108604431152,5.977615833282471,0.5399805307388306,5.9790730476379395,0.18030577898025513,0.24418963491916656,0.3967432379722595,0.34039026498794556,0.43454113602638245,0.27604493498802185,0.4263499677181244,0.6147659420967102,0.36289650201797485,0.33552873134613037,0.23879389464855194,0.28287461400032043,0.0540534608161159,0.01427154886768728,2267.6092783329946,640.3748786960157,3114.3680436186855,522.0045697295678,4767.28130437935,1809.517732092727,0.045573294301044086,0.019952368527396142,14.510925926167722,4.283230322788461,10.969041451936894,3.4129780588738905,16.383859893653486,3.3435766689766835,19.81780774492807,3.967691077264397,17.981506392867093,2.9482270823043186,18.342813093819107,3.2755740688579227,28.12895782868043,4.853554298307443
no_vocals,32.5,37.5,-263.463134765625,39.8661003112793,178.8680419921875,21.483104705810547,-23.707706451416016,23.39185333251953,42.89105224609375,22.203022003173828,-7.397771835327148,12.354395866394043,7.813709735870361,10.394458770751953,-7.109001159667969,8.49869155883789,-0.5383668541908264,8.674294471740723,-5.53364372253418,9.095705032348633,1.795824408531189,7.379899501800537,-2.367318630218506,7.0948710441589355,6.30710506439209,5.462506294250488,2.009964942932129,5.686005115509033,0.25071460008621216,0.24478134512901306,0.4057144820690155,0.3850540816783905,0.6367966532707214,0.38890621066093445,0.44788920879364014,0.6935673356056213,0.3775430917739868,0.20789343118667603,0.195143461227417,0.3055446743965149,0.04963366066704217,0.013750635934220391,1940.753955696398,512.3716332223318,2870.046966850442,584.066019947187,3804.2325261020883,1508.7929122052526,0.03920977740719257,0.014167260287678597,13.697532923105516,3.718650771840521,9.984636215416485,3.3250130179111403,16.119376200774205,3.345318738352495,19.74957273729119,3.923815428327495,17.835972435449104,2.8617169059431333,19.24615891971288,3.694292456607233,25.740247595062986,5.995064738075888
no_vocals,35.0,40.0,-253.74130249023438,45.887386322021484,165.42807006835938,33.57583236694336,-28.82355308532715,21.673616409301758,53.169368743896484,25.066869735717773,-10.528888702392578,13.766913414001465,7.871443748474121,9.421367645263672,-10.059613227844238,11.070883750915527,0.43884092569351196,9.699264526367188,-6.4773335456848145,11.38659381866455,4.063258171081543,7.771803379058838,-2.76707124710083,7.957062244415283,5.02591609954834,6.243100166320801,2.192871570587158,5.7628560066223145,0.2520637512207031,0.3583872616291046,0.6771931052207947,0.48040106892585754,0.3987818658351898,0.27472829818725586,0.378574013710022,0.6629081964492798,0.4052430987358093,0.3645070493221283,0.26534003019332886,0.2608262002468109,0.04845691466673759,0.014866978643834714,2391.703675190759,1016.2131473296314,3016.1296001318215,662.6150638636902,4777.073665893271,2236.685758356818,0.05298248078596288,0.03287510971677488,13.633391021632468,3.8022534615777874,10.68452158702147,3.564717016031252,15.913016760399923,3.5501897093309887,19.98985356401227,4.150248682195579,16.876863923899233,2.9403046526758865,18.54393879535513,3.544357324483696,27.245246993333314,5.725325262669252
no_vocals,37.5,42.5,-277.3526916503906,63.563899993896484,171.24440002441406,37.94770812988281,-22.537738800048828,25.243392944335938,48.26520919799805,27.746286392211914,-8.3488130569458,14.556329727172852,7.682088851928711,9.740689277648926,-8.019896507263184,12.797035217285156,0.8603141903877258,9.381976127624512,-7.716028690338135,9.965930938720703,5.131430149078369,8.091398239135742,-1.1920995712280273,8.11740493774414,4.319470405578613,6.934309959411621,3.351638078689575,6.072874546051025,0.24797214567661285,0.33798614144325256,0.6412093043327332,0.4806826710700989,0.4207007586956024,0.25992870330810547,0.30995023250579834,0.5776249170303345,0.39053332805633545,0.3889060616493225,0.3159978985786438,0.3265281021595001,0.0460634747576271,0.014892448020281437,2228.417417187503,1124.453487995502,2851.5200731391565,689.8529371142868,4338.715605060905,2465.073471591932,0.04880433403422274,0.03439741754861541,13.700830042217758,3.884393943773209,11.375835458163126,3.464295465514764,16.574033525692577,3.9184155721652063,19.361544163524986,4.056745486383128,16.765869408061732,3.3755268291042526,16.882937919888423,2.6512685960398836,25.953630999890752,5.50892812613673
no_vocals,40.0,45.0,-321.15521240234375,53.340171813964844,192.82272338867188,27.61258316040039,-9.420879364013672,26.71014976501465,30.250356674194336,24.338354110717773,2.4036130905151367,12.800682067871094,2.539463996887207,9.881717681884766,-3.522355079650879,10.06191635131836,-4.319368839263916,9.054415702819824,-3.9018101692199707,7.167633056640625,3.9948794841766357,8.837967872619629,2.246002197265625,6.628350257873535,4.648752212524414,6.29174280166626,4.555023193359375,6.334008693695068,0.2915169298648834,0.27060839533805847,0.43075335025787354,0.3751537501811981,0.5288188457489014,0.2836505174636841,0.3156096637248993,0.7160403728485107,0.42092183232307434,0.253718763589859,0.2542225122451782,0.3379269540309906,0.04149928965158501,0.014065385423686749,1582.3482316297182,605.5924502492996,2572.9776920536046,688.9120168976747,2817.002610208817,1555.119041282329,0.030523809092227377,0.01150142855614856,14.124582198573446,3.753716904191203,10.831092311965211,3.4309848871830364,17.068743807324278,4.024377652064447,20.41052247579732,4.234026799574585,17.458600707750918,3.4575626705414706,16.458011964194394,2.8447978866349186,22.437894153748154,4.5965073567545955
no_vocals,42.5,47.5,-301.3271179199219,57.01409149169922,191.13699340820312,31.543949127197266,-18.592287063598633,25.814193725585938,34.20587158203125,29.20311737060547,0.7854905724525452,14.034919738769531,1.8470852375030518,9.8661470413208,-6.319952011108398,9.642208099365234,-5.222463607788086,8.56750774383545,-3.3666160106658936,7.3243327140808105,4.44321870803833,8.70307445526123,0.8547388911247253,7.000912666320801,4.816134452819824,6.055990695953369,2.683610677719116,6.769059658050537,0.2689938545227051,0.31700751185417175,0.4600146412849426,0.34303662180900574,0.40211278200149536,0.24910783767700195,0.3498792052268982,0.6157664060592651,0.4103732407093048,0.46074390411376953,0.30562150478363037,0.2664719820022583,0.04437948574512989,0.015269850444222246,1737.0414630681119,703.7401332501128,2588.59386416448,649.9334418407183,3219.1389256453017,1718.6684115431303,0.03639451312354988,0.017551216720146527,14.160447548549557,3.8602726920098753,10.554257841649852,3.4324162753951817,15.978759190417078,3.4858874924929095,20.913726103471195,4.116931948066533,17.43315770576132,3.3742010648831324,16.836064309548416,2.960547869600479,23.939131506918176,5.284154202993697
no_vocals,45.0,50.0,-284.7232971191406,49.379051208496094,190.30101013183594,28.620342254638672,-25.877614974975586,20.134437561035156,37.68635559082031,27.369409561157227,-1.29096257686615,13.991193771362305,4.832901477813721,9.661504745483398,-7.277766704559326,9.422612190246582,-4.35825252532959,9.443925857543945,-4.438002586364746,7.182770729064941,2.3361802101135254,8.075847625732422,-0.3152795732021332,6.273398399353027,6.003557205200195,6.241542816162109,2.2505550384521484,5.895118713378906,0.24896474182605743,0.273171067237854,0.3837772011756897,0.29771581292152405,0.4010239839553833,0.22645506262779236,0.39498886466026306,0.6384103894233704,0.35702741146087646,0.4114820063114166,0.26777446269989014,0.31094667315483093,0.045993239729040736,0.014905836032150796,1796.781357181215,655.1782298545377,2575.5677491387214,610.6527524287964,3444.7629286905453,1669.1026683132159,0.038680711644431556,0.0159642244032378,14.229045134785169,4.386833609833046,10.157798383025312,3.3276960107628946,15.937654516378139,3.370215731714337,20.95476087694103,3.9737798905997654,17.852491078751292,3.2717889153580217,17.171657482954974,2.348801439973603,24.843963798716555,5.449486037486096
no_vocals,47.5,52.5,-284.85748291015625,47.094478607177734,192.6365966796875,22.152767181396484,-21.18649673461914,21.064842224121094,36.06618881225586,21.253873825073242,-0.4169362485408783,11.430731773376465,7.847104549407959,8.61761474609375,-7.233197212219238,8.811755180358887,-5.953303813934326,9.134199142456055,-5.016993522644043,7.13151216506958,1.1553549766540527,6.957174777984619,0.10341143608093262,5.542963981628418,6.471882343292236,5.8036980628967285,2.0914249420166016,5.857415676116943,0.2584393620491028,0.22475863993167877,0.4417119324207306,0.29018130898475647,0.312212735414505,0.17830073833465576,0.29974693059921265,0.8332207798957825,0.38992297649383545,0.1948367804288864,0.1935882866382599,0.31672048568725586,0.04707579635809718,0.014115491779735657,1679.2594039886826,512.4665279628508,2565.110300478348,604.055565162239,3171.5260658352668,1425.5200302792975,0.03443345780162413,0.007603646799041977,13.841426828837957,4.362556878534352,10.45985178113374,3.248016349855892,16.865511853483397,3.4019312897237426,20.737106986783314,3.9834982718699674,17.999255487533826,3.0682005302842894,16.817150956888344,2.5013593758307655,24.101972164852672,4.643789060587922
no_vocals,50.0,55.0,-280.77630615234375,46.20286178588867,196.24815368652344,21.352054595947266,-23.848726272583008,21.45646095275879,38.74695587158203,19.748037338256836,-3.8107099533081055,11.509599685668945,9.584877014160156,9.023347854614258,-9.22424030303955,8.285202980041504,-6.029805660247803,8.481600761413574,-4.900362968444824,6.929495334625244,3.2799630165100098,6.1025919914245605,0.4085608422756195,5.54158878326416,5.981678485870361,5.293607234954834,1.7082501649856567,6.122879505157471,0.18237757682800293,0.3099139928817749,0.642318844795227,0.35281914472579956,0.1776292622089386,0.17042213678359985,0.47212350368499756,0.6315816044807434,0.339508056640625,0.32214659452438354,0.2173687070608139,0.19935764372348785,0.050322710672553346,0.012838189539365746,1630.8739568772526,487.5431759016204,2466.9157751900634,516.3000499382996,3072.6032301334108,1304.722803628563,0.033390054016821345,0.008758478584907532,13.640409351165632,4.085297322988253,10.473168990652354,3.1475329344262786,16.61031701489527,3.754932792420852,19.969317367027962,4.1061177895068965,17.528494536012296,3.10081047483493,17.034266395293066,2.709724824384798,25.03222301655756,4.580639987825359
no_vocals,52.5,57.5,-281.5522155761719,47.45306396484375,195.75257873535156,20.45009994506836,-24.716012954711914,19.895505905151367,37.86796188354492,20.640182495117188,-5.700709819793701,13.061684608459473,7.484641075134277,9.979928970336914,-9.36587142944336,8.60360050201416,-6.802425861358643,8.71003246307373,-2.9821970462799072,6.503193378448486,3.4230384826660156,6.419741153717041,0.39933979511260986,5.754819869995117,4.6124114990234375,5.36576509475708,2.7602596282958984,6.149068355560303,0.19053035974502563,0.2335287183523178,0.39220136404037476,0.279139906167984,0.33431312441825867,0.2269527167081833,0.45620834827423096,0.44243887066841125,0.2720228135585785,0.3471332788467407,0.24882610142230988,0.335625022649765,0.051177117606223045,0.012850948056399952,1634.380418583716,477.6163192947665,2454.142896106406,452.2390389367107,3059.063791509571,1302.163067269678,0.03404600493039443,0.008619239009345022,13.806214210589511,4.038005030141188,10.157282029643493,3.090613390725806,16.884708485450595,3.617355959503706,20.623241096967142,4.2990975353437335,17.545893605554394,2.8723663259569006,16.752639135145554,2.6586925973766387,25.232648771065673,4.342602906217734
no_vocals,55.0,60.0,-283.8155822753906,47.341163635253906,196.2047882080078,20.672773361206055,-22.57490348815918,21.950836181640625,37.02943420410156,21.352392196655273,-6.355296611785889,13.124788284301758,7.535119533538818,9.73718547821045,-11.824980735778809,8.231040000915527,-6.764391899108887,9.286761283874512,-3.178724527359009,7.781309604644775,2.4274649620056152,6.782110691070557,-0.7465730309486389,6.364025115966797,3.813901662826538,5.749885082244873,1.8281468152999878,5.924806118011475,0.23462292551994324,0.18528804183006287,0.35274773836135864,0.2454308122396469,0.3089914619922638,0.1554548591375351,0.2611411511898041,0.6105560660362244,0.2827954590320587,0.22829487919807434,0.21397346258163452,0.3968777060508728,0.051688857808743716,0.013381424968372324,1623.36434682041,511.986689935519,2434.7843435049795,423.97862363760026,2999.310401863399,1392.4202448121155,0.03498291582076566,0.010034188212521937,13.538486759378001,4.064016363331954,10.472152127031636,3.309621641516488,17.447582422821803,3.6342886652968827,21.647938500318045,3.9777164513892442,17.957646285575088,2.8994466577426294,17.198198945926613,2.8513354815292002,25.266694197983206,4.308998419213063
no_vocals,57.5,62.5,-283.924072265625,46.03526306152344,191.1492919921875,23.114023208618164,-17.743112564086914,22.364368438720703,40.872711181640625,19.41214942932129,-6.710995674133301,13.511432647705078,8.9217529296875,9.550935745239258,-12.08415699005127,9.288721084594727,-5.239053249359131,10.189805030822754,-3.9278249740600586,8.677512168884277,3.5044634342193604,7.1553053855896,-2.502530813217163,6.462332725524902,3.923647165298462,5.773261547088623,1.8771816492080688,5.671257495880127,0.1868341714143753,0.29407015442848206,0.6385445594787598,0.35476237535476685,0.16472142934799194,0.12985999882221222,0.31217053532600403,0.6337411403656006,0.3473360240459442,0.30299052596092224,0.20407629013061523,0.2079545259475708,0.05120008758197943,0.013536931164947983,1670.982343673865,576.7785768505788,2537.7053865838934,501.227649944236,3112.4721305829466,1572.9671731955643,0.034793720997679814,0.010848219225856682,12.999034823450554,3.442278622914099,11.16092310213399,3.267455766874186,17.338456075871118,3.677459956135066,21.46095493247977,4.524086697636615,18.089011806910445,2.9330385870913585,17.42294245893928,2.9851996840703725,25.380586568826697,4.348269490987077
no_vocals,60.0,65.0,-245.6693878173828,54.81797790527344,162.10484313964844,33.687042236328125,-25.452489852905273,21.533283233642578,53.009761810302734,21.689699172973633,-12.072511672973633,13.767698287963867,16.61160659790039,12.455116271972656,-15.558563232421875,10.219661712646484,3.558973789215088,12.218181610107422,-7.54133415222168,8.597880363464355,6.919809818267822,7.982301235198975,-4.149670600891113,5.624919414520264,3.4577062129974365,6.037926197052002,1.7331078052520752,5.925178527832031,0.1195380762219429,0.2903258502483368,0.6124724745750427,0.32603150606155396,0.1438205987215042,0.14699161052703857,0.40945327281951904,0.6583519577980042,0.35327377915382385,0.3609868288040161,0.21015214920043945,0.1472073793411255,0.054511878548704276,0.012275916580246436,2407.0273642082825,1002.7842639583221,3030.9368232192046,570.2870747981302,4738.803518343968,2290.38988609348,0.056051515371229696,0.031787999603469064,13.09925503389096,3.575904387248671,11.21490638411934,3.6884961328399193,16.970917661780767,3.8566128848148478,21.221178417140788,4.687567476502465,19.28514436286114,3.35149111349611,17.830388290835355,3.06849098905021,27.910035272917824,5.397941098945921
no_vocals,62.5,67.5,-228.02944946289062,33.963218688964844,157.98611450195312,29.00745964050293,-41.500240325927734,13.303500175476074,51.24910354614258,21.45704460144043,-7.501438617706299,14.94129467010498,18.295255661010742,11.22240161895752,-14.103034019470215,9.773927688598633,9.360612869262695,7.7551445960998535,-7.3612799644470215,7.651320934295654,4.777925491333008,8.736673355102539,-4.411301612854004,5.225376129150391,2.8505477905273438,5.778461933135986,1.2694100141525269,6.094119548797607,0.14788834750652313,0.2707289755344391,0.4843510389328003,0.3524439334869385,0.44177505373954773,0.2340388298034668,0.392907977104187,0.6050301790237427,0.3173595666885376,0.2264264076948166,0.16831271350383759,0.2307504117488861,0.05557787093807124,0.00983704423070096,2564.833979713443,842.1049570709007,3005.4860782508335,530.8591753364768,5009.542329792634,1851.8464567107485,0.06666341901102088,0.02795148938787753,13.803092395489598,3.8409365153654433,10.431349952726551,3.25685024671189,16.67636408788888,3.7305212850389666,19.68053062584305,4.1317466994869845,20.6221803499059,3.4841005083563417,20.928632739382913,3.808776185707227,27.927530785621116,5.214416604336504
no_vocals,65.0,70.0,-240.63780212402344,25.127920150756836,171.30587768554688,19.291881561279297,-46.71757125854492,16.186155319213867,44.27449035644531,19.156278610229492,-1.8459105491638184,12.786127090454102,13.848315238952637,9.6931791305542,-9.771753311157227,8.035201072692871,8.139381408691406,6.840310573577881,-6.0111589431762695,7.042057037353516,0.289032906293869,7.299368381500244,-5.384148597717285,6.0253143310546875,2.855167865753174,4.96781063079834,1.059936761856079,6.510086536407471,0.175292506814003,0.24015018343925476,0.4518607556819916,0.37999120354652405,0.6992166042327881,0.3254077434539795,0.328637033700943,0.37442925572395325,0.27286744117736816,0.2050284594297409,0.16433358192443848,0.3127408027648926,0.052518635331339734,0.009083714587389874,2223.249382705915,430.2495884411946,2760.5528231370936,407.910760834533,4109.144680793213,943.246489095124,0.062254160020301624,0.019324959882236196,13.334343759226533,4.092492374227556,10.119955109861445,3.3620385855445516,16.157019289008097,3.415880565214454,19.373934180396592,4.028110551912515,21.689975683577433,3.4480615876704213,23.169869068698546,3.487991011122212,25.91903399015044,4.708373960591159
no_vocals,67.5,72.5,-236.0641326904297,22.469221115112305,163.29043579101562,17.92281150817871,-47.04372024536133,16.64777183532715,50.651893615722656,18.69632339477539,-5.857102394104004,12.344742774963379,16.956541061401367,9.04413890838623,-15.399022102355957,9.5062255859375,8.535862922668457,6.929818153381348,-8.694578170776367,7.271331310272217,1.9864553213119507,7.565520763397217,-4.787978649139404,7.3145751953125,4.408236980438232,6.33327579498291,0.45906442403793335,6.664790153503418,0.12462372332811356,0.21514753997325897,0.4847796857357025,0.2793624997138977,0.3936421573162079,0.22512146830558777,0.37105420231819153,0.5438440442085266,0.29576724767684937,0.21229837834835052,0.1383315771818161,0.21124212443828583,0.0524162066551552,0.008440134936477155,2386.9141109195502,410.15773019350183,2886.7669026048234,432.5999756661302,4478.106873549884,968.552387790162,0.06593949390951276,0.01644316946489296,13.239545092858917,3.6765719213102774,10.36095673674667,3.315669903871149,16.865631572647434,3.6455185286288,20.330928060494973,3.930774169536713,22.302916223661246,3.230745883778213,22.69507079344841,3.202550395193479,27.726769941739306,4.773541729266858
no_vocals,70.0,75.0,-239.93003845214844,21.90230941772461,165.80247497558594,17.03343391418457,-45.239967346191406,12.68903636932373,52.731868743896484,13.841961860656738,-6.900732040405273,12.3558349609375,15.72464370727539,8.695587158203125,-16.885759353637695,8.315142631530762,7.289854526519775,7.29358434677124,-9.967540740966797,6.599081039428711,2.4050559997558594,7.496957778930664,-5.456892013549805,7.406877040863037,3.39341139793396,6.914704322814941,-0.4456152617931366,6.422645092010498,0.13524119555950165,0.22796741127967834,0.4177476167678833,0.264166921377182,0.3828122019767761,0.22334927320480347,0.44157007336616516,0.6214644908905029,0.3082696199417114,0.19782929122447968,0.1426592320203781,0.23509542644023895,0.05224067598512167,0.009262550650872392,2308.5318458597812,375.6532224374711,2842.6484397177924,359.3142200606163,4400.517396860499,853.3569655170807,0.062509063225058,0.016246666667795912,13.408557229675015,3.8385342016622777,10.524447714744296,3.648083679867456,16.482193438241715,3.5728925107126246,20.586969989229477,3.651874932807638,21.877279928789083,3.5721759866838796,22.47535007236669,3.2928084892819633,28.06419022721073,3.9677225874918034
no_vocals,72.5,77.5,-231.91224670410156,22.60767936706543,154.6481475830078,18.436399459838867,-35.63869857788086,10.550509452819824,46.74467468261719,13.23702621459961,-4.305201053619385,12.056788444519043,8.737998962402344,8.810909271240234,-9.032383918762207,7.2435736656188965,3.4622833728790283,8.68327522277832,-4.860219955444336,6.69047212600708,0.8397582173347473,8.606217384338379,-0.7509700655937195,8.512121200561523,-0.12768511474132538,5.5648298263549805,-1.8328968286514282,6.546036243438721,0.1550513505935669,0.188689723610878,0.29805129766464233,0.25687241554260254,0.48835134506225586,0.224598228931427,0.2941471338272095,0.36495354771614075,0.3179737627506256,0.4771554470062256,0.23872704803943634,0.2850232720375061,0.05422920781228769,0.016207185224345066,2381.0575386404785,416.6942768624946,2898.348650652194,301.0486336447909,4605.9571445403135,948.2853388830505,0.06589191197795824,0.01863399671163088,13.332371122972795,4.071544610233428,10.22703919576682,3.1527848815908674,16.67326473390731,3.645987712186972,21.591139098392016,4.196149975602855,22.31002451744359,3.6036827064651598,23.100340840609565,3.4299422687587238,28.398340732145776,4.157181002185121
no_vocals,75.0,80.0,-237.96139526367188,46.13386535644531,147.69281005859375,16.955333709716797,-34.02363967895508,15.361257553100586,44.489219665527344,16.584104537963867,-3.4853436946868896,14.917328834533691,10.522501945495605,8.307124137878418,-8.421515464782715,7.9598164558410645,4.070016860961914,8.604393005371094,-4.3312668800354,6.230688571929932,0.4144023656845093,8.684992790222168,-2.299020528793335,9.4012451171875,-2.632915496826172,6.919375896453857,-2.875889539718628,6.074846267700195,0.09789302945137024,0.2610599100589752,0.6356426477432251,0.2629270553588867,0.2187347710132599,0.1031234934926033,0.11857308447360992,0.13301584124565125,0.22821564972400665,0.5163298845291138,0.1872817426919937,0.1166008859872818,0.05456839034899966,0.019149794338700177,2475.159881113496,495.882849185605,2925.2135628408314,358.02549716033224,4752.692684164733,1084.1323273945873,0.07192688696345707,0.022012832207365517,13.522891875461427,4.460002626635861,11.18492164954535,3.5626112087575676,17.47317001835676,3.7310362547411278,21.90026974821881,4.066849773384802,23.061499565277213,3.515238234520318,24.49032427009284,3.8500560402017414,29.29985509145756,4.89599584301889
no_vocals,77.5,80.43673469387755,-285.4911804199219,99.1107177734375,162.7833251953125,21.869070053100586,-35.75133514404297,26.42418098449707,44.70392608642578,19.735767364501953,-0.31313207745552063,20.7489070892334,15.87816333770752,9.059200286865234,-10.367851257324219,10.099010467529297,5.182651519775391,9.156033515930176,-9.566136360168457,5.041265487670898,-2.131425142288208,8.451896667480469,-9.593881607055664,7.849184036254883,-2.9128832817077637,6.6471171379089355,-2.949474573135376,5.791816711425781,0.07396076619625092,0.32861360907554626,0.9956573843955994,0.4508940875530243,0.08592436462640762,0.05170032009482384,0.08898892998695374,0.053835827857255936,0.09620018303394318,0.26916760206222534,0.13101477921009064,0.04751639813184738,0.046936719236378245,0.021774989145717526,2270.3284077117046,702.5018695146699,2827.0040853042774,466.8046067499193,4229.870074728261,1586.4661052554554,0.06546442687747035,0.029763946277981804,12.702978917814967,4.27993940582352,11.488661903955025,3.6093125929640806,16.865540724166806,3.834951998594073,20.41654253900247,3.6582239611429084,22.67016434217723,3.6651103527186724,24.96225647716665,4.593097755514172,27.069647644542265,6.3459660666196935
