stem,start_seconds,end_seconds,mfcc_1_mean,mfcc_1_std,mfcc_2_mean,mfcc_2_std,mfcc_3_mean,mfcc_3_std,mfcc_4_mean,mfcc_4_std,mfcc_5_mean,mfcc_5_std,mfcc_6_mean,mfcc_6_std,mfcc_7_mean,mfcc_7_std,mfcc_8_mean,mfcc_8_std,mfcc_9_mean,mfcc_9_std,mfcc_10_mean,mfcc_10_std,mfcc_11_mean,mfcc_11_std,mfcc_12_mean,mfcc_12_std,mfcc_13_mean,mfcc_13_std,chroma_0,chroma_1,chroma_2,chroma_3,chroma_4,chroma_5,chroma_6,chroma_7,chroma_8,chroma_9,chroma_10,chroma_11,rms_mean,rms_std,spectral_centroid_mean,spectral_centroid_std,spectral_bandwidth_mean,spectral_bandwidth_std,spectral_rolloff_mean,spectral_rolloff_std,zero_crossing_rate_mean,zero_crossing_rate_std,spectral_contrast_0_mean,spectral_contrast_0_std,spectral_contrast_1_mean,spectral_contrast_1_std,spectral_contrast_2_mean,spectral_contrast_2_std,spectral_contrast_3_mean,spectral_contrast_3_std,spectral_contrast_4_mean,spectral_contrast_4_std,spectral_contrast_5_mean,spectral_contrast_5_std,spectral_contrast_6_mean,spectral_contrast_6_std
original_mix,0.0,5.0,-243.96070861816406,78.85797119140625,122.50867462158203,39.05461502075195,24.369043350219727,37.35590362548828,51.64183807373047,25.4173526763916,-1.4466215372085571,22.06654167175293,1.7125420570373535,18.908096313476562,-14.960768699645996,15.842455863952637,16.24325942993164,11.578486442565918,-18.59534454345703,16.442289352416992,-5.724682331085205,13.722570419311523,4.133627414703369,16.347610473632812,-1.5700421333312988,13.772950172424316,-14.855720520019531,12.665265083312988,0.30226725339889526,0.2549612522125244,0.22947394847869873,0.21597212553024292,0.2949729561805725,0.32425299286842346,0.3428766429424286,0.4606895446777344,0.42891570925712585,0.48061737418174744,0.3621000647544861,0.28265058994293213,0.16955755134340023,0.09552194256292362,2504.906969073946,1773.714088522974,3227.672825665898,1008.7977021080255,5060.202812318736,3882.3430290620445,0.045569895591647334,0.05705234948475437,17.6610457057666,6.31626349455376,15.797377112551466,5.959245537615002,19.760684430415054,5.209132458353182,22.028763522134877,6.581271546695477,19.881760737594664,5.841387070107061,21.747637621477278,5.910791107683053,39.33035764238543,5.928316919831159
original_mix,2.5,7.5,-277.4969787597656,92.7027359008789,111.82865142822266,35.70180130004883,26.728599548339844,36.3973503112793,56.90584182739258,24.8538761138916,12.600234985351562,23.69236946105957,9.84847640991211,15.95807933807373,-10.764902114868164,19.132810592651367,15.17210865020752,10.35966968536377,-13.800931930541992,15.585328102111816,-4.249576091766357,13.634398460388184,5.354739189147949,14.66978931427002,-2.374537706375122,13.213261604309082,-12.783160209655762,11.564895629882812,0.3065814971923828,0.27568089962005615,0.24056196212768555,0.26951178908348083,0.43299540877342224,0.46865639090538025,0.4114191234111786,0.47848159074783325,0.5146641135215759,0.5917524099349976,0.43262383341789246,0.323967307806015,0.1420431800787348,0.10262712904556458,2441.0821347641304,1689.3987598362053,3262.510391954598,908.0236340360175,5015.3378090559745,3631.8250445019785,0.04239436811194896,0.05593874284208316,19.106008483634838,6.676766772099572,14.849541118726235,5.46853123259228,18.84864558225812,6.195053121685674,19.69799071346442,6.613652483979057,17.756148477820688,4.3280799649312645,20.27361143517054,4.690864869772457,37.95300286881235,6.18455682583799
original_mix,5.0,10.0,-265.206298828125,97.98019409179688,116.82534790039062,33.49777603149414,23.262147903442383,36.748748779296875,54.08393478393555,22.79778480529785,11.123149871826172,22.9876708984375,16.151012420654297,15.249991416931152,-8.32708740234375,20.190649032592773,16.738149642944336,11.658614158630371,-17.212387084960938,14.922833442687988,-6.657289981842041,14.315284729003906,-0.2744145691394806,11.316994667053223,-3.099414348602295,12.297086715698242,-14.701475143432617,10.795419692993164,0.3748886287212372,0.3243792653083801,0.31007933616638184,0.3409111797809601,0.4464007318019867,0.4917861819267273,0.43515545129776,0.43940114974975586,0.49196702241897583,0.5212369561195374,0.43582677841186523,0.374263733625412,0.14973839171654318,0.0966851937732104,2404.318769924723,1469.0278495955406,3378.671061668641,831.6579863181722,4984.461893670244,3382.875247575232,0.03804968459976798,0.045991612335331486,20.225972305396237,6.274991736437903,14.40356969992027,4.694718245163085,18.15681763865172,6.208596714409247,17.909426304644334,5.3445822796833715,17.638486842114105,4.170383400152929,19.942884520534562,4.697139592209162,38.24398780658857,6.419654130737141
original_mix,7.5,12.5,-237.79132080078125,70.5130615234375,124.91863250732422,30.612661361694336,21.45185661315918,33.80164337158203,58.38220977783203,23.635095596313477,10.333908081054688,23.059452056884766,14.736051559448242,15.299099922180176,-10.489197731018066,18.505693435668945,19.831857681274414,12.046625137329102,-18.539081573486328,13.159818649291992,-5.0572333335876465,15.526012420654297,-1.608649492263794,12.381299018859863,-1.6350494623184204,13.21147346496582,-11.898372650146484,11.26288890838623,0.4165497124195099,0.31815794110298157,0.28867268562316895,0.307880699634552,0.34079116582870483,0.3798920810222626,0.38155052065849304,0.4330796003341675,0.40762966871261597,0.3947758972644806,0.3852684795856476,0.4181132912635803,0.17541948979474137,0.08368586638744029,2325.4073640488477,1351.2803009179504,3395.111548531771,787.8838170633367,4748.745762942285,3342.2607135469075,0.03294255727958237,0.03923813889375949,20.258715152714263,6.4233243676348,14.329575416704094,5.241952662951555,19.52815860316673,5.9271730412978805,18.175407299721414,5.233821778092991,18.221702598024468,4.609013821924706,20.07454123525747,4.38482095371324,39.62523817762689,4.796042812788465
original_mix,10.0,15.0,-233.06536865234375,74.6869125366211,128.92588806152344,31.43198013305664,18.78163719177246,32.97492980957031,60.97350311279297,22.69027328491211,10.271539688110352,22.966264724731445,14.679760932922363,13.887228012084961,-8.92104434967041,17.150785446166992,19.8165340423584,11.684741973876953,-17.435710906982422,14.163413047790527,1.9974887371063232,13.317023277282715,0.8680302500724792,12.003610610961914,0.8341963887214661,12.458712577819824,-7.470459461212158,11.052098274230957,0.4038832187652588,0.33829692006111145,0.3602178692817688,0.3700949251651764,0.44540271162986755,0.42749229073524475,0.36818569898605347,0.41579049825668335,0.35642194747924805,0.32548224925994873,0.3348868787288666,0.3931066691875458,0.1613461904210447,0.08202004185949334,2349.2681493489285,1399.9396693715812,3361.018026288575,724.8882225060513,4649.473200043503,3209.312299302313,0.03569777769721578,0.044749267454386156,20.197595265115112,6.4099947839374725,14.270583048242665,4.8327898918572725,19.24451639412893,5.165522277084736,18.447533901810814,4.874757532716834,17.66484299034279,4.265057462280685,19.05267805694932,3.5885690515564423,39.452521948561895,4.9487993550708245
original_mix,12.5,17.5,-239.43545532226562,81.97367095947266,135.69679260253906,34.21030807495117,25.071884155273438,36.71608352661133,58.55223083496094,22.756153106689453,6.140230655670166,20.30484962463379,8.435269355773926,14.91380500793457,-11.430882453918457,14.649314880371094,15.23400592803955,13.065232276916504,-13.80758285522461,15.573582649230957,4.1277546882629395,13.02774429321289,6.391641139984131,11.851646423339844,5.578207492828369,11.74842643737793,-3.152900457382202,13.948012351989746,0.39383599162101746,0.34824010729789734,0.40376701951026917,0.4122655689716339,0.5627281069755554,0.47001898288726807,0.33482131361961365,0.3333415985107422,0.2980555593967438,0.34977754950523376,0.29143497347831726,0.2953607439994812,0.1425518250555284,0.08317217959658267,2265.9902886093,1516.8101548743136,3168.8437415647372,907.7175256898499,4521.073357743619,3432.1227165726514,0.04006058765951276,0.050650373534407614,18.789934064776496,5.32467108119357,13.925029748861043,4.64537001325992,18.103268934279583,4.440388746662032,20.730116144793584,6.068665559538809,17.732331614539618,4.296579153409022,19.773275883932286,4.768859136553188,38.727623867983425,5.794235347280769
original_mix,15.0,20.0,-258.9560546875,93.16151428222656,129.00804138183594,34.577030181884766,35.30260467529297,36.12903594970703,63.110660552978516,21.702726364135742,11.810096740722656,21.29909324645996,10.603619575500488,15.845071792602539,-10.178546905517578,17.069814682006836,17.591312408447266,14.26806640625,-11.848654747009277,14.020509719848633,6.0187296867370605,12.64527702331543,5.767237663269043,11.83720874786377,4.843366622924805,11.919281959533691,-3.3385043144226074,13.35385799407959,0.4481957256793976,0.40443602204322815,0.4180034399032593,0.4165820777416229,0.5509539246559143,0.5065065622329712,0.401984840631485,0.4170248210430145,0.4037812054157257,0.45402467250823975,0.3486199676990509,0.3294430673122406,0.13366381695662602,0.08572433121048854,2236.2751083832645,1455.4713281302124,3267.81263591933,1014.511351115156,4675.353012616009,3722.166003480036,0.03734388594837587,0.04339079238151641,19.02487154455654,6.095333100957826,13.448253903649912,4.793391977267555,17.82648762800682,4.61759108656386,21.309028405702435,6.288222921486817,17.701307368102725,4.597005425060268,19.752006605966145,5.669739395282584,38.339907392163205,5.914877660651365
original_mix,17.5,22.5,-249.2875213623047,93.39332580566406,128.62423706054688,32.908546447753906,31.964807510375977,41.249935150146484,61.34447479248047,21.56760597229004,15.4734468460083,19.623746871948242,18.247249603271484,11.936519622802734,-6.9475812911987305,18.174427032470703,20.386571884155273,12.298349380493164,-17.17206382751465,15.19002914428711,5.429753303527832,12.729116439819336,1.3140909671783447,10.65980339050293,2.665374994277954,12.014323234558105,-6.423977851867676,8.803689956665039,0.45272254943847656,0.40379711985588074,0.3913046419620514,0.3854408264160156,0.440979927778244,0.4477238059043884,0.43689581751823425,0.47832342982292175,0.43913817405700684,0.38919681310653687,0.3418283760547638,0.3859964609146118,0.1582169622537224,0.08757196859231448,2214.1479576584893,1345.1998045196303,3359.690837669627,903.7330759683564,4428.095884389501,3473.3919050093855,0.03542021642981438,0.03943808592529221,19.55647267655691,5.584435340932785,13.765789484269755,5.385415771698115,18.20874354841391,4.595075120994471,19.449820876708895,5.662789413461926,17.792799495351804,4.682545842847501,19.529993224123125,5.319560027223809,38.987510580191795,5.566706903229383
original_mix,20.0,25.0,-233.17984008789062,74.33164978027344,133.94032287597656,34.80579376220703,30.149917602539062,42.05232620239258,59.6517448425293,23.631956100463867,11.218292236328125,20.789691925048828,14.688376426696777,12.106698989868164,-8.16564655303955,16.71461296081543,20.688379287719727,11.664715766906738,-17.86069679260254,14.424320220947266,4.096795558929443,13.304295539855957,0.6140286922454834,12.014066696166992,5.607247352600098,12.531493186950684,-8.490633010864258,10.0899019241333,0.4755377173423767,0.38387078046798706,0.3442406952381134,0.3103601932525635,0.3493722677230835,0.3958233892917633,0.397489458322525,0.4756006598472595,0.4194294810295105,0.3537159264087677,0.3317355215549469,0.4187409579753876,0.16901185980667371,0.08481745926229618,2225.9467128861065,1376.1419468956992,3306.716613278411,867.682036586035,4384.230101689385,3388.728998556515,0.037491163355568444,0.04515208641623457,20.386417883071278,5.931264384233441,13.47341763337661,5.003853364499308,18.740466051524542,4.620251856825442,20.32133394640985,5.670187658985923,18.259657779389908,4.433351537630287,20.313511632696784,4.437076878373749,39.69407172091037,5.353239585909928
original_mix,22.5,27.5,-229.86436462402344,74.72782135009766,131.4877471923828,37.42207336425781,29.147010803222656,37.603214263916016,58.95924377441406,26.192516326904297,6.091588020324707,17.722015380859375,13.056706428527832,10.846542358398438,-13.868694305419922,18.669822692871094,20.87718391418457,12.700125694274902,-14.204071998596191,12.592790603637695,0.12030496448278427,16.693126678466797,1.9618242979049683,12.28639030456543,3.924011707305908,12.612167358398438,-11.721543312072754,11.87990951538086,0.5073874592781067,0.4453921616077423,0.43322068452835083,0.39219194650650024,0.36610180139541626,0.35301604866981506,0.31542161107063293,0.3715880513191223,0.30292853713035583,0.26709166169166565,0.311046838760376,0.45953407883644104,0.1397287825645399,0.07649993091722232,2526.479426367926,1517.1120940899823,3421.2054826800804,947.6145742836146,5380.303119562065,3726.694554308086,0.044818780814965195,0.048396723142964046,20.570266490255392,6.308130406771237,12.875427789715847,4.512313766403618,18.8423111838839,4.757497646714043,21.567155521447713,6.22031883210385,19.14149415557581,5.191544742009584,21.920879782024425,6.906662606255248,40.2222246234787,6.206488095621147
original_mix,25.0,30.0,-245.8087615966797,82.89440155029297,139.558837890625,34.49473571777344,32.024593353271484,36.771446228027344,55.28327941894531,26.722881317138672,5.430479526519775,12.939663887023926,15.35587215423584,11.140408515930176,-18.52968406677246,17.03445053100586,19.75852394104004,13.175853729248047,-11.659745216369629,10.98808765411377,-1.2365391254425049,15.131658554077148,3.950035572052002,9.940529823303223,1.6522700786590576,11.672511100769043,-10.665679931640625,11.760825157165527,0.5696852207183838,0.46506524085998535,0.4378061592578888,0.41577857732772827,0.4399425685405731,0.39452746510505676,0.31585583090782166,0.3061082661151886,0.2898341715335846,0.348201185464859,0.35428011417388916,0.4425777494907379,0.10496109244338045,0.04505511275300272,2391.8932759352333,1361.312641107414,3408.2954061741093,941.9511929828581,5258.398210919374,3616.82816195492,0.04030076312354988,0.03823126148226448,19.43144448643458,5.807422157363886,11.849287496825106,4.093542091938677,18.374195468885517,4.447040991930666,20.39937196817834,5.226606209206661,18.237900061813992,4.976940522265534,22.030082446426,6.953973548059037,39.391273200936276,6.453388404181956
original_mix,27.5,32.5,-311.04998779296875,95.8001937866211,143.2622833251953,28.18303108215332,44.403404235839844,33.10521697998047,59.89383316040039,21.471097946166992,10.182311058044434,16.2203426361084,18.610204696655273,10.682696342468262,-11.171684265136719,15.518043518066406,18.857376098632812,11.209755897521973,-8.521028518676758,10.513113975524902,7.057235240936279,9.74518871307373,5.042614936828613,7.745006084442139,-1.901449203491211,11.671550750732422,-1.5407562255859375,11.062653541564941,0.5394708514213562,0.5065574049949646,0.4858704209327698,0.5107411742210388,0.599228024482727,0.6626361608505249,0.5783113837242126,0.5387036800384521,0.573131799697876,0.6563355326652527,0.532625138759613,0.44564110040664673,0.07872678824374128,0.038568850757392394,1850.1104043765006,1125.3954413055642,3204.4672287092217,877.5024355722052,3814.7243420098607,3447.688043717687,0.02445711281902552,0.025259442885132398,18.79844870168009,5.368260706418609,10.652557044999632,3.5270573437418045,17.529838435618807,4.068324353255542,19.134999114586957,4.997467675905831,16.67170607212529,3.457645489298673,19.89344254456464,4.391352296724866,36.39137528534413,5.609555219496289
original_mix,30.0,35.0,-305.1500244140625,105.45498657226562,131.19259643554688,25.001306533813477,47.24769973754883,35.144351959228516,59.356101989746094,19.646005630493164,15.234807014465332,20.718473434448242,17.107044219970703,10.894018173217773,-5.927668571472168,16.434368133544922,20.973129272460938,14.438993453979492,-8.210768699645996,12.965879440307617,2.5721371173858643,12.890660285949707,5.049123764038086,7.048917770385742,-2.5504708290100098,10.658062934875488,-1.1777448654174805,13.289430618286133,0.5183422565460205,0.4902438521385193,0.48855018615722656,0.5210505127906799,0.5678545236587524,0.5995780825614929,0.548194944858551,0.5859106183052063,0.6338685154914856,0.615468442440033,0.4766497015953064,0.43512868881225586,0.10606886225638008,0.08404557531280785,1884.6939218357684,1225.154319695897,3230.9146517414315,875.9847434518736,3712.504078451276,3478.0339904042517,0.02458626377610209,0.028200600655198665,19.35137835054002,5.512213101534013,12.401187713729648,4.821956736054755,18.690316990750006,4.777545007176541,19.254513731092796,5.422344994201456,17.27937328456808,4.070767441249728,21.52994475791007,7.80155406718446,36.76900472092725,6.364806999913229
original_mix,32.5,37.5,-226.45306396484375,88.99685668945312,128.87496948242188,33.72025680541992,22.251981735229492,34.7070198059082,64.01213073730469,24.469865798950195,13.772725105285645,21.933900833129883,14.885361671447754,12.56544303894043,-15.349077224731445,17.021995544433594,27.947132110595703,13.819085121154785,-12.460606575012207,11.858908653259277,-3.278867483139038,13.788009643554688,2.178210973739624,9.442517280578613,1.0366276502609253,11.808810234069824,-10.013635635375977,12.730502128601074,0.49267932772636414,0.4165970981121063,0.38425227999687195,0.4040040671825409,0.45056796073913574,0.41278910636901855,0.35674816370010376,0.45107415318489075,0.4180726110935211,0.34810683131217957,0.3403269052505493,0.4185870885848999,0.16031935760479102,0.08510547517034694,2407.1538354007316,1398.9114994372692,3418.4250623546477,792.8491326177955,4978.066882069315,3313.5532314571874,0.03905910129060325,0.03960573767708227,19.74589839691979,5.504199942898083,14.221837475575436,5.21371273915822,19.063933840522612,4.933488562880414,19.767302709318773,4.847232859431243,17.96741398545778,4.381819795411677,22.729074661302057,7.619497754033917,40.46062473742532,5.300677986822619
original_mix,35.0,40.0,-220.2640838623047,76.9264144897461,134.64547729492188,36.26509094238281,22.33884620666504,33.34415817260742,63.592262268066406,25.247268676757812,10.294441223144531,18.73118019104004,9.516155242919922,12.814589500427246,-16.436641693115234,14.480326652526855,25.166170120239258,12.227477073669434,-11.280912399291992,11.18313980102539,-1.6410478353500366,12.510478019714355,0.9388679265975952,10.88556957244873,0.10672719031572342,11.61720085144043,-12.745706558227539,11.865362167358398,0.45459118485450745,0.36573755741119385,0.3810034692287445,0.3955875337123871,0.4667503535747528,0.3672714829444885,0.318204790353775,0.3633368909358978,0.30044880509376526,0.2855971157550812,0.32428598403930664,0.4326912462711334,0.16935481976397906,0.08419686860993286,2334.5020154231593,1453.9298305941186,3268.282378077749,854.3634732340686,4740.652076384861,3354.7918744040844,0.0397569696200696,0.04034794900625772,18.952577817943304,5.353582798410522,13.490211621687124,4.70490552341708,19.172089456206873,4.290685599338928,21.384620034765458,4.836367241676907,18.30167622401185,4.615116757345003,22.02276278518222,5.659127531404362,40.112177986296615,5.571684887476953
original_mix,37.5,42.5,-222.60194396972656,77.34528350830078,138.8484344482422,30.60907745361328,27.281404495239258,33.853878021240234,58.23801803588867,23.192646026611328,3.3125758171081543,18.667999267578125,10.135819435119629,12.511552810668945,-14.653090476989746,15.521964073181152,23.82845115661621,10.89526653289795,-11.797614097595215,11.627364158630371,-0.7197999954223633,12.155980110168457,-0.22724196314811707,11.462581634521484,1.8107026815414429,11.957422256469727,-14.718489646911621,13.071795463562012,0.4939057528972626,0.3855864107608795,0.35256490111351013,0.37162360548973083,0.484647274017334,0.4121997356414795,0.3325563073158264,0.34955593943595886,0.3102976381778717,0.31084099411964417,0.29915764927864075,0.3566395044326782,0.16051839848682112,0.08346193960671279,2290.834966611258,1265.8641111966504,3379.119279947679,825.2723433845877,4852.814584541763,3247.650615414187,0.0358393905887471,0.035358656512942795,18.670482209618054,5.692201839506263,13.058527024638554,4.6906271176380425,18.95919670086814,5.071489747329013,20.98596154443549,5.055860460790473,18.271782846871627,4.763010284311801,22.088932247465184,6.314672618891425,40.09443799466836,5.170600549357837
original_mix,40.0,45.0,-227.51087951660156,75.49955749511719,135.92813110351562,29.272472381591797,26.037132263183594,34.368431091308594,57.497982025146484,22.525278091430664,6.033844947814941,20.518611907958984,14.967745780944824,10.67370319366455,-13.106343269348145,15.308319091796875,23.450942993164062,11.721181869506836,-13.179753303527832,10.841381072998047,0.6009624004364014,10.65089225769043,0.339873343706131,10.912075996398926,3.7223198413848877,11.159476280212402,-10.87707805633545,13.586533546447754,0.4046061635017395,0.3455590605735779,0.30412083864212036,0.3303995728492737,0.4047980308532715,0.3836979269981384,0.4011712372303009,0.5458486080169678,0.39776623249053955,0.31488940119743347,0.27193954586982727,0.2798003554344177,0.1451409617460521,0.07874326303652751,2304.740503447129,1091.9185483145066,3475.3196142450342,743.5403806209681,4991.956047890081,3068.198529956483,0.03362569786832947,0.03164572925133475,19.074327418996422,5.5561057324661975,13.017745158826015,4.386322342927299,18.994902031302033,5.060126551477323,21.159134803947428,6.140509187468234,17.85803830368456,4.381054554646955,20.91761099887932,5.472715870806302,39.881975140443245,4.551541787882758
original_mix,42.5,47.5,-228.54954528808594,71.3629379272461,132.45947265625,38.356929779052734,32.52808380126953,28.97714614868164,58.891693115234375,23.1761474609375,3.745363712310791,20.803274154663086,12.968339920043945,13.36114501953125,-10.424442291259766,13.654082298278809,19.687055587768555,12.700382232666016,-12.043000221252441,11.842791557312012,4.080824375152588,11.00788402557373,4.203715801239014,10.861915588378906,0.5949832797050476,10.991487503051758,-10.429487228393555,12.443660736083984,0.38608643412590027,0.3433295488357544,0.34060126543045044,0.3583163022994995,0.3866279721260071,0.39039692282676697,0.3888849914073944,0.49051323533058167,0.38634932041168213,0.362358957529068,0.2778621017932892,0.2565271854400635,0.15290324847168546,0.08350005697707287,2400.3687764263245,1682.6205479830435,3330.6056397996103,890.0592949638882,4862.756829140081,3615.384222499652,0.0417905307424594,0.05914296821124108,19.13613540041336,5.54908240860146,13.610693065093455,4.5381848116155785,19.599057421841366,5.220059047607292,23.678584872548967,6.50827014707915,18.64210340349092,4.5765657187039706,20.304692903696722,4.393888111594766,39.82118546137488,5.749377427841353
original_mix,45.0,50.0,-225.1053009033203,78.53700256347656,136.56202697753906,42.44908905029297,32.52482223510742,32.84868621826172,56.41438293457031,23.618703842163086,1.7772527933120728,19.900306701660156,7.79525899887085,13.333200454711914,-10.37756061553955,14.4061861038208,16.282337188720703,13.496902465820312,-12.648643493652344,11.48182487487793,2.801342010498047,11.857035636901855,3.4980721473693848,12.03347396850586,-1.8588579893112183,11.022130966186523,-10.239542007446289,11.457870483398438,0.39682891964912415,0.35338443517684937,0.44946756958961487,0.424267053604126,0.45795220136642456,0.44503873586654663,0.3673579692840576,0.4144248068332672,0.4138028621673584,0.41715192794799805,0.32724303007125854,0.34982284903526306,0.15147993797457965,0.08907726903181644,2359.520900562346,1802.7343230247368,3141.701022120759,901.1076712652088,4482.603366081787,3605.155053492474,0.04622131489269141,0.06255254524980398,19.88838333299354,5.431188655851166,12.927119148786108,4.357029653627533,18.50795231454082,4.545146871141347,23.85806309167923,5.749593844326561,18.816229531209775,4.543420485161829,20.398168524826485,4.782897240892156,39.604712706127216,6.31791435611013
original_mix,47.5,52.5,-228.60057067871094,83.57930755615234,139.2238006591797,39.49645233154297,27.737167358398438,38.87171173095703,51.72539520263672,22.776615142822266,2.215801954269409,20.270671844482422,8.441496849060059,12.093057632446289,-13.804787635803223,16.90155029296875,16.94160270690918,13.963180541992188,-13.710498809814453,10.217820167541504,-0.3402348756790161,12.76301097869873,2.7283835411071777,11.16535758972168,-4.859854221343994,12.949848175048828,-10.315289497375488,13.234359741210938,0.3974221348762512,0.3208361864089966,0.36349523067474365,0.33968207240104675,0.4073728621006012,0.4195184111595154,0.38842660188674927,0.47094663977622986,0.42587316036224365,0.40912389755249023,0.32693445682525635,0.3765646815299988,0.15260263356075485,0.09374950484588576,2267.2168342615723,1584.8592850244374,3077.6821287701796,818.7823776367827,4264.573439312645,3246.289717911074,0.04663709034222738,0.057477949060342336,20.210702712588244,5.691589888211215,13.41223617565918,4.852153068556599,19.126909904471475,4.455602790871672,23.63156403441126,5.197625456119186,19.40312712169539,4.32594299518751,21.28132817795444,5.912832727832693,39.62356374290391,6.295422781045846
original_mix,50.0,55.0,-222.194580078125,79.86284637451172,132.98426818847656,35.12818145751953,26.464990615844727,35.49627685546875,53.2757682800293,22.777204513549805,-2.5982017517089844,21.19540023803711,7.710072994232178,13.469099998474121,-17.178998947143555,16.978681564331055,22.032926559448242,13.257219314575195,-9.033462524414062,10.37032699584961,-2.9036996364593506,14.00271224975586,2.0463955402374268,11.708370208740234,-5.8865556716918945,13.000702857971191,-15.11248779296875,12.868574142456055,0.447477251291275,0.32578733563423157,0.3018779456615448,0.3075006306171417,0.38613441586494446,0.39766988158226013,0.3718307614326477,0.39464327692985535,0.341783344745636,0.36122390627861023,0.3132370710372925,0.3451696038246155,0.1638996177839154,0.09358186053227646,2450.358923849262,1540.27763430393,3281.705365827766,797.5943587815011,4938.597669844838,3346.4577770902492,0.046081967807424594,0.056453186161962904,19.730006113665922,5.437268994632822,14.268252573776573,5.192520085935762,19.328924153804387,4.7342935020245625,23.6169235617752,5.337362088948926,18.994542278805863,4.403171116532137,22.13839584692175,6.417980743001071,40.80425964582347,6.134246105337036
original_mix,52.5,57.5,-216.2259521484375,75.84505462646484,132.1394805908203,35.63740539550781,20.959138870239258,32.87887954711914,57.983089447021484,24.96550750732422,-1.0528814792633057,21.072677612304688,3.612957715988159,12.716524124145508,-17.590478897094727,16.642663955688477,21.38738250732422,13.472901344299316,-7.325523853302002,9.23272705078125,-5.795675754547119,12.530801773071289,0.3790688216686249,11.361916542053223,-0.5038208365440369,11.714290618896484,-16.486722946166992,11.94947338104248,0.4350450038909912,0.3541911840438843,0.32524412870407104,0.3098771870136261,0.34737709164619446,0.36918842792510986,0.34784969687461853,0.42953193187713623,0.39481595158576965,0.368834912776947,0.34279993176460266,0.3708885610103607,0.167447192322143,0.08354792330998354,2381.9884146932354,1341.619988544527,3265.157573030285,804.3269055171974,4977.667193844258,3032.755008023823,0.039767165748259864,0.042633858780169454,19.573151122712098,5.8490767865284035,15.281256256668428,5.433106290278159,18.891767322599165,5.183166304537453,22.54830699806329,5.190264281021948,17.806213630547234,4.048392409866105,21.89000945597927,6.045574448548449,40.857509739257836,5.8576643048717285
original_mix,55.0,60.0,-214.33189392089844,66.14386749267578,143.4811553955078,40.96720504760742,15.41677474975586,31.133867263793945,59.8400993347168,25.579547882080078,-0.5994759798049927,19.063615798950195,3.9290826320648193,12.31090259552002,-19.783403396606445,15.159228324890137,21.790395736694336,12.828887939453125,-8.853919982910156,10.10860824584961,-0.3700135350227356,12.819583892822266,1.6128394603729248,11.662089347839355,2.5130934715270996,10.285929679870605,-14.054388046264648,11.597082138061523,0.39845117926597595,0.3234160244464874,0.27919989824295044,0.3182958662509918,0.4098023474216461,0.4169936776161194,0.3701520264148712,0.47779580950737,0.4104158878326416,0.3913247883319855,0.32967668771743774,0.3295176923274994,0.16052470999724489,0.06901978096501837,2234.3652533629843,1302.5230274466937,3114.4090841118773,805.1091147501813,4591.718251522621,2939.1765626065717,0.039447687064965195,0.042511103297238624,19.36724445008007,5.997436139154319,14.738781038395231,5.739039588687863,18.578505824760033,4.782302615980008,22.68797816304435,4.845450896101725,18.317286491379157,4.16062380566629,21.11708791780142,4.671371376252311,40.242050734349185,5.521597368211144
original_mix,57.5,62.5,-276.3146667480469,85.9429702758789,148.3472442626953,30.898286819458008,37.6795768737793,35.65780258178711,53.242523193359375,19.7177677154541,7.060236930847168,16.603004455566406,7.508654594421387,11.43253231048584,-13.653230667114258,12.78375244140625,18.033559799194336,12.662752151489258,-6.59719705581665,9.648761749267578,7.6046977043151855,11.064191818237305,7.545467376708984,10.45760726928711,-3.4710540771484375,9.931940078735352,-1.0850564241409302,11.66957950592041,0.39920058846473694,0.3277229964733124,0.3404533267021179,0.3480850160121918,0.3696747422218323,0.3599846065044403,0.39117127656936646,0.6397104859352112,0.4578884243965149,0.3617139756679535,0.3101496994495392,0.32428866624832153,0.10987416772374974,0.07066760881600717,1784.4672537678216,1087.5177289412948,2974.5684901935083,771.057601259987,3425.6778159440255,2917.6267729976676,0.02676030488689095,0.02960840621718224,17.92244039425862,5.269119734372118,13.80353425646951,4.57458576155874,19.2306016251955,4.375874956024846,23.89272540347373,5.2038139119918165,18.75190683851729,4.632757319513164,22.28777100846196,4.980837654167856,37.438185486682244,5.475828443220664
original_mix,60.0,65.0,-331.6221008300781,57.94270324707031,154.5899200439453,20.74195671081543,56.192928314208984,30.9472713470459,47.31087875366211,14.272442817687988,8.485092163085938,11.686885833740234,9.94403076171875,10.016134262084961,-7.256375789642334,7.377614498138428,10.596187591552734,9.205307960510254,-8.214278221130371,8.975781440734863,9.099209785461426,7.719034671783447,9.101744651794434,5.774214267730713,-8.643501281738281,6.753116607666016,8.205463409423828,6.641873836517334,0.3314489424228668,0.31190359592437744,0.4284132719039917,0.4270770847797394,0.47112447023391724,0.41084322333335876,0.3929266929626465,0.6402362585067749,0.4139077067375183,0.2688557505607605,0.2770500183105469,0.3177803158760071,0.0658617602388986,0.037227911320596045,1405.8103539886915,690.5526666556747,2809.2411081668088,714.5609711791926,2348.9676986658933,2382.518595988718,0.0181649688225058,0.010410466149526856,18.431097326057994,4.878401313189748,11.838543174266619,3.756068662736202,19.18112302997745,4.39373711373393,23.824363549401784,5.523516758835091,19.488759366998988,5.066205831090004,22.983204007776205,5.424057409866533,34.82659734639786,3.6170325591300707
original_mix,62.5,67.5,-252.47317504882812,83.43273162841797,169.52496337890625,32.36528396606445,13.16828727722168,57.80321502685547,35.673702239990234,22.994625091552734,6.712306976318359,15.573311805725098,-2.6379361152648926,16.95798683166504,-6.582126617431641,15.097419738769531,7.616005897521973,13.996676445007324,-2.479444980621338,14.135529518127441,1.8046133518218994,8.633522987365723,3.986506938934326,8.47964096069336,-1.3674068450927734,10.003339767456055,7.611968040466309,6.858083248138428,0.3039466440677643,0.2934107482433319,0.40220907330513,0.448327898979187,0.53370600938797,0.4464667737483978,0.365016371011734,0.4339202344417572,0.33921197056770325,0.29675233364105225,0.29679813981056213,0.33204540610313416,0.13550492530805328,0.11171251525153995,1584.76104066364,743.2365560892282,2437.8398760908185,779.2582512027476,2825.4959849912993,2094.489656028428,0.030282500725058004,0.02453565838650012,19.132542591455376,5.4721482325319135,11.343125393944431,3.900080568322406,17.522068848838433,4.448440446017069,20.878626743226036,5.197870970596663,18.448596049391213,4.390220174668487,22.786328366944975,6.5960338298338845,35.70196642707942,3.9617358122385515
original_mix,65.0,70.0,-185.7248077392578,49.68117141723633,189.18333435058594,34.57538986206055,-28.30916404724121,38.58641052246094,28.734981536865234,28.321245193481445,10.457784652709961,20.4761905670166,-6.366989612579346,18.96355438232422,-10.480289459228516,18.732925415039062,5.428518295288086,17.771175384521484,2.1354312896728516,13.455809593200684,0.6597961187362671,10.878031730651855,2.8822033405303955,9.908905982971191,1.7462812662124634,10.268660545349121,4.641031265258789,7.388585090637207,0.45369184017181396,0.3185100555419922,0.2959020733833313,0.34727877378463745,0.37165120244026184,0.3336215913295746,0.320212721824646,0.4007074236869812,0.3603176176548004,0.34752151370048523,0.3598206639289856,0.4531756043434143,0.20814538654588216,0.10943324809192004,1664.8661992703435,743.5550666595676,2062.445364574588,643.4000230537631,3072.9529573303366,1530.1411504092082,0.037902407192575406,0.025981456404651108,17.364866449869268,5.5984790553943,12.084030570415521,4.154770884915725,18.078648262038637,4.6673110046648025,19.593493200860216,4.522183824498979,17.64328261491024,3.7447794936334535,22.330478114143567,6.969604966794891,36.37663267487701,3.713287209235851
original_mix,67.5,72.5,-188.91036987304688,51.185646057128906,184.63699340820312,35.193668365478516,-18.21471405029297,40.82692337036133,29.58614158630371,29.922611236572266,9.729487419128418,22.220861434936523,-6.22831916809082,18.907669067382812,-11.643171310424805,16.704978942871094,3.4913859367370605,15.829679489135742,0.8842146992683411,9.94513988494873,2.1809651851654053,10.738286972045898,3.71468448638916,10.203325271606445,0.18425637483596802,9.223018646240234,3.1085314750671387,7.637856960296631,0.4295744299888611,0.3144523501396179,0.325237900018692,0.32457923889160156,0.31301528215408325,0.30670109391212463,0.36430588364601135,0.47059759497642517,0.3397020101547241,0.2772928774356842,0.32013291120529175,0.4386811852455139,0.19587806397033403,0.11012715811340995,1715.1020858688146,844.8536986121075,2180.949413565727,720.8895765991822,3108.6750924448957,1844.4855172859943,0.0399427657337587,0.026395560234470504,16.782857951344294,4.873582145128909,12.2494957256465,4.566129052521977,17.69028719178364,4.102773814339414,19.560512167313583,4.663274158095502,17.4921879760305,3.7647599461507766,21.305160802699568,6.280532700625006,36.32602501191213,4.260854355256475
original_mix,70.0,75.0,-195.06019592285156,55.440616607666016,185.4119415283203,37.13796615600586,-15.831283569335938,39.115966796875,26.407394409179688,28.502422332763672,7.747905254364014,22.119857788085938,-9.896395683288574,18.695283889770508,-12.862350463867188,16.191162109375,5.975530624389648,14.76893424987793,2.1879782676696777,9.581635475158691,-0.9236217737197876,12.005248069763184,2.9163708686828613,12.23044204711914,0.9031758904457092,9.304089546203613,4.353043556213379,8.059549331665039,0.4054415225982666,0.366889625787735,0.41081348061561584,0.3992610275745392,0.3051306903362274,0.3186922073364258,0.38491517305374146,0.46716606616973877,0.3906306028366089,0.26871585845947266,0.2745729386806488,0.35692134499549866,0.18908616693003272,0.1072147528381567,1697.8625249309312,840.0068580174986,2165.3029212582437,742.3861143324248,3072.5033080771464,1902.4551928150602,0.03857082004060325,0.02601551983965245,16.908106054829595,4.430862691589994,12.790830964823515,4.3983850369320106,17.23519953391842,4.196349022525156,18.97852722655232,4.54044307144173,16.95609283984372,3.4062124844608466,21.474774921575353,5.926182361735247,36.02764142299385,4.440956582656652
original_mix,72.5,77.5,-210.2620391845703,61.89421081542969,182.6166229248047,35.556922912597656,-3.865496873855591,42.26176834106445,27.649953842163086,24.303640365600586,8.186463356018066,20.164094924926758,-4.634633541107178,17.901683807373047,-11.562454223632812,16.742359161376953,5.055302619934082,13.423730850219727,2.0430634021759033,9.235392570495605,-0.6320932507514954,11.49712085723877,3.998417615890503,11.258360862731934,1.302059292793274,8.691011428833008,6.025150299072266,7.068126678466797,0.38553428649902344,0.38260823488235474,0.40161997079849243,0.421612024307251,0.43162551522254944,0.3838745951652527,0.4162926971912384,0.3671790063381195,0.2715533971786499,0.2848105728626251,0.36790794134140015,0.43552571535110474,0.1681585591934673,0.09537886697102058,1596.0749586484092,733.9234121911128,2280.4738133923674,784.9798161297401,2903.7349550464037,1929.9370458376077,0.030366335556844547,0.01774927902564886,18.348475809699103,5.299642025946054,12.179562925839543,4.195055040117002,17.062948121289352,3.985800040115077,18.53736497335479,4.548073957885433,16.33256625048825,3.753452597100482,20.789340114661872,5.74835747247007,35.608911825819604,4.103870671029857
original_mix,75.0,80.0,-237.91952514648438,78.6109848022461,159.11654663085938,40.42339324951172,19.336091995239258,45.891357421875,51.9802131652832,23.54443359375,3.3078222274780273,17.221677780151367,8.378475189208984,15.957596778869629,-12.147334098815918,14.36732006072998,12.285022735595703,15.885720252990723,-6.054623603820801,12.083282470703125,3.408287286758423,10.315994262695312,5.252903461456299,9.023176193237305,-0.6113685369491577,9.800368309020996,-0.2149723321199417,14.216700553894043,0.5830757021903992,0.4810808598995209,0.3392139971256256,0.3253023028373718,0.39683231711387634,0.348691463470459,0.28610771894454956,0.46570679545402527,0.388868510723114,0.2819041311740875,0.3118128478527069,0.4265865683555603,0.14246482585325596,0.07992467565380235,1885.451876480391,1200.4029933922204,2836.776244640801,866.732766729531,3526.848897911833,2923.9244947137377,0.031612529002320186,0.030526917826488163,19.163439884283186,5.301552239004423,12.256553349235364,4.4160156997452376,18.75890937996735,4.700330068055099,21.752878581510767,6.176207345091746,17.400891519197145,4.366533908672858,20.292856052309048,5.175840904791872,37.66386201980982,4.949764124083608
original_mix,77.5,82.5,-233.5748748779297,86.9346694946289,133.892822265625,37.20371627807617,28.667020797729492,40.5997200012207,63.788753509521484,21.18500518798828,4.925048351287842,14.48070240020752,12.38538646697998,13.078094482421875,-17.28135108947754,18.235157012939453,22.073909759521484,14.338626861572266,-12.083635330200195,10.411932945251465,4.167881965637207,12.555500984191895,6.368136882781982,9.965173721313477,-2.138944625854492,10.670097351074219,-7.387570858001709,14.452757835388184,0.5350481867790222,0.47765234112739563,0.33730459213256836,0.31834450364112854,0.3683776259422302,0.37766098976135254,0.3547210097312927,0.5329295992851257,0.4668228328227997,0.3963385224342346,0.36489611864089966,0.36579352617263794,0.14100998023788502,0.0785462072284024,2386.4681667413374,1485.8547228735008,3293.1845737569383,851.8539057986263,4954.835003987819,3622.9036057294425,0.04007191669083527,0.04293616055297479,18.704614023698007,4.953623121090804,12.814550964789124,4.6718645101855305,19.424065167929342,4.380759731522224,23.950499000782663,5.643215284023103,18.462390119385464,4.325457411652916,21.363747511938893,5.271841712085682,40.00530648760292,5.591726050610797
original_mix,80.0,85.0,-233.7662811279297,82.8392333984375,124.31278228759766,34.11594009399414,27.421466827392578,35.7242546081543,64.86876678466797,22.67961883544922,10.18786334991455,15.957389831542969,11.793682098388672,10.667801856994629,-16.852333068847656,18.814929962158203,23.621599197387695,11.778888702392578,-6.515076160430908,10.275087356567383,4.770832538604736,13.130752563476562,8.277117729187012,10.910587310791016,-0.4992087781429291,10.014187812805176,-7.075496673583984,12.471475601196289,0.38368433713912964,0.3857288658618927,0.36160406470298767,0.381230890750885,0.4330573081970215,0.4746461808681488,0.48262062668800354,0.6388587355613708,0.5490476489067078,0.5046674609184265,0.4139843285083771,0.34325718879699707,0.14594726294728552,0.08293233981616384,2459.724731542988,1456.6015215463342,3418.07745830228,780.3125118666209,5298.167189312645,3514.5134881021895,0.038675047128770304,0.044567557550207054,18.08187420654987,4.890163305698429,13.103738825820912,5.177843916520375,18.3576645414474,4.511876965473138,22.025647234202523,4.696983229675393,17.353156039687168,3.852670189528774,20.681129317198177,4.884276854552289,40.1650305317495,5.871502094047439
original_mix,82.5,87.5,-224.09429931640625,71.57075500488281,129.76730346679688,33.86531066894531,28.573612213134766,30.32238006591797,59.174198150634766,20.855567932128906,1.4949520826339722,21.365480422973633,11.256035804748535,11.863665580749512,-13.14095687866211,15.256522178649902,24.118852615356445,12.1995267868042,-8.264812469482422,11.176576614379883,2.5732674598693848,13.263999938964844,4.416141033172607,11.70014762878418,1.8580424785614014,10.187686920166016,-11.149767875671387,12.097647666931152,0.38398322463035583,0.3863280713558197,0.401611328125,0.40938708186149597,0.450736403465271,0.4545411169528961,0.4373471140861511,0.5218044519424438,0.4252167344093323,0.38513630628585815,0.3331966996192932,0.3446129262447357,0.16224173046734935,0.07935188824588284,2387.012358714502,1461.4206535444305,3435.819376300841,722.5023522522717,4983.512634135731,3323.436467534455,0.037986242024361946,0.046909257992907856,18.996811175225265,5.454020381429782,13.757932672766291,5.317787857587492,18.421294838833067,5.386169335535847,21.38129476156737,4.5114765810210935,17.037138688402454,3.624802138254228,20.084894777711884,3.9629663606201047,40.418599501368405,5.075625547910372
original_mix,85.0,90.0,-206.5952606201172,55.95548629760742,141.57867431640625,30.268400192260742,21.245288848876953,26.505855560302734,53.947288513183594,22.511510848999023,-7.060518741607666,19.16758155822754,11.966793060302734,12.67471694946289,-10.559466361999512,17.69524574279785,24.624956130981445,11.544073104858398,-11.386841773986816,11.090432167053223,-1.8716297149658203,13.940990447998047,-1.210739254951477,10.763142585754395,2.787916660308838,10.407496452331543,-11.622358322143555,10.860111236572266,0.32638829946517944,0.3193546235561371,0.3509952127933502,0.3645178973674774,0.4203060567378998,0.405949205160141,0.3425745666027069,0.4088325798511505,0.37662309408187866,0.36863797903060913,0.3092595338821411,0.29313620924949646,0.17041895629323828,0.08108800449597085,2351.128590761947,1230.556321594395,3455.8014511465626,721.7331514170099,5054.257449970998,3041.3466246871435,0.03507014936194896,0.038351350946891245,19.767210743230645,5.982731311135779,13.733139254763183,5.003175305325386,18.522605615376715,5.220603332947784,19.63379417152498,4.540288704325755,17.561332212730477,4.003245975773669,20.439846282108157,4.563041283846333,40.82065308706138,4.30253193178157
original_mix,87.5,92.5,-209.19288635253906,62.80024337768555,140.09161376953125,26.33378791809082,19.911623001098633,25.2083683013916,58.33207702636719,23.27401351928711,-4.103850364685059,17.21734046936035,15.237698554992676,11.472525596618652,-10.425310134887695,16.00493812561035,23.144412994384766,10.203262329101562,-8.279805183410645,10.183906555175781,1.2729500532150269,14.02475643157959,3.0029141902923584,11.850912094116211,1.922860860824585,10.843921661376953,-9.973204612731934,11.139097213745117,0.36748263239860535,0.3348599076271057,0.3707740604877472,0.3803861737251282,0.44445928931236267,0.40732213854789734,0.38036125898361206,0.4782213270664215,0.4489872455596924,0.4370984435081482,0.38968172669410706,0.37003201246261597,0.16646155922429468,0.08515386338275856,2304.3154388782436,1072.2151145108887,3472.3499784301707,662.5854242458047,5120.955422527552,2747.4084311662236,0.03132817031612529,0.032362583888273413,18.320544463519017,5.593329257580693,13.456529628567461,4.626689383610367,18.531537111893115,5.116417257387717,19.651008779844865,4.479467190557031,17.41020820624483,4.046640870847178,20.042663876846245,4.478959566716909,40.55846951719352,4.946408024627457
original_mix,90.0,95.0,-210.75579833984375,65.88082885742188,132.88201904296875,27.363231658935547,24.253067016601562,27.055404663085938,60.47830581665039,16.36635398864746,-3.9708287715911865,14.924745559692383,16.33198356628418,10.877395629882812,-13.93848991394043,12.856152534484863,21.524538040161133,11.013240814208984,-11.150911331176758,10.128135681152344,6.557590961456299,11.108810424804688,7.058995723724365,9.472027778625488,1.6687963008880615,11.724666595458984,-10.771184921264648,11.69040298461914,0.42872560024261475,0.3681879937648773,0.3738410472869873,0.4149656593799591,0.5212134718894958,0.4697625935077667,0.39084717631340027,0.44756168127059937,0.4032929241657257,0.40325939655303955,0.37146613001823425,0.40953952074050903,0.15372996938926992,0.0831150322120808,2511.78950457498,1249.118113687785,3610.6742765592076,662.6710184027582,5608.774901210847,3027.1440921993208,0.037004015008700694,0.038323635064376915,18.036234802814608,4.9880558617729305,12.63793797258478,4.828370154379457,17.912247097968173,4.725160767368656,20.635396075937738,4.593913684430806,17.484426235655032,4.142913690122376,18.93191170771329,3.560530024510179,41.30113832183662,4.508467894404673
original_mix,92.5,97.5,-224.32594299316406,71.49312591552734,130.51551818847656,30.9361629486084,23.28753089904785,27.494943618774414,59.63608932495117,20.867551803588867,-1.3314592838287354,16.058677673339844,12.57083797454834,11.585989952087402,-13.878081321716309,12.461227416992188,19.570720672607422,13.498835563659668,-11.087865829467773,9.880894660949707,5.889675617218018,10.782781600952148,7.1573615074157715,11.358978271484375,4.343958377838135,11.2074556350708,-3.729534149169922,15.96766471862793,0.35796913504600525,0.31324073672294617,0.3502635955810547,0.36260661482810974,0.44195789098739624,0.3805420994758606,0.3461134433746338,0.45101040601730347,0.3452751636505127,0.29461944103240967,0.281668484210968,0.32625386118888855,0.139564090324112,0.08452135402614883,2491.7712586054486,1331.7966847475927,3489.6100504363285,723.8196952662807,5286.326425645301,3164.8772571460972,0.04153676044083527,0.040281742674635516,17.71059336123274,4.77280754942239,12.87983512094682,4.692089536078758,18.766469441977915,4.677721509015409,20.98321832226173,5.064411482260839,17.721526466674383,3.528176183403486,19.98671660315505,4.197657574058917,40.760677777333214,4.8832520795210135
original_mix,95.0,100.0,-220.25123596191406,72.2108383178711,130.78260803222656,30.630653381347656,23.81983757019043,31.405881881713867,63.064186096191406,23.918874740600586,0.6355654001235962,16.093400955200195,12.98155403137207,11.175887107849121,-15.277972221374512,14.498852729797363,20.301177978515625,13.3264741897583,-11.29045581817627,9.282675743103027,2.7799580097198486,11.036283493041992,7.9386491775512695,11.185543060302734,3.2658567428588867,11.223563194274902,-3.464484453201294,16.256742477416992,0.40815678238868713,0.38690441846847534,0.37380003929138184,0.36328575015068054,0.39757075905799866,0.37257876992225647,0.2826816737651825,0.3748721480369568,0.35880738496780396,0.28346458077430725,0.27981919050216675,0.31820446252822876,0.15660723330768522,0.08286124204047553,2403.8430342697948,1239.7155201046169,3400.7557564474787,647.081748199637,5124.053006271752,2914.61114402593,0.04069727921983759,0.03970180398610646,18.374428512863773,4.8946768744338875,14.076388154391577,4.944784774959249,19.35241757343366,4.749569287941812,21.589922111009727,5.370063788260675,17.762111384225324,3.6154914758397814,21.50190211878095,5.051933250556215,41.23788760351933,4.7440144093466765
original_mix,97.5,102.5,-210.84622192382812,58.88496017456055,128.42596435546875,30.30552864074707,26.782432556152344,30.541406631469727,70.22998809814453,21.671754837036133,1.423933506011963,14.25484848022461,14.938788414001465,11.930680274963379,-16.142595291137695,15.57967472076416,24.29777717590332,10.59049129486084,-10.981829643249512,9.811705589294434,1.0834407806396484,10.721187591552734,4.657935619354248,9.259018898010254,1.929693579673767,10.695943832397461,-5.863548755645752,12.15246868133545,0.5234174132347107,0.42351672053337097,0.39124903082847595,0.4457940459251404,0.4939251244068146,0.3575330972671509,0.3364199697971344,0.39152586460113525,0.33718547224998474,0.32758861780166626,0.35399556159973145,0.44304022192955017,0.16013905065449652,0.07517149805317529,2552.3499182800465,1231.913889368626,3585.143631849173,668.8088568003257,5806.87037775522,2986.6543415358124,0.03713203306264501,0.034354766831776094,19.270493946065805,4.949080786420683,13.11770913428384,4.497051563561845,17.900560752635172,4.2121405907049665,21.532920653972425,5.8829282198261446,17.14028978036487,3.9718942322306696,20.44091180054708,4.597986684509375,42.03082734496897,4.7822204663766135
original_mix,100.0,105.0,-211.12721252441406,52.44565200805664,133.7051544189453,33.048675537109375,26.07884979248047,23.976762771606445,71.78291320800781,22.597007751464844,-2.639767646789551,16.715328216552734,7.956515312194824,13.908930778503418,-13.128584861755371,14.079456329345703,24.017545700073242,11.645747184753418,-11.0646390914917,9.863424301147461,0.843392550945282,11.81908130645752,3.127208948135376,9.118574142456055,3.713012456893921,9.771659851074219,-3.177243709564209,11.306655883789062,0.5040456056594849,0.4359627664089203,0.3778364956378937,0.3693777322769165,0.4787498116493225,0.4076312184333801,0.35822638869285583,0.4005699157714844,0.32409554719924927,0.29756292700767517,0.3455786406993866,0.4114851951599121,0.1574589466879235,0.06981236227607249,2441.195259956299,1294.5216300516527,3437.1594698237095,728.5563510604729,5291.272567430395,2995.812757871387,0.0364149053799304,0.03534734191921747,19.095644313840456,4.932233755277022,12.736723400340173,4.572946811869098,17.52852080041837,3.822319528848229,20.86832935810773,5.416195637421065,17.251579432705658,4.493810320360137,19.466349266786345,3.6863392664139703,41.421592887078134,4.709711797728951
original_mix,102.5,107.5,-232.68028259277344,69.95372009277344,141.01734924316406,30.858675003051758,30.001794815063477,29.623498916625977,65.4537124633789,22.96990394592285,0.42412325739860535,18.0535945892334,5.4873948097229,11.033041000366211,-12.925418853759766,12.94430923461914,20.578798294067383,12.141325950622559,-11.732650756835938,8.720398902893066,3.8654046058654785,12.793542861938477,8.062609672546387,10.22403621673584,3.7152204513549805,10.113750457763672,0.5448391437530518,13.09592342376709,0.44026637077331543,0.39399227499961853,0.3792839050292969,0.42815962433815,0.5196914076805115,0.43675532937049866,0.4444456994533539,0.4029167592525482,0.3358701765537262,0.3208855390548706,0.34642598032951355,0.43453115224838257,0.14694070896423334,0.07049395926609224,2110.772865403686,1198.3669766397475,3203.0007054639127,679.1991528930572,4163.602201457366,2840.479298554034,0.03263780633700696,0.03368947099442333,18.04968566758459,5.014604467056995,12.901925684598588,4.7232017344934825,17.35317717144378,4.516716476657325,20.34901825440211,4.507370798222087,16.73384494803566,4.214805181426009,19.844680787607654,3.696794776013739,39.685828750173876,4.8951174072806705
original_mix,105.0,110.0,-287.3013000488281,69.7567138671875,145.6721649169922,24.78728485107422,40.9365119934082,31.892120361328125,59.1240348815918,15.967024803161621,2.5520029067993164,11.700518608093262,8.90968132019043,8.148305892944336,-12.809885025024414,11.171485900878906,13.49653434753418,13.081194877624512,-10.956143379211426,8.132966995239258,6.937216281890869,9.55307674407959,11.35537338256836,8.111082077026367,1.7240891456604004,8.903483390808105,6.622326374053955,11.327120780944824,0.5339148640632629,0.4244910776615143,0.4614372253417969,0.45481276512145996,0.5319278240203857,0.47758033871650696,0.41264793276786804,0.44252392649650574,0.3376336097717285,0.29671594500541687,0.31832417845726013,0.41654059290885925,0.09506787287110242,0.057591768038001825,1797.9568146304387,981.548441623214,3101.0583470346774,671.518549427575,3341.443522513051,2795.463411629004,0.024834369562064966,0.024198946789220497,18.434915600440753,5.556074130364571,11.259526508029644,3.8789527148279364,17.4118345443383,4.614282343155748,19.421638933207433,3.9222554217000956,15.703310076314386,2.994553458216362,19.16266882154974,3.014486120893695,36.86611670499724,4.417675987065996
original_mix,107.5,112.5,-319.745361328125,49.795677185058594,149.3495635986328,18.919370651245117,47.18279266357422,24.05341339111328,60.08106231689453,9.683331489562988,-5.022152900695801,6.168088436126709,14.714350700378418,8.410048484802246,-9.707514762878418,7.740095615386963,10.961134910583496,10.979456901550293,-12.828886985778809,9.894613265991211,6.307950496673584,7.551075458526611,10.642666816711426,6.123946189880371,-2.5707128047943115,7.056844234466553,6.22746467590332,8.267190933227539,0.5321659445762634,0.4220012426376343,0.49855098128318787,0.46556589007377625,0.45772913098335266,0.40755170583724976,0.3566473126411438,0.4283439517021179,0.331030011177063,0.29410386085510254,0.33697620034217834,0.46741047501564026,0.06517466808520171,0.026154307421699257,1692.3045117438712,738.9072294518992,3132.351048001973,668.6977311757847,3254.4613725348026,2704.1452052999753,0.020522540240719256,0.011838055948838709,18.381633705121388,4.613903901214354,10.829186059049965,3.4812355448072614,17.808706972886224,4.803134817422968,19.175440139633373,3.588360039913927,15.742786294737645,2.864334583089016,19.488895825657693,2.931177346719755,35.76979603872039,3.4943389899358857
original_mix,110.0,115.0,-250.66246032714844,78.90650939941406,157.94012451171875,33.89448165893555,23.52827262878418,44.16556167602539,41.24641036987305,18.03826904296875,12.824274063110352,21.380220413208008,10.03940486907959,16.80718994140625,-12.879118919372559,15.843893051147461,5.513046741485596,11.57120418548584,-0.7506344318389893,13.945446014404297,-3.499959707260132,10.999736785888672,4.869814872741699,11.982941627502441,-3.5568699836730957,8.282544136047363,3.050230026245117,8.65761947631836,0.4421103000640869,0.4148801267147064,0.4584788978099823,0.40783318877220154,0.38654565811157227,0.34790152311325073,0.3356701135635376,0.4412515163421631,0.3576587438583374,0.3381448984146118,0.37460851669311523,0.4408041834831238,0.13075934117984053,0.1081283248938119,1766.057797640383,793.2139278449858,2848.147766818625,773.0283435321709,3496.6724369199537,2442.0418329464105,0.02800989704176334,0.022485599203733157,17.59265997009338,5.125576945042427,11.937363077606664,3.8573376556537866,17.113673992933283,4.83225611325229,18.069641459965126,4.497069524086057,16.024879132798787,3.1557592806845762,23.044508349102802,5.945783726287834,36.529450852366075,4.231922253924657
original_mix,112.5,117.5,-202.14764404296875,55.88935089111328,180.1693572998047,29.084463119506836,-7.098053932189941,28.78038787841797,29.868831634521484,19.66485595703125,21.659719467163086,21.645462036132812,5.962965488433838,20.705970764160156,-23.2668399810791,16.02166748046875,3.842491865158081,12.61297607421875,4.9871039390563965,13.192244529724121,-7.702469825744629,10.615374565124512,-1.43360435962677,12.215880393981934,-0.5526402592658997,8.515925407409668,5.490967750549316,9.310578346252441,0.45166730880737305,0.3942105770111084,0.3664686977863312,0.35837671160697937,0.42715713381767273,0.3807380199432373,0.3373647928237915,0.4223758578300476,0.3429683744907379,0.31812262535095215,0.3501752018928528,0.38791465759277344,0.1765483730751373,0.1117859396280166,1675.893217967677,694.6730754717405,2470.745328466415,644.7337785046825,3170.376962188225,1793.9686689126247,0.032530180539443156,0.022006395328640998,17.781267694950554,5.203835731938468,11.936377325891561,4.357126810101126,16.249315050762423,4.57984422401762,17.09251586208901,4.884845587163124,16.145200485339846,3.71511195681286,24.20626440547393,6.332834637930834,36.40304751266669,4.367591995270021
original_mix,115.0,120.0,-213.2340545654297,56.21546936035156,185.1320343017578,30.064708709716797,-2.9949469566345215,28.014780044555664,32.03973388671875,21.60838508605957,19.316347122192383,16.30905532836914,2.187807559967041,17.711606979370117,-25.01480484008789,16.99493980407715,7.881721019744873,13.012367248535156,5.106297016143799,13.053964614868164,-4.410517692565918,10.933698654174805,-1.076474666595459,13.057741165161133,0.5455835461616516,8.635753631591797,9.256494522094727,8.850217819213867,0.45210468769073486,0.37766146659851074,0.34308457374572754,0.37653541564941406,0.4496457874774933,0.41001540422439575,0.39496245980262756,0.49066418409347534,0.41707420349121094,0.3882240355014801,0.3531673550605774,0.3419683277606964,0.15752066147196045,0.09229636103506975,1571.5352188187524,622.8970085120312,2424.8376611798626,627.2189581921251,2912.2782908570184,1643.0893216989975,0.029360317575406032,0.015748225768035116,17.82444267118441,5.454548226084496,11.676175829412708,4.231980123158876,16.038013292474293,4.320516080582306,18.02447631290909,4.685416537517478,16.529848421884118,3.7574754641201085,24.352936579953298,6.115809885830533,36.04242918160578,3.8675074493247803
original_mix,117.5,122.5,-213.42962646484375,55.41323471069336,183.0217742919922,31.502906799316406,0.3390260636806488,28.462665557861328,33.62142562866211,23.139432907104492,11.464184761047363,16.982505798339844,1.810933232307434,18.317623138427734,-22.513988494873047,16.54989242553711,11.548474311828613,12.235023498535156,5.407078266143799,13.409601211547852,-3.0511932373046875,12.158554077148438,-0.7059586644172668,12.796804428100586,-0.8684216737747192,8.657905578613281,9.546370506286621,8.600152969360352,0.4516151547431946,0.40972501039505005,0.4303745627403259,0.4379008710384369,0.46236637234687805,0.438416451215744,0.4041222929954529,0.5109544396400452,0.4659329652786255,0.4221000373363495,0.36998796463012695,0.3804691731929779,0.15003834478989278,0.08572916997227574,1643.7517151950963,702.5106805233472,2538.6210112513586,689.7283763395961,3161.583821236949,1962.4723432102871,0.030245114921693735,0.017045060483713015,17.735497406267367,5.140191163956105,11.471923648676226,4.056725938765236,15.840400405167047,4.296232202545497,17.72116885941956,4.309486405252533,15.992818472073925,3.4297905930095296,23.096453060390925,6.204144310211057,36.95936128836184,4.3625353266622815
original_mix,120.0,125.0,-209.67059326171875,56.135555267333984,178.2906036376953,26.601354598999023,-3.241081714630127,29.81022834777832,31.986474990844727,20.75359344482422,13.987969398498535,19.977575302124023,10.165925025939941,18.319334030151367,-18.839305877685547,14.112905502319336,8.0121431350708,11.72945785522461,-0.45765194296836853,13.333917617797852,-4.465210437774658,11.411277770996094,1.2001086473464966,11.817337989807129,-1.822774887084961,9.057456970214844,7.983293056488037,8.341292381286621,0.5072025060653687,0.4578096866607666,0.4553140103816986,0.43663331866264343,0.4614240825176239,0.4307883381843567,0.3528958559036255,0.46297356486320496,0.4036984145641327,0.33079731464385986,0.3004022538661957,0.37394434213638306,0.14511801075976852,0.08736072135918911,1707.9014782484728,645.1806390665408,2644.6542426957512,640.7331978043625,3266.102292089617,1904.5964790131532,0.029924503335266823,0.014757543216691066,18.32464806361015,5.039313536632487,11.765425893229194,3.9905447171500352,16.20049359478247,3.9674619949738075,16.46027395985175,4.138563093290712,15.841199490954706,3.5316816356652936,20.697091560801898,4.30805540965394,37.24669679706226,3.980601501715551
original_mix,122.5,127.5,-192.40496826171875,52.922000885009766,177.96817016601562,27.378812789916992,-9.336960792541504,26.68171501159668,35.2606315612793,23.02499008178711,16.300384521484375,20.729238510131836,13.385852813720703,13.485467910766602,-18.88024139404297,12.163701057434082,7.0187788009643555,12.146659851074219,-1.6160650253295898,11.544376373291016,-6.654653549194336,11.320319175720215,0.22491200268268585,11.454864501953125,-0.5694409608840942,9.85106372833252,5.6856465339660645,8.800504684448242,0.49575096368789673,0.47088271379470825,0.42534634470939636,0.39755964279174805,0.4255502223968506,0.39344459772109985,0.3689398765563965,0.45872631669044495,0.37883222103118896,0.3317441940307617,0.2977851331233978,0.35882171988487244,0.15825986386797544,0.08633748249278932,1756.7644660841822,637.176561943396,2640.2891546858214,621.7246724674983,3401.6965224405453,1753.292443394537,0.03068354843387471,0.016836213678954763,18.26524876971467,5.288430193833486,11.698234227980386,3.9762146734945674,15.977650166440657,4.37118670186418,15.752501335574614,4.012496522666828,15.535342224054238,3.2552126485020882,21.299339123766575,4.797096789105436,37.62776936487904,3.784165057689641
original_mix,125.0,130.0,-186.89227294921875,49.99386215209961,180.77081298828125,29.38104820251465,-8.007291793823242,25.08964729309082,35.232059478759766,24.43851089477539,12.630797386169434,19.55311393737793,6.631576061248779,12.9918794631958,-20.942861557006836,12.151236534118652,6.29675817489624,12.567787170410156,0.8162966370582581,11.362767219543457,-8.27570629119873,11.718464851379395,-1.338577389717102,11.656362533569336,1.058060884475708,9.073147773742676,6.239636421203613,8.734265327453613,0.3945747911930084,0.39183786511421204,0.3774525225162506,0.39376315474510193,0.4216831922531128,0.4146214425563812,0.3715267777442932,0.45915040373802185,0.4226996898651123,0.36569613218307495,0.3066271245479584,0.32934799790382385,0.17893932430449605,0.09473622183487636,1713.434902749235,690.2825461011494,2557.2393211984004,651.8607541199331,3347.5387679451856,1813.0696542081228,0.031168430974477957,0.01819362384724292,17.798037173103413,5.521960022262343,11.770230989119227,4.194256355008772,16.025816651493155,4.658635823799397,17.28911034572964,4.572826311269659,15.995602329981939,3.0893513833741473,22.72029521417296,5.480698048429974,37.55919297809579,4.379767695523325
original_mix,127.5,132.5,-201.9437713623047,52.042152404785156,184.6356201171875,29.306640625,-1.4897693395614624,26.211658477783203,29.59834098815918,20.573762893676758,11.263665199279785,19.306631088256836,2.7542948722839355,15.096114158630371,-22.758949279785156,13.963881492614746,6.1591315269470215,12.093722343444824,-0.44172927737236023,12.53456974029541,-7.885794162750244,12.78622817993164,0.4231012165546417,13.079511642456055,0.3398618698120117,8.17236328125,10.759495735168457,8.553481101989746,0.3680344820022583,0.3383564352989197,0.34162962436676025,0.3601817786693573,0.38434916734695435,0.3699052631855011,0.3200069069862366,0.44207921624183655,0.4162822961807251,0.33699265122413635,0.3026202917098999,0.31707656383514404,0.17771707991194283,0.09837085353175747,1591.1287366241527,663.6694905789984,2486.0320784303967,650.2626956261787,2972.381407700116,1814.2466268377957,0.029713783352668215,0.0167515245130724,16.98854788498302,4.974727783651494,12.002425068973706,4.262574426461064,16.37925338007681,4.512618312487321,18.27858013634524,4.701375731824324,16.39613958013347,2.977826820544315,22.86413341270506,5.31330079799146,37.02636491546161,3.9779593636262116
original_mix,130.0,135.0,-223.65640258789062,52.690879821777344,178.0686798095703,30.92996597290039,4.898882865905762,24.492717742919922,26.91164779663086,19.430601119995117,5.266090393066406,16.992786407470703,2.228820562362671,16.50222396850586,-21.725324630737305,15.342069625854492,9.218086242675781,12.14990234375,-5.040648460388184,12.693370819091797,-3.383620262145996,13.574126243591309,3.930701494216919,12.349752426147461,-2.448430299758911,7.552994251251221,12.050683975219727,8.58500862121582,0.37270432710647583,0.37870147824287415,0.4532637894153595,0.40790480375289917,0.43814384937286377,0.3789096474647522,0.3513186573982239,0.4809102416038513,0.3619888126850128,0.3050624132156372,0.2990950345993042,0.28447502851486206,0.13793281056073314,0.09436604557017755,1706.4014551707482,677.4638745130592,2712.089766263478,751.2500737022942,3294.8298832656615,2103.935833937404,0.03035160781612529,0.01512496403606668,18.988210247260383,5.408301853358256,11.54649686079034,3.8215292917731016,16.02413495739643,4.230263089014102,18.213138808622812,4.478331380976283,15.983109117187068,3.0783250013363297,21.53565953913154,4.777142227241835,36.8275153967011,4.016485278482236
original_mix,132.5,137.5,-276.4812316894531,68.7508544921875,163.55711364746094,27.145395278930664,32.10243606567383,38.73815155029297,38.518489837646484,19.915639877319336,6.416747093200684,14.351360321044922,3.487097978591919,13.530379295349121,-19.19878578186035,12.811984062194824,7.438973903656006,11.96020221710205,-13.305145263671875,11.622102737426758,6.874234199523926,12.080293655395508,13.737059593200684,12.123961448669434,-2.0055947303771973,7.189163684844971,13.294401168823242,8.50936222076416,0.5302067995071411,0.43333908915519714,0.4733693301677704,0.3833982050418854,0.4306698739528656,0.33672669529914856,0.29673826694488525,0.44053369760513306,0.33869946002960205,0.34203287959098816,0.32327553629875183,0.3694867491722107,0.09427580438779014,0.06678650916714876,1649.4920590333024,748.7528389885184,2852.2062901383324,768.3743039179751,3096.0849133555685,2491.500051518782,0.025959342372389792,0.01263922545544744,18.673088357266895,5.517660760027142,12.345118225184528,3.811809842519899,17.653651668115764,4.40489104717474,21.548257256603026,6.0862191955342535,19.570021946207557,6.491593274087427,25.1869833652939,7.510005586350185,36.49754610954935,3.5884336795351075
original_mix,135.0,140.0,-278.3044738769531,88.6101303100586,148.5377197265625,32.57029342651367,51.31795120239258,34.553550720214844,55.26853942871094,17.72398567199707,4.4278035163879395,14.268316268920898,6.447989463806152,11.835765838623047,-14.646986961364746,11.259647369384766,14.068453788757324,13.737652778625488,-19.319538116455078,10.019100189208984,11.35864543914795,9.032526016235352,13.795450210571289,12.793510437011719,-1.0258244276046753,11.433979034423828,6.1667985916137695,14.666116714477539,0.6345677375793457,0.47046947479248047,0.40460658073425293,0.3442440927028656,0.4258181154727936,0.3645419478416443,0.316291481256485,0.43696191906929016,0.4009665548801422,0.4717985987663269,0.39843714237213135,0.45761996507644653,0.10429180916528415,0.06497954672699476,1907.4760350929032,1377.1228938293943,3110.410088210306,931.2612580819388,3641.0598082221577,3616.4477988789945,0.03137235353828306,0.03771552835341641,16.907653872845593,4.910836118178737,12.302318363669052,3.9193105607796292,18.760755372785756,4.022594892594388,23.564771212952465,5.387661627386178,21.019353720021662,5.9672095987799665,27.549793507950437,8.73300677551348,38.15078546453808,5.209687399793148
original_mix,137.5,142.5,-222.95960998535156,83.76535034179688,135.23553466796875,38.992088317871094,37.732627868652344,37.34766387939453,63.99686050415039,22.322256088256836,1.3857333660125732,16.262514114379883,9.005276679992676,12.73497200012207,-16.652793884277344,13.606410026550293,20.229503631591797,12.994415283203125,-16.940200805664062,10.749197006225586,9.211055755615234,11.393397331237793,4.838322639465332,11.221593856811523,0.16464240849018097,12.93368911743164,-4.177341938018799,13.149909019470215,0.5124247670173645,0.42200860381126404,0.37493908405303955,0.35512518882751465,0.43642327189445496,0.4003259837627411,0.36317428946495056,0.44214361906051636,0.3958403170108795,0.40882304310798645,0.35714125633239746,0.41621071100234985,0.15154600916149444,0.0760222913062538,2420.0564480257945,1574.5025819850164,3433.685557541552,859.7279420961509,4890.884887978538,3759.0870823221153,0.042758030017401395,0.04897751745471932,17.714567039428125,5.382254257019716,12.813514076600915,5.06740487354715,18.56847044778851,3.838747285795978,22.981979804340025,5.93211003256693,18.617605532278965,4.59487395462129,23.602228754404504,7.824954959610957,40.76322878912528,5.278620157021935
original_mix,140.0,145.0,-205.4301300048828,68.35076904296875,132.79078674316406,32.408058166503906,24.007108688354492,36.06974411010742,61.28518295288086,24.26671600341797,1.5093315839767456,16.884998321533203,8.489116668701172,12.69682788848877,-19.47563362121582,14.220380783081055,23.193096160888672,13.722497940063477,-14.170134544372559,10.93377685546875,8.278952598571777,12.125504493713379,6.73656702041626,12.068224906921387,4.983879566192627,11.538606643676758,-3.9191322326660156,14.427743911743164,0.39999496936798096,0.3677164614200592,0.3537140190601349,0.35830023884773254,0.49244898557662964,0.406568706035614,0.3070482611656189,0.34057003259658813,0.29351380467414856,0.2639508843421936,0.28088128566741943,0.3454835116863251,0.16128330124572368,0.0720543154165282,2513.4637345143274,1233.8601310891445,3570.336338158767,632.0076408835071,5165.920347846578,2972.2616949911803,0.040832094692575406,0.039736811970035764,17.942289612897504,5.668350136386986,13.635966037317285,4.4983108368202425,18.56363805863183,4.166384257454553,21.439456361050386,6.756716055635565,18.07762366209579,4.466155127670846,21.691860114166275,5.268354417636092,41.165476348756656,4.6567782268435085
original_mix,142.5,147.5,-200.0479736328125,68.0422592163086,135.875732421875,30.366470336914062,21.801443099975586,33.94388198852539,55.626678466796875,24.346250534057617,0.01145280059427023,18.786357879638672,5.0375261306762695,13.222245216369629,-19.686731338500977,15.945771217346191,29.010637283325195,13.22378158569336,-14.034789085388184,9.986270904541016,6.444655895233154,12.384042739868164,8.467820167541504,11.892562866210938,7.283382892608643,11.407224655151367,-6.223062038421631,13.419147491455078,0.4305640161037445,0.39999204874038696,0.3345988988876343,0.3263804018497467,0.5133735537528992,0.5418675541877747,0.33794599771499634,0.35759812593460083,0.3736899495124817,0.34582746028900146,0.35654228925704956,0.3913075029850006,0.16534307375204535,0.08878167217489563,2555.0671241977916,1148.2094852605107,3643.7730147078046,661.7876280215268,5411.72860625725,3022.188443355424,0.03929021352958237,0.03480476626736115,18.579774410983887,5.2500460070444355,13.555618729895981,4.598648934685178,18.01899012360117,4.454614316496482,20.598287071944576,6.1413127276733555,17.642619306609053,4.247454893430291,22.45162370321719,5.986862588637901,41.221420618847375,4.289837810695963
original_mix,145.0,150.0,-235.29632568359375,101.7420883178711,129.3783721923828,32.59192657470703,29.301090240478516,35.47295379638672,59.5108528137207,27.848390579223633,6.192952632904053,21.38686752319336,1.427473545074463,12.474433898925781,-23.266132354736328,14.824851036071777,19.935800552368164,20.366628646850586,-14.075691223144531,8.887879371643066,4.075949668884277,12.624726295471191,4.7786688804626465,11.023460388183594,6.728787422180176,11.179097175598145,-6.449161052703857,10.681180000305176,0.36845266819000244,0.2826390862464905,0.23732401430606842,0.2982041835784912,0.49074241518974304,0.34326454997062683,0.2847374379634857,0.46219581365585327,0.3864777684211731,0.3596671521663666,0.3721865713596344,0.35967522859573364,0.14436707547552485,0.09713867101108323,2391.5249847188684,1423.2469193826532,3307.1578620242635,1043.8208765005834,5070.145056917054,3509.921604396776,0.040254314095127613,0.04033761775774573,18.894890666369278,6.489595398347801,13.453913188978955,4.698836781610034,17.95326308701476,3.9927786757453716,23.333070196928407,6.505729243343391,18.18045470039349,4.1808060407160275,24.014287950195637,7.285083411130849,38.80424022077418,7.1570604090727965
original_mix,147.5,152.5,-276.4835205078125,107.97319030761719,118.17671203613281,31.671234130859375,38.25011444091797,38.22433090209961,58.176513671875,28.837642669677734,9.563881874084473,20.785608291625977,0.32648566365242004,11.771413803100586,-24.228477478027344,16.602170944213867,11.12942886352539,20.149547576904297,-18.26418113708496,11.6585111618042,-3.3482580184936523,13.873311996459961,-2.487821340560913,11.023563385009766,3.0788824558258057,11.351192474365234,-9.87199592590332,14.37998104095459,0.3562362790107727,0.2664138078689575,0.254393994808197,0.2772568166255951,0.43480467796325684,0.37354451417922974,0.3024275600910187,0.381931871175766,0.27903005480766296,0.23630858957767487,0.2306804656982422,0.24878142774105072,0.13092373377641364,0.09142966143257955,2279.368203026875,1674.1426725638469,3132.9841260766734,1221.508812247679,4660.71443137326,3823.0045616859074,0.041085864994199535,0.05505877809062587,19.416247874383842,7.002609263644281,14.102129571734844,4.481781383914857,19.89206321510032,4.705208646322886,24.46187510889448,6.23380082124907,20.051678295158734,4.858686366346157,25.614435339903366,6.963955268390373,36.973035841599625,8.357304968036335
original_mix,150.0,155.0,-271.60516357421875,98.00182342529297,114.80725860595703,33.56011199951172,36.99995422363281,38.16655349731445,50.084320068359375,26.25555992126465,1.555496096611023,21.51007080078125,-1.3304896354675293,14.258927345275879,-21.325103759765625,20.32620620727539,15.608860969543457,16.790632247924805,-18.797590255737305,14.173343658447266,-7.899947643280029,13.63512897491455,-8.035005569458008,8.84592056274414,-1.6148215532302856,11.068872451782227,-15.932039260864258,13.194279670715332,0.4483170509338379,0.32429859042167664,0.3480212092399597,0.2870047688484192,0.3310564458370209,0.34078454971313477,0.3034244179725647,0.29902175068855286,0.24527451395988464,0.2503962218761444,0.28995320200920105,0.3651127219200134,0.1378097667503592,0.09713840170084047,2517.058530087436,1818.3941796249624,3371.610159521272,1144.1754367306446,5062.101331387761,3942.22645036976,0.047921802494199535,0.06214524899552769,18.16522627031427,7.0545013153861,15.025954533569234,4.772132986870236,19.286309811424136,5.053628013856265,21.845965820459103,5.631136972395984,18.948935891655648,4.932955704210523,24.32853130612298,6.694532628991976,38.083109849443154,8.01588339964959
original_mix,152.5,157.5,-247.59579467773438,79.45851135253906,115.56256103515625,35.32020568847656,21.768787384033203,32.69184875488281,51.45591735839844,23.639266967773438,-0.9196000099182129,17.830406188964844,0.49738794565200806,13.688843727111816,-19.691064834594727,18.072507858276367,15.562556266784668,12.47923469543457,-14.66071891784668,13.049221992492676,-6.435667991638184,13.241663932800293,-8.255769729614258,9.373403549194336,-3.2150790691375732,10.53077507019043,-17.895456314086914,10.36176586151123,0.46862083673477173,0.3483843505382538,0.35627856850624084,0.2945796251296997,0.31397658586502075,0.29880326986312866,0.2773663401603699,0.2981848418712616,0.2712407112121582,0.3185267746448517,0.40067052841186523,0.47613096237182617,0.13469088195959267,0.09145077366649479,2777.9254233867164,1712.633149925554,3571.968957338252,893.2250620913329,5701.252764283643,3617.785595868078,0.05236504857888631,0.05936659607742255,17.491674816081048,6.365779857187566,14.807266938977206,4.832973866246683,17.5531728253764,4.775037765502841,19.690534005802046,4.991318101412107,16.83417687448448,4.016518316197607,21.411766399624817,6.267941153491733,39.16208104085352,6.325452888072331
original_mix,155.0,160.0,-287.57952880859375,76.55343627929688,136.7271728515625,39.93806076049805,27.281391143798828,24.720964431762695,38.95184326171875,27.02891731262207,3.2789530754089355,12.034398078918457,5.594480514526367,9.509345054626465,-10.216190338134766,18.596084594726562,7.657392978668213,12.43713665008545,-7.979076862335205,11.557549476623535,-3.0018868446350098,11.17499828338623,-5.5709004402160645,8.98185920715332,-3.84989595413208,8.189114570617676,-13.549131393432617,10.35159969329834,0.6142951846122742,0.4144369959831238,0.2932179570198059,0.2763547897338867,0.37582361698150635,0.30462291836738586,0.2400071620941162,0.34869471192359924,0.2835395038127899,0.28762200474739075,0.3509007692337036,0.5035262107849121,0.09557212029827927,0.08241350452735068,2350.2105074280253,1502.2748623567547,3447.5597816700483,1089.4189902505157,4810.547554741879,3541.5053747923025,0.03737107562354988,0.04648208386458006,17.2704075821387,6.04971463448985,13.296106544311618,4.34879515735443,17.46369598186964,4.149034111214381,18.977118129197194,4.078474331941568,15.939538069160001,3.247484407279628,17.83489453399075,5.082009348489965,35.34225958733942,6.539606936960464
original_mix,157.5,162.5,-288.13330078125,77.28936004638672,163.43844604492188,36.476104736328125,12.379289627075195,42.54471206665039,22.694753646850586,24.107582092285156,0.3828110694885254,20.175586700439453,-6.401909351348877,21.52457046508789,-3.544581651687622,15.103825569152832,-8.696887016296387,15.498345375061035,-1.8533258438110352,10.662588119506836,-2.4274137020111084,8.622315406799316,-9.375312805175781,13.421630859375,-1.6327745914459229,9.79566478729248,-4.209580421447754,9.37051010131836,0.6113559603691101,0.3930456340312958,0.243500754237175,0.244400754570961,0.3906487226486206,0.31051167845726013,0.2753770649433136,0.35840627551078796,0.26112931966781616,0.2521505653858185,0.27622124552726746,0.4527384340763092,0.11419218405432947,0.11961152159137749,1833.1480012832142,1138.110618664504,2680.1190999292103,1228.8994531264887,3488.029179053074,2835.9781033522268,0.03491834034222738,0.034112697053618815,17.382353211601597,6.067087355507681,12.47660904076174,3.9062280217602883,17.647153623781932,4.212494745951911,19.05818332218226,4.4571890694502505,16.141394327277187,3.1158503328541864,18.52700931845336,6.682163608671066,34.474519790256295,6.375615622296667
original_mix,160.0,165.0,-221.9905548095703,61.405067443847656,182.7151641845703,36.32220458984375,-24.436201095581055,36.22101593017578,21.14678192138672,26.725629806518555,-5.172286033630371,22.85548210144043,-21.8619441986084,18.771953582763672,-7.734981536865234,16.71685218811035,-23.101627349853516,17.23322105407715,-3.8869571685791016,12.397764205932617,-3.2238879203796387,10.729104995727539,-20.48906135559082,12.498899459838867,3.71293306350708,11.624051094055176,0.25135552883148193,10.013969421386719,0.3911920189857483,0.3180023431777954,0.2525569200515747,0.24838373064994812,0.3833611309528351,0.30244147777557373,0.2652418911457062,0.2699953317642212,0.2609080970287323,0.2946743667125702,0.25561925768852234,0.2906237244606018,0.2203817219233568,0.1361043815776931,1671.375233086055,922.6226846233503,1990.9491900377373,766.7139826362105,2985.4212360426336,1917.6509557205025,0.04051941342807425,0.03279956554947804,19.738054270118468,6.324093784468502,13.918627160802323,4.1750637812578235,18.772586537927562,4.663435718507254,20.68484981693746,5.748807193607756,18.65234373496704,4.421992660224001,22.845225140154458,8.52784592239992,39.105674547522,5.885935850091324
original_mix,162.5,167.5,-215.6117706298828,56.776405334472656,180.8701934814453,37.325992584228516,-26.769926071166992,35.63255310058594,27.386577606201172,28.96356773376465,-1.7360230684280396,20.96367835998535,-22.415122985839844,13.522021293640137,-8.953205108642578,17.521242141723633,-26.469736099243164,14.77770709991455,-6.652731418609619,12.424057006835938,-0.5425335168838501,12.109795570373535,-20.205970764160156,14.317638397216797,3.873957395553589,10.964229583740234,3.26432466506958,9.565770149230957,0.28098148107528687,0.29359209537506104,0.3735477030277252,0.3208063840866089,0.34283143281936646,0.2792925238609314,0.22386254370212555,0.28995856642723083,0.30895522236824036,0.31489473581314087,0.2724304497241974,0.24931491911411285,0.21935635869523074,0.13173561993041094,1696.636276176719,961.9518310229671,1964.3208917688962,602.662498457605,2925.6178853683296,1848.8176107192924,0.0426843913138051,0.03632436875977455,20.137722510762273,6.076883386539424,14.048205326614577,4.316155769275043,18.736147526655927,4.866567088696146,21.229749407455863,6.06251502461825,19.772198790580234,4.452367517187273,21.237922446956887,7.649281863313353,39.218061776026126,6.41036629528521
original_mix,165.0,170.0,-214.22088623046875,56.00971221923828,175.95594787597656,39.52602005004883,-26.9510498046875,34.01906967163086,28.566490173339844,31.318647384643555,-0.8941736817359924,19.453277587890625,-20.60555648803711,13.550599098205566,-6.721735000610352,15.1157865524292,-27.848392486572266,13.696782112121582,-7.503305912017822,12.510698318481445,5.208632946014404,13.887511253356934,-19.38374137878418,15.343472480773926,0.8309357762336731,9.20954418182373,5.971770286560059,9.313020706176758,0.2255503237247467,0.3076213598251343,0.45720067620277405,0.3514111042022705,0.2943859398365021,0.2593776285648346,0.31962189078330994,0.3659464716911316,0.30015695095062256,0.27225449681282043,0.2680314779281616,0.2547903060913086,0.19508913357951732,0.12085230490800973,1809.8994273050237,1052.975940208304,2022.6049590030234,623.8944092378357,3143.3980069968097,1915.0101016939632,0.04650907228828306,0.04115893596381845,19.014851113392364,5.407878296051545,12.947977874833656,4.3023949647085855,18.288284818489544,5.254891689388762,20.514880549036334,5.849525658351869,18.652180961583344,4.228458922988602,19.901205497165147,6.885034873907147,39.62835547072221,5.499419261855398
original_mix,167.5,172.5,-219.2965545654297,59.56449508666992,171.61216735839844,43.76933670043945,-23.519432067871094,38.73065948486328,25.32451820373535,32.607643127441406,-3.774235725402832,18.89202880859375,-16.481597900390625,16.619028091430664,-7.226130962371826,15.445489883422852,-24.989076614379883,16.02766990661621,-9.3295259475708,12.66417121887207,5.686071395874023,13.811542510986328,-16.347620010375977,15.504487991333008,-1.5931206941604614,8.978395462036133,3.823784828186035,9.928513526916504,0.3050287663936615,0.3551569879055023,0.35531142354011536,0.3002670407295227,0.25118210911750793,0.2688768208026886,0.3315056562423706,0.38314709067344666,0.2916833758354187,0.2436126172542572,0.24183619022369385,0.2699035108089447,0.18759097800678692,0.11654728550992528,1942.7466666823634,1220.0544587112804,2128.056096603899,793.5804483684209,3384.310084650522,2242.739008034303,0.051106393198955914,0.04805155219222001,19.672130840634242,6.496551695970074,12.622389138423733,4.312748325136718,18.573218706123477,5.015848463894713,20.614203288429316,4.790288031270579,18.625797875718785,4.040826110600206,20.91405960363961,8.436565353771826,39.359115658662056,5.966679845884811
original_mix,170.0,175.0,-242.7144317626953,72.81468963623047,154.27130126953125,40.695457458496094,4.93887996673584,45.61139678955078,44.59071350097656,31.597665786743164,1.9546797275543213,20.718530654907227,-8.114388465881348,16.302762985229492,-9.943970680236816,14.688323020935059,-5.600836753845215,21.233627319335938,-10.19908618927002,11.114550590515137,4.721024513244629,10.373795509338379,1.0710035562515259,19.44601058959961,-2.914111852645874,8.77047061920166,1.9304814338684082,9.426551818847656,0.4250376522541046,0.3672105073928833,0.31903302669525146,0.2949336767196655,0.3524172008037567,0.4078616201877594,0.37770119309425354,0.43417224287986755,0.3662112355232239,0.3835586905479431,0.2969898581504822,0.29701194167137146,0.14714033399728016,0.1132932588052606,2027.0352567575273,1284.023873058105,2541.541510428675,859.2801327624062,3642.708522150522,2598.004120512423,0.04886097919083527,0.05059960096371664,18.91383945485586,5.547273286126322,11.092356948314414,4.134723399969098,18.75990015446343,4.737119265759696,22.69205386067771,5.078723521726479,19.0534156172547,4.152532321231931,23.046661002708937,9.763432915906424,38.927516571437835,5.758376249549204
original_mix,172.5,177.5,-244.4886932373047,73.21817779541016,163.2560577392578,34.35576248168945,22.076610565185547,36.51658248901367,52.19053649902344,20.423688888549805,14.464929580688477,21.47952651977539,-0.8371240496635437,13.883617401123047,-13.876762390136719,12.69731616973877,9.704697608947754,15.705933570861816,-4.96936559677124,9.73397159576416,2.751263380050659,10.89140510559082,12.865599632263184,13.92246150970459,-3.5857856273651123,8.894402503967285,1.4187883138656616,9.764534950256348,0.49621036648750305,0.4266868531703949,0.4042070209980011,0.4247093200683594,0.4741238057613373,0.4714881479740143,0.3999546468257904,0.5241699814796448,0.4886675775051117,0.4767926335334778,0.4123137891292572,0.40989798307418823,0.14170100507077926,0.1065568905294065,1676.3740617965138,949.9478282098887,2620.7308750442703,795.8467216497337,3193.3090741009282,2427.4581946872077,0.030618972955336426,0.028584735684007153,18.395821427971352,5.61990067217408,10.185194427196855,4.028891224969073,17.476664099112753,4.396341149914608,22.07826326721698,5.69003434661945,18.14793838987414,4.165306648886361,26.243409286653257,9.76400548892089,38.18071794779555,4.574728424288795
original_mix,175.0,180.0,-219.59397888183594,63.002220153808594,176.94076538085938,36.67391586303711,3.710747241973877,32.81291580200195,43.76912307739258,25.92302894592285,12.42354679107666,23.156064987182617,4.721073627471924,13.056221008300781,-16.675662994384766,12.200326919555664,11.749957084655762,11.826186180114746,-3.8126988410949707,10.88366413116455,-2.3466315269470215,11.683308601379395,10.070082664489746,11.115152359008789,-5.762391567230225,9.583492279052734,1.107940435409546,9.610088348388672,0.5295113921165466,0.4847215414047241,0.4634207487106323,0.4954800605773926,0.4715568721294403,0.4262964427471161,0.3997889757156372,0.5513752698898315,0.5364341139793396,0.42239847779273987,0.3706229627132416,0.4191421568393707,0.146032566451003,0.08764595501681563,1696.6385296110068,885.0407676784575,2555.834425103713,775.2006729588393,3285.786937173724,2245.3590249811386,0.03148904256090487,0.022144296689350737,19.38730215887895,5.599160856583952,10.441844562196248,3.8468009119409614,15.634803989604519,4.14506772854335,18.98165601932664,5.748592843218461,16.8625037814909,3.197664067052285,24.110843986248536,7.708590598650741,37.504788175715255,4.433438222775384
original_mix,177.5,182.5,-212.0386199951172,60.02613830566406,174.49644470214844,38.29799270629883,-3.884835958480835,32.179725646972656,47.161434173583984,29.157344818115234,0.22199399769306183,19.964834213256836,9.362574577331543,11.813297271728516,-13.188776969909668,11.847384452819824,12.471877098083496,13.103578567504883,-6.384555339813232,11.336431503295898,0.4756653904914856,11.808940887451172,4.743302345275879,11.137444496154785,-7.786898612976074,9.865785598754883,4.883225440979004,8.608786582946777,0.4629378914833069,0.45682236552238464,0.46217361092567444,0.48629137873649597,0.588580310344696,0.553659975528717,0.43274158239364624,0.46673187613487244,0.4383070468902588,0.40206027030944824,0.382493793964386,0.38302186131477356,0.13134254038057305,0.07121474200431537,1911.2553976906281,907.194783525584,2743.539416912571,730.6462766034327,3698.6648736586426,2156.458908068372,0.03834084070475638,0.029230426063865826,19.747613323845414,5.90567233383461,10.499000778968655,3.2670452363360334,14.92706685345153,3.6987638281332544,17.667491163521007,5.081684418536322,16.24699273985731,2.8686580591358335,20.20946864181305,4.781222852614188,38.24959329898143,4.662729282037671
original_mix,180.0,185.0,-233.08326721191406,63.17793273925781,166.38790893554688,32.761539459228516,14.628229141235352,35.353919982910156,51.005672454833984,22.5495548248291,4.902041435241699,17.749876022338867,5.907539367675781,12.356776237487793,-11.934335708618164,11.171868324279785,17.190401077270508,14.847671508789062,-3.7115066051483154,10.965784072875977,5.755631446838379,12.417069435119629,10.097511291503906,13.837221145629883,-11.188674926757812,9.953105926513672,3.894469976425171,9.234086990356445,0.48528435826301575,0.39573073387145996,0.36523789167404175,0.4464016854763031,0.5956756472587585,0.5217798948287964,0.43211960792541504,0.503011167049408,0.41011711955070496,0.414176344871521,0.408403217792511,0.4631372094154358,0.124770307935031,0.07758857059821046,1822.4925948738648,854.7078431552093,2861.825817397166,714.2340561514683,3543.635803364269,2276.7294022067776,0.032783950841067284,0.026191932028670813,18.11122606358288,5.186180998145783,10.525885414383788,3.35913730669239,15.839969676071854,3.9931978111522515,19.87141186793564,5.77521846025502,16.573407757739144,3.482238708528161,22.598974860521174,7.874443563764113,38.725868413882424,3.692677011089117
original_mix,182.5,187.5,-251.03021240234375,67.3954849243164,156.9904327392578,30.59395980834961,32.24067306518555,33.41615295410156,49.2383918762207,20.220605850219727,4.906007766723633,20.110820770263672,-0.8299719095230103,12.048872947692871,-11.476847648620605,10.372798919677734,21.706586837768555,12.753881454467773,-6.7951340675354,11.053515434265137,8.023099899291992,10.81063461303711,15.440114974975586,12.34961223602295,-11.456002235412598,8.68990421295166,2.6164848804473877,9.61934757232666,0.5898485779762268,0.4106852412223816,0.29967865347862244,0.3016048073768616,0.43925973773002625,0.503368079662323,0.4479834735393524,0.5660275816917419,0.38353732228279114,0.36144906282424927,0.3632165193557739,0.47171491384506226,0.1295583052452645,0.09379034801569573,1802.1902169517148,984.8037195864362,2942.4013747677022,741.7946731478069,3440.4163192430397,2639.099737293268,0.030621238761600927,0.023722210230373655,17.430990764437418,4.655401925667968,11.749536310308217,4.140317959508358,18.187008975749006,4.150705403810678,23.233695669133283,5.389600299724545,18.560775804654615,4.35918872583486,28.22963174469485,10.054602623873063,39.00721880816479,4.0168145780112905
original_mix,185.0,190.0,-229.3250274658203,67.70149993896484,162.6967315673828,34.645118713378906,24.86610984802246,36.18035125732422,45.58089828491211,27.6378173828125,-5.994171142578125,18.119165420532227,-5.507524013519287,14.38086223602295,-9.01528549194336,12.80804443359375,19.499845504760742,14.747859001159668,-7.9996657371521,10.783162117004395,8.176559448242188,9.238093376159668,10.909682273864746,12.187695503234863,-8.188569068908691,8.865577697753906,4.663625717163086,8.334660530090332,0.4630895256996155,0.32821860909461975,0.2957535982131958,0.25839635729789734,0.3168047368526459,0.3825135827064514,0.4144611656665802,0.5075031518936157,0.3821820318698883,0.3569030165672302,0.37841206789016724,0.44949865341186523,0.14997773581203894,0.08934479864687428,1864.2653548711473,1058.9976973522494,2824.733697071859,726.9284563316496,3368.8221659295245,2571.108684449091,0.036554252465197216,0.031437261202400445,17.3440297219258,5.320818452644242,13.517624809792691,3.8704153125740763,18.00393042706747,4.279125151448799,22.822276259453936,5.056263591556637,18.872743666438392,4.704508060725039,25.852407752886005,9.098891177551563,39.28109352011988,4.7422252695022244
original_mix,187.5,192.5,-195.89199829101562,50.378074645996094,176.3607177734375,35.109214782714844,4.865234375,34.99697494506836,46.95997619628906,32.27037048339844,-6.258063793182373,16.334880828857422,-5.311117172241211,15.603425979614258,-9.934626579284668,14.680157661437988,13.969917297363281,16.795841217041016,-8.933727264404297,12.092157363891602,6.945544242858887,10.05650520324707,5.68416690826416,10.094489097595215,-3.268301248550415,9.45074462890625,7.194605350494385,8.633516311645508,0.3880477249622345,0.3035368323326111,0.2757093906402588,0.2657329738140106,0.2551960349082947,0.28639715909957886,0.35575640201568604,0.47221246361732483,0.4206838011741638,0.3839486837387085,0.3799820840358734,0.43094712495803833,0.18204922941264862,0.081907442576311,1815.0746853834578,946.4827136479596,2572.9457367818977,628.8463194261057,3172.4253643416473,2040.3662849434813,0.039444288355568444,0.03438877664711372,17.685232639893634,5.040268212349029,13.228104849711016,4.066184082552178,17.50182748313504,4.5559837734399045,21.158050253065618,5.119799903162101,17.32905994083978,3.8104060925237278,19.806809543318234,3.7482984431238036,39.463581560903904,4.622766765028007
original_mix,190.0,195.0,-184.8044891357422,52.855499267578125,166.74307250976562,40.852359771728516,-0.8430583477020264,31.788745880126953,48.11931228637695,34.72769546508789,2.2065186500549316,19.395763397216797,1.4361172914505005,15.210336685180664,-11.433152198791504,15.363704681396484,9.111148834228516,15.108059883117676,-9.861498832702637,12.483059883117676,3.763505220413208,9.285982131958008,7.863785743713379,11.551706314086914,-0.11569907516241074,9.683490753173828,8.905465126037598,8.408923149108887,0.3925464153289795,0.3356422781944275,0.24277178943157196,0.25748753547668457,0.3545103967189789,0.38518232107162476,0.38475313782691956,0.5224437117576599,0.46510326862335205,0.41232943534851074,0.35042804479599,0.3385818302631378,0.18719329174149893,0.09000034351468539,2002.8611035084043,1143.9495378837726,2667.163999927898,713.4130415178761,3755.6704067575406,2241.1455127747363,0.04249859520011601,0.046063817033041604,19.16634910731835,5.153810076889666,12.06175513909708,3.8434864319051334,18.001536065227008,4.572626250622369,20.95749609954222,5.637802760909283,17.42236254616945,3.8927787605235893,19.981758180280004,4.218942455432665,40.04045322321397,4.95127240408931
original_mix,192.5,197.5,-182.70388793945312,57.29051971435547,158.50723266601562,43.57736587524414,0.7074893712997437,32.00632858276367,51.786441802978516,38.02436447143555,-0.5471687316894531,21.994028091430664,3.0932705402374268,14.910544395446777,-12.737497329711914,17.242965698242188,10.184449195861816,14.198432922363281,-4.2649922370910645,12.729201316833496,4.065820693969727,9.076058387756348,7.04965353012085,12.285758018493652,-0.6776304244995117,10.123517990112305,6.644876003265381,7.407624244689941,0.33684563636779785,0.3172453045845032,0.2879732549190521,0.32941973209381104,0.4243265390396118,0.4288158714771271,0.41274628043174744,0.5397906303405762,0.5030872225761414,0.4594423472881317,0.3354544937610626,0.30780017375946045,0.18187427266637024,0.09332500597991225,2139.485139092559,1313.778251758521,2745.762130696468,631.6768310537957,3922.640162775522,2328.3363246342064,0.04721713674593968,0.05579122173144326,17.824128355436752,5.1596310212615695,12.017651851909184,4.391140082086164,17.557956091712114,4.5642015791399935,21.072039970566458,5.6026144560140265,17.79609179655179,4.51909129536537,20.436476876912156,4.184483538317899,40.674109674695465,5.07066328313037
original_mix,195.0,200.0,-210.9815216064453,73.45697021484375,157.3246307373047,37.51908874511719,16.897878646850586,40.51002883911133,52.32147216796875,32.79906463623047,-0.9572139382362366,18.79924201965332,-1.911771535873413,13.094917297363281,-13.162542343139648,15.361322402954102,11.372981071472168,15.75113582611084,-2.5054266452789307,11.94301700592041,8.402122497558594,8.584973335266113,10.003100395202637,13.337868690490723,-2.6985130310058594,9.918914794921875,6.247951507568359,7.544929027557373,0.42935094237327576,0.3643682599067688,0.34268832206726074,0.37504294514656067,0.4145600497722626,0.4173581004142761,0.4307173192501068,0.6030265092849731,0.5349129438400269,0.46251511573791504,0.3773440718650818,0.3985878825187683,0.14840307244015405,0.08803598620266549,1970.6146656726403,1165.223318292399,2802.32612599082,601.4135612431256,3493.175164950696,2320.319869377408,0.040768652117169374,0.046784798648963545,17.013173940730375,5.1398212005967245,10.79625131436151,4.305705665815313,16.44845719476051,4.618232472584937,22.043489355720777,5.726435771691628,17.97379350475829,4.291201031410545,22.874933079675973,8.082315322596926,40.19840529177355,4.555207235098676
original_mix,197.5,202.5,-242.62550354003906,82.65592956542969,153.89956665039062,31.83633804321289,21.40729522705078,48.37624740600586,46.806278228759766,25.388673782348633,9.170127868652344,15.735909461975098,0.07954615354537964,10.00966739654541,-10.7960786819458,13.126813888549805,11.71618938446045,16.72095489501953,-7.334822654724121,12.065808296203613,8.731598854064941,10.441693305969238,14.819954872131348,15.496940612792969,-4.180077075958252,9.125163078308105,7.339008331298828,7.573009490966797,0.5629180669784546,0.4227765202522278,0.3928404748439789,0.3737491965293884,0.38871026039123535,0.38111594319343567,0.42007312178611755,0.5900739431381226,0.4452458918094635,0.41068708896636963,0.42932313680648804,0.4991198778152466,0.11856588206995114,0.08333730166627852,1867.2647515899941,888.9564201427581,2878.097053708526,706.3110446596363,3472.2914551914155,2208.9048399661237,0.0331045624274942,0.030634502558084958,17.383507125620078,5.332777036873172,11.119868697823685,3.7527776178408216,16.873578864292497,4.385780954827731,22.031139415932174,6.2861893079007505,18.23587287284308,4.300761850576675,27.435792364047195,9.385851222760147,39.27075556171223,4.686534947119538
original_mix,200.0,205.0,-217.80067443847656,81.34967041015625,163.1013946533203,40.24446105957031,2.293687105178833,49.725685119628906,40.68952941894531,32.985225677490234,12.773171424865723,20.15679931640625,-0.2777889668941498,11.838221549987793,-12.363275527954102,17.681188583374023,8.229146957397461,17.02457046508789,-9.241036415100098,11.19823169708252,0.6365454196929932,11.940818786621094,7.6197614669799805,15.362161636352539,-7.185486793518066,9.9042329788208,6.148805618286133,8.60776424407959,0.5126608610153198,0.4570811092853546,0.4170847535133362,0.3690779507160187,0.38833731412887573,0.3999099135398865,0.3576675057411194,0.39881667494773865,0.3656403720378876,0.4255305826663971,0.46350982785224915,0.4617491662502289,0.1588913511286064,0.10447555501941626,1913.7659597252193,970.5619405117344,2615.845828477842,784.0204810582381,3516.7068092009863,2064.2614302226216,0.039110081931554526,0.04054746421443987,18.990142035632967,6.046698593763621,11.873201152525189,4.081150182283725,17.17192681494724,4.599872501855977,19.207959992703426,5.629362951158295,17.483395065922476,4.7622809621117765,26.388937676701342,8.885754886566485,38.60691919478771,5.354104117712388
original_mix,202.5,207.5,-194.89425659179688,61.59904098510742,173.5537872314453,44.322452545166016,-9.01541805267334,40.8382568359375,43.31538391113281,36.3631591796875,7.529059886932373,22.93309783935547,-2.83835768699646,13.667887687683105,-14.337818145751953,18.812543869018555,7.404321670532227,17.427003860473633,-7.4631757736206055,11.882298469543457,-1.4366155862808228,11.485668182373047,3.251044988632202,11.997983932495117,-6.777352809906006,11.594625473022461,4.569789886474609,10.52554702758789,0.5014899969100952,0.4664788246154785,0.3903261125087738,0.3622252345085144,0.40484946966171265,0.3940066695213318,0.3205178678035736,0.35635870695114136,0.39475172758102417,0.5060063004493713,0.49159398674964905,0.44782042503356934,0.1863412451249679,0.09773308997756767,1957.5782208009416,1101.9462765365665,2454.2842843171184,745.2446903753994,3584.104236151392,2166.4923363327157,0.04264927131670534,0.04560677344735139,17.966919744727946,5.840867195161392,11.63195252232489,3.9597755570270854,16.410419355651122,4.255623740595238,17.86422151200232,4.90225615895387,16.894748212263607,3.9811456656810846,24.488968140122473,7.779228802930097,39.123198023070415,5.598616635920282
original_mix,205.0,210.0,-196.67759704589844,61.72527313232422,170.72103881835938,40.94602966308594,-6.503560543060303,38.9792594909668,44.65296173095703,32.58485412597656,6.643632411956787,21.420822143554688,-1.1956229209899902,13.791252136230469,-11.899330139160156,16.489181518554688,9.285561561584473,16.552326202392578,-8.282402038574219,13.689693450927734,-1.1835744380950928,12.533198356628418,4.052766799926758,13.847574234008789,-4.821563243865967,10.70322322845459,6.700255870819092,10.47376823425293,0.5175517201423645,0.3849133849143982,0.3482363820075989,0.4099087715148926,0.4168517291545868,0.3320690393447876,0.4198335111141205,0.45658284425735474,0.47390222549438477,0.4742843806743622,0.4343430697917938,0.5542206168174744,0.1710377741095085,0.10233247207784449,2016.96797744697,1043.4103529278655,2598.0866897368664,762.0544971171981,3860.688487891531,2252.1439565309724,0.04216892038863109,0.040799016062797844,17.781866040174826,5.793356426950793,11.202995460282246,3.9597820257214447,16.78679542772853,4.025081371957588,17.967359884706948,4.246399467153091,16.93570725747712,3.347405268450033,24.957025955263358,8.281743479036505,39.76639198065354,5.260821833016686
original_mix,207.5,212.5,-190.04469299316406,62.11802673339844,175.52317810058594,35.62757873535156,-2.241197347640991,38.466796875,37.024085998535156,29.766231536865234,9.797019958496094,18.29598045349121,-1.031030297279358,13.344966888427734,-12.510513305664062,14.783621788024902,7.72200345993042,15.260087966918945,-10.10384750366211,12.976947784423828,-4.016012668609619,12.192234992980957,4.164403915405273,13.515963554382324,-6.665537357330322,10.1143798828125,7.682170867919922,9.69021987915039,0.45841550827026367,0.42403680086135864,0.3970003128051758,0.3456452190876007,0.3626353442668915,0.34858885407447815,0.3304210305213928,0.4257107973098755,0.39874154329299927,0.44232529401779175,0.45426833629608154,0.4390566051006317,0.18820999353570894,0.11712166886990841,1849.5230130667953,903.1909500551694,2532.5851495919974,740.8491658226362,3535.89184400377,2039.2913624327625,0.03761691560324826,0.034192505752235765,17.283207226930575,5.272976807849016,10.771686564620202,4.1412422844314385,16.96940496084132,3.922681735179267,17.742809154381415,3.9433341110297535,16.824266618341895,3.1595401783115116,26.582920220766344,8.747274415257712,39.60327395606513,4.83048718538322
original_mix,210.0,215.0,-187.332275390625,64.91566467285156,175.43641662597656,36.063106536865234,-5.275972843170166,42.3197021484375,36.781124114990234,29.02773094177246,10.045456886291504,15.59350872039795,-2.9080722332000732,13.557487487792969,-11.711945533752441,14.402812957763672,7.749038219451904,16.46577262878418,-10.561620712280273,11.84466552734375,-0.9808043241500854,13.101669311523438,5.727997303009033,13.354161262512207,-5.943688869476318,11.031771659851074,9.693758010864258,10.793343544006348,0.5315837264060974,0.4781966507434845,0.4325314164161682,0.3742326498031616,0.3454785943031311,0.3466051518917084,0.33004462718963623,0.41101810336112976,0.40217623114585876,0.4253665506839752,0.45933330059051514,0.4747715890407562,0.19716075473311606,0.11825875499960566,1827.240469866348,855.43847064583,2499.7285517749406,729.5565998772489,3466.2961318155453,1880.8060409817685,0.03806441234048724,0.03639902976774876,18.07319444968083,5.589016442609834,11.277922726472157,4.016533984368745,16.87390071940789,4.082796055478938,16.9396051568971,4.285425907202552,16.64064674372567,3.5705820314965617,24.850935966105485,7.950680905658641,39.85100207153919,4.845676783074734
original_mix,212.5,217.5,-188.09654235839844,67.16126251220703,166.02569580078125,41.163475036621094,-18.24601936340332,44.66561508178711,49.412113189697266,34.813377380371094,13.258883476257324,18.199283599853516,2.162407398223877,13.435879707336426,-11.772215843200684,16.911312103271484,8.458706855773926,17.816438674926758,-10.058900833129883,12.183371543884277,1.8265551328659058,12.137451171875,4.082703113555908,14.306694984436035,-4.103143692016602,11.864152908325195,10.81761646270752,9.489219665527344,0.5992137789726257,0.4503048360347748,0.38646483421325684,0.3669966757297516,0.3988911807537079,0.340201735496521,0.40624719858169556,0.46315857768058777,0.44476863741874695,0.4438999891281128,0.45050519704818726,0.5460525751113892,0.17408330174132733,0.10329737930909505,2176.678062454404,1038.05272028737,2616.4768291557675,741.1993024392555,4166.000330807715,2140.8452104528214,0.05086848354118329,0.04884579080862653,19.57291217869787,5.439145225318876,11.594642914616372,3.523959165284758,16.328987342444403,3.7708570084165753,16.288853033256636,3.9004689481491694,16.662143218851025,3.5858983824104347,22.61820388263436,6.760265817794051,41.02787862105936,5.294669329088048
original_mix,215.0,220.0,-185.33929443359375,61.85258865356445,168.9613800048828,39.281700134277344,-22.020328521728516,37.604583740234375,50.670841217041016,34.68351745605469,15.995575904846191,22.010135650634766,7.638746738433838,13.472047805786133,-16.812847137451172,18.01719856262207,3.203305244445801,19.42006492614746,-10.686179161071777,11.717558860778809,-2.55554461479187,11.291213989257812,0.32614290714263916,13.673216819763184,-5.025360107421875,11.13456916809082,7.604211330413818,10.535130500793457,0.5240339636802673,0.43138352036476135,0.36974605917930603,0.349202036857605,0.42864495515823364,0.3506626486778259,0.3589343726634979,0.4318627417087555,0.40565842390060425,0.3888412415981293,0.40031692385673523,0.4363056421279907,0.18080897920542416,0.09994889988255017,2116.6121405201543,995.8951633115047,2560.794317998476,777.3997741042257,4118.337509969548,2166.2081433033177,0.047808512180974476,0.042981741981979814,19.13266741983975,5.7756362234795695,11.37273472954737,3.951250639807423,16.949496764558564,3.9382622604554642,16.297116471438418,3.88397007500603,16.745554548871926,3.3467416790882836,23.072059623638975,7.310749243190217,40.336883403751145,5.47100606211078
original_mix,217.5,222.5,-187.1475830078125,60.4237174987793,173.78897094726562,36.74946975708008,-15.076908111572266,34.371612548828125,43.577083587646484,30.742191314697266,18.915904998779297,23.431316375732422,6.116982460021973,14.962368965148926,-19.837936401367188,15.814536094665527,0.015431273728609085,17.567588806152344,-10.658388137817383,12.604608535766602,-2.9851269721984863,11.130446434020996,-0.8077147006988525,13.949310302734375,-6.45524263381958,10.242986679077148,8.930731773376465,11.24953842163086,0.5028597116470337,0.40949225425720215,0.3571471571922302,0.33261236548423767,0.44227278232574463,0.3350204825401306,0.31003338098526,0.3633032441139221,0.33650508522987366,0.31568554043769836,0.34036871790885925,0.3847830295562744,0.18513336560738614,0.10137896671283653,1900.1223583480055,885.3811444750619,2490.0129443539117,757.2729552196748,3661.993479009571,1987.0635185976214,0.040863815980278426,0.03506605543264264,17.78447927885776,5.36085216239175,11.557756735681505,4.0104115699952985,17.41603267875647,3.6063488405214024,16.424448381095804,3.825286576830058,17.1312776117249,4.1984784810519695,23.25766701436432,6.850186373913906,39.18701520891768,5.287820928479283
original_mix,220.0,225.0,-195.40269470214844,67.53041076660156,170.29031372070312,39.38875198364258,-10.143482208251953,40.94933319091797,46.575260162353516,34.49317932128906,20.97165870666504,19.004207611083984,3.0695343017578125,13.937875747680664,-15.290685653686523,17.470829010009766,4.9145331382751465,14.735796928405762,-11.102550506591797,12.28274917602539,-1.5381022691726685,10.437569618225098,-0.43962255120277405,13.854948997497559,-8.837274551391602,11.400839805603027,11.036019325256348,8.68002986907959,0.5487008690834045,0.4084303081035614,0.342741996049881,0.31673210859298706,0.3622795641422272,0.2761422097682953,0.29996412992477417,0.34225979447364807,0.3276383578777313,0.3424829840660095,0.3802514374256134,0.4634532630443573,0.18342791169259498,0.10877010626775299,1925.3360813082654,973.0671543306058,2496.149352509824,688.6398701291082,3524.6506126740137,1881.2951421910782,0.044424530524941996,0.04263865598791386,17.65296508433344,5.696449259176478,11.909458705193167,4.258447416840478,17.75571515673386,4.162176028462647,16.74725503219384,4.316211459206488,17.679507462736776,4.4758692226096475,23.269640478451176,6.35916401843987,39.502731791083626,5.309814482317628
original_mix,222.5,227.5,-190.71034240722656,69.6773681640625,167.66610717773438,43.54894256591797,-15.41666316986084,42.49610900878906,45.57963562011719,39.391929626464844,16.498886108398438,17.417354583740234,1.4035983085632324,13.952720642089844,-11.510650634765625,20.092422485351562,7.1699090003967285,15.423829078674316,-10.747602462768555,11.567801475524902,-2.824650287628174,10.522313117980957,-1.7777503728866577,12.883125305175781,-11.084396362304688,12.116815567016602,6.024008274078369,10.955835342407227,0.4848821759223938,0.3890720009803772,0.3410903811454773,0.34695887565612793,0.34983599185943604,0.325609028339386,0.3619852662086487,0.430328369140625,0.36251315474510193,0.3440689742565155,0.3899572491645813,0.44448789954185486,0.19035926143143958,0.1120331143063302,2049.9142018202924,1126.7571620967387,2448.5629559246663,666.1427266255024,3618.777189675174,1918.6340666756776,0.05342318010440835,0.05569744486411848,19.420165444240688,5.690022167861872,11.537284245757526,4.3390777791021335,17.47929545633638,4.123955094695489,16.56372896101785,4.495930146783827,17.211552258319873,3.7423955974795207,23.456030988273245,7.426466383124971,40.07078051661226,6.345271174304084
original_mix,225.0,230.0,-192.8433837890625,64.14746856689453,174.22422790527344,40.93021011352539,-15.33773422241211,37.893524169921875,36.71105194091797,35.99669647216797,16.460657119750977,22.16191864013672,3.544236421585083,15.154613494873047,-11.846214294433594,20.45995330810547,9.783241271972656,16.13578224182129,-11.252568244934082,12.755814552307129,-2.696054458618164,11.059568405151367,-1.4049335718154907,12.608827590942383,-12.566814422607422,10.938922882080078,5.054288387298584,10.79220962524414,0.4934209883213043,0.4310743510723114,0.3965306580066681,0.38028213381767273,0.38513368368148804,0.3871404230594635,0.3923306465148926,0.45582422614097595,0.4101671576499939,0.3614358901977539,0.41815200448036194,0.4567038118839264,0.18392912517982404,0.10673330802374291,1944.3062421336372,1024.863278566521,2465.531761296669,707.2142721852828,3532.9441433439674,1913.423276727124,0.04619299231438515,0.04958987874244077,18.94951095201386,6.251962877859987,11.238977052752128,4.170347982699689,17.088479871126726,4.052726612949528,16.24528882481072,4.387104270215602,16.533893756278125,3.1632183542137313,24.623417190910978,7.970417519272319,39.455054736660884,5.6112041790187
original_mix,227.5,232.5,-196.53106689453125,60.941810607910156,177.640625,35.32044219970703,-12.250123023986816,36.5605583190918,37.215030670166016,30.05101776123047,15.37320327758789,22.76571273803711,5.619985103607178,13.988898277282715,-12.631174087524414,19.234054565429688,11.259451866149902,15.459338188171387,-12.647610664367676,13.199111938476562,-1.2774325609207153,10.580754280090332,1.5755399465560913,12.593745231628418,-11.410679817199707,11.480029106140137,7.594168186187744,9.123151779174805,0.5815215706825256,0.4610813558101654,0.37784522771835327,0.33581629395484924,0.3546949028968811,0.33829349279403687,0.3370845913887024,0.35608845949172974,0.3509376347064972,0.3840238153934479,0.4388589560985565,0.489139586687088,0.17333722792202802,0.10230649660159791,1864.621760611862,837.6686645983632,2549.4510070919105,734.9346901982301,3527.7981574463456,1923.117962367491,0.038192430394431556,0.02984736843895203,16.66074263059884,4.471842527921763,11.317510331714134,4.058031921509022,17.351679977658378,4.0441279498981055,15.862771248471955,3.6669104919530446,16.128049244339415,2.9850334344801204,24.825605430855916,7.6257133236708885,39.08428240586853,4.640676202831009
original_mix,230.0,235.0,-198.44635009765625,62.65464782714844,171.7567138671875,35.36332321166992,-9.456027030944824,36.45682907104492,45.78221893310547,27.915584564208984,15.225726127624512,20.091829299926758,4.118701457977295,13.581693649291992,-15.097132682800293,18.899415969848633,8.123235702514648,16.687366485595703,-10.547861099243164,12.616917610168457,0.681445837020874,11.482501029968262,6.569340705871582,17.316829681396484,-7.19325065612793,13.269340515136719,5.692415237426758,8.597119331359863,0.5013770461082458,0.39847561717033386,0.34321361780166626,0.309827595949173,0.33376020193099976,0.28841498494148254,0.29888561367988586,0.37021565437316895,0.38973942399024963,0.4272001385688782,0.4099942445755005,0.42345771193504333,0.16931099969280014,0.09628605045075947,1909.4368139817361,907.9723192526936,2583.2595452312535,658.0027133246382,3550.7302693590486,1929.9211878794329,0.04162512688515081,0.035880399080884265,17.046267334270304,4.623616198102806,11.647778008487965,3.816566725277548,16.65163394179029,4.038818546092384,17.277031535497514,5.171632014703257,17.024010386632042,3.974868315534339,24.87044404000849,7.687386249034152,39.730176113898075,5.2183758041639114
original_mix,232.5,237.5,-248.89834594726562,76.4316635131836,157.8477325439453,30.45484161376953,14.756126403808594,36.22047805786133,49.377323150634766,20.002687454223633,14.728083610534668,17.249427795410156,1.896010398864746,12.38770866394043,-17.075748443603516,13.97611141204834,15.523577690124512,16.574203491210938,-14.775002479553223,11.576982498168945,7.317178726196289,13.777373313903809,22.21466064453125,22.259065628051758,-0.0500655397772789,11.673325538635254,10.29862117767334,10.510802268981934,0.4086524546146393,0.3070109188556671,0.2712884843349457,0.3113086223602295,0.4518764615058899,0.26390334963798523,0.3062184154987335,0.5091742277145386,0.3618306815624237,0.36578765511512756,0.33006417751312256,0.35295552015304565,0.12320153946770039,0.07793210614994543,1836.2421824276387,815.55079595021,2838.840073079531,648.9957774306141,3492.3757885005803,2092.0870507226637,0.035030497752320186,0.028001465028600066,18.008451543261568,5.168394278293719,11.878544010557617,3.568023031734056,18.78917197572106,4.998572715564409,22.0596060345162,6.873751307582684,20.300184681091448,5.635368199602643,30.753857553553505,10.685107631815702,39.74367235492133,4.189485209727251
original_mix,235.0,240.0,-245.28646850585938,77.58385467529297,137.49954223632812,29.451684951782227,29.198644638061523,26.493141174316406,56.1270637512207,18.747802734375,5.664007186889648,17.650333404541016,8.95750617980957,13.813824653625488,-15.241634368896484,11.639267921447754,27.629432678222656,11.22005844116211,-20.896480560302734,10.259114265441895,6.106855869293213,13.666681289672852,18.145618438720703,21.689191818237305,-1.3350545167922974,12.326576232910156,4.896471977233887,15.332776069641113,0.43623730540275574,0.34311142563819885,0.3046933710575104,0.3000863492488861,0.4479411244392395,0.2865382730960846,0.27310988306999207,0.4892355799674988,0.31903019547462463,0.24947206676006317,0.23471392691135406,0.31291675567626953,0.12360822582258703,0.07279294161245627,2310.7741689986374,1378.7931130203508,3375.2596160656776,719.5023309937806,4850.866104444605,3047.3468351637775,0.04012969475058004,0.04835474170989829,18.69366529236424,4.730637824030285,12.494946965238016,4.264124955770966,20.598561554539966,4.270419063438397,23.48574537050562,5.830017531286271,21.17105087225272,5.309239920510122,29.148352522047936,10.955395530074735,41.13043840430562,4.1181859454281335
original_mix,237.5,242.5,-194.10147094726562,59.36254119873047,125.5123519897461,31.09206199645996,25.431642532348633,24.247314453125,61.69096755981445,21.466659545898438,3.6122186183929443,18.01899528503418,15.272809028625488,11.175248146057129,-14.459700584411621,13.877943992614746,28.075347900390625,10.870399475097656,-20.960325241088867,11.521958351135254,0.014537660405039787,10.76098918914795,4.606509208679199,12.53335189819336,-4.399925231933594,12.548013687133789,-3.1866230964660645,12.191781997680664,0.36636123061180115,0.32573315501213074,0.37403252720832825,0.3372045159339905,0.3832041621208191,0.35011783242225647,0.28296658396720886,0.354949027299881,0.3327620327472687,0.3194737136363983,0.3158382475376129,0.32400086522102356,0.16980843102503265,0.08230015260069827,2877.3904865009326,1439.6511456609678,3919.6347870941345,749.7378822728228,6617.088370975928,3082.3180691277616,0.04642750326276102,0.054792026710289786,18.261764442646612,4.997844013721385,12.982193330582483,5.178789064866292,19.364308227627358,4.303317081522205,20.17627938819389,4.763465084490833,19.101541617973623,4.9016313786552645,22.207911106908092,6.351751466476855,42.627753624156355,3.702581530176937
original_mix,240.0,245.0,-187.12648010253906,55.838626861572266,116.68463897705078,31.996658325195312,22.130578994750977,26.604787826538086,60.3646240234375,20.095491409301758,11.152151107788086,21.44341468811035,11.854768753051758,10.522025108337402,-13.5094633102417,12.399950981140137,24.985532760620117,11.196821212768555,-19.151708602905273,11.013631820678711,-0.18144123256206512,10.550909996032715,5.598513126373291,12.843037605285645,-0.01492776907980442,11.109980583190918,-0.842043399810791,12.563380241394043,0.5087165236473083,0.41657117009162903,0.33581286668777466,0.33111006021499634,0.3710642158985138,0.39369696378707886,0.31058353185653687,0.32741579413414,0.31162163615226746,0.3013884723186493,0.3174358010292053,0.36340847611427307,0.16921610674732246,0.08781636621023965,3160.918477740016,1382.1235185225635,4211.723920157857,947.5671413324746,7444.49295787413,3387.7455603303697,0.04791500507540603,0.046542438601904906,18.612839892816062,5.188411853860138,12.882334653370545,5.129497082380294,19.34223247244612,4.241148378299814,19.114329440516606,4.622544615105646,18.30713419131575,4.120879127447396,22.19281443730885,6.352527688956415,42.54115967543384,4.000062815249824
original_mix,242.5,247.5,-202.5502166748047,63.50814437866211,117.23176574707031,35.49872970581055,21.355985641479492,29.789661407470703,62.520816802978516,21.426469802856445,9.098113059997559,22.515565872192383,14.07430362701416,11.436055183410645,-12.67501449584961,10.840927124023438,27.949302673339844,10.722987174987793,-21.7686824798584,10.260337829589844,0.39304283261299133,11.63309097290039,5.165650844573975,14.03070068359375,0.32793334126472473,11.099098205566406,0.5460807085037231,13.20051097869873,0.6495377421379089,0.41399767994880676,0.2975323796272278,0.28752848505973816,0.3542587161064148,0.33643555641174316,0.31496667861938477,0.3324626386165619,0.2623540461063385,0.230838805437088,0.2723532021045685,0.3888081908226013,0.15711971822685267,0.07939998595994766,3060.431514248048,1557.6494448058797,3987.0677974667337,962.146209246755,6910.709333309164,3625.107720267117,0.048550563732598605,0.048963600684042284,18.1182572168514,4.6714313155698495,13.288425115511014,4.903061953791141,20.327609879138137,4.169826485778319,19.092866999138604,4.368561380684669,18.974264131300494,4.054624639307949,23.30103000503247,7.590338409209541,42.558357025569556,3.7356372203182633
original_mix,245.0,250.0,-199.503662109375,64.01846313476562,124.70475769042969,31.669109344482422,23.213193893432617,29.52513885498047,61.09788131713867,23.901174545288086,3.0123839378356934,18.701168060302734,14.373658180236816,11.719527244567871,-14.324371337890625,13.017242431640625,29.5113468170166,9.715386390686035,-22.31972312927246,10.336326599121094,0.9146273136138916,11.740918159484863,4.7302727699279785,13.297487258911133,-4.7719526290893555,11.838423728942871,-4.802653789520264,14.246889114379883,0.4841490685939789,0.38493141531944275,0.3453001081943512,0.333156019449234,0.3755069673061371,0.3540617525577545,0.3463405966758728,0.419535756111145,0.3175547420978546,0.2531389892101288,0.27985668182373047,0.34389734268188477,0.16894004718679287,0.07804741462759997,2763.9529703615635,1462.9002843475018,3703.5042498012126,647.4304603518964,5999.719946345707,3027.6578505607813,0.04566732526102088,0.04880417773021037,18.50862358799144,4.946198061914668,12.644210843507542,4.5351477556611455,19.43799481334924,4.468125504451509,20.34666411344394,4.877904324520493,18.736806720879414,4.079784784571638,22.76433010092722,6.674697820253867,42.72033790093346,4.331476595125504
original_mix,247.5,252.5,-190.14529418945312,59.024112701416016,130.59909057617188,30.208866119384766,23.555158615112305,29.412368774414062,57.27686309814453,23.087703704833984,0.2590848207473755,20.146591186523438,12.781203269958496,12.682881355285645,-14.909805297851562,14.499613761901855,30.60979652404785,10.02292251586914,-22.44696617126465,11.328954696655273,1.6757389307022095,10.93897533416748,1.3108785152435303,12.2618989944458,-6.904097557067871,13.041259765625,-9.39536190032959,11.749704360961914,0.40022140741348267,0.35703256726264954,0.37619560956954956,0.40643516182899475,0.35491830110549927,0.32910552620887756,0.2951295077800751,0.395418643951416,0.36477044224739075,0.3186255991458893,0.3274504840373993,0.3640425503253937,0.17657334787939652,0.076783958105501,2743.5722623560673,1445.707005832918,3713.043842029427,711.5259974081109,5932.122675282772,3199.0708479066434,0.04619299231438515,0.04804264827632336,18.12231909227483,5.4906496917806376,12.340537560585902,4.412738031331207,18.483993450709175,4.49084812812916,20.660546311228515,4.840050449594192,18.705424524497342,4.294833990356281,22.246480852566577,5.812518961860449,42.67908434815287,4.125787648417549
original_mix,250.0,255.0,-193.1024932861328,53.993324279785156,131.5919647216797,33.02931594848633,21.743328094482422,30.53993797302246,59.42593002319336,21.15736961364746,0.3157094419002533,21.72205352783203,14.602025032043457,14.141508102416992,-15.091985702514648,14.201178550720215,32.576419830322266,9.409306526184082,-22.781648635864258,10.810486793518066,6.439722061157227,10.33756160736084,1.017741084098816,11.720733642578125,-3.49477481842041,13.468624114990234,-7.027795314788818,11.111499786376953,0.45422568917274475,0.3938039541244507,0.3363986015319824,0.36000436544418335,0.3943736255168915,0.38222983479499817,0.28803277015686035,0.31915926933288574,0.3218107223510742,0.3174138367176056,0.3215644657611847,0.3570769131183624,0.16547769526767345,0.06899066391408057,2833.407659389673,1536.4062116475893,3762.267716414293,815.425451569069,6089.999524180685,3494.742190489888,0.049213312064965195,0.04658307523432437,17.361659219810274,5.502022475791623,13.232701561550684,4.554258904007656,18.382654463750573,4.642236301113117,20.168346718280386,4.823370060851428,19.070561929858897,4.469308515488082,21.794020525020763,5.666322641553883,42.44416469019501,3.846553165210919
original_mix,252.5,257.5,-218.46707153320312,64.7337417602539,134.64279174804688,30.153751373291016,23.488656997680664,28.118663787841797,56.95160675048828,18.751943588256836,4.707683086395264,20.107406616210938,15.425540924072266,12.127176284790039,-11.576461791992188,13.755002975463867,29.43736457824707,9.736943244934082,-26.00627326965332,10.36285400390625,7.075630187988281,9.018948554992676,8.835392951965332,13.815011024475098,-1.8111209869384766,11.2764310836792,-0.1523205190896988,13.6273775100708,0.5328319668769836,0.36756205558776855,0.31927648186683655,0.3147967457771301,0.4714817702770233,0.3660941421985626,0.3145606219768524,0.3565496802330017,0.31525522470474243,0.29313144087791443,0.30191487073898315,0.3658125102519989,0.13609626594490076,0.06748030140073843,2591.8273268835555,1422.0324468240092,3627.744220530198,818.3113924140488,5612.272173180105,3374.946077943142,0.04425459505510441,0.03871986657404952,17.817019618794394,5.6498013780148675,13.524648662529732,4.513836472628536,18.60739950217787,4.364307336257478,20.056889036514807,4.623119819742268,20.087050618378548,5.04259032461507,24.916916906087383,8.590910568064874,41.62822313322487,3.7828449464598517
original_mix,255.0,260.0,-283.19036865234375,68.46276092529297,140.67430114746094,21.81147003173828,31.21390151977539,22.63743782043457,49.03800582885742,15.258211135864258,8.774435043334961,14.541050910949707,7.903183937072754,11.615047454833984,-8.618741989135742,10.530370712280273,27.575729370117188,8.810068130493164,-26.106760025024414,10.519664764404297,14.169645309448242,11.903672218322754,30.404762268066406,20.097986221313477,2.769724130630493,10.174480438232422,12.614936828613281,12.236409187316895,0.400430828332901,0.2835824489593506,0.26741287112236023,0.2646195590496063,0.3959210515022278,0.2792285084724426,0.30774953961372375,0.5627104640007019,0.36737650632858276,0.3541399836540222,0.2547350823879242,0.27343660593032837,0.08601085488142104,0.04835425538358765,2088.7640460705347,1000.4088160176393,3319.5374959497826,729.8768449367956,4513.9788917488395,2812.4171619615163,0.03519250290023202,0.020302397549178047,18.110729666629233,5.736047002694836,14.463361236374402,4.183631588690674,20.223550757931772,5.109434309855998,24.428080861356797,6.20370571329497,21.935274658020756,4.835621302139653,33.65305893358221,11.255912198321418,40.075393340605444,3.713379320420009
original_mix,257.5,262.5,-365.9305725097656,72.65689086914062,132.90853881835938,22.949289321899414,38.916465759277344,25.97679328918457,52.36500930786133,13.66136646270752,11.286898612976074,9.921159744262695,1.3097096681594849,10.482989311218262,-4.671144485473633,11.935826301574707,35.33268356323242,9.426382064819336,-16.07982063293457,12.218289375305176,25.646482467651367,7.720406532287598,45.747230529785156,11.491982460021973,2.4637811183929443,10.528297424316406,12.788663864135742,12.890266418457031,0.37956663966178894,0.2967503070831299,0.2517804205417633,0.22544364631175995,0.2880343794822693,0.24445150792598724,0.3517894446849823,0.7668892741203308,0.44863492250442505,0.3661094605922699,0.2621893882751465,0.37308937311172485,0.046083430024922725,0.025690129217314787,1974.6820367180896,829.5678767394189,3259.0650072230865,625.6167644569219,4352.654731909803,2447.120590681968,0.032877981801044086,0.0166843228545674,17.68258554338761,5.300796451734514,15.73287576186349,3.8575781020858644,21.022649550281606,5.394481029339973,28.860121198395223,5.508531517683165,21.80352370965207,4.659678128388216,37.46121952810434,9.194857586667325,37.49102755547037,4.206844735193953
original_mix,260.0,263.3170975056689,-442.18280029296875,80.72213745117188,122.47723388671875,22.625537872314453,40.25818634033203,28.508075714111328,56.9858283996582,14.711592674255371,10.49390983581543,9.369482040405273,0.9151417016983032,13.728891372680664,1.5708974599838257,8.424796104431152,43.42125701904297,9.682872772216797,-6.438590049743652,14.659072875976562,27.730026245117188,7.731023788452148,40.05757141113281,14.943005561828613,-6.912909984588623,14.089896202087402,2.1003503799438477,16.346891403198242,0.636547863483429,0.44592347741127014,0.34186697006225586,0.2746469974517822,0.2877880036830902,0.2721622884273529,0.36244073510169983,0.6837815046310425,0.4398718774318695,0.30650848150253296,0.3146148920059204,0.6048312783241272,0.023086339170992426,0.014804638805494541,2139.6831293022983,917.0119828100322,3402.052307436508,613.3494708823,4913.560731260926,2555.322524343021,0.035695749562937064,0.025011218380734154,17.86990374708692,5.1439877192982815,14.187541869439839,4.648303546696594,19.79658028019157,4.938098198487047,28.7373185828586,5.812368724687158,19.939642779065842,4.851359249449953,34.37013994106761,8.75241715571716,34.02092620934829,5.080734722341841
original_mix,262.5,263.3170975056689,-554.9456176757812,96.05924987792969,143.45162963867188,23.592674255371094,19.183244705200195,29.777751922607422,54.990413665771484,12.894704818725586,-1.981748104095459,12.033297538757324,3.632819414138794,14.494049072265625,-11.020054817199707,8.29287052154541,62.565608978271484,12.589428901672363,-1.7865546941757202,9.028536796569824,31.060033798217773,7.016425132751465,26.5622501373291,10.3991060256958,-23.00889778137207,12.343216896057129,-19.251209259033203,11.503754615783691,0.8468707203865051,0.48171791434288025,0.35645776987075806,0.30042991042137146,0.2844611406326294,0.22518926858901978,0.25028568506240845,0.37052100896835327,0.24823155999183655,0.22170136868953705,0.36108633875846863,0.7708502411842346,0.0054330655421182825,0.0031307737369639385,2453.7830392740093,992.7688172424649,3588.410373628436,624.0708840331016,5562.2386663732395,2588.372188510922,0.04926826584507042,0.03722999644342819,18.889026695180554,4.971877394938965,8.870986245230517,2.2321296357095384,17.47106146657381,3.654946758517138,26.872611294627376,6.019056086476766,15.802212964024552,3.474200271377779,29.496518882950912,7.73645550759202,28.188238745948883,4.69209716771294
