stem,start_seconds,end_seconds,mfcc_1_mean,mfcc_1_std,mfcc_2_mean,mfcc_2_std,mfcc_3_mean,mfcc_3_std,mfcc_4_mean,mfcc_4_std,mfcc_5_mean,mfcc_5_std,mfcc_6_mean,mfcc_6_std,mfcc_7_mean,mfcc_7_std,mfcc_8_mean,mfcc_8_std,mfcc_9_mean,mfcc_9_std,mfcc_10_mean,mfcc_10_std,mfcc_11_mean,mfcc_11_std,mfcc_12_mean,mfcc_12_std,mfcc_13_mean,mfcc_13_std,chroma_0,chroma_1,chroma_2,chroma_3,chroma_4,chroma_5,chroma_6,chroma_7,chroma_8,chroma_9,chroma_10,chroma_11,rms_mean,rms_std,spectral_centroid_mean,spectral_centroid_std,spectral_bandwidth_mean,spectral_bandwidth_std,spectral_rolloff_mean,spectral_rolloff_std,zero_crossing_rate_mean,zero_crossing_rate_std,spectral_contrast_0_mean,spectral_contrast_0_std,spectral_contrast_1_mean,spectral_contrast_1_std,spectral_contrast_2_mean,spectral_contrast_2_std,spectral_contrast_3_mean,spectral_contrast_3_std,spectral_contrast_4_mean,spectral_contrast_4_std,spectral_contrast_5_mean,spectral_contrast_5_std,spectral_contrast_6_mean,spectral_contrast_6_std
original_mix,0.0,5.0,-276.901611328125,80.70467376708984,134.13832092285156,37.04288101196289,16.417470932006836,23.77861785888672,19.240394592285156,21.38424301147461,5.192745685577393,12.185778617858887,9.260336875915527,11.795511245727539,1.4349862337112427,11.332986831665039,5.697999000549316,11.849241256713867,2.626680374145508,10.140790939331055,-1.1038002967834473,8.88157844543457,-0.7446994185447693,8.665350914001465,-0.34834349155426025,7.717766284942627,0.022141600027680397,7.746671199798584,0.5741146802902222,0.6057257652282715,0.5979005098342896,0.5827255249023438,0.5587629079818726,0.509030818939209,0.4777541756629944,0.4954543709754944,0.5225443243980408,0.5331515073776245,0.5400516390800476,0.5588769316673279,0.06199562373328881,0.0643198014821721,2267.291525935556,1877.713183964401,2882.3992516688722,1270.7637290367688,4534.362991226798,3783.885087798308,0.04516205046403712,0.04829897743100329,12.209824516078323,5.16286234386162,9.54881085500916,3.8674478538416714,13.02236996146731,4.999437487997006,14.322053130506507,3.5846816159677295,16.09062263381362,3.4226652743880535,17.485848724415217,5.056579902985833,34.41242871195992,6.354037732916789
original_mix,2.5,7.5,-272.1645202636719,68.88520050048828,146.0070037841797,40.33913040161133,4.687529563903809,24.047536849975586,29.83446502685547,20.84857940673828,4.5691237449646,12.600918769836426,14.091827392578125,12.696601867675781,2.838236093521118,13.578754425048828,7.685223579406738,14.245027542114258,3.481214761734009,10.455114364624023,-1.310703158378601,10.054210662841797,-1.604881763458252,10.36599349975586,1.1421667337417603,8.391141891479492,-0.24306337535381317,7.49177885055542,0.6107298135757446,0.621333122253418,0.6142481565475464,0.536166787147522,0.4837857186794281,0.4669836759567261,0.41186046600341797,0.4151206612586975,0.45640772581100464,0.5036733150482178,0.5206320881843567,0.5716273784637451,0.05803945851609491,0.04202601439044495,2321.619380699046,1607.6209267624156,3002.9078301092477,1189.3769153883345,4662.213262217228,3530.5181212266875,0.04769862057714617,0.05150985403583515,13.10193929552296,4.53244778514835,9.873625742695625,4.017024933358654,13.807178186852191,4.579355086646533,14.129219724737116,3.337211017814556,16.788645058882057,3.7316803387816178,17.93963190376285,4.637220394959904,36.271211654244205,5.119794318287698
original_mix,5.0,10.0,-282.6708679199219,75.03402709960938,154.97654724121094,37.9172248840332,-3.6399176120758057,21.984331130981445,26.956356048583984,19.460004806518555,4.331532001495361,13.419852256774902,15.896395683288574,12.91116714477539,1.7744028568267822,14.483777046203613,10.901861190795898,12.374104499816895,4.332004547119141,10.02064323425293,0.0703507736325264,11.220709800720215,1.009839653968811,9.223970413208008,2.46246075630188,8.742486953735352,-0.28327590227127075,7.756340980529785,0.5759665966033936,0.5770601630210876,0.5356495380401611,0.43345439434051514,0.4592951834201813,0.46337154507637024,0.41624996066093445,0.4316698908805847,0.5103221535682678,0.6036850214004517,0.6442636251449585,0.5688025951385498,0.0517108332097807,0.037134876618105335,2162.558980349153,1330.516289691001,2951.249712586754,1031.1270773263504,4323.427530452436,2984.732157946116,0.04187549847737819,0.04254304086086427,12.22639785869865,4.461317152021678,9.958713404013693,3.683030074891031,13.550714579533512,4.419741840061439,15.048509185531277,4.205467506624956,16.587785962137986,3.1915584604309526,19.38712230827558,5.765939042220269,35.46384371123383,4.996553934756565
original_mix,7.5,12.5,-327.58453369140625,119.631103515625,128.2804718017578,53.87818908691406,10.234786987304688,28.302370071411133,19.36309242248535,18.818897247314453,7.978985786437988,14.792729377746582,11.859707832336426,15.052135467529297,-3.315505027770996,13.527145385742188,9.921756744384766,13.876091003417969,3.6869313716888428,11.468856811523438,-3.1106832027435303,12.93010425567627,-0.8053751587867737,9.397665977478027,-0.7719191312789917,8.181923866271973,-3.628235101699829,9.721023559570312,0.4234892427921295,0.4481566250324249,0.4022826552391052,0.36818256974220276,0.4545227885246277,0.416526734828949,0.32291677594184875,0.3308751881122589,0.4455372989177704,0.6344031095504761,0.6295772790908813,0.4431414306163788,0.045284009140173144,0.04424175917733907,2196.0595212619623,1686.8590768472836,3038.217355678508,1127.7621085978842,4166.849668285963,3511.0041429820762,0.047692956061484916,0.059554219964856527,12.642137678456338,5.530420306559117,11.081233634773437,4.402184689455416,15.148043356652146,5.154313481450862,16.902196794001878,5.351887752063985,17.841281944758812,4.205032057416075,22.36873239901719,8.04393592668035,31.014108056300774,9.080544872141697
original_mix,10.0,15.0,-356.2076416015625,98.36688232421875,121.69939422607422,61.910682678222656,15.586587905883789,32.13287353515625,18.278377532958984,20.876649856567383,6.73250675201416,19.355823516845703,15.769466400146484,18.051925659179688,-2.4338696002960205,14.160623550415039,17.207931518554688,16.78096580505371,6.610651969909668,11.180013656616211,-7.428244113922119,14.15796947479248,-2.0007123947143555,10.52585220336914,-4.653656959533691,8.612049102783203,-3.9806761741638184,11.782544136047363,0.4826214909553528,0.5003726482391357,0.5022776126861572,0.44174832105636597,0.4293011426925659,0.3773811459541321,0.3508841395378113,0.3520430028438568,0.4049021303653717,0.5568884015083313,0.5499598383903503,0.4974786639213562,0.038977857947545644,0.04203294743085878,2373.6598704311,2127.2373773296067,3021.429197735072,1058.4271511687343,4182.187703922564,3802.1946649015354,0.058524642908932716,0.08749135273567324,13.799689888746238,5.524750390863338,11.805561810837702,4.586398563438103,16.087965982075275,4.924625090465374,17.69616585977056,5.017674240992273,19.079569117817915,3.9713388682147994,25.23546832198266,8.193298215975345,30.550729176681898,8.540311340962557
original_mix,12.5,17.5,-304.9140930175781,57.340003967285156,133.29214477539062,52.530635833740234,10.16514778137207,29.21949005126953,23.042207717895508,22.863962173461914,8.005181312561035,21.805374145507812,21.282527923583984,15.99122428894043,-5.927762508392334,12.97523021697998,18.00889015197754,14.074682235717773,4.775775909423828,9.826179504394531,-10.41678524017334,13.52538013458252,-1.0054806470870972,9.580232620239258,-5.844932556152344,8.940903663635254,-2.695225715637207,10.8157958984375,0.494545578956604,0.47643840312957764,0.5664395093917847,0.5302709341049194,0.39044544100761414,0.35767415165901184,0.4085099399089813,0.4665468633174896,0.4157431125640869,0.4036026895046234,0.40112751722335815,0.46051445603370667,0.04689475564121889,0.03847352500613492,2783.515512473831,2086.819158331798,3310.056927049685,997.1945790285785,5242.860331170244,3744.7748559618813,0.06807501631380511,0.09156570920237328,12.90484226010226,4.857176986658496,11.318515558981336,4.632767024478168,16.49076314494165,4.615906773937017,17.70737285957146,4.382283412644365,18.840378013004493,3.604804511748897,25.793138131351824,7.16469647454407,35.77609386671751,5.348835726052808
original_mix,15.0,20.0,-300.2967834472656,66.0730209350586,141.96279907226562,41.6292839050293,6.904017448425293,24.14723777770996,21.180952072143555,22.76118278503418,11.649343490600586,17.203630447387695,16.931089401245117,14.5166597366333,-10.4230375289917,10.8433198928833,9.119632720947266,10.717509269714355,3.160694122314453,9.76199722290039,-10.356987953186035,12.954830169677734,-0.5720183849334717,8.512563705444336,-4.838221549987793,8.488290786743164,-5.062155723571777,8.838600158691406,0.43278226256370544,0.4430599808692932,0.5616269111633301,0.4208349883556366,0.3257375955581665,0.31095391511917114,0.33594730496406555,0.3723556697368622,0.3472365140914917,0.440936416387558,0.35091349482536316,0.35663318634033203,0.048524390956875274,0.04302382053449549,2446.233909639373,1713.2490814394505,3121.4992027531143,953.2826377068592,4567.93680213167,3272.727075088609,0.05543748187354988,0.0648572024800727,12.107998942993143,4.77781149517424,11.19017025120979,4.261032340948627,16.995342516677148,4.377976672935038,18.215962440907802,4.162860548704474,19.792503049146365,3.719158835789199,25.208139899312997,6.7067801929487505,35.58620545433955,5.331265542193106
original_mix,17.5,22.5,-295.5363464355469,66.5212631225586,149.71490478515625,36.315189361572266,5.280601501464844,22.684919357299805,13.91297721862793,18.057310104370117,11.389403343200684,14.883895874023438,13.477892875671387,15.482108116149902,-11.625372886657715,11.48310661315918,2.101731777191162,10.623794555664062,0.7894811034202576,9.072084426879883,-9.476381301879883,12.396071434020996,-1.3949931859970093,8.505313873291016,-4.163993835449219,7.693970203399658,-6.171448230743408,8.153236389160156,0.38981249928474426,0.38920995593070984,0.5605620741844177,0.3901197612285614,0.2792300879955292,0.2748167812824249,0.3293212652206421,0.36624425649642944,0.33751288056373596,0.46133479475975037,0.36672428250312805,0.38850146532058716,0.04587964184167352,0.04254199015146645,2207.0394744987952,1436.0606298963824,2947.472283031848,937.9794550745474,4121.93470399507,2946.6371329859035,0.04826167343387471,0.045284247438532516,11.88767697938215,4.753886017957218,11.26049459684045,3.7495746045778224,16.356239219174388,4.066573756660274,18.609715787435583,4.6128116389329445,19.761490523586904,4.736901837644119,26.525426802895986,7.443838924985092,34.84116282298199,5.0694999051535925
original_mix,20.0,25.0,-279.351318359375,52.86601257324219,144.1633758544922,42.62807846069336,2.2350454330444336,22.953689575195312,18.349735260009766,22.455890655517578,10.414572715759277,16.01239013671875,10.112133979797363,15.671780586242676,-8.989036560058594,11.814285278320312,-3.06956148147583,9.740100860595703,-0.3339992165565491,7.800941467285156,-7.498043537139893,10.059309005737305,-5.020770072937012,8.605631828308105,-5.52587890625,7.341246128082275,-7.919534206390381,8.517633438110352,0.4588938355445862,0.400687575340271,0.542667806148529,0.3860643208026886,0.26889753341674805,0.2536865770816803,0.3394557237625122,0.39080968499183655,0.3232197165489197,0.3644174039363861,0.395231157541275,0.5436275005340576,0.04694859853355763,0.04653203896609088,2392.6776054379934,1590.0330795185398,2958.13373665513,947.6608116399946,4372.439299050174,2986.242134082424,0.05772934491009281,0.057034299541712824,12.718961693102194,5.054299233887558,11.31354540140117,3.5292016055159086,16.280050180094687,4.009007974340414,18.966155484351876,4.574882801103933,19.525255839578918,4.785354209353883,26.034191125898666,8.01311625393703,35.492867794293545,5.118922318084131
original_mix,22.5,27.5,-283.9687805175781,52.90663528442383,145.10494995117188,41.79389190673828,5.796329021453857,20.863807678222656,22.684370040893555,23.42702293395996,9.72951602935791,15.152853965759277,8.048595428466797,11.64401626586914,-6.414726257324219,9.790573120117188,-2.1127490997314453,10.77566909790039,-1.151398777961731,9.801349639892578,-6.52164888381958,8.352042198181152,-5.140781402587891,9.233084678649902,-5.6711626052856445,7.615062236785889,-8.513484001159668,7.732749938964844,0.44189590215682983,0.4692631959915161,0.526277482509613,0.34588345885276794,0.2615702152252197,0.2406536191701889,0.27799150347709656,0.26642248034477234,0.33709657192230225,0.38642728328704834,0.4315975308418274,0.5767456293106079,0.04502426741942936,0.033708180209292615,2279.6695543142896,1614.7596119281832,2893.5227078782955,933.7644177695748,4112.492069678075,2994.7986787763175,0.051253670606148494,0.056248472257627156,13.006428949280417,4.263014385118116,11.363402986788419,3.672675095063923,16.7489081458626,4.0221524810846345,18.89038346604715,4.5565111227595265,18.975538513452044,3.7210533533893897,24.073946315878562,7.0832863029306,35.138760806146664,5.529616954233093
original_mix,25.0,30.0,-295.69158935546875,51.15250015258789,160.70941162109375,39.8324089050293,-4.069173812866211,16.04656410217285,33.57386016845703,18.128671646118164,2.1437621116638184,13.589953422546387,14.02362060546875,12.260936737060547,-9.030287742614746,8.692541122436523,5.042820453643799,12.113619804382324,-1.6301133632659912,10.82071304321289,-6.607882976531982,7.694169998168945,-4.8559489250183105,9.692290306091309,-2.4703006744384766,8.04052448272705,-5.357973575592041,8.317472457885742,0.3830949366092682,0.3774453103542328,0.46054795384407043,0.4287039041519165,0.4350470304489136,0.3097556233406067,0.3177584707736969,0.35687771439552307,0.34387341141700745,0.4236399531364441,0.3129773736000061,0.37684860825538635,0.0420732879125256,0.02018714362096801,2234.844806284219,1395.7501362739545,3020.149384553318,944.8659571478773,4428.495572614559,3076.739516558318,0.04218364812935035,0.03775115095291408,11.717722338999547,4.175056148705647,10.565364463257616,3.775325964494906,16.233112698628222,4.275080909021889,18.146970269836633,4.074962442818806,17.999581533854137,3.6599870631993974,22.25665922697667,6.232432408581965,35.37455997356554,4.686506436355352
original_mix,27.5,32.5,-276.70440673828125,44.98698043823242,151.98959350585938,33.10958480834961,-9.87153434753418,18.005931854248047,34.920684814453125,16.848865509033203,4.95889949798584,13.88398265838623,13.153114318847656,12.531468391418457,-5.330371379852295,10.446833610534668,3.9629971981048584,8.879046440124512,2.934962034225464,9.362302780151367,-3.519177198410034,8.303964614868164,-7.4187140464782715,10.649002075195312,-3.232208251953125,7.968228816986084,-5.185459613800049,8.677838325500488,0.4684280455112457,0.37572166323661804,0.4472525119781494,0.3928513526916504,0.3987843692302704,0.3122899830341339,0.3321179449558258,0.453238844871521,0.4224523603916168,0.47682949900627136,0.3611026704311371,0.36931174993515015,0.04490840317910481,0.031204084184666345,2346.0159346949836,1141.167661728649,3070.2389806748206,777.0827380031794,4678.050908135151,2504.48379202879,0.047550210266821345,0.03328761731165269,10.964719258582736,4.257913627517666,10.789908436128071,3.8654382898654176,15.803845178079598,3.9417091326115283,17.931909403544452,3.9696184910195362,17.905684375080643,3.5387261414141067,21.438281293027007,5.646455819878099,36.36193483010517,4.424623249447861
original_mix,30.0,35.0,-280.6640319824219,47.85245132446289,155.38414001464844,28.049591064453125,-14.720261573791504,17.48732566833496,33.30965805053711,16.773683547973633,6.000993728637695,14.49881649017334,13.213305473327637,11.325282096862793,-3.567673683166504,11.389991760253906,1.8531405925750732,8.096891403198242,5.0031938552856445,8.03715705871582,-2.101477861404419,9.009087562561035,-3.6982061862945557,11.304018020629883,-2.8279662132263184,7.590607166290283,-7.178610324859619,8.423833847045898,0.45232439041137695,0.38286536931991577,0.48984232544898987,0.39203891158103943,0.3200364112854004,0.27754929661750793,0.3457419276237488,0.4269535541534424,0.4857300817966461,0.6036022305488586,0.43050506711006165,0.437305748462677,0.044171194420595875,0.03316301702484267,2207.841143344201,947.6889725501014,2913.7212631919438,594.8125191598957,4323.377569424304,1890.9169615842154,0.04718541545823666,0.0312214679948508,11.508349198136445,4.546659586915456,11.418489216688089,4.12162596404851,14.94650968896317,3.8200203161029584,17.720959288023597,3.958336725889639,17.671306483944072,3.328964147183381,23.615053046535802,7.195447950910469,36.342330350879124,3.934440324309322
original_mix,32.5,37.5,-304.39892578125,49.80074691772461,161.79649353027344,28.043106079101562,-13.33897590637207,19.444040298461914,32.88278579711914,15.53268814086914,2.694913625717163,16.825851440429688,13.196608543395996,10.927420616149902,-2.6005163192749023,10.78618335723877,0.2971801161766052,9.111680030822754,5.254364013671875,8.625934600830078,-3.894767999649048,8.065865516662598,-0.8758575916290283,7.433164596557617,-2.6043365001678467,6.773660182952881,-6.1853485107421875,8.112154960632324,0.43469032645225525,0.40961754322052,0.42488640546798706,0.5091017484664917,0.5137394666671753,0.3962244391441345,0.36074352264404297,0.4352436065673828,0.4869813919067383,0.64215087890625,0.5704793930053711,0.43818172812461853,0.035095553387068816,0.0238473295811474,2078.569372576268,951.6140698092623,2817.3803354261026,676.1684398442661,4171.546004930395,2038.0678978992921,0.04283393452726218,0.030466930618096407,11.697960864004875,4.572261705678012,10.298258752275652,4.036315979298792,14.119896306512665,4.008531256160657,15.886037194865246,3.6268578009383194,16.48692711772397,2.815026465300815,21.729651449039267,7.286065020030923,34.97941621146279,3.3392936650634724
original_mix,35.0,40.0,-366.99493408203125,65.73725891113281,156.71548461914062,30.61383819580078,11.980100631713867,28.079971313476562,25.28114891052246,15.132081031799316,5.597020626068115,17.74019432067871,8.399917602539062,13.6914701461792,-2.7598633766174316,9.632696151733398,4.113840103149414,11.332870483398438,7.333970546722412,10.417346954345703,-3.8836772441864014,7.923314571380615,-3.5439186096191406,7.221453666687012,-1.5092982053756714,6.720319747924805,-4.406936168670654,7.947399139404297,0.44510552287101746,0.39039346575737,0.4667496085166931,0.49778106808662415,0.44951504468917847,0.38328585028648376,0.4459783136844635,0.5230352878570557,0.5128728747367859,0.6130540370941162,0.5194485187530518,0.4821142852306366,0.02311635110635319,0.0178868235046887,1955.701541312821,1257.09289738018,2891.3919027683232,1075.1665131211737,3941.325587296984,3145.5045703024334,0.03720453886310905,0.03141142561605463,11.55791344637552,4.188134778003743,11.451912382246885,4.217400424813434,15.13281738624653,4.08462365638754,17.11670669076318,4.499383166238083,18.31801032488392,4.510413472500932,24.162931969136743,7.73056980838282,32.12731746672502,4.266885998776137
original_mix,37.5,42.5,-353.6247863769531,84.26051330566406,157.32177734375,36.639259338378906,8.110048294067383,31.039653778076172,27.659576416015625,17.980985641479492,4.144399642944336,17.23912239074707,12.292045593261719,16.890626907348633,-6.905214309692383,12.57306957244873,5.382718086242676,11.745328903198242,10.569062232971191,11.587003707885742,-6.057747840881348,9.936675071716309,-3.6253702640533447,8.702306747436523,-1.6080141067504883,8.58098316192627,-8.748939514160156,9.380217552185059,0.4732101559638977,0.3706003725528717,0.4243769943714142,0.435681015253067,0.36804085969924927,0.357646107673645,0.4333227872848511,0.4912906885147095,0.44628509879112244,0.5030143857002258,0.45825329422950745,0.4910576343536377,0.03425659851674552,0.028736053421159497,2081.3632061323365,1475.467800604858,2943.6809582586543,1099.1486473142875,4087.8113217807427,3400.3341726785043,0.04135436303654293,0.043787148844102966,12.270709519882214,4.2839530689261,13.02856311496271,4.3465022556886606,15.756886135800304,4.409969035026015,17.851046336877047,4.4578901728203295,18.68331644201479,4.5569811296074265,25.219236463326585,8.37275515564379,33.23931751128481,5.182027506665806
original_mix,40.0,45.0,-292.7217102050781,60.28457260131836,159.4701690673828,39.38118362426758,-10.774667739868164,23.774494171142578,35.513648986816406,17.356767654418945,-1.3564459085464478,15.790820121765137,17.192790985107422,13.345376968383789,-8.639554977416992,13.584664344787598,1.2778555154800415,10.00124740600586,8.889023780822754,11.432482719421387,-7.1452178955078125,9.490461349487305,-1.2373239994049072,8.943598747253418,-4.209840774536133,9.048989295959473,-11.2051362991333,8.064315795898438,0.5042614936828613,0.4243714213371277,0.4134421944618225,0.4123584032058716,0.3976481556892395,0.36528274416923523,0.37982070446014404,0.39699849486351013,0.427188515663147,0.5036488771438599,0.4258451759815216,0.4475652873516083,0.045919490973800076,0.02769612724988832,2302.951990243958,1466.4425383741018,2948.9097733431336,885.7615716723863,4465.166967263631,2843.715841660128,0.049216710774361946,0.05133795088456388,12.14432361903375,4.249818008147967,11.853559808936616,4.260678376432363,14.639496209230499,4.335170993861316,16.41495528042913,3.9609238105791413,16.340466311858513,3.251403535569213,21.268056908209207,7.74122286682449,35.906762499481,4.400830593259999
original_mix,42.5,47.5,-317.45355224609375,63.548912048339844,157.60699462890625,34.09700393676758,-2.8849496841430664,25.862245559692383,25.123943328857422,19.494394302368164,5.483441352844238,16.07534408569336,10.577449798583984,11.716874122619629,-6.666457653045654,11.343609809875488,1.877277135848999,8.806804656982422,7.940835475921631,8.969947814941406,-3.691939353942871,9.205036163330078,-1.247979998588562,7.85117244720459,-4.775401592254639,8.22894287109375,-10.864362716674805,9.399263381958008,0.5231339335441589,0.40462368726730347,0.4438953101634979,0.38095545768737793,0.2977503836154938,0.27041301131248474,0.3435920178890228,0.40472838282585144,0.39397305250167847,0.4439416527748108,0.4000477194786072,0.5940618515014648,0.035455176697529664,0.0261890047969461,2057.3548461098544,1244.8611855717982,2746.1858293055293,794.5655379109772,3878.6744580191416,2456.2334310617566,0.045687717517401395,0.04057156243468029,11.885920126155892,4.33841495011953,11.108360143307843,3.6851256500305856,16.001995518162072,5.070365386448549,19.121531220283924,5.1870566503955216,18.525600658655243,4.740146875351144,25.86032387483707,9.139438675499537,34.49985386790455,4.359782132873101
original_mix,45.0,50.0,-336.82781982421875,57.36869430541992,159.9574432373047,30.63123321533203,-1.7481329441070557,24.8032169342041,18.926050186157227,17.715370178222656,10.418754577636719,15.82333755493164,7.82834005355835,11.818567276000977,-8.68908405303955,11.08310604095459,3.1391968727111816,9.824301719665527,8.414097785949707,9.318319320678711,-2.318617820739746,9.34031867980957,-1.939069390296936,8.808753967285156,-5.5568413734436035,9.291055679321289,-12.026947021484375,9.407388687133789,0.4830339550971985,0.36083534359931946,0.4298572838306427,0.3195970058441162,0.22188057005405426,0.19844000041484833,0.28496217727661133,0.3951948881149292,0.37403738498687744,0.42496201395988464,0.3930850923061371,0.5873923301696777,0.03285598649001592,0.02721494433000978,1897.6717886847998,1153.0493163630817,2660.6892725112393,776.19892910877,3492.7255156975057,2398.6962754320707,0.041571880437935034,0.033257107662081675,12.81888181669648,4.432256741225378,11.550000540344348,4.14614981194932,17.42723233246263,4.774142343135137,20.786688746253347,4.749866051172863,19.866652323223988,4.260913356522426,30.295417076911615,8.090902572109613,33.24407290774196,3.98403269780646
original_mix,47.5,52.5,-347.3118591308594,65.90511322021484,156.12054443359375,37.28037643432617,3.369300365447998,25.88414192199707,20.164579391479492,19.484577178955078,10.257725715637207,16.05132293701172,6.907825946807861,14.295816421508789,-8.328850746154785,12.659663200378418,3.7342259883880615,11.17593765258789,8.431112289428711,10.372913360595703,-2.0524709224700928,10.214579582214355,0.30229097604751587,9.602519989013672,-0.9474012851715088,12.257877349853516,-6.9246745109558105,10.876180648803711,0.48025137186050415,0.40755695104599,0.4614976644515991,0.3267311453819275,0.26234757900238037,0.2725370526313782,0.3612719774246216,0.5266571044921875,0.4138757884502411,0.4246543049812317,0.4004533886909485,0.48547476530075073,0.03198720448490518,0.02619461634640118,1950.1424528922446,1351.276865524931,2710.477340968677,892.0581464040596,3567.7170189240137,2742.188173297184,0.0428724532337587,0.03872912431299604,13.07607818042204,4.599760154160886,11.824626154088179,4.433669867581154,16.24809155990787,3.742129802396153,20.404140125612823,4.998132934696711,19.276732619481376,3.770932848735774,27.692249438019825,7.993218745857489,32.28288898656269,5.106931528218756
original_mix,50.0,55.0,-347.2394104003906,88.64105224609375,137.82815551757812,51.1121826171875,10.110742568969727,36.070125579833984,25.239439010620117,25.749549865722656,12.696028709411621,20.627046585083008,12.770665168762207,17.97163200378418,-11.337547302246094,16.79543113708496,4.353113174438477,12.242247581481934,9.772459030151367,14.023401260375977,-6.143198490142822,12.70012092590332,-3.3666749000549316,12.96764087677002,1.1722222566604614,11.858591079711914,-8.405576705932617,12.679936408996582,0.38894516229629517,0.4026452898979187,0.4015219807624817,0.3542996644973755,0.3492627739906311,0.36402323842048645,0.4730464518070221,0.48831892013549805,0.36049506068229675,0.35882624983787537,0.43873515725135803,0.4793199300765991,0.04208181373150522,0.040956279197995715,2241.442021834951,1837.3789388789855,2797.3669133390185,1025.5322156871366,4019.9642455771464,3402.216799167476,0.051488181554524365,0.06479723794779631,14.052276553931344,4.8579125074207985,13.478974828204683,4.8577957418351465,17.680093387820605,4.770877317368569,19.356883265100638,5.340306115017645,18.577462450905426,4.016186608389368,27.107036254663914,8.823074387316126,32.52312981856992,6.7194343694218075
original_mix,52.5,57.5,-337.7257080078125,85.01808166503906,135.4917755126953,53.988075256347656,13.469624519348145,34.81046676635742,31.137027740478516,27.006824493408203,10.984643936157227,24.609411239624023,13.946404457092285,18.232921600341797,-11.920511245727539,16.420909881591797,4.589737415313721,13.16189956665039,8.420475006103516,16.525907516479492,-8.731431007385254,12.368048667907715,-7.021970748901367,12.246956825256348,-2.60851788520813,9.743014335632324,-13.608138084411621,10.883679389953613,0.45508384704589844,0.3761381506919861,0.3695417046546936,0.36578404903411865,0.40779978036880493,0.3879365622997284,0.3422915041446686,0.3628767728805542,0.37792983651161194,0.3985099494457245,0.39768603444099426,0.46778738498687744,0.045721509778038044,0.04015297013218634,2429.016024928811,2031.9368789054035,2931.408027502496,1091.7827765366687,4405.463538645592,3642.104405188893,0.05477360063805104,0.07473440694280413,15.624078404980994,5.36217349803136,12.5085689713882,4.9898424608336045,17.749012244728554,4.825827022713073,17.71132470084529,4.562339678312557,18.30773250560911,4.253492371640874,25.867544456291164,8.937226440047224,33.54275114342843,6.840296912867688
original_mix,55.0,60.0,-345.5603942871094,64.98363494873047,161.25550842285156,47.35529708862305,11.397538185119629,29.112680435180664,27.764488220214844,26.618791580200195,11.641794204711914,24.565622329711914,12.049630165100098,20.854433059692383,-11.196480751037598,15.957453727722168,2.607113838195801,12.817961692810059,9.30920124053955,16.85142707824707,-7.295278549194336,11.83530044555664,-4.1879801750183105,10.02504825592041,-2.4437546730041504,8.669818878173828,-13.827007293701172,11.506317138671875,0.5017284154891968,0.4299889802932739,0.4293038845062256,0.4291488826274872,0.45288461446762085,0.46687963604927063,0.39915788173675537,0.4230535626411438,0.42972174286842346,0.40336841344833374,0.3962452709674835,0.43882831931114197,0.04225354268930835,0.030839852120814276,1923.9330729343872,1614.634050765054,2555.1326598481764,985.6293306019064,3450.7082910382833,2985.4390578335547,0.04173728429524362,0.05237945016941439,16.529408514192642,5.415706397961967,11.24563830756947,4.813853385555577,16.91726454486648,4.588093578520207,18.342221806722495,4.995008015532086,18.70522274906614,3.9310849661783274,25.00654329685306,8.227037775748999,32.39331164683582,5.832313830802629
original_mix,57.5,62.5,-343.3327331542969,66.25527954101562,166.70599365234375,40.17229080200195,9.031180381774902,26.471948623657227,23.558198928833008,22.70699691772461,8.965524673461914,22.818265914916992,6.933259010314941,21.13340950012207,-10.025994300842285,16.383350372314453,-0.23129166662693024,11.457972526550293,7.734370231628418,16.283254623413086,-2.9356465339660645,12.30427360534668,-0.5205063819885254,10.612229347229004,-1.8280181884765625,8.128047943115234,-10.395236015319824,10.928400039672852,0.4112221598625183,0.33384615182876587,0.3776770234107971,0.3849324882030487,0.4613400399684906,0.44292765855789185,0.419867604970932,0.5137686133384705,0.3768548369407654,0.31171056628227234,0.313427597284317,0.4006495773792267,0.04078293863355491,0.03091526277749193,1782.7912845706223,1350.872255139467,2388.810206126233,951.0023978730165,3263.304474514211,2660.3575095002675,0.04357145446635731,0.04123076639887417,15.325749409551394,5.34167319022904,10.943497181098223,4.827669792065077,16.545970097625148,4.538582765324181,19.81420795078461,5.720742483977061,22.111973034563317,7.190970859409954,29.131523511925067,9.852831956541964,32.46309895177,5.39610245643533
original_mix,60.0,65.0,-336.174072265625,69.24053192138672,151.59835815429688,50.69572448730469,8.16507339477539,25.025598526000977,32.090309143066406,21.75212860107422,7.103664398193359,21.21634864807129,8.151529312133789,17.1695499420166,-8.0012788772583,15.36144733428955,-0.2481454312801361,10.545369148254395,4.004628658294678,14.652427673339844,0.30064183473587036,12.022884368896484,0.9059618711471558,10.174970626831055,-1.124575138092041,8.472633361816406,-8.013474464416504,9.140746116638184,0.39291760325431824,0.3265780210494995,0.3926815986633301,0.3939008116722107,0.45000311732292175,0.4062967300415039,0.39705023169517517,0.5028634071350098,0.30972984433174133,0.22024396061897278,0.2691631317138672,0.40797215700149536,0.03768053430342169,0.026945549137652222,2292.2367136358394,1918.1836515699174,2730.064453734758,1158.767056211002,4253.232285926624,3475.114567797636,0.059730051841647334,0.0640332823641984,15.677817434413575,5.988246949866608,10.939965328744373,4.363479685203888,16.69342787546915,4.339492626509062,21.05539678852073,5.745621740942821,22.835023587530564,7.05640747853448,27.98069582447544,9.915945396635115,33.90615821905203,5.9371161860992006
original_mix,62.5,67.5,-336.4455871582031,70.60140991210938,146.81219482421875,48.64277267456055,3.3033132553100586,29.337169647216797,37.013893127441406,22.30289077758789,13.129544258117676,21.146310806274414,12.90792179107666,14.85343074798584,-7.724343299865723,15.740824699401855,0.35193806886672974,12.854230880737305,4.317437171936035,13.891247749328613,0.02643006294965744,11.11421012878418,1.4028009176254272,11.112207412719727,1.2750543355941772,10.376330375671387,-8.536688804626465,9.540550231933594,0.4021952748298645,0.3738374710083008,0.43744421005249023,0.4312828481197357,0.4811203181743622,0.3797420263290405,0.35100194811820984,0.45771539211273193,0.3286522328853607,0.2889755368232727,0.3289419710636139,0.44906824827194214,0.038235556884191224,0.026838910243270443,2263.267472291261,1810.8680112220522,2743.177942379708,1051.1715982044211,4176.09245849043,3272.2726025429342,0.05485856837296984,0.06040798118264445,16.069689652612393,5.315356056279446,11.21596884798947,4.406370050845555,17.33637668928803,4.756691572569418,20.311441556770866,5.63503056680993,21.46775538237714,6.169119232324834,26.984329371938706,9.222817665924254,33.82869182767684,5.982145158334499
original_mix,65.0,70.0,-334.4923095703125,67.05859375,145.7513885498047,42.20560836791992,3.7966387271881104,27.397945404052734,34.76641082763672,23.563213348388672,15.257987976074219,19.518325805664062,9.0350980758667,15.870596885681152,-5.64125394821167,13.755754470825195,1.161818265914917,13.525189399719238,6.128152847290039,11.3366060256958,1.545361876487732,10.152504920959473,0.7624467015266418,10.987323760986328,-2.644984245300293,11.152894020080566,-10.399299621582031,9.725525856018066,0.4446139931678772,0.32052627205848694,0.35987022519111633,0.34722164273262024,0.4360522925853729,0.4228477478027344,0.355888307094574,0.411158949136734,0.40192341804504395,0.41018733382225037,0.3778000473976135,0.4342641234397888,0.03718109154347719,0.02754627547864559,2010.750354400771,1342.6431138714902,2579.705845743401,868.2945772877971,3787.695425790313,2472.4865792554765,0.04762045026102088,0.04500551770610832,16.07607676521935,5.804359287634244,11.34514368447386,3.9492096341888425,16.845568580882436,4.412371950725626,20.877990769634533,5.797646229279601,23.106670787005257,6.759432332255597,30.05545332853933,9.977808479836474,33.50364702168198,5.760720368945889
original_mix,67.5,72.5,-328.3647766113281,67.59974670410156,147.8760986328125,46.71000289916992,9.524299621582031,28.55784034729004,31.517574310302734,23.67153549194336,12.966609001159668,23.2137451171875,14.282164573669434,19.356550216674805,-6.247567653656006,14.638002395629883,5.390152454376221,11.905447006225586,10.434955596923828,12.539396286010742,-1.859189510345459,12.31585693359375,-2.844588041305542,10.166223526000977,-6.024752616882324,9.273652076721191,-14.124484062194824,10.341392517089844,0.41759687662124634,0.34821900725364685,0.4004391133785248,0.36772459745407104,0.4042539596557617,0.39375045895576477,0.3065447211265564,0.28147920966148376,0.4192855656147003,0.5065383911132812,0.4384894073009491,0.4204411804676056,0.04434046349347744,0.0322250312452681,2111.4107819360884,1635.6761117809901,2676.996444487231,1049.6250551677763,4014.7183376232597,3121.6692616405608,0.04834777407192575,0.05539690536899422,16.47922542445906,4.884664062954355,11.777072551389187,4.427120502007167,16.60813979255733,4.162014185949311,20.667307529070865,6.031507189273169,21.510702520302168,6.249399092402737,28.68867905634799,9.995746474987278,33.97232295761489,5.995049822218701
original_mix,70.0,75.0,-319.47125244140625,62.91046905517578,163.744384765625,42.00334548950195,3.014784097671509,28.88243293762207,32.162086486816406,21.641817092895508,6.252228260040283,21.920570373535156,13.781082153320312,19.896785736083984,-6.033452987670898,15.306283950805664,6.068965911865234,12.519416809082031,11.410056114196777,13.06807804107666,-7.337991237640381,11.720672607421875,-4.09089994430542,9.398189544677734,-3.8631341457366943,8.177013397216797,-11.700651168823242,12.417757987976074,0.3816336691379547,0.36162495613098145,0.40587642788887024,0.390953928232193,0.4749400317668915,0.3819090723991394,0.30783218145370483,0.2996717095375061,0.44228410720825195,0.47314712405204773,0.4077598750591278,0.4113262891769409,0.04945281985282829,0.030955317994004153,1932.9117326755627,1401.9642669298507,2612.2516453609146,966.5486028898966,3653.2003380582946,2872.9388300558558,0.040228257323085846,0.043102137297936056,15.829051890316535,5.540573494708229,11.287369827910567,4.531059333528612,15.716647248566968,4.645839664057907,19.321107728772517,5.5511295915350445,19.784028088126007,5.748376600353437,26.841796638307994,9.813793156143904,34.5200793883479,5.248080054391078
original_mix,72.5,77.5,-295.37017822265625,48.53699493408203,173.91810607910156,27.968402862548828,-10.000267028808594,23.397321701049805,34.44550704956055,17.523605346679688,0.8241942524909973,14.658206939697266,7.742324352264404,15.550180435180664,-5.394331932067871,15.360897064208984,1.128472089767456,12.021395683288574,9.814362525939941,10.677496910095215,-8.268054962158203,10.458287239074707,-2.8625221252441406,7.566420555114746,-4.901723861694336,7.446364402770996,-10.413908004760742,11.593182563781738,0.46992552280426025,0.39229100942611694,0.35541173815727234,0.36903810501098633,0.47288545966148376,0.46791723370552063,0.3634319603443146,0.3478350341320038,0.39939114451408386,0.3863982856273651,0.34998026490211487,0.43258136510849,0.05311711508512774,0.031511748955916824,1781.5146381586105,876.4971919680477,2522.4428188578495,791.5768572217787,3460.250847411543,2111.8198515081767,0.034857163573085846,0.0201996989382356,15.371559210830188,5.732200807608282,10.820908529287584,4.404987315650255,14.894280798583608,4.330740757698927,18.54527468396727,5.214029592067543,18.744571821602346,5.2102657989439685,24.222442753433114,8.735613706418121,35.076559589148935,3.831547005324365
original_mix,75.0,80.0,-287.39654541015625,60.47660827636719,166.22496032714844,29.173412322998047,-5.320216178894043,22.98553466796875,29.741348266601562,17.52278709411621,1.7240729331970215,17.769371032714844,5.826920032501221,12.379467964172363,-5.07235050201416,15.415903091430664,0.0032046998385339975,9.728657722473145,7.619307518005371,11.19101333618164,-4.284593105316162,11.67576789855957,-2.15700626373291,8.253933906555176,-5.560328006744385,8.938630104064941,-10.940103530883789,9.376482963562012,0.5212897062301636,0.40135133266448975,0.3552709221839905,0.3384353816509247,0.38291415572166443,0.43240225315093994,0.3434271216392517,0.3586658835411072,0.3495102524757385,0.3891288638114929,0.39564403891563416,0.466215044260025,0.055590481184025375,0.04492416850927179,1878.5640928831492,1006.8082860068872,2578.8753027247467,893.7617769537463,3726.3932442720416,2336.1370342288565,0.04000620830916473,0.022774108282501777,15.410752841878619,5.345800515177908,11.295912182084084,4.401136216162543,15.74797668189598,4.226704030796289,19.571661590080996,5.038276527637518,20.860362884015462,5.950152421246361,26.48059237127341,9.457199662199706,35.10766031736105,4.100895336500293
original_mix,77.5,82.5,-312.1409912109375,71.80664825439453,162.73526000976562,32.07244110107422,4.011249542236328,26.68280029296875,23.26894187927246,20.69759178161621,9.959694862365723,24.419599533081055,8.79020881652832,14.497705459594727,-8.623363494873047,17.54029083251953,2.287875175476074,10.52586841583252,8.361844062805176,12.484400749206543,-4.288969993591309,11.671142578125,-2.6528615951538086,10.002471923828125,-4.461702823638916,9.627111434936523,-10.597017288208008,9.40420913696289,0.5214073061943054,0.39596498012542725,0.337531179189682,0.3334137499332428,0.3870435953140259,0.4473055899143219,0.36843258142471313,0.3793826997280121,0.3743549585342407,0.4001905918121338,0.39408084750175476,0.43792617321014404,0.050384316563156804,0.04370523079522399,1772.5830209857872,1019.0522586502672,2506.0750994375517,856.6212110205832,3314.8642555466936,2184.8559982488105,0.037759661397911835,0.02624051790413126,16.1197579849772,5.929046129696737,11.285832674407768,4.180829804225172,16.703580598319842,4.251741755329746,20.369524948802457,4.727179919738505,21.611025012243264,5.911688174521778,30.729278692538973,9.40942678547256,33.344946545464886,5.090709929417912
original_mix,80.0,85.0,-324.5071105957031,65.35012817382812,173.23348999023438,34.607078552246094,-3.062828540802002,24.877561569213867,18.699464797973633,19.71040916442871,14.088837623596191,23.778181076049805,14.277140617370605,16.35700035095215,-11.452132225036621,20.218202590942383,2.543010950088501,11.391973495483398,6.166425704956055,16.457944869995117,-11.552460670471191,10.695745468139648,-4.077328205108643,9.514779090881348,-2.004511833190918,9.767460823059082,-12.304194450378418,10.071098327636719,0.5262385010719299,0.3954060673713684,0.3074573874473572,0.34120669960975647,0.42491012811660767,0.4902317523956299,0.36863934993743896,0.3567553758621216,0.3657586872577667,0.29672110080718994,0.2684905230998993,0.3876522481441498,0.048296916659428736,0.03133904346777088,1706.2129808214731,1013.8824884008636,2400.9657000840684,825.5672296793501,3077.799177059165,2020.0209469250283,0.0359288899361949,0.02746698731374192,15.946587282640937,5.005110752380329,12.06928402174727,4.571187453281028,17.16002340798448,4.487337329208604,20.28057606261483,4.5749042897689485,20.905992996051946,5.179293236344683,29.447991623898677,8.803778767361326,32.80825208296243,5.162363002022485
original_mix,82.5,87.5,-322.596435546875,58.65713119506836,173.71856689453125,35.83816909790039,-8.434596061706543,20.037517547607422,23.25058937072754,18.94115447998047,10.199918746948242,19.550521850585938,13.85464859008789,15.946053504943848,-7.047496795654297,18.41021156311035,0.24411648511886597,12.491819381713867,-0.9859738945960999,15.230710983276367,-11.514604568481445,9.430254936218262,-2.4122872352600098,8.584136962890625,-0.56962651014328,9.142285346984863,-9.23212718963623,9.616049766540527,0.4401545822620392,0.2818272113800049,0.2899765372276306,0.3281608521938324,0.4543823003768921,0.4657076299190521,0.3350740969181061,0.4325026273727417,0.35250622034072876,0.27816134691238403,0.2624048590660095,0.43635809421539307,0.042779018181935816,0.02780649221659556,1837.098919266312,1117.1539644725347,2493.8434315852587,929.9629515579866,3426.1274651972158,2301.0210645061793,0.040307560542343385,0.026066052904640355,15.929112806081655,5.110841154863899,11.58584948944581,4.375420063904142,17.31772955480843,4.242799492023211,20.736302565374306,4.483062005556004,22.29602063094121,5.5320627578884025,27.600925840972778,8.076106823035495,33.43192326306556,4.605683555511192
original_mix,85.0,90.0,-307.0616149902344,58.79863739013672,166.42434692382812,40.399559020996094,-14.56549072265625,23.712217330932617,25.78707504272461,19.414413452148438,10.94169807434082,15.178418159484863,14.786821365356445,15.709988594055176,-8.96932601928711,14.97061824798584,1.4013187885284424,11.957155227661133,-3.2174251079559326,12.29748249053955,-9.096497535705566,10.113487243652344,-1.2151089906692505,9.514860153198242,-1.3927621841430664,8.957152366638184,-6.4602885246276855,10.39187240600586,0.4177275598049164,0.29216018319129944,0.3016189634799957,0.3454327881336212,0.5029176473617554,0.4587074816226959,0.33991941809654236,0.48764532804489136,0.3914445638656616,0.3242136538028717,0.2939537465572357,0.4186630845069885,0.04157819302229691,0.023251604325220165,2025.5609964492344,1231.156428606278,2595.4589752902843,937.2797242039546,3800.4354879640373,2605.8736234810203,0.04536030851218097,0.03037793655299208,15.765783506176994,5.492932961761044,11.261660644142511,3.9238226859655017,17.345995216183983,4.3227529883563545,19.742789011185724,4.387403877838008,21.24246552566468,4.807128341503271,27.809262348305595,8.644553855537552,34.11638500797173,4.99237848855463
original_mix,87.5,92.5,-305.34259033203125,61.849151611328125,174.61508178710938,40.362735748291016,-14.455194473266602,24.599056243896484,22.272930145263672,20.020408630371094,13.78592300415039,16.43868637084961,15.313685417175293,14.574136734008789,-9.726007461547852,15.809391021728516,2.284609794616699,11.768498420715332,-0.9265586137771606,12.338129997253418,-8.795464515686035,12.12506103515625,-3.58266282081604,9.589654922485352,-3.052015542984009,9.460662841796875,-8.009743690490723,11.13371467590332,0.4383866488933563,0.3646225929260254,0.3940103352069855,0.3461688756942749,0.442309707403183,0.4848790764808655,0.33793410658836365,0.38060691952705383,0.3421756327152252,0.32817211747169495,0.30458131432533264,0.42091497778892517,0.046493525737831734,0.024185909784538745,1829.3925558560954,1093.152201654011,2431.6053979844296,914.7821389453543,3433.2718922201275,2393.4346854670525,0.040254314095127613,0.027623664075174095,16.211164786245742,5.771950081655291,11.245360183486106,3.931727352999117,17.793712289236502,4.774876192162042,19.87878422195334,5.191189418363773,20.913220324556868,5.195551165197744,29.49947425900638,8.738247155709805,33.76833200288506,4.5038300271989735
original_mix,90.0,95.0,-310.6990051269531,65.96468353271484,170.8113555908203,35.00577163696289,-4.093362808227539,25.68889808654785,23.425580978393555,20.743303298950195,13.83521556854248,21.968788146972656,16.57040786743164,14.298270225524902,-5.999994277954102,16.71915054321289,2.7552459239959717,12.022284507751465,1.6699334383010864,12.62882137298584,-8.423994064331055,12.558670043945312,-3.1461122035980225,9.88225269317627,-3.5046637058258057,9.003024101257324,-6.426899433135986,12.190937042236328,0.3770815432071686,0.35543447732925415,0.43549513816833496,0.37142446637153625,0.41066449880599976,0.5478729605674744,0.3719176948070526,0.2985798120498657,0.34925025701522827,0.44963884353637695,0.40814271569252014,0.40110236406326294,0.0490809953847161,0.028329661862680638,1752.8306240444304,1032.8227224837544,2459.1385028884515,941.5248664615884,3381.6121891313805,2344.362847203221,0.035975338964617166,0.026068403080367855,16.523459344112503,5.564474335462389,10.926120721614728,3.53186744072691,17.43379332150332,4.549830168514242,19.627051349432804,5.04569112732701,21.283418232426556,5.2465212382458475,28.128821041511113,8.348919993681319,33.40998766492738,5.116655477088909
original_mix,92.5,97.5,-299.21405029296875,64.81944274902344,161.51806640625,38.16368865966797,-7.8799214363098145,25.672767639160156,27.87403106689453,18.9251651763916,12.328225135803223,20.233779907226562,19.364572525024414,14.943440437316895,-7.369511127471924,14.597356796264648,0.33758345246315,11.097912788391113,-0.11081995069980621,12.157950401306152,-6.918896198272705,13.828826904296875,-1.5943717956542969,9.632682800292969,-4.361685752868652,10.02226734161377,-3.4911413192749023,11.071576118469238,0.2849486470222473,0.28048452734947205,0.38719019293785095,0.4211844205856323,0.572586178779602,0.5125744342803955,0.32034286856651306,0.33702898025512695,0.4213237762451172,0.388532817363739,0.32190635800361633,0.3521830439567566,0.05120872602454471,0.03281530930926233,1988.959035675385,1186.6096585286894,2637.3207857145485,955.9056856050319,3885.4191968169953,2597.5009769007092,0.04300160419083527,0.03182968861947295,16.40042175606711,5.5257351713960885,11.439161717774315,4.13245475100392,16.853970876452294,3.9187954505048035,20.71809634348958,5.086912429677737,21.63832982012351,5.884515906608939,28.970265950997412,8.705631674036377,34.63949028792052,4.954305822923612
original_mix,95.0,100.0,-289.60162353515625,55.67475128173828,159.34603881835938,44.69857406616211,-9.720719337463379,20.888957977294922,28.233322143554688,19.086524963378906,10.10876178741455,16.96868896484375,15.857813835144043,16.661828994750977,-8.607107162475586,11.957447052001953,-0.9781271815299988,10.725638389587402,-1.9191548824310303,10.699222564697266,-6.781793117523193,13.077862739562988,1.3099849224090576,9.205958366394043,-5.04154109954834,9.861551284790039,-4.279598712921143,9.01997184753418,0.3365044891834259,0.35977640748023987,0.39953845739364624,0.4136315584182739,0.5349999070167542,0.48029303550720215,0.3401721715927124,0.3581785261631012,0.3492882549762726,0.27723875641822815,0.24187400937080383,0.3527390956878662,0.04937288104156745,0.029241759389496975,2186.624038079391,1446.996855971675,2735.3647691335927,1013.503881824461,4180.189262797274,2847.083207499719,0.05055693517981438,0.042121015953239686,16.591703008384172,5.330520891676275,11.127952245300628,3.9067036663571124,17.117738935834954,4.166152942933149,21.293343726179327,5.108561254792183,22.52576443027582,6.101826389055812,30.499506624266452,9.066759736243354,35.68018585627619,4.533703868708577
original_mix,97.5,102.5,-303.5057373046875,49.82676696777344,177.74365234375,44.713260650634766,-14.360663414001465,16.776809692382812,33.716575622558594,17.9292049407959,3.8192317485809326,14.603445053100586,11.293129920959473,14.891301155090332,-8.615853309631348,12.023550033569336,1.9597944021224976,10.723645210266113,-4.34946870803833,10.573089599609375,-6.690469264984131,9.417784690856934,5.0962233543396,9.696028709411621,-6.980113983154297,8.677963256835938,-7.946116924285889,9.524199485778809,0.4337218701839447,0.38141995668411255,0.41185566782951355,0.33591657876968384,0.36827707290649414,0.326136976480484,0.3048369586467743,0.418260395526886,0.35026103258132935,0.3057028651237488,0.2922198176383972,0.47241079807281494,0.04538534679763417,0.020273231738673927,1948.5526579066707,1373.9818312499465,2459.9756548835917,917.6749887264517,3629.9184989486657,2603.7688606550796,0.049247299158932716,0.04139709843514108,16.38484001782203,5.552704704681544,10.718631555857216,3.814957547508119,17.203173114651158,4.0991509036571285,21.087258525212988,5.139161083264076,23.1204577324074,5.752769068414891,31.4837335489661,9.1966163936906,34.67347494340411,4.596959098631834
original_mix,100.0,105.0,-332.0870666503906,48.63246154785156,174.11488342285156,37.96392822265625,-5.571021556854248,17.849924087524414,34.443851470947266,19.75048828125,7.612183570861816,18.93991470336914,8.36094856262207,12.488890647888184,-8.587276458740234,12.263687133789062,3.8842244148254395,13.10901165008545,-6.164647579193115,11.145572662353516,-4.157247543334961,8.231748580932617,5.825068950653076,10.428437232971191,-7.5762410163879395,8.66905689239502,-5.380832672119141,11.099489212036133,0.4321219027042389,0.30037686228752136,0.34732484817504883,0.30444782972335815,0.3782273232936859,0.26546794176101685,0.2998056411743164,0.5110191702842712,0.4284779131412506,0.3984239399433136,0.4681474268436432,0.6194651126861572,0.03552654510031167,0.01688055672317769,1842.4563679689622,1076.7489282310246,2505.6272030890673,857.2462347770886,3493.4249700913574,2410.6308110508976,0.044705490501740136,0.029220118044194655,15.561528772990235,5.680508993655373,10.991020040390904,3.699317670368402,16.45055825327613,4.110090243700606,21.63579569904543,4.944138537974644,24.10097243660328,6.3441909711223925,30.341520026573946,9.077239143099627,33.085142457383476,4.244671395861368
original_mix,102.5,107.5,-309.02587890625,72.09343719482422,148.9315643310547,39.0033073425293,-2.9225337505340576,29.227516174316406,30.343029022216797,21.61372947692871,12.330458641052246,20.455102920532227,7.718449592590332,16.06267547607422,-11.2227201461792,13.03425121307373,3.3134288787841797,13.634819030761719,-2.3244616985321045,12.980313301086426,-5.727011680603027,11.82974624633789,3.0764834880828857,9.182915687561035,-4.956582546234131,9.945775032043457,-5.084569454193115,12.10113525390625,0.3449207842350006,0.2652839720249176,0.30230188369750977,0.3174285292625427,0.4359154999256134,0.40941163897514343,0.3449077308177948,0.4263051450252533,0.3907136023044586,0.4437669515609741,0.43080762028694153,0.4336889982223511,0.04620385920010905,0.03768135705220203,2149.908114463928,1269.3648025668126,2721.998429065541,884.1377631968359,4092.707502537703,2648.224724167698,0.05081636999709977,0.0376288920558197,15.42679938388907,5.1306600943933045,12.038250917407156,4.07790756802886,16.572398571674732,4.302210221792217,22.325646525979895,5.737196452453063,22.804257646334953,6.587012810425642,28.650647794791187,9.262647510569002,34.200545950877114,5.479850590128059
original_mix,105.0,110.0,-291.0650634765625,79.12462615966797,148.9403076171875,47.052059173583984,-9.717527389526367,31.074302673339844,18.18398094177246,23.13636016845703,10.116721153259277,19.074657440185547,9.734760284423828,21.126575469970703,-12.917283058166504,14.738312721252441,3.872135639190674,11.902135848999023,3.760969877243042,12.624359130859375,-7.154121398925781,14.635356903076172,0.6488612294197083,8.91614818572998,-4.411549091339111,9.95868968963623,-9.392006874084473,11.449627876281738,0.34884169697761536,0.29799801111221313,0.39318251609802246,0.33687567710876465,0.36748838424682617,0.4557310938835144,0.3260134160518646,0.2963445782661438,0.29442501068115234,0.3330446779727936,0.28173118829727173,0.35752809047698975,0.06001947279976305,0.047355521228136015,2262.2020695072424,1683.1442603661249,2638.186843368066,997.2940363033448,4081.4163101798144,3124.5326307598966,0.05849632033062645,0.059754573914676784,16.136509070969357,5.663750150634742,12.959940414271871,4.7703222301524395,17.024747284115502,4.325823418508651,21.715710984705844,6.098138336078902,21.08408957856707,5.726120175436377,29.759076160673573,9.543957498844755,34.53229759888376,6.339979103639694
original_mix,107.5,112.5,-307.6693115234375,74.73693084716797,145.36012268066406,48.55699157714844,-8.570161819458008,27.15273666381836,10.231507301330566,23.44969940185547,7.6261305809021,18.72920799255371,10.752483367919922,20.537343978881836,-11.26692008972168,14.584724426269531,5.994282245635986,10.778399467468262,6.234399795532227,10.555123329162598,-4.6754045486450195,13.387837409973145,2.304917573928833,10.889012336730957,-5.703553199768066,8.888458251953125,-9.679734230041504,10.851675987243652,0.547053337097168,0.34674349427223206,0.3873671293258667,0.32520410418510437,0.31766554713249207,0.33964550495147705,0.3418256938457489,0.3821975588798523,0.2860755920410156,0.247600719332695,0.2587008476257324,0.4148223102092743,0.04794250634766838,0.04342929945036646,2396.477272337242,1728.0070418043654,2788.812989179664,1070.6528331309444,4342.962292452146,3366.900796197722,0.06052761564675174,0.05896821620686228,15.87799516584157,5.9217135209049045,12.02468338315156,4.901721957000071,16.965892652895082,4.558331351655624,20.827819999615397,5.723843706263441,20.812026380237622,5.335611548398354,26.549429721470162,8.195884267402253,33.78432265423586,5.73429704749382
original_mix,110.0,115.0,-333.3853759765625,89.39472198486328,139.52598571777344,46.0012321472168,-9.831502914428711,29.14502716064453,15.54548168182373,25.164714813232422,9.882131576538086,19.37173080444336,16.4914493560791,20.229467391967773,-12.51270866394043,16.332935333251953,3.63449764251709,13.027399063110352,8.57118034362793,13.828929901123047,-4.238199710845947,15.450139045715332,3.428292989730835,14.263718605041504,-2.5040409564971924,11.507718086242676,-9.256973266601562,12.69287395477295,0.555174708366394,0.32589587569236755,0.3279320299625397,0.3533099889755249,0.37773579359054565,0.34480297565460205,0.4001618027687073,0.4982559084892273,0.39092063903808594,0.3303571939468384,0.28720173239707947,0.38506823778152466,0.045831819530036254,0.04677650550370082,2301.6250700074843,1420.3724008275817,2813.0118576209366,857.9916487326848,4188.732598607889,2766.7929817777863,0.05409159295243619,0.05242265039726126,14.881293239812548,5.692189186235281,11.61618974146511,5.287530346678156,17.87713486336635,5.46674672579282,19.86837636731966,5.638303174451329,20.76284415221273,4.874109764424574,26.388274977508246,9.58754416538722,33.11895679118773,6.399211869475731
original_mix,112.5,117.5,-346.250732421875,91.03636169433594,141.3342742919922,45.97931671142578,2.104858636856079,36.91469955444336,21.615406036376953,25.40596580505371,11.455971717834473,22.32550811767578,17.29068946838379,20.48198890686035,-10.131062507629395,17.90610694885254,7.228759288787842,15.680076599121094,10.227354049682617,14.352277755737305,-6.707083225250244,16.69232177734375,0.8088913559913635,13.142989158630371,-2.5135788917541504,11.863739013671875,-9.5671968460083,12.242429733276367,0.4796878397464752,0.3967132270336151,0.36217886209487915,0.4029116928577423,0.4602973461151123,0.4093673527240753,0.354602575302124,0.39630722999572754,0.4598405957221985,0.40720152854919434,0.3822765648365021,0.4469045102596283,0.04690112934875672,0.04607342463709428,2109.730956827297,1454.0820772082996,2685.6233923582918,843.5934569070122,3868.8820965052205,2795.5431922259054,0.047836834759280744,0.053585804753867455,15.16547657277774,5.528855336208941,12.29170872183765,5.304244934810338,17.947939690946548,5.284301429037208,19.203143992944018,4.950271940694893,18.95061930556559,3.8230611537183963,27.089146824245436,10.331540331346385,32.51854131872913,6.782476176526267
original_mix,115.0,120.0,-341.5873107910156,91.3409194946289,146.07888793945312,45.09990692138672,3.879802703857422,41.7370719909668,25.473459243774414,27.746292114257812,5.707845687866211,24.571884155273438,13.364922523498535,17.776350021362305,-12.539655685424805,17.327651977539062,5.839286804199219,14.951661109924316,5.00159215927124,11.844766616821289,-6.830443382263184,11.992788314819336,-3.8618857860565186,10.76385498046875,-6.331298828125,9.281452178955078,-10.572392463684082,9.580436706542969,0.44219738245010376,0.39663076400756836,0.33392462134361267,0.35489919781684875,0.47329387068748474,0.40898561477661133,0.31383848190307617,0.27979981899261475,0.40562909841537476,0.41014423966407776,0.3788931369781494,0.4345155358314514,0.03936284453458998,0.031499878427249405,2147.65988186801,1608.9402515972056,2563.8782561081184,933.0750966211233,3927.5363435324825,3086.178881009093,0.05313315690255221,0.0586637523732919,16.091713752370882,5.465316501336752,12.814421251071455,4.287316971791988,17.570271420527327,4.396422008311046,18.703382072336225,4.010328498668867,18.219665079052085,3.5102702393535927,24.75526292807873,7.902987460855046,32.401649327856624,8.153892534323203
original_mix,117.5,122.5,-299.52227783203125,85.32691192626953,143.510498046875,38.25974655151367,-15.610456466674805,43.455421447753906,28.178396224975586,26.30597686767578,-2.4437596797943115,23.48349952697754,6.868560791015625,17.170101165771484,-21.016725540161133,16.932802200317383,1.816865086555481,11.818190574645996,-4.75764799118042,12.108382225036621,-8.144098281860352,11.299032211303711,-5.9453444480896,12.221671104431152,-6.778112888336182,9.068960189819336,-6.683178901672363,10.86535930633545,0.3738979697227478,0.3523685336112976,0.29951706528663635,0.28929397463798523,0.3846359848976135,0.3903396427631378,0.3211340010166168,0.27927762269973755,0.35645592212677,0.40104639530181885,0.3920716345310211,0.40803226828575134,0.052557114875830035,0.03795372218313139,2422.219943255309,1565.4157533380853,2665.446421091027,833.4603238914234,4346.059876196346,2805.549337416267,0.06170470200116009,0.06461255816726054,16.27618425362522,6.0993367246794685,12.67248445412591,4.467560134715046,17.368391907324057,5.153988087005815,18.677465698481758,5.0400274273251355,18.66740271636445,4.61807401509652,23.39425415780853,6.863331329419322,34.937773053192835,7.86897801472136
original_mix,120.0,125.0,-269.8935546875,51.017574310302734,158.89450073242188,32.978816986083984,-32.6294059753418,31.673404693603516,35.94545364379883,21.935983657836914,1.7415083646774292,21.233394622802734,1.707854986190796,16.426170349121094,-14.815238952636719,18.409725189208984,-0.2408231943845749,16.25434684753418,-6.541257858276367,11.978151321411133,-5.938141822814941,13.203658103942871,-5.695096492767334,12.97571849822998,-7.847264766693115,10.10555648803711,-1.5376970767974854,10.580483436584473,0.4318336546421051,0.36990660429000854,0.3581239581108093,0.37568873167037964,0.3713202476501465,0.3801666498184204,0.35141703486442566,0.3340858519077301,0.36590540409088135,0.37175047397613525,0.4063245952129364,0.4563352167606354,0.06236272422367763,0.03820474183719588,2308.6664535413042,1202.9800423987908,2525.7374000736454,701.4061814211885,4223.755279328596,2110.8149239004474,0.05725125978828306,0.050347867745376786,17.746621348406865,6.198062014720959,11.292290549398968,4.401156791125537,16.047635572990416,5.290675664071353,16.72845288285056,4.90539173998084,18.183505335023966,4.9153869343118535,21.24051122177309,6.720168551209659,36.717494187819085,4.823826263221749
original_mix,122.5,127.5,-297.0694885253906,77.21978759765625,162.41751098632812,33.438621520996094,-9.8164644241333,38.85456848144531,25.963815689086914,25.537172317504883,9.666082382202148,20.45979118347168,5.751125335693359,18.038217544555664,-9.131512641906738,16.6740665435791,1.0150772333145142,17.017288208007812,5.445239067077637,13.538877487182617,-4.979702472686768,13.521071434020996,-5.806696891784668,11.895465850830078,-5.603691101074219,10.230817794799805,-4.695624828338623,11.712050437927246,0.473027765750885,0.38410791754722595,0.3763241469860077,0.4321219325065613,0.4571261703968048,0.40043923258781433,0.36380431056022644,0.3575601875782013,0.4218044877052307,0.4341963529586792,0.4488990008831024,0.5033685564994812,0.0591404632732203,0.04513837850431326,1922.8381766040932,1105.1300328756702,2365.9970639429475,903.7549011530848,3575.960588565835,2365.6607522928166,0.04360657446345707,0.03369195277352005,16.851695914195524,5.907113270375343,11.564853562049878,4.361462392712851,15.567989526749823,5.150925520526829,17.410505569528976,5.583249771549039,18.106355941457206,4.783277629690106,23.761648146813496,8.127801310285301,34.19500305097727,6.295739710098369
original_mix,125.0,130.0,-338.45416259765625,91.37028503417969,153.80650329589844,39.20915603637695,10.245197296142578,38.197669982910156,13.833332061767578,23.644121170043945,7.882079601287842,20.34798812866211,9.763668060302734,15.000171661376953,-9.160905838012695,16.004026412963867,11.316081047058105,14.50239372253418,8.254132270812988,11.88731861114502,-8.01262378692627,13.473983764648438,-3.132241725921631,10.906524658203125,-4.4004716873168945,9.98046875,-9.147025108337402,11.013115882873535,0.5075795650482178,0.444365531206131,0.3934602737426758,0.4022150933742523,0.4729973375797272,0.38777902722358704,0.3236502408981323,0.3528597950935364,0.4657629132270813,0.49610522389411926,0.46982771158218384,0.5083506107330322,0.04856396603274857,0.048660253838131044,1929.4303435593931,1263.70907917006,2676.88682653325,1059.1581899529556,3606.586698810905,2982.923932314993,0.03923696708236659,0.033062572225289556,14.355143711676044,5.607827308466689,12.267693654712128,4.773253612587518,16.06714667388075,5.062193462252614,18.12373054200292,5.244734001743324,18.377716221407876,4.211241275567016,26.865491329846407,8.21107612830544,31.714590040023054,6.611465475538986
original_mix,127.5,132.5,-366.6911315917969,86.30091857910156,149.55740356445312,38.46968460083008,14.15701675415039,40.47163391113281,15.022920608520508,22.581825256347656,11.599143981933594,19.016332626342773,13.10699462890625,17.134084701538086,-4.499460220336914,13.213569641113281,10.544217109680176,14.970190048217773,4.7382683753967285,10.627936363220215,-9.324051856994629,13.114564895629883,-2.851114511489868,11.02424430847168,-6.17667818069458,9.212282180786133,-9.117284774780273,11.482794761657715,0.4310568571090698,0.47414249181747437,0.47571325302124023,0.4186011254787445,0.4720238745212555,0.39147207140922546,0.31351110339164734,0.3418845236301422,0.561312198638916,0.5985466837882996,0.3954337537288666,0.3820325434207916,0.033979591969162955,0.03853102258397669,1802.840991401583,1208.732498083925,2543.2746450847117,903.3323521718626,3283.838457076566,2770.587774050083,0.039565508990719256,0.03540914694490518,14.243610267606897,5.281944653276298,11.888991492009197,4.192680587666628,17.128087011145944,4.8858859270972905,19.084340639074654,4.735205123270817,18.596310996434244,3.331854801865524,25.69024128971455,8.52453609576666,30.15564967638669,6.851582959426494
original_mix,130.0,135.0,-360.1332702636719,90.0772476196289,144.07192993164062,43.7359504699707,12.409843444824219,44.23931884765625,17.91954803466797,23.41948699951172,8.06471061706543,17.155555725097656,13.55927848815918,19.52283477783203,-4.626529216766357,13.854470252990723,7.872799873352051,12.403873443603516,5.593169212341309,11.549943923950195,-9.367310523986816,13.640299797058105,-5.566913604736328,10.546234130859375,-6.306774139404297,8.454662322998047,-10.590272903442383,11.015438079833984,0.3938055634498596,0.4836248755455017,0.40025556087493896,0.39725205302238464,0.34941366314888,0.27592939138412476,0.2342820018529892,0.3517133295536041,0.5915289521217346,0.43660974502563477,0.3113684058189392,0.34432947635650635,0.034494359791711005,0.03635301911576294,1882.5848307072567,1534.398404744972,2375.748027899526,967.3486866200614,3325.6558376232597,3073.6206045569897,0.04888930176914153,0.05097793560751777,15.575205459249803,6.33605313135636,12.382348919202188,4.36362130974842,18.467336770867156,4.485319374318371,20.187448120488234,4.992065441140288,19.32363430460868,3.7457462160963293,24.399180648006293,8.413591281163011,30.105383786528783,8.363971624420348
original_mix,132.5,137.5,-338.8338928222656,95.24601745605469,146.8397216796875,49.85383605957031,0.674404501914978,41.529823303222656,14.987004280090332,25.737285614013672,5.9612202644348145,18.8458251953125,14.638570785522461,16.589948654174805,-7.852774143218994,16.353355407714844,9.891770362854004,11.698400497436523,4.974575519561768,11.894135475158691,-9.7540922164917,15.210975646972656,-3.050752639770508,10.18646240234375,-4.3301167488098145,9.167963981628418,-11.926780700683594,9.485855102539062,0.4604731500148773,0.5023889541625977,0.46296605467796326,0.4702422320842743,0.38104063272476196,0.2850472927093506,0.26248201727867126,0.35805848240852356,0.4557805359363556,0.41076695919036865,0.38355565071105957,0.42123469710350037,0.04052523373066515,0.03843641114213776,2184.94215892584,1734.0874785311862,2543.918233158832,1033.888661589884,3887.167832801624,3322.3764346504386,0.05720934237238979,0.05771555714842001,15.64618086570314,5.871157265740891,12.982805606311492,4.459093831500031,17.312111236382098,4.409002872880595,18.367836321052327,4.554838745477332,18.747077865613157,3.5156599385793372,25.85607150636536,8.792192031482482,31.87111685338207,8.267837982763309
original_mix,135.0,140.0,-349.3497619628906,90.17298126220703,152.72291564941406,44.040470123291016,7.6832404136657715,37.04508972167969,11.312302589416504,24.475801467895508,8.69955062866211,20.18268394470215,16.879812240600586,13.74052906036377,-8.480301856994629,17.016361236572266,7.645618915557861,11.697172164916992,4.702531814575195,12.022680282592773,-10.098186492919922,14.556455612182617,-2.041529655456543,8.798752784729004,-5.331605911254883,8.986547470092773,-11.466039657592773,9.544634819030762,0.34132999181747437,0.4101635217666626,0.4114137589931488,0.46309366822242737,0.49685195088386536,0.3705439269542694,0.27322250604629517,0.2815711498260498,0.4102664589881897,0.5133129358291626,0.41405513882637024,0.3390362858772278,0.03853175635590043,0.037748058544897684,1981.1280017045317,1604.5186584598314,2454.912998053743,1036.8107081079363,3548.9316723462875,3102.7866369425333,0.04782210701856149,0.04954677534195157,15.797849605996817,5.435728870993282,12.521034211432386,4.2909220265795796,17.85094368810571,4.546036588536019,18.416147319157393,4.787142058110831,19.214576578160855,4.456114850886776,26.31940238077527,8.177148525244782,30.78251094307815,8.133175480935607
original_mix,137.5,142.5,-372.2365417480469,72.87281036376953,159.69424438476562,39.67121505737305,18.444124221801758,29.74686622619629,10.09295654296875,26.511117935180664,11.512293815612793,18.876245498657227,16.746610641479492,14.965063095092773,-11.690645217895508,17.03936195373535,4.881311416625977,11.86917495727539,8.018082618713379,13.59945297241211,-8.540595054626465,12.997577667236328,-5.604362487792969,8.451336860656738,-8.152778625488281,8.675454139709473,-12.367158889770508,9.594069480895996,0.3315880596637726,0.35448676347732544,0.33384472131729126,0.3906888961791992,0.421405166387558,0.3099515438079834,0.272761732339859,0.25028154253959656,0.39501267671585083,0.5266616940498352,0.38395366072654724,0.37112581729888916,0.03178389468543629,0.02820953717636773,1701.384731250803,1445.4165849529172,2283.7453818523068,1038.0776321502765,3031.8350311774943,2826.8447477623454,0.039366118039443156,0.04013721018843745,16.201407432719193,5.405964517922521,11.978019365202885,3.906410708668624,18.4105854439373,4.175617983882266,20.05192061110944,4.989486570941844,20.7056848031877,5.263754958861642,27.74718235168468,8.125819510379262,28.917507164253312,7.891360953625054
original_mix,140.0,145.0,-392.4049377441406,82.4334487915039,169.2975311279297,43.53821563720703,23.15521812438965,29.42087745666504,6.444540023803711,25.152555465698242,6.763181209564209,19.12027359008789,12.843199729919434,16.910968780517578,-15.0061616897583,16.587648391723633,3.641953706741333,13.281360626220703,8.031407356262207,13.776605606079102,-6.915383338928223,15.157039642333984,-1.9419187307357788,10.641776084899902,-3.0770721435546875,10.880070686340332,-8.733010292053223,10.991891860961914,0.3389430642127991,0.3872953951358795,0.32526895403862,0.35635000467300415,0.4167895019054413,0.2785153090953827,0.29385998845100403,0.2691097557544708,0.41316473484039307,0.4362933933734894,0.3582078218460083,0.35896822810173035,0.032205524432457756,0.0281103131556904,1570.4780596635103,1414.3544559512109,2214.717650185072,1034.3706897885193,2715.2819569315543,2834.1989788915107,0.036238172491299306,0.03691441295438732,16.46477535619703,5.936433453696813,11.735496923039161,3.9823670990841284,18.017491719092803,4.522185418507684,20.546421925491565,4.939512951888532,20.51908022225066,5.0312468007481925,28.778048648716403,8.04027174748206,27.989447013876926,7.80593071501247
original_mix,142.5,147.5,-375.7767333984375,90.83483123779297,161.14251708984375,48.266807556152344,20.904253005981445,31.16090202331543,13.265978813171387,24.691415786743164,2.7781922817230225,16.54370880126953,12.775249481201172,17.80284309387207,-14.574630737304688,15.746347427368164,1.6508047580718994,12.631683349609375,4.883808135986328,11.600225448608398,-6.610134124755859,14.638916015625,2.541435480117798,10.720512390136719,1.408612847328186,10.226991653442383,-6.485207557678223,11.129279136657715,0.36560606956481934,0.4256717264652252,0.3307155966758728,0.35376209020614624,0.42481499910354614,0.27851036190986633,0.2844775915145874,0.3088427782058716,0.4558084309101105,0.3880513310432434,0.3694491982460022,0.3501940965652466,0.035890434397030144,0.030843605437739705,1819.093138722988,1631.4624905666292,2445.610171609097,1073.1126288156754,3193.0093079321346,3236.2849710941673,0.04135662884280743,0.04825846822214714,16.728643552490045,5.933418628402352,12.184787390341349,4.284255051459861,17.269021897156197,4.502220106087288,19.7387078189941,4.740079408847082,18.87870151386981,4.355753460225428,26.741128463757274,7.690408082718434,30.201420645587145,8.15105662215216
original_mix,145.0,150.0,-352.5202941894531,80.80070495605469,160.32872009277344,45.58378219604492,12.831523895263672,33.02463150024414,18.88667869567871,25.592981338500977,7.684807300567627,18.144145965576172,17.326881408691406,18.32316017150879,-14.598852157592773,16.934438705444336,4.20995569229126,13.883041381835938,6.34308385848999,11.699413299560547,-8.442516326904297,12.096892356872559,1.1754820346832275,10.896175384521484,-1.1711171865463257,9.869919776916504,-10.874214172363281,10.552729606628418,0.44632694125175476,0.4124986231327057,0.39050036668777466,0.4567038416862488,0.4898020923137665,0.37472036480903625,0.31580036878585815,0.3158358633518219,0.4429238438606262,0.4052579402923584,0.4610011577606201,0.4871695935726166,0.038176548963287316,0.028384569805385066,1972.4091531166416,1574.0170391216357,2641.843011370642,1034.6420460662248,3611.1831133990718,3202.714562620385,0.04278861840197216,0.048937906465808124,16.866022650426142,5.134996648504443,12.306814843044599,4.161542438684375,15.852803109130157,4.094113449830626,19.57099158474683,4.872860870426731,19.286960424053653,4.352630658228767,26.88217749524532,8.558284564400159,32.28540775165061,7.271514271815119
original_mix,147.5,152.5,-353.5975341796875,79.65059661865234,173.06163024902344,42.61457443237305,10.534040451049805,34.08555221557617,12.604913711547852,25.17192268371582,11.410294532775879,17.92409896850586,13.684782981872559,18.4847412109375,-10.886109352111816,16.64385414123535,9.449491500854492,14.014212608337402,7.16457462310791,11.601852416992188,-9.189325332641602,12.010612487792969,-2.4325642585754395,10.974757194519043,-3.4465856552124023,9.67224407196045,-8.85835075378418,10.218400001525879,0.4169142544269562,0.3988361656665802,0.38714370131492615,0.4860832691192627,0.5143932700157166,0.3932657241821289,0.3021146059036255,0.3030424416065216,0.46285414695739746,0.49827563762664795,0.45476841926574707,0.4458041787147522,0.039066601302604385,0.03236960908296303,1720.7639035574643,1348.2974699524686,2368.627034356252,984.2345193898165,3048.921702798724,2830.6282881636334,0.03964594511310905,0.04074689145915118,15.716342362180212,5.179087545454811,11.584451057107406,3.8828668255349106,16.797233391550847,4.397087100505724,19.417328167870927,4.960644709239859,19.365402297192926,4.0192116085177405,27.608337503326673,8.384388658734748,30.717471630995433,6.579299060549745
original_mix,150.0,155.0,-370.2835693359375,75.62969970703125,176.16641235351562,40.258853912353516,12.896211624145508,33.61777114868164,11.758904457092285,23.463815689086914,14.720843315124512,19.046405792236328,13.616484642028809,17.376066207885742,-8.747822761535645,15.445362091064453,9.939231872558594,12.730156898498535,6.614923000335693,11.00313663482666,-7.08601713180542,12.004993438720703,-3.4062864780426025,9.093174934387207,-5.706756114959717,9.587010383605957,-7.514291763305664,10.263910293579102,0.42734667658805847,0.43001917004585266,0.3915315270423889,0.47796157002449036,0.4797627329826355,0.34574657678604126,0.28782808780670166,0.2669246792793274,0.37591758370399475,0.4530470371246338,0.4681074321269989,0.47124549746513367,0.03397114245380921,0.02914805224230495,1576.538396873014,1261.2113832055966,2236.1140906635683,953.5807835785715,2820.100193953016,2608.491551014638,0.035538038355568444,0.03743944152782589,15.57510213145769,5.394279096446601,11.24432973773574,3.801106619565817,17.261192998800475,4.589414661469462,18.963198683682368,4.565469017705394,19.36158120085678,4.149706515079114,27.48293938495008,7.8175019211568895,29.209521128634734,6.666906990628677
original_mix,152.5,157.5,-358.4959716796875,74.5078125,148.77528381347656,38.64683532714844,24.12557029724121,35.5311279296875,15.077667236328125,22.549179077148438,10.799971580505371,21.186077117919922,13.465362548828125,16.433626174926758,-2.7777116298675537,16.063560485839844,8.970070838928223,12.817193984985352,5.972437381744385,11.740407943725586,-5.090561389923096,13.701173782348633,-3.537203073501587,7.900359153747559,-6.12876033782959,8.0396728515625,-9.161211013793945,11.405241012573242,0.4876897633075714,0.4092639088630676,0.4178542494773865,0.49615994095802307,0.4979640245437622,0.37122610211372375,0.2984405755996704,0.2881180942058563,0.3733491897583008,0.3432847261428833,0.4879000186920166,0.5887666940689087,0.037260155595424144,0.03894479884210498,1727.787898100991,1605.4262837739207,2333.007748557171,1105.4900965393617,3192.90938587587,3174.8239528434497,0.03836689747679815,0.04942409561848675,16.476114280121735,5.740533187688904,12.216770940676918,4.245134705818707,16.47373535111328,4.389280073510581,18.656319924531456,4.61128719244232,20.5205645268107,4.834690362215221,27.3001744371025,9.3150380686051,29.202561528797748,8.10419352469603
original_mix,155.0,160.0,-338.8973388671875,82.81550598144531,146.3391876220703,45.86077117919922,16.46015739440918,37.22479248046875,17.509328842163086,26.336027145385742,4.9839911460876465,18.22966766357422,10.005188941955566,17.553194046020508,-5.773017406463623,17.452781677246094,6.644048690795898,14.73272705078125,3.3706023693084717,12.458418846130371,-6.471292018890381,14.055559158325195,-2.4217164516448975,10.348139762878418,-1.6158043146133423,10.718202590942383,-7.626327991485596,11.059500694274902,0.42629238963127136,0.4076038897037506,0.37046584486961365,0.4154011011123657,0.4672742486000061,0.3408397436141968,0.26572632789611816,0.3356993794441223,0.5253890752792358,0.37313416600227356,0.40824300050735474,0.4625014662742615,0.04475217344230711,0.043143852977919714,1985.3555800998772,1766.5850278393827,2422.26352471714,1065.177867697881,3504.2165521679235,3278.801443030298,0.049422899144431556,0.05980021730693566,15.597127169804528,5.468425327055415,12.751882370118853,4.546181520626979,17.166817591522715,4.58683665645602,19.956374087751694,4.856560493924854,19.95372229225095,4.660042284486555,26.850174889493612,9.435471102288824,31.17650726003612,8.423786294489991
original_mix,157.5,162.5,-329.2983703613281,79.23106384277344,166.85626220703125,48.178627014160156,-2.910722494125366,36.525421142578125,19.85683822631836,25.607336044311523,2.62815523147583,15.297449111938477,4.8768205642700195,16.44645881652832,-9.550204277038574,15.80176830291748,3.6823742389678955,13.964289665222168,4.339078903198242,12.617806434631348,-6.6887688636779785,11.258127212524414,-3.201663017272949,12.442176818847656,-0.8290283679962158,12.066549301147461,-7.214369773864746,9.175909996032715,0.3081846237182617,0.4032765328884125,0.329948753118515,0.3684040904045105,0.4258057773113251,0.3199191689491272,0.2935633957386017,0.35121574997901917,0.5056232810020447,0.3808721899986267,0.304585337638855,0.29892808198928833,0.04527380331278954,0.03234553574638752,1918.3374375301487,1458.1220512997083,2295.585704825897,909.0170186011211,3356.6316750652554,2610.046050549422,0.04989192104118329,0.05183048767849164,14.933198063028883,5.568234557691335,12.791924988992182,4.746340209441672,17.266955047775124,4.55119595428633,20.788201345467137,4.797393363151589,19.224053316584403,4.114908486885224,27.67056983884387,8.367847465077205,32.94791804744854,6.893995793790655
original_mix,160.0,165.0,-280.52777099609375,70.77252960205078,188.5662384033203,36.932655334472656,-42.1348876953125,42.62803649902344,21.676959991455078,19.803939819335938,0.7981976866722107,16.478511810302734,2.271674633026123,13.067633628845215,-5.937366962432861,14.202712059020996,-5.496148109436035,16.01832389831543,3.188270330429077,11.502115249633789,-14.3014554977417,13.758005142211914,-1.5738307237625122,12.856687545776367,0.5293850898742676,10.335957527160645,-12.207808494567871,10.437357902526855,0.2827690839767456,0.27395474910736084,0.28932052850723267,0.28625792264938354,0.3430848717689514,0.3409326374530792,0.33082443475723267,0.34535926580429077,0.4029744267463684,0.41551247239112854,0.44774508476257324,0.4638170897960663,0.0671011018296682,0.04355077887352072,1815.7318959042532,952.7105428396021,1975.6843931691878,679.9939235368732,3294.1304288718097,1729.289175101296,0.0512672654437355,0.03528420819863254,15.778729038797533,5.812181535017262,12.236787155763983,4.376945228000725,16.555119164999674,4.3616238623394565,19.85543306203342,4.893949668632971,20.501301238159375,5.193678030975418,31.506062290576256,9.64329193585093,36.06194470573176,5.69682046624824
original_mix,162.5,167.5,-255.2405242919922,63.956207275390625,169.02197265625,32.8967399597168,-30.34374237060547,43.357994079589844,6.348198890686035,18.635644912719727,5.143146991729736,17.381351470947266,1.7334200143814087,14.706758499145508,-9.4188232421875,13.49743366241455,-6.044525146484375,13.635555267333984,-1.688307523727417,10.857306480407715,-16.546735763549805,11.306998252868652,0.843460202217102,10.87706470489502,3.5765929222106934,10.358421325683594,-12.06980037689209,10.238056182861328,0.2598569989204407,0.25709471106529236,0.2324335277080536,0.2546407878398895,0.3006893992424011,0.3106301724910736,0.29116004705429077,0.3462333381175995,0.47453972697257996,0.5674224495887756,0.5570770502090454,0.3461489975452423,0.07150010369380984,0.05037798853094655,1985.7809887817348,1258.3505110688184,2071.541427119101,963.0383782386812,3591.3985462587007,2422.9070265116734,0.055769422491299306,0.03441142970403982,17.172292913294083,5.675894337625082,11.714845416570563,4.092376813345555,16.394888832754713,4.436900065547407,19.697932764992913,5.057667361101778,20.64466881764699,5.526191045290304,33.940515635453565,10.938411963561657,36.677958717816956,5.125860762844314
original_mix,165.0,170.0,-302.86090087890625,69.02047729492188,153.23939514160156,39.161521911621094,3.7041049003601074,41.183250427246094,9.422430038452148,22.806669235229492,10.759753227233887,24.321470260620117,8.833020210266113,17.557477951049805,-12.780268669128418,15.399518966674805,2.6173973083496094,12.808404922485352,3.669804811477661,11.869939804077148,-11.561663627624512,12.15457820892334,-2.3635387420654297,11.094306945800781,-0.2611212730407715,10.274765014648438,-7.921294212341309,9.35329818725586,0.37153175473213196,0.3677249848842621,0.3135882616043091,0.3347693681716919,0.46016421914100647,0.373453825712204,0.27339622378349304,0.27397477626800537,0.3964262306690216,0.5296783447265625,0.48274263739585876,0.3862074911594391,0.051921743763450816,0.04475918428420035,1986.4782633789728,1698.6374588675478,2270.060054217526,1107.1480470007066,3551.629567865429,3147.7017562768056,0.051538029292343385,0.05577406740323125,17.08183196614847,6.04316709855547,11.811083182205719,4.120610382634084,16.475350472494092,4.334809957886076,18.593544950348594,4.11926731779002,19.203590663520053,4.412935182067414,31.193254470025792,10.542860882330515,33.135370316755505,6.96238859674893
original_mix,167.5,172.5,-325.3684387207031,78.03038024902344,148.42733764648438,47.31578063964844,6.642872333526611,36.19662857055664,24.97269058227539,31.873001098632812,10.047797203063965,29.70562171936035,12.410588264465332,15.868650436401367,-12.593828201293945,16.041595458984375,-0.39360976219177246,15.393412590026855,2.363478422164917,13.5773286819458,-9.007208824157715,13.844598770141602,-2.787067413330078,10.080260276794434,-2.3141865730285645,9.290146827697754,-6.4825873374938965,9.84647274017334,0.39967289566993713,0.32916486263275146,0.3330203592777252,0.4335247874259949,0.6088835597038269,0.4269402325153351,0.29393285512924194,0.29887309670448303,0.37256091833114624,0.35656192898750305,0.37075886130332947,0.43425416946411133,0.04968249155402944,0.04289280026087603,2066.528799561108,1793.1412069909366,2310.5744264716086,941.2843549977407,3612.781866299304,3023.3669868620573,0.056432170823665896,0.07075319288778276,16.035492134243277,5.540691038301861,12.371157841194796,4.285588053727894,16.976885355800814,4.2443960673490455,18.751074128624865,4.3165357096293295,19.00785286606464,4.043957111584416,26.517177813401226,7.863112603631409,32.87160852498273,8.203746556589858
original_mix,170.0,175.0,-321.6210021972656,72.02027130126953,157.38424682617188,46.234806060791016,8.58112621307373,34.76606750488281,10.549595832824707,39.2420539855957,-10.773575782775879,27.12944793701172,-2.40846586227417,19.761171340942383,-10.632171630859375,16.2374210357666,-7.242315292358398,14.017391204833984,-5.462030410766602,13.224372863769531,-12.9186372756958,16.04554557800293,-6.035810947418213,11.141654968261719,-2.7066550254821777,9.888124465942383,-4.100074291229248,12.824257850646973,0.32564425468444824,0.31383299827575684,0.36396729946136475,0.3594539165496826,0.46395739912986755,0.39319875836372375,0.3230207860469818,0.3289042115211487,0.2692178189754486,0.25141820311546326,0.25627970695495605,0.2899419367313385,0.0739192411675185,0.060079667789210846,1725.1969785576362,1487.0963744220078,1933.615360358658,927.7684541643645,2871.8098580698957,2560.662253068986,0.04800677022911833,0.05730136261296825,16.4078250908277,5.272067221764817,14.414871403662435,5.12971410842058,18.1058817911052,4.839139682068867,20.287251394770426,4.781180200354765,21.779260323772,5.230426388428337,28.06590385972576,8.887697219661492,32.653296797480536,8.603955135286329
original_mix,172.5,177.5,-315.77783203125,68.70357513427734,173.0390625,31.694358825683594,8.304082870483398,34.73613357543945,-1.376451849937439,26.6633243560791,-5.493749618530273,27.37562370300293,-3.3308732509613037,20.232036590576172,-11.663294792175293,17.95060920715332,3.0196080207824707,17.044025421142578,0.6079384684562683,15.29455280303955,-15.519387245178223,16.792285919189453,-7.763754367828369,11.188995361328125,-2.78482723236084,9.128546714782715,-5.549315452575684,12.821483612060547,0.39766570925712585,0.4273016154766083,0.4681965112686157,0.404652863740921,0.4271796643733978,0.3830535113811493,0.3164230287075043,0.31507283449172974,0.2770339846611023,0.2740606963634491,0.2612267732620239,0.32139909267425537,0.07894017472928022,0.05845152424298913,1492.2902349297624,932.5900245526855,1998.926111525597,1076.528713588196,2719.8284104915892,2383.390856998281,0.03427485136310905,0.020765089028064725,17.68016166727041,5.699663580824426,14.4976566252127,5.073447888455553,17.701459113166607,4.767543642949111,19.730351890076903,4.900146404709872,21.545430075771918,5.304065649221592,32.95438334010015,10.555044087969314,31.960412039349464,6.7605728311794495
original_mix,175.0,180.0,-326.5654602050781,77.18394470214844,178.27886962890625,42.8031120300293,1.0732557773590088,34.02640914916992,12.937643051147461,26.477720260620117,9.732494354248047,21.984695434570312,8.552081108093262,16.720958709716797,-16.13239288330078,16.81528663635254,14.796640396118164,14.44312858581543,8.080744743347168,12.723867416381836,-8.263182640075684,16.55044174194336,-1.150710940361023,10.653970718383789,-3.779188632965088,9.531502723693848,-7.761312484741211,9.589110374450684,0.475831001996994,0.45071300864219666,0.4692428708076477,0.5188713073730469,0.5825899243354797,0.4021659791469574,0.30062219500541687,0.3504330515861511,0.4062676429748535,0.3121143877506256,0.3662341833114624,0.49069616198539734,0.05047750355472697,0.03772340246029187,1829.6329061414635,1260.8846720377658,2447.832935248542,1053.0020393498164,3454.9549784295245,2833.687757877065,0.04233205843967518,0.038132961592164935,17.024810740933017,5.59485024531102,12.277004539904379,4.553311332506533,16.382447826194277,3.8312203569485064,19.403044717285177,4.763154144851474,19.01759938206155,4.27641062655705,31.48963991819429,10.35440684690238,32.07902495356742,5.634043039550199
original_mix,177.5,182.5,-331.829833984375,66.46123504638672,173.62855529785156,41.01061248779297,-2.2765746116638184,31.706151962280273,4.649442195892334,27.500078201293945,7.633807182312012,18.36067771911621,4.27842903137207,13.467203140258789,-19.98466682434082,15.2996244430542,-0.3440994918346405,18.888206481933594,-9.252942085266113,21.40806007385254,2.8003275394439697,12.611062049865723,1.1294504404067993,10.041994094848633,-5.178741455078125,8.001133918762207,-8.566852569580078,10.623791694641113,0.42024198174476624,0.3495434820652008,0.3954438269138336,0.387506365776062,0.41289883852005005,0.30290380120277405,0.30973735451698303,0.33251821994781494,0.3403533697128296,0.34225061535835266,0.3581730127334595,0.4409468472003937,0.048847070251204716,0.036612454681865234,1865.9721438009929,1356.286237972645,2427.678863011017,1012.3540330528599,3335.9478094185033,2883.2921313708,0.046000398781902554,0.044170655806887144,15.647035740307857,5.152728631906287,13.61844964962035,5.112806047084683,17.14178394944657,4.3208457209288476,20.689719954774283,4.605381690188267,20.027150063773576,4.716072595199471,27.626737589608283,8.536160923864,31.74692070948717,6.189170276385589
original_mix,180.0,185.0,-318.8515319824219,66.50889587402344,157.78868103027344,35.774898529052734,3.3242223262786865,33.354854583740234,-0.741661012172699,22.5455379486084,5.250340461730957,17.302326202392578,4.401911735534668,12.272256851196289,-18.73281478881836,15.264786720275879,-11.425792694091797,14.662467956542969,-16.467483520507812,19.24987030029297,1.990919589996338,13.4571533203125,-1.3067361116409302,11.077425003051758,-7.952718734741211,9.238646507263184,-12.637001991271973,10.08149528503418,0.4039449393749237,0.28440243005752563,0.27641040086746216,0.2895596921443939,0.3120114207267761,0.23720237612724304,0.2719583213329315,0.24631692469120026,0.31785091757774353,0.37023359537124634,0.39832228422164917,0.4519210159778595,0.06468265014862655,0.05353121279284266,1887.1237493273618,1519.9461760161819,2419.420605840543,1132.3823795592095,3336.047731474768,3169.4618840095277,0.04658724260440835,0.04634886022743367,16.91717419111326,5.703983139839434,14.819189243389047,5.054383045130052,18.47623314136359,5.076162773579568,21.133008813091994,4.5954373871017475,21.352032846516316,5.702154523279881,27.017599614193383,9.031408591860478,31.47408524572745,7.480810368873825
original_mix,182.5,187.5,-336.0739440917969,73.21945190429688,146.34690856933594,43.214786529541016,15.21843433380127,34.97018051147461,11.799019813537598,26.03955841064453,2.0893394947052,19.367755889892578,4.3454270362854,14.996454238891602,-15.848523139953613,13.58483600616455,-2.304339647293091,13.471453666687012,-1.9324285984039307,18.675546646118164,-2.0966007709503174,14.331708908081055,-1.486096978187561,12.405535697937012,-6.85652494430542,9.534029006958008,-10.95647144317627,9.862916946411133,0.37047120928764343,0.36494576930999756,0.2732108533382416,0.35520875453948975,0.4369319975376129,0.2541617155075073,0.1912924349308014,0.24171604216098785,0.49689170718193054,0.2952757179737091,0.3209773600101471,0.39236676692962646,0.05070804335877057,0.04962873935686963,2008.4344094448136,1724.5749566906707,2433.9148994522416,1255.3061232099856,3633.915381199246,3488.146194956614,0.0489244217662413,0.04785633800710861,17.348708242651345,5.997093157705289,13.381795766084464,4.3149017736957,18.61004323539961,4.652473491022786,22.402995880780356,5.687801275500428,20.829352765457003,5.46122659710981,27.45495898302837,8.736214906184008,30.780643654933996,8.392166734245492
original_mix,185.0,190.0,-362.58868408203125,80.93486022949219,168.41818237304688,53.457942962646484,4.251131057739258,35.577171325683594,14.85776424407959,28.521806716918945,4.144560813903809,19.331499099731445,7.954768657684326,16.121904373168945,-23.942150115966797,15.43035888671875,7.501370906829834,11.720148086547852,11.013717651367188,14.241209983825684,-11.813436508178711,17.836483001708984,-1.94057297706604,12.821903228759766,-4.391329288482666,10.713788986206055,-11.909648895263672,10.234028816223145,0.34545987844467163,0.4854499399662018,0.34897881746292114,0.3916797339916229,0.4920305013656616,0.3483814597129822,0.25511634349823,0.28958597779273987,0.5217705368995667,0.2764449417591095,0.22475779056549072,0.27822887897491455,0.03315066971995472,0.02273560509138968,2048.312019128041,1583.9728848807417,2499.5482383783306,1140.8012054097196,3709.25661162268,3191.9444108931025,0.04799883990719257,0.042644019813130596,17.13736266330671,5.977152118297742,12.893757021219129,4.132358552382073,17.972179086787882,3.9953893169930588,22.93845879674019,5.59012818516504,19.307023352149407,3.7232409529163752,28.717315536429275,9.846493515645285,31.572537103621077,7.219873659887497
original_mix,187.5,192.5,-356.96466064453125,74.50537109375,169.64158630371094,46.952369689941406,6.026049613952637,35.240150451660156,11.56473159790039,26.60342025756836,3.4989476203918457,19.395383834838867,7.882791042327881,12.78668212890625,-20.12567138671875,17.31734848022461,9.950311660766602,10.815129280090332,12.027905464172363,12.545628547668457,-10.547411918640137,16.194189071655273,-2.1450953483581543,11.80076789855957,-5.68162202835083,10.594464302062988,-12.071737289428711,9.603795051574707,0.35822808742523193,0.41105613112449646,0.33550530672073364,0.4036775529384613,0.38826125860214233,0.34628185629844666,0.3133925795555115,0.3494240641593933,0.5563927292823792,0.417859822511673,0.35420775413513184,0.3500502109527588,0.03257712236391661,0.02611796305538032,1945.4688936649181,1467.4952561262037,2487.8444452180715,1008.2524027935197,3465.3468722810326,2935.360719111007,0.046571381960556844,0.045352197183488284,15.921283619125704,5.272108256533708,12.954549961048551,4.222812911467478,17.226648478792345,3.980547519204196,21.206573634815022,4.780777778610029,19.00522807259279,3.5349768359679015,28.86440937772758,9.917262267074655,31.716884378157506,6.5414255179278085
original_mix,190.0,195.0,-345.5619201660156,78.29894256591797,166.5382843017578,51.14630889892578,4.47507381439209,31.95438003540039,16.82614517211914,29.301982879638672,6.4932990074157715,26.379297256469727,10.429725646972656,14.224359512329102,-16.147436141967773,15.75868034362793,6.346873760223389,11.092844009399414,4.918484210968018,12.099520683288574,-5.349301338195801,13.860665321350098,0.08684282749891281,10.74220085144043,-2.753986358642578,8.73787784576416,-11.170780181884766,12.156447410583496,0.33833789825439453,0.3388988673686981,0.3482285141944885,0.4308314025402069,0.3618610203266144,0.2817612886428833,0.29119351506233215,0.3657136857509613,0.6080139875411987,0.5421695113182068,0.4016802906990051,0.35875508189201355,0.034735284503678986,0.02616551101611212,2098.0529919403602,1662.1369165465655,2541.150662712768,1045.7250374622968,3747.8764863689094,3114.405404015018,0.05310143561484919,0.05536736761309589,15.169781093978454,4.724927667102488,12.44333859965507,4.256730219973988,17.519609004870517,4.080828287278535,19.54259744453922,4.809705943513163,19.054003708023625,3.75663177075099,26.877190748604175,7.590867029483327,31.62661402183061,7.4151820371064225
original_mix,192.5,197.5,-333.4402770996094,67.91238403320312,168.9560089111328,43.693782806396484,2.696197032928467,29.494483947753906,14.343883514404297,30.31462860107422,12.452055931091309,25.794166564941406,9.729283332824707,15.710057258605957,-14.835522651672363,14.726755142211914,1.8275679349899292,9.58686637878418,2.0876994132995605,11.311944961547852,-5.759249210357666,14.011343955993652,-1.0684154033660889,10.05975341796875,-0.515087366104126,7.448838233947754,-8.752561569213867,13.20754337310791,0.3181707561016083,0.358102947473526,0.3176223933696747,0.36551010608673096,0.418500155210495,0.27075085043907166,0.27279865741729736,0.30499839782714844,0.5017929673194885,0.609442949295044,0.37439244985580444,0.3349193036556244,0.0400582793516619,0.02844605838298948,1853.4342568327884,1410.876531950012,2338.7000671294327,904.5778929190822,3268.1506942430397,2548.880989474917,0.04560841429814385,0.047855573411947266,16.185083196495977,5.361665539493697,11.97295752732024,4.26665923409738,17.488023755893146,4.212368257954619,19.476593728980102,5.022024153636816,19.61966547218936,3.779533864977777,27.224589550211913,7.26560803413713,31.321577929490175,7.18656512425713
original_mix,195.0,200.0,-345.4245910644531,64.43228149414062,175.74656677246094,39.21250534057617,6.290855407714844,27.667503356933594,8.726238250732422,31.986055374145508,9.228631019592285,19.796524047851562,9.687230110168457,14.128480911254883,-11.975831031799316,12.357260704040527,2.8368449211120605,10.19780158996582,3.064741373062134,10.475184440612793,-4.671600341796875,10.426424026489258,-2.0365588665008545,10.136472702026367,-3.352111577987671,8.059109687805176,-7.611690998077393,10.468000411987305,0.35094067454338074,0.32751673460006714,0.29188695549964905,0.40064913034439087,0.4259137511253357,0.30440717935562134,0.3335520327091217,0.2766479253768921,0.37247738242149353,0.5352701544761658,0.434028297662735,0.435786634683609,0.03606577582112805,0.025947411814119036,1653.9137811947967,1222.2212069059583,2174.7357812861696,870.725995947393,2907.4320711281903,2323.186295350716,0.03963008446925754,0.037768656726200604,15.917243144567415,5.356944829862031,11.62626262409865,4.120822003704632,16.861354779275196,3.848049582132047,20.007977164504172,4.707542364893466,20.33878293049242,4.047734467081384,26.643855195637165,7.4210902157523835,30.36677495081071,6.970651137225682
original_mix,197.5,202.5,-419.8131103515625,93.69231414794922,174.0040740966797,42.95705795288086,14.871529579162598,25.27839469909668,-3.7965798377990723,30.483247756958008,2.3289637565612793,18.269929885864258,8.283231735229492,11.970147132873535,-8.980620384216309,10.50971794128418,3.103175163269043,9.718796730041504,2.7668240070343018,9.691642761230469,-3.833967924118042,8.53398323059082,-5.863301753997803,8.817612648010254,-6.929739475250244,8.583660125732422,-7.806647300720215,8.052322387695312,0.2846373915672302,0.1673506498336792,0.23077064752578735,0.501329779624939,0.314826637506485,0.27489736676216125,0.4179697334766388,0.22596828639507294,0.17858688533306122,0.27787917852401733,0.35788097977638245,0.579126238822937,0.020621716203935134,0.018764625951929622,1576.6818514268668,1372.420881219463,2021.8270373499192,976.256581960235,2660.4747090704755,2701.6698272998383,0.04771334831786543,0.040716238040578195,15.20980670882938,5.1885653408111105,11.410749191290543,3.736029959994075,16.013770470438335,3.655072692410982,21.63674509156357,4.702743777756958,24.2027925141169,6.1552807223616615,27.409219765858882,6.939781744479518,24.908675401042256,8.179345356544168
original_mix,200.0,203.3550113378685,-561.0679321289062,80.0815658569336,210.43067932128906,29.304954528808594,22.882551193237305,26.13801383972168,-22.773523330688477,16.722579956054688,0.6294403672218323,12.06069278717041,5.02279806137085,9.447304725646973,-6.391170501708984,11.822325706481934,-0.2780398428440094,8.779813766479492,0.9674146175384521,10.655919075012207,-3.670135498046875,7.154508590698242,-5.083414077758789,9.014204025268555,-5.157119274139404,8.006260871887207,-10.07996654510498,7.509222030639648,0.2534661293029785,0.06901221722364426,0.13539275527000427,0.41581255197525024,0.15197665989398956,0.1868244856595993,0.4776618182659149,0.19988475739955902,0.07574745267629623,0.14109556376934052,0.2901747524738312,0.6758922934532166,0.006978170235663859,0.006378056572529389,1261.901423003989,1025.2253439410674,1943.3897636418676,832.1366297147474,1920.8511299740485,2225.759913606344,0.04311912035034602,0.029192578889175376,15.767541793910077,5.499728818400024,11.387293142739065,2.98779897997315,15.922714816056702,3.636797702764497,23.765258670726375,4.13040291984302,28.29398297766861,5.37157770148886,24.908453342535477,7.307298889147977,18.69155570950627,4.728775875589668
original_mix,202.5,203.3550113378685,-676.3763427734375,25.153202056884766,229.72561645507812,14.968685150146484,52.917301177978516,12.1980619430542,-27.9475154876709,10.385013580322266,-1.382997989654541,4.511501312255859,16.188852310180664,5.144166469573975,-1.1339854001998901,6.432517051696777,-6.775323390960693,3.8371946811676025,-10.876484870910645,5.492576599121094,-0.471089243888855,5.698297500610352,-2.106558322906494,5.373881816864014,-1.1731454133987427,3.310391902923584,-18.044008255004883,4.70390510559082,0.5189601182937622,0.1439928412437439,0.06437527388334274,0.18618038296699524,0.1352332979440689,0.22498102486133575,0.6818099021911621,0.3347010612487793,0.08090221136808395,0.15893034636974335,0.4317977726459503,0.7781801819801331,0.002570559461034734,0.0002848148424225262,1030.892810702828,286.7771264926512,2286.842384987839,402.9954825291084,1317.5992398648648,713.7514461041478,0.02393237964527027,0.003456860175140591,16.971704312701778,3.9685400645332303,11.523256157675938,2.9967895663867434,16.156375212858368,3.1288749504996236,23.46689870933873,3.115629406100213,29.932041637078843,3.4082895735376924,15.634847177827506,2.992617049653718,15.552067120637355,2.1902607800278355
vocals,0.0,5.0,-386.37615966796875,113.25358581542969,100.16189575195312,62.035430908203125,15.947247505187988,32.76760482788086,24.333744049072266,26.372028350830078,11.22586727142334,16.906320571899414,8.703855514526367,18.738733291625977,-8.092060089111328,20.31043815612793,1.0944280624389648,21.865968704223633,-1.0657259225845337,14.732973098754883,-3.9858734607696533,12.81705379486084,-4.805289268493652,15.592559814453125,-7.144836902618408,15.245097160339355,-3.5174999237060547,12.303323745727539,0.49013999104499817,0.4925776422023773,0.4888605773448944,0.5155884027481079,0.5232554078102112,0.49886518716812134,0.48294946551322937,0.4909991919994354,0.5053472518920898,0.4646468460559845,0.4514878988265991,0.48686304688453674,0.03778471148637789,0.047764366116364074,2317.4279218655934,2115.8198671334053,3052.269706148418,1366.9714082977787,4059.3335357453598,4283.960254999586,0.06056613435324826,0.07211084218617353,13.027852597733718,5.769223297774827,10.896612492190243,4.885249927406695,15.014491866633042,5.739697393902653,15.627528151208832,4.342367219332426,16.395768052078715,3.494241340564041,19.334274979727045,4.503493929880408,28.334402000571462,5.071972425806292
vocals,2.5,7.5,-376.2899475097656,110.81021118164062,90.54009246826172,64.2643814086914,3.137672185897827,31.159564971923828,24.568937301635742,30.839414596557617,10.943863868713379,16.826095581054688,8.360063552856445,19.441253662109375,-11.506542205810547,17.12621307373047,-0.5289875864982605,22.44926643371582,-3.613849639892578,13.400259017944336,-6.910482883453369,12.356801986694336,-8.784539222717285,14.545609474182129,-10.58956527709961,12.50285816192627,-7.370828628540039,9.713871955871582,0.445390522480011,0.4673958122730255,0.4457758665084839,0.44606417417526245,0.4527653455734253,0.41825345158576965,0.39850056171417236,0.42018818855285645,0.4699740409851074,0.4712536334991455,0.41780713200569153,0.4258081912994385,0.03586756508261113,0.041639846346937424,3102.028386462001,2055.659133926211,3381.484261403323,1272.7213786353586,5728.4815246157195,3871.3588850155083,0.08638046512470998,0.08020185533535869,13.338642399949777,6.33058803663353,11.16180965815964,4.957743283174027,15.980835879300615,5.887306678243502,15.666439012912486,4.272174121011734,16.9537687680251,4.0805075885799,19.443813294189887,4.483604728654849,28.885822568988004,5.698529526734159
vocals,5.0,10.0,-450.031982421875,127.84599304199219,86.74456024169922,66.41260528564453,2.61381196975708,35.719703674316406,29.24378776550293,27.07724380493164,11.422295570373535,24.52448844909668,10.930939674377441,21.066125869750977,-7.170807838439941,18.357006072998047,9.411568641662598,19.932565689086914,0.4415043890476227,12.275199890136719,-4.9541192054748535,13.42977237701416,-4.3068413734436035,12.696770668029785,-7.059953689575195,11.233477592468262,-5.011102676391602,8.894556999206543,0.5126572251319885,0.5112609267234802,0.47149956226348877,0.465898334980011,0.4770491123199463,0.4304485321044922,0.39895835518836975,0.4465760886669159,0.510048508644104,0.5539852976799011,0.482444703578949,0.4732692837715149,0.021509191822033053,0.029082615447853694,3320.379604779664,2017.9649236151283,3740.649873856854,1283.5828472344808,6289.493909512761,4015.1519353580857,0.10121130002900232,0.09454591126921537,13.342421338917436,6.252175079921502,10.239707070827569,4.264952789177049,16.056144282202858,5.519091733102786,16.47262900817243,4.564026767208827,16.71653777063219,3.441786577380087,19.588250542640647,4.5870130878009165,27.960789414782035,5.780877602347437
vocals,7.5,12.5,-435.4478759765625,114.46640014648438,71.87831115722656,72.13623809814453,10.359122276306152,33.3264045715332,19.80129623413086,22.5942325592041,9.166610717773438,22.273452758789062,7.564480304718018,20.07114601135254,-5.8035125732421875,17.170080184936523,8.28233528137207,18.65486717224121,2.4149062633514404,13.077659606933594,-7.809520244598389,12.543542861938477,-4.968655586242676,11.332804679870605,-6.2662458419799805,10.775891304016113,-5.539760589599609,9.984660148620605,0.4434893727302551,0.42548421025276184,0.39045262336730957,0.3877636790275574,0.4232475459575653,0.4755822420120239,0.3827987313270569,0.3620585501194,0.4183574914932251,0.5039704442024231,0.48354607820510864,0.4349108636379242,0.027068313027429826,0.04171061396323791,3618.26178928836,2474.7088407612596,4424.002647526929,2248.1805385409157,8147.644467807425,7008.073627374858,0.1706186104263341,0.1970150682734001,14.281863214942424,6.001079637675585,11.030116008459014,4.52253668841634,16.751466583666314,5.162205013888345,17.44477758329987,4.876671376084391,17.65032572640534,3.6294510450218374,20.744227212636904,6.068210994561455,27.946653592239713,5.384098586693934
vocals,10.0,15.0,-393.28509521484375,118.29019165039062,89.90904235839844,76.86529541015625,6.972655296325684,32.12437438964844,17.086965560913086,24.89950942993164,5.690420627593994,25.797340393066406,12.555496215820312,21.536928176879883,-1.4084254503250122,15.44089412689209,20.665603637695312,19.39113426208496,7.210117816925049,12.648298263549805,-8.395648956298828,14.8223295211792,-3.820202589035034,11.159754753112793,-5.49954891204834,9.346122741699219,-3.1405577659606934,12.374274253845215,0.4474593997001648,0.44745320081710815,0.4181143045425415,0.42331722378730774,0.43382060527801514,0.47577720880508423,0.39149340987205505,0.3680233061313629,0.4097270965576172,0.47984424233436584,0.480624794960022,0.4442996382713318,0.03606764419929296,0.04297966099176149,3588.702095968554,2563.642814901368,4273.971647735875,2233.63487728466,8044.874632939385,6940.506895627137,0.16126309636020883,0.20086609742104064,14.611564593367838,5.535991302868806,11.317208226005704,4.773343685702759,16.3348653697113,5.420817536122472,16.666234312735913,4.585478736295871,18.494088197780325,3.5700930507920394,23.06388342965856,6.6691044466589995,29.58863924633518,5.25789224863654
vocals,12.5,17.5,-352.8998107910156,79.80790710449219,101.02267456054688,67.07681274414062,11.038856506347656,36.267032623291016,27.27702522277832,31.242591857910156,10.132975578308105,31.20282554626465,19.711933135986328,23.11985969543457,-2.002487897872925,14.975987434387207,25.172515869140625,16.45500373840332,7.594365119934082,12.160863876342773,-11.386449813842773,15.451055526733398,-4.5055646896362305,11.630996704101562,-8.50879955291748,11.245939254760742,-3.758420467376709,12.977742195129395,0.46717971563339233,0.46796873211860657,0.47929152846336365,0.46727272868156433,0.4572029113769531,0.4457382261753082,0.39728647470474243,0.3657286763191223,0.4028899073600769,0.3978612422943115,0.4168883264064789,0.44958263635635376,0.04213031122932025,0.040254801824859875,3269.0591449774856,2459.8541190836786,3492.888890671589,1103.0408412921163,6037.340600529293,4233.233895692831,0.08710325732308585,0.10630648366820858,14.449665202241691,5.14286597151482,11.451038675893367,5.097227636549597,17.66746170322295,5.699381102587152,15.905622267459322,4.585046553208549,18.81671866848694,3.4728241963934194,23.86404020322916,5.638809058644773,31.476173190148295,5.198650272302263
vocals,15.0,20.0,-371.1434631347656,104.4413833618164,92.60456085205078,64.72811126708984,12.695695877075195,35.424072265625,32.07575225830078,29.259815216064453,16.51192855834961,24.764150619506836,19.59238624572754,20.81793212890625,-3.1090211868286133,15.989519119262695,19.158994674682617,13.3795166015625,7.640199184417725,12.71703815460205,-11.539409637451172,16.254919052124023,-2.0354318618774414,11.429950714111328,-3.2946789264678955,12.08281421661377,-3.0606882572174072,12.096245765686035,0.44182392954826355,0.4664837419986725,0.4978519380092621,0.5140398740768433,0.5113739371299744,0.528314471244812,0.49179956316947937,0.4325715899467468,0.42419397830963135,0.4289688169956207,0.3955850601196289,0.40725240111351013,0.041763808204461024,0.04536055974343326,2987.217778224351,2210.292254165566,3595.510621788353,1093.4364041957213,5566.258066270301,4173.935934813042,0.0698355477813225,0.08756113116348005,13.977230470010245,5.106543591124256,11.50762987680018,5.001264592172683,16.890838082762087,5.779921740039091,15.69542136449634,4.488484801882983,18.84529992320764,3.72293414757364,22.62875667314936,5.474854846821752,30.47057362018932,5.796912432410524
vocals,17.5,22.5,-368.422119140625,108.87666320800781,101.1504135131836,62.90382766723633,14.87612247467041,35.13576126098633,24.377531051635742,23.289302825927734,14.389691352844238,22.33891487121582,15.82060718536377,21.658971786499023,-5.534933090209961,17.241609573364258,11.914398193359375,14.828813552856445,6.405155658721924,11.798644065856934,-8.253305435180664,16.122591018676758,1.3988269567489624,10.654783248901367,2.323234796524048,9.551281929016113,0.10938172787427902,10.655054092407227,0.45690783858299255,0.463382363319397,0.4735424518585205,0.5106977820396423,0.5688028335571289,0.5906895399093628,0.5438252687454224,0.5067608952522278,0.5044198632240295,0.4840204119682312,0.47728878259658813,0.4614051878452301,0.03783195232935363,0.045202995928237316,2701.0180875440433,1987.702402955357,3578.413632649736,1186.5584904951002,5131.097511238399,4225.909619483489,0.05841361840197216,0.07059301191938716,13.364814768548674,5.118089968569758,11.073689919773175,4.678857798445699,14.671046298035344,4.928166700025048,16.2514844217431,4.2662865064770825,17.421696463671857,3.4658159964051483,22.88271197011631,5.982434694811351,29.61960516097163,5.597923380085185
vocals,20.0,25.0,-344.8547668457031,83.79015350341797,102.95357513427734,67.18089294433594,14.448858261108398,42.95646667480469,26.735280990600586,27.00975799560547,11.903260231018066,23.11057472229004,12.433412551879883,21.954723358154297,-5.471706867218018,16.691429138183594,1.4962294101715088,14.988144874572754,3.466285467147827,10.863341331481934,-5.43876314163208,12.763428688049316,-2.610806703567505,10.520974159240723,-1.029894471168518,10.03754711151123,-3.4936490058898926,10.857230186462402,0.4716709852218628,0.45775899291038513,0.4429141879081726,0.4615287482738495,0.4788637161254883,0.46501442790031433,0.40962645411491394,0.3804503381252289,0.4302423298358917,0.4660906493663788,0.5232872366905212,0.5005398988723755,0.03926098823729414,0.04865632930707278,2842.7233715725397,2159.509198958353,3361.7263661368524,1199.6258743483936,5167.119412521752,4181.158028984904,0.07243329466357308,0.08180728077651131,14.12065341558671,5.8327021142359285,11.858486922923209,5.157523476280715,15.34039690707292,4.9885060376853465,17.644993033231646,4.660553544504418,17.16350535510784,3.254495183401347,21.8952731872754,5.765637979183055,30.820844764413707,5.43143680641716
vocals,22.5,27.5,-365.10430908203125,86.08206939697266,90.49604034423828,67.77806854248047,17.884185791015625,41.68811798095703,36.97797775268555,27.666748046875,14.950450897216797,22.590620040893555,12.558172225952148,18.173072814941406,1.6278877258300781,15.695053100585938,6.2384490966796875,16.415637969970703,5.316286087036133,12.060298919677734,-4.198779582977295,11.725881576538086,-5.02130651473999,10.11513614654541,-4.246333122253418,9.300236701965332,-6.581413745880127,10.189022064208984,0.45881953835487366,0.4623279273509979,0.4661838114261627,0.4677830636501312,0.43297556042671204,0.38017401099205017,0.3611338436603546,0.38096559047698975,0.42836660146713257,0.4618762731552124,0.4934540092945099,0.47823479771614075,0.034380190588994136,0.036937478925417114,2789.6644437731075,2124.466074372141,3428.918507759558,1193.3857496891935,5104.967893525232,4175.329326659692,0.06701801769141531,0.08092155566206267,15.208338307935083,5.599138116305645,13.098498926071478,4.938479657467778,16.88316327268939,5.19741548597363,17.403563633435294,4.786566448175856,16.981580950900728,3.3117818957749434,20.380755903375245,4.915070670016834,30.457876194804715,5.719867872812726
vocals,25.0,30.0,-397.4556579589844,102.66923522949219,112.47300720214844,62.351829528808594,13.014152526855469,38.98735427856445,40.833744049072266,23.117956161499023,6.659617900848389,24.640594482421875,13.182025909423828,19.83987808227539,0.619778573513031,14.478253364562988,16.452730178833008,14.59850788116455,9.625150680541992,14.495512962341309,-4.900087356567383,11.154882431030273,-5.3043012619018555,12.301690101623535,-1.9274202585220337,10.26868724822998,-6.980851650238037,11.769888877868652,0.4257265031337738,0.44542187452316284,0.49846380949020386,0.4810783267021179,0.4624531865119934,0.4741344451904297,0.4637206196784973,0.4578469395637512,0.4435998201370239,0.40515491366386414,0.39751720428466797,0.4087027311325073,0.029202495532727794,0.02493471522106516,2829.97361071745,2078.5750274974494,3505.5809705045694,1137.6889020538786,5333.039986948956,4136.398692512392,0.06361251087587007,0.07545555710658096,14.080716535799866,4.6451730203742425,12.624716640019678,5.1491137468185375,16.384264132282766,4.841298154603558,16.86716006204303,4.7492228848718625,16.76530048567895,3.2421453221613907,19.505927664227354,4.564573134763994,29.905726452036465,4.984084504163364
vocals,27.5,32.5,-385.190185546875,95.3232650756836,100.2177734375,61.09660339355469,8.410079956054688,41.22407913208008,38.65602493286133,29.66812515258789,12.704214096069336,27.33671760559082,13.466121673583984,21.909439086914062,-3.529945135116577,16.78800392150879,4.157301425933838,16.9121036529541,5.166373252868652,16.347150802612305,-5.135498523712158,11.263232231140137,-8.176858901977539,12.421191215515137,-0.3939736485481262,9.340997695922852,-5.976611137390137,11.95664119720459,0.428669273853302,0.3986857533454895,0.42525938153266907,0.46393629908561707,0.4397904574871063,0.45396050810813904,0.44867756962776184,0.4667322635650635,0.48186761140823364,0.41685351729393005,0.40666934847831726,0.4085384011268616,0.03268599155953337,0.035345720278119656,3124.982534269198,2020.6721989395428,3496.3990060958185,1018.7375608775634,5842.242785672854,3904.3825548688087,0.0729464997824826,0.07286882396491945,14.007848039407513,4.822653213248759,12.236642580693685,5.275534791444314,16.540234024076913,4.906066633456426,16.594439706743426,4.818392556980562,17.253718874845205,3.4639295182229293,19.309942727702705,4.2761617131309615,30.186622214616573,5.423332472780045
vocals,30.0,35.0,-396.2762145996094,103.1491470336914,101.63228607177734,60.940757751464844,3.767951250076294,38.50947952270508,35.6115837097168,32.8736457824707,24.114013671875,24.462717056274414,19.95656967163086,19.309736251831055,-5.87092399597168,17.844072341918945,-4.470132350921631,13.869667053222656,-0.7184537649154663,13.422947883605957,-9.336858749389648,12.814387321472168,-8.704446792602539,10.952549934387207,-1.3406891822814941,9.044193267822266,-6.682861804962158,11.81578254699707,0.40402504801750183,0.39065253734588623,0.4376324713230133,0.42140430212020874,0.4019549787044525,0.39645928144454956,0.42211684584617615,0.4821363389492035,0.4785624146461487,0.44489070773124695,0.47412195801734924,0.4501287043094635,0.033360350656033044,0.03711110624043727,2850.789333472912,1714.032246962033,3377.9943829908552,974.1073544002365,5465.236867386891,3443.6061626430164,0.06315481801044083,0.06035612282701356,15.134766242827489,5.4064002635102595,12.331545895824718,5.379477380291399,17.264385115933173,5.248417965480164,16.099808311055614,4.587380036275524,17.55468392202129,3.4461659438035337,20.81185642875606,4.913817176506479,29.432312067741496,5.001579526662651
vocals,32.5,37.5,-398.492431640625,89.81061553955078,127.41084289550781,54.34600067138672,6.774244785308838,35.48387908935547,30.680662155151367,27.824026107788086,21.885984420776367,23.573450088500977,22.80568504333496,17.572917938232422,-3.2757322788238525,15.532501220703125,-2.045884609222412,13.133540153503418,1.1701534986495972,12.173491477966309,-10.163674354553223,11.405285835266113,-7.282965660095215,9.181561470031738,-3.3870415687561035,9.06179141998291,-7.434088706970215,10.465435028076172,0.42456018924713135,0.42542564868927,0.4480918347835541,0.5236587524414062,0.5004411935806274,0.42081353068351746,0.3875441551208496,0.39406314492225647,0.4654223322868347,0.4740533232688904,0.4552677869796753,0.44797325134277344,0.02772892011073472,0.02646643844333212,2354.3615175933655,1543.8380053489948,3073.4059807984095,990.0568865968158,4534.41295225493,3183.7796855379897,0.04954865139211137,0.04829202356721547,14.334033838381595,5.572616207104713,11.509599039360493,5.059089322938589,17.19416451974578,4.977655482702528,15.420900517603004,4.133608697090136,17.091831163154215,2.925781622354186,20.588564167556832,5.227015424797905,28.978698934507758,4.206122334654531
vocals,35.0,40.0,-462.035888671875,105.31420135498047,99.65946960449219,70.90621185302734,19.359275817871094,31.975191116333008,23.751314163208008,24.852828979492188,10.171693801879883,26.616300582885742,10.492218971252441,24.38880157470703,-2.9886250495910645,11.794981956481934,4.944510459899902,14.08055591583252,7.021347522735596,14.416814804077148,-2.786681652069092,11.137059211730957,-5.6234917640686035,9.781391143798828,-3.1881632804870605,7.626642227172852,-6.357766151428223,9.051848411560059,0.4280059039592743,0.41252872347831726,0.41603899002075195,0.4974425435066223,0.5090522766113281,0.5056849718093872,0.3953250050544739,0.3822295367717743,0.4378538131713867,0.5041616559028625,0.4705217182636261,0.4329708516597748,0.017338669024028502,0.020179270272492885,3716.6840665103823,3222.6666567433413,4038.7287950487657,2079.613498752478,7496.152660962877,6823.94378870127,0.10323126631380511,0.13968624367016985,13.79134536501982,4.9567325255008186,10.11904675719392,3.93190404946232,15.79199144328305,5.044111461747603,16.96680208121268,5.448219059914465,17.016748674843377,3.294473405430909,19.717375400552754,4.592839736848991,27.266057340167098,4.666768247868456
vocals,37.5,42.5,-428.9380798339844,141.67637634277344,105.28125762939453,75.46865844726562,4.277770519256592,35.23341369628906,23.923152923583984,22.058496475219727,1.4038816690444946,23.003393173217773,8.739623069763184,24.43307113647461,-8.560881614685059,14.498347282409668,5.7691264152526855,13.315237998962402,10.813164710998535,14.563803672790527,-5.4698262214660645,13.337162017822266,-4.40472412109375,11.476293563842773,-3.592341899871826,9.478684425354004,-10.026693344116211,10.567724227905273,0.45009562373161316,0.4142650365829468,0.3848288655281067,0.43130457401275635,0.4142494201660156,0.46813932061195374,0.38395336270332336,0.34847211837768555,0.3729827105998993,0.4519398510456085,0.442717581987381,0.43242529034614563,0.02963423647089192,0.031177493959990813,3936.426595382833,3239.6181335289325,4062.510131482485,2076.821534108531,7837.236600021752,6759.440917705663,0.1138658280162413,0.14655633110969102,15.315814782037943,4.578220981553516,11.438518362249743,4.738342358386951,15.540653813564454,5.254382690261951,17.37506097759768,5.338689569364517,16.617148239366102,3.621200161116354,20.417070084097524,5.783432068503361,28.89328715918216,5.849138574632815
vocals,40.0,45.0,-356.8786315917969,102.19231414794922,135.90386962890625,55.8158073425293,1.1483405828475952,35.14378356933594,33.81270980834961,23.709430694580078,12.2884521484375,25.523082733154297,21.068008422851562,17.306171417236328,-13.063465118408203,15.295428276062012,3.353663921356201,12.120665550231934,8.19017219543457,12.993719100952148,-11.708882331848145,11.600934028625488,-1.888260006904602,11.46229362487793,-3.385014772415161,11.200271606445312,-10.717449188232422,11.05353832244873,0.41224732995033264,0.3979499638080597,0.42180752754211426,0.4437485635280609,0.42488420009613037,0.3996521234512329,0.39087986946105957,0.3776772618293762,0.421880304813385,0.4226986765861511,0.3860630393028259,0.3856285512447357,0.04091852119460155,0.030237427688298794,2596.851549934503,2021.7580734950168,3130.07153110582,1113.0412124017284,4902.47584650522,3850.374022936267,0.062081958744199535,0.08287499357249423,14.990994364763258,4.964992569737827,12.65042807802445,4.874245477312851,16.452426145343512,5.294451083183228,16.05139873297495,4.298154803660815,16.75168073016315,3.4462218005988574,21.88356798003752,6.12027421485211,30.923395290598037,5.092915274239078
vocals,42.5,47.5,-409.82537841796875,102.85460662841797,113.83114624023438,62.395748138427734,15.619573593139648,39.2293586730957,29.290307998657227,31.082229614257812,22.369497299194336,28.663759231567383,17.453510284423828,18.929182052612305,-8.138416290283203,15.227785110473633,6.452422618865967,12.282208442687988,9.942845344543457,11.647528648376465,-5.633681297302246,12.729324340820312,-1.096482515335083,11.411380767822266,-1.98455011844635,10.190088272094727,-7.671103000640869,11.93115520477295,0.40934354066848755,0.41914838552474976,0.4466201663017273,0.4717397391796112,0.44953101873397827,0.4179662764072418,0.4056679606437683,0.41729310154914856,0.4547242224216461,0.47873353958129883,0.42977580428123474,0.4036223590373993,0.02842973711379245,0.028460608640665054,2291.10301398406,1748.5876569259558,3120.2209882160923,1149.3507695333542,4287.905239450406,3520.0126496891667,0.05107580481438515,0.062385157758054983,14.381712646611671,5.142007626296093,11.908931387543113,5.101365110583178,16.662376023321592,5.331897552569038,16.239181362386486,5.060246496626538,17.592130870379336,3.5266554752167933,23.110075399371393,5.791721487198428,28.50064069482196,4.9943433749866175
vocals,45.0,50.0,-428.2857360839844,94.96009826660156,115.74894714355469,62.15665817260742,20.73017120361328,40.380733489990234,25.2436466217041,28.553476333618164,19.640892028808594,31.252779006958008,13.28279972076416,20.232513427734375,-6.937005996704102,17.039649963378906,8.530301094055176,13.8648042678833,14.905474662780762,13.214447975158691,-2.764319896697998,12.796598434448242,-5.010176658630371,13.325942993164062,-3.9588558673858643,10.378304481506348,-9.588407516479492,11.537578582763672,0.44193658232688904,0.41354647278785706,0.4106593728065491,0.39494630694389343,0.37480875849723816,0.3744350075721741,0.4319162666797638,0.4899490177631378,0.5231080651283264,0.48916757106781006,0.4702327847480774,0.46565136313438416,0.027017745532976246,0.029320087105193737,2056.45597325736,1784.7893195851395,2986.1913953971575,1182.2557375131519,3713.1535718169953,3429.790571950801,0.045855387180974476,0.06822712081926162,15.419148125778259,5.031012456895959,12.038905598170954,5.1271567455048634,17.118247332224946,5.51295083905515,17.36603902195261,5.392907191117515,18.17555519967963,3.5398120099895523,23.493329523398426,5.843335918406987,27.9043334335414,4.981513498930982
vocals,47.5,52.5,-419.91375732421875,104.61408996582031,118.2320556640625,63.10032653808594,21.4007568359375,40.39102554321289,22.766592025756836,23.799705505371094,7.96925687789917,25.312759399414062,7.202920913696289,20.96884536743164,-6.895308494567871,17.516620635986328,8.199024200439453,14.483968734741211,14.00969123840332,13.742860794067383,-2.7110700607299805,13.465224266052246,-4.363375663757324,12.679102897644043,-3.336233377456665,11.425505638122559,-9.024288177490234,10.612676620483398,0.48911553621292114,0.45322999358177185,0.4155072271823883,0.40134698152542114,0.3985809087753296,0.3991137444972992,0.39282360672950745,0.4462888836860657,0.5025501251220703,0.45226073265075684,0.450318843126297,0.46995946764945984,0.027890448903474117,0.028192499532783223,2365.8572242624255,2015.7418256431927,3219.7092257986787,1451.12813148299,4435.090428328016,4230.830554800742,0.06570951457366589,0.08969440728951046,14.884951590244471,4.9450317789753715,12.024934239476911,5.229869906404523,16.642711898262945,5.1687714369557325,18.654772876481097,5.221699601881287,17.922890393620914,3.365307462022418,22.794748562131293,5.606013142978165,28.168304476215116,5.013044807224948
vocals,50.0,55.0,-380.10943603515625,117.0360336303711,111.88729858398438,67.74391174316406,9.807364463806152,40.70478820800781,23.907915115356445,28.11870765686035,7.923440456390381,22.25249481201172,11.643113136291504,21.954683303833008,-9.658672332763672,19.092403411865234,6.894859790802002,13.181588172912598,11.969278335571289,13.703030586242676,-5.020190715789795,13.973013877868652,-4.282485008239746,13.371271133422852,-1.139288067817688,11.424976348876953,-10.994285583496094,11.424810409545898,0.4415545165538788,0.43130797147750854,0.4197811782360077,0.4046919643878937,0.4226004183292389,0.40128952264785767,0.3707022964954376,0.4284033477306366,0.4564291834831238,0.41331762075424194,0.4111577272415161,0.4420401155948639,0.03957088080978222,0.04273627320349014,2751.146007818931,2083.186166366075,3368.9554331937275,1416.7419085992055,5146.085819678075,4284.679077079091,0.07436942611658932,0.09051273214799922,14.805031553698427,4.745915524936219,12.899729245825563,5.422038750502464,16.79167969680259,5.1359180535659785,18.244679341967615,5.2930083033911455,17.624479628342765,3.557506923745754,24.238729244239302,7.135323908138254,30.04180624826503,5.893383657841504
vocals,52.5,57.5,-360.30023193359375,98.76350402832031,113.85549926757812,65.19283294677734,8.076766967773438,35.586631774902344,31.068056106567383,29.329561233520508,11.743562698364258,28.62995147705078,15.763628959655762,20.876211166381836,-7.509711742401123,19.630226135253906,11.24241828918457,13.549399375915527,14.288003921508789,14.602530479431152,-6.183553695678711,14.230710983276367,-7.457685470581055,13.3908109664917,-2.2815632820129395,10.8485746383667,-13.438082695007324,11.809386253356934,0.4547503590583801,0.4306761622428894,0.4347699284553528,0.4066926836967468,0.36420732736587524,0.3651465177536011,0.37421658635139465,0.3730866014957428,0.42875513434410095,0.4753791391849518,0.4665239155292511,0.44843608140945435,0.042728941517573046,0.042020312426699756,2800.2619668389466,2194.8018433599505,3225.8329156925747,1033.803140027787,5032.124714508411,3810.677852119286,0.06632468097447795,0.0871503207526101,15.290477240502586,5.96081655523149,13.030680449355849,5.614613624052682,17.69787190770442,5.186080035019838,16.63455021702765,4.840117169788354,17.863887605388765,3.6298402435787667,24.397434962269184,7.120011035536978,31.09128596944205,5.386119703022976
vocals,55.0,60.0,-382.6968994140625,89.28231048583984,129.8178253173828,66.5880126953125,6.242934226989746,32.75351333618164,26.721738815307617,30.975343704223633,10.572270393371582,29.080427169799805,13.136669158935547,24.78119468688965,-7.268490791320801,20.184825897216797,10.73605728149414,14.62972354888916,17.144550323486328,14.622452735900879,-5.503635406494141,13.988856315612793,-6.0266571044921875,11.636300086975098,-2.03769850730896,10.371973037719727,-13.724806785583496,13.909380912780762,0.47696107625961304,0.4723360240459442,0.4670655131340027,0.44966989755630493,0.38054972887039185,0.38037535548210144,0.3853318989276886,0.37268298864364624,0.39872604608535767,0.44905731081962585,0.45728304982185364,0.44457200169563293,0.03725880620841222,0.033381644552360354,2429.3462928389417,1935.4536883971239,2953.249649696927,967.0009844702238,4329.472814856438,3336.0037211400754,0.05796838747099768,0.07521415396063734,15.38316490414005,6.025698456235773,12.26592609936398,5.451557597120735,17.26744205429502,5.5116670690685385,17.413194846509654,5.352479064960611,17.956741746793774,3.5682445566200003,23.36976121892302,6.51290232896428,29.726123299955727,4.966367201744389
vocals,57.5,62.5,-401.08203125,102.50008392333984,129.5008544921875,64.86090850830078,12.274237632751465,35.03025436401367,14.926047325134277,25.52452850341797,1.1880137920379639,26.797115325927734,6.44064474105835,24.127920150756836,-9.428369522094727,20.37238311767578,7.884527683258057,13.04507827758789,15.276942253112793,14.923296928405762,-4.076407432556152,13.238409042358398,-2.9138405323028564,13.080288887023926,-0.006623412016779184,9.512940406799316,-9.845216751098633,13.862687110900879,0.454130083322525,0.4543116092681885,0.4467305541038513,0.4375756084918976,0.37792229652404785,0.4030851423740387,0.46084022521972656,0.44577664136886597,0.4679526090621948,0.4721786677837372,0.44479137659072876,0.42971596121788025,0.033555119869130685,0.034282248642355,2363.2156662136485,1915.778788926646,2953.78500640152,1082.5664528259683,4167.199395482889,3400.5231869038535,0.060218333091647334,0.07435938322600716,14.89089829809809,6.295957915606183,11.933094511024477,5.588931961540672,16.045248927049983,5.736425094239427,17.875888799763008,5.557868879276563,17.831415882278463,3.4668596751461243,23.373346449995964,5.837977525576428,29.062271225347924,5.139120408274251
vocals,60.0,65.0,-404.8136291503906,106.54623413085938,106.00650024414062,71.86280059814453,10.511716842651367,34.731285095214844,22.96963882446289,26.933250427246094,1.2839678525924683,27.02040672302246,11.576333045959473,23.788022994995117,-4.610097885131836,19.571123123168945,9.800373077392578,10.742514610290527,12.020415306091309,13.978578567504883,-1.88838529586792,14.310226440429688,-3.5693793296813965,13.122886657714844,-1.6766958236694336,10.068294525146484,-9.336939811706543,11.827898025512695,0.4276762306690216,0.4726339876651764,0.5095359086990356,0.5147173404693604,0.4223026633262634,0.4040505886077881,0.4724330008029938,0.4290284812450409,0.41803887486457825,0.4031309187412262,0.3823615312576294,0.3804146349430084,0.029477196963009124,0.03016391644740598,3054.5899031039785,2451.523534380087,3323.369492011803,1115.091095808028,5383.400703306264,4083.4342565495517,0.08518298651392112,0.09963370408848114,14.54573882215229,6.32796270960683,11.803856253639625,5.4889821816561435,16.196383251081066,5.490750713726503,17.692623439508544,5.211932804668667,17.289292856802025,3.2148909699413872,22.115861346503713,5.343800900499316,29.686861810549008,5.468952459567561
vocals,62.5,67.5,-395.9222106933594,99.7562255859375,104.52159118652344,66.76876068115234,2.0729758739471436,37.17300796508789,31.967397689819336,29.016172409057617,12.553661346435547,27.844837188720703,17.551776885986328,22.06458282470703,-4.225978851318359,18.889583587646484,10.102005004882812,11.865081787109375,12.659581184387207,12.790342330932617,-2.0909719467163086,13.248544692993164,-4.623930931091309,12.33385181427002,-2.44893217086792,10.688374519348145,-13.35659122467041,11.523167610168457,0.46925726532936096,0.49507033824920654,0.5146132111549377,0.45481589436531067,0.37386155128479004,0.3681598901748657,0.3876376748085022,0.36350780725479126,0.38877561688423157,0.4058522880077362,0.40595418214797974,0.42010653018951416,0.030532041411636734,0.02979568297036309,2955.149788474959,2260.4426415328926,3226.90831062042,975.3313379823842,5217.280284766532,3752.711223351359,0.07869258446925755,0.09101081389725106,15.08019694554066,6.6760385652965315,12.05280771023486,5.268866281568879,16.981439719204108,4.940305846136131,16.744553826037546,4.55824238979215,17.349229165276352,3.3586716941755745,22.730425566568996,5.680470098350823,30.460531759228573,5.527546508255541
vocals,65.0,70.0,-393.4681701660156,90.92694854736328,106.77914428710938,58.21432113647461,7.2739667892456055,39.17605209350586,30.533592224121094,30.486906051635742,14.074042320251465,27.684711456298828,11.677301406860352,21.805715560913086,-4.940488815307617,16.386493682861328,8.876261711120605,14.76729679107666,11.679014205932617,11.199448585510254,-2.7674155235290527,11.694260597229004,-4.041909694671631,12.838850021362305,-4.215043544769287,10.050847053527832,-14.299562454223633,10.75050163269043,0.4375859200954437,0.4350464940071106,0.41669684648513794,0.3686284124851227,0.34336042404174805,0.36667153239250183,0.4084290564060211,0.4439205825328827,0.48915019631385803,0.4731462299823761,0.4454483091831207,0.47025740146636963,0.028361094626719607,0.030702205193386962,2626.939768170094,1803.856436890824,3106.9666508850005,946.7674578199179,4772.577173361369,3302.7932521742064,0.06477486948955917,0.06613701818344987,14.575919041343782,6.2943030451596105,11.470775623126174,4.76682056086389,16.77097888825833,5.165326640333835,17.20451055727634,4.614923450802596,17.891459978835453,3.359428796771513,23.503857113417503,5.535272143734885,30.160120324218102,5.260025111978561
vocals,67.5,72.5,-380.7457275390625,89.6802749633789,110.15617370605469,64.98666381835938,8.894200325012207,36.78307342529297,27.183874130249023,30.41609001159668,10.208728790283203,29.147659301757812,13.773208618164062,23.958328247070312,-8.189861297607422,16.683977127075195,8.716448783874512,15.160951614379883,13.044546127319336,12.522858619689941,-4.42056941986084,14.267396926879883,-4.929901123046875,12.805068969726562,-6.149776935577393,10.401610374450684,-17.13995933532715,12.278478622436523,0.46988990902900696,0.4542005956172943,0.4872942566871643,0.4707399308681488,0.39528748393058777,0.3258429765701294,0.32498297095298767,0.3465280830860138,0.3916149437427521,0.43136024475097656,0.4147928059101105,0.4468196928501129,0.03610179762073994,0.03604546769190525,2827.433578352741,2208.0608846366895,3104.91439553657,1038.7457697349228,5075.291042814675,3775.3453711610264,0.07147825732308585,0.08483356717018042,16.072845959718464,6.855971075289432,12.208511253526273,5.434246670899361,17.341254893707678,5.274876605214449,18.222817117658117,5.402396915054795,17.90015313316777,3.621780174934328,23.65411381152182,6.359158495269402,30.771531996364743,5.15281306206581
vocals,70.0,75.0,-377.9057312011719,87.2258071899414,128.65505981445312,61.24854278564453,6.519432067871094,36.716670989990234,27.65936851501465,28.80127716064453,6.163710117340088,27.094640731811523,10.026561737060547,25.471681594848633,-14.114147186279297,17.430126190185547,7.239214897155762,15.399608612060547,14.949382781982422,13.349699974060059,-8.192217826843262,15.497482299804688,-5.28977632522583,11.251251220703125,-3.3677408695220947,10.357437133789062,-17.15623664855957,13.464709281921387,0.5153300166130066,0.49495524168014526,0.4927809238433838,0.4832177460193634,0.4114585816860199,0.3437041640281677,0.31902599334716797,0.32336822152137756,0.3447902500629425,0.37126219272613525,0.3923814296722412,0.4450608491897583,0.04108412156624043,0.03498638448580917,2532.2868214129203,2016.2104341253862,3000.9981808822495,1039.9472995136668,4579.727604770882,3612.3155201442796,0.05934713058294663,0.07566362262260179,16.50250826947333,7.172946190276582,13.350353840033303,5.595553715618993,16.70420234234388,5.5991688318863835,18.43235570603189,5.3981425398603164,17.223803382247375,3.561308544634054,23.555489019731763,6.557005855184146,30.557813140594483,5.119405396811159
vocals,72.5,77.5,-372.2992248535156,84.63152313232422,145.67819213867188,48.94138717651367,8.690973281860352,37.190040588378906,29.03638458251953,24.56570816040039,9.551587104797363,22.24873161315918,4.601968765258789,21.950191497802734,-15.883928298950195,17.733182907104492,5.234109401702881,14.92158031463623,14.2096529006958,14.533853530883789,-10.939443588256836,14.241024017333984,-5.909390449523926,9.314828872680664,-1.355665922164917,9.340899467468262,-14.203415870666504,12.80720329284668,0.47889891266822815,0.48508143424987793,0.46648815274238586,0.4436083436012268,0.4030555188655853,0.3631913959980011,0.34390053153038025,0.3546234369277954,0.39742815494537354,0.4090817868709564,0.42019349336624146,0.44177430868148804,0.04429496553042588,0.03627496066900752,2054.078432265075,1544.116939119874,2790.3314975285016,1039.333618506668,3790.493243365719,3154.3207628304276,0.043153413210556844,0.049593125855570415,15.85752525464674,6.465208220375877,13.190961636753311,5.422034501769874,15.979100542529695,5.086447154572472,17.880931660291406,5.112049678735889,16.845020978622397,3.4051353206647477,23.37129580960837,5.859619830982795,29.828537399793817,4.611762662797926
vocals,75.0,80.0,-370.67083740234375,103.07829284667969,131.37631225585938,58.41553497314453,16.17049789428711,36.23078918457031,27.02411651611328,27.05539894104004,10.578421592712402,26.176910400390625,6.532313823699951,17.711193084716797,-10.663799285888672,19.11313819885254,8.505218505859375,12.910552024841309,12.963855743408203,14.9474458694458,-7.976568698883057,14.095268249511719,-4.830591201782227,10.973427772521973,-1.140120267868042,10.0093412399292,-12.113628387451172,11.688065528869629,0.4850741922855377,0.4769662022590637,0.4494834840297699,0.42271050810813904,0.3686416745185852,0.3561744689941406,0.3449518382549286,0.3503442704677582,0.3876587152481079,0.4425877332687378,0.48263421654701233,0.4877724051475525,0.04580531847856889,0.0490706740827233,2141.4717428171266,1770.4611340169772,2906.3264875511277,1160.8931617331432,3814.174770700406,3427.695654989661,0.04841688116299304,0.057304383296272174,15.426471399218022,5.999311220331294,13.075116239916719,5.269321076671721,15.833783679338822,4.470550314828151,17.8671397542502,5.157844011693338,17.198855473470434,3.0977776408781836,23.602945918085368,5.680978693530359,29.54634606485837,4.497447640954786
vocals,77.5,82.5,-374.5249328613281,103.00260925292969,125.4805679321289,57.61451721191406,13.4854736328125,34.49821090698242,24.816373825073242,29.011308670043945,13.949256896972656,32.35400390625,10.055397033691406,19.363956451416016,-11.207693099975586,21.869787216186523,9.71401309967041,13.176974296569824,15.442246437072754,14.083756446838379,-5.808714866638184,12.75497055053711,-3.3593082427978516,11.587980270385742,-1.6129196882247925,10.51338005065918,-12.849294662475586,12.477033615112305,0.4590618312358856,0.423397421836853,0.39965689182281494,0.3894689083099365,0.34727171063423157,0.3638572692871094,0.37445253133773804,0.3711557686328888,0.3970828354358673,0.4354449510574341,0.4661918580532074,0.4720279276371002,0.04225062970650056,0.046553117751765946,2186.964854754511,1574.5183483732592,3030.301095755288,1078.4568977148688,3844.650997861079,3123.8011922181245,0.04771448122099768,0.05132670574633861,16.54234240493827,6.443380620226985,12.894214708534829,5.179900584794387,16.588182083997765,5.000233616238577,18.18727546378063,5.2826487610773585,17.61336490987163,3.517345746901161,25.080272276243225,6.400087836804392,28.8848994294646,4.611679920945474
vocals,80.0,85.0,-385.1012878417969,98.94523620605469,136.40274047851562,53.837886810302734,6.790746688842773,33.5008544921875,24.07022476196289,24.904821395874023,18.451059341430664,33.58004379272461,11.776010513305664,21.913938522338867,-17.60733413696289,22.646337509155273,11.09599494934082,15.210076332092285,18.81387710571289,14.590545654296875,-7.569930553436279,13.107380867004395,-4.7347917556762695,11.321455955505371,-3.168419361114502,11.428938865661621,-15.942486763000488,12.909550666809082,0.37400251626968384,0.3921729028224945,0.4168594181537628,0.44173872470855713,0.4199305772781372,0.3877445161342621,0.3811388909816742,0.39421743154525757,0.4424024224281311,0.4315422773361206,0.38525742292404175,0.3675532639026642,0.04020903109468972,0.03536069220284074,2195.3581508410966,1470.1189673149368,2972.3158304495487,987.4685907192081,4021.0633881960557,3005.562782269477,0.04704720127610209,0.04819434651969902,15.87530052878518,5.9147741837871095,12.875086251774867,5.117104117069734,17.578558444775737,5.663857692731394,18.530049721946064,5.006981972722616,18.061517443065803,3.4652802470577257,26.07407447922365,6.916320147185705,29.017352134067483,4.963387539390944
vocals,82.5,87.5,-404.0198059082031,101.58207702636719,130.5105438232422,56.93836212158203,7.496243953704834,35.9434814453125,27.437612533569336,24.250011444091797,14.669013023376465,29.792001724243164,12.52493953704834,20.42555046081543,-12.975488662719727,20.997793197631836,12.492615699768066,15.472270965576172,15.002748489379883,14.090306282043457,-8.443140029907227,13.098669052124023,-5.618840217590332,11.024734497070312,-5.119649410247803,11.184447288513184,-16.712888717651367,11.08813190460205,0.3576507568359375,0.36291980743408203,0.3951590955257416,0.4287261962890625,0.4237544536590576,0.43685126304626465,0.43948495388031006,0.4406099319458008,0.46989819407463074,0.4687347114086151,0.4067893624305725,0.3739612400531769,0.03230391890282571,0.03204105975561771,2465.4379973270707,1806.8028926085033,3117.5606179519173,1067.6354672750606,4613.201493619489,3487.4109868804007,0.056279228900812064,0.0628555913640954,16.339992503212546,5.9549789634293875,12.71964594324958,5.343867421933427,17.7519473391463,5.602232384050066,18.03553779359235,4.685585644996544,18.194256774794198,3.388314030602785,24.298979762572586,6.475530727239693,29.37019582526247,4.7971051614587825
vocals,85.0,90.0,-378.1324768066406,88.70613098144531,128.5955047607422,60.73692321777344,-4.507325172424316,41.01443099975586,23.640140533447266,26.0168514251709,16.16796875,23.523950576782227,18.449275970458984,19.202388763427734,-11.175593376159668,18.153230667114258,11.551273345947266,13.182524681091309,9.4139986038208,13.61981201171875,-10.318431854248047,14.773706436157227,-4.761104583740234,12.378101348876953,-5.243061065673828,10.478361129760742,-15.707826614379883,11.480059623718262,0.3725231885910034,0.393154501914978,0.40552762150764465,0.41773316264152527,0.3730255961418152,0.37790647149086,0.402812123298645,0.4114171266555786,0.4614400863647461,0.4835619032382965,0.4319762885570526,0.38524875044822693,0.03104491864902069,0.0249499088409527,2557.8068201411575,1905.0074933542057,2975.197329908856,1022.189306944529,4673.704298687645,3490.0255464249594,0.06333834831786543,0.06812020319769069,16.786636409672617,6.100835305802029,12.279479872440788,5.296608268708069,17.912711081699896,5.5095522076870145,16.923486450221695,4.523036155588789,18.23041561645961,3.345050775351571,24.532541549046158,6.607389626291495,30.389227591783516,4.737048602391257
vocals,87.5,92.5,-377.55267333984375,96.26190948486328,135.29025268554688,59.93511962890625,-3.7657270431518555,43.472660064697266,20.14568519592285,27.430727005004883,17.13471221923828,25.881389617919922,19.299964904785156,20.886110305786133,-10.26268482208252,20.259550094604492,12.908418655395508,13.413125038146973,11.069724082946777,13.715928077697754,-9.142800331115723,16.601829528808594,-3.5652453899383545,12.52966022491455,-1.6751528978347778,11.91552448272705,-12.858877182006836,13.1739501953125,0.43349790573120117,0.46238577365875244,0.4614001512527466,0.4537229537963867,0.366224467754364,0.3266795873641968,0.3528934121131897,0.398345023393631,0.44377216696739197,0.48696205019950867,0.4596877098083496,0.4180356562137604,0.0335818598799952,0.027695514507182422,2313.480030443355,1629.5416479621088,2906.710015383787,988.7317467328619,4241.491444315545,3266.1915375618005,0.05242622534802784,0.05246808061847357,16.41186979783157,6.299420774930766,11.773491302566855,4.775338078114757,16.711175504339753,5.267180923718994,16.31416585512497,4.293033425746789,17.838947977875687,3.1761224136034443,24.952763747470403,6.752956913385804,30.20668474820591,4.353541332072104
vocals,90.0,95.0,-382.5347595214844,103.27600860595703,126.92346954345703,56.90571594238281,3.9985363483428955,40.910003662109375,23.079744338989258,26.464292526245117,11.993810653686523,28.620325088500977,19.341171264648438,19.826873779296875,-5.507367134094238,22.000038146972656,11.904190063476562,14.61143684387207,10.639975547790527,14.737322807312012,-9.329785346984863,15.70132827758789,-2.9487760066986084,13.106210708618164,0.6276638507843018,11.406355857849121,-9.257796287536621,13.691715240478516,0.44394126534461975,0.4422982633113861,0.4595533013343811,0.4569658041000366,0.4333358407020569,0.40639445185661316,0.4057312607765198,0.43525609374046326,0.47012877464294434,0.46036872267723083,0.4653736352920532,0.44939157366752625,0.035879187503098424,0.03325367998582658,2410.449045395686,1641.0519649887865,3117.310238639002,1023.3794907328253,4474.709523636891,3341.242809197899,0.052689058874709975,0.056224268006951066,15.523422440852837,6.187501456980822,12.107893818399276,4.943425208959345,16.5251624977135,4.990232855386617,16.196752015411686,4.437885955766837,17.049831299072697,2.886593564979133,23.950052366293903,6.642178957662113,29.87563561097256,4.68985116277449
vocals,92.5,97.5,-364.7842102050781,94.57002258300781,121.47149658203125,58.01601791381836,0.520912230014801,36.526100158691406,27.7668514251709,24.5364933013916,14.515926361083984,26.349220275878906,24.910709381103516,18.043928146362305,-7.024938583374023,19.90113067626953,8.026232719421387,13.761417388916016,5.1348443031311035,14.249479293823242,-12.62920093536377,16.10087776184082,-3.3035619258880615,12.510971069335938,-2.2156593799591064,11.62905216217041,-8.46290397644043,12.860687255859375,0.39576196670532227,0.4182528257369995,0.4746486246585846,0.5228668451309204,0.5255752205848694,0.4511694014072418,0.37414801120758057,0.3565494418144226,0.40234673023223877,0.4111784100532532,0.3951178193092346,0.4123442769050598,0.039323798847635136,0.03678222993992823,2689.5567484939343,1832.0769131773689,3233.3664157727903,1034.0305425787158,5090.529156395011,3579.6061830343324,0.06266427095417633,0.06631303752666225,15.472446555810835,6.02009778956649,12.336444331562792,5.364512351811315,16.628287574630786,4.796988102020589,16.435806597448185,4.324714371244312,17.10929565256323,3.2421908258552117,24.05209735266849,6.420585077794929,30.967569210395872,4.5339413965686575
vocals,95.0,100.0,-362.10858154296875,84.83548736572266,118.79618835449219,62.414920806884766,5.1809282302856445,36.509620666503906,31.049022674560547,26.60101890563965,14.730720520019531,25.323097229003906,22.15789222717285,21.448856353759766,-7.51039981842041,17.473848342895508,10.461979866027832,14.267024993896484,6.844151020050049,12.324087142944336,-10.975935935974121,17.380901336669922,-1.1451677083969116,11.515349388122559,-5.247436046600342,11.956462860107422,-10.204710960388184,10.94409465789795,0.42763516306877136,0.4513712525367737,0.5050990581512451,0.5181676745414734,0.4632384181022644,0.40300628542900085,0.3606143593788147,0.31458529829978943,0.33174601197242737,0.3449797034263611,0.3356333076953888,0.39391812682151794,0.037722440319797004,0.032722536639570844,2829.501612476352,2098.5404065190646,3239.868292366671,1025.5311444306305,5275.984492821925,3795.237815250178,0.0681690472737819,0.07983860165351134,15.99345044616494,5.9068124342078825,12.489419104179914,5.251857241024241,16.094618870817275,4.602279283891922,17.08436822124192,4.482580398043806,17.29142660340504,3.523466675405349,24.0638473195399,6.06745093566618,31.284951823874035,4.539069153202856
vocals,97.5,102.5,-391.97845458984375,85.7716064453125,138.60145568847656,61.7322998046875,5.14445686340332,36.998252868652344,34.87862014770508,26.86045265197754,14.416330337524414,24.410680770874023,18.248685836791992,21.263227462768555,-5.897760391235352,18.97038459777832,16.588163375854492,14.095364570617676,6.709403991699219,12.91817855834961,-8.889171600341797,15.029243469238281,3.5199429988861084,12.094555854797363,-7.514684677124023,10.994528770446777,-12.069602966308594,10.695125579833984,0.44040900468826294,0.4451969563961029,0.46487942337989807,0.47839683294296265,0.3673742413520813,0.32493919134140015,0.35186660289764404,0.37812477350234985,0.38964030146598816,0.41341349482536316,0.39073023200035095,0.42387449741363525,0.03227771826659971,0.023319256805642587,2338.597530168134,1996.6407812070574,2864.1813109916657,936.6654318754397,4126.531118583237,3548.247358179885,0.056885332076566125,0.07520377109347842,16.22487838008907,6.079097441078041,12.596822661285202,5.148283166426413,16.099640912074964,5.139873868190222,17.06522817543083,4.828235563305565,17.131514212934615,3.5451100754207077,23.891834426761772,5.67027195298851,30.07001321280032,4.6186313729380535
vocals,100.0,105.0,-417.2597961425781,74.4698257446289,130.26121520996094,58.834964752197266,7.995819568634033,33.655487060546875,38.43611145019531,29.61758041381836,21.46221160888672,29.122926712036133,18.274553298950195,20.38654327392578,-1.002272129058838,17.255460739135742,19.169967651367188,15.841039657592773,5.095755100250244,11.876075744628906,-3.9336040019989014,12.788341522216797,4.615736961364746,11.322073936462402,-9.253433227539062,10.866442680358887,-10.282727241516113,11.763734817504883,0.44687554240226746,0.43890926241874695,0.4443585276603699,0.4355720579624176,0.3438746929168701,0.298269122838974,0.31461790204048157,0.3707323968410492,0.4391123056411743,0.5133726596832275,0.4870798885822296,0.49890848994255066,0.02433994576821683,0.01783100297392677,2361.8905226658994,1788.8204117580726,3010.142911669986,1006.7324606843073,4358.2004060324825,3602.1018507595663,0.05313315690255221,0.059742018002709944,15.27614683085119,5.555575081280112,12.243387546338717,4.809801912842701,16.376629854313038,5.110780320827607,16.86147253984979,4.647837380399359,17.80920709414017,3.4506629842376997,23.273716746565064,5.385052562220606,29.12814733596364,3.607573760041229
vocals,102.5,107.5,-373.01806640625,104.79447174072266,106.053466796875,60.309547424316406,2.9752516746520996,39.79875946044922,34.17007064819336,29.678295135498047,19.807567596435547,29.89898109436035,18.19159507751465,21.330617904663086,-4.386600017547607,20.79505729675293,14.516047477722168,15.304361343383789,7.199896812438965,11.870572090148926,-5.484945774078369,16.506139755249023,1.527462363243103,10.528693199157715,-4.550439834594727,12.580511093139648,-9.316568374633789,11.7288236618042,0.4678971469402313,0.43957945704460144,0.4223860204219818,0.4323156177997589,0.403544157743454,0.3708533048629761,0.35622438788414,0.3573416471481323,0.4140675961971283,0.4772453308105469,0.451892614364624,0.49951300024986267,0.03848587680638286,0.04074286511096899,2749.160619410528,1803.4089197688054,3250.779103410306,963.3345603833706,5183.456668720998,3432.739509241381,0.06343011347157773,0.06446063905598419,14.63897677043913,5.791464404360251,12.612296499390693,5.4538283270975025,16.47730806942345,5.230486847602561,17.420857322146965,4.824898285094447,17.85004263353784,3.542431121350872,23.50383301759674,6.6881089660016055,30.763541845100896,4.843630226808014
vocals,105.0,110.0,-338.266845703125,110.58467864990234,121.73836517333984,64.28376007080078,1.0834232568740845,42.51724624633789,20.164613723754883,28.208492279052734,13.5874605178833,22.61503791809082,18.62105941772461,24.323930740356445,-9.539573669433594,21.32599639892578,9.134028434753418,12.782953262329102,8.30277156829834,12.118595123291016,-9.796107292175293,17.535261154174805,0.3861416280269623,10.688690185546875,1.8681858777999878,11.515118598937988,-7.295448303222656,13.17977523803711,0.48111897706985474,0.4472336173057556,0.43881067633628845,0.46640247106552124,0.46613842248916626,0.43239784240722656,0.40688931941986084,0.39638403058052063,0.4029235541820526,0.4110703468322754,0.39513546228408813,0.4576282203197479,0.05487544201487317,0.05011498661460895,2496.616268723586,2041.446690566976,2999.903881482688,979.6421053005819,4348.507966574826,3476.179831711758,0.06019794083526682,0.07500725044315623,15.570600158305124,6.083183027803905,13.377641029664362,5.613813744319507,16.68819753341232,5.161848028464623,17.57433290978696,5.076438669540199,17.368076345288596,2.848830810676303,24.574287520910396,7.250464284826387,31.05580008617229,5.283420174845113
vocals,107.5,112.5,-348.11798095703125,100.16936492919922,121.09165954589844,65.7685775756836,3.3039777278900146,37.421634674072266,18.351097106933594,30.495023727416992,12.676189422607422,23.737098693847656,18.682893753051758,24.317981719970703,-5.731781959533691,19.571937561035156,12.121116638183594,14.00217342376709,10.362763404846191,12.344768524169922,-6.978728771209717,14.793289184570312,1.6962800025939941,12.058566093444824,1.6053639650344849,11.629754066467285,-4.1426897048950195,13.94053840637207,0.4798591136932373,0.47854045033454895,0.4892770051956177,0.5026572346687317,0.4621642827987671,0.44048887491226196,0.4645334780216217,0.4824473559856415,0.43779468536376953,0.42052310705184937,0.4073515236377716,0.4482066035270691,0.045046529539249265,0.044810294662438195,2651.97317797695,2140.558558794748,3157.8819698107723,1075.8215506736667,4705.479512579756,3786.0382070059604,0.06189276392111369,0.07529684263520858,15.796698817743856,5.759346445500694,12.254214661769565,5.05361685054775,16.29406245876924,5.6379717445894215,15.924860114807908,4.6316343402372215,17.442705600795172,3.2260417385119347,23.391145426578174,6.406320970970121,30.69893422804274,4.598653333574006
vocals,110.0,115.0,-364.9659118652344,108.8803482055664,118.16317749023438,60.8675422668457,-1.8210819959640503,37.603755950927734,24.34056282043457,31.032909393310547,14.531393051147461,24.267562866210938,21.08655548095703,22.82144546508789,-7.1363959312438965,21.189760208129883,11.61223030090332,16.046981811523438,14.065311431884766,14.186305046081543,-5.925188064575195,15.98658275604248,0.1595577895641327,14.044819831848145,0.6980395317077637,12.794453620910645,-5.29205846786499,15.83188247680664,0.415680468082428,0.4129330515861511,0.4488629400730133,0.48835206031799316,0.4813048243522644,0.4828222990036011,0.4935357868671417,0.5021572709083557,0.47740381956100464,0.4653211832046509,0.4134875535964966,0.397647500038147,0.04424155255419844,0.04764907690902028,2513.685957561684,1686.086503644044,3168.937257319586,934.2447479356111,4652.370939675174,3162.288165169461,0.054847239341647334,0.06293290217113046,14.51526664698282,5.383743897403616,11.933169234350705,5.402914069510776,17.08219224439928,6.532039021413229,15.886789058171951,4.891162112728656,18.136220908606756,3.725163497552057,24.06770734778109,7.356329924338221,30.7907635424023,5.013031664262318
vocals,112.5,117.5,-368.13348388671875,105.68514251708984,121.54078674316406,57.085365295410156,1.2087430953979492,38.210052490234375,27.988008499145508,29.22412872314453,16.51275062561035,26.036827087402344,19.882476806640625,24.042312622070312,-6.569886684417725,21.16748809814453,12.69441032409668,17.565744400024414,13.714341163635254,14.199859619140625,-7.176393985748291,17.2185115814209,-2.249011993408203,12.596846580505371,-3.0825862884521484,13.706652641296387,-8.644420623779297,14.915191650390625,0.48783913254737854,0.46234455704689026,0.4494623839855194,0.4611373245716095,0.44974809885025024,0.42890816926956177,0.38766926527023315,0.380876362323761,0.4101160764694214,0.4174883961677551,0.414701372385025,0.43462318181991577,0.045651146353885806,0.046908929848314976,2337.7202859232607,1575.1934410050724,3012.8766529316,882.591056401441,4335.368216176044,3008.447586582513,0.05167057895881671,0.05693853363276781,14.802518090690988,5.250580814132985,12.24853244913179,5.786106912664592,17.342938916088166,5.946900852844249,17.03202797640109,5.3587925045303,17.807594596817776,3.6310840188152707,25.149547830635036,7.9723767371362,30.475792536092506,4.876076126507793
vocals,115.0,120.0,-377.462890625,116.33213806152344,108.99774932861328,58.67459487915039,-6.691311836242676,40.20493698120117,31.643394470214844,28.441316604614258,16.037691116333008,31.6926326751709,20.52960968017578,22.696338653564453,-8.02243709564209,21.673738479614258,9.47440242767334,16.81421661376953,7.253490924835205,12.837393760681152,-5.47534704208374,13.896331787109375,-3.799926996231079,12.542094230651855,-5.399163722991943,11.890240669250488,-9.015047073364258,12.156993865966797,0.5031704902648926,0.5081647038459778,0.4584859311580658,0.41985347867012024,0.4221048653125763,0.41408202052116394,0.36074298620224,0.3381726145744324,0.37845733761787415,0.40871670842170715,0.4119981825351715,0.43889176845550537,0.03683507840838953,0.03318812170653434,2634.407059683942,1680.8658679897137,3158.2521839218975,990.5909660681205,4792.311779473608,3097.7103299651294,0.06882499818735499,0.06924413978882268,14.144399467729484,5.640557046681911,12.41041862867598,5.487961219592454,16.76133484413795,5.801282501261046,16.398128847672623,4.322583398785892,17.600390831389685,3.2766230902381177,23.46203935671846,6.511679031947928,30.887398300845128,5.471146667744281
vocals,117.5,122.5,-335.4958190917969,107.35276794433594,107.71131896972656,50.62982940673828,-28.334144592285156,44.34811019897461,28.0678653717041,27.2087459564209,3.792611598968506,32.0512809753418,9.867630004882812,23.56989860534668,-20.915332794189453,22.213726043701172,2.331406831741333,12.286803245544434,-5.2234039306640625,14.861504554748535,-7.462095260620117,14.175919532775879,-5.3625006675720215,14.316673278808594,-5.924103260040283,11.620667457580566,-5.337243556976318,11.566061973571777,0.4114578068256378,0.3862689733505249,0.3421672582626343,0.29824721813201904,0.3254462480545044,0.36917516589164734,0.32088354229927063,0.3017100989818573,0.3565511107444763,0.401058554649353,0.4106672704219818,0.42090755701065063,0.04973984521104935,0.03950075962321321,2838.7460739681555,1600.122824734348,3112.5569455154296,897.3847073040955,5002.897513051044,2773.6222619105242,0.07688333816705337,0.07494746385375142,12.648434204194464,5.3101693343022305,15.195826425741274,7.032271579840636,18.54866187753219,7.100402752561373,17.92533039758582,5.556402329027459,18.871056468600933,4.886843486404143,22.926320323622434,5.9646452767757845,32.83819496592444,5.272883922368647
vocals,120.0,125.0,-306.5704040527344,68.0481185913086,130.724853515625,42.2681770324707,-36.77443313598633,41.861968994140625,34.5015754699707,27.76796531677246,6.323518753051758,26.400766372680664,1.501328945159912,21.588075637817383,-20.5960750579834,18.99025535583496,-2.798103094100952,18.255271911621094,-9.654779434204102,13.329465866088867,-8.43282699584961,15.391666412353516,-7.137704849243164,14.222847938537598,-8.304094314575195,12.315535545349121,-0.7313839197158813,11.857377052307129,0.39204806089401245,0.31814199686050415,0.328747034072876,0.3282218277454376,0.3026571273803711,0.31658121943473816,0.30907168984413147,0.3109857439994812,0.34089943766593933,0.36729344725608826,0.417146772146225,0.4462693929672241,0.058334393118856055,0.040658928143966405,2571.4246837560772,1349.8110596725394,2675.7666056653616,712.3749767986401,4554.447324535963,2304.1313449789072,0.06410872244779582,0.05774715952374022,13.461555372966192,5.899156151845762,15.508590104205542,6.772663977272919,19.16266930261045,6.917519827350356,18.538927338551705,5.9742482423048235,19.31184137123442,5.650012600941367,21.74540132395633,5.9384679190166185,33.425010430516686,4.783114453426133
vocals,122.5,127.5,-333.8853759765625,98.2087173461914,132.4373016357422,45.82688903808594,-10.87205982208252,43.93013381958008,31.846017837524414,28.160064697265625,17.706642150878906,25.706579208374023,8.9220552444458,23.26280403137207,-11.853633880615234,18.631607055664062,0.07016126066446304,19.942974090576172,4.291286468505859,14.850509643554688,-6.910140514373779,14.834022521972656,-6.953939437866211,13.348132133483887,-5.008394718170166,13.03819751739502,-3.504051446914673,13.97251033782959,0.41328567266464233,0.3487238585948944,0.3684847950935364,0.42193517088890076,0.37413591146469116,0.3434429466724396,0.3488820195198059,0.36879149079322815,0.3969247341156006,0.4098258316516876,0.4321577250957489,0.4578116834163666,0.055309810642457706,0.04729230318085316,2201.8105502606613,1317.1937818914275,2661.0898064599737,901.090719385354,3934.980536724188,2646.7672770523664,0.04923823593387471,0.04148323530723772,14.665231851843274,5.700094878679125,13.645872957957359,6.103031288069113,17.267130555361902,5.943224200247425,17.379697538188804,5.792810762650719,18.48354201541971,5.102142012798096,23.31743497908131,6.796956735068361,31.334772005600893,5.202768228070716
vocals,125.0,130.0,-363.1074523925781,108.9470443725586,129.70574951171875,50.44926834106445,6.162164688110352,39.73824691772461,19.353212356567383,26.45248031616211,14.593317985534668,26.146448135375977,14.1650972366333,19.237260818481445,-6.580286026000977,19.660844802856445,13.49472713470459,15.76051139831543,8.5042724609375,12.224865913391113,-8.498440742492676,13.9971923828125,-3.714503288269043,12.350722312927246,-2.858477830886841,12.09562873840332,-7.141651630401611,13.32465648651123,0.43200403451919556,0.4200271964073181,0.42290446162223816,0.4413323998451233,0.4279470145702362,0.3764110207557678,0.3651450276374817,0.41397401690483093,0.4658932387828827,0.501882791519165,0.4619380235671997,0.42334046959877014,0.046562535678557275,0.049579171049978464,2235.7413942975077,1492.2927241854586,3055.520299554328,1052.452040517608,4117.5381335194315,3298.9356454372487,0.044936602740719256,0.03986185878375738,13.940413120081185,5.26136282022463,12.697906013314997,5.5380964407779425,16.239177663431708,5.556024832692974,16.7924470440659,5.288750002177804,18.2396858561462,3.936023046347422,24.956856014997822,7.085912358485701,29.26325273766388,4.732179383583597
vocals,127.5,132.5,-396.73956298828125,107.52645874023438,118.89029693603516,57.51390838623047,6.207769870758057,38.5394401550293,20.75663948059082,25.61791229248047,21.457874298095703,23.001323699951172,21.058053970336914,20.277502059936523,0.46449124813079834,16.52914810180664,12.87090015411377,16.943601608276367,4.591185092926025,11.585160255432129,-9.0700044631958,14.492792129516602,-1.55806303024292,11.589132308959961,-3.2056055068969727,10.691235542297363,-6.5849289894104,13.504772186279297,0.4977450370788574,0.4924015700817108,0.5228068232536316,0.5439167618751526,0.4971247613430023,0.41608306765556335,0.40491601824760437,0.4616740643978119,0.5174834728240967,0.507478654384613,0.44830140471458435,0.4518113136291504,0.03170165127280882,0.03959440524797767,2177.846933832748,1386.154078828727,3073.247867195823,966.7323156789572,4021.513037449246,3035.2790020888697,0.04620998586136891,0.042192297361958224,13.690425786891401,5.364014216787983,11.475144677655269,4.862760381340492,15.70277514067566,4.948634605076904,16.16762715687,3.9088764404651193,18.346876285501352,3.264408651825845,24.22081039313634,7.0110279821348565,28.78309288618715,4.749813704217069
vocals,130.0,135.0,-400.1898498535156,119.266357421875,102.74496459960938,65.48919677734375,1.15848970413208,43.809539794921875,25.081342697143555,23.580690383911133,19.304901123046875,20.642370223999023,22.42744255065918,22.60826873779297,1.4467929601669312,17.56294822692871,10.64726448059082,14.18979263305664,5.542144775390625,12.33272647857666,-8.295668601989746,15.318572998046875,-2.1677563190460205,10.79255485534668,-1.6006622314453125,9.655510902404785,-7.190206050872803,13.88502025604248,0.5456333756446838,0.5510290265083313,0.5873097777366638,0.5672124624252319,0.49691322445869446,0.42354393005371094,0.40276530385017395,0.45210835337638855,0.4744805097579956,0.4493829607963562,0.44026637077331543,0.5278738141059875,0.03155776535430877,0.037978686761837334,2381.5642688620505,1659.9330010942658,3163.998127057465,1142.078493772876,4379.9834142981435,3429.7036567206355,0.0653537829901392,0.07368410862585353,13.982359358480224,5.964435756501325,11.30037751441248,5.17851915854083,15.883939390385898,5.138667619857287,16.423669069698597,4.126655772621739,18.301690452359935,3.182598558018853,22.855360991522563,6.728260357866466,29.12158027277737,5.406088507219634
vocals,132.5,137.5,-374.60345458984375,123.58086395263672,110.28631591796875,68.8202133178711,-9.0713472366333,42.99184799194336,21.09975814819336,25.15414810180664,15.225162506103516,20.7152099609375,21.965740203857422,19.467981338500977,-2.7484984397888184,20.584766387939453,12.217174530029297,12.6437406539917,4.215517997741699,12.474299430847168,-9.956815719604492,15.956927299499512,-1.3637100458145142,10.79054069519043,-0.6579400300979614,10.297532081604004,-8.907931327819824,12.746254920959473,0.5411847233772278,0.5396618843078613,0.5521876215934753,0.5277931094169617,0.4676515758037567,0.40790849924087524,0.3649158775806427,0.39602455496788025,0.4615754783153534,0.5050311088562012,0.4566461443901062,0.47378915548324585,0.038014189905369235,0.04005137195508717,2643.914860524623,1876.6980364837218,3117.287786718176,1135.99995653429,4796.808272005511,3590.4294743219257,0.07522816669083526,0.07850066336571973,14.42244535727505,5.8322370185056975,11.964186291094855,5.476852507397175,15.932505693372859,5.026960551604117,16.232324152830415,4.132455245331444,18.055963295808414,3.04302909058939,23.95780422121376,6.965047410990249,30.149978794530856,5.6156151279631565
vocals,135.0,140.0,-396.4132385253906,126.49712371826172,105.8096694946289,67.82533264160156,-2.0194811820983887,36.446414947509766,20.979127883911133,24.441455841064453,18.62356948852539,22.530261993408203,23.33887481689453,15.651447296142578,-3.269273519515991,20.55244255065918,10.26383113861084,12.257530212402344,4.368992328643799,12.813925743103027,-9.412392616271973,16.088022232055664,-0.24450017511844635,9.787708282470703,-3.26960825920105,10.199552536010742,-9.478681564331055,12.34091567993164,0.49681663513183594,0.4956207275390625,0.5167093873023987,0.4783213436603546,0.4523361921310425,0.4265795648097992,0.4344244599342346,0.4276844561100006,0.446635365486145,0.4649798274040222,0.4531221389770508,0.46600115299224854,0.03479219107626502,0.04015600411025325,2648.1552794979693,1821.6800824656166,3276.2665562501797,1152.2014662801782,4788.414819279293,3371.727672472199,0.07002021099187936,0.06788156031247082,14.507028240954035,6.346016985483818,12.129820261951963,4.991107705050806,16.33106686549774,5.2458555932748325,15.490901430370442,3.7973909577457516,17.511228461905652,3.0131605953632645,23.77080258873675,7.051471175852868,29.358049368350425,5.582424928945803
vocals,137.5,142.5,-436.62457275390625,117.53775787353516,98.08641815185547,65.89306640625,11.19796371459961,31.266284942626953,27.127973556518555,25.794065475463867,23.703266143798828,22.26021385192871,23.185197830200195,16.1995792388916,-4.115035057067871,19.638427734375,10.364910125732422,11.61507797241211,8.994683265686035,14.222002029418945,-7.4320573806762695,14.774056434631348,-3.604534149169922,9.66524887084961,-5.893853187561035,10.332536697387695,-8.409112930297852,12.826810836791992,0.53306645154953,0.5265756845474243,0.5345007181167603,0.47105544805526733,0.4196876585483551,0.4103167653083801,0.41714853048324585,0.400129497051239,0.39339402318000793,0.40088075399398804,0.4598179757595062,0.5253537893295288,0.02632566661420797,0.031295270130455466,2506.9014363432048,1831.0756477184325,3367.8296581125605,1164.930670504256,4539.459016096288,3444.484573962067,0.060591058222157775,0.06442065515989505,14.568715971650619,6.162349523304355,12.184543987678147,4.83352408725537,17.15666617622929,5.302252408542371,15.338567183281633,3.9781258304503573,17.500797959150248,3.1593119798800364,24.12336249252817,7.1211969560965995,27.801337706187507,5.6215538408711865
vocals,140.0,145.0,-450.1861572265625,123.44007873535156,116.3126449584961,69.04315948486328,19.585830688476562,32.953548431396484,23.48918342590332,26.365766525268555,17.965373992919922,23.228857040405273,18.688968658447266,18.900724411010742,-7.578690528869629,20.22635841369629,9.742002487182617,12.021535873413086,9.358890533447266,14.350492477416992,-7.3596906661987305,14.578283309936523,-3.0931520462036133,9.817207336425781,-3.257412910461426,11.673197746276855,-6.484240531921387,12.393080711364746,0.5253915190696716,0.5348126888275146,0.5311301946640015,0.49456724524497986,0.4149642884731293,0.3506186604499817,0.353604793548584,0.37453165650367737,0.44559070467948914,0.49151644110679626,0.48473066091537476,0.49120694398880005,0.027605333542452613,0.030659188635902702,2253.6709861301674,1801.4716043976007,3198.655240521656,1305.57085030722,4055.436575551044,3616.406213555761,0.05405307424593968,0.061500309295157825,15.220128972667892,5.7494385233704115,12.335299640707964,5.132531398418994,16.622614787444164,5.278054371212045,16.48635237168402,4.6546478482777,17.29798152800473,3.3197069440446048,24.63913460474913,6.745270724910855,27.213749524892336,5.664112708972177
vocals,142.5,147.5,-424.884033203125,121.22867584228516,112.92705535888672,69.37311553955078,13.81026554107666,35.054351806640625,27.295949935913086,27.43198585510254,16.220417022705078,24.37516975402832,20.675962448120117,18.94552993774414,-8.676605224609375,18.918577194213867,5.557304382324219,13.10966968536377,6.0061750411987305,11.921041488647461,-6.833004474639893,14.144347190856934,0.036831777542829514,9.630436897277832,-1.8727117776870728,10.233312606811523,-8.6566801071167,12.229090690612793,0.4537643790245056,0.4799054265022278,0.4767834544181824,0.45799165964126587,0.41423410177230835,0.36796170473098755,0.3560026288032532,0.4146188199520111,0.4696345031261444,0.5165559649467468,0.5092678666114807,0.4635768532752991,0.031975501808056285,0.03311459069438533,2505.9543954643186,1892.4279701868936,3286.587327949467,1259.8515942471772,4562.590972121519,3789.3338050980087,0.06241956387761021,0.06998418801334963,15.49829219864245,6.097764550218061,12.71262128557497,5.327291374089809,15.967898087934229,5.2194993246812,16.178467281337667,4.492889432899256,16.90471625264532,2.991747728303665,23.580673693504153,6.08776264882738,28.96667381638485,5.6394112193828425
vocals,145.0,150.0,-401.830322265625,114.34967803955078,111.16012573242188,67.24201202392578,2.074549674987793,34.5732421875,29.344388961791992,29.024276733398438,18.900365829467773,26.224319458007812,22.648414611816406,19.908472061157227,-11.823266983032227,18.307802200317383,6.676781177520752,14.09407901763916,7.358630657196045,11.31766128540039,-8.54223918914795,13.899055480957031,-0.3573487401008606,11.674845695495605,-2.1146914958953857,8.778266906738281,-10.665963172912598,12.790617942810059,0.43612080812454224,0.47292688488960266,0.5128399729728699,0.49605998396873474,0.46198341250419617,0.41442355513572693,0.38909009099006653,0.36703020334243774,0.3758004903793335,0.441558301448822,0.4403935968875885,0.40712857246398926,0.03377585604552152,0.031111177397191662,2801.8954834397537,2012.7959434365996,3282.118265744268,1031.9065724838356,5011.7905760585845,3691.7182204197934,0.06897227559454756,0.07335599333045438,15.376286056340248,6.3357955742478635,12.746971424865947,5.404351318029745,15.777199787308911,5.375591664662806,16.309432662873117,4.622029159910162,17.816818481372614,3.5423670831609364,24.377459136417613,6.769198613120196,30.101348928118146,5.391631038923802
vocals,147.5,152.5,-399.60150146484375,113.43821716308594,128.1429443359375,67.02227783203125,0.6322104334831238,37.62321472167969,18.67421531677246,28.154727935791016,16.363292694091797,24.376502990722656,15.441452980041504,22.264490127563477,-7.622211933135986,20.046045303344727,13.705735206604004,13.034329414367676,8.985499382019043,11.426225662231445,-9.033414840698242,13.689103126525879,-3.1547038555145264,12.351204872131348,-2.449246406555176,10.184415817260742,-6.643211841583252,12.84067440032959,0.427327036857605,0.45047470927238464,0.49247273802757263,0.5578546524047852,0.5480970740318298,0.488343209028244,0.41695359349250793,0.3647710084915161,0.3589884340763092,0.4194297790527344,0.4450019299983978,0.40901821851730347,0.03376592548154597,0.034138450837795785,2477.0186773640125,1868.9275013077486,2994.3274771878378,1064.325623112336,4288.2549666473315,3422.417633834379,0.06381756634280743,0.06655507161728165,14.477810877478523,6.267254519743688,11.684729931644258,5.063317398586549,15.651201356327398,5.279221646809439,16.476682228902913,4.813193040865945,18.00615508921846,3.3880769192287183,25.052744822130315,6.384012791909104,28.752486123876253,4.525224335863798
vocals,150.0,155.0,-422.2106018066406,108.95315551757812,126.80147552490234,61.48048782348633,4.161389350891113,36.87031555175781,20.55487823486328,27.016212463378906,21.864255905151367,26.194843292236328,17.653779983520508,23.057655334472656,-2.7606289386749268,18.3154354095459,15.971305847167969,13.322994232177734,9.32691478729248,11.500911712646484,-6.397101402282715,13.07468032836914,-4.075277328491211,10.596275329589844,-5.851783275604248,11.600931167602539,-7.3358235359191895,12.631027221679688,0.45836949348449707,0.4649144113063812,0.48476457595825195,0.5551719069480896,0.557527482509613,0.5076118111610413,0.4216397702693939,0.3752575218677521,0.39417073130607605,0.43525436520576477,0.4569374620914459,0.46902143955230713,0.028063407036428366,0.030616163654942456,2285.0791686107336,1711.333221910147,3042.184416271754,1315.2077629508544,4321.529011383411,3973.103463087456,0.060247788573085846,0.0835738677410547,13.963260218284885,5.842396800980377,11.009336515783255,4.6535050542486855,16.54917685795219,5.461135384394323,16.179100710946976,4.300438439375956,17.51668348050463,3.318512301498578,24.81801917216907,6.037964452024029,28.110927596490114,4.342650270245121
vocals,152.5,157.5,-412.7245788574219,111.21585845947266,91.60677337646484,67.69892883300781,6.456286907196045,32.00540542602539,19.395408630371094,25.91223907470703,16.83217430114746,25.084184646606445,16.261228561401367,21.3516902923584,1.0853533744812012,16.918027877807617,13.512319564819336,12.302274703979492,8.230095863342285,12.204258918762207,-4.726472854614258,15.097779273986816,-3.2679238319396973,11.568665504455566,-4.436941623687744,12.426286697387695,-7.012836933135986,14.564229965209961,0.473885178565979,0.46879178285598755,0.522111713886261,0.5712198615074158,0.5219862461090088,0.48537662625312805,0.42347317934036255,0.40425437688827515,0.41726770997047424,0.44327178597450256,0.4649800658226013,0.4899006187915802,0.031475920625558845,0.04195179400788846,2978.634953728911,2282.6345337586067,3621.5335857462733,1778.8543338827324,6146.50544699826,5462.298907270444,0.10558997063515081,0.1522469512298938,14.011074672270194,6.1700344715249305,11.348684766056932,5.431570297772205,16.079593351475157,5.726657489810806,15.857768728960147,4.471537253422805,17.889011596074543,3.514120576220774,24.03001672144546,7.294557736593889,28.296742006953647,5.245826154314742
vocals,155.0,160.0,-384.7076416015625,114.84600830078125,97.5243148803711,69.27733612060547,1.7573304176330566,35.95688247680664,23.607145309448242,28.81474494934082,14.884649276733398,21.024921417236328,16.95179557800293,21.722190856933594,0.14350859820842743,19.50217628479004,11.406057357788086,13.3702974319458,5.176364898681641,12.601483345031738,-6.707286834716797,15.388971328735352,-3.4531571865081787,13.397412300109863,-1.9719314575195312,12.764491081237793,-7.9983954429626465,14.645110130310059,0.4459494650363922,0.4560840129852295,0.48403671383857727,0.4394420385360718,0.41608262062072754,0.4104098081588745,0.4265086352825165,0.4500530958175659,0.4902953505516052,0.48613446950912476,0.4908290505409241,0.4799156188964844,0.04022041542193113,0.0458291766564953,2918.4964086336145,2263.4530035984417,3358.4102719201437,1571.3346397705989,5631.057519757831,4987.563585488556,0.09867246410962877,0.14054696962668745,14.199183226768312,6.096948711441098,12.156943727903599,5.814453854067326,16.48643181785733,5.9403707699345025,16.328353546629145,4.256539824109691,18.294576076591962,3.68367102864244,24.133615858246294,7.266002614389438,29.489046111677833,5.781700082988918
vocals,157.5,162.5,-364.8785400390625,100.99384307861328,131.6277618408203,60.610450744628906,-9.45113754272461,40.82862854003906,30.315902709960938,26.207019805908203,17.137006759643555,19.844181060791016,16.665002822875977,20.963848114013672,-1.3176584243774414,20.095306396484375,9.093727111816406,15.175640106201172,6.407189846038818,12.893404006958008,-6.257579803466797,11.780786514282227,-4.595952987670898,14.86728572845459,-2.3881754875183105,13.320191383361816,-9.116536140441895,11.671682357788086,0.3802507221698761,0.3833869993686676,0.412043958902359,0.40852469205856323,0.39034831523895264,0.39761266112327576,0.4432101845741272,0.44262245297431946,0.45428478717803955,0.45239725708961487,0.4217072129249573,0.40490099787712097,0.04182800666748907,0.03416957795246978,2230.081995179899,1596.4586063087565,2719.853978731594,885.35615982833,3932.5324463457077,2815.152085096391,0.054155035527842225,0.05904177827434431,14.41404776787103,5.44288991109534,13.057819254228454,5.5514438342255925,17.869102976728563,5.882977688386525,17.61119025328543,5.209842495368929,18.581501983396024,3.9090896278307037,25.56298712786317,6.651340225179338,30.89823439969735,5.350392900900029
vocals,160.0,165.0,-299.9388732910156,90.92599487304688,168.76275634765625,51.14452362060547,-47.41788864135742,44.014862060546875,25.313335418701172,21.520427703857422,7.077001094818115,21.46287727355957,7.249589920043945,16.18956184387207,-3.2563223838806152,17.22163200378418,-4.374489784240723,19.21895408630371,2.9089395999908447,12.70418930053711,-14.712499618530273,14.926908493041992,-2.0100371837615967,14.087725639343262,1.0853055715560913,11.974201202392578,-11.374469757080078,12.000397682189941,0.24604740738868713,0.26407721638679504,0.3115861713886261,0.32364004850387573,0.34728536009788513,0.38645127415657043,0.4154922366142273,0.42502716183662415,0.41076940298080444,0.43606212735176086,0.49747321009635925,0.32703202962875366,0.06459360959315176,0.04513344953787484,2007.4895726127784,1071.7097556906822,2216.4878443054495,788.4232751775968,3629.1690835266822,1918.3341842885702,0.0543918122824826,0.039480226194406574,13.701070379950552,5.142578812077212,13.05931951136364,4.966652522310465,17.662243847839488,5.292996249920616,19.32817172426278,5.667945794086469,20.424841732104305,5.157519308791527,28.453924185665635,7.306462954733313,34.63669780295441,5.144016868130903
vocals,162.5,167.5,-270.99737548828125,81.642578125,152.149658203125,45.749671936035156,-35.489315032958984,43.77033996582031,8.162960052490234,22.726999282836914,8.434477806091309,20.357603073120117,4.057590484619141,18.20546531677246,-7.657024383544922,14.372825622558594,-4.758093357086182,17.016738891601562,-1.0901694297790527,13.310725212097168,-16.49941635131836,13.169890403747559,0.07771135121583939,11.531447410583496,2.9076123237609863,11.277252197265625,-12.471442222595215,12.24943733215332,0.30736440420150757,0.2687554955482483,0.26866722106933594,0.29139405488967896,0.2877224385738373,0.32112768292427063,0.3352484107017517,0.3425196409225464,0.4206199645996094,0.44436967372894287,0.5645912289619446,0.4978468716144562,0.06862618337415609,0.052179402235190166,2215.8090109516975,1527.6609465975018,2250.4223660904945,977.2844523248198,3915.6955798651393,2642.922097450683,0.06296449028422274,0.05088667472389586,14.777369568463872,5.581955241031213,12.502520493932915,4.16220773246755,16.764611965953996,4.474768146242925,19.25823991001699,5.333302881906761,20.409927558315808,5.587841205111227,30.106329167130347,8.198103414437192,34.80490457592939,5.011688865527269
vocals,165.0,170.0,-336.0221862792969,91.0477294921875,119.50647735595703,58.311588287353516,-2.6846258640289307,42.38383865356445,20.205724716186523,28.854774475097656,23.617660522460938,29.166933059692383,16.805553436279297,22.89482879638672,-7.973349571228027,17.4252872467041,6.556819438934326,15.085566520690918,7.025583267211914,13.499039649963379,-9.687180519104004,13.83994197845459,-2.777486801147461,12.39798355102539,-1.2576717138290405,11.432683944702148,-8.960392951965332,12.172497749328613,0.425049751996994,0.40755945444107056,0.3811664581298828,0.379589319229126,0.35909220576286316,0.3509955406188965,0.3466947078704834,0.3463815450668335,0.39684903621673584,0.4501938819885254,0.47473689913749695,0.421965628862381,0.04797227103711514,0.046762948932759375,2358.602769612759,2038.6160493134096,2645.308994548608,1032.0008189089478,4042.1469420678654,3401.556287535843,0.0626008283787703,0.077953235201894,15.987341758982323,5.738503433539863,12.365449362825444,4.7175524033328,16.57076353783232,5.040091501074532,16.501358917429314,4.505118584693895,18.376399344415834,4.224681598390248,27.753792099167594,8.102157959738228,30.548274632130116,5.179643037916073
vocals,167.5,172.5,-366.6390686035156,99.47523498535156,106.93748474121094,64.12376403808594,-0.6275174617767334,37.76523208618164,38.45505142211914,31.637815475463867,26.01487922668457,35.4489631652832,22.544654846191406,23.06179428100586,-6.826229095458984,18.907562255859375,3.1952064037323,17.040632247924805,3.9603376388549805,16.110063552856445,-8.865230560302734,16.04810905456543,-4.1611409187316895,11.576952934265137,-3.3738205432891846,10.487146377563477,-7.281543254852295,12.9135103225708,0.4646388590335846,0.44601041078567505,0.45185530185699463,0.4805406928062439,0.44439923763275146,0.405188649892807,0.4035814106464386,0.38835909962654114,0.40123018622398376,0.42082056403160095,0.43058186769485474,0.44340887665748596,0.045883322565701816,0.044942062148800144,2447.00418639205,2016.6171756496046,2743.8790192867796,824.7570036809306,4182.437509063225,3147.060766604053,0.06559622426044083,0.0858658038734796,14.852822260579819,6.178145598886467,12.340386606477505,5.236885168772666,17.050816974783782,5.3112822323729905,15.401588496686887,3.791233411484093,17.867805592658442,3.2458783101168738,24.21416794133194,6.384357903417837,30.63733937913398,6.497140619133563
vocals,170.0,175.0,-359.4801025390625,92.88284301757812,120.51573181152344,60.78196716308594,1.155273199081421,39.66945266723633,15.585938453674316,45.138389587402344,-8.70125675201416,38.71675491333008,-2.5724990367889404,31.40614891052246,-8.116597175598145,19.94973373413086,-4.687282562255859,16.298715591430664,-7.489840030670166,16.44770050048828,-17.216812133789062,19.62335777282715,-9.365926742553711,12.103691101074219,-3.9540443420410156,11.201933860778809,-4.624217987060547,15.271650314331055,0.35232770442962646,0.3922998607158661,0.40366876125335693,0.40073856711387634,0.40358397364616394,0.4104394018650055,0.4079633057117462,0.3703191578388214,0.29777225852012634,0.28125080466270447,0.30075427889823914,0.3066086173057556,0.07056870710200862,0.06223232133549747,2014.9105436860305,1624.2449995822103,2346.152258905925,962.8591859268612,3304.722166835847,2719.173769187183,0.05540576058584687,0.06576556558331784,12.644272925007721,5.046576032638297,16.26717365791755,7.553881550216114,18.15048757740656,6.277942633962739,18.25062618912963,5.323017106600538,20.356058195057404,5.045441372337706,24.744273422497635,6.96682499519993,31.572182337836264,6.807622221291328
vocals,172.5,177.5,-344.404541015625,88.1885986328125,145.94866943359375,44.70654296875,3.3902714252471924,39.686771392822266,0.7950255274772644,32.962406158447266,-7.559667110443115,36.46404266357422,-6.879586219787598,27.591400146484375,-11.325724601745605,20.87140464782715,5.045314788818359,18.22180938720703,-0.7696989178657532,17.779382705688477,-18.993900299072266,19.13738441467285,-10.235539436340332,12.330833435058594,-3.071948766708374,11.039153099060059,-5.497815132141113,14.523842811584473,0.3741072118282318,0.4465404152870178,0.4669409990310669,0.41542884707450867,0.36836913228034973,0.37085071206092834,0.34763386845588684,0.32624587416648865,0.2725595235824585,0.24649858474731445,0.24784746766090393,0.2883661091327667,0.07615051037546035,0.06039786153267206,1746.7145523618342,1208.3163725372892,2341.85823725943,1127.096688371072,3069.855373586137,2750.404996689383,0.04138381851798144,0.032801243978187455,14.613513799756406,5.880128695751884,17.242905378234692,7.332839531066645,17.917406649209347,6.076331705416586,18.702297712128058,5.48493136854396,20.637729260810808,4.947535206109207,28.248552317068118,8.329361669318224,30.63538185839802,4.933768182478347
vocals,175.0,180.0,-359.49188232421875,100.23918914794922,147.3412628173828,53.76213455200195,-2.780029058456421,37.684722900390625,21.79609489440918,30.73462677001953,18.474515914916992,30.348459243774414,14.43467903137207,20.795602798461914,-11.251953125,20.21450424194336,18.787273406982422,14.077446937561035,8.949674606323242,12.857148170471191,-9.695615768432617,17.090545654296875,-3.2215797901153564,11.878347396850586,-4.768867492675781,11.855649948120117,-8.860787391662598,11.378125190734863,0.5081202983856201,0.5496184229850769,0.5699018836021423,0.5358582139015198,0.46514785289764404,0.40424907207489014,0.3457466959953308,0.321272075176239,0.3331584930419922,0.3562987744808197,0.3883025348186493,0.4444732367992401,0.0464606193934725,0.0400306812924978,2188.5813104071212,1539.97831888216,2854.378953117644,1037.284693350754,4104.648188261311,3173.266679648921,0.04841801406612529,0.04777985816523421,16.775548219330325,5.9302611779717544,12.857473774979994,5.115123638277502,16.313133863356054,5.053404990827045,16.552697504623108,4.010091034907076,17.93483698605422,3.6301223892111874,27.311945517464547,7.87630569254645,29.444557985570555,3.9977824060390277
vocals,177.5,182.5,-378.7309265136719,93.57769775390625,129.2574005126953,53.88725662231445,-10.193608283996582,39.98655700683594,13.805459976196289,33.94562530517578,17.893640518188477,26.53766632080078,12.267160415649414,17.261398315429688,-14.939054489135742,20.0698299407959,0.013816886581480503,22.826356887817383,-11.667868614196777,25.113399505615234,1.871206521987915,14.175582885742188,0.5358280539512634,12.313090324401855,-7.701290607452393,10.055612564086914,-12.25210952758789,12.054121971130371,0.5319274067878723,0.4836827218532562,0.4870789647102356,0.42393016815185547,0.33571556210517883,0.3259910047054291,0.3068898320198059,0.26044610142707825,0.25907471776008606,0.3043917715549469,0.4164574444293976,0.4976523518562317,0.04368661659020982,0.03947845276171571,2385.356611698145,1763.9022917965665,2899.081742872363,989.7268360280707,4219.458630909223,3404.9328060795688,0.05855296548723898,0.06285727271066129,13.216625591953646,5.623765870861241,15.247732382679391,6.594818702493656,17.68571887458594,5.7458518512306656,17.601602651267388,5.360673693075563,19.16246164156242,4.99580567932178,24.397756417356046,6.476759832118647,29.82755472230249,4.811108755413335
vocals,180.0,185.0,-366.1934509277344,100.89077758789062,109.80670928955078,56.7157096862793,-10.77898120880127,36.21714401245117,2.771404981613159,27.74891471862793,9.804153442382812,20.208234786987305,6.018759727478027,14.387645721435547,-19.926176071166992,19.103784561157227,-16.050643920898438,18.391761779785156,-21.972637176513672,22.219568252563477,0.013508453965187073,14.782029151916504,-1.4374594688415527,12.983609199523926,-8.989980697631836,10.743539810180664,-14.421621322631836,10.678311347961426,0.48461970686912537,0.3719022870063782,0.32980138063430786,0.22492584586143494,0.16024844348430634,0.2153080254793167,0.27572399377822876,0.20291711390018463,0.21925117075443268,0.3396420180797577,0.4969545900821686,0.5350704193115234,0.05984921374165382,0.056865961987549805,2516.3474119123007,1850.5821886418905,3139.5689834741106,1227.7590536359376,4236.5952635585845,3577.3627896876965,0.07028644322795824,0.07028014885214928,11.450362861444729,4.753851509539626,16.99920400708967,6.603746652967217,19.345296857415,6.32829312878717,19.234667490561755,5.275906499510545,20.479154906653008,5.3549743754328585,24.044318081599613,6.99396109927215,30.687082889585557,5.251842665875239
vocals,182.5,187.5,-389.2575378417969,105.94174194335938,92.8725814819336,67.97684478759766,3.552481174468994,37.084285736083984,24.765239715576172,34.56550216674805,16.0418701171875,21.1861572265625,11.4899263381958,19.21519660949707,-12.625590324401855,18.183937072753906,-1.3898987770080566,19.520692825317383,-3.651947498321533,22.55670928955078,-5.121766090393066,13.683914184570312,-4.699410915374756,11.166450500488281,-8.762492179870605,10.518562316894531,-12.142437934875488,11.517638206481934,0.4774162173271179,0.4416884779930115,0.413690984249115,0.36838921904563904,0.29905858635902405,0.2800348997116089,0.3462904393672943,0.33281710743904114,0.2751052677631378,0.3564063012599945,0.49188488721847534,0.5352170467376709,0.045042091509378074,0.0527866050427476,2820.6123287093496,2085.282640732609,3471.993907257684,1404.6777356213681,5038.31988199681,4029.853673080107,0.08420189240139211,0.08530170223588987,13.814873435616088,5.830289564724163,13.442645240231645,5.933652680325195,18.39229175880148,5.900650996640573,17.53178082817936,4.765453020326427,19.078600990517312,4.5853941206443745,23.917287338344163,6.956533777363874,29.570372843900433,5.244416985818143
vocals,185.0,190.0,-416.36859130859375,109.90560913085938,117.98114013671875,74.60543823242188,0.6617652773857117,42.44850158691406,37.32474136352539,31.033370971679688,26.1414852142334,21.911407470703125,21.38360023498535,19.046695709228516,-16.25896453857422,19.59142303466797,11.828373908996582,13.077366828918457,12.838374137878418,14.474278450012207,-10.71760368347168,17.88843536376953,-3.5512163639068604,11.223394393920898,-6.547770977020264,12.076288223266602,-13.70739459991455,12.234834671020508,0.4064987301826477,0.4353433847427368,0.4394663870334625,0.462925523519516,0.4480047821998596,0.4353102147579193,0.44932305812835693,0.40509331226348877,0.3637819290161133,0.38373440504074097,0.39704087376594543,0.38288500905036926,0.028033936207133816,0.025345880909194346,2715.798127436485,2045.2446007875203,3197.3697650146514,1261.3576913183442,5040.11847900957,3847.142736575692,0.0729464997824826,0.08114717431139608,16.09153302745379,6.29719006772104,12.665546027519486,5.115637431730131,17.76249889199847,4.942320491337724,16.90836721066726,4.555373112227946,18.20197234010916,3.6479523916134156,25.709596131100508,8.10120833623743,29.589103425188412,5.048249007074062
vocals,187.5,192.5,-403.6846008300781,98.75386810302734,124.58734893798828,66.88565826416016,0.08179447054862976,39.55772399902344,28.662281036376953,29.8527774810791,21.869306564331055,25.040124893188477,18.745248794555664,16.494979858398438,-14.389371871948242,20.919086456298828,13.48392391204834,13.117826461791992,13.336135864257812,12.963783264160156,-11.396000862121582,16.390178680419922,-5.471203804016113,11.251592636108398,-7.158067226409912,13.166584014892578,-10.482625961303711,12.416866302490234,0.3906477987766266,0.4190409779548645,0.4345864951610565,0.4271123707294464,0.4181552231311798,0.4417988657951355,0.45561984181404114,0.4446464478969574,0.4435948133468628,0.43346625566482544,0.42237943410873413,0.3930184245109558,0.028257127124394814,0.028113294155636022,2449.1456062666575,1806.3097343826294,2987.7369280766584,933.4791030037721,4330.3221523346865,3257.586984814721,0.058640199028422275,0.06470384617401113,15.208921675421347,5.911272949983857,12.884017451541856,5.193408320963623,17.67209563525766,5.2392615082258835,16.767300351870595,4.299486217075551,18.076923955290805,3.481958238797766,26.179395366182156,7.99003456492376,29.88940276668183,4.768082050798716
vocals,190.0,195.0,-394.9863586425781,103.15428924560547,118.63014221191406,70.5396957397461,-2.626478433609009,34.5422248840332,33.93888854980469,32.96884536743164,25.986186981201172,30.600921630859375,23.128738403320312,17.48619270324707,-8.863102912902832,18.39499855041504,10.156700134277344,12.777643203735352,4.922125339508057,13.353105545043945,-8.394067764282227,14.144855499267578,-5.725627899169922,11.082605361938477,-6.85424280166626,11.924946784973145,-11.126068115234375,14.123438835144043,0.44123297929763794,0.44411301612854004,0.4801923930644989,0.5310777425765991,0.47424235939979553,0.41955041885375977,0.3893444538116455,0.41140660643577576,0.4557107090950012,0.4508708119392395,0.4290010929107666,0.4370061159133911,0.030156977004301356,0.028191971291746852,2625.764753037633,2031.1305416130294,2972.910732459025,939.773627259098,4531.415290566995,3401.4188093991984,0.06733183185904873,0.07563102085089975,14.16462530746393,5.682402324255875,12.288111018773222,5.326877185548544,17.698052824216322,5.94841009341112,15.979965541261896,4.057968841300963,18.25596629418978,3.4506253781292933,25.121957727421023,6.476101007591087,29.536769266285123,5.509068155981298
vocals,192.5,197.5,-397.9562072753906,104.34420013427734,109.15190887451172,63.56288528442383,-2.005368947982788,34.75690460205078,36.97311782836914,33.33926010131836,34.37418746948242,31.60748863220215,24.337421417236328,18.615875244140625,-4.698380470275879,17.29804039001465,7.483687400817871,10.144304275512695,2.262760877609253,12.961127281188965,-8.820469856262207,14.232929229736328,-6.562046051025391,11.345613479614258,-6.226537704467773,10.67686653137207,-12.005111694335938,14.370979309082031,0.4448080360889435,0.4018591642379761,0.43250516057014465,0.5266386866569519,0.4900580644607544,0.3984435796737671,0.3491073250770569,0.38090530037879944,0.4634552001953125,0.4598424732685089,0.39577600359916687,0.4227588176727295,0.0332823463569351,0.0319319359194555,2555.4114756931945,2006.6666599220553,2948.1164658803086,927.7217824719337,4463.3184092227375,3357.6715737910995,0.06028630727958237,0.07281023406647834,14.58079260330596,5.7482354491673116,12.668356367699678,5.375464671687236,18.043188070730217,5.788642446253193,15.815499364399994,4.347316139882937,18.488364318473906,3.6491552819335946,25.119818726940323,6.2317220722835724,29.245562608955865,5.654881838548602
vocals,195.0,200.0,-425.035888671875,105.2748031616211,105.48383331298828,59.880340576171875,4.888973236083984,37.2400016784668,34.949466705322266,33.28017044067383,28.564647674560547,26.621885299682617,22.304309844970703,18.736534118652344,-0.17568396031856537,15.979275703430176,10.344847679138184,12.232935905456543,3.9673173427581787,13.348812103271484,-6.197861671447754,11.782288551330566,-5.0453715324401855,11.697086334228516,-6.590271949768066,10.578508377075195,-8.619603157043457,12.88329029083252,0.47264280915260315,0.44578102231025696,0.4623296856880188,0.5000278353691101,0.5066329836845398,0.4703333079814911,0.39848753809928894,0.41186633706092834,0.4724045693874359,0.46082615852355957,0.4246934950351715,0.45050570368766785,0.027288558321093098,0.02985141430937942,2436.0930425866363,1866.9490321143026,3037.0134968786656,896.5240837219884,4309.188637434745,3221.7371993314473,0.054788328378770304,0.06787264891399437,14.311040673451192,5.634598526549632,11.849193090831186,4.996819777433557,17.604944607321098,5.455836531275949,16.440074532013213,4.809839868190436,18.233230571780823,3.7414024814269586,23.34133071267649,5.908213069800057,28.677091916355508,5.4759977202525265
vocals,197.5,202.5,-532.6087646484375,143.1094512939453,71.90758514404297,75.09051513671875,6.920492172241211,31.575687408447266,22.83797264099121,28.121408462524414,17.958703994750977,22.90562629699707,16.88728141784668,17.814414978027344,0.3195725977420807,13.11188793182373,7.365402698516846,12.63416576385498,2.619438648223877,10.346492767333984,-1.6739211082458496,9.378122329711914,-2.169379711151123,8.70085334777832,-3.6457364559173584,9.339770317077637,-4.219188690185547,9.487658500671387,0.43888500332832336,0.4125019311904907,0.4570302665233612,0.5100939273834229,0.5916153192520142,0.7050495743751526,0.42449894547462463,0.40228888392448425,0.436664342880249,0.4273253381252289,0.42531299591064453,0.4590788185596466,0.013618061503407863,0.01994532966310259,5027.484114515528,4175.081219695988,4908.63224447435,2715.214048559034,9895.980686267401,8593.117216226243,0.11038554959396751,0.14737764543099557,14.140966336647633,5.361050778906176,9.5532438366881,4.308509438467759,15.915313798426876,5.146863487807032,15.30245719682479,4.291045166974741,16.696295309842252,4.027943418596097,19.497339004262564,6.40045455397604,25.641576139185847,5.501993513162171
vocals,200.0,203.3550113378685,-764.54736328125,117.56373596191406,31.547563552856445,55.371891021728516,9.887534141540527,15.724586486816406,10.85423755645752,13.639442443847656,13.459744453430176,20.464574813842773,9.899131774902344,13.598490715026855,1.5266063213348389,10.055941581726074,4.182301998138428,5.916126251220703,2.7039520740509033,4.49806022644043,1.4786702394485474,5.094893455505371,0.325425922870636,4.981266975402832,0.8432223200798035,4.619658946990967,-0.4655919075012207,6.351816654205322,0.3396868407726288,0.31501489877700806,0.38452768325805664,0.4339519739151001,0.5928657054901123,0.9001997113227844,0.39323899149894714,0.3639388680458069,0.4212089478969574,0.4303287863731384,0.40481969714164734,0.41692495346069336,0.0017867236899691713,0.005359072590892338,8539.454395449491,3796.3015744171935,7296.970010057048,2226.4031118043154,17229.17032736808,7676.51256227604,0.12676389489619377,0.1688574733490852,14.353417073674958,4.1814484645839505,8.04149706005851,3.1521332953149583,14.229769135456717,4.278514609384644,13.88560879703246,3.275913093831029,14.436311422333775,2.866038225672736,15.625458705714657,4.592372884844738,22.224805493351532,2.923336776848539
vocals,202.5,203.3550113378685,-984.1983642578125,4.75459098815918,50.23652267456055,4.418935775756836,27.226423263549805,2.9062764644622803,7.567694664001465,3.4375367164611816,19.203535079956055,3.2642102241516113,8.318893432617188,3.7023696899414062,7.190216064453125,3.947448968887329,-2.4479618072509766,3.356703519821167,6.110494136810303,3.315420627593994,-2.508054733276367,2.8455731868743896,1.7417241334915161,3.06457781791687,-7.0982890129089355,3.2103960514068604,-1.9014525413513184,2.934195041656494,0.1996813863515854,0.18714499473571777,0.27084702253341675,0.31129440665245056,0.5581445693969727,1.0,0.27474164962768555,0.24759268760681152,0.36729463934898376,0.4438565671443939,0.41933947801589966,0.314555287361145,1.6556170902657794e-05,8.276751428482604e-07,10907.197492173585,50.56644682990402,8431.37691137484,109.29935168524293,21621.66385135135,57.143647028935604,0.016891891891891893,0.004514536983418268,16.691974307045562,2.685202603644755,8.19828678148886,3.029422753041853,13.326265590754435,3.598430190972414,12.612056101128978,2.9258148961813357,13.117933327515725,1.6757454104376508,13.629757285621174,1.6572552010757156,21.659503097819712,0.6967887029305122
no_vocals,0.0,5.0,-351.0353698730469,65.67681121826172,123.07868957519531,34.53793716430664,32.10340881347656,19.713682174682617,4.787109375,13.551553726196289,2.2579281330108643,10.54260540008545,9.742668151855469,8.952609062194824,10.231176376342773,8.84091567993164,3.86126971244812,6.395021438598633,1.7919152975082397,6.565425395965576,2.5061113834381104,5.866512775421143,3.4004173278808594,6.3870720863342285,5.585400104522705,6.333004474639893,2.9968762397766113,5.80556058883667,0.6598085761070251,0.7315047979354858,0.7102673649787903,0.6666756272315979,0.6541951894760132,0.6384330987930298,0.5348095893859863,0.5213373899459839,0.5227680206298828,0.5647655725479126,0.6170726418495178,0.6043338775634766,0.030181137085333817,0.051410908102794785,2188.2478175118868,1719.207326840982,3575.3358669410636,1327.3160093122815,4223.505474187935,4271.089461184423,0.060614849187935034,0.09620365648697388,12.46876693150246,4.868520181995006,8.761117101472877,3.2334958316366342,11.390890515082022,3.2105700539271673,13.982416801760058,3.3244956260528835,16.56029729595959,3.024011426196213,15.498369429588104,2.187395202945928,25.01183582794738,3.9959782548978366
no_vocals,2.5,7.5,-371.9307556152344,71.43895721435547,160.7315216064453,28.42540740966797,23.937232971191406,21.33096694946289,14.102729797363281,14.279385566711426,2.8766517639160156,13.0575532913208,14.446109771728516,9.950326919555664,16.374202728271484,9.914056777954102,5.083652973175049,8.871278762817383,7.166284084320068,9.042339324951172,3.8856279850006104,8.019001960754395,5.173097610473633,7.439777851104736,9.448860168457031,6.765876293182373,3.7853426933288574,7.006584644317627,0.7794346809387207,0.7946604490280151,0.7866500616073608,0.6684671640396118,0.5877004265785217,0.5835369229316711,0.49797913432121277,0.48084041476249695,0.4672911465167999,0.5175522565841675,0.6025704145431519,0.6803917288780212,0.029918119261633354,0.024546672681502364,1619.6806384680203,1159.8504890444349,3005.8826456532543,1013.1441975924762,2898.8387742894433,3156.5639437296218,0.023343469040023202,0.026434624556080893,14.33229321794074,5.1085347769832845,9.742418714600625,3.6629711651937655,12.461548411032068,2.988825438314958,14.855806647105888,3.462226296324129,17.126130076875206,3.05934572956521,16.010332906458896,2.3947600750197715,24.080567367447024,3.742741592641503
no_vocals,5.0,10.0,-354.98797607421875,97.45756530761719,158.5516815185547,26.195510864257812,15.322653770446777,27.35123634338379,13.138040542602539,14.892505645751953,4.247416973114014,11.588556289672852,13.712478637695312,9.788957595825195,11.188372611999512,13.073296546936035,6.021646976470947,9.319011688232422,5.894735336303711,9.222885131835938,5.021177291870117,8.490151405334473,4.080926418304443,7.188333034515381,7.182839393615723,6.630297660827637,3.1145076751708984,7.385107517242432,0.6582139134407043,0.6491459608078003,0.5919681191444397,0.4512608051300049,0.48505574464797974,0.507565438747406,0.43306320905685425,0.42426392436027527,0.45396050810813904,0.5542700290679932,0.6671850681304932,0.6285862326622009,0.03487513389377887,0.03114075731112,1702.0553062828978,845.0600653347813,3058.6565373580283,914.6007304681928,3072.303463964617,2548.8578711722434,0.026711590052204175,0.018078566746505,12.843904249019849,5.363981638809542,10.289295028940098,3.482742924538438,12.644757111278746,3.315300834423943,15.848389058795938,4.191564989703931,17.013856740207544,2.9896746972590336,17.34876878707789,3.8248589498009444,24.505546087323538,3.6742162210017604
no_vocals,7.5,12.5,-448.056884765625,158.5059814453125,127.29598999023438,52.7946891784668,18.147640228271484,29.346168518066406,16.196426391601562,16.313325881958008,6.4627790451049805,9.950671195983887,10.120607376098633,8.249143600463867,3.5891833305358887,9.983744621276855,4.780485153198242,9.372174263000488,2.247403144836426,7.817349910736084,2.9054079055786133,7.010690689086914,1.1158778667449951,6.069557189941406,3.071298122406006,5.92311954498291,0.4067605137825012,6.336972236633301,0.4605499804019928,0.5085696578025818,0.4654960334300995,0.4001038670539856,0.5002161264419556,0.4885684549808502,0.34071168303489685,0.3201128840446472,0.4125608801841736,0.5891451239585876,0.6172390580177307,0.45448702573776245,0.020387560057047574,0.027426726528511844,2915.1197956440687,1739.9645510752837,4454.920509637139,1524.6294943091589,6328.213706315255,4914.852927119379,0.06815771824245939,0.10197953386853188,11.329171363914288,4.707118787412043,10.138403113472114,3.5386387755478577,13.292817674536307,3.332623138976004,16.438937056851874,4.820100203676845,16.376814909382205,3.2737153344519165,17.93812576370779,3.8046644526212,22.767586284473737,3.836734624674821
no_vocals,10.0,15.0,-576.8626708984375,100.87873840332031,144.0797119140625,49.59705352783203,27.66469383239746,19.90705108642578,19.939449310302734,16.284284591674805,9.225202560424805,7.7561774253845215,14.676334381103516,11.650134086608887,3.2381460666656494,9.95848560333252,2.170689821243286,10.443514823913574,5.797158718109131,8.544174194335938,-0.6234292387962341,6.080127239227295,2.428215503692627,7.087764263153076,-1.2425024509429932,6.333314418792725,1.3427770137786865,8.802638053894043,0.45851895213127136,0.4926503300666809,0.5684813261032104,0.409963458776474,0.3794797360897064,0.34463274478912354,0.3332595229148865,0.3649030029773712,0.3952189087867737,0.5306152701377869,0.47308045625686646,0.4686160683631897,0.005075225330985923,0.005415220364409883,3090.051214624891,1870.0799982675524,4865.742313992673,1419.5757623831705,6710.415571526973,5259.10125965447,0.06853724079176333,0.10300749404542292,11.3841089130255,4.239477904529942,11.543048575246846,4.497932698879438,14.662617153374095,4.096340239222717,17.71678426854849,5.016449220083744,17.58242658254056,4.248498221614691,18.177501217256907,3.192634595744698,21.64624053789788,3.0333936133743666
no_vocals,12.5,17.5,-486.25469970703125,80.25528717041016,168.13125610351562,39.09820556640625,19.78851890563965,21.08138084411621,20.46552848815918,13.546867370605469,8.40082836151123,8.481327056884766,19.645751953125,9.488736152648926,-0.30997928977012634,11.575636863708496,-1.982359528541565,11.242483139038086,2.129405975341797,8.930030822753906,-2.786801815032959,6.976258277893066,1.7415282726287842,7.1787333488464355,-0.770500898361206,6.628456115722656,0.5009279251098633,8.220444679260254,0.34579935669898987,0.3490000069141388,0.5913923382759094,0.36706361174583435,0.17723636329174042,0.18285943567752838,0.3639149069786072,0.5754604339599609,0.3926280736923218,0.3401923179626465,0.3010713458061218,0.38525673747062683,0.01017935613956002,0.005125735942717182,2063.115291788077,1212.9134467663598,3732.0343365266026,1136.3241017762953,3719.998232671114,3492.1965876137333,0.035654727378190254,0.02151330649990168,10.791233003514307,4.321935777996541,12.264723383640268,4.240696297406058,16.908726290916725,4.401213789740319,20.609299852008057,4.688563484165224,20.79060482717957,4.577303712082478,19.752311333989546,3.6839157589874705,22.89314765926129,3.1562991126748936
no_vocals,15.0,20.0,-439.03900146484375,31.21636962890625,189.65135192871094,17.4793701171875,4.291523456573486,20.421764373779297,11.98356819152832,10.593365669250488,8.830330848693848,9.853106498718262,12.057146072387695,9.182226181030273,-4.361715793609619,9.023365020751953,-9.018058776855469,10.51284122467041,-0.6768196225166321,7.982612133026123,-3.7550621032714844,7.45063591003418,0.1751949042081833,6.55275821685791,-5.2871246337890625,8.60649585723877,-4.319082260131836,8.584663391113281,0.36599934101104736,0.32544922828674316,0.5035630464553833,0.27148276567459106,0.11903011053800583,0.10409758239984512,0.22458197176456451,0.39459720253944397,0.31441932916641235,0.4297880530357361,0.2715950906276703,0.27659469842910767,0.013783271057129322,0.005842783771573633,1513.141173000012,377.7870535402241,2865.2525310124506,624.2065785823983,2262.335275884571,976.6800335781552,0.03198978574535963,0.00929678105817892,10.781712307199085,4.687398843344383,12.0000603484605,4.049345824045874,18.846282835570502,4.228546639430606,22.08708945955559,3.607298110827735,23.14404495730797,3.3034704065029894,21.337256668589596,4.0715384522967195,23.152869544367938,2.827985107730162
no_vocals,17.5,22.5,-430.2402038574219,30.653825759887695,192.13125610351562,14.635919570922852,-4.426181793212891,20.480789184570312,12.752410888671875,11.211490631103516,6.351935386657715,9.687273979187012,6.558603763580322,8.53491497039795,-7.144588947296143,7.814795970916748,-12.621471405029297,8.282092094421387,-4.55990743637085,8.463448524475098,-5.074272155761719,7.574389457702637,-2.700272560119629,6.211720943450928,-10.333654403686523,7.187969207763672,-8.453852653503418,7.282194137573242,0.30943989753723145,0.3170504570007324,0.5916411280632019,0.30949124693870544,0.08047399669885635,0.05909140408039093,0.1597057580947876,0.20453378558158875,0.20230525732040405,0.43960151076316833,0.25700297951698303,0.2544436454772949,0.015144259645117408,0.005892283949634934,1510.0835454015958,272.5044898587573,2705.493066680486,546.6904750201052,2251.4437717517403,557.3406742363841,0.03374578560034803,0.010261770283495699,11.254123835560089,4.705247029114592,12.749578492838342,3.876906582782064,19.509531310046828,4.212248647370342,22.645653737247912,4.182166485024441,23.448064421199646,3.6603693236200647,22.28391487869163,4.725777530091005,23.439560521303072,2.908225165398062
no_vocals,20.0,25.0,-422.248046875,34.289241790771484,195.3089599609375,17.89559555053711,-10.554529190063477,23.09996223449707,17.328248977661133,12.497429847717285,4.309482574462891,9.501893043518066,4.980169773101807,9.163108825683594,-9.213706970214844,9.111605644226074,-8.16582202911377,8.273580551147461,-5.6090989112854,7.047146797180176,-6.265158653259277,6.621304988861084,-5.597423076629639,6.1215996742248535,-12.722650527954102,7.867067813873291,-7.438892364501953,7.369907855987549,0.36857306957244873,0.30381572246551514,0.6123565435409546,0.3373680114746094,0.08057576417922974,0.07897215336561203,0.25161704421043396,0.3134547472000122,0.17307212948799133,0.21280205249786377,0.20732152462005615,0.44790953397750854,0.015960180564738136,0.004419648698907191,1545.8474560512946,344.63036899727484,2672.9062647047895,587.4637777191327,2402.775725964327,893.0359716914026,0.03636052602958237,0.009937872382517957,11.199448182399978,4.0853655787936205,12.848512554971482,3.477933011945061,19.37065303473595,4.268724017974706,23.095323822214183,3.9994666905915914,23.546570803976213,3.6773011157552666,23.022047701019357,4.786479192727518,23.33993962732734,3.199166402157311
no_vocals,22.5,27.5,-409.6326599121094,27.339252471923828,202.64500427246094,18.0878963470459,-7.636004447937012,21.29563331604004,12.595979690551758,13.486700057983398,5.252505302429199,12.09229850769043,4.941952705383301,9.258934020996094,-10.782527923583984,9.462889671325684,-8.298516273498535,7.656860828399658,-5.789482593536377,8.429767608642578,-6.265450954437256,6.407508373260498,-4.566432952880859,6.168284893035889,-10.34354305267334,8.962115287780762,-4.957860946655273,7.439400672912598,0.43244582414627075,0.36216384172439575,0.5373641848564148,0.2890438139438629,0.14229507744312286,0.1227804645895958,0.23394988477230072,0.22329775989055634,0.15958736836910248,0.26725196838378906,0.2429683357477188,0.5031863451004028,0.020030671266056684,0.005615966180023616,1406.3929797354501,400.35466896342496,2484.4622898481416,515.3298581292378,2232.5585031177493,1087.8293713357461,0.030872743256960558,0.009104750946449225,10.981135071908495,3.766902144244624,12.242351466256629,3.3549268950700637,18.417516863622634,4.304532714381621,22.408097851336446,3.78197850975407,22.938252935781037,3.2307681951234977,22.706195788586225,4.464460150346028,23.56246057827183,3.071086104478644
no_vocals,25.0,30.0,-396.3262634277344,30.502897262573242,197.21261596679688,21.430978775024414,-6.047625541687012,20.34752082824707,22.40220069885254,17.911964416503906,7.344599723815918,15.744726181030273,11.520112037658691,10.093937873840332,-10.452125549316406,8.721285820007324,-6.73795747756958,9.035238265991211,-8.716940879821777,7.881552696228027,-7.07341194152832,6.17957878112793,-3.5205516815185547,5.97374963760376,-4.870909214019775,6.517618656158447,0.47781604528427124,6.424258232116699,0.3820858895778656,0.3299907445907593,0.3921699821949005,0.31782039999961853,0.3666766881942749,0.23565459251403809,0.26002737879753113,0.3422721326351166,0.25668713450431824,0.3704262673854828,0.2574012875556946,0.3295435607433319,0.0216269327669022,0.005608332085945135,1480.3187228049703,482.84988662101557,2633.9570044989773,530.3870477175408,2547.7126685759863,1425.7959124779725,0.028025757685614848,0.008371987199589979,10.840191366889679,4.150311892734389,10.679753028369047,3.7126171306620637,17.367809137350925,4.252715771157042,21.071652081546507,3.670342510434381,21.173712070582948,3.008165788358966,21.736928329056006,4.208492362942758,24.284002425651284,3.0033961692541524
no_vocals,27.5,32.5,-373.12835693359375,31.011472702026367,187.12318420410156,18.887693405151367,-16.247756958007812,18.28926658630371,34.32461929321289,12.481950759887695,3.95420503616333,15.680439949035645,14.277997016906738,9.124404907226562,-6.822883129119873,8.24421501159668,2.6987736225128174,10.88803768157959,-2.9433608055114746,9.443799018859863,-1.9306628704071045,8.720135688781738,-3.49642014503479,6.687916278839111,-5.55673885345459,6.934083461761475,-1.6246904134750366,8.39030933380127,0.45254403352737427,0.3156927824020386,0.4124774932861328,0.29464197158813477,0.33406469225883484,0.23501244187355042,0.2907387614250183,0.4523358643054962,0.3520480990409851,0.41481173038482666,0.25489503145217896,0.297302782535553,0.020585114399960865,0.004643759870435976,1692.8907777407146,445.2955008356825,2715.1161314493343,459.3707930273513,3109.474468895012,1252.4429752898345,0.037213602088167055,0.01470490512665253,10.155271174009414,3.9743667391135795,10.847098687323456,3.5534831228584562,16.616716732009568,3.9574341661134946,20.081282001256707,3.7196899933125147,20.895536396526246,3.268229125565151,22.634895167537454,4.494400554556173,25.08466292898297,3.1367058750593273
no_vocals,30.0,35.0,-367.6178894042969,27.46286964416504,180.3981170654297,17.473438262939453,-20.41985321044922,14.894242286682129,37.889930725097656,13.589247703552246,-8.15981388092041,12.997990608215332,13.178460121154785,8.713202476501465,-5.000930309295654,8.150228500366211,7.4638261795043945,10.126188278198242,2.062591552734375,7.85250186920166,4.3707194328308105,8.499560356140137,1.57442307472229,7.96327018737793,-3.5842273235321045,7.1402435302734375,-6.9564409255981445,7.2538018226623535,0.41892677545547485,0.3006250262260437,0.42377689480781555,0.2730710804462433,0.21087880432605743,0.17620162665843964,0.2984895408153534,0.4006726145744324,0.4109930396080017,0.6448385715484619,0.34036821126937866,0.3709641098976135,0.01762576742106379,0.004956293037498957,1898.2884738213568,384.07112896893705,2849.4628841372632,396.34127071609055,3707.458014609919,1098.3672045834103,0.0456027497824826,0.013841305763324915,9.797696506166512,3.7766733001877455,11.782743635290371,3.6610917581067657,14.8974418271718,3.6271997620852923,19.576160942077422,3.7277295997300097,20.72101702149541,3.367508319357294,23.906278677342797,4.391540126096169,26.189596261262942,3.2496614641968486
no_vocals,32.5,37.5,-406.819091796875,56.67170333862305,181.3389434814453,18.87189483642578,-25.14766502380371,25.599760055541992,38.160614013671875,15.900209426879883,-13.526070594787598,14.933977127075195,7.271823883056641,10.129194259643555,-2.807960271835327,9.207235336303711,0.40936917066574097,10.504463195800781,3.4679925441741943,7.828312873840332,1.4888989925384521,8.738920211791992,5.116870403289795,6.201951026916504,-1.6545370817184448,5.2598772048950195,-3.59470796585083,7.248071670532227,0.3992558717727661,0.31894350051879883,0.3217706084251404,0.34765005111694336,0.3586835265159607,0.26304227113723755,0.3393002450466156,0.43270134925842285,0.5036596059799194,0.7993720173835754,0.47297072410583496,0.4274634122848511,0.011362803056231092,0.004849429517086624,1977.3210897623721,435.53051651661593,2949.974280968593,466.6359758681764,3917.04452762471,1161.8684552904854,0.04782550572795824,0.017253665702713285,9.67915469952197,3.9140614794750985,10.210349362616723,3.4346106119326905,13.223040717147978,3.5364341926971385,17.8373591284468,4.457197676296359,18.546716689833467,3.7529961207169724,21.428124116459884,4.936910907270689,26.459235580506725,3.1615840805699222
no_vocals,35.0,40.0,-474.83349609375,61.152061462402344,189.59414672851562,21.901071548461914,-9.735269546508789,33.97712326049805,29.492137908935547,15.452411651611328,-1.985810399055481,19.31914520263672,5.704541206359863,11.20195198059082,-0.9863936901092529,10.97750473022461,-0.22786845266819,10.50700855255127,3.6313669681549072,8.1106538772583,-2.600013017654419,7.560539245605469,1.2997418642044067,7.659478664398193,0.9503694176673889,6.571625709533691,-0.2663945257663727,7.375913143157959,0.3748714029788971,0.3441297113895416,0.447943776845932,0.39606577157974243,0.3352178931236267,0.3184455335140228,0.49374234676361084,0.5130453109741211,0.5130089521408081,0.6815389394760132,0.4660528004169464,0.4720657467842102,0.007922685177609964,0.0030688421439796316,1706.712052109362,519.9146726881513,3069.18278267584,672.5536383671604,2949.699100928074,1433.0579061563162,0.040633836644431556,0.019887770676143043,9.790479281616397,3.479224099006613,11.7952651487565,4.559315671635081,14.931982703886778,4.100211051921999,18.48836155064016,4.508925808522124,19.54857229514939,4.819597921955401,22.281309736304774,5.957242950161259,25.398739954723,3.187218343756716
no_vocals,37.5,42.5,-496.52886962890625,48.08890151977539,184.92437744140625,22.96502685546875,7.746015548706055,23.490095138549805,27.606611251831055,11.920262336730957,3.7414510250091553,16.325502395629883,8.001110076904297,11.780813217163086,3.4596431255340576,10.759439468383789,2.1981823444366455,11.393525123596191,6.1033430099487305,8.230701446533203,-0.9453002214431763,8.300559997558594,-1.4610607624053955,7.698332786560059,-0.08925081789493561,7.894566535949707,-2.406327486038208,8.030277252197266,0.45583051443099976,0.33553797006607056,0.4111473858356476,0.3519825339317322,0.32579171657562256,0.31947028636932373,0.502335786819458,0.4744570851325989,0.43863362073898315,0.5409767031669617,0.43698135018348694,0.5948235392570496,0.007708116166300104,0.0029187959605258503,1618.0781777006457,508.16520738765024,3263.4118818379893,703.7434023892256,2614.260758048144,1584.2911581114574,0.032158588312064966,0.012781072218229224,9.800137531436354,3.542679460732435,13.726398553969858,4.011722152332688,15.59555622625539,3.9515082823698453,19.471802444932752,4.624935093510335,20.01920346659755,4.563792837409643,21.62389228334949,6.270356060904824,24.19590293926259,3.2548390572183252
no_vocals,40.0,45.0,-443.5273742675781,58.06586837768555,183.383544921875,20.655351638793945,-6.824814319610596,29.254270553588867,30.95151710510254,14.786620140075684,-8.509990692138672,16.626432418823242,7.071832180023193,10.208375930786133,4.457350254058838,10.956009864807129,-3.08188796043396,10.067627906799316,5.787448883056641,8.348139762878418,2.3011906147003174,8.676639556884766,-1.2703585624694824,7.733804702758789,-5.189944744110107,7.0033440589904785,-4.951901435852051,7.3669657707214355,0.6162248253822327,0.36070579290390015,0.3284774124622345,0.28665587306022644,0.2904638946056366,0.2587369382381439,0.35244041681289673,0.38926202058792114,0.43603742122650146,0.5968167185783386,0.4415338337421417,0.6491197943687439,0.010038110069398986,0.004008173834483888,1819.6970453563533,530.8652498921028,3192.3636609177042,669.1471542676509,3199.704085701856,1645.0484947286286,0.03805421621229698,0.017883715606118823,10.098533442958523,3.973024500820156,12.37143549452675,3.728589310242968,13.843984130910052,3.6336484014444412,17.821061050041404,4.389854877734978,17.902503171879115,3.5813620398782438,17.651578737440555,3.6240239250653246,24.714377280012826,3.687862466563788
no_vocals,42.5,47.5,-423.5785217285156,46.97626876831055,184.7528533935547,18.938583374023438,-12.783598899841309,26.192420959472656,28.861095428466797,13.801538467407227,-8.663352012634277,13.502769470214844,8.622499465942383,9.383441925048828,-1.8691420555114746,12.372183799743652,-3.5919461250305176,10.434000968933105,-0.3206476867198944,9.481986999511719,3.5942399501800537,7.589532375335693,-3.3356130123138428,8.125282287597656,-6.989646911621094,7.576728820800781,-8.55377197265625,7.540627479553223,0.5585532784461975,0.3083479106426239,0.3479222059249878,0.25596508383750916,0.1406160444021225,0.12265242636203766,0.2534959018230438,0.3491700291633606,0.31306198239326477,0.42506957054138184,0.3408634662628174,0.686485767364502,0.0126347729175626,0.0036907878740181682,1795.2224330661284,463.9307194645017,2971.9672236871384,590.6346150388017,3119.0669862964037,1310.8444968265903,0.043214589979698376,0.017090762101590096,10.966827701033958,3.8321425706419507,12.297061461693277,3.4425862786010892,17.267471717886142,5.092114521883007,21.256706969759893,5.241687766339826,21.430110363475066,4.840464345404729,21.90567693930252,6.116157563478704,25.914920977393507,3.008688862219486
no_vocals,45.0,50.0,-439.10028076171875,47.55565643310547,179.64422607421875,17.31083869934082,-16.829832077026367,21.986675262451172,25.909452438354492,10.30534839630127,-0.39538630843162537,14.085872650146484,8.298285484313965,8.919516563415527,-8.653844833374023,10.534850120544434,-2.161302089691162,11.160883903503418,-5.235442161560059,9.684639930725098,3.3966143131256104,6.618373394012451,-1.487539529800415,8.857430458068848,-6.7752180099487305,8.052688598632812,-9.451645851135254,7.435103893280029,0.42279648780822754,0.2623623013496399,0.40473097562789917,0.23211312294006348,0.08604103326797485,0.04635356366634369,0.12786000967025757,0.22783800959587097,0.1855701059103012,0.3295198082923889,0.232341468334198,0.5357990860939026,0.011644795781169994,0.004069488638568147,1798.9495153069486,366.1671506689292,2885.0081142156623,453.1507257006515,3047.622716067285,944.8294051215584,0.04434296149941996,0.013673071592997606,10.720728684746224,3.639778433528059,12.997137301994586,3.4894650564377776,19.945676015319766,4.381467448333762,24.174513785648337,4.130427645226596,23.65803503496983,3.5282818450847717,26.704481258215093,5.118195241665171,25.322506562304483,2.88940148722345
no_vocals,47.5,52.5,-485.6426086425781,78.79998779296875,173.99652099609375,18.241708755493164,-6.107428550720215,30.667081832885742,25.896949768066406,10.044907569885254,11.475825309753418,15.148704528808594,6.910208225250244,7.222443103790283,-7.371599197387695,9.78213119506836,-2.8308236598968506,9.261252403259277,-2.514472723007202,9.627128601074219,2.6503922939300537,7.407759189605713,4.369571208953857,8.269049644470215,1.1155884265899658,10.392444610595703,1.2045717239379883,11.035937309265137,0.3020362854003906,0.23573149740695953,0.3960801362991333,0.1856304556131363,0.1029636338353157,0.10346174985170364,0.24018146097660065,0.552424967288971,0.2893863022327423,0.3434561789035797,0.24020859599113464,0.3420129120349884,0.00817759035642987,0.004046680491698775,1920.1380960506146,470.5217911109812,3437.1253761547314,1010.8509600812695,3245.168621302204,1551.6598018046702,0.050161551986658934,0.026916368216557098,10.584270925589037,3.436409247332011,12.453881659590577,3.7148882248399215,19.23635635636722,3.643565239130141,24.615786760044077,4.083088842132178,22.087031656420624,3.863802214784192,24.628734247673968,5.754895454844746,23.880525809255868,2.894287885439409
no_vocals,50.0,55.0,-582.298095703125,76.32772064208984,150.92787170410156,33.1601676940918,24.77790641784668,29.284944534301758,27.642709732055664,10.88156795501709,16.70102310180664,9.61237621307373,7.704229354858398,8.072999954223633,-3.507978677749634,9.102463722229004,-3.6652112007141113,9.988768577575684,-1.7356024980545044,10.075966835021973,-5.07275915145874,10.675323486328125,0.7943023443222046,9.969511985778809,0.34508994221687317,11.156169891357422,2.9614105224609375,9.868664741516113,0.3006014823913574,0.23504291474819183,0.29966551065444946,0.27187058329582214,0.30665168166160583,0.2909908890724182,0.29694074392318726,0.6248682737350464,0.33574923872947693,0.20103701949119568,0.2450474500656128,0.3682977557182312,0.004810608728014132,0.0033505566732280447,2450.9305631376687,1308.2554598485021,4420.365182876405,1365.5276225451955,4875.696735426334,4316.98978856989,0.04928015334976798,0.04093898549315808,11.522332282524102,4.276338437424347,12.329041617489757,4.557398800368235,18.88833182191568,5.298516095385981,20.671579782367427,6.365004113974866,17.79739030307323,4.779180150672521,19.178786023765053,5.092162830537031,21.482005410236074,2.9880867030017395
no_vocals,52.5,57.5,-586.2843017578125,56.989166259765625,155.80783081054688,42.70865249633789,37.22674560546875,21.03620719909668,24.942869186401367,12.488462448120117,15.65284538269043,10.443451881408691,6.444541931152344,8.972267150878906,-3.1020495891571045,9.579461097717285,-9.693517684936523,11.613784790039062,-9.519231796264648,10.755036354064941,-7.497634410858154,8.907191276550293,-1.3583015203475952,8.827268600463867,-6.766456604003906,8.07205867767334,-3.639227867126465,9.103673934936523,0.4007711112499237,0.3018907904624939,0.31565365195274353,0.36380118131637573,0.5353499054908752,0.4200569689273834,0.26144328713417053,0.3788517713546753,0.2884504199028015,0.216125026345253,0.2369377315044403,0.41221368312835693,0.006276808630079765,0.005191123994827807,2230.2792320051844,1425.5097123290477,4082.635867715006,1483.1266335237112,4372.189493909513,4520.1575364057635,0.03462831714037123,0.03415154882769973,12.53086511328661,4.4701079229911125,11.149077332607678,4.365921181383781,18.09434310502977,5.570935792733406,18.00111844689282,5.125612194266259,18.24631155646551,5.970258865235607,17.097548818586137,2.763736985606664,19.550004736946264,2.103667502476817
no_vocals,55.0,60.0,-546.4642333984375,41.66704559326172,190.6183624267578,31.43170928955078,31.878517150878906,23.122636795043945,28.94063949584961,14.531851768493652,21.573434829711914,11.203625679016113,7.141451835632324,11.162598609924316,-0.46966707706451416,9.942569732666016,-11.099353790283203,10.248641967773438,-10.733887672424316,10.112712860107422,-2.834012746810913,7.855576038360596,3.150036334991455,7.194890975952148,-6.047238826751709,8.422733306884766,-2.76118540763855,9.740209579467773,0.4278222322463989,0.33855706453323364,0.4141828417778015,0.47482457756996155,0.5927810072898865,0.39347219467163086,0.355763703584671,0.5093801617622375,0.3597322404384613,0.2681167423725128,0.3042345643043518,0.5069089531898499,0.009886301993694925,0.00571228813992486,1279.4432486597018,618.3138405316357,2918.9023310493776,1029.6239799667057,1785.4073013341067,1621.046420674143,0.021435660165313224,0.01051050036839192,14.766078071940429,4.63970553329646,10.104278161864151,3.1599003021630114,17.640629483085014,4.128524228655785,19.278090702818986,4.464360715139284,21.21905521682661,5.655130947271796,18.004360926318007,3.1178101390028616,19.537751260959176,1.8696045514391315
no_vocals,57.5,62.5,-512.2252197265625,53.23686218261719,195.10997009277344,25.019210815429688,14.493168830871582,29.197452545166016,38.86249542236328,16.245885848999023,20.88521957397461,12.702088356018066,4.472944259643555,12.360466957092285,-0.19926342368125916,10.557908058166504,-10.851150512695312,10.634221076965332,-7.389427661895752,10.726231575012207,-0.3153591752052307,9.200876235961914,4.6561408042907715,8.210565567016602,-5.142161846160889,8.628808975219727,-1.6675111055374146,10.141373634338379,0.41352662444114685,0.26459190249443054,0.33799684047698975,0.40179890394210815,0.552915096282959,0.40769529342651367,0.33400824666023254,0.49872660636901855,0.3066435754299164,0.22199870645999908,0.25871121883392334,0.429618239402771,0.013044860482479504,0.006154193705864931,1253.1903852323026,502.41241476934977,2463.9958162323846,720.0628134160784,1952.4270183802205,1170.410764864068,0.030625770374129932,0.019475667001727603,15.363249939714487,5.410432274615662,10.386786990914711,3.7791979725516636,17.84528705197073,4.311526292378447,21.365383274484984,5.577578959405273,25.26083800507021,6.985131892763453,24.195217969482187,8.155087376200386,21.605179389013482,4.0959183933215355
no_vocals,60.0,65.0,-492.1241760253906,46.752899169921875,196.92056274414062,21.975543975830078,7.837752342224121,26.740888595581055,39.25368118286133,15.580692291259766,18.607616424560547,11.383953094482422,0.02380240149796009,11.724427223205566,-2.36568546295166,10.008275032043457,-12.367728233337402,9.77321720123291,-7.594545841217041,10.414260864257812,1.2691419124603271,8.382651329040527,7.60068941116333,8.535761833190918,-3.6246702671051025,8.113408088684082,-1.911868929862976,10.016457557678223,0.30840930342674255,0.15452954173088074,0.2136782705783844,0.30808204412460327,0.49872952699661255,0.35098975896835327,0.3053249716758728,0.5541805028915405,0.25288471579551697,0.12870900332927704,0.1957089751958847,0.3832228481769562,0.014432329639658471,0.005749742486339573,1300.3662809609361,407.1233729118596,2382.9607469425473,540.2852638872315,2100.5614667923433,947.2557784256329,0.03472121519721578,0.01770870859031271,15.012283173178117,5.1980607022144705,10.634007719297026,3.8711687056671398,19.03366722184556,4.948884977130548,25.019913313905572,5.222707857172555,28.202744908266695,5.0504027261036075,27.38185248708068,6.821451805077809,21.858700473504975,4.380175651928491
no_vocals,62.5,67.5,-502.04766845703125,55.041465759277344,194.83590698242188,21.30898666381836,13.686766624450684,27.156551361083984,38.72723388671875,13.907248497009277,20.86976432800293,12.246936798095703,3.95829701423645,13.084659576416016,0.736066997051239,10.084784507751465,-12.076496124267578,10.024017333984375,-9.73173999786377,8.965764045715332,1.5288969278335571,7.46408224105835,10.0865478515625,8.922528266906738,-0.8681963682174683,9.347530364990234,-0.9433948397636414,9.123100280761719,0.2425711750984192,0.151657834649086,0.2392963171005249,0.3615324795246124,0.5709511637687683,0.40148523449897766,0.3202488422393799,0.5436451435089111,0.27090686559677124,0.15412481129169464,0.20747454464435577,0.38353431224823,0.014331862816625986,0.006262994078122859,1225.1338166807125,403.1450871864465,2394.202021187442,536.3802920514112,1910.9593650304525,927.4467709148581,0.030848952291183295,0.015337559174678647,15.972512621154966,5.141862005066904,11.219532871297623,3.811154818315964,19.78195819877947,4.739189108784926,24.592783931875015,5.324838304913787,27.557376567303724,5.027081418223422,25.613103164530436,6.63088547186674,21.108312228715306,3.686674464037292
no_vocals,65.0,70.0,-491.9183654785156,47.171268463134766,193.53965759277344,20.001529693603516,10.966537475585938,23.95233726501465,41.00247573852539,15.833157539367676,19.64431381225586,15.639113426208496,5.463637351989746,10.822553634643555,3.9208273887634277,9.965289115905762,-9.07998275756836,10.588454246520996,-4.118905067443848,11.57200813293457,4.420347690582275,8.408341407775879,7.452095031738281,8.52710247039795,-4.190003871917725,11.155369758605957,-2.646224021911621,11.647439002990723,0.3415001928806305,0.20130354166030884,0.2807183861732483,0.32622745633125305,0.5289019346237183,0.503684937953949,0.2826184332370758,0.3274093568325043,0.2744412124156952,0.25271520018577576,0.2550167441368103,0.38709649443626404,0.015768731011319776,0.006052046033287176,1254.8486542646565,398.15282121585284,2334.3893153088284,514.4352131695399,2117.0486060759863,903.4787612569495,0.03393044881090487,0.016695058672240966,17.599818351976207,5.480918592212603,11.984389045701104,3.558099927705964,19.78135410530689,4.678431653425417,24.549545682459293,5.802669431856872,28.551172675215575,5.568647327481936,27.529307546398215,7.444582683253573,22.352552730529727,3.9990306274254057
no_vocals,67.5,72.5,-498.71856689453125,49.514862060546875,191.29983520507812,25.239269256591797,20.764930725097656,21.39732551574707,37.816253662109375,15.803696632385254,21.301382064819336,14.70798397064209,9.331655502319336,12.043303489685059,7.813557147979736,10.390604972839355,-1.3458025455474854,8.4820556640625,2.1366755962371826,10.762537956237793,3.4780592918395996,8.800822257995605,1.7797021865844727,8.419831275939941,-6.751021862030029,8.864212989807129,-4.0805230140686035,11.417701721191406,0.3066779375076294,0.219333216547966,0.2916896939277649,0.23121966421604156,0.35195639729499817,0.4052707552909851,0.26351848244667053,0.24088886380195618,0.4470648169517517,0.5637500882148743,0.4704960584640503,0.4108124375343323,0.016564852912454346,0.006337785092463297,1128.4194620226754,356.237258863871,2379.9191636800233,622.0100121158395,1718.9091728900812,875.0750822757205,0.02598086753190255,0.016308234990509797,17.36666377479203,5.519186872074567,12.48307892293078,3.4805321065572477,18.165255948795387,4.210482284840005,23.24577537144121,6.172356058136168,25.246783720347203,6.639394734937387,25.411919918186012,7.459954933475158,21.558101262663232,3.8095799202105742
no_vocals,70.0,75.0,-472.43511962890625,65.18924713134766,194.25933837890625,25.035465240478516,12.516904830932617,28.06024932861328,39.236778259277344,14.374772071838379,12.543045997619629,17.329622268676758,13.455925941467285,10.758430480957031,12.649534225463867,9.466103553771973,-0.017330018803477287,7.830871105194092,2.652458667755127,9.063291549682617,-2.3170573711395264,8.08300495147705,-0.31466078758239746,8.997984886169434,-7.3027024269104,9.24857234954834,-0.7127223014831543,9.264623641967773,0.22367717325687408,0.18735599517822266,0.2925751507282257,0.2792221009731293,0.46991562843322754,0.4077790081501007,0.32090330123901367,0.3096331059932709,0.5327785611152649,0.5856108069419861,0.43310290575027466,0.34990301728248596,0.017981732462958505,0.0068777843099236775,1167.2279046838055,421.88319482862966,2379.937458692116,579.7262493384079,1809.5384779219837,1261.4243393692238,0.025384960484338748,0.015479254531733346,16.706730536311817,5.3784316039028015,11.301349046259078,3.7524510676501817,16.814924465590074,4.43411545559612,21.58368915149458,5.957159938712263,22.29590729298582,5.744953106862207,23.104860952497006,7.1330914239095335,22.697454870578664,4.0674633422026245
no_vocals,72.5,77.5,-416.21258544921875,48.04879379272461,193.26304626464844,20.03976058959961,-17.268285751342773,25.562732696533203,42.78586196899414,14.928319931030273,-5.129313945770264,15.728525161743164,12.127386093139648,9.818068504333496,10.270816802978516,9.521760940551758,-4.789796829223633,8.043152809143066,2.5377116203308105,7.322500705718994,-4.084573268890381,8.392288208007812,1.595530390739441,7.640822410583496,-10.710514068603516,9.133430480957031,-0.5943949222564697,9.142167091369629,0.4074869155883789,0.2218281328678131,0.28184768557548523,0.3374954164028168,0.5386075377464294,0.48818516731262207,0.36397218704223633,0.3866032063961029,0.41876956820487976,0.34416463971138,0.25490763783454895,0.37555360794067383,0.016823044172628608,0.006441182723426416,1612.7558324083836,533.044710474706,2523.448223390839,484.9341038760002,3068.106737601508,1486.008445854898,0.04020786506670534,0.018302323770429153,15.467548312310686,5.081013753856201,9.975785671536947,3.266335353789997,15.615065524829179,4.26699395790693,20.157653265453128,5.946365428297206,22.057608942270033,5.332926454252272,22.484528086208687,6.368429203527911,24.93211765574591,3.910867866038596
no_vocals,75.0,80.0,-408.5677185058594,45.75765609741211,185.6320343017578,19.007917404174805,-15.65079402923584,21.53921890258789,38.343143463134766,14.566457748413086,-2.685389518737793,14.329934120178223,8.714616775512695,8.823471069335938,6.37756872177124,8.554177284240723,-8.076212882995605,8.612785339355469,1.471714973449707,7.333399772644043,-0.9216024875640869,8.905613899230957,1.093324899673462,8.702797889709473,-11.483083724975586,8.415643692016602,-2.8953542709350586,8.2569580078125,0.4942252039909363,0.21495038270950317,0.2595866918563843,0.23763099312782288,0.3610217869281769,0.39081916213035583,0.2891116440296173,0.3565326929092407,0.3012651205062866,0.2959257662296295,0.24067407846450806,0.42633056640625,0.017417713311520294,0.007195188641358626,1700.275106262658,435.5682218758626,2580.8502784604966,503.5466810688837,3257.9586445040604,1191.1933403347427,0.0453161252900232,0.016329824514265297,15.65114280836572,5.5644764351768785,10.196091308708267,3.58430716824967,17.117369367407193,4.804074970064032,21.560193273242515,5.6698803417289385,24.31977428823346,5.567489383645341,24.166978493995263,6.340620991553709,24.796198324871206,3.921307201203936
no_vocals,77.5,82.5,-461.99578857421875,62.33143615722656,187.6034698486328,22.213552474975586,8.384237289428711,25.10637855529785,29.018129348754883,14.263741493225098,8.993844032287598,12.597641944885254,7.403241157531738,9.383954048156738,6.795513153076172,8.85319709777832,-5.977604866027832,9.413589477539062,-4.022074222564697,9.339408874511719,-1.7599170207977295,9.517606735229492,-0.5304933786392212,9.100179672241211,-8.774457931518555,8.233902931213379,-2.483571767807007,7.440840244293213,0.5235111117362976,0.20839136838912964,0.22325097024440765,0.24841900169849396,0.4060226380825043,0.3478482663631439,0.266694575548172,0.32951536774635315,0.27777567505836487,0.2711936831474304,0.23215317726135254,0.448007732629776,0.015525961022504245,0.007818656375873876,1433.1752623630368,385.2506188533299,2642.0567071668306,695.82116541419,2376.4962251667635,1020.8520752718752,0.034939865501740136,0.014952457174733518,15.699006676332305,4.681152192841967,10.262370356965498,3.2898978836196844,18.891175417081897,4.451873446528626,23.303745877445998,4.9705820896374355,26.005875461915696,5.1311121326949305,24.97696998190535,6.257786473818465,22.097375803020157,3.5239938670042723
no_vocals,80.0,85.0,-473.8312072753906,53.765018463134766,193.3201141357422,24.33650016784668,7.0793256759643555,27.177947998046875,18.330352783203125,10.187006950378418,11.289449691772461,11.110289573669434,11.753056526184082,10.583669662475586,11.489521026611328,9.50774097442627,-8.439995765686035,10.077042579650879,-12.14991569519043,9.597929954528809,-10.713353157043457,10.953401565551758,-1.6595463752746582,8.211047172546387,-1.7780935764312744,8.853256225585938,-2.5735044479370117,8.30395793914795,0.562217652797699,0.23099780082702637,0.15549877285957336,0.2447541207075119,0.4631754755973816,0.4235714375972748,0.23309920728206635,0.33703142404556274,0.24485814571380615,0.1519002765417099,0.176642045378685,0.45165687799453735,0.015391237437919543,0.007679044888054033,1324.1132920929106,347.95273022746227,2463.5614470482233,751.3186901162563,1995.3935025739559,743.0462000652342,0.03224695475638051,0.012853483683062506,15.18802086525195,4.953990278934319,10.66948059271659,3.8240481395557393,18.94038126608367,4.323044514133811,23.564064220554428,4.529553728374884,26.148372583311843,5.001896339592387,22.827264415077394,4.940690823397632,21.969544592980238,3.652542581116124
no_vocals,82.5,87.5,-441.8446960449219,32.475040435791016,200.4621124267578,17.28849220275879,-7.941685676574707,17.605894088745117,22.03104591369629,14.242547988891602,12.217554092407227,12.416473388671875,11.2333345413208,10.810100555419922,10.174495697021484,11.989959716796875,-12.946053504943848,9.954402923583984,-16.141460418701172,8.855385780334473,-10.836750030517578,10.237523078918457,-0.23574411869049072,8.115946769714355,1.4187442064285278,8.308350563049316,1.549194574356079,9.851902961730957,0.4320598840713501,0.19861377775669098,0.19383759796619415,0.23515205085277557,0.4292587637901306,0.3910802900791168,0.2140364795923233,0.4274670481681824,0.25171351432800293,0.1535707414150238,0.16322194039821625,0.44860348105430603,0.018730804051884088,0.006294649685503076,1283.5066423692583,247.70407608123028,2151.222878414535,429.62552369927795,2041.857258736949,380.1974497246912,0.0362268434599768,0.01285098230106665,15.57641951423616,6.140687084901281,10.991307793540695,3.8346181997833564,19.301977674441464,4.6114532139105915,24.56403729968372,4.0754459800853144,27.950827786008784,3.9397947618659677,24.306795711337383,4.5675693146380985,23.53217986702168,3.3297007305783137
no_vocals,85.0,90.0,-424.6023864746094,35.435150146484375,187.81719970703125,17.215103149414062,0.7759099006652832,18.297277450561523,20.672107696533203,13.15610408782959,16.329862594604492,11.746452331542969,5.434770107269287,10.62532901763916,5.096329689025879,11.277091026306152,-10.138916969299316,10.762503623962402,-15.347066879272461,8.92275619506836,-4.219521522521973,10.379544258117676,-0.011020385660231113,10.269346237182617,0.33948078751564026,8.866724967956543,6.098511695861816,8.51768970489502,0.3800833225250244,0.1885201781988144,0.20767265558242798,0.26191115379333496,0.5197560787200928,0.4397529065608978,0.2341172993183136,0.4673156142234802,0.26547619700431824,0.16843606531620026,0.15851864218711853,0.37923067808151245,0.02106297817599815,0.010774493765634195,1280.499992726603,266.2890555091917,2162.074061228158,387.13168450253437,2042.6066741589327,472.4323907842736,0.03513132613109049,0.012349307651558528,15.988952652785049,5.41217848405027,11.733595088568539,4.117562354347141,19.370558445479034,4.921955428636404,24.98171814986961,4.007047182755215,26.979740725841246,3.938070027178513,25.8106077798379,4.786426124931364,23.456637114376555,3.4831905818295676
no_vocals,87.5,92.5,-425.6028747558594,37.58323287963867,190.17495727539062,20.539714813232422,0.19381731748580933,18.33414077758789,19.4794921875,12.646535873413086,22.154319763183594,14.094037055969238,7.441507816314697,13.24358081817627,4.527799129486084,10.187793731689453,-9.820755004882812,11.246790885925293,-13.624039649963379,8.888046264648438,-3.526585817337036,11.109251022338867,-3.7729625701904297,10.816762924194336,-5.331655502319336,10.073081970214844,3.18791127204895,10.640167236328125,0.34214916825294495,0.21989993751049042,0.3174898624420166,0.24246791005134583,0.41445469856262207,0.5199073553085327,0.23503506183624268,0.2620619237422943,0.17644527554512024,0.14918392896652222,0.15177081525325775,0.3421909809112549,0.024147087299716583,0.011420743332760441,1227.6857216663916,292.2810988231898,2103.3354237640947,480.6972928735296,1974.060143561485,432.8151635950469,0.03345576239849188,0.012490558366247273,16.761733146694827,5.772392691494496,11.792022516799532,3.7199192348379655,20.63821874187849,5.041777414034572,25.283180326751726,4.699534758128576,26.882802343961544,4.394210501580831,26.382691774971118,4.179564884080543,23.034575937172182,3.1102751977272947
no_vocals,90.0,95.0,-438.51043701171875,37.48573684692383,198.10366821289062,21.2474422454834,2.5270984172821045,20.09920310974121,22.074066162109375,14.962339401245117,26.608013153076172,12.904661178588867,8.92094898223877,13.633248329162598,7.177754878997803,9.240156173706055,-9.608633041381836,11.019655227661133,-10.512688636779785,10.500435829162598,-1.328163743019104,9.385273933410645,-3.688438653945923,7.805057525634766,-7.118157386779785,8.610278129577637,1.9471487998962402,11.186131477355957,0.22343799471855164,0.23521196842193604,0.39443275332450867,0.24456627666950226,0.39590054750442505,0.5231395959854126,0.23561164736747742,0.15193654596805573,0.2574666440486908,0.36935025453567505,0.2660200297832489,0.28220635652542114,0.02332228605080128,0.0082513984780764,1161.1734071321082,326.700407417215,2073.7377249781057,546.0133532044163,1955.174874927494,586.2267456512845,0.03195239994199536,0.014567857550446888,16.7647664216975,5.886611526581559,11.21189801914142,3.2580932928182045,20.21324737161474,5.103300886424318,24.092780732072598,4.544205712961026,26.72712416530048,4.571762608460566,25.764751447325732,4.402371129371407,21.888921643941558,3.031329180745644
no_vocals,92.5,97.5,-437.23114013671875,40.67813491821289,202.3186492919922,19.225263595581055,-5.679272651672363,23.31743621826172,24.87362289428711,13.581050872802734,19.722122192382812,12.604909896850586,6.1757426261901855,11.833807945251465,7.293870449066162,9.152969360351562,-11.3718900680542,10.605698585510254,-7.981472015380859,10.908194541931152,3.8186914920806885,12.391965866088867,-0.8903882503509521,8.55771255493164,-6.16072940826416,9.169182777404785,4.492476940155029,10.345563888549805,0.2004234492778778,0.14259275794029236,0.2528638541698456,0.26061707735061646,0.5134841799736023,0.4846533536911011,0.2580316960811615,0.29954662919044495,0.3511408865451813,0.3359964191913605,0.2264140248298645,0.29236266016960144,0.022537230775451715,0.007905264783679623,1234.9709822310824,286.01596660260907,2075.8055205786563,439.58264726985743,2097.2640389356147,573.0712475447347,0.0372997027262181,0.01493458052450013,16.96908465777695,5.236848157777055,11.512881914264867,3.6625642107891427,19.3500789011957,4.450426766232313,25.771642183083234,4.490808717817231,27.892218782466767,4.644589136951753,27.335623061863384,4.536568318034537,22.42166133920679,2.936151240296169
no_vocals,95.0,100.0,-419.1900329589844,36.26544189453125,202.85574340820312,21.445520401000977,-14.54685115814209,17.370697021484375,24.329587936401367,12.429051399230957,17.384645462036133,10.442845344543457,5.942608833312988,11.468770980834961,3.458406925201416,9.73439884185791,-15.117898941040039,8.87405776977539,-9.880343437194824,9.699135780334473,3.1123359203338623,13.098182678222656,2.7068793773651123,8.785778045654297,-6.212005615234375,9.282113075256348,3.4501404762268066,9.601462364196777,0.24934792518615723,0.2690091133117676,0.24986699223518372,0.24546962976455688,0.49293380975723267,0.411249577999115,0.25488758087158203,0.36143356561660767,0.28423669934272766,0.20809735357761383,0.13841784000396729,0.27941346168518066,0.023053979004134712,0.007851368320817481,1343.3192212671881,259.932361202243,2115.228370630687,401.6579836415561,2310.04805775087,432.4074079517115,0.04076412050464037,0.012342335169655036,17.60328272019765,5.028993945016567,11.183064824146948,3.7435210235832646,19.772398413955372,4.110866323503828,26.208611427676267,4.560786068556938,28.8214332320052,3.61865922560294,29.645236710182527,4.534940807964587,23.21760134829041,3.2823347622776904
no_vocals,97.5,102.5,-405.7293701171875,27.15715217590332,207.90505981445312,19.179845809936523,-14.906429290771484,13.622903823852539,28.098604202270508,12.751269340515137,7.426347732543945,13.291667938232422,3.8091213703155518,10.424017906188965,-1.1065272092819214,9.771552085876465,-12.712215423583984,8.21896743774414,-11.203391075134277,8.275959014892578,-2.1033284664154053,9.20362663269043,4.954108238220215,9.262837409973145,-6.694486141204834,8.586524963378906,-3.56691837310791,10.100480079650879,0.32059386372566223,0.29007863998413086,0.29090964794158936,0.19646558165550232,0.34556904435157776,0.26536527276039124,0.20527929067611694,0.3807328939437866,0.2638436555862427,0.2284357249736786,0.18204562366008759,0.3770345449447632,0.02469966140318567,0.007692164637260556,1321.3850839547667,229.81605948449476,2003.0584527282629,333.70389267108743,2286.96606275377,435.2246163008733,0.041493710121809746,0.011781853026372635,17.155636589905022,5.019936569732126,10.684355500186735,3.327541876737918,20.05384099394398,4.214687292871437,25.702468229645856,4.394964810878611,29.122620244371173,3.2621246815933813,31.076568120678584,4.546811395045547,24.856110904654532,3.1398971202841652
no_vocals,100.0,105.0,-442.15667724609375,62.57331848144531,198.4542236328125,22.714658737182617,1.6119014024734497,22.950599670410156,25.684532165527344,12.198431015014648,4.8007731437683105,14.495585441589355,2.0471794605255127,9.730982780456543,-4.159652233123779,10.96327018737793,-11.194328308105469,8.26285171508789,-12.331677436828613,9.411447525024414,-3.3379874229431152,7.735782623291016,3.5440869331359863,11.484745979309082,-6.166229724884033,8.685811042785645,-2.352365255355835,8.993000030517578,0.3149564862251282,0.13871712982654572,0.23056502640247345,0.2087019830942154,0.38598328828811646,0.251261830329895,0.2580181062221527,0.5291348099708557,0.3364930748939514,0.2887631952762604,0.38566896319389343,0.5784435272216797,0.019981108462435827,0.0092715900392163,1384.9650587163894,454.1812716297619,2264.0427421932745,798.972190716,2364.6055004712875,1107.0773191522317,0.042663999057424594,0.01461568091536788,15.999625308368879,4.952631573487864,11.600471057219764,3.66215298281892,19.064027444345427,4.3364843725365,25.372700860310967,5.124998706406375,29.418983777830604,4.9039405667082905,28.987715148219454,6.392728215456458,24.17976924532002,3.606169139480802
no_vocals,102.5,107.5,-471.7129821777344,53.295806884765625,190.93106079101562,24.006832122802734,0.20266957581043243,26.632225036621094,28.693138122558594,13.864962577819824,9.448663711547852,15.569623947143555,-1.2206212282180786,13.201539993286133,-5.131115436553955,11.552639961242676,-11.173379898071289,10.859050750732422,-10.03076171875,11.086729049682617,-1.6203829050064087,8.175667762756348,5.5569844245910645,10.597339630126953,-5.914815902709961,11.536151885986328,0.3545403480529785,10.494933128356934,0.2788269817829132,0.12965743243694305,0.1959758698940277,0.18555229902267456,0.3917875587940216,0.3999328017234802,0.2838636040687561,0.42522892355918884,0.2714150846004486,0.3632630407810211,0.34262704849243164,0.34837961196899414,0.016073522114750265,0.006284403509400442,1503.7957455235087,512.3252290837769,2474.097711251268,798.1140927172729,2627.700274615719,1255.3064781373948,0.04271497969837587,0.015232576453077316,15.96064884325652,5.194508320401656,13.242362625211294,4.358218729443196,18.21000373494238,3.9554314267346813,26.355143296896003,5.968346723101807,28.72456579766687,5.1540392442793435,28.4963158234318,6.215730700067155,22.65698295594446,3.2831878800769325
no_vocals,105.0,110.0,-477.79046630859375,50.929508209228516,171.11557006835938,26.399837493896484,-16.694778442382812,22.47610092163086,22.272897720336914,16.827558517456055,8.655364990234375,13.308505058288574,-8.870628356933594,11.638026237487793,-4.840763568878174,9.310563087463379,-7.350220680236816,10.699389457702637,-5.05331563949585,10.103549003601074,0.9874512553215027,7.821743011474609,2.7051005363464355,9.318045616149902,-13.172861099243164,12.904762268066406,-6.715245246887207,12.294727325439453,0.3235858082771301,0.1575389802455902,0.3596520721912384,0.138313889503479,0.22973540425300598,0.4346177875995636,0.2074410319328308,0.17239762842655182,0.12331193685531616,0.18841545283794403,0.10325311869382858,0.23991170525550842,0.012760411905829218,0.0067842366795077,1950.5553491858075,664.2426971752066,2924.111253168884,961.3621693155653,3336.6972248404873,1568.9230155306045,0.05207275957076566,0.018261887272727546,14.66267566888545,4.768187388936849,13.924878902140449,4.841349412623184,18.680026314598013,3.897383713720865,27.595140325011144,4.992427638012623,27.840989787741982,4.566798298828546,28.367564444836443,5.235506889866742,21.548721955780255,3.275127314101457
no_vocals,107.5,112.5,-506.3865966796875,43.87102127075195,167.26747131347656,21.76192283630371,-27.626304626464844,19.81561851501465,7.00613260269165,12.487322807312012,2.0191352367401123,10.817540168762207,-10.516039848327637,10.183507919311523,-7.741818904876709,8.30344009399414,-8.73653507232666,9.526368141174316,-6.98552131652832,9.303600311279297,-0.5246551036834717,7.35072135925293,1.418233871459961,8.453039169311523,-18.954580307006836,6.979026794433594,-11.632794380187988,8.371254920959473,0.6505671739578247,0.17819230258464813,0.2653791904449463,0.09789399057626724,0.1482570767402649,0.22559981048107147,0.13017329573631287,0.1716499775648117,0.06646619737148285,0.024791615083813667,0.05843768268823624,0.3445678949356079,0.008180968575244403,0.0038776999473818705,2104.8530038705985,566.74138186473,3082.034045364108,866.897674367125,3242.720530923724,1549.0001585137134,0.0573328288138051,0.015084401979678448,12.087389639484162,4.136636201034697,12.557921957264666,4.5977496120552,18.595382739947844,3.3532696605922596,27.78155907497527,4.169112919921663,27.13293876407084,4.139278964025928,25.300335694888016,4.19809921516702,20.49533106320993,2.1237070764035155
no_vocals,110.0,115.0,-558.1873779296875,61.76681137084961,153.80726623535156,31.634159088134766,-14.653800964355469,25.07014274597168,2.5206828117370605,12.198427200317383,4.364805698394775,11.71248722076416,-1.0548818111419678,14.241930961608887,-6.821302890777588,9.312345504760742,-12.353302955627441,10.898459434509277,-7.920107841491699,11.445382118225098,0.30041566491127014,6.543320178985596,8.044763565063477,9.801937103271484,-10.094170570373535,10.29615592956543,-8.082653999328613,7.574690818786621,0.7792901992797852,0.22423669695854187,0.11683353781700134,0.15689080953598022,0.2538190484046936,0.17631034553050995,0.23062536120414734,0.42018455266952515,0.19287075102329254,0.14269636571407318,0.16790197789669037,0.46643105149269104,0.0049703087686861405,0.003936971074945943,2762.0865737361933,1339.1701423870406,3951.290284308902,1550.994241318687,5107.415983903712,4228.230149142617,0.07358205843967518,0.03618665557765737,10.914734838873937,3.7284571698362132,10.595696943334513,3.9448013549660415,18.120980843203156,4.263424254451425,24.34861622121115,6.760828088264812,24.928717997462574,5.86170214005131,21.127299388451494,4.370643414258045,20.12438574309811,2.0182373281514896
no_vocals,112.5,117.5,-585.445068359375,42.947689056396484,162.91793823242188,41.98965835571289,20.94594383239746,23.16900634765625,4.015829563140869,12.738219261169434,4.06276798248291,12.071863174438477,7.631990909576416,9.176117897033691,-0.994067907333374,9.092784881591797,-7.812994003295898,10.502335548400879,-3.6850228309631348,10.077006340026855,-0.532093346118927,7.028500556945801,7.6380510330200195,8.774316787719727,-5.730251312255859,7.903600215911865,-5.579667568206787,6.2372636795043945,0.37918463349342346,0.18006639182567596,0.162342369556427,0.31676337122917175,0.4947274625301361,0.3389429450035095,0.29481422901153564,0.41951772570610046,0.43462228775024414,0.26205289363861084,0.2597503960132599,0.45254719257354736,0.003957671931528285,0.0028636115817249896,2549.9715589072584,1547.8646236759596,4222.214094411594,1435.964935072051,4735.556051515371,4639.892467339994,0.05853370613399072,0.045996644819878335,12.730648913548164,4.804846534199146,11.71830424636378,4.289718009281144,18.48645783768622,4.458373405026942,22.36957699764173,5.616814748462424,21.78186736514206,5.09660231493427,17.10759869643704,2.8026187531489124,19.852688156552766,1.970747521753424
no_vocals,115.0,120.0,-561.9700317382812,31.912689208984375,197.98504638671875,38.12982177734375,42.31906509399414,17.630521774291992,3.4497036933898926,20.39727783203125,-5.197571277618408,12.107406616210938,4.34158182144165,11.160361289978027,-1.222647786140442,9.681476593017578,-3.426676034927368,8.757974624633789,-3.2234771251678467,7.196882247924805,-5.71649169921875,8.024009704589844,-0.2383204698562622,7.802958011627197,-8.859278678894043,7.684487342834473,-9.522573471069336,5.674431800842285,0.21033582091331482,0.14438094198703766,0.1554228514432907,0.41652724146842957,0.6242998242378235,0.425937294960022,0.27438539266586304,0.21944428980350494,0.4439755380153656,0.2919825315475464,0.24814336001873016,0.32584893703460693,0.006858725356005063,0.002403059034427665,1411.036935269872,690.2666109490953,3083.4273556194044,975.9451536730188,1935.0905416183296,2092.4313129712023,0.023606302566705338,0.007902664686846885,15.877526477324606,4.989456535013518,12.938756482677096,3.4563985364107563,18.96949874916127,4.319237603304818,23.712444292419786,4.58927525010216,21.00637573433237,4.5685354027073375,16.55420161210477,2.5256218290685832,19.46135943055587,1.8934297410113132
no_vocals,117.5,122.5,-526.2928466796875,82.04861450195312,180.75999450683594,44.55101013183594,33.07249069213867,28.214797973632812,8.391831398010254,21.98640251159668,-2.3737542629241943,14.348694801330566,2.8484010696411133,13.017520904541016,-1.154927372932434,9.86972713470459,-0.964089035987854,9.965829849243164,-2.0862157344818115,7.194967746734619,-6.618271827697754,7.118653297424316,-3.9130027294158936,6.96574592590332,-6.376561164855957,7.35464334487915,-7.210654258728027,7.114779949188232,0.34378528594970703,0.32965683937072754,0.2975555956363678,0.48984724283218384,0.6415542364120483,0.4837435781955719,0.32782965898513794,0.26443445682525635,0.4313800632953644,0.3848183751106262,0.34786292910575867,0.3938422203063965,0.007552185687782101,0.004240219131844168,1948.0562931266509,1025.6676660566948,3662.7966905170574,1393.660104970785,3770.9584813660094,3546.3452934661364,0.02761904546113689,0.012081150986987563,16.34854880957256,4.997807810831898,11.630327663605218,3.7536893397971047,15.449379681101643,4.5761027667164935,19.73344089461229,5.854745140468544,17.899286179882072,4.735389570534564,16.418582130826774,2.5466946986045667,19.22641657089786,2.3794187607915953
no_vocals,120.0,125.0,-471.9474182128906,77.88050842285156,179.01544189453125,37.80043411254883,9.297425270080566,30.283206939697266,16.246007919311523,14.54529094696045,-0.25269588828086853,12.553603172302246,1.9805861711502075,10.95730972290039,5.290743827819824,9.288928985595703,1.6411468982696533,9.600700378417969,0.5657434463500977,6.823084831237793,-1.34957754611969,6.715109825134277,-1.8230454921722412,6.767780780792236,-3.776479959487915,5.823105335235596,-2.143880844116211,6.855501174926758,0.5053096413612366,0.5276393890380859,0.45229968428611755,0.5612145662307739,0.6347493529319763,0.5147167444229126,0.4010605216026306,0.39900147914886475,0.5252496004104614,0.4296674132347107,0.41858720779418945,0.45695456862449646,0.00871393258014603,0.004772653114749149,2093.7657772641387,931.5867379950483,3710.8222175391747,1389.8293387718447,4228.301732888631,3272.437348915999,0.0300763123549884,0.011455744385473601,16.019231424253597,4.888808053353897,9.90510040963865,3.560311565637492,12.597980443818523,3.6194827547130055,16.43830891130967,4.523209776863549,15.565317924618558,2.5999878674235735,15.787851635256064,2.2381547712969985,19.99352054985296,2.8906209626644794
no_vocals,122.5,127.5,-497.53582763671875,60.27505874633789,194.49996948242188,36.90166473388672,18.41081428527832,29.685747146606445,10.741122245788574,18.755353927612305,0.3690413534641266,12.267252922058105,2.3871283531188965,9.36795425415039,3.832599401473999,9.705134391784668,1.2515844106674194,9.423116683959961,2.4265594482421875,8.420886993408203,-0.888401448726654,7.440287113189697,-0.4751693904399872,6.761075496673584,-5.9947075843811035,7.105376720428467,-2.345848798751831,6.804501056671143,0.521404504776001,0.4443797171115875,0.3516928255558014,0.4764668345451355,0.6467975974082947,0.47132134437561035,0.3532818853855133,0.29811546206474304,0.43893852829933167,0.40658846497535706,0.47433507442474365,0.5620427131652832,0.008283909771368858,0.003807953607723752,1664.3313922507937,741.967722263755,3290.7303784983715,1181.7535921186113,2751.3538192430397,2439.956222929405,0.025950279147331785,0.008287869146211607,15.768531154584508,4.899320142187611,11.420781934857427,3.7126723843123424,14.008114879389877,4.15197048918497,18.973987558711936,5.11833820780928,17.191166815532675,3.9169734373019116,16.4999533518698,2.315932568999877,20.030370389227738,2.6542088810176208
no_vocals,125.0,130.0,-566.986572265625,44.416683197021484,183.051513671875,37.40618896484375,37.83869934082031,14.11023235321045,5.504014492034912,18.022686004638672,-0.55424565076828,12.99432373046875,0.2627294361591339,9.469785690307617,-1.7562572956085205,7.350924968719482,2.277602434158325,8.630936622619629,3.708393096923828,8.436444282531738,-1.7462812662124634,7.2071356773376465,-0.5750301480293274,7.502702713012695,-10.084999084472656,7.382607460021973,-6.150668621063232,7.042617321014404,0.4903121888637543,0.36483368277549744,0.20744338631629944,0.32326963543891907,0.4865100383758545,0.28802886605262756,0.1582615077495575,0.17753930389881134,0.42272651195526123,0.3210803270339966,0.45115798711776733,0.6212500929832458,0.005192801769171342,0.0033277352212926618,1804.5794300982045,809.9250652249303,3713.9719391226654,1071.703171440755,2711.2351136528423,2670.2161953270634,0.027962315110208816,0.010114565001822005,14.175889492497868,4.915593169056853,11.891789563331654,3.4608265187333696,16.427680194228223,4.498476178333423,22.348788708202054,4.571488577943223,17.43295300580602,3.9727396501287338,16.754768548929448,2.202064347858087,19.043224700276802,1.9285419828564638
no_vocals,127.5,132.5,-587.2696533203125,33.6357307434082,188.38670349121094,33.78123092651367,40.58824920654297,13.884255409240723,6.808887004852295,13.889839172363281,-2.3307628631591797,11.954510688781738,0.02302328310906887,8.856135368347168,-1.1296464204788208,7.084682464599609,2.6862282752990723,8.561837196350098,4.260159492492676,7.145436763763428,-3.095767021179199,8.024759292602539,-3.494994878768921,9.0489501953125,-11.115679740905762,8.193926811218262,-5.033833980560303,7.562443733215332,0.3508019745349884,0.48297685384750366,0.24613624811172485,0.2507372200489044,0.2990191876888275,0.21110421419143677,0.10830523818731308,0.2425346076488495,0.6394054889678955,0.25835683941841125,0.2158549726009369,0.32748618721961975,0.004910153724423884,0.0025848490733943485,1616.074438066856,751.9429595868766,3422.881762920002,1003.0435408943653,2176.1025413283064,2173.62208519073,0.02925495758410673,0.009374114395698846,14.807414405978127,5.219091225723658,11.533424023757343,3.810375440294569,19.392334501898734,4.998478701205155,24.534877073158466,4.795040576658612,17.816644895444544,4.124048520065309,16.290844612422823,2.074934569874006,19.31379595141042,1.7353995525607233
no_vocals,130.0,135.0,-577.4255981445312,27.798503875732422,198.1798095703125,33.95551681518555,42.46107482910156,13.331561088562012,4.327213764190674,16.203895568847656,-1.7521672248840332,12.469276428222656,0.7716279625892639,10.205345153808594,-0.5871304869651794,7.253084182739258,1.5225276947021484,8.704170227050781,5.179483413696289,8.621980667114258,-4.494144439697266,8.20944595336914,-7.675919532775879,8.86810302734375,-12.06967544555664,7.673785209655762,-4.695339202880859,7.020480155944824,0.28585273027420044,0.5512374043464661,0.2673693299293518,0.22515593469142914,0.2051297128200531,0.16830067336559296,0.12104014307260513,0.24747221171855927,0.6199507117271423,0.33008188009262085,0.16389434039592743,0.21231462061405182,0.006292170835518454,0.002616757989225329,1404.7513793572728,644.4810295682355,3099.979349009297,995.98754885452,1761.925618111949,1725.6521180658424,0.028051814457656612,0.008706497594790731,15.084860108970682,4.67285274470104,12.477138415402356,4.070476504691017,21.429200044610585,4.136391702312043,25.270194867745303,4.885635665096977,19.60369440251569,4.673165708710795,16.59385024282056,3.045312039692419,19.61382316769939,1.741203893718933
no_vocals,132.5,137.5,-569.7568359375,27.453630447387695,196.2034149169922,39.088714599609375,40.237213134765625,13.928086280822754,1.4395983219146729,17.72734832763672,-4.791582107543945,12.865937232971191,0.2814871668815613,10.33710765838623,-0.06630177795886993,7.654275894165039,3.331310749053955,8.423576354980469,6.108482360839844,7.911846160888672,-2.6371419429779053,7.23936653137207,-5.067524433135986,7.60911226272583,-11.28445053100586,6.672016620635986,-6.805537700653076,5.794030666351318,0.3229268789291382,0.48854032158851624,0.3271242082118988,0.3704204857349396,0.3472355604171753,0.22888770699501038,0.18693655729293823,0.24640096724033356,0.49847790598869324,0.35696786642074585,0.26691320538520813,0.32065853476524353,0.0060472583503293825,0.002926037679111866,1531.3741041941582,806.9604856071791,3193.4666361341083,1125.6055144377592,2252.393031286253,2450.834916341987,0.02657904038573086,0.009059989192230115,15.267112341186921,5.164161330414972,13.544184252829666,4.124947888763484,19.78021316706059,4.564207608832149,23.602723469354853,4.505856382061897,19.77079084318658,5.052751085862482,16.55359286535112,3.1696923825648544,18.932817741058862,1.7079572111149157
no_vocals,135.0,140.0,-557.68896484375,30.2257022857666,209.1320037841797,42.025150299072266,37.03220748901367,14.36122989654541,-4.774275779724121,18.049169540405273,-0.33658480644226074,12.569409370422363,5.785583019256592,9.643046379089355,-0.3461299538612366,9.4924898147583,1.901349663734436,8.501883506774902,4.307004928588867,7.314088821411133,-3.6345412731170654,6.791553497314453,-4.232692241668701,7.584069728851318,-9.051034927368164,6.631174564361572,-5.226997375488281,5.694581508636475,0.23192134499549866,0.31648731231689453,0.3040972948074341,0.455139696598053,0.5130395889282227,0.33037590980529785,0.18800583481788635,0.21940697729587555,0.4998179078102112,0.4581906199455261,0.26036855578422546,0.25392481684684753,0.007326779613733776,0.003478284964773393,1392.4122274127242,827.5888733213509,2897.242921889697,1168.7644428326198,2163.062712985789,2466.8728675963803,0.025224088239559166,0.009114137471035214,17.250540259110025,5.358446051619287,12.81602641436155,3.4618289373552336,19.128595972757196,4.119972001376891,23.30063400064287,4.208511196522208,21.593622718750197,5.820651112201756,16.979910161420747,2.761249986755297,18.916692671812967,2.114754857984996
no_vocals,137.5,142.5,-540.1677856445312,28.46947479248047,216.32293701171875,29.98174476623535,36.91917419433594,14.792686462402344,-13.34135913848877,17.375732421875,4.44471549987793,10.744413375854492,8.171673774719238,9.962713241577148,-4.098719120025635,12.636289596557617,-3.1048343181610107,8.872482299804688,1.660319447517395,8.264908790588379,-3.8216750621795654,6.370058536529541,-7.048745632171631,7.6754255294799805,-9.066454887390137,7.567887783050537,-8.185163497924805,8.057887077331543,0.25807464122772217,0.2456250786781311,0.1659528613090515,0.2646632790565491,0.36853042244911194,0.25912046432495117,0.16652372479438782,0.14188697934150696,0.36553093791007996,0.6037773489952087,0.3735029995441437,0.3957611322402954,0.009405534276349811,0.0034779779224711547,1132.1996473053648,558.5153055813273,2406.3529664532252,985.99531969777,1571.6740229843388,1449.5167218604229,0.025616072723317864,0.00844789191809403,17.842861219889475,5.114590771062587,12.454034454915407,3.7549628974428297,19.499513952424593,3.878803991352327,24.42515458382329,3.8395738453726955,24.181515306187173,4.915044848842634,19.013732696953497,4.342152815417603,18.937777273744615,2.0539383255749777
no_vocals,140.0,145.0,-555.6129760742188,32.410823822021484,207.05746459960938,29.664844512939453,37.759300231933594,15.754473686218262,-14.446550369262695,15.926468849182129,0.23522920906543732,11.242424964904785,4.8070268630981445,10.976140022277832,-6.770852565765381,12.998247146606445,-5.995137691497803,8.906755447387695,0.5489046573638916,8.276215553283691,-0.561148464679718,10.351553916931152,-1.3306061029434204,12.122849464416504,-4.141594409942627,10.803953170776367,-5.297368049621582,10.420425415039062,0.2575860321521759,0.2996855080127716,0.13043944537639618,0.1707392781972885,0.3172462284564972,0.21326136589050293,0.23560747504234314,0.17984327673912048,0.3894258439540863,0.46328672766685486,0.315350204706192,0.34165430068969727,0.00858304951244883,0.003600352606178112,1189.5746465478207,590.7062682105619,2491.3233629167676,902.4553848217954,1466.8058249347448,1476.3320166558422,0.02771647513051044,0.007170373311301187,16.861135595137096,4.843091697104697,11.278757954503035,3.604365618845454,19.337728607423333,4.495942414374455,25.505113906160876,4.80616604732553,24.563320582458335,4.49464079924417,19.536932187663123,4.8018524532476805,19.21326759279295,1.585145016400218
no_vocals,142.5,147.5,-555.1018676757812,35.33451843261719,212.11985778808594,30.582143783569336,40.37556457519531,15.083780288696289,-13.374415397644043,16.14962387084961,-6.034614562988281,10.420511245727539,2.703958034515381,9.544942855834961,-5.155128479003906,12.192710876464844,-5.215401649475098,8.772496223449707,0.48060357570648193,8.393644332885742,-0.5467736124992371,10.52842903137207,1.782417893409729,11.979635238647461,0.02022465690970421,10.345378875732422,1.991782307624817,7.203811168670654,0.29913872480392456,0.43743574619293213,0.20366325974464417,0.2440042644739151,0.35466310381889343,0.2262202948331833,0.25148266553878784,0.22346436977386475,0.47721490263938904,0.32875558733940125,0.2702537178993225,0.2581000328063965,0.008561530024604115,0.003484146375077464,1200.5590276254732,582.4580902531808,2566.4182911951866,868.0794359001147,1405.253838275812,1477.530964529572,0.02787621447215777,0.007575581694677705,17.681120526139683,5.32028728763809,10.97138538406242,3.191982495975311,18.85710240862003,4.408142896145072,24.556139417518708,5.18183431751436,22.855162088968765,4.6377855502753,17.689179742848392,4.2812530756596825,19.117125295785282,2.197418710468979
no_vocals,145.0,150.0,-546.7820434570312,29.154085159301758,219.86959838867188,27.053361892700195,47.292503356933594,14.976054191589355,-4.183935165405273,20.973529815673828,0.988053560256958,14.85864543914795,7.6730570793151855,11.307887077331543,-1.0856188535690308,10.60667896270752,-2.44344162940979,10.058483123779297,2.0813353061676025,9.198095321655273,-0.5778412818908691,6.791406631469727,0.8507574796676636,8.951091766357422,-2.6676764488220215,10.224677085876465,-1.3354377746582031,7.878713607788086,0.525376558303833,0.4190813899040222,0.2517792284488678,0.3154939115047455,0.3783586919307709,0.283134400844574,0.26354238390922546,0.266212522983551,0.509001612663269,0.3679923713207245,0.49630603194236755,0.6028438806533813,0.010054690562936277,0.0031520847929213196,982.7168122133207,279.3518497232281,2377.474015627737,688.2331517759865,1099.2425409657772,353.4737196973289,0.021435660165313224,0.008231979129683958,18.758500142800145,4.842622058825148,11.774340138107565,3.2117966398298616,16.996162007917153,3.555650948275441,23.739554407747363,4.187135846317684,21.935539160218244,5.1432133743147554,16.69716709838005,3.05089462056511,18.859258328373475,2.0545617382286183
no_vocals,147.5,152.5,-509.40618896484375,30.193462371826172,180.08541870117188,21.217750549316406,60.631710052490234,14.52113151550293,4.171224594116211,17.112842559814453,5.618619441986084,11.238512992858887,9.868964195251465,10.932058334350586,2.1719183921813965,9.560590744018555,-1.6081534624099731,9.855676651000977,1.9709166288375854,8.772117614746094,1.8974953889846802,6.303735733032227,-0.9143932461738586,8.983064651489258,-3.2278659343719482,9.103907585144043,-4.075164794921875,7.773051738739014,0.47907590866088867,0.41682785749435425,0.2558283507823944,0.3234037756919861,0.3876679539680481,0.26730579137802124,0.2002710998058319,0.21836286783218384,0.48152920603752136,0.4737909138202667,0.4618932902812958,0.522998571395874,0.01133247309152616,0.007100457427986242,987.7193384103149,384.80410399079403,2443.002564669602,786.8666945919833,1161.6938261310904,834.2552377882068,0.021449255002900233,0.008892205110052759,18.002638749630883,4.922352570876896,11.895970001699123,3.4120748093230184,18.47965995935812,4.510872318717306,24.790101647219085,4.723548925576994,21.75758741631366,5.147365182514848,17.053249878888426,3.2199034625087664,19.476200169706278,2.1699565075629534
no_vocals,150.0,155.0,-504.1255187988281,30.022058486938477,184.56192016601562,20.411033630371094,57.176849365234375,13.05184555053711,-0.7352774739265442,14.385491371154785,3.1983354091644287,10.259869575500488,8.552909851074219,9.207633018493652,0.9174474477767944,8.593110084533691,-2.4388346672058105,9.371648788452148,1.47893226146698,9.130125045776367,0.9765394926071167,6.974239349365234,-2.3462469577789307,9.456658363342285,-3.3886759281158447,9.608202934265137,-2.385127067565918,8.174570083618164,0.4161004424095154,0.46801331639289856,0.2816630005836487,0.4091571569442749,0.4037175476551056,0.23664797842502594,0.19191038608551025,0.1643068492412567,0.29614660143852234,0.3836509585380554,0.42443567514419556,0.43980658054351807,0.011043324569572983,0.007367263603477227,990.16372296616,371.5597691339979,2329.1582872544413,785.6022649531341,1210.4557895881671,808.6684235044745,0.02407985607598608,0.00840969463030875,17.6151176784332,4.679724936898497,11.325860726753838,3.1746227310207824,19.51840291443801,4.477200023445299,23.76778899781152,4.059334805770872,22.69189168445609,4.9062962876400364,18.228920286043024,4.028887366225777,19.425814844796328,2.1412493355324114
no_vocals,152.5,157.5,-546.566162109375,28.21730613708496,218.88040161132812,32.289955139160156,44.45878219604492,15.952156066894531,-1.2176390886306763,19.079694747924805,6.2628374099731445,12.171910285949707,11.802770614624023,8.781352996826172,0.3716387450695038,9.576998710632324,-0.14038245379924774,9.7634916305542,2.646594285964966,9.8408842086792,-0.46319058537483215,7.463601589202881,-0.9226551651954651,8.308551788330078,-4.872969627380371,8.540493965148926,-2.287423610687256,7.11179256439209,0.4925287961959839,0.39585185050964355,0.3113948106765747,0.47383642196655273,0.5041033029556274,0.3617253601551056,0.24568788707256317,0.20012927055358887,0.29782429337501526,0.24860043823719025,0.4629284143447876,0.5902400612831116,0.01028777933042073,0.003883738076039758,1053.8208495854628,587.0141834824535,2464.0255513784027,915.9109559843564,1435.2804161832946,1680.8804848128157,0.02150136854698376,0.008623563092528473,18.220150647775544,5.108073951793909,11.97084210687645,3.4805201609167646,17.76627103693121,4.256711587054256,22.990417014722606,4.463874855511899,23.35130521763016,5.082739280559193,18.243089483378043,3.8229840935153616,19.358169477557812,1.7652437562672119
no_vocals,155.0,160.0,-545.8419799804688,29.444475173950195,208.8146514892578,31.338199615478516,44.4517936706543,16.922292709350586,-3.78780198097229,20.756284713745117,-4.461024284362793,17.455169677734375,2.41286039352417,15.225436210632324,-3.0236852169036865,11.271749496459961,-1.8516123294830322,9.911619186401367,0.09149962663650513,8.307830810546875,-2.4237773418426514,7.264832973480225,0.3982137441635132,7.159481525421143,-1.2302488088607788,9.177650451660156,0.06092866510152817,7.041257858276367,0.3238048255443573,0.3621920347213745,0.23485684394836426,0.32768216729164124,0.49685004353523254,0.2966483235359192,0.13267311453819275,0.2417348027229309,0.6251820921897888,0.23071487247943878,0.2266845405101776,0.3165133595466614,0.010490820668594535,0.004644690379671225,1202.1117799626536,591.4972516197836,2648.348231499337,951.6044537706241,1507.6239849187934,1680.179637892866,0.025747489486658934,0.009402660434110553,15.587391955673892,5.401069964784394,12.483968081602596,3.136415504392061,18.540696647435084,4.370912273732058,25.286465337989803,5.366184663800676,22.024564297560175,4.835551135665799,17.21725621482804,3.428825594190111,19.00416069942968,1.8383894606754083
no_vocals,157.5,162.5,-539.8766479492188,30.45897102355957,210.85861206054688,25.52125358581543,37.871002197265625,15.590218544006348,-10.31796646118164,17.815229415893555,-16.58075714111328,12.939115524291992,-10.199464797973633,10.540056228637695,-7.107072830200195,9.553784370422363,-4.27111291885376,9.176139831542969,-2.3474361896514893,9.009906768798828,-4.1708526611328125,9.20965576171875,-0.9866465330123901,10.096918106079102,-3.1318655014038086,11.64310073852539,-2.639977216720581,9.290224075317383,0.21753822267055511,0.41550809144973755,0.18966804444789886,0.273810476064682,0.4120681583881378,0.16887851059436798,0.044711094349622726,0.2080879807472229,0.6492112278938293,0.2238582819700241,0.10048447549343109,0.1334991455078125,0.010166700772742315,0.004793989952113756,1226.6366315157263,306.7368447200282,2604.909554764001,732.8433350250152,1255.0210266821346,344.30551825857066,0.030927122607308583,0.006598121018183543,12.924636597692032,4.669816399556893,12.89247007064489,3.9822442846245343,18.723329344472383,3.983830594073814,25.849873530998707,4.448981052423729,20.6520631834399,4.28520653625722,17.162289065736807,2.716730169312834,18.86804373558437,1.7382909711228418
no_vocals,160.0,165.0,-543.2315673828125,31.007184982299805,193.18531799316406,37.4443473815918,34.37593460083008,14.480252265930176,2.551492691040039,21.48202133178711,-9.818934440612793,13.998787879943848,-8.757556915283203,9.463747024536133,-3.5327301025390625,9.350274085998535,-2.8379008769989014,8.888884544372559,1.1110975742340088,9.559041976928711,-2.3395748138427734,8.557204246520996,1.0519338846206665,10.504770278930664,-5.396470069885254,8.941471099853516,-6.492464065551758,7.3254075050354,0.3133009374141693,0.4181915819644928,0.24152550101280212,0.3160720467567444,0.30809569358825684,0.17849303781986237,0.14075352251529694,0.2360023558139801,0.5355286002159119,0.3484508693218231,0.28853413462638855,0.27737924456596375,0.008182282631016464,0.004776978170944702,1595.85841601327,896.0566109543707,3175.9488766251875,1259.4956937092518,2400.8772068953017,2653.5572907779847,0.030343677494199535,0.011652597193741687,13.060636275489438,4.572443630501243,12.711779161684332,4.312175429878703,16.305348454500443,4.062477640208434,23.14176366197735,4.705965207593882,17.864598476936205,4.512354220110396,16.433734937556192,2.3461373089378874,19.317809538760468,1.96695752555288
no_vocals,162.5,167.5,-544.17626953125,31.53915786743164,194.6415252685547,38.38545227050781,41.31501007080078,15.954425811767578,7.073594093322754,19.394641876220703,-6.345837593078613,11.23915958404541,-7.233349800109863,9.376862525939941,-6.574861526489258,10.555781364440918,-5.096738815307617,9.394930839538574,-0.6764856576919556,9.312609672546387,-4.581248760223389,7.25455904006958,2.012061357498169,8.202374458312988,-3.046663522720337,7.801578521728516,-2.804962396621704,7.046818733215332,0.3222367465496063,0.45685386657714844,0.23839910328388214,0.24791710078716278,0.3176661431789398,0.17107969522476196,0.18500281870365143,0.22656002640724182,0.5120277404785156,0.5394778251647949,0.35113269090652466,0.2585432529449463,0.008659823195848898,0.004735398168008769,1543.9492306495913,943.7448643949256,3136.802255333291,1291.434888980776,2379.6937309672276,2776.518141911704,0.028605804089327145,0.010869722922953538,15.196681807211363,4.85594738496468,12.396817741941648,4.07111826202449,17.320177497040234,4.493292346769715,23.17259040289307,4.351856346908825,17.17816750140065,4.112517139574309,16.373183752955224,2.218714589556709,19.355834205299434,1.7912219768853141
no_vocals,165.0,170.0,-532.9707641601562,32.97129821777344,214.61416625976562,30.66041374206543,43.2915153503418,13.715730667114258,-5.935359954833984,20.005338668823242,-7.799675464630127,12.406514167785645,-2.017760992050171,11.33250617980957,-6.501283645629883,10.494840621948242,-5.095200061798096,10.937456130981445,-4.104171276092529,9.053081512451172,-8.101387023925781,7.864984035491943,-1.0115033388137817,7.51671838760376,-5.066780090332031,7.668540954589844,-2.8249077796936035,6.712253093719482,0.30981260538101196,0.3767758905887604,0.20013858377933502,0.33365219831466675,0.5634078979492188,0.24328839778900146,0.1375149041414261,0.18488763272762299,0.4613029956817627,0.4860444962978363,0.30735811591148376,0.31242743134498596,0.010179291346938006,0.004255475618083695,1225.391528861285,554.1706264895848,2731.482726488726,860.9131064007453,1485.2414443155453,1612.0831232491807,0.026021652044663574,0.005925987035871346,16.021625808191263,4.568089253495581,12.307708242477611,3.4829672643823835,18.576224402618998,4.14325293323663,23.363380193757926,3.802611846459585,20.890094768011597,5.113169082657324,17.168061436787177,2.582907993796572,19.583136247092014,2.010408986045208
no_vocals,167.5,172.5,-531.076416015625,37.27535629272461,208.83412170410156,31.1193790435791,37.97480010986328,13.506871223449707,-5.197196960449219,18.505165100097656,-6.684436798095703,15.464417457580566,2.8045814037323,11.200013160705566,-3.1304399967193604,12.259356498718262,-4.762984752655029,11.65662670135498,-1.426119089126587,8.593870162963867,-3.7396016120910645,8.901941299438477,0.46298807859420776,7.381782531738281,-3.778524875640869,7.062641143798828,-1.9296371936798096,7.948655605316162,0.25620222091674805,0.15411177277565002,0.1670485883951187,0.4215819537639618,0.713010847568512,0.3299887776374817,0.15852437913417816,0.30789893865585327,0.42205551266670227,0.24139997363090515,0.2560032308101654,0.3910360336303711,0.009808755027596988,0.004180386377287397,1281.0136272532166,517.8598638240243,2797.420089819941,842.6782421643125,1535.3023945040604,1425.5594590483367,0.026087360426334107,0.007169663019236838,16.132000395686486,5.116922626291021,11.937405673113075,3.254044730390423,18.62651043445939,4.011229394130232,23.44234353670155,4.261968806581469,22.556894997374716,4.734852857293197,16.92464754825234,2.966072278710611,19.21269072901177,2.0692830528108357
no_vocals,170.0,175.0,-528.5128784179688,31.929258346557617,211.9317169189453,27.79834747314453,31.684762954711914,14.808878898620605,-7.360020160675049,18.779125213623047,-3.794261932373047,14.552306175231934,1.4113149642944336,11.405929565429688,-9.819756507873535,13.675338745117188,-10.196294784545898,10.113812446594238,-0.2133428305387497,6.318497657775879,-2.828516960144043,7.347170829772949,1.726552128791809,7.481635093688965,-3.6013994216918945,7.698634624481201,1.1485166549682617,8.214491844177246,0.16677238047122955,0.1506524682044983,0.2847627103328705,0.3000790476799011,0.49008429050445557,0.2446262389421463,0.19829227030277252,0.4133453071117401,0.34091466665267944,0.3411685526371002,0.1917879730463028,0.20914201438426971,0.010625826843674975,0.004257383536132356,1213.9198152830718,304.139102222848,2665.480892561677,671.6391487338682,1329.0133093459976,479.0880503209896,0.027765189965197216,0.0073183979762169275,17.58265593684284,5.202808228844811,11.871153412810216,3.6351702944619206,19.771783464532575,3.7965787620490925,24.59027376348455,4.574796192844065,22.866699222153446,4.617140318923172,17.459762619427885,3.095640185959412,19.595763101797058,1.8592181665040075
no_vocals,172.5,177.5,-533.7227172851562,28.428997039794922,211.49732971191406,30.69623565673828,34.10223388671875,14.55803394317627,-3.934526205062866,19.775815963745117,4.009165287017822,12.047996520996094,4.090803146362305,10.625343322753906,-7.074870586395264,13.33405876159668,-6.978654861450195,10.40469741821289,0.10125704109668732,5.7381744384765625,-4.3578081130981445,6.701232433319092,0.45545777678489685,7.046800136566162,-5.633737087249756,7.346116542816162,-1.1124478578567505,7.010420322418213,0.2659095823764801,0.20801787078380585,0.3421618938446045,0.32811224460601807,0.454608678817749,0.2823941111564636,0.23871150612831116,0.36780256032943726,0.4406806230545044,0.45968055725097656,0.3165911138057709,0.3510867655277252,0.009501907078272679,0.004021433915305728,1213.9209622551116,444.81727613691163,2767.2423723590196,788.1393434341568,1472.051732888631,1179.3680784100209,0.024654237964037123,0.006965230160662538,18.23481619273818,5.423343710549995,11.727524481309407,3.0949603440216826,19.088234602147406,3.66827413878588,23.525629678824735,5.100453268029481,22.317872681402708,4.677895338324623,17.582670835654355,2.971234187344601,19.328442474534537,2.0456043973056834
no_vocals,175.0,180.0,-527.97412109375,27.76089096069336,214.84996032714844,30.755569458007812,40.21300506591797,11.956048965454102,-1.108949065208435,15.420254707336426,1.788163661956787,13.068806648254395,2.5241200923919678,10.904123306274414,-2.6273982524871826,11.798381805419922,-2.6952385902404785,9.426804542541504,2.015836000442505,7.905568599700928,0.4666375517845154,8.237481117248535,1.6078979969024658,8.709054946899414,-5.425980091094971,8.023336410522461,-1.9122015237808228,7.6263556480407715,0.35291022062301636,0.18630099296569824,0.21335189044475555,0.3929918110370636,0.6809128522872925,0.3521391749382019,0.22384455800056458,0.38370129466056824,0.4872403144836426,0.250423789024353,0.29078415036201477,0.4677635133266449,0.010393156471236538,0.004158083168045078,1165.68180226024,448.9395905543957,2661.761899502008,798.2334143301773,1387.9173615139212,1150.1398993723842,0.025398555321925753,0.006889334943421354,17.55340005049159,5.404752245600623,11.60880942282282,3.0564195727974997,18.84317913807555,3.494268239857179,24.600416000327154,5.0390876666448055,22.33821039692645,4.237596823990195,17.30604084909159,2.5373043349630318,18.80550152530052,1.6664878750114764
no_vocals,177.5,182.5,-516.1337280273438,22.70539665222168,226.8596954345703,22.189329147338867,33.39232635498047,18.28472900390625,-11.710907936096191,14.662242889404297,-5.27622127532959,11.797815322875977,-5.30539083480835,8.544058799743652,-12.02673625946045,12.84439468383789,-4.2268548011779785,9.053600311279297,0.17123335599899292,9.077080726623535,-1.7903265953063965,10.928999900817871,-1.5896177291870117,11.354557991027832,-1.3697024583816528,8.737991333007812,2.8561437129974365,8.16169261932373,0.23940299451351166,0.17262153327465057,0.24862097203731537,0.2728016674518585,0.49973064661026,0.21639643609523773,0.2273169755935669,0.4387689530849457,0.38513806462287903,0.3850979804992676,0.19875645637512207,0.2303151935338974,0.013145012423404753,0.003941489523914892,1061.2585519187812,199.23408929605438,2272.1954415384057,526.5126036086162,1170.6368501667635,226.84458075528147,0.028815391168793503,0.005371861827779078,17.893199220264087,5.17853831268707,11.08510479472271,3.41385843972478,19.323162716032435,3.9238515781675583,26.024623788980048,4.420371120139384,21.568580749658054,4.128512979524855,18.21732042589617,3.076839569770745,18.98504369125199,1.5692845014253223
no_vocals,180.0,185.0,-526.021728515625,23.552379608154297,218.572265625,29.150259017944336,35.76772689819336,18.59580421447754,-9.875469207763672,17.993236541748047,-1.869779348373413,12.56950855255127,-0.30740901827812195,12.204853057861328,-11.047459602355957,11.8236083984375,-1.1319538354873657,10.12597370147705,-0.27393823862075806,8.873469352722168,-4.40835428237915,9.092047691345215,-6.2348785400390625,8.299617767333984,-3.8372199535369873,9.441184043884277,-1.1432527303695679,9.63864517211914,0.24856634438037872,0.1889054924249649,0.2651689648628235,0.39611175656318665,0.5692989826202393,0.32012152671813965,0.20255355536937714,0.3106953501701355,0.4320341646671295,0.44000568985939026,0.2666689455509186,0.28793632984161377,0.012172796425308056,0.0036426417149853173,1079.6363394881796,273.92718878219165,2406.210520069454,677.7336772161705,1193.86872824826,356.37206619891265,0.023860072868329467,0.007410237030852925,18.34508973243966,4.951384639279033,12.206636627108185,3.6165225272256247,17.589139434587604,4.398290886721637,25.230742103229097,4.313970467226687,20.241403125223382,4.404731706013072,18.74014207074924,4.13748995335515,18.92741617526238,1.5686379347145345
no_vocals,182.5,187.5,-536.37109375,25.35380744934082,213.1155548095703,28.92842674255371,35.365135192871094,14.646060943603516,-13.83773136138916,18.302343368530273,-5.4945454597473145,13.977664947509766,-0.8581690192222595,12.664998054504395,-9.862153053283691,10.713574409484863,-3.766808271408081,10.905202865600586,0.9363512396812439,9.314892768859863,-1.9446684122085571,10.277762413024902,-1.628273844718933,11.203676223754883,-6.914539813995361,9.178285598754883,-4.511364936828613,8.224576950073242,0.2611716687679291,0.2906220257282257,0.17805857956409454,0.42934462428092957,0.6996720433235168,0.3362523019313812,0.07611320167779922,0.2063150852918625,0.5938106179237366,0.19594706594944,0.17343835532665253,0.28406625986099243,0.011818297500689698,0.0041357017380004085,1140.2461872581966,297.51502365220955,2534.137608138648,661.8197985280336,1216.650957076566,318.03500767378677,0.025619471432714615,0.008665440757879932,16.438832029949012,5.929333386875992,13.570777385309148,3.79521280189005,18.535089876328104,4.554234755581411,25.87785191718581,4.902466807581295,22.256227238665918,4.522512279939219,18.466217285587927,4.253593954599732,19.18444032337543,1.561719032218121
no_vocals,185.0,190.0,-544.2914428710938,33.16118240356445,216.08363342285156,26.797178268432617,31.817203521728516,15.189167022705078,-21.08975601196289,15.498650550842285,-13.393799781799316,11.106472969055176,-6.296627998352051,8.259493827819824,-11.522249221801758,9.424566268920898,-6.201617240905762,9.807798385620117,-2.106665849685669,9.692596435546875,-7.6778059005737305,12.161348342895508,-3.6314938068389893,12.216741561889648,-7.197410583496094,10.125600814819336,-5.244206428527832,8.103480339050293,0.2598073184490204,0.5768229365348816,0.2107529491186142,0.25173088908195496,0.4605993926525116,0.19926105439662933,0.028366686776280403,0.15379466116428375,0.5090138912200928,0.11855858564376831,0.0531722791492939,0.1515410989522934,0.011341622293756069,0.0045128370001546216,1153.711715826399,354.67798065953707,2359.9624953675198,669.5883160156152,1348.797876486369,798.761183711986,0.03032781685034803,0.0055162878828242745,14.43648700835951,5.798926749142687,14.407295416736364,3.7155221785002457,21.22338011728488,4.519549099177368,26.645176983638496,4.519910967518804,22.661486903103395,4.369516760260097,17.78935394138643,3.3687396544117325,18.929078033945157,1.9439559523110106
no_vocals,187.5,192.5,-550.5140380859375,30.13438606262207,225.6654815673828,30.15462303161621,37.93970489501953,15.793719291687012,-18.339200973510742,17.557388305664062,-12.374929428100586,12.32756519317627,-1.7724112272262573,8.4849853515625,-6.211056232452393,7.88634729385376,-3.060615062713623,9.066766738891602,-0.23103605210781097,9.55350399017334,-4.196112632751465,10.991244316101074,0.09589628130197525,11.557066917419434,-6.588291645050049,9.83238697052002,-9.333954811096191,7.245848178863525,0.29711538553237915,0.5036608576774597,0.28005555272102356,0.38024812936782837,0.3104851543903351,0.17408837378025055,0.08468000590801239,0.20193074643611908,0.5190542340278625,0.28414297103881836,0.20446693897247314,0.2497926652431488,0.00999771779335024,0.0036688560996912837,1097.6149586594645,484.16948018018735,2283.2510213582323,779.99847057054,1421.6910165313225,1330.7856351552568,0.028674911180394433,0.006633787980942609,16.382847305240055,5.707117408593612,14.679485245848948,3.6774584608816814,20.393645725064683,4.627092119146328,25.77257436429253,4.6184297735132365,22.968041502285708,4.614287303041394,17.56844493969687,2.9744704441606418,19.11903219430133,1.8916966221965024
no_vocals,190.0,195.0,-532.369873046875,30.477781295776367,226.33924865722656,25.94028091430664,41.198089599609375,15.089234352111816,-15.23143482208252,15.65676212310791,-9.162036895751953,12.841057777404785,-0.4377952516078949,9.54061222076416,-5.167792797088623,10.224712371826172,-4.9040985107421875,9.224664688110352,0.4295941889286041,9.045147895812988,1.1690837144851685,9.271528244018555,3.138848066329956,10.260603904724121,-0.644262969493866,8.039785385131836,-5.1325836181640625,9.084389686584473,0.22726751863956451,0.30448344349861145,0.21332095563411713,0.3200642168521881,0.2766534984111786,0.14222005009651184,0.15781259536743164,0.24088908731937408,0.6134434938430786,0.5841257572174072,0.34620729088783264,0.2452327460050583,0.01076451058309361,0.0042226762174521395,1061.045030538707,459.6248192853792,2242.6968556154848,769.2719225760842,1353.8939013558584,1207.051263959821,0.02712963130800464,0.006813733789075295,17.633948732765965,5.4090345735302305,14.460501043729035,3.950916177660659,19.113635852986175,3.8000989993849483,24.387313644587774,5.045932448992263,23.367360943047743,4.659129927666071,17.443331142369118,3.234577750963023,18.653535441370824,1.9599373666453943
no_vocals,192.5,197.5,-507.2275085449219,32.573692321777344,234.53421020507812,25.89942169189453,31.72857093811035,17.715347290039062,-17.79128646850586,14.973062515258789,-2.291944742202759,13.394964218139648,0.5891008377075195,10.527872085571289,-9.469799041748047,11.43917465209961,-7.344491958618164,9.317317008972168,0.24325065314769745,8.940465927124023,-0.5609639883041382,9.280082702636719,1.2930570840835571,9.16826343536377,2.400327444076538,8.17082691192627,1.517483115196228,7.797353744506836,0.24313439428806305,0.3695548176765442,0.13434168696403503,0.13571907579898834,0.30369946360588074,0.14278768002986908,0.16837337613105774,0.18254460394382477,0.4941861033439636,0.6884074807167053,0.32806679606437683,0.22197292745113373,0.013692018652676222,0.005168720692046952,1003.5984408510176,268.9890792413374,2033.2893315006497,648.370883808641,1263.9640507178074,475.86127087180165,0.027721006743039442,0.006378722729945888,17.191508024645326,4.5919561275511995,13.14244656790398,4.004634616063331,18.47304773614887,3.6954689117597836,23.841642938783227,4.544457272090087,23.030357007362554,4.2508761211442465,18.357504981449868,3.6630670435746873,18.575215414119377,1.827046313300744
no_vocals,195.0,200.0,-493.03570556640625,22.716726303100586,243.05828857421875,20.891311645507812,20.615571975708008,16.521408081054688,-21.483530044555664,13.363560676574707,5.724416732788086,13.231572151184082,3.3791019916534424,10.46645736694336,-12.063014030456543,9.296728134155273,-6.744196891784668,7.983155727386475,1.4713425636291504,7.808760166168213,-1.9422683715820312,7.013533592224121,-1.5432482957839966,8.066137313842773,-1.5469746589660645,9.776515007019043,-2.305187702178955,8.98088264465332,0.283844530582428,0.2676559090614319,0.1495324671268463,0.26667875051498413,0.30741941928863525,0.1852906048297882,0.25974372029304504,0.15692368149757385,0.28667381405830383,0.5565831661224365,0.3851863443851471,0.3730038106441498,0.015459877694902938,0.0038554197618879257,969.8354499706613,178.71037990646883,1842.0413231431799,494.81430704761937,1337.7065282410092,262.38636808846655,0.02808580155162413,0.007600372284460961,16.729857831641574,4.978377899976291,12.57098043341088,3.6915424967690935,17.995111634858368,3.374106183987767,24.18440634692326,4.63624164346754,24.511477708905755,3.595180678745988,20.936702766237254,4.736270784667678,18.941800721584162,1.6587121145280657
no_vocals,197.5,202.5,-526.6543579101562,41.980262756347656,234.66693115234375,22.860380172729492,13.539918899536133,16.34054183959961,-24.249292373657227,14.800849914550781,5.2763166427612305,11.172271728515625,1.687878966331482,10.262075424194336,-10.386353492736816,7.665609359741211,-1.3311655521392822,8.415031433105469,2.464470624923706,8.366223335266113,-5.110891342163086,6.295729160308838,-6.160167217254639,7.82079553604126,-6.96852970123291,8.055001258850098,-7.227524280548096,7.062686443328857,0.23108407855033875,0.095083087682724,0.15263397991657257,0.4541071653366089,0.23642152547836304,0.18375782668590546,0.37179040908813477,0.14671117067337036,0.10456693917512894,0.2554475963115692,0.3235514760017395,0.5555295944213867,0.011002034405376027,0.005123331822345928,1096.37795915086,217.791289828752,1926.235901240856,465.5001360179524,1527.458513087297,323.0266582461011,0.03576575188515081,0.013583759417239221,15.451649940876981,4.778323941970447,11.983055167988594,3.4242017668683618,17.043498572503733,3.8963683113421563,24.136720800495993,4.155126902568136,27.1862196572257,4.533317134457247,24.014383177626755,5.092409021611644,19.09844757686006,1.781306143958434
no_vocals,200.0,203.3550113378685,-583.639892578125,50.3065185546875,222.18460083007812,19.830322265625,22.43549156188965,26.116249084472656,-27.851160049438477,13.704866409301758,-0.24122487008571625,8.814000129699707,1.9553422927856445,10.9886474609375,-6.303866863250732,9.41126823425293,-0.5147063136100769,8.959254264831543,0.18757496774196625,10.060513496398926,-4.092290878295898,6.705636501312256,-4.346182823181152,9.21506118774414,-5.803347587585449,7.7840046882629395,-8.981208801269531,7.905360221862793,0.24645978212356567,0.05561543628573418,0.12181070446968079,0.41761893033981323,0.1422063708305359,0.16637353599071503,0.4548221528530121,0.17159578204154968,0.052210308611392975,0.12337443977594376,0.27647700905799866,0.6688517928123474,0.006045128615205676,0.0040235696955800496,1189.959034592314,149.8928970704913,2209.783689437415,496.18378850732756,1530.4966276492214,291.7067162821696,0.03983462640570934,0.013414890355062046,16.018220715410386,4.694708482036475,11.456476717594146,2.9746125773687107,16.233117445398033,4.209753474849315,24.410004310988054,3.8934709312929163,28.96523430350175,4.209389730355632,23.01899190152367,5.727882751369228,19.684463668651233,1.4430878577959312
no_vocals,202.5,203.3550113378685,-670.822021484375,24.15744400024414,222.11480712890625,13.47422981262207,57.33453369140625,12.575033187866211,-29.280048370361328,10.461050033569336,-0.13761039078235626,4.545696258544922,15.0175199508667,5.2762675285339355,-0.8946017622947693,6.138897895812988,-6.48136568069458,3.7974917888641357,-10.260431289672852,5.0247931480407715,-2.575453042984009,5.893694877624512,0.9903600811958313,5.474625110626221,-4.227953910827637,3.1680240631103516,-14.979195594787598,4.550576210021973,0.5208629369735718,0.14497189223766327,0.064634308218956,0.18678860366344452,0.13447242975234985,0.22409290075302124,0.6814945340156555,0.3345988988876343,0.0809941440820694,0.1590181440114975,0.43247872591018677,0.7799149751663208,0.0025735433225998203,0.00028279885689184303,1179.4847199829928,269.0350522480341,2837.70860530194,332.43778614972257,1359.2106999577702,738.5788793405014,0.025027713260135136,0.0033253359113612694,16.242340962015483,3.6147245344963537,11.537244500413822,2.930554367863046,16.267599163758998,3.243524952566433,23.507524963554765,3.01519944292085,29.967524595907072,3.4257282481559486,14.759334609753228,2.6171056681713307,19.644400986175462,2.3694087907721877
