start_time_s,end_time_s,pitch_midi,velocity,pitch_bend
299.99831337868477,300.2189029478458,65,62,1,1,1,1,1,1,1,1,1,1,1,1,1,1,0,1,1,1,1
299.6139002267574,299.8344897959184,65,66,1,1,1,1,1,1,1,1,1,1,1,1,1,1,1,1,1,1,2
299.12628117913835,299.7764399092971,53,58,0,0,1,1,1,1,1,1,1,1,1,1,2,1,1,1,1,1,1,1,1,1,1,1,1,1,1,1,1,1,1,1,1,1,1,1,1,1,1,1,1,1,1,1,1,1,1,1,1,1,1,1,1,1,1,1
298.77798185941043,299.6139002267574,65,63,1,1,1,1,1,1,1,1,1,1,1,1,1,1,1,1,1,1,1,1,1,1,1,1,0,0,1,1,1,1,1,1,1,1,1,1,1,1,1,1,1,1,1,1,1,1,1,1,1,1,1,1,1,1,1,1,1,1,1,1,2,2,2,2,1,1,1,1,1,1,1,1
298.1510430839003,298.77798185941043,65,49,1,1,1,1,1,1,1,1,1,1,1,2,2,2,2,2,1,1,1,1,1,1,1,1,1,1,1,1,1,1,1,1,1,1,1,1,1,1,1,2,2,2,2,1,1,1,1,1,0,0,0,0,1,1
298.0117233560091,298.59222222222223,53,49,1,1,1,1,1,1,0,0,0,0,1,1,1,1,1,1,1,1,1,1,1,0,0,0,0,0,0,0,0,0,0,0,1,1,1,1,1,1,1,1,1,1,1,1,1,0,0,0,0,0
297.98850340136056,298.1510430839003,65,74,1,1,1,1,1,1,1,1,1,1,1,1,1,1
297.6737501133787,298.1974829931973,60,48,1,1,1,1,1,1,1,1,1,1,1,1,1,1,1,1,1,1,1,1,1,1,1,1,1,1,1,1,1,1,1,1,1,1,1,1,1,1,1,1,1,1,1,1,1,1
297.6621401360544,297.8362897959184,53,40,1,1,1,1,1,1,1,1,1,1,1,1,1,1,1
297.5228204081633,298.9521315192744,48,54,1,1,1,1,1,1,1,1,1,1,1,1,1,1,1,1,1,1,1,1,1,1,1,1,1,1,1,1,1,1,1,1,1,1,1,1,1,1,1,1,1,1,1,1,1,1,1,1,1,1,1,1,1,1,1,1,1,1,1,1,1,1,1,1,1,1,1,1,1,1,1,1,1,1,1,1,1,1,1,1,1,1,1,1,1,1,1,1,1,1,1,1,1,1,1,1,1,1,1,1,1,1,1,1,1,1,1,1,1,1,1,1,1,1,1,1,1,1,1,1,1,1,1,1
297.3370607709751,297.6040902494331,60,58,1,1,1,1,1,1,1,1,1,1,1,1,1,1,1,1,1,1,1,1,1,1,1
297.15130113378683,297.3370607709751,60,52,0,0,0,0,0,1,1,1,1,1,1,1,1,1,1,1
296.96554149659863,297.5228204081633,48,53,1,1,1,1,1,1,1,1,1,1,1,1,1,1,1,1,1,1,1,1,1,1,1,1,1,1,1,1,1,1,1,1,1,1,1,1,1,1,1,1,1,1,1,1,1,1,1,1
296.9307115646259,297.15130113378683,60,55,1,1,1,1,1,1,1,1,1,1,1,1,1,1,1,1,1,1,0
296.6636820861678,297.4299405895692,57,66,1,1,1,1,1,1,1,1,1,1,1,1,1,1,1,1,1,1,1,1,1,1,1,1,1,1,1,1,1,1,0,0,1,1,1,1,1,1,1,1,1,1,1,1,1,1,1,1,1,1,1,1,1,1,1,1,1,1,1,1,1,1,1,1,0,1
295.7103800453515,296.6636820861678,57,60,1,1,1,1,1,1,1,1,1,1,1,1,1,1,1,1,1,1,1,1,1,1,1,0,0,0,1,1,1,0,0,0,0,0,0,0,0,0,0,0,0,0,0,0,0,0,0,0,0,0,1,1,0,0,0,0,0,0,1,1,1,1,1,1,1,0,0,0,0,1,1,0,0,0,0,0,0,0,0,0,0,0,0
295.23437097505666,296.96554149659863,48,58,0,0,1,1,1,1,1,1,1,1,1,1,0,0,0,0,0,1,1,1,1,0,0,0,0,0,0,0,0,0,0,1,1,1,0,0,0,0,1,1,1,1,1,1,1,1,1,1,1,1,1,1,1,1,1,1,1,1,1,1,1,1,1,0,0,0,0,1,1,1,1,1,1,1,1,1,1,1,1,0,0,0,0,0,1,1,1,1,1,1,1,1,1,1,1,1,1,0,0,0,1,1,1,1,1,1,1,1,1,1,1,1,0,0,0,0,0,0,0,0,0,0,0,0,0,1,1,1,1,1,1,1,1,1,1,1,1,1,1,1,1,1,1,1,1,1,1,1,1,1
294.8396317460317,295.23437097505666,55,65,1,1,1,1,1,1,1,1,1,1,1,1,1,1,1,1,1,1,1,1,1,1,1,1,1,1,1,1,1,1,1,1,1,1
294.29396281179135,295.23437097505666,48,58,1,1,1,1,1,1,1,1,1,1,1,1,1,1,1,1,1,1,1,1,1,1,1,1,1,1,1,1,1,1,1,1,1,1,0,0,0,0,0,0,0,0,0,0,0,1,1,1,1,1,1,1,1,1,1,1,1,1,1,1,1,1,1,1,1,1,1,1,1,1,1,1,1,1,1,1,1,1,0,0,0
294.27074285714286,300.2421229024943,41,70,0,0,0,0,0,1,1,1,1,1,1,1,1,1,1,1,1,1,1,1,1,1,1,1,1,1,1,1,1,1,1,1,1,1,1,1,1,1,1,1,1,1,1,1,1,1,1,1,1,1,1,1,1,1,1,1,1,1,1,1,1,1,1,1,1,1,1,1,0,0,0,0,0,0,0,0,0,0,0,0,1,1,1,1,1,1,1,1,1,1,1,1,1,1,0,0,0,0,0,0,0,0,0,0,0,0,0,0,0,0,0,1,1,1,1,1,1,1,1,1,1,1,1,1,1,1,1,1,1,1,1,1,1,1,1,1,1,1,1,1,1,1,1,1,1,1,1,0,0,0,1,1,1,1,1,1,1,1,1,1,1,1,1,1,1,1,1,1,0,0,0,0,0,0,0,0,0,1,1,1,1,1,1,1,1,1,1,1,1,1,1,1,1,1,1,1,1,1,1,1,1,1,1,1,1,1,1,1,1,1,1,1,1,1,1,1,1,1,1,1,1,1,1,1,1,1,0,0,0,0,0,1,1,1,1,1,1,1,1,1,1,1,1,1,1,1,1,1,1,1,1,1,1,1,1,1,1,1,1,1,1,1,1,1,1,1,1,1,1,1,1,1,1,1,1,1,1,1,1,1,1,1,1,1,1,1,1,1,1,1,1,1,1,1,1,1,1,1,1,1,1,1,1,1,1,1,1,1,1,1,1,1,1,1,1,1,1,1,1,1,1,1,1,1,1,1,1,1,1,1,1,1,1,1,1,1,1,1,1,1,1,1,1,1,1,1,1,1,1,1,1,1,1,1,1,1,1,1,1,1,1,1,1,1,1,1,1,1,1,1,1,1,1,1,1,1,1,1,1,1,1,1,1,1,1,1,1,1,1,1,1,1,1,1,1,1,1,1,1,1,1,1,1,1,1,1,1,1,1,1,1,1,1,1,1,1,1,1,1,1,1,1,1,1,1,1,1,1,1,1,1,1,1,1,1,1,1,1,1,1,1,1,1,1,1,1,1,1,1,1,1,1,1,1,1,1,1,1,1,1,1,1,1,1,1,1,1,1,1,1,1,1,1,1,1,1,1,1,1,1,1,1,1,1,1,1,1,1,1,1,1,1,1,1,1,1,1,1,1,1,1,1,1,1,1,1,1,1,1,1,1,1,1,1,1,1,1
294.002429478458,294.2243029478458,60,39,1,1,1,1,1,1,1,1,1,1,1,1,1,1,1,1,1,1,1,1
294.002429478458,294.27074285714286,41,85,1,1,1,1,1,1,1,1,1,1,1,1,1,1,1,1,1,0,0,0,0,0,0,0
293.8863297052154,295.118271201814,29,59,1,1,1,1,2,2,2,2,2,2,2,2,0,0,0,0,0,1,1,1,1,1,1,1,1,1,1,1,1,1,1,1,0,0,0,0,0,0,0,0,0,0,1,1,1,1,1,1,1,1,1,1,1,1,1,1,1,1,1,1,1,1,1,1,1,1,1,1,1,1,1,1,1,1,1,1,1,1,1,1,1,1,1,1,0,0,0,0,0,0,0,0,0,0,0,0,1,1,1,1,1,1,1,1,1,1,1
293.8166698412698,294.002429478458,41,92,1,1,1,1,1,1,1,1,1,1,1,1,1,1,1,1
293.71218004535143,293.8863297052154,29,59,1,1,1,1,1,1,1,1,1,1,1,1,1,1,1
293.43354058956913,293.78183990929705,60,62,1,1,1,1,1,1,1,1,1,1,1,1,1,1,1,1,1,1,1,1,1,1,1,1,1,1,1,1,1,1
293.2826108843537,293.43354058956913,60,67,1,1,1,1,1,1,1,1,1,1,1,1,1
292.8762616780045,293.2826108843537,60,52,1,1,1,1,1,1,1,1,1,1,1,1,1,1,1,1,1,1,1,1,1,1,1,1,1,1,1,1,1,1,1,1,1,1,1
292.42347256235826,292.8762616780045,60,46,1,1,1,1,1,1,1,1,1,1,1,1,1,1,1,1,1,1,1,1,1,1,1,1,1,1,1,1,1,1,1,1,1,1,1,1,1,1,1
291.94617959183677,292.95753151927437,57,64,1,1,1,1,1,1,1,1,1,1,1,1,1,1,1,1,1,1,1,1,1,1,1,1,1,1,1,1,1,1,1,1,1,1,1,1,1,1,1,1,1,1,1,1,1,1,1,1,1,1,1,1,1,1,1,1,1,1,1,1,1,1,0,0,1,1,1,1,1,1,1,1,1,1,1,1,1,1,1,1,1,1,1,1,1,1,1,1
291.9345696145125,292.26093287981854,69,40,0,0,1,1,1,1,1,1,1,1,1,1,1,1,1,1,1,1,1,1,1,1,1,1,1,1,1,1,1
291.9345696145125,292.5860122448979,53,47,1,1,1,1,1,1,1,1,1,1,1,1,1,1,1,1,1,1,1,1,1,1,1,1,1,1,1,1,1,1,1,1,1,1,1,1,1,1,1,1,1,1,1,1,1,1,1,1,1,1,1,1,1,1,1,1,1
291.4933904761905,291.87651972789115,60,49,1,1,1,1,1,1,1,1,1,1,1,1,1,1,1,1,1,1,1,0,1,1,1,1,1,1,1,1,1,1,1,1,1
291.4933904761905,293.5844702947846,48,64,1,1,1,1,1,1,1,1,1,1,1,1,1,1,1,1,1,1,1,1,1,1,1,1,1,1,1,1,1,1,1,1,1,1,1,1,1,1,1,1,1,1,1,1,1,1,1,1,1,1,1,1,1,1,1,1,1,1,1,1,1,1,1,1,1,1,1,1,1,1,1,1,1,1,1,1,1,1,1,1,1,1,1,1,1,1,1,1,1,1,1,1,1,1,1,1,1,1,1,1,1,1,1,1,1,1,1,1,1,1,1,1,1,1,1,1,1,1,1,1,1,1,1,1,1,1,1,1,1,1,1,1,1,0,0,0,0,1,1,1,1,1,1,1,1,1,1,1,1,1,1,1,1,1,1,1,1,1,1,1,1,1,1,1,1,1,1,1,1,1,1,1,1,1,1,1,1,1,1,1,1
291.00577142857145,291.91134965986396,55,69,1,1,1,1,1,1,1,1,1,1,1,1,1,1,1,1,1,1,1,1,1,1,1,1,1,1,1,1,1,1,1,1,1,1,1,1,1,1,1,1,1,1,1,1,1,1,1,1,1,1,1,1,1,1,1,1,1,1,1,1,1,1,1,1,1,1,1,1,1,1,1,1,1,1,1,1,1,1
290.55298231292517,291.4933904761905,48,72,1,1,1,1,1,1,1,1,1,1,1,1,1,1,1,1,1,1,1,1,1,1,1,1,1,1,1,1,1,1,1,1,1,1,1,1,1,1,1,1,1,1,1,1,1,1,1,1,1,1,1,1,1,1,1,1,1,1,1,1,1,1,1,1,1,1,0,0,0,0,0,0,0,0,0,0,0,0,0,1,1
290.2975628117914,291.41212063492065,29,74,1,1,1,1,1,1,1,0,0,0,1,1,1,1,1,1,1,1,1,1,1,1,1,1,1,1,1,1,1,1,1,1,1,1,1,1,1,0,0,0,0,0,0,1,1,1,1,1,1,1,1,1,1,1,1,1,1,1,1,1,1,1,1,1,1,1,1,1,1,1,1,1,1,1,1,1,1,1,1,1,1,1,1,1,1,1,1,1,1,1,1,1,1,1,1,1
290.2046829931973,293.8166698412698,41,73,1,1,1,1,1,1,0,0,1,1,1,1,1,1,1,1,1,1,1,1,1,1,1,1,1,1,1,1,1,1,1,1,1,1,1,1,1,1,1,1,1,1,1,1,1,1,1,1,1,1,1,1,1,1,1,1,1,1,1,1,1,1,1,1,1,1,1,1,1,1,1,1,1,1,1,1,1,1,1,1,1,1,1,1,1,1,1,1,1,1,1,1,1,1,1,1,1,1,1,1,1,1,1,1,1,1,1,1,1,1,1,1,1,1,1,1,1,1,1,1,1,1,1,1,1,1,1,1,1,1,1,1,1,1,1,1,1,1,1,1,1,1,1,1,1,1,1,1,1,1,1,1,1,1,1,1,1,1,1,1,1,1,1,1,1,1,1,1,1,1,1,1,1,1,1,1,1,1,1,1,1,1,1,1,1,1,1,1,1,1,1,1,1,1,1,1,1,1,1,1,1,1,1,1,1,1,1,1,1,1,1,1,1,1,1,1,1,1,1,1,1,1,1,1,1,1,1,1,1,1,1,1,1,1,1,1,1,1,1,1,1,1,1,1,1,1,1,1,1,1,1,1,1,1,1,1,1,1,1,1,1,1,1,1,1,1,1,1,1,1,1,1,1,1,1,1,1,1,1,1,1,1,1,1,1,1,1,1,0,0,0,0,0,1,1,1,1,1,1,1,1,0,0,0,0,0,1,1,1,1,1,1
288.7289319727891,289.2281609977324,48,66,0,1,1,1,1,1,1,1,1,1,1,1,1,1,1,1,1,1,1,1,1,1,1,1,1,1,1,1,1,1,1,1,1,1,1,1,1,1,1,1,1,1,1
288.71732199546483,288.8914716553288,69,49,1,1,1,1,1,1,1,1,1,1,1,1,1,1,1
288.71732199546483,289.12367120181403,41,64,1,1,1,1,1,1,1,1,1,1,1,1,1,1,1,1,1,1,1,1,1,1,1,1,1,1,1,1,1,1,1,1,1,1,1
288.55478231292517,288.71732199546483,41,73,1,1,1,1,1,1,1,1,1,1,1,1,1,1
288.3922426303855,288.55478231292517,41,70,1,1,1,1,1,1,1,1,1,1,1,1,1,1
287.3576707482993,287.9497795918367,41,61,1,1,1,1,1,1,1,1,1,1,1,1,1,1,1,1,1,1,1,1,1,1,1,1,1,1,1,1,1,1,1,1,1,1,1,1,1,1,1,1,1,1,1,1,1,1,1,1,1,1,1
287.2299609977324,287.6711401360544,54,64,1,1,1,1,1,1,1,1,1,1,1,1,1,1,1,1,1,1,1,1,1,1,1,1,1,1,1,1,1,1,1,1,1,1,1,1,1,1
287.21835102040814,287.3576707482993,41,60,1,1,1,1,1,1,1,1,1,1,1,1
287.0906412698412,287.2299609977324,54,86,1,1,1,1,1,1,1,1,1,1,1,1
287.02098140589567,287.21835102040814,41,64,1,1,1,1,1,1,1,1,1,1,1,1,1,1,1,1,1
286.57980226757365,286.75395192743764,70,49,1,1,1,1,1,1,1,1,1,1,1,1,1,1,1
286.5681922902494,286.81200181405893,41,61,1,1,1,1,1,1,1,1,1,1,1,1,1,1,1,1,1,1,1,1,1
286.4056526077097,286.71912199546483,53,59,1,1,1,1,1,1,1,1,1,1,1,1,1,1,1,1,1,1,1,1,1,1,1,1,1,1,1
286.4056526077097,286.61463219954646,48,52,1,1,1,1,1,1,1,1,1,1,1,1,1,1,1,1,1,1
286.2779428571428,286.5681922902494,41,65,1,1,1,1,1,1,1,1,1,1,1,1,1,1,1,1,1,1,1,1,1,1,1,1,1
286.24311292517007,286.417262585034,60,58,1,1,1,1,1,1,1,1,1,1,1,1,1,1,1
286.0444594104309,286.4056526077097,53,50,1,1,1,1,1,1,1,1,1,1,1,1,1,1,1,1,1,1,1,1,1,1,1,1,1,1,1,1,1,1,1,1
285.83547981859414,286.2779428571428,41,77,1,1,1,1,1,1,1,1,1,1,1,1,1,1,1,1,1,1,1,1,1,1,1,1,1,1,1,1,1,1,1,1,1,1,1,1,1,1,1
285.66133015873015,285.92835963718824,48,48,1,1,1,1,1,1,1,1,1,1,1,1,1,1,1,1,1,1,1,1,1,1,1
285.47557052154195,285.83547981859414,41,78,1,1,1,1,1,1,1,1,1,1,1,1,1,1,1,1,1,1,1,1,1,1,1,1,1,1,1,1,1,1,1
285.3130308390023,285.47557052154195,41,62,1,1,1,1,1,1,1,1,1,1,1,1,1,1
284.9531215419501,285.19693106575966,58,42,1,1,1,1,1,1,1,1,1,1,1,1,1,1,2,2,1,1,1,1,1
284.860241723356,285.1156612244898,41,59,1,1,1,1,1,1,1,1,1,1,1,1,1,1,1,1,1,1,1,1,1,1
284.1172031746032,284.29135283446715,53,44,1,1,1,1,1,1,1,1,1,1,1,1,1,1,1
283.31483083900224,283.5470303854875,53,43,1,1,1,1,1,1,1,1,1,1,1,1,1,1,1,1,1,1,1,1
283.2335609977324,283.62830022675735,41,72,1,1,1,1,1,1,1,1,1,1,1,1,1,1,1,1,1,1,1,1,1,1,1,1,1,1,1,1,1,1,1,1,1,1
283.0245814058957,283.2335609977324,41,87,1,1,1,1,1,1,1,1,1,1,1,1,1,1,1,1,1,1
282.862041723356,283.0245814058957,41,85,1,1,1,1,1,1,1,1,1,1,1,1,1,1
282.44408253968254,282.862041723356,41,87,1,1,1,1,1,1,1,1,1,1,1,1,1,1,1,1,1,1,1,1,1,1,1,1,1,1,1,0,0,0,0,0,0,1,1,1
282.1886630385487,282.44408253968254,41,78,1,1,1,1,1,1,1,1,1,1,1,1,1,1,1,1,1,1,1,1,1,1
282.1770530612245,283.51220045351477,48,53,1,1,1,1,1,1,1,1,1,1,1,1,0,1,1,1,1,1,1,1,1,1,1,1,1,1,1,1,1,1,1,1,1,1,1,1,1,1,0,1,1,1,1,1,1,1,1,1,1,1,1,1,1,0,0,1,1,1,1,1,1,1,1,1,1,1,1,1,1,1,1,1,1,1,1,1,1,1,1,1,0,0,1,1,1,1,1,1,1,1,1,1,1,1,1,1,1,1,1,0,1,1,1,1,1,1,1,1,1,1,1,1,1,1,1
280.5271523809524,280.80579183673467,32,44,0,1,1,1,1,1,1,1,1,1,1,1,0,0,0,0,0,0,0,0,0,0,1,1
280.44588253968254,280.6200321995465,48,47,1,1,1,1,1,1,1,1,1,1,1,1,1,1,1
280.12080317460317,280.31817278911564,48,49,1,1,1,1,1,1,1,1,1,1,1,1,1,1,1,1,1
280.02663945578234,280.21368299319727,43,34,1,1,1,1,-1,-1,-1,-1,1,1,1,1,1,1,1,1,1
278.5289523809524,278.7495419501134,46,58,1,1,1,1,1,1,1,1,1,1,1,1,1,1,0,0,1,1,1
278.5289523809524,278.7263219954649,34,53,2,2,2,2,2,2,2,1,1,1,1,1,1,1,2,2,2
278.16904308390025,278.4360725623583,53,66,0,1,1,1,1,1,1,1,1,1,1,1,1,1,1,1,1,1,1,1,1,1,1
277.32023083900225,277.703360090703,46,60,1,1,1,1,1,1,1,1,1,1,1,1,1,1,1,1,1,1,1,1,1,1,1,1,1,1,1,1,1,1,1,1,1
277.2737909297052,277.4247206349206,41,55,1,1,1,1,1,1,1,1,1,1,1,1,1
277.08803129251703,277.2737909297052,41,62,1,1,1,1,1,1,1,1,1,1,1,1,1,1,1,1
277.0299814058957,277.1925210884354,53,53,1,1,1,1,1,1,1,1,1,1,1,1,1,1
276.5307523809524,276.6816820861678,72,44,1,1,1,1,1,1,1,1,1,1,1,1,1
276.5191424036281,276.8093918367347,53,45,1,1,1,1,1,1,1,1,1,1,1,1,1,1,1,1,1,1,1,1,1,1,1,1,1
276.379822675737,276.5191424036281,53,56,1,1,1,1,1,1,1,1,1,1,1,1
276.13601315192744,276.2753328798186,53,55,1,1,1,1,1,1,1,1,1,1,1,1
275.94896961451246,276.13601315192744,53,39,1,1,1,1,0,0,0,0,0,0,1,1,1,1,1,1,1
275.8909197278912,276.05345941043083,41,57,1,1,1,1,1,1,1,1,1,1,1,1,1,1
275.8096498866213,275.94896961451246,53,64,1,1,1,1,1,1,1,1,1,1,1,1
275.7516,275.972189569161,46,41,1,1,1,1,1,1,1,1,1,1,1,1,1,1,1,1,1,1,1
275.46135056689343,275.8096498866213,53,55,1,1,1,1,1,1,1,1,1,1,1,1,1,1,1,1,1,1,1,1,1,1,1,1,1,1,1,-2,-2,-2
274.9272916099773,275.0666113378685,53,56,0,0,0,0,1,1,1,1,1,1,1,1
273.4747605442177,273.6489102040817,48,54,1,1,1,1,1,1,1,1,1,1,1,1,1,1,1
273.3006108843538,273.4747605442177,48,46,1,1,1,1,1,1,1,1,1,1,1,1,1,1,1
273.04519138321996,273.2890009070295,43,56,1,1,1,1,1,1,1,1,1,1,1,1,1,1,1,1,1,1,1,1,1
272.63884217687075,272.87104172335603,36,61,0,0,1,1,1,1,1,1,1,1,1,1,1,1,1,1,1,1,1,1
272.0802793650794,272.3369827664399,43,57,1,1,1,0,0,0,0,0,1,1,1,1,1,1,1,1,1,1,1,1,1,1,1
271.90612970521545,272.0802793650794,43,49,1,1,1,1,1,1,1,1,1,1,1,1,1,1,1
271.87129977324264,272.0338394557823,46,54,0,1,1,1,1,1,1,1,1,1,1,1,1,1
271.7552,271.99900952380955,55,54,1,1,1,1,1,1,1,1,1,1,1,1,1,1,1,1,1,1,1,1,1
271.7552,272.162833106576,50,49,2,2,1,1,1,1,1,1,1,1,1,1,1,1,1,1,1,1,1,1,1,1,1,1,1,1,1,1,1,1,1,1,1,1,0,0
271.45334058956917,271.7552,50,56,1,1,1,1,1,1,1,1,1,1,1,1,1,1,1,1,1,1,1,1,1,1,1,1,2,2
271.4301206349206,271.73198004535146,43,48,0,0,0,0,0,0,0,0,1,1,1,1,1,1,1,1,1,1,1,1,1,1,1,1,1,1
271.05860136054423,271.3024108843538,43,63,1,1,1,1,1,1,1,1,1,1,1,1,1,1,1,1,1,1,1,1,1
271.04699138321996,271.40690068027214,31,66,0,1,1,1,1,1,1,1,1,1,1,1,1,0,0,0,0,0,0,0,0,0,1,1,1,1,1,0,0,0,0
270.9076716553288,271.05860136054423,43,52,1,1,1,1,1,1,1,1,1,1,1,1,1
270.6174222222222,271.09343129251704,38,83,1,1,1,1,1,1,1,1,1,1,1,1,1,1,1,1,1,1,1,1,1,1,1,1,1,1,1,1,1,1,1,1,1,1,1,1,1,1,1,1,1
270.4781024943311,270.6174222222222,50,42,1,0,0,0,1,1,1,1,1,1,1,1
270.42005260770975,270.6174222222222,38,62,2,1,1,1,1,1,1,1,1,1,1,1,1,1,1,2,2
270.36200272108846,270.5245424036281,65,42,1,1,1,1,1,1,1,1,1,1,1,1,1,1
270.23429297052155,270.42005260770975,38,74,1,1,1,1,1,1,1,1,1,1,2,2,2,0,2,2
270.10529931972786,270.23429297052155,38,68,1,1,1,1,1,1,1,1,1,1,1,1
269.83826984126983,270.10529931972786,38,83,0,0,1,1,1,1,2,2,2,2,1,1,1,1,1,1,1,1,1,1,1,1,1
269.64090022675737,269.9079297052154,65,60,1,1,1,1,1,1,1,1,1,1,1,1,1,1,1,1,1,1,1,1,1,1,1
269.46675056689344,269.6757301587302,50,49,1,1,1,1,1,1,1,1,1,1,1,1,1,1,1,1,1,1
269.46675056689344,269.83826984126983,38,71,1,1,1,1,1,1,1,1,1,1,1,1,1,1,1,1,1,1,1,1,1,1,1,1,1,1,-2,-2,-2,0,0,0
269.43192063492063,269.7105600907029,57,43,1,1,1,1,1,1,1,1,1,1,1,1,1,1,1,1,1,1,1,1,1,1,1,1
269.3042108843537,269.45514058956917,45,57,1,1,1,1,1,1,1,1,1,1,1,1,1
269.1300612244898,269.3042108843537,45,70,1,1,1,1,1,1,1,1,1,1,1,1,1,1,1
269.06040136054423,269.42031065759636,40,74,1,1,1,1,1,1,1,1,1,1,1,1,1,1,1,1,1,1,1,1,1,1,1,1,1,1,1,1,1,1,1
268.8514217687075,269.01396145124716,72,57,1,1,1,1,1,1,1,1,1,1,1,1,1,1
268.66566213151924,268.8514217687075,72,44,1,1,1,1,1,1,1,1,1,1,1,1,1,1,1,1
268.2477029478458,269.1300612244898,45,64,0,1,1,1,1,1,1,1,1,1,1,1,1,1,1,1,1,1,1,1,1,1,1,1,1,1,1,1,1,0,0,0,1,1,1,-1,-1,0,0,0,0,0,1,1,0,0,0,1,1,1,1,1,1,1,1,1,1,1,1,1,1,1,1,1,1,1,1,1,1,1,1,1,1,1,1,1
268.1883691609977,268.4682925170068,52,59,1,1,1,1,1,1,1,1,1,1,1,1,1,1,1,1,1,1,1,1,1,1,1,1,1
268.0954893424036,268.2825328798186,76,49,1,1,1,1,1,1,1,1,1,1,1,1,1,1,1,1,1
268.0374394557823,268.2477029478458,45,64,1,1,1,1,1,1,1,1,1,1,0,0,0,0,0,0,0,0,0
267.8632897959183,268.0490494331066,72,33,1,1,1,1,1,1,1,1,1,1,1,1,1,1,1,1
267.8632897959183,268.16514920634916,33,52,1,1,1,1,1,1,1,1,1,1,1,1,1,1,1,1,1,1,1,1,1,1,1,1,1,1
267.84006984126984,268.0374394557823,45,83,1,1,1,1,1,1,1,1,1,1,1,1,1,1,1,1,1
267.5033804988662,267.84006984126984,46,77,1,1,1,1,1,1,1,1,1,1,1,1,1,1,1,1,1,1,1,1,1,1,1,1,1,1,1,1,-2
266.98093151927435,267.16669115646255,79,37,1,1,1,1,1,1,1,1,1,1,1,1,1,1,1,1
266.6906820861678,266.8996616780045,55,48,1,1,1,1,1,1,1,1,1,1,1,1,1,1,1,1,1,1
266.6906820861678,267.5033804988662,46,53,1,1,1,1,1,1,1,1,1,1,1,0,0,0,0,1,1,1,1,0,0,0,0,0,0,1,1,1,1,1,1,1,1,1,1,1,0,0,1,1,1,1,1,1,1,1,1,1,1,1,1,1,1,1,0,0,0,0,0,0,0,0,0,0,0,0,1,1,1,1
266.66746213151924,266.88805170068025,76,38,1,1,1,1,1,1,1,1,1,1,1,1,1,1,1,1,1,1,1
266.2727229024943,266.6906820861678,46,62,0,0,1,1,1,1,1,1,1,1,1,1,1,1,1,1,1,1,1,1,1,1,1,1,1,1,-2,-2,-2,1,1,1,1,1,1,1
265.8883097505669,266.52814240362807,34,60,1,1,1,1,1,1,1,1,1,1,1,1,1,1,1,1,1,1,1,1,1,1,1,1,1,1,1,1,1,1,1,1,1,1,1,1,1,1,1,1,1,1,1,1,1,1,1,1,1,1,1,1,1,1,1,1
265.84186984126984,266.29594285714285,41,55,1,1,1,1,1,1,1,1,1,1,1,1,0,0,0,0,1,1,1,1,1,1,1,1,0,0,0,0,0,0,0,1,1,1,1,0,0,0,0,0
265.69094013605445,265.8883097505669,34,61,1,1,1,1,1,1,1,1,1,1,1,1,1,1,1,1,1
265.65611020408164,266.2727229024943,46,55,1,1,1,1,1,1,1,1,1,1,1,1,1,1,1,1,1,1,1,1,1,1,1,1,1,1,1,1,1,1,1,1,1,1,1,1,1,1,1,1,1,1,1,1,1,1,1,1,1,0,0,0,0,0
265.52840045351473,265.7257700680272,77,57,1,1,1,1,1,1,1,1,1,1,1,1,1,1,1,1,1
265.4819605442177,265.69094013605445,34,69,0,0,0,0,1,1,1,1,1,1,1,1,1,1,1,1,1,1
265.43552063492064,265.9231396825397,53,48,1,1,1,1,1,1,1,1,1,1,1,1,1,1,1,1,1,1,1,1,1,1,1,1,1,1,1,1,1,1,1,1,1,1,1,1,1,1,1,1,1,1
265.42391065759637,265.65611020408164,46,44,0,0,0,0,0,0,0,0,0,0,0,0,0,0,0,1,1,1,1,1
265.28459092970525,265.4819605442177,34,59,1,1,1,1,1,1,1,1,1,1,1,1,1,1,1,2,2
265.1684911564626,265.42391065759637,46,59,1,1,1,1,1,1,1,1,1,1,1,1,1,1,1,1,1,1,1,1,0,0
265.11044126984126,265.43552063492064,53,47,1,1,1,1,1,1,1,1,1,1,1,1,1,1,1,1,1,1,1,1,1,1,1,1,1,1,1,1
265.01756145124716,265.1801011337869,57,40,1,1,1,1,1,1,1,1,1,1,1,1,1,1
264.75053197278913,265.11044126984126,53,62,1,1,1,1,1,1,1,1,1,1,1,1,1,1,1,1,1,1,1,1,1,1,1,1,1,0,1,1,1,1,1
264.5879922902495,264.9014616780045,57,49,1,1,1,1,1,1,1,1,1,1,1,1,1,1,1,1,1,1,1,1,1,1,1,1,1,1,1
264.4835024943311,264.75053197278913,53,65,1,1,1,1,1,1,1,1,1,1,1,1,1,1,1,1,1,1,1,1,1,1,1
264.4835024943311,264.64604217687076,41,42,1,1,1,1,1,1,1,1,1,1,1,1,1,1
264.3441827664399,264.5996022675737,29,60,1,1,1,1,1,1,1,1,1,1,1,1,1,1,1,1,1,1,2,2,2,2
264.33257278911566,264.4835024943311,41,58,1,1,1,1,1,1,1,1,1,1,1,1,1
264.28613287981864,264.4835024943311,53,62,1,1,1,1,1,1,1,1,1,1,1,1,1,1,1,1,1
264.15713922902495,264.5879922902495,57,51,1,1,1,1,1,1,1,1,1,1,1,1,1,1,1,1,1,1,1,1,1,1,1,1,1,1,1,1,1,1,1,1,1,1,1,1,1,1
264.11069931972787,264.3441827664399,29,61,1,1,1,1,1,1,1,1,1,1,1,1,1,1,1,1,1,1,1,1,1
264.06425941043085,264.28613287981864,53,66,1,1,1,1,1,1,1,1,1,1,1,1,1,1,1,1,1,1,1,1
264.0526494331066,264.33257278911566,41,55,1,1,1,1,1,1,1,1,1,1,1,1,1,1,1,1,1,1,1,1,1,1,1,1,1
263.9249396825397,264.11069931972787,74,53,1,1,1,1,1,1,1,1,1,1,1,1,1,1,1,1
263.8668897959184,264.15713922902495,57,51,1,1,1,1,1,1,1,1,1,1,1,1,1,1,1,1,1,1,1,1,1,1,1,1,1
263.8552798185941,264.0526494331066,41,61,1,1,1,1,1,1,1,1,1,1,1,1,1,1,1,1,1
263.70435011337867,263.8552798185941,41,52,1,1,1,1,1,1,1,1,2,2,2,2,1
263.5998603174603,263.7624,77,49,1,1,1,1,1,1,1,1,1,1,1,1,1,1
263.5998603174603,263.9249396825397,74,44,1,1,0,1,1,1,1,1,1,1,1,1,1,1,1,1,1,1,1,1,1,1,1,1,1,1,1,1
263.5998603174603,263.8320598639456,65,49,1,1,1,1,1,1,1,1,1,1,1,1,1,1,1,1,1,1,1,1
263.56503038548755,264.06425941043085,53,64,1,1,1,1,1,1,1,1,1,1,1,1,1,1,1,1,1,1,1,1,1,1,1,1,1,1,1,1,1,1,1,1,1,1,1,1,1,1,1,1,1,1,1
263.56503038548755,263.70435011337867,41,55,1,1,1,1,1,1,1,1,1,1,1,1
263.5534204081633,263.75079002267574,81,28,1,1,1,1,1,1,1,1,1,1,1,1,1,1,1,1,1
263.541810430839,263.7275700680272,69,59,1,1,1,1,1,1,1,1,1,1,1,1,1,1,1,1
263.51859047619047,263.71596009070294,55,47,-5,1,1,1,1,1,1,1,1,1,1,1,1,1,1,1,1
263.4141006802721,263.56503038548755,41,52,1,1,1,1,1,1,1,1,1,1,1,1,1
263.3676607709751,263.541810430839,69,66,1,1,1,1,1,1,1,1,1,1,1,1,1,1,1
263.23995102040817,263.4141006802721,41,54,1,1,1,1,1,1,1,1,1,1,1,1,1,1,1
263.21673106575963,263.56503038548755,53,72,1,1,1,1,1,1,1,1,1,1,1,1,1,1,1,1,1,1,1,1,1,1,1,1,1,1,1,1,1,1
263.03097142857143,263.3676607709751,69,54,1,1,1,1,0,0,1,1,1,1,1,1,1,1,1,1,1,1,1,1,1,1,1,1,1,1,1,1,1
262.8684317460317,263.01936145124716,57,47,1,1,1,1,1,1,1,1,1,1,1,1,1
262.57818231292515,262.89165170068026,55,53,1,1,1,1,1,1,1,1,1,1,1,1,1,1,1,1,1,1,1,1,1,1,1,1,1,1,1
262.52013242630386,263.0077514739229,36,50,1,1,1,1,1,1,1,1,1,1,1,1,1,1,1,1,1,1,1,1,1,1,1,1,1,1,1,1,1,1,1,1,1,1,1,1,1,1,1,1,1,1
262.43886258503403,262.84521179138324,60,55,1,1,1,1,1,1,1,1,1,1,1,1,1,1,1,1,1,1,1,1,1,1,1,1,1,1,1,1,1,1,1,1,1,1,1
262.39242267573695,262.57818231292515,55,62,1,1,1,1,1,1,1,1,1,1,1,1,1,1,1,1
262.25310294784583,262.5897922902494,48,61,1,1,1,1,1,1,1,1,1,1,1,1,1,1,1,1,1,1,1,1,1,1,1,1,1,1,1,1,1
262.24149297052156,262.43886258503403,60,55,1,1,1,1,1,1,1,1,1,1,1,1,1,1,1,1,1
262.1357192743764,262.39242267573695,55,70,1,1,1,1,1,1,1,1,1,1,1,1,1,1,1,1,1,1,1,1,1,1,1
261.8802997732426,262.1357192743764,55,64,1,1,1,1,1,1,1,1,1,2,2,2,1,1,1,1,1,1,1,1,1,1
261.8686897959183,262.2763229024943,67,58,1,1,1,1,1,1,1,1,1,1,1,1,1,1,1,1,1,1,1,1,1,1,1,1,1,1,1,1,1,1,1,1,1,1,1,1
261.84546984126985,262.52013242630386,36,70,1,1,1,1,1,1,1,1,1,1,1,1,1,1,1,1,1,1,1,1,1,1,1,1,1,1,1,1,1,1,1,1,1,1,1,1,1,1,1,1,1,1,1,1,1,1,1,1,1,1,1,1,1,1,1,1,1,1,1
261.71776009070294,261.8686897959183,67,68,1,1,1,1,1,1,1,1,1,1,1,1,1
261.70615011337867,262.25310294784583,48,71,1,1,1,1,1,1,1,1,1,1,1,1,1,1,1,1,1,1,1,1,1,1,1,1,1,1,1,1,1,1,1,1,1,1,1,0,0,0,1,1,1,1,1,1,1,1,1,1
261.6364902494331,261.90351972789114,74,64,1,1,1,1,1,1,1,1,1,1,1,1,1,1,1,1,1,1,1,1,1,1,1
261.6364902494331,261.8802997732426,55,67,1,1,1,1,1,1,1,1,1,1,1,1,1,1,1,1,1,1,1,1,1
261.52039047619047,261.71776009070294,67,64,1,1,1,1,1,1,1,1,1,1,1,1,1,1,1,1,1
261.4275106575964,261.6364902494331,79,51,1,1,1,1,1,1,1,1,2,1,1,1,1,1,1,1,1,1
261.4275106575964,261.6364902494331,74,67,1,1,1,1,1,1,1,1,1,1,1,1,1,1,1,1,1,1
261.4275106575964,261.6364902494331,55,61,1,1,1,1,1,1,1,1,1,1,1,1,1,1,1,1,1,1
261.2417510204081,261.67132018140586,43,40,1,1,1,1,1,1,1,1,1,1,1,1,1,1,1,1,1,1,1,1,1,1,1,1,1,1,1,1,1,1,1,1,1,1,1,1,1
261.1953111111111,261.4275106575964,55,46,1,1,1,1,1,1,1,1,1,1,1,1,1,1,1,1,1,1,1,1
261.1837011337868,261.52039047619047,67,55,1,1,1,1,1,1,1,1,1,1,1,1,1,1,1,1,1,0,1,1,1,1,1,1,1,1,1,1,1
261.1372612244898,261.6481002267574,36,57,1,1,1,1,1,1,1,1,1,1,1,1,1,1,1,1,1,1,1,1,1,1,1,1,1,1,1,1,1,1,1,1,1,1,1,1,1,1,1,1,1,1,1,1
260.9747215419501,261.12565124716554,62,54,1,1,1,1,1,1,1,1,1,1,1,1,1
260.90506167800453,261.4739505668934,31,65,1,1,1,1,1,1,2,2,2,0,0,0,1,1,1,1,1,1,1,1,1,1,2,2,2,2,2,1,1,1,1,1,1,1,1,1,1,1,1,1,1,1,1,2,2,2,2,2,2
260.7425219954648,260.90506167800453,31,81,2,2,1,1,1,1,1,1,1,1,1,1,1,1
260.71930204081633,261.12565124716554,70,50,1,1,1,1,1,1,1,1,1,1,1,1,1,1,1,1,1,1,1,1,1,1,1,1,1,1,1,1,1,1,1,1,1,1,1
260.6032022675737,261.0559913832199,43,50,1,1,1,1,1,1,1,1,1,1,1,1,1,1,1,1,1,1,1,1,1,1,1,1,1,1,1,1,1,1,1,1,1,1,1,1,1,1,1
260.54515238095235,260.7425219954648,31,79,1,1,1,2,2,2,2,2,1,1,1,1,1,2,2,2,2
260.3710027210884,260.9166716553288,50,49,1,1,1,1,1,1,1,1,1,1,1,1,1,1,1,1,1,1,1,1,1,1,1,1,1,1,1,1,1,1,1,1,1,1,1,1,1,1,1,1,1,1,1,1,1,1,1
260.32456281179134,260.54515238095235,31,91,1,2,2,2,1,1,1,1,1,1,1,1,1,1,1,1,1,2,1
260.3129528344671,260.6032022675737,43,63,1,1,1,1,1,1,1,1,1,1,1,1,1,1,1,1,1,1,1,1,1,1,1,1,1
260.1723492063492,260.32456281179134,31,84,2,2,2,2,1,1,1,1,1,1,1,1,1,1
259.97497959183676,260.7425219954648,62,46,1,1,1,1,1,1,1,1,1,1,1,1,1,1,1,1,1,1,1,1,1,1,1,1,1,1,1,1,1,1,1,1,1,1,1,1,1,1,1,1,1,1,1,1,1,1,1,1,1,1,1,1,1,1,1,1,1,1,1,1,1,1,1,1,1,1,1
259.9285396825397,260.1723492063492,31,78,1,1,1,1,1,1,1,1,1,1,1,1,1,1,1,1,1,1,1,1,2
259.7776099773243,259.9285396825397,31,83,1,1,1,1,1,1,1,1,1,1,1,1,1
259.5802403628118,259.7776099773243,31,72,1,1,1,1,1,1,1,2,2,2,1,1,1,1,1,1,1
259.56863038548755,259.70795011337873,43,45,1,1,1,1,1,1,1,1,1,1,1,1
259.16228117913835,259.4177006802721,50,55,1,1,1,1,1,1,1,1,1,1,1,1,1,1,1,1,1,1,1,1,1,1
259.03457142857144,259.4177006802721,41,43,1,1,1,1,1,1,1,0,0,0,0,0,1,1,1,1,1,1,1,1,1,1,1,1,1,1,1,1,1,1,1,1,1
258.97652154195015,259.16228117913835,50,44,1,1,1,1,1,1,1,1,1,1,1,1,1,1,1,1
258.93008163265307,259.11584126984127,46,41,1,1,1,1,1,1,1,1,1,1,1,1,1,1,1,1
258.75593197278914,259.2435510204082,74,45,1,1,1,1,1,1,1,1,1,1,1,1,1,1,1,1,1,1,1,1,1,1,1,1,1,1,1,1,1,1,1,1,1,1,1,1,1,1,1,1,1,1
258.70949206349206,258.93008163265307,45,47,0,0,0,1,1,1,1,1,1,1,1,1,1,1,1,1,1,1,1
258.66305215419504,258.84881179138324,53,55,1,1,1,1,1,1,1,1,1,1,1,1,1,1,1,1
258.4076326530612,258.66305215419504,53,69,1,1,1,1,1,1,1,1,1,1,1,1,1,1,1,1,1,1,1,1,1,1
257.6749201814059,257.81423990929704,45,61,1,1,1,1,1,1,1,1,1,1,1,1
257.39628072562357,258.0580494331066,72,62,1,1,1,1,1,1,1,1,1,1,1,1,1,1,1,1,1,1,1,1,1,1,1,1,1,1,1,1,1,1,1,1,1,1,1,1,1,1,1,1,1,1,1,1,1,1,1,1,1,1,1,1,1,1,1,1,1
257.34984081632655,257.6749201814059,45,44,1,1,1,1,1,1,1,1,1,1,1,1,1,1,1,1,1,1,1,1,1,1,1,1,1,1,1,1
257.0247614512472,257.39628072562357,72,68,1,1,1,1,1,1,1,1,1,1,1,1,1,1,1,1,1,1,1,1,1,1,1,1,1,1,1,1,1,1,1,1
256.9783215419501,257.1408612244898,53,57,1,1,1,1,1,1,1,1,1,1,1,1,1,1
256.85061179138324,257.0247614512472,72,63,1,1,1,1,1,1,1,1,1,1,1,1,1,1,1
256.839001814059,257.05959138322,46,40,-2,-2,-2,1,1,1,1,-2,-2,2,2,2,1,1,1,1,1,1,1
256.7345120181406,256.9783215419501,53,47,1,1,1,1,1,1,1,1,1,1,1,1,1,1,1,1,1,1,1,1,1
256.7345120181406,257.106031292517,33,41,1,1,1,1,1,1,1,1,1,1,1,1,1,1,1,1,1,1,1,1,1,1,1,1,1,1,1,1,1,1,1,1
256.6068022675737,256.839001814059,45,46,1,1,1,1,1,1,1,1,4,4,4,4,4,1,1,1,1,1,1,1
256.53714240362814,256.6880721088435,65,43,1,1,1,1,1,1,1,1,1,1,1,1,1
256.52553242630387,256.76934195011336,84,37,0,0,1,1,1,1,1,1,1,1,1,1,1,1,1,1,1,1,1,1,1
256.1411192743764,256.39782267573696,70,55,1,1,1,1,1,1,1,1,1,1,1,1,1,1,1,1,1,1,1,1,1,1,1
256.0830693877551,256.4210426303855,46,48,1,1,1,1,1,1,1,1,1,1,1,1,1,1,1,1,1,1,1,1,1,1,1,1,1,1,1,1,1,1
255.95535963718822,256.1411192743764,70,53,1,1,1,1,1,1,1,1,1,1,1,1,1,1,1,1
255.93213968253968,256.1062893424036,53,36,1,1,1,1,1,1,1,1,1,1,1,1,1,1,1
255.82764988662132,256.0830693877551,46,63,1,1,1,1,1,1,1,1,1,1,1,1,1,1,1,1,1,1,1,1,1,1
255.7579900226757,256.03662947845805,58,50,1,1,1,1,1,1,1,1,1,1,1,1,1,1,1,1,1,1,1,1,1,1,1,1
255.6651102040816,255.85086984126985,70,54,1,1,1,1,1,1,1,1,1,1,1,1,1,1,1,1
255.61867029478458,255.82764988662132,46,69,1,1,1,1,1,1,1,1,1,1,1,1,1,1,1,1,1,1
255.56062040816323,255.92052970521542,73,52,1,1,1,1,1,1,1,1,1,1,1,1,1,1,1,1,1,1,1,1,1,1,1,1,1,1,1,1,1,1,1
255.49096054421767,255.6651102040816,70,39,1,1,1,1,1,1,1,1,1,1,1,1,1,1,1
255.49096054421767,255.81603990929705,34,51,1,1,1,1,1,1,1,0,0,0,0,0,1,1,1,1,1,1,1,1,1,1,1,1,1,1,1,1
255.45613061224486,255.59545034013604,61,49,1,1,1,1,1,1,1,1,1,1,1,1
255.44452063492065,255.61867029478458,46,47,1,1,1,1,1,1,1,1,1,1,1,1,1,1,1
255.34003083900228,255.49096054421767,70,39,1,1,1,1,1,1,1,1,1,1,1,1,1
255.328420861678,255.54901043083896,85,49,1,1,1,1,1,1,1,1,1,1,1,1,1,1,1,1,1,1,1
255.31681088435374,255.56062040816323,73,59,1,1,1,1,1,1,1,1,1,1,1,1,1,1,1,1,1,1,1,1,1
255.24715102040813,255.44452063492065,46,46,1,1,1,1,1,1,1,1,1,1,1,1,1,1,1,1,1
255.22393106575964,255.5722303854875,58,63,1,1,1,1,1,1,1,1,1,1,1,1,1,1,1,1,1,1,1,1,1,1,1,1,1,1,1,1,1,1
255.15427120181403,255.328420861678,85,55,1,1,1,1,1,1,1,1,1,1,1,1,1,1,1
255.15427120181403,255.45613061224486,61,48,1,1,1,1,1,1,1,1,1,1,1,1,1,1,1,1,1,1,1,1,1,1,1,1,1,1
254.95690158730156,255.15427120181403,85,42,1,1,1,1,1,1,1,1,1,1,1,1,1,1,1,1,1
254.95690158730156,255.31681088435374,73,55,1,1,1,1,1,1,1,1,1,1,1,1,1,1,1,1,1,1,1,1,1,1,1,1,1,1,1,1,1,1,1
254.887241723356,255.13105124716554,39,42,1,1,1,1,1,1,1,1,1,1,1,1,1,1,1,1,1,1,1,2,2
254.72470204081634,254.96851156462583,49,36,2,2,1,1,1,2,2,2,2,1,1,1,1,1,1,1,1,1,1,1,1
254.71309206349207,255.08461133786847,46,47,1,1,1,1,1,2,2,2,1,1,1,1,1,1,0,1,1,1,1,1,1,1,1,1,1,1,1,1,1,1,1,1
254.62021224489794,254.7595319727891,65,29,1,1,0,0,1,1,1,1,1,1,1,1
254.60860226757367,254.81758185941044,77,48,1,1,1,1,1,1,1,1,1,1,1,1,1,1,1,1,1,1
254.55055238095235,254.71309206349207,46,33,0,0,0,-2,1,1,1,1,1,1,1,1,1,1
254.446062585034,254.60860226757367,77,57,1,1,1,1,1,1,1,1,1,1,0,1,1,1
254.34157278911565,254.666652154195,53,39,1,1,1,1,1,1,1,1,1,1,1,1,1,1,1,1,1,1,1,1,1,0,1,1,1,1,1,1
254.22418911564625,254.446062585034,77,45,1,1,1,1,1,1,1,1,1,1,1,1,1,1,1,1,1,1,1,1
254.1777492063492,254.4808925170068,61,44,1,1,1,1,1,1,1,1,1,1,1,1,0,0,1,1,1,1,1,1,1,1,1,1,1,1,1
254.07325941043084,254.2474090702948,34,41,1,1,1,1,1,1,1,1,1,1,1,1,1,1,1
253.9339396825397,254.13130929705216,79,56,1,1,1,1,1,1,1,1,1,1,1,1,1,1,1,1,1
253.74818004535146,253.9339396825397,79,67,1,1,1,1,1,1,1,1,1,1,1,1,1,1,1,1
253.6436902494331,253.91071972789115,34,51,0,1,1,1,1,1,1,1,1,1,1,1,1,1,1,1,1,1,1,1,1,1,1
253.5159804988662,253.74818004535146,79,64,1,1,1,1,1,1,1,1,1,1,1,1,1,1,1,1,1,1,1,1
253.46954058956916,253.66691020408163,61,43,1,1,1,1,1,1,1,1,1,1,1,1,1,1,1,1,1
253.41149070294784,253.6436902494331,34,55,2,1,1,1,0,0,0,0,0,0,1,1,1,1,1,1,0,0,0,0
253.3650507936508,253.5159804988662,79,37,1,1,1,1,1,1,1,1,1,1,1,1,1
253.2373410430839,253.56242040816326,53,48,1,1,1,1,1,1,1,1,1,1,1,1,1,1,1,1,1,1,1,1,1,1,1,1,1,1,1,1
253.21412108843538,253.37666077097506,77,61,1,1,1,1,1,1,1,1,1,1,1,1,1,1
253.2025111111111,253.37666077097506,65,53,1,1,1,1,1,1,1,1,1,1,1,1,1,1,1
253.109631292517,253.28378095238094,93,31,1,1,1,1,1,1,1,1,1,1,1,1,1,1,1
253.00514149659864,253.21412108843538,58,56,1,1,1,1,1,1,1,1,1,1,1,1,1,1,1,1,1,1
252.99353151927437,253.21412108843538,77,67,1,1,1,1,1,1,1,1,1,1,1,1,1,1,1,1,1,1,1
252.94709160997732,253.30700090702948,81,66,1,1,1,1,1,1,1,1,1,1,1,1,1,1,1,1,1,1,1,1,1,1,1,1,1,1,1,1,1,1,1
252.94709160997732,253.2373410430839,46,59,1,1,1,1,1,1,1,1,1,1,1,1,1,1,1,1,1,1,1,1,1,1,1,1,1
252.93548163265305,253.2025111111111,65,48,1,1,1,1,1,1,1,1,1,1,1,1,1,1,1,1,1,1,1,1,1,1,1
252.83099183673468,253.00514149659864,58,52,1,1,1,1,1,1,1,1,1,1,1,1,1,1,1
252.80777188208617,253.0167514739229,62,45,1,1,1,1,1,1,1,1,1,1,1,1,1,1,1,1,1,1
252.77294195011336,252.99353151927437,77,71,1,1,1,1,1,1,1,1,1,1,1,1,1,1,1,1,1,1,1
252.64523219954648,252.94709160997732,46,73,1,1,1,1,1,1,1,1,1,1,1,1,1,1,1,1,1,1,1,1,1,1,1,1,1,1
252.63362222222221,252.77294195011336,77,80,1,1,1,1,1,1,1,1,1,1,1,1
252.62201224489795,252.83099183673468,58,63,1,1,1,1,1,1,1,1,1,1,1,1,1,1,1,1,1,1
252.49430249433107,252.63362222222221,77,76,1,1,1,1,1,1,1,1,1,1,1,1
252.49430249433107,252.65684217687075,74,40,1,1,1,1,1,1,1,1,1,1,1,1,1,1
252.49430249433107,252.7961619047619,65,47,1,1,1,1,1,1,1,1,1,1,1,1,1,1,1,1,1,1,1,1,1,1,0,0,0,0
252.49430249433107,252.64523219954648,46,87,1,1,1,1,1,1,1,1,1,1,1,1,1
252.3898126984127,252.62201224489795,58,61,1,1,1,1,1,1,1,1,1,1,1,1,1,1,1,1,1,1,1,1
252.29564897959185,252.49430249433107,46,87,1,1,1,1,1,1,1,1,1,1,1,1,1,1,1,1,1,1
252.1214993197279,252.3898126984127,58,67,1,1,1,1,1,1,1,1,1,1,1,1,1,1,1,1,1,1,1,1,1,1,1,1
252.0634494331066,252.29564897959185,46,69,1,1,1,1,1,1,1,1,1,1,1,1,1,1,1,1,1,1,1,1
251.92412970521542,252.30854285714287,74,44,1,1,1,1,1,1,1,1,1,1,1,1,1,1,1,1,1,1,1,1,1,1,1,1,1,1,1,1,1,1,1,1,1,1
251.92412970521542,252.36659274376416,53,48,1,1,1,1,1,1,1,1,1,1,1,1,1,1,1,1,1,1,1,1,1,1,1,1,1,1,1,1,1,1,1,1,1,1,1,1,1,1,1
251.81963990929705,252.0634494331066,46,64,1,1,1,1,1,1,1,1,1,1,1,1,1,1,1,1,1,1,1,1,1
251.72676009070295,252.49430249433107,77,70,1,1,1,1,1,1,1,1,1,1,1,1,1,1,1,1,1,1,1,1,1,1,1,1,1,1,1,1,1,1,1,1,1,1,1,1,1,1,1,1,1,1,1,1,1,1,1,1,1,1,1,1,1,1,1,1,1,1,1,1,1,1,1,1,1,1,1
250.4844925170068,250.62381224489798,73,53,1,1,1,1,1,1,1,1,1,1,1,1
250.1465192743764,250.4844925170068,73,55,1,1,1,1,1,1,1,1,1,1,1,1,1,1,1,1,1,1,1,1,1,1,1,1,1,1,1,1,1,1
249.70534013605442,249.89109977324262,85,41,2,1,1,1,1,1,0,0,0,0,1,1,1,1,1,1
248.73010204081632,248.91586167800452,35,55,1,1,1,1,1,1,1,1,1,1,1,1,1,1,1,1
248.47468253968253,248.73010204081632,35,70,1,1,1,1,1,1,1,1,1,1,1,1,1,1,1,1,1,1,1,1,1,1
248.37019274376416,248.6488321995465,47,49,1,1,1,1,1,1,1,1,1,1,1,1,1,1,1,1,1,1,1,1,1,1,1,1
248.32246893424036,248.47468253968253,35,58,1,2,1,1,1,1,1,1,1,1,1,1,1,1
248.1831492063492,249.775,73,53,1,1,1,1,1,1,1,1,1,1,1,1,1,1,1,1,1,1,1,1,1,1,1,1,1,1,1,1,1,1,1,1,1,1,1,1,1,1,1,1,1,1,1,1,0,0,0,0,0,0,0,1,1,1,1,1,1,1,1,1,1,1,1,1,1,1,1,1,1,1,1,1,1,1,1,1,1,1,1,1,1,1,1,1,1,1,1,1,1,1,1,1,1,1,1,1,1,1,1,1,1,1,1,1,1,1,1,1,1,1,1,1,1,1,1,1,1,0,0,0,0,0,0,0,0,1,1,1,1,1,1,2,2,1,1,1,1,1
247.83484988662133,248.1831492063492,73,64,1,1,1,1,1,1,1,1,1,1,1,1,1,1,1,1,1,1,1,1,1,1,1,1,1,1,1,1,1,1
247.70714013605442,248.19475918367348,37,67,1,1,1,1,1,1,1,1,1,1,1,1,1,1,1,1,1,1,1,1,1,1,1,1,1,1,1,1,1,1,1,1,1,1,1,1,1,1,1,1,1,1
247.6490902494331,248.1250993197279,44,52,1,1,1,1,1,1,1,1,1,1,1,1,1,1,1,1,1,1,1,1,1,1,1,1,1,1,1,1,1,1,1,1,1,1,1,1,1,1,1,1,1
247.56782040816327,247.70714013605442,37,37,1,1,1,1,1,1,1,1,1,1,1,1
246.5577523809524,247.11503129251702,47,53,1,1,1,1,1,1,1,1,1,1,1,1,1,1,1,1,1,1,1,1,1,1,1,1,1,1,1,1,1,1,1,1,1,1,1,1,1,1,1,1,1,1,1,1,1,1,1,1
246.53453242630385,247.20791111111112,35,75,1,1,1,1,1,1,1,1,1,1,1,1,1,1,1,1,1,1,1,1,1,1,1,1,1,1,1,1,1,1,1,1,1,1,1,1,1,1,1,1,1,1,1,1,1,1,1,1,1,1,1,1,1,1,1,1,1,1
246.01079954648526,246.1849492063492,59,51,1,1,1,1,1,1,1,1,1,1,1,1,1,1,1
245.98757959183672,246.53453242630385,35,59,1,1,1,1,1,1,1,1,1,1,1,1,1,1,1,1,1,1,1,1,1,1,1,1,1,1,1,1,1,1,1,1,1,1,1,1,1,1,1,1,1,1,1,1,1,1,1,1
245.38386077097505,245.98757959183672,35,85,1,1,1,1,1,1,1,1,1,1,1,1,1,1,1,1,1,1,1,1,1,1,1,1,1,1,1,1,1,1,1,1,1,1,1,1,1,1,1,1,1,1,1,1,1,1,1,1,1,1,1,1
245.3606408163265,245.8366498866213,47,66,1,1,1,1,1,1,1,1,1,1,1,1,1,1,1,1,1,1,1,1,1,1,1,1,1,1,1,1,1,1,1,1,1,1,1,1,1,1,1,1,1
245.23293106575963,245.38386077097505,35,55,1,1,1,1,1,1,1,1,1,1,1,1,1
245.10522131519272,245.29098095238095,37,67,1,1,1,1,1,1,1,1,1,1,1,1,1,1,1,1
245.0820013605442,245.31420090702946,59,66,1,1,1,1,1,1,1,1,1,1,1,1,1,1,1,1,1,1,1,1
244.88463174603174,245.07039138321994,35,64,1,1,1,1,1,1,1,1,1,1,1,1,1,1,1,1
244.66404217687074,244.8381918367347,45,64,1,1,1,1,1,1,1,1,1,1,1,1,1,1,1
244.55955238095237,244.79175192743762,33,55,1,1,1,1,1,1,0,0,1,1,1,1,1,1,1,1,1,1,1,1
244.48989251700678,244.66404217687074,45,38,1,1,1,1,1,0,0,0,0,1,1,1,1,1,1
244.3144589569161,244.55955238095237,33,67,1,1,1,1,1,1,1,1,1,1,1,1,1,1,1,1,1,1,1,1,1,1
243.94293968253967,244.3144589569161,33,93,1,1,1,1,1,1,1,1,1,1,1,1,1,1,1,1,1,1,1,1,1,1,1,1,1,1,1,1,1,1,1,1
243.8732798185941,244.29123900226756,45,61,1,1,1,1,1,1,1,1,1,1,1,1,1,1,1,1,1,1,1,1,1,1,1,1,1,1,1,1,1,1,1,1,1,1,1,1
243.4669306122449,243.8732798185941,45,65,1,1,1,1,1,1,1,1,1,1,1,1,1,1,1,1,1,1,1,1,1,1,1,1,1,1,1,1,1,1,1,1,1,1,1
243.45532063492064,243.94293968253967,33,86,1,1,1,1,1,1,1,1,1,1,1,1,1,1,1,1,1,1,1,1,1,1,1,1,1,1,1,1,1,1,1,1,1,1,1,1,1,1,1,1,1,1
243.18829115646258,243.4321006802721,52,46,1,1,1,1,1,1,1,1,1,1,1,1,1,1,1,1,1,1,1,1,1
242.97931156462585,243.36244081632654,42,57,1,1,1,1,1,1,1,1,1,1,1,1,1,1,1,1,1,1,1,1,1,1,1,1,1,1,0,0,0,1,1,1,1
242.96770158730158,243.35083083900227,30,66,1,1,1,1,1,1,1,1,1,1,1,1,1,1,1,1,1,1,1,1,1,1,1,1,1,1,1,1,1,1,1,1,1
242.65423219954647,242.82838185941043,32,41,1,1,1,1,1,1,1,1,1,1,1,1,-1,-1,1
242.64262222222223,242.82838185941043,44,45,1,1,1,1,1,1,1,1,1,1,1,1,1,1,1,1
242.4916925170068,242.677452154195,52,52,1,1,1,1,1,1,1,1,1,1,1,1,1,1,1,1
242.4916925170068,242.75872199546484,37,40,1,1,1,1,1,1,1,1,1,1,1,1,1,1,1,1,1,1,1,1,1,1,1
242.02600952380953,242.4336426303855,37,78,1,1,1,1,1,1,1,1,1,1,1,1,1,1,1,1,1,1,1,1,1,1,1,1,1,1,1,1,1,1,1,1,1,1,1,1
241.8170299319728,242.02600952380953,37,72,1,1,1,1,1,1,1,1,1,1,1,1,1,1,1,1,1,1
241.75898004535148,241.89829977324263,44,48,1,1,1,1,1,1,1,1,1,1,1,1
241.60805034013606,241.8170299319728,37,74,1,1,1,1,1,1,1,1,1,1,1,1,1,1,1,1,1,1
241.44551065759637,241.75898004535148,44,41,1,1,1,1,1,1,1,1,1,1,1,1,1,1,1,1,1,1,1,1,1,1,1,1,1,1,1
241.08560136054422,241.29458095238095,44,44,1,1,1,1,1,1,1,1,1,1,1,1,1,1,1,1,1,1
241.0043315192744,241.48034058956918,30,69,1,1,1,1,1,1,1,1,1,1,1,1,1,1,1,1,1,1,1,1,1,1,1,1,1,1,1,1,1,1,1,1,1,1,1,1,1,1,1,1,1
240.8417918367347,241.0043315192744,30,53,1,1,1,1,1,1,1,1,1,1,1,1,1,1
240.60959229024945,240.8417918367347,63,48,1,1,1,1,1,1,1,1,1,1,1,1,1,1,1,1,1,1,1,1
240.60959229024945,240.86501179138324,59,39,1,1,1,1,1,1,1,1,1,1,1,1,1,1,1,1,1,1,1,1,1,1
240.0278095238095,240.51671247165532,44,56,1,1,1,1,1,1,1,1,1,1,1,1,1,1,1,1,1,1,1,1,1,1,1,1,1,1,1,1,1,1,1,1,1,1,1,1,1,1,1,1,1,1,1
239.73756009070294,240.85340181405897,32,80,1,1,1,1,1,1,1,1,1,1,1,1,1,1,1,1,1,1,1,1,1,1,1,1,1,1,1,1,1,1,1,1,1,1,1,1,1,1,1,1,1,1,1,1,1,1,1,1,1,1,1,1,1,1,1,1,1,1,1,1,1,1,1,1,1,1,1,1,1,1,1,1,1,1,1,1,1,1,1,1,1,1,1,1,1,1,1,1,1,1,1,1,1,1,1,1,1
239.72595011337867,240.06263945578232,51,45,1,1,1,1,1,1,1,1,1,1,1,1,1,1,1,1,1,1,1,1,1,1,1,1,1,1,1,1,1
239.72595011337867,240.0278095238095,44,63,1,1,1,1,1,1,1,1,1,1,1,1,1,1,1,1,1,1,1,1,1,1,1,1,1,1
239.29638095238096,239.784,35,61,1,1,1,1,1,1,1,1,1,1,1,1,1,1,1,1,1,1,1,1,1,1,1,1,1,1,1,1,1,1,1,1,1,1,1,1,1,1,1,1,1,1
238.9364716553288,239.29638095238096,35,56,1,1,1,1,1,1,1,1,1,1,1,1,1,1,1,1,1,-1,-1,-1,-1,0,0,0,1,1,1,1,1,1,1
238.30824897959184,238.9364716553288,35,78,1,1,1,1,1,1,1,1,1,1,1,1,1,1,1,1,1,1,1,1,1,1,1,1,1,1,1,1,1,1,1,1,1,1,1,1,1,1,1,1,1,1,1,1,1,1,1,1,1,1,1,1,1,1,1
238.29663900226757,238.5881723356009,47,73,1,1,1,1,1,1,1,1,1,1,1,1,1,1,1,1,1,1,1,1,1,1,1,1,1,1
237.8786798185941,238.29663900226757,47,73,1,1,1,1,1,1,1,1,1,1,1,1,1,1,1,1,1,1,1,1,1,1,1,1,1,1,1,1,1,1,1,1,1,1,1,1
237.85545986394558,238.30824897959184,35,76,1,1,1,1,1,1,1,1,1,1,1,1,1,1,1,1,1,1,1,1,1,1,1,1,1,1,1,1,1,1,1,1,1,1,1,1,1,1,1
237.6232603174603,237.85545986394558,35,49,-5,-5,-5,1,1,1,1,1,1,1,1,1,1,1,1,1,1,1,1,1
237.6000403628118,237.76258004535148,45,51,1,1,1,1,1,1,1,1,1,1,1,1,1,1
237.30979092970523,237.70453015873017,33,82,1,1,1,1,1,1,1,1,1,1,1,1,1,1,1,1,1,1,1,1,1,1,1,1,1,1,1,1,1,1,1,1,1,1
237.124031292517,237.30979092970523,33,83,1,1,1,1,1,1,1,1,1,1,1,1,1,1,1,1
237.01954149659863,237.6000403628118,45,52,1,1,1,1,1,1,1,1,1,1,1,1,1,1,1,1,1,1,1,1,1,1,1,1,1,1,1,1,1,1,1,1,1,1,1,1,1,1,1,1,1,1,1,1,1,1,1,1,1,1
236.90344172335602,237.55360045351475,52,55,1,1,1,1,1,1,1,1,1,1,1,1,1,1,1,1,1,1,1,1,1,1,1,1,1,1,1,1,1,1,1,1,1,1,1,1,1,1,1,1,1,1,1,1,1,1,1,1,1,1,1,1,1,1,1,1
236.01979954648527,237.124031292517,33,81,1,1,1,1,1,1,1,1,1,1,1,1,1,1,1,1,1,1,1,1,1,1,1,1,1,1,1,1,1,1,1,1,1,1,1,1,1,1,1,1,1,1,1,1,1,1,1,1,1,1,1,1,1,1,1,1,1,1,1,1,1,1,1,1,1,1,1,1,1,1,1,1,1,1,1,1,1,1,1,1,1,1,1,1,1,1,1,1,1,1,1,1,1,1,1,1
235.96174965986395,236.74090204081634,45,70,1,1,1,1,1,1,1,1,1,1,1,1,1,1,1,1,1,1,1,1,1,1,1,1,1,1,1,1,1,1,1,1,1,1,1,1,1,1,1,1,1,1,1,1,1,1,1,1,1,1,1,1,1,1,1,1,1,1,1,1,1,1,1,1,1,1,1,1
235.47413061224492,235.8572598639456,35,64,1,1,1,1,1,1,1,1,1,1,1,1,1,1,1,1,1,1,1,1,1,1,1,1,1,1,1,1,1,1,1,1,1
235.46252063492065,235.86886984126986,47,56,1,1,1,1,1,1,1,1,1,1,1,1,1,1,1,1,1,1,1,1,1,1,1,1,1,1,1,1,1,1,1,1,1,1,1
235.27676099773245,235.42769070294787,44,62,1,1,1,1,1,1,1,1,1,1,1,1,1
235.20710113378686,235.4393006802721,32,61,1,1,1,1,1,1,1,1,1,1,1,1,1,1,1,1,1,1,1,1
234.89363174603176,235.1026113378685,52,52,1,1,1,1,1,1,1,1,1,1,1,1,1,1,1,1,1,1
234.74270204081634,234.8820217687075,43,50,1,1,1,1,1,1,1,1,1,1,1,1
234.48728253968255,234.87041179138325,32,58,1,1,2,2,0,0,1,1,1,1,1,1,1,1,1,1,1,1,1,1,1,1,1,1,1,1,1,1,1,1,1,1,1
234.27701904761904,234.64982222222224,52,56,2,2,1,1,1,1,1,1,1,1,1,1,1,1,1,1,1,1,1,1,1,1,1,1,1,1,1,1,1,1,1,1,1
234.25379909297052,234.67304217687075,40,71,1,1,1,1,1,1,1,1,1,1,1,1,1,1,1,1,1,1,1,1,1,1,1,1,1,1,1,1,1,1,1,1,1,1,1,1,1
234.24218911564626,234.46406258503401,44,37,-1,1,1,1,1,0,0,1,1,1,1,1,1,1,1,1,1,1,1,1
233.98676961451247,234.23057913832199,35,60,1,1,1,1,1,1,1,1,1,1,1,1,1,1,1,1,1,1,1,1,1
233.6268603174603,233.90549977324264,31,71,1,1,1,1,1,1,0,0,0,0,0,0,0,0,0,0,1,1,1,1,1,1,1,1
233.51076054421767,233.85905986394556,55,62,1,1,1,1,1,1,1,1,1,1,1,1,1,1,1,1,1,1,1,1,1,1,1,1,1,1,1,1,1,1
233.2901709750567,233.6268603174603,31,76,1,1,1,1,1,1,1,1,1,1,1,1,1,0,0,0,-1,-1,-1,2,2,2,1,1,1,1,1,1,1
233.0695814058957,233.2901709750567,31,72,1,1,1,1,1,1,1,1,1,1,1,1,1,1,1,1,1,1,1
232.67484217687075,233.24373106575965,55,67,1,1,1,1,1,1,1,1,1,1,1,1,1,1,1,1,1,1,1,1,1,1,1,1,1,1,1,1,1,1,1,1,1,1,1,1,1,1,1,1,1,1,1,1,1,1,1,1,1
232.65162222222222,233.3133909297052,59,63,1,1,1,1,1,1,1,1,1,1,1,1,1,1,1,1,1,1,1,1,1,1,1,1,1,1,1,1,1,1,1,1,1,1,1,1,1,1,1,1,1,1,1,1,1,1,1,1,1,1,1,1,1,1,1,1,1
232.5703523809524,232.87221179138322,52,41,1,1,1,1,1,1,1,1,1,1,1,1,1,1,1,1,1,1,1,1,1,1,1,1,1,1
232.38330884353743,233.0695814058957,31,85,1,1,1,1,1,1,1,1,1,1,1,1,1,1,1,1,1,1,1,1,1,1,1,1,1,1,1,1,1,1,1,1,1,1,1,1,1,1,1,1,1,1,1,1,1,1,1,1,1,1,1,1,1,1,1,1,1,1,1,1
232.27881904761907,232.67484217687075,55,56,1,1,1,1,1,1,1,1,1,1,1,1,1,1,1,1,1,1,1,1,1,1,1,1,1,1,1,1,1,1,1,1,1,1,1
232.24398911564626,233.3830507936508,43,59,1,1,1,1,1,1,1,1,1,1,1,1,1,1,1,1,1,1,1,1,1,1,1,1,1,1,1,1,1,1,1,1,1,1,1,1,1,1,1,1,1,1,1,1,1,1,1,1,1,1,1,1,1,1,1,1,1,1,1,1,1,1,1,1,1,1,1,1,1,1,1,1,1,1,1,1,1,1,1,1,1,1,1,1,1,1,1,1,1,1,1,1,1,1,1,1,1,1,1
232.23237913832202,232.38330884353743,31,71,1,1,1,1,1,1,1,1,1,1,1,1,1
231.96534965986396,232.15110929705216,33,60,1,1,1,1,1,1,1,1,1,1,1,1,1,1,1,1
231.89568979591837,232.03500952380952,40,46,1,1,1,1,1,1,1,1,1,1,1,1
231.64027029478459,231.89568979591837,40,77,1,1,1,1,1,1,1,1,1,1,1,1,1,1,1,1,1,1,1,1,1,1
231.61705034013607,231.7912,45,60,1,1,1,1,1,1,1,1,1,1,1,1,1,1,1
231.58222040816327,231.97695963718823,60,55,1,1,1,1,1,1,1,1,1,1,1,1,1,1,1,1,1,1,1,1,1,1,1,1,1,1,1,1,1,1,1,1,1,1
231.43129070294785,231.64027029478459,40,64,1,1,1,1,1,1,1,1,1,1,1,1,1,1,1,1,1,1
230.9785015873016,231.5473904761905,33,81,1,1,1,1,1,1,1,1,1,1,1,1,1,1,1,1,1,1,1,1,1,1,1,1,1,1,1,1,1,1,1,1,1,1,1,1,1,1,1,1,1,1,1,1,1,1,1,1,1
230.92045170068027,231.08299138321996,72,55,1,1,1,1,1,1,1,1,1,1,1,1,1,1
230.908841723356,231.61705034013607,45,45,1,1,1,0,0,0,0,0,0,0,1,1,1,1,1,1,1,1,1,1,1,1,1,1,1,1,1,1,1,1,1,1,1,1,1,1,1,1,1,1,1,1,1,1,1,1,1,1,1,1,1,1,1,1,1,1,1,1,1,1,1
230.7579120181406,230.92045170068027,72,60,1,1,1,1,1,1,1,1,1,1,1,1,1,1
230.7579120181406,231.17587120181406,60,53,1,1,1,1,1,1,1,1,1,1,1,1,1,1,1,1,1,1,1,1,1,1,1,1,1,1,1,1,1,1,1,1,1,1,1,1
230.73469206349208,230.9785015873016,33,56,1,1,1,1,1,1,1,1,1,1,1,1,1,1,1,1,1,1,1,1,1
230.61859229024944,230.7927419501134,40,61,1,1,1,1,1,1,1,1,1,1,1,1,1,1,1
230.60698231292517,230.908841723356,45,52,1,1,1,1,1,1,1,1,1,1,1,1,1,1,1,1,1,1,1,1,1,1,1,1,1,1
230.56054240362812,230.73469206349208,33,78,1,1,1,1,1,1,1,1,1,1,1,1,1,1,1
229.8858798185941,230.234179138322,84,47,1,1,1,1,1,1,1,1,1,1,1,1,1,1,1,1,1,1,1,1,2,2,2,2,1,1,1,1,1,1
229.8510498866213,230.67664217687076,57,47,1,1,1,1,1,1,1,1,1,1,1,1,1,1,1,1,1,1,1,1,1,1,1,1,1,1,1,1,1,1,1,1,1,1,1,1,1,1,1,1,1,1,1,1,1,1,1,1,1,1,1,1,1,1,1,1,1,1,1,1,1,1,1,1,1,1,1,1,1,1,1,1
229.76978004535147,230.22256916099772,72,41,1,1,1,1,1,1,1,1,1,1,1,1,1,1,1,1,1,1,1,1,1,1,1,1,1,1,1,1,1,1,1,1,1,1,1,1,1,1,1
229.76978004535147,230.22256916099772,60,58,1,1,1,1,1,1,1,1,1,1,1,1,1,1,1,1,1,1,1,1,1,1,1,1,1,1,1,1,1,1,1,1,1,0,0,0,0,1,1
229.70012018140588,230.56054240362812,33,83,1,1,1,1,1,1,1,1,1,1,1,1,1,1,1,1,1,1,1,1,1,1,1,1,1,1,1,1,1,1,1,1,1,1,1,1,1,1,1,1,1,1,1,1,1,1,1,1,1,1,1,1,1,1,1,1,1,1,1,1,1,1,1,1,1,1,1,1,1,1,1,1,1,1,1
229.6885102040816,230.60698231292517,45,51,1,1,1,1,1,1,1,1,1,1,1,1,1,1,1,1,1,1,1,1,1,1,1,1,1,1,1,1,1,1,1,1,1,1,1,1,1,1,1,1,1,1,1,1,1,1,1,1,1,1,1,1,1,1,1,1,1,1,1,1,1,1,1,1,1,1,1,1,1,1,1,0,0,1,1,1,1,1,1,1
229.572410430839,229.7349501133787,40,51,1,1,1,1,1,1,1,1,1,1,1,1,1,1
229.56080045351473,229.7349501133787,52,39,1,1,1,1,1,1,1,1,1,1,1,1,1,1,1
229.56080045351473,229.76978004535147,36,39,1,1,1,1,1,1,1,1,1,1,1,1,1,1,1,1,1,1
229.56080045351473,229.70012018140588,33,76,1,1,1,1,1,1,1,1,1,1,1,1
229.4098707482993,229.5956303854875,67,50,1,1,1,1,1,1,1,1,1,1,1,1,1,1,1,1
229.4098707482993,229.64207029478456,55,57,1,1,1,1,1,1,1,1,1,1,1,1,1,1,1,1,1,1,1,1
229.38665079365077,229.54919047619046,83,66,1,1,1,1,1,1,1,1,1,1,1,1,1,1
229.36343083900226,229.5027505668934,36,49,-2,-2,-2,-2,-2,1,1,1,1,1,1,1
229.2589410430839,229.46792063492063,62,60,1,1,1,1,1,1,1,1,1,1,1,1,1,1,1,1,1,1
229.2241111111111,229.572410430839,71,52,1,1,1,1,1,1,1,1,1,1,1,1,1,1,1,1,1,1,1,1,1,1,1,1,1,1,1,1,1,1
229.2241111111111,229.64207029478456,59,71,1,1,1,1,1,1,1,1,1,1,1,1,1,1,1,1,1,1,1,1,1,1,1,1,1,1,1,1,1,1,1,1,1,1,1,1
229.0731814058957,229.30538095238094,67,40,1,1,1,1,1,1,1,1,1,1,1,1,1,1,1,1,1,1,1,1
228.98030158730157,229.36343083900226,35,67,1,1,1,1,1,1,1,1,1,1,1,1,1,1,1,1,1,1,1,1,1,1,1,1,1,1,1,1,1,1,1,1,1
228.95708163265306,229.2589410430839,62,53,1,1,1,1,1,1,1,1,1,1,1,1,1,1,1,1,1,1,1,1,1,1,1,1,1,1
228.910641723356,229.14284126984126,50,40,1,1,1,1,1,1,1,1,1,1,1,1,1,1,1,1,1,1,1,1
228.80615192743764,228.98030158730157,36,65,1,1,1,1,1,1,1,1,1,1,1,1,1,1,1
228.65522222222222,228.95708163265306,62,41,1,1,1,1,1,1,1,1,1,1,1,1,1,1,1,1,1,1,1,1,1,1,1,1,1,1
228.57395238095236,228.77132199546483,71,55,1,1,1,1,1,1,1,1,1,1,1,1,1,1,1,1,1
228.57395238095236,229.4098707482993,55,52,1,1,1,1,1,1,1,1,1,1,1,1,1,1,1,1,1,1,1,1,1,1,1,1,1,1,1,1,1,1,1,1,1,1,1,1,1,1,1,1,1,1,1,1,1,1,1,1,1,1,1,1,1,1,1,1,1,1,1,1,1,1,1,1,1,1,1,1,1,1,1,1
228.56234240362812,228.92225170068025,59,66,1,1,1,1,1,1,1,1,1,1,1,1,1,1,1,1,1,1,1,1,1,1,1,1,1,1,1,1,1,1,1
228.4217387755102,228.57395238095236,55,43,1,1,1,1,1,1,1,1,1,1,1,1,1,1
228.24758911564626,228.469462585034,79,40,1,1,1,1,1,1,1,1,1,1,1,1,1,1,1,1,1,1,1,1
228.24758911564626,228.44495873015873,48,49,1,1,1,1,1,1,1,1,1,1,1,1,1,1,1,1,0
228.24758911564626,228.80615192743764,36,89,1,1,1,1,1,1,1,1,1,1,1,1,1,1,1,1,1,1,1,1,1,1,1,1,1,1,1,1,1,1,1,1,1,1,1,1,1,1,1,1,1,1,1,1,1,1,1,1,1
228.18953922902494,228.3636888888889,55,62,1,1,1,1,1,1,1,1,1,1,1,1,1,1,1
228.03860952380953,228.24758911564626,36,75,1,1,1,1,1,1,1,1,1,1,1,1,1,1,1,1,1,1
227.94572970521543,228.1430993197279,43,60,1,1,1,1,1,1,1,1,1,1,1,1,1,1,1,1,1
227.9225097505669,228.18953922902494,55,53,1,1,1,1,1,1,1,1,1,1,1,1,1,1,1,1,1,1,1,1,1,1,1
227.91089977324262,228.2011492063492,74,44,1,1,1,1,1,1,1,1,1,1,1,1,1,1,1,1,1,1,1,1,1,1,1,1,1
227.91089977324262,228.1430993197279,62,48,1,1,1,1,1,1,1,1,1,1,1,1,1,1,1,1,1,1,1,1
227.77158004535147,227.94572970521543,43,53,1,1,1,1,1,1,1,1,1,1,1,1,1,1,1
227.28396099773244,227.5509904761905,55,63,1,1,1,1,1,1,1,1,1,1,1,1,1,1,1,1,1,1,1,1,1,1,1
227.15625124716553,227.52777052154195,59,46,1,1,1,1,1,1,1,1,1,1,1,1,1,1,1,1,1,1,1,1,1,1,1,1,1,1,1,1,1,1,1,1
226.99371156462584,228.03860952380953,36,84,1,1,1,1,1,1,1,1,1,1,1,1,1,1,1,1,1,1,1,1,1,1,1,1,1,1,1,1,1,1,1,1,1,1,1,1,1,1,1,1,1,1,1,1,1,1,1,1,1,1,1,1,1,1,1,1,1,1,1,1,1,1,1,1,1,1,1,1,1,1,1,1,1,1,1,1,1,1,0,0,1,1,1,1,1,1,1,1,1,1
226.93566167800455,227.15625124716553,59,58,1,1,1,1,1,1,1,1,1,1,1,1,1,1,1,1,1,1,1
226.90083174603174,227.08659138321997,48,47,1,1,1,1,1,1,1,1,1,1,1,1,1,1,1,1
226.88922176870747,227.15625124716553,43,55,1,1,1,1,1,1,1,1,1,1,1,1,1,1,1,1,1,1,1,1,1,1,1
226.65702222222222,226.99371156462584,31,64,0,0,1,1,1,1,1,1,0,0,0,0,0,1,1,1,1,1,1,1,1,1,1,1,1,1,1,1,1
226.58736235827664,226.90083174603174,48,39,1,0,1,1,1,1,1,1,1,1,1,1,1,1,1,1,1,0,0,0,0,0,1,1,1,1,1
226.5757523809524,226.99371156462584,36,60,1,1,1,1,1,1,1,1,1,1,1,1,1,1,1,1,1,1,1,1,1,1,1,1,1,1,1,1,1,1,1,1,1,1,1,1
226.51770249433108,226.65702222222222,31,77,0,0,0,0,0,0,0,0,0,0,0,0
225.87786984126984,226.51770249433108,55,45,1,1,1,1,1,1,1,1,1,1,1,1,1,1,1,1,1,1,1,1,1,1,1,1,1,1,1,1,1,1,1,1,1,1,1,1,1,1,1,1,1,1,1,1,1,1,1,1,1,1,1,1,1,1,1,1
225.7385501133787,226.5757523809524,36,69,0,1,1,1,1,1,1,1,1,1,1,1,1,1,1,1,1,1,1,1,1,1,1,1,1,1,1,1,1,1,1,1,1,1,1,1,1,1,1,1,1,1,1,1,1,1,1,1,1,1,1,1,1,1,1,1,1,1,1,1,1,1,1,1,1,1,1,1,1,1,1,1,1
223.65908027210884,224.00737959183672,33,71,1,1,1,1,1,1,1,1,1,1,1,1,1,1,1,1,1,1,1,1,1,1,1,1,1,1,1,1,1,1
223.49654058956915,223.65908027210884,33,66,1,1,1,1,1,1,1,1,1,1,1,1,1,1
222.67223219954647,222.89282176870748,45,55,1,1,1,1,1,1,1,1,1,1,1,1,1,1,1,1,1,1,1
222.5445224489796,222.79994195011338,40,35,1,1,2,2,2,1,1,1,1,1,1,1,1,1,1,1,1,1,1,1,1,1
222.461968707483,222.64901224489796,52,45,1,1,1,1,1,1,1,1,1,1,1,1,1,1,1,1,1
222.35747891156464,222.52130249433105,40,30,-5,-5,-5,-5,-5,1,1,1,1,1,1,1,1,1,1
222.241379138322,222.4271387755102,50,49,1,1,1,1,1,1,1,1,1,1,1,1,1,1,1,1
222.241379138322,222.4271387755102,38,56,1,1,1,1,1,1,1,1,1,1,1,1,1,1,1,1
221.56800045351474,222.241379138322,38,63,1,1,1,1,1,1,1,1,1,1,1,1,1,1,1,1,1,1,1,1,1,1,1,1,1,1,1,1,1,1,1,1,1,1,1,1,1,1,1,1,1,1,1,1,1,1,1,1,1,1,1,1,1,1,1,1,1,1
220.96428163265307,221.56800045351474,38,65,1,1,1,1,1,1,1,1,1,1,1,1,1,1,1,1,1,1,1,1,1,1,1,1,1,1,1,1,1,1,1,1,1,1,1,1,1,1,1,1,1,1,1,1,1,1,1,1,1,1,1,1
220.87140181405897,221.0223315192744,47,39,1,1,1,1,1,1,1,1,1,1,1,1,1
220.58115238095237,220.83657188208616,64,55,1,1,1,1,1,1,1,1,1,1,1,1,1,1,1,1,1,1,1,1,1,1
219.9877596371882,220.12707936507937,52,66,1,1,1,1,1,1,1,1,1,1,1,1
219.62785034013604,220.80174195011338,37,83,1,1,1,1,1,1,1,1,1,1,1,1,1,1,1,1,1,1,1,1,1,1,1,1,1,1,1,1,1,1,1,1,1,1,1,1,1,1,1,1,1,1,1,1,1,1,1,1,1,1,1,1,1,1,1,1,1,1,1,1,1,1,1,1,1,1,1,1,1,1,1,1,1,1,1,1,1,1,1,1,1,1,1,1,1,1,1,1,1,1,1,1,1,1,1,1,1,1,1,1,1,1
219.53497052154194,219.91809977324263,49,57,1,1,1,1,1,1,1,1,1,1,1,1,1,1,1,1,1,1,1,1,1,1,1,1,1,1,1,1,1,1,1,1,1
219.4537006802721,219.62785034013604,37,73,1,1,1,1,1,1,1,1,1,1,1,1,1,1,1
219.19828117913832,219.4537006802721,37,64,1,1,1,1,1,1,1,1,1,1,1,1,1,1,1,1,1,1,1,1,1,1
218.6642222222222,219.03574149659863,49,40,0,0,0,0,0,0,0,0,1,1,1,1,1,1,1,1,1,0,0,0,0,1,1,1,1,0,1,1,1,1,1,1
218.65261224489794,219.0473514739229,42,61,1,1,1,1,1,1,1,1,1,1,1,1,1,1,1,1,1,0,0,1,1,1,1,1,1,1,1,1,1,1,1,1,1,1
218.6410022675737,219.0473514739229,30,63,1,1,1,1,1,1,1,1,1,1,1,1,1,1,1,1,1,1,1,1,1,1,1,1,1,1,1,1,1,1,1,1,1,1,1
218.51200861678004,218.6410022675737,30,68,1,1,1,1,1,1,1,1,1,1,1,1
218.31463900226757,218.65261224489794,42,77,1,1,1,1,1,1,1,1,1,1,1,1,1,1,1,1,1,1,1,1,1,1,1,1,1,1,1,1,1,1
218.25658911564625,218.54812244897957,61,66,1,1,1,1,1,1,1,0,0,1,1,1,1,1,1,1,1,1,1,1,1,1,1,1,1,1
218.1869292517007,218.74549206349207,57,53,1,1,1,1,1,1,1,1,1,1,1,1,1,1,1,1,1,1,1,1,1,1,1,1,1,1,1,1,1,1,1,1,1,1,1,1,1,1,1,1,1,1,1,1,1,1,1,1,1
218.1869292517007,218.32624897959184,54,56,0,1,1,1,1,1,1,1,1,1,1,1
218.14048934240364,218.51200861678004,30,75,1,1,1,1,1,1,1,1,1,1,1,1,1,1,1,1,1,1,1,1,1,1,1,1,1,1,1,1,1,1,1,1
218.024389569161,218.1869292517007,54,40,1,1,1,1,1,1,1,1,1,0,1,0,0,0
218.024389569161,218.31463900226757,42,68,1,1,1,1,1,1,1,1,1,1,1,1,1,1,1,1,1,1,1,1,1,1,1,1,1
217.8038,218.024389569161,42,79,1,1,1,1,1,1,1,1,1,1,1,1,1,1,1,1,1,1,1
217.5251605442177,217.8966798185941,69,60,1,1,1,1,1,1,1,1,1,1,1,1,1,1,1,1,1,1,1,1,1,1,1,1,1,1,1,1,0,0,0,1
217.5251605442177,217.82701995464853,54,52,1,1,1,1,1,1,1,1,1,1,1,1,1,1,1,1,1,1,1,1,1,1,1,1,1,1
217.46711065759638,217.8038,42,66,1,1,1,1,1,1,1,1,1,1,1,1,1,1,1,1,1,1,1,1,1,1,1,1,1,1,1,1,1
217.44389070294784,218.14048934240364,30,86,1,1,1,1,1,1,1,1,1,1,1,1,1,1,1,1,1,1,1,1,1,1,1,1,1,1,1,1,1,1,1,1,1,1,1,1,1,1,1,1,1,1,1,1,1,1,1,1,1,1,1,1,1,1,1,1,1,1,1,1
217.33940090702947,217.5483804988662,49,56,1,1,1,1,1,1,1,1,1,1,1,1,1,1,1,1,1,1
217.32779092970523,217.5251605442177,54,47,1,1,1,1,1,1,1,1,1,1,1,1,1,1,1,1,1
216.921441723356,217.08398140589568,44,67,1,1,1,1,1,1,1,1,1,1,1,1,1,0
216.75890204081634,216.921441723356,44,44,1,1,1,1,2,2,1,1,1,1,1,1,1,1
213.57520045351473,213.9931596371882,64,59,1,1,1,1,1,1,1,1,1,1,1,1,1,1,1,1,1,1,1,1,1,1,1,1,1,1,1,1,1,1,1,1,1,1,1,1
213.1804612244898,213.3313909297052,40,49,-1,-1,1,1,1,1,1,1,1,1,1,1,1
212.56513242630385,212.76250204081632,67,54,1,1,1,1,1,1,1,1,1,1,1,1,1,1,1,1,1
212.38969886621317,212.52901859410431,67,57,1,1,1,1,1,1,1,1,1,1,1,1
212.34325895691612,212.48257868480727,48,49,1,1,1,1,1,1,1,1,1,1,1,1
212.22715918367348,212.38969886621317,67,56,1,1,1,1,1,1,1,1,1,1,1,1,1,1
212.04139954648528,212.22715918367348,67,71,1,1,1,1,1,1,1,1,1,1,1,1,1,1,1,1
211.79759002267573,212.04139954648528,67,66,1,1,1,1,1,1,1,1,1,1,1,1,1,1,1,1,1,1,1,1,1
211.60022040816327,211.79759002267573,67,59,1,1,1,1,1,1,1,1,1,1,1,1,1,1,1,1,1
211.51895056689344,211.79759002267573,33,48,1,1,1,1,1,1,1,1,1,1,1,1,1,1,1,1,1,1,1,1,1,1,1,1
210.5656485260771,210.70625215419503,65,47,0,1,1,1,1,1,1,1,1,1,1,1,1
210.55403854875283,210.91523174603176,57,44,1,1,1,1,1,1,1,1,1,1,1,1,1,1,1,1,1,1,1,1,1,1,1,1,1,1,1,1,1,1,1,1
210.4959886621315,210.67142222222222,33,45,1,1,1,1,1,1,1,1,0,0,0,1,1,1,1,1
210.37988888888887,210.67142222222222,53,45,1,1,1,1,1,1,1,1,1,1,1,1,1,1,1,1,1,1,1,1,1,1,1,1,1,1
210.28700907029477,210.4379387755102,72,46,1,1,1,1,1,1,1,1,1,1,1,1,1
210.21734920634918,210.37988888888887,53,53,0,1,1,1,1,1,1,1,1,1,1,1,1,1
209.95031972789116,210.41471882086168,57,57,1,1,1,1,1,1,1,1,1,1,1,1,1,1,1,1,1,1,1,1,1,1,1,1,1,1,1,1,1,1,1,1,1,1,1,1,1,1,1,1
209.53236054421768,210.05480952380952,60,56,1,1,1,1,1,1,1,1,1,1,1,1,1,1,1,1,1,1,1,1,1,1,1,1,1,1,1,1,1,1,1,1,1,1,1,1,1,1,1,1,1,1,1,1,1
209.49753061224487,210.12446938775508,53,48,1,1,1,1,1,1,1,1,1,1,1,1,1,1,1,1,1,1,0,0,0,0,0,0,1,1,1,0,0,0,0,0,0,1,1,1,1,1,1,1,1,1,1,1,1,1,1,1,1,1,1,1,1,1
209.04474149659862,209.34660090702945,33,70,1,1,1,1,1,1,1,1,1,1,1,1,1,1,1,1,1,1,1,1,1,1,1,1,1,1
208.99830158730157,209.2769410430839,57,54,1,1,1,1,1,1,1,1,1,1,1,1,1,1,1,1,1,1,1,1,1,1,1,1
208.85898185941042,208.99830158730157,57,43,1,1,1,1,1,1,1,1,1,1,1,1
208.5674485260771,208.75449206349205,52,51,1,1,1,1,0,1,1,1,1,1,1,1,1,1,1,1,1
208.54422857142856,208.7312721088435,45,63,1,1,1,1,1,1,0,0,0,0,0,0,0,0,0,0,0
208.52100861678005,208.65000226757368,57,52,1,1,1,1,1,1,1,1,1,1,1,1
208.52100861678005,209.04474149659862,33,63,1,1,1,1,1,1,1,1,1,1,1,1,0,1,1,1,1,1,1,1,1,1,1,1,1,1,1,1,1,1,1,1,1,1,1,1,1,1,1,1,1,1,1,1,1,1
208.20753922902495,208.35846893424036,52,53,1,1,1,1,1,1,1,1,1,1,1,1,2
208.12626938775512,208.3468589569161,57,64,1,1,1,1,1,1,1,1,1,1,1,1,1,1,1,1,1,1,1
207.87084988662133,208.01016961451248,57,54,1,1,1,1,1,1,1,1,1,1,1,1
207.54577052154195,208.21914920634921,69,63,1,1,1,1,1,1,1,1,1,1,1,1,1,1,1,1,1,1,1,1,1,1,1,1,1,1,1,1,1,1,1,1,1,1,1,1,1,1,1,1,1,1,1,1,1,1,1,1,1,1,1,1,1,1,1,1,1,1
207.17425124716553,207.54577052154195,69,85,1,1,1,1,1,1,1,1,1,1,1,1,1,1,1,1,1,1,1,1,1,1,1,1,1,1,1,1,1,1,1,1
206.89561179138323,207.03493151927438,57,59,1,1,1,1,1,1,1,1,1,1,1,1
206.8375619047619,207.23230113378685,52,62,1,1,1,1,1,1,1,1,1,1,1,1,1,1,1,1,1,1,1,1,1,1,1,1,1,1,1,1,1,1,1,1,1,1
206.76790204081632,207.04654149659865,45,45,1,1,1,1,1,1,1,1,1,0,0,1,1,1,1,1,1,1,1,1,1,1,0,0
206.75629206349205,207.17425124716553,69,77,1,1,1,1,1,1,1,1,1,1,1,1,1,1,1,1,1,1,1,1,1,1,1,1,1,1,1,1,1,1,1,1,1,1,1,1
206.75629206349205,206.89561179138323,57,48,0,0,0,0,0,0,0,0,0,1,1,1
206.60536235827664,206.75629206349205,69,63,1,1,1,1,1,1,1,1,0,0,0,0,1
205.87264988662133,206.05840952380953,55,38,1,1,1,1,1,1,2,2,2,2,2,1,1,1,1,1
205.54757052154196,205.7565501133787,55,42,1,1,1,1,1,1,1,1,1,1,1,1,1,1,1,1,1,1
205.45469070294786,205.69850022675737,59,42,0,0,0,1,1,0,0,0,0,0,1,1,1,1,1,1,1,1,1,1,1
205.33859092970522,205.54757052154196,55,46,1,1,1,1,1,1,1,1,1,1,1,1,1,1,1,1,1,1
205.1876612244898,205.37342086167803,59,49,1,1,1,1,1,1,1,1,1,1,1,1,1,1,1,1
205.03673151927438,205.39664081632654,43,46,1,1,1,1,1,1,1,1,1,1,1,1,1,1,1,1,1,1,1,1,1,1,1,1,1,1,1,1,1,1,1
204.82775192743765,205.0947814058957,55,42,1,1,1,1,1,1,1,2,2,2,2,1,1,1,1,1,1,1,1,1,1,1,1
204.38528888888888,204.52460861678003,45,52,1,1,1,1,1,1,0,0,0,0,1,1
204.33884897959183,204.6058784580499,53,53,1,1,1,1,1,1,1,1,1,0,0,0,0,1,1,1,1,1,1,1,1,1,1
204.26918911564624,204.48977868480725,57,50,1,1,1,1,1,1,1,1,1,1,1,1,1,1,1,1,1,1,1
204.1879192743764,204.33884897959183,53,63,1,1,1,1,1,1,1,1,1,1,1,1,1
203.92088979591836,204.2227492063492,33,45,1,1,1,1,1,1,1,1,1,2,2,2,2,2,2,2,2,1,1,1,1,1,1,1,1,1
203.83961995464853,204.1879192743764,53,58,1,1,1,1,1,1,1,1,1,1,1,1,1,1,1,1,1,1,1,1,1,1,1,1,1,1,1,1,1,1
203.76996009070294,203.92088979591836,33,69,2,1,1,1,1,1,1,1,1,1,1,1,1
203.75835011337867,204.26918911564624,57,58,1,1,1,1,1,1,1,1,1,1,1,1,1,1,1,1,1,1,1,1,1,1,1,1,1,1,1,1,1,1,1,1,1,1,1,1,1,1,1,1,1,1,1,1
203.75835011337867,203.9441097505669,41,50,1,1,1,1,1,1,1,1,1,1,1,1,1,1,1,1
203.58420045351474,203.83961995464853,53,52,1,1,1,1,1,1,1,1,1,1,1,1,1,1,1,1,1,1,1,1,1,1
203.52615056689342,203.6886902494331,41,40,1,1,1,1,1,1,1,1,1,1,1,1,1,1
203.38683083900227,203.57259047619047,57,45,0,0,0,0,0,1,1,1,1,1,1,1,1,1,1,1
203.0617514739229,203.27073106575963,55,39,1,1,1,1,1,0,0,0,0,0,0,0,0,0,1,1,1,1
201.0635514739229,201.27253106575964,60,39,1,1,1,1,1,1,1,1,1,1,1,1,1,1,1,1,1,1
200.92423174603175,201.0983814058957,57,64,1,1,1,1,1,1,1,1,1,1,1,1,1,1,1
200.66881224489796,200.9010117913832,45,41,1,1,1,1,0,0,0,0,0,0,0,0,0,0,0,0,0,0,1,1
200.5398185941043,200.66881224489796,45,46,1,1,1,1,1,1,1,1,1,1,1,1
200.36566893424035,200.99389160997734,33,51,1,1,1,1,1,1,1,1,1,1,1,1,1,1,1,1,1,1,1,1,1,1,1,1,1,1,1,1,1,1,1,1,1,1,1,1,1,1,1,1,1,1,1,1,1,1,1,1,1,1,1,1,1,1,1
200.05219954648524,200.72686213151928,57,55,1,1,1,1,1,1,1,1,1,1,1,1,1,1,1,1,1,1,1,1,1,1,1,1,1,1,1,1,1,1,1,1,1,1,1,1,1,1,1,1,1,1,1,1,1,1,1,1,1,1,1,1,1,1,1,1,1,1,1
199.88965986394555,200.05219954648524,57,74,1,1,1,1,1,1,1,1,1,1,1,1,1,1
199.8780498866213,200.0986394557823,52,46,1,1,1,1,1,1,1,1,1,1,1,1,1,1,1,1,1,1,1
196.69563219954648,196.95105170068027,41,41,0,0,0,0,0,0,0,0,0,0,0,0,0,0,1,1,1,1,1,1,1,-2
196.2996090702948,196.49697868480726,39,48,3,3,3,1,1,1,1,1,2,2,2,2,1,1,1,1,1
195.7307201814059,195.91647981859413,40,37,-2,1,1,0,0,0,0,0,0,0,0,0,0,0,-1,-1
195.6378403628118,195.77716009070295,64,34,1,-1,-1,-1,-1,-1,-1,2,2,0,0,1
195.48691065759638,195.62623038548753,40,44,1,1,1,0,0,0,0,1,1,1,1,1
194.04598956916098,194.40589886621314,36,75,1,1,1,1,1,1,1,1,1,1,1,1,1,1,1,1,1,1,1,1,1,1,1,1,1,1,1,1,1,1,1
193.81379002267573,194.04598956916098,36,71,0,0,1,1,1,1,1,1,1,1,0,0,0,0,0,0,1,1,1,1
193.77896009070295,194.05759954648525,72,62,1,1,1,1,1,1,1,1,1,1,1,1,1,1,1,1,1,1,1,1,1,1,1,1
193.7557401360544,193.90666984126983,60,38,1,1,1,1,1,1,1,1,1,1,1,1,1
193.50032063492063,193.81379002267573,36,57,1,1,1,1,1,1,1,1,1,1,1,1,1,1,1,1,1,1,1,1,1,1,1,1,1,1,0
193.47710068027212,193.62803038548753,60,56,1,1,1,1,1,1,1,1,1,1,2,1,1
193.40744081632653,193.55837052154195,84,50,1,1,1,1,1,1,1,1,1,1,1,1,1
193.40744081632653,193.61642040816326,72,41,1,1,1,1,1,1,1,1,1,1,1,1,1,1,1,1,1,1
193.21007120181406,193.50032063492063,36,52,1,2,2,2,2,2,2,2,2,2,2,1,1,1,1,1,1,1,1,1,1,1,1,1,1
193.14041133786847,193.27973106575962,48,56,1,1,1,1,1,1,1,1,1,1,1,1
193.1288013605442,193.27973106575962,60,68,1,1,1,1,1,1,1,1,1,1,1,1,1
193.08236145124715,193.31456099773243,72,53,1,1,1,1,1,1,1,1,1,1,1,1,1,1,1,1,1,1,1,1
192.98948163265305,193.21007120181406,36,64,1,1,1,1,1,1,2,2,2,2,2,2,2,2,2,2,1,1,1
192.93143174603173,193.17524126984125,84,41,1,1,1,1,1,1,1,1,1,1,1,1,1,1,1,1,1,1,1,1,1
192.78050204081632,193.1288013605442,60,47,1,1,1,1,1,1,1,1,1,1,1,1,1,1,1,1,1,1,1,0,0,0,0,0,1,1,1,1,1,1
192.73406213151927,192.96626167800454,72,61,1,1,1,1,1,1,1,1,1,1,1,1,1,1,1,1,1,1,1,1
192.59345850340137,192.73406213151927,72,61,1,1,1,1,1,1,1,1,1,1,1,1,1
192.59345850340137,192.78050204081632,60,51,1,1,1,1,1,1,1,1,1,1,1,1,1,1,0,1,1
192.25676916099775,192.51218866213154,63,65,1,1,1,1,1,1,1,1,1,1,1,1,1,1,1,1,1,1,1,1,1,1
192.25676916099775,192.60506848072563,51,70,1,1,1,1,1,1,1,1,1,1,1,1,1,1,1,1,1,1,1,1,1,1,1,1,1,1,1,1,1,1
191.9200798185941,192.11744943310657,70,71,1,1,1,1,1,1,1,1,1,1,1,1,1,1,1,1,1
191.9200798185941,192.15227936507938,58,54,1,1,1,1,1,1,1,1,1,1,1,1,1,1,1,1,1,1,1,1
191.9200798185941,192.24515918367348,46,77,1,1,1,1,1,1,1,1,1,1,1,1,1,1,1,1,1,1,1,1,0,0,0,1,1,1,1,1
191.57178049886622,191.87363990929705,67,47,1,1,1,1,1,1,1,1,1,1,1,1,1,1,4,1,1,1,1,1,1,1,1,1,1,1
191.57178049886622,191.87363990929705,55,71,1,2,2,2,1,1,1,1,1,1,1,1,1,2,2,2,1,1,1,1,1,1,1,1,1,1
191.56017052154195,191.78076009070296,43,69,0,1,1,1,1,1,1,1,1,1,1,1,1,1,1,1,1,1,1
191.40924081632653,191.57178049886622,67,69,1,1,1,1,1,1,1,1,1,1,1,1,1,1
191.40924081632653,191.57178049886622,55,75,1,1,1,1,1,1,1,1,1,1,1,1,1,1
191.39763083900226,191.56017052154195,43,73,1,1,1,1,1,1,1,1,1,1,1,1,0,0
191.09577142857142,191.26992108843538,53,61,0,1,1,1,1,1,1,1,1,1,1,1,1,1,1
191.08416145124718,191.24670113378684,65,78,1,1,1,1,1,1,1,1,1,1,1,1,1,1
191.0377215419501,191.3511909297052,41,64,1,1,1,1,1,1,1,1,1,0,0,0,0,0,1,1,1,1,1,1,1,1,1,1,1,1,1
190.91001179138323,191.09577142857142,53,39,0,0,1,1,1,1,1,1,1,1,1,1,0,0,0,0
190.89840181405896,191.08416145124718,65,67,1,1,1,1,1,1,1,1,1,1,1,1,1,1,1,1
190.5836485260771,190.84035192743764,63,66,1,1,1,1,1,1,1,1,1,1,1,1,1,1,1,1,1,1,1,1,1,1,1
190.5836485260771,190.7590820861678,51,75,1,1,1,1,1,1,1,1,1,1,1,1,1,1,1,1
190.5836485260771,190.84035192743764,39,80,2,2,2,1,1,1,1,1,1,1,1,1,1,0,0,0,0,0,0,0,0,0,0
190.43271882086165,190.5836485260771,39,65,2,1,1,1,1,1,1,1,2,2,2,2,2
190.4211088435374,190.63008843537415,75,39,1,1,1,1,1,1,1,1,1,1,1,1,-1,1,1,1,1,1
190.4211088435374,190.5836485260771,51,58,1,1,1,1,1,1,1,1,1,1,1,1,1,1
190.40949886621314,190.5836485260771,63,71,1,1,1,1,1,1,1,1,1,1,1,1,1,1,0
190.18890929705213,190.3862789115646,48,65,1,1,1,1,1,1,1,1,1,1,1,1,1,1,1,1,1
190.16568934240362,190.33983900226755,60,69,1,1,1,1,1,1,1,1,1,1,1,1,1,1,1
190.13085941043082,190.30500907029477,36,56,1,1,1,1,1,1,1,1,1,1,1,1,1,1,1
190.0147596371882,190.16568934240362,60,64,1,1,1,1,1,1,1,1,1,1,1,1,1
190.00314965986394,190.18890929705213,48,66,1,1,1,1,1,1,1,1,1,1,1,1,1,1,1,1
189.73612018140588,189.87543990929703,70,43,1,1,1,1,1,1,1,1,1,1,1,1
189.6316303854875,189.7941700680272,48,46,1,1,1,1,1,1,1,1,1,1,1,1,1,1
189.5735804988662,189.84060997732425,31,58,1,1,1,1,1,1,1,1,1,1,1,1,1,1,1,1,1,1,1,1,1,1,1
189.56197052154195,189.7245102040816,67,56,1,1,1,1,0,1,1,1,1,1,1,1,1,1
189.39943083900226,189.56197052154195,67,38,1,1,1,1,1,0,0,1,1,1,1,1,1,1
189.39943083900226,189.71290022675737,41,47,1,1,1,1,1,1,1,1,1,1,1,1,1,1,1,1,1,1,1,1,1,1,1,1,1,1,1
189.36460090702946,189.56197052154195,53,52,1,1,1,1,1,1,1,1,1,1,1,1,1,1,1,1,1
189.36460090702946,189.51553061224487,48,48,1,1,1,1,1,1,1,1,1,1,0,0,0
189.2601111111111,189.4807006802721,55,36,1,1,1,1,1,1,1,1,1,1,-5,-5,-5,1,1,1,1,1,1
189.24850113378685,189.39943083900226,67,56,0,1,1,1,1,1,1,1,1,1,1,1,1
189.1324013605442,189.39943083900226,41,55,1,1,1,1,1,1,1,1,1,0,0,0,0,0,0,0,1,1,1,1,1,1,1
189.12079138321994,189.30655102040816,29,56,1,1,1,1,1,1,1,1,1,1,0,0,0,0,0,0
189.10918140589567,189.36460090702946,48,72,1,1,1,1,1,1,1,1,1,1,1,2,1,1,1,1,1,1,1,1,1,1
189.02791156462584,189.24850113378685,67,47,1,1,1,1,1,1,1,1,1,1,1,1,1,1,1,1,1,0,0
188.96986167800452,189.12079138321994,29,64,1,1,1,1,1,1,1,1,1,1,1,1,1
188.95825170068025,189.12079138321994,60,37,1,1,1,1,1,1,1,1,1,1,1,1,1,1
188.93503174603174,189.10918140589567,48,68,1,1,1,1,1,1,1,1,1,1,1,1,1,1,1
188.92342176870747,189.36460090702946,53,42,1,1,1,1,1,1,1,1,1,1,1,1,1,1,1,1,1,1,1,1,1,1,1,1,1,1,1,1,1,1,1,1,1,1,1,1,1,1
188.78410204081632,188.93503174603174,48,41,1,1,1,1,1,1,1,1,1,1,0,0,0
188.7492721088435,188.96986167800452,29,38,2,2,2,2,2,2,2,2,2,2,2,2,2,2,2,0,0,0,0
188.4229088435374,188.70154829931974,53,42,1,1,1,1,1,1,1,1,1,1,1,1,1,1,1,1,1,1,1,1,1,1,1,1
188.41129886621314,188.73766213151927,41,49,1,1,1,1,1,1,1,1,1,1,1,1,1,1,1,1,1,1,1,1,1,1,1,1,1,1,1,1,1
188.2951990929705,188.4577387755102,48,58,1,1,1,1,1,1,1,1,1,1,1,1,1,1
188.271979138322,188.4229088435374,53,63,1,1,1,1,1,1,1,1,1,1,1,1,1
188.22553922902495,188.41129886621314,41,62,1,1,1,1,1,1,1,1,1,1,1,1,1,1,1,1
187.99333968253967,188.271979138322,53,47,1,1,1,1,1,1,1,1,1,1,1,1,1,1,1,1,1,1,1,1,0,0,1,1
187.97011972789116,188.15587936507936,60,49,1,1,1,1,1,1,1,1,1,1,1,1,1,1,1,1
187.97011972789116,188.2951990929705,48,57,1,1,1,1,1,1,1,1,1,1,1,1,1,1,1,1,1,1,1,1,1,1,1,1,1,1,1,1
187.91206984126984,188.22553922902495,41,65,1,1,1,1,1,1,1,1,1,1,1,1,1,1,1,1,1,1,1,1,1,1,1,1,1,1,1
187.73792018140588,187.97011972789116,48,52,1,1,1,1,1,1,1,1,1,1,1,1,1,1,1,1,1,1,1,1
187.73792018140588,187.91206984126984,41,41,1,1,1,1,1,1,1,1,1,1,1,1,1,1,1
187.72631020408164,187.8656299319728,75,31,1,1,1,1,1,1,1,1,1,1,1,1
187.6798702947846,187.85401995464852,67,42,1,1,1,1,1,1,1,1,1,1,1,1,1,1,1
187.2967410430839,187.5173306122449,48,37,1,1,1,1,1,1,1,1,1,1,1,1,1,1,1,1,1,1,1
187.23869115646258,187.37801088435373,70,37,1,1,1,1,1,1,1,1,1,1,1,1
187.1342013605442,187.2967410430839,65,38,1,1,1,1,1,1,1,1,1,1,1,1,1,1
187.0761514739229,187.2967410430839,48,32,-5,-5,-5,-3,-3,-3,0,0,0,0,1,1,1,1,1,1,1,1,1
187.06454149659865,187.23869115646258,70,52,1,1,1,1,1,1,1,1,1,1,1,1,1,1,1
186.97166167800452,187.2038612244898,53,47,1,1,1,1,1,1,1,1,1,1,1,1,1,1,1,1,1,1,1,1
184.3336290249433,184.50777868480725,39,47,-1,-1,-1,-1,-1,0,1,1,1,1,1,1,1,1,1
183.61381043083898,183.9272798185941,79,53,1,1,1,1,1,1,1,1,1,1,1,1,1,1,1,1,1,1,1,1,1,1,1,1,1,1,1
183.61381043083898,183.76474013605443,39,56,1,1,1,1,1,1,1,1,1,1,1,1,1
183.45127074829932,183.61381043083898,39,76,1,1,1,1,1,1,1,1,1,1,1,1,1,1
183.2655111111111,183.45127074829932,39,61,0,0,0,0,1,1,1,1,1,1,1,1,1,1,1,1
183.25390113378685,183.61381043083898,79,52,1,1,1,1,1,1,1,1,1,1,1,1,1,1,1,1,1,1,1,1,1,1,1,1,0,0,1,1,1,1,1
183.09136145124717,183.24229115646258,82,53,1,1,1,1,1,1,1,1,1,1,1,1,1
181.68527029478457,181.82459002267575,48,44,1,1,1,0,0,0,0,1,1,1,1,1
181.615610430839,181.8013700680272,55,43,1,1,1,1,1,1,1,1,1,1,1,1,1,1,1,1
181.60400045351474,181.76654013605443,67,52,1,1,1,1,1,1,1,1,1,1,1,1,1,1
181.36019092970523,181.56917052154196,65,54,1,1,1,1,1,1,1,1,1,1,1,1,1,1,1,1,1,1
181.27892108843537,181.51112063492064,77,41,1,1,1,1,1,1,1,1,1,1,1,1,1,1,1,1,1,1,1,1
181.16282131519276,181.3718009070295,89,43,1,1,1,1,1,1,1,1,1,1,1,1,1,1,1,1,1,1
180.8957918367347,181.10477142857144,79,67,1,1,1,1,1,1,1,1,1,1,1,1,1,1,1,1,1,1
180.8261319727891,181.09316145124717,91,45,1,1,1,1,1,1,1,1,1,1,1,1,1,1,1,1,1,1,1,1,1,1,1
180.8261319727891,181.04672154195012,67,48,1,1,1,1,1,1,1,1,1,1,1,1,1,1,1,1,1,1,1
180.79130204081633,181.02350158730158,48,63,1,1,1,1,1,1,1,1,1,1,1,1,1,1,1,1,1,1,1,1
180.77840816326528,180.94223174603175,60,49,1,1,1,1,1,1,1,1,1,1,1,1,1,1,1
180.75518820861677,180.97706167800453,55,38,1,1,1,1,1,1,1,1,1,1,1,2,2,1,1,1,1,1,1,1
180.60425850340135,181.174431292517,72,53,1,1,1,1,1,1,1,1,1,1,1,1,1,1,1,1,1,1,1,1,1,1,1,1,1,1,1,1,1,1,1,1,1,1,1,1,1,1,1,1,1,1,1,1,1,1,1,1,1,1
180.60425850340135,180.8261319727891,67,42,1,1,1,1,1,0,1,1,0,0,0,0,1,1,1,1,1,1,1,1
180.60425850340135,180.79130204081633,48,55,1,1,1,1,1,1,1,1,1,1,1,1,1,1,1,1,1
180.27917913832198,180.54620861678004,84,50,0,1,1,1,1,1,1,1,1,1,1,1,1,1,1,1,1,1,1,1,1,1,1
180.2675691609977,180.60425850340135,72,67,1,1,1,1,1,1,1,1,1,1,1,1,1,1,1,1,1,1,1,1,1,1,1,1,1,1,1,1,1
180.25595918367347,180.60425850340135,48,46,1,1,1,1,1,1,1,1,1,1,1,1,1,0,0,0,1,1,1,1,1,1,1,1,1,1,1,1,1,1
179.838,180.25595918367347,48,56,1,1,1,1,1,1,1,1,1,1,1,1,1,1,1,1,1,1,1,1,1,1,1,1,1,1,1,1,1,1,1,1,1,1,1,1
179.7683401360544,179.96570975056687,70,39,1,1,0,0,0,0,0,0,0,0,1,1,1,2,1,1,1
179.47809070294784,179.73351020408163,60,53,1,1,1,1,1,1,1,1,1,1,1,1,1,1,1,1,1,1,1,1,1,1
179.4316507936508,179.57097052154194,36,48,1,1,1,1,1,1,1,1,1,1,1,1
179.09496145124714,179.24589115646256,72,60,1,1,1,1,1,1,1,1,1,1,1,1,1
178.66410839002268,178.83954195011336,41,62,1,1,1,1,1,1,1,1,2,2,2,2,-1,-1,-1,-1
178.6292784580499,178.7802081632653,60,49,1,1,1,1,1,1,1,1,1,0,0,0,-1
178.48995873015872,178.6292784580499,60,60,1,1,1,1,1,1,1,1,1,1,1,1
178.4667387755102,178.66410839002268,41,66,1,1,1,1,1,1,1,1,1,1,1,1,1,1,1,1,1
178.29258911564625,178.48995873015872,72,46,1,1,1,1,1,1,1,1,1,1,1,1,1,1,1,1,1
178.29258911564625,178.4667387755102,41,65,1,1,1,1,1,1,1,1,1,1,1,1,1,1,1
178.13004943310656,178.4086888888889,60,51,1,1,1,1,1,1,0,0,0,0,0,1,1,1,1,1,1,1,1,1,1,1,1,1
178.11843945578232,178.29258911564625,41,81,1,1,1,1,1,1,1,1,1,1,1,1,1,1,1
177.70048027210885,177.89784988662132,82,61,1,1,1,1,1,1,1,1,1,1,1,1,1,1,1,1,1
177.70048027210885,178.07199954648524,58,48,1,1,1,1,1,1,1,1,1,1,1,1,1,1,1,1,1,1,1,1,1,1,1,1,1,1,1,1,1,1,1,1
177.63082040816326,177.80497006802722,70,65,1,1,1,1,1,1,1,1,1,1,1,1,1,1,1
177.4334507936508,177.59599047619048,63,58,1,1,1,1,1,1,1,1,1,1,1,1,1,1
177.0851514739229,177.50311065759638,87,48,1,1,1,1,1,1,1,1,1,1,1,1,1,1,1,1,1,1,1,1,1,1,1,1,1,1,1,1,1,1,1,1,1,1,1,1
176.6542984126984,176.94583174603176,48,46,0,1,1,1,1,1,1,1,1,1,1,1,1,1,1,1,1,1,1,2,2,2,1,1,1,1
176.59624852607712,176.8645619047619,65,42,0,0,1,1,1,1,1,1,1,1,1,1,1,1,1,1,1,1,1,1,1,1,1,1
176.59624852607712,176.73556825396827,41,39,1,1,1,2,2,2,0,0,1,1,1,1
176.45692879818594,176.59624852607712,67,54,1,1,1,1,1,1,1,1,1,1,1,1
176.282779138322,176.4453188208617,41,65,1,1,1,1,1,1,1,1,1,1,1,1,1,1
176.25955918367347,176.5381986394558,79,50,1,1,1,1,1,1,1,1,1,1,1,1,1,0,1,1,1,1,1,1,1,1,1,1
176.25955918367347,176.45692879818594,67,42,1,1,1,1,1,1,1,1,1,1,1,1,1,1,1,1,1
175.99252970521542,176.21311927437642,46,62,1,1,1,1,1,1,1,1,1,1,1,1,1,1,1,1,1,1,1
175.98091972789118,176.20150929705216,77,52,1,1,1,1,1,1,1,1,1,1,1,1,1,1,1,1,1,1,1
175.92286984126986,176.2479492063492,65,53,1,1,1,1,1,1,1,1,1,1,1,1,1,1,1,1,1,1,1,1,1,1,1,1,1,1,1,1
175.92286984126986,176.07379954648528,53,36,1,1,1,1,1,1,1,1,1,1,1,1,1
175.4352507936508,175.77194013605444,79,63,1,1,1,1,1,1,1,1,1,1,0,0,0,0,0,1,1,1,1,1,1,1,1,1,1,1,1,1,1
175.4352507936508,175.7255002267574,67,43,1,1,1,1,1,1,1,1,1,1,1,1,1,1,1,1,1,1,1,1,1,1,1,1,1
175.4352507936508,175.59779047619048,46,65,1,1,1,1,1,1,1,1,1,1,1,1,1,1
175.3423709750567,175.5629605442177,72,66,1,1,1,1,1,1,1,1,1,1,1,1,1,1,1,1,1,1,1
175.26110113378687,175.4352507936508,67,58,1,1,1,1,1,1,1,1,1,0,0,0,1,1,1
175.19144126984128,175.3423709750567,72,85,1,1,1,1,1,1,1,1,1,1,1,1,1
174.92441179138322,175.19144126984128,72,65,1,1,1,1,1,1,1,1,1,1,1,1,1,1,1,1,1,1,1,1,1,1,1
174.92441179138322,175.23788117913833,60,71,1,1,1,1,1,1,1,1,1,1,1,1,1,1,1,1,1,1,1,1,1,1,1,1,1,1,1
174.42389886621314,174.57482857142855,58,67,1,1,1,1,1,1,1,1,1,1,1,1,1
174.16847936507935,174.3774589569161,46,54,0,1,1,1,1,1,1,1,1,1,1,1,1,1,1,0,1,1
174.16847936507935,174.31940907029477,34,54,1,1,1,1,1,1,1,1,1,1,1,1,1
174.00593968253966,174.15686938775508,65,36,1,1,1,1,1,1,1,1,1,1,1,1,1
174.00593968253966,174.53999863945577,60,63,1,1,1,1,1,1,1,1,1,1,1,1,1,1,1,1,1,1,1,1,1,1,1,1,1,1,1,1,1,1,1,1,1,1,1,1,1,1,1,1,-5,-5,-5,1,1,1
174.00593968253966,174.16847936507935,34,50,1,1,1,1,1,1,1,1,1,-3,1,1,1,1
173.99432970521542,174.16847936507935,46,57,1,1,1,1,1,1,1,1,0,0,0,0,0,0,0
173.98271972789115,174.3426290249433,53,42,1,1,1,1,1,1,1,1,1,1,1,1,1,1,1,0,0,1,1,1,1,1,1,1,1,1,1,1,1,1,1
173.9594997732426,174.22652925170067,58,41,1,1,1,1,1,1,1,1,1,1,1,1,1,1,1,1,1,1,1,1,1,1,1
173.32095102040816,173.61120045351473,79,49,1,1,1,1,1,1,1,1,1,1,1,1,1,1,1,1,1,1,1,1,1,1,1,1,1
172.89138185941042,173.06553151927437,39,47,0,0,0,0,0,0,0,1,1,1,1,1,1,0,0
171.4388507936508,171.9380798185941,39,59,1,1,1,1,1,1,1,1,1,1,1,1,1,1,1,1,1,1,2,2,2,2,2,2,2,2,2,1,1,1,1,1,1,2,2,1,1,1,1,1,1,1,1
171.28792108843538,171.4388507936508,39,72,1,1,1,1,1,1,1,1,1,1,0,0,1
170.962841723356,171.19504126984128,91,45,1,1,1,1,1,1,1,1,1,1,1,1,1,1,1,1,1,1,1,1
170.91640181405896,171.07894149659865,43,48,1,1,1,1,1,1,1,1,1,1,1,1,1,1
170.84545804988664,170.98606167800455,48,49,0,1,1,1,1,1,1,1,1,1,1,1,1
170.64808843537418,170.7990181405896,53,39,1,1,1,1,1,1,1,1,2,2,2,1,1
170.61325850340137,170.88157188208618,77,45,1,1,1,1,1,1,1,1,1,0,0,1,1,1,1,1,1,1,1,1,1,1,1,1
170.36944897959185,170.508768707483,36,46,1,1,1,1,0,0,0,0,0,1,1,1
170.1952993197279,170.46232879818595,55,43,1,1,1,1,1,1,1,1,1,2,2,2,2,2,2,2,2,1,1,1,1,1,2
170.17207936507938,170.36944897959185,36,49,0,1,1,1,1,1,1,1,0,0,0,0,0,0,0,1,1
169.9166598639456,170.21851927437643,48,42,1,1,1,1,1,1,1,1,1,1,1,1,1,1,1,1,1,1,1,1,1,1,1,1,1,1
169.74251020408164,169.98631972789116,36,45,2,2,2,1,1,1,1,1,1,1,1,1,1,1,1,1,1,1,1,1,1
169.6960702947846,169.9166598639456,48,47,1,1,1,1,1,1,1,1,1,1,1,1,1,1,1,1,1,1,1
169.67285034013608,169.81217006802723,55,34,1,1,1,1,1,1,1,1,1,1,1,1
169.6031904761905,169.8237800453515,72,49,1,1,1,1,1,1,1,1,1,1,1,1,1,1,1,1,1,1,1
169.57997052154195,169.74251020408164,36,33,1,1,1,1,1,2,2,2,2,1,1,2,2,2
165.61840045351474,165.78094013605443,87,49,1,1,1,1,1,1,1,1,1,1,1,1,1,1
165.43264081632654,165.65323038548755,53,79,1,1,1,1,1,1,1,1,1,1,1,1,2,2,2,2,3,1,1
165.24688117913834,165.61840045351474,87,59,1,1,1,1,1,1,1,1,1,1,1,1,1,1,1,1,1,1,1,1,2,1,1,1,1,1,1,1,1,1,1,1
165.0030716553288,165.24688117913834,87,79,1,1,1,1,1,1,1,1,1,1,1,1,1,1,1,1,1,1,1,1,1
164.78119818594104,164.96824172335602,41,63,1,1,1,1,1,1,1,1,1,1,0,0,0,2,2,1,1
164.30518911564624,164.95663174603175,84,71,1,1,1,1,1,1,1,1,1,1,1,1,1,1,1,1,1,1,1,1,1,1,1,1,1,1,1,1,1,1,1,1,1,1,1,1,1,1,1,1,1,1,1,1,1,1,1,1,1,1,1,1,1,1,1,1,1
164.30518911564624,164.734758276644,53,42,1,1,1,1,0,0,0,2,2,2,2,2,2,1,1,1,1,1,1,1,2,3,3,3,1,1,1,1,1,1,1,1,1,1,1,1,1
163.89883990929704,164.39806893424034,87,71,1,1,1,1,1,1,1,1,1,1,1,1,1,1,1,1,1,1,1,1,1,1,1,1,1,1,1,1,1,1,1,1,1,1,1,1,1,1,1,1,1,1,1
163.65503038548752,163.80596009070294,48,67,1,1,1,2,0,0,1,2,2,2,2,2,2
163.60859047619047,163.9104498866213,89,62,1,1,1,1,1,-5,-5,1,1,1,1,1,1,1,1,1,1,1,1,1,1,1,1,1,1,1
163.42283083900224,163.65503038548752,48,75,1,1,1,0,0,1,1,1,1,1,1,1,1,1,1,1,1,1,1,1
163.36478095238095,163.58537052154193,53,63,1,1,1,1,1,1,1,1,1,1,1,1,1,1,1,1,1,1,1
163.36478095238095,163.51571065759637,41,40,1,1,1,1,1,1,-1,0,0,0,1,1,1
163.32995102040815,163.89883990929704,87,67,1,1,1,1,1,1,1,1,1,1,1,1,1,1,1,1,1,1,1,1,1,1,1,1,1,1,1,1,1,1,1,1,1,1,1,1,1,1,1,1,1,1,7,1,1,1,1,1,1
163.0977514739229,163.2835111111111,84,69,1,1,1,1,1,1,1,1,1,1,1,1,1,1,1,1
163.08614149659863,163.36478095238095,41,56,1,1,1,1,1,1,1,1,1,1,1,1,0,0,0,-1,-1,-1,0,0,0,0,1,1
163.07453151927436,163.24868117913832,46,64,0,1,1,1,1,1,1,1,1,1,1,1,1,0,-1
162.94682176870748,163.0977514739229,48,56,2,2,2,2,1,1,1,1,1,1,1,2,2
162.9352117913832,163.17902131519273,53,41,1,1,1,1,1,1,1,1,1,1,1,1,1,1,1,1,1,1,1,1,1
162.65528843537416,162.80621814058958,46,59,1,1,1,1,1,1,1,1,1,1,1,1,1
162.21410929705215,162.51596870748298,53,56,0,0,1,1,1,1,1,1,1,1,1,1,2,2,2,2,2,2,2,1,1,1,1,1,1,1
161.6684403628118,161.80776009070294,34,44,1,1,1,1,1,1,1,1,0,0,1,1
161.65683038548752,161.7961501133787,46,57,1,1,1,1,1,1,0,0,0,0,0,0
161.61039047619047,162.2605492063492,77,71,1,1,1,1,1,1,1,1,1,1,1,1,1,1,1,1,1,1,1,1,1,1,1,1,1,1,1,1,1,1,1,1,1,1,1,1,1,1,1,1,1,1,1,1,1,1,1,1,1,1,1,1,1,1,1,1
161.52912063492064,161.78454013605443,58,55,1,1,1,1,1,1,1,1,1,1,1,1,1,1,1,1,1,1,1,1,1,1
161.52912063492064,161.7264902494331,53,58,1,1,1,1,1,1,1,1,1,1,1,1,1,1,1,1,1
161.51751065759638,161.87741995464853,41,50,1,1,1,1,1,1,1,1,0,1,1,1,1,1,1,1,1,1,0,0,0,0,0,0,1,1,1,1,1,0,0
161.0066716553288,161.1692113378685,41,36,0,0,-1,-1,1,1,1,1,1,1,1,1,1,1
160.6803083900227,161.0066716553288,46,46,1,0,0,0,0,0,0,0,0,0,0,0,0,0,0,0,0,0,0,0,0,0,1,1,1,1,1,1,1
160.63386848072562,160.87767800453517,53,51,1,1,1,1,1,1,1,1,1,1,1,1,1,1,1,1,1,1,1,1,1
160.2042993197279,160.35522902494333,48,49,2,0,0,0,0,1,1,1,1,1,1,1,1
159.84439002267575,160.1114195011338,51,51,1,1,1,1,1,1,1,1,1,1,1,1,1,1,1,1,1,1,1,1,1,1,1
159.83278004535148,159.9837097505669,46,34,2,2,1,0,0,1,1,1,1,1,1,1,1
159.43804081632655,159.68185034013607,39,50,1,1,1,1,1,1,1,1,1,1,1,1,1,1,1,1,1,1,1,1,1
159.3567709750567,159.60058049886624,48,53,1,1,1,1,1,1,1,1,1,1,1,1,1,1,2,2,1,1,1,1,1
158.9852517006803,159.43804081632655,39,51,1,1,1,1,1,1,1,1,1,1,1,1,1,1,1,1,1,1,2,1,1,1,1,1,1,1,1,1,1,1,1,1,1,1,1,1,1,1,1
158.87947800453514,159.0433015873016,60,55,1,1,1,1,1,1,1,1,1,1,1,1,1,1,1
158.86786802721087,159.05491156462585,48,45,2,2,1,1,1,1,1,1,1,1,1,1,1,1,1,1,1
158.8330380952381,160.16946938775513,79,70,1,1,1,1,1,1,1,1,1,1,1,1,1,1,1,1,1,1,1,1,1,1,1,1,1,1,1,1,1,1,1,1,1,1,1,1,1,1,1,1,1,1,1,1,1,1,1,1,1,1,1,1,1,1,1,1,1,1,1,1,1,1,1,1,1,1,1,1,1,1,1,1,1,1,1,1,1,1,1,1,1,1,1,1,1,1,1,1,1,1,1,1,1,1,1,1,1,0,1,1,1,1,1,1,1,1,1,1,1,1,1,1,1,1,1,1
158.82142811791383,158.95042176870749,36,43,1,1,1,1,1,1,1,1,1,1,0,0
158.6704984126984,158.9852517006803,39,49,1,1,1,1,1,1,1,1,1,1,1,1,1,1,1,1,1,1,1,1,1,0,0,0,0,0,0,0
158.5776185941043,158.72854829931973,48,58,1,1,1,1,1,1,1,1,1,1,1,2,2
158.50795873015872,158.8562580498866,82,81,1,1,1,1,1,1,1,1,1,1,1,1,1,1,1,1,1,1,1,1,1,1,1,1,1,1,1,1,1,1
158.41507891156462,158.5776185941043,48,48,1,1,1,1,1,1,1,1,1,1,1,1,1,1
158.31058911564625,158.82142811791383,84,60,1,1,1,1,1,1,1,1,1,1,1,1,1,1,1,1,1,-5,-5,-5,-5,-5,-5,-5,-5,-5,-5,-5,-5,-5,-5,-5,-5,-5,-5,-5,-5,-5,-5,-5,-5,-5,1,1
158.14804943310656,158.32219909297052,86,64,1,1,1,1,1,1,-5,-5,-5,-5,1,1,1,1,1
157.96228979591837,158.24092925170066,51,69,1,1,1,1,1,1,1,1,1,1,1,1,1,1,1,1,1,1,1,1,1,1,1,1
157.84619002267573,158.1944893424036,82,71,0,1,1,1,1,1,1,1,1,1,1,1,1,1,1,1,1,1,1,1,1,1,1,1,1,1,1,1,1,1
157.62560045351472,157.82297006802722,79,66,1,1,1,1,1,1,1,1,1,1,1,1,1,1,1,1,1
157.56755056689343,157.74170022675736,36,38,1,1,1,1,1,1,1,1,1,1,1,1,1,1,1
157.53272063492062,157.68365034013604,48,49,1,1,1,1,1,1,1,1,1,1,1,1,1
157.52111065759638,157.79975011337868,60,68,1,1,1,1,1,1,1,1,1,1,1,1,1,1,1,1,1,1,1,1,1,1,1,1
157.49789070294784,157.66043038548753,77,75,1,1,1,1,1,1,1,1,1,1,1,1,1,7
157.27730113378684,157.5095006802721,36,56,2,2,2,2,2,2,2,2,2,2,2,2,2,1,1,1,1,1,1,1
157.0102716553288,157.27730113378684,36,41,1,1,1,1,1,1,1,1,1,0,0,0,2,2,2,2,2,2,2,2,2,2,2
156.88127800453515,157.0102716553288,36,48,0,0,0,0,0,0,0,1,1,1,1,1
156.76517823129254,157.62560045351472,79,74,1,1,1,1,1,1,1,1,1,1,1,1,1,1,1,1,1,1,1,1,1,1,1,1,1,1,1,1,1,1,1,1,1,1,1,1,1,1,1,1,1,1,1,1,1,1,1,1,1,1,1,1,1,1,1,1,1,1,1,1,1,1,1,1,1,1,-5,-5,-5,-5,-5,-5,-5,-5,-5
156.741958276644,156.88127800453515,36,39,1,1,1,1,0,0,0,0,0,0,0,0
156.73034829931973,157.03349160997732,48,48,1,1,1,1,1,0,0,0,0,0,0,0,-1,-1,0,0,0,1,1,1,1,1,1,1,1,1,1
156.16145941043084,156.73034829931973,48,66,1,1,1,1,0,0,1,1,1,1,1,1,1,1,1,1,1,1,1,1,0,0,0,1,1,1,1,1,1,1,1,1,1,1,1,1,1,1,0,0,1,1,1,1,1,1,1,1,1
155.99891972789118,156.16145941043084,48,63,1,1,1,1,1,1,1,1,1,1,1,1,1,1
155.75511020408163,155.90603990929705,36,47,0,0,0,0,0,0,0,0,1,1,1,1,1
155.6970603174603,156.76517823129254,79,84,-1,1,1,1,1,1,1,1,1,1,1,1,1,1,1,1,1,1,1,1,1,1,1,1,1,1,1,1,1,1,1,1,1,1,1,1,1,1,1,1,1,1,1,1,1,1,1,1,1,1,1,1,1,1,1,1,1,1,1,1,1,1,1,1,1,1,1,1,1,1,1,1,1,1,1,1,1,1,1,1,1,1,1,1,1,1,1,1,1,1,1,1
155.34876099773243,155.65062040816326,72,46,1,1,1,1,1,1,1,1,1,1,1,1,1,1,1,1,1,1,1,1,1,1,1,1,1,1
155.33715102040816,155.7667201814059,48,52,1,1,1,1,1,1,1,1,1,1,1,1,1,1,1,1,1,1,1,1,1,1,1,1,1,1,1,1,1,1,1,1,1,1,1,1,1
155.24427120181406,155.65062040816326,60,57,1,1,1,1,1,1,1,1,1,1,1,1,1,1,1,1,1,1,1,1,1,1,1,1,1,1,1,1,1,1,1,1,1,1,1
155.24427120181406,155.55774058956916,53,38,1,1,1,1,1,1,1,1,1,1,1,1,1,1,1,1,1,1,1,1,1,1,1,1,1,1,1
155.23266122448982,155.39520090702948,63,55,1,1,1,1,1,1,1,1,1,1,1,1,1,1
155.1397814058957,155.46486077097506,75,48,1,1,1,1,1,1,1,1,1,1,1,1,1,1,1,1,1,1,1,1,1,1,1,1,1,1,1,1
155.09334149659864,155.24427120181406,60,41,1,1,1,1,1,2,2,1,1,1,1,1,1
155.08173151927437,155.33715102040816,48,50,0,1,1,1,1,1,1,0,1,1,1,1,1,1,1,1,1,1,1,1,1,1
155.0120716553288,155.22105124716555,70,38,1,1,1,1,1,1,1,1,1,1,1,1,1,1,1,1,1,1
155.0120716553288,155.16300136054423,67,33,1,1,1,1,1,1,1,1,1,1,1,1,1
154.94112789115644,155.09334149659864,60,50,1,1,1,1,1,1,1,1,1,1,1,1,1,1
154.7669782312925,155.02368163265308,51,41,1,1,1,1,1,1,1,0,0,0,0,-2,-2,-2,0,1,1,1,1,1,1,1,1
154.72053832199546,155.0120716553288,63,49,1,1,1,1,1,1,1,1,1,1,1,1,1,1,1,1,1,1,1,1,1,1,1,1,1,1
154.6160485260771,154.75536825396824,60,51,0,0,0,1,1,1,1,1,1,1,1,1
153.48988072562358,153.67564036281178,67,70,1,1,1,1,1,1,1,1,1,1,1,1,1,1,1,1
153.45505079365077,153.59437052154195,41,37,1,1,1,1,1,1,1,1,1,1,1,1
153.10675147392288,153.30412108843535,48,78,1,1,1,1,1,1,1,1,1,1,1,1,1,1,1,1,1
153.0719215419501,153.22285124716552,54,33,-1,1,1,1,1,1,1,1,1,1,1,1,1
153.0719215419501,153.36217097505667,29,48,1,1,1,1,1,1,1,1,1,1,1,1,1,1,0,1,1,1,1,1,1,1,1,1,1
153.00226167800452,153.1415814058957,70,64,1,1,1,1,1,1,1,1,1,1,1,1
153.00226167800452,153.19963129251698,63,54,1,1,1,1,1,1,1,1,1,1,1,1,1,1,1,1,1
152.8036081632653,152.9545378684807,41,39,-2,1,1,1,1,1,1,1,1,1,1,1,1
152.7107283446712,152.90809795918366,64,46,1,1,1,1,1,1,1,1,1,1,1,-2,1,1,1,1,1
152.47852879818595,152.66428843537415,48,44,0,1,1,1,0,0,0,0,1,1,1,1,1,1,1,1
151.8051501133787,151.96768979591837,75,60,1,1,1,1,1,1,1,1,1,1,1,1,1,1
151.642610430839,151.82837006802723,68,42,1,1,1,1,1,1,1,1,1,1,1,1,1,1,1,1
151.642610430839,151.92124988662133,56,42,1,1,1,1,1,1,1,1,1,1,1,1,1,1,1,1,1,1,1,1,1,1,1,1
150.9098979591837,151.0737215419501,59,41,1,1,1,1,1,1,1,1,1,1,1,1,1,1,1
150.57320861678005,150.72413832199547,88,41,1,1,1,1,1,1,1,1,1,1,1,1,1
149.94626984126987,150.2132993197279,83,63,1,1,1,1,1,1,1,1,1,1,1,1,1,1,1,1,1,1,1,1,1,1,1
149.94626984126987,150.3642290249433,64,58,1,1,1,1,1,1,1,1,1,1,1,1,1,1,1,1,1,1,1,1,1,1,1,1,1,1,1,1,1,1,1,1,1,1,1,1
149.33094104308393,149.644410430839,80,78,1,1,1,1,1,1,1,1,1,1,1,1,1,1,1,1,1,1,1,1,1,1,1,1,1,1,1
149.33094104308393,149.48187074829934,56,45,1,1,1,1,1,1,1,1,1,1,1,1,1
149.33094104308393,149.66763038548754,52,62,1,1,1,1,1,1,1,1,1,1,1,1,1,1,1,1,1,1,1,1,1,1,1,1,1,1,1,1,1
149.31933106575966,150.53837868480727,68,51,1,1,1,1,1,1,1,1,1,1,1,1,1,1,1,1,1,1,1,1,1,1,1,1,1,1,1,1,1,1,1,1,1,1,1,1,1,1,1,1,1,1,1,1,1,1,1,1,1,1,1,1,1,1,1,1,1,1,1,1,1,1,1,1,1,1,1,1,1,1,1,1,1,1,1,1,1,1,1,1,1,1,1,1,1,1,1,1,1,1,1,1,1,1,1,1,1,1,1,1,1,1,1,1,1
148.7143283446712,148.969747845805,64,54,1,1,1,1,1,1,1,1,1,1,1,1,1,1,1,1,1,1,1,1,1,1
148.70271836734693,149.08713151927438,76,59,1,1,1,1,1,1,1,1,1,1,1,1,1,1,1,1,1,1,1,1,1,1,1,1,1,1,1,1,1,1,1,1,1,1
148.087389569161,148.50534875283446,52,53,1,1,1,1,1,1,1,1,1,1,1,1,1,1,1,1,1,1,1,1,1,1,1,1,1,1,1,1,1,1,1,1,1,1,1,1
148.07577959183672,148.29636916099773,83,40,1,1,1,1,1,1,1,1,1,1,1,1,1,1,1,1,1,1,1
148.07577959183672,148.63305850340134,71,61,1,1,1,1,1,1,1,1,1,1,1,1,1,1,1,1,1,1,1,1,1,1,1,1,1,1,1,1,1,1,1,1,1,1,1,1,1,1,1,1,1,1,1,1,1,1,1,1
148.07577959183672,148.6446684807256,59,50,1,1,1,1,1,1,1,1,1,1,1,1,1,1,1,1,1,1,1,1,1,1,1,1,1,1,1,1,1,1,1,1,1,1,1,1,1,1,1,1,1,1,1,1,1,1,1,1,1
148.07577959183672,150.46871882086168,47,60,1,1,1,1,1,1,1,1,1,1,1,1,1,1,1,1,1,1,1,1,1,1,1,1,1,1,1,1,1,1,1,1,1,1,1,1,1,1,1,1,1,1,1,1,1,1,1,1,1,1,1,1,1,1,1,1,1,1,1,1,1,1,1,1,1,1,1,1,1,1,1,1,1,1,1,1,1,1,1,1,1,1,1,1,1,1,1,1,1,1,1,1,1,1,1,1,1,1,1,1,1,1,1,1,1,1,1,1,1,1,1,1,1,1,1,1,1,1,1,1,1,1,1,1,1,1,1,1,1,1,1,1,1,1,1,1,1,1,1,1,1,1,1,1,1,1,1,1,1,1,1,1,1,1,1,1,1,1,1,1,1,1,1,1,1,1,1,1,1,1,1,1,1,1,1,1,1,1,1,1,1,1,1,1,1,1,1,1,1,1,1,1,1,1,1,1,1,1,1,1,1,1,1,1,1,1,1
147.77392018140588,148.04094965986394,68,78,1,1,1,1,1,1,1,1,1,1,1,1,1,1,1,1,1,1,1,1,1,1,1
147.77392018140588,148.07577959183672,59,54,1,1,1,1,1,1,1,1,1,1,1,1,1,1,1,1,1,1,1,1,1,1,1,1,1,1
147.7390902494331,148.07577959183672,47,74,1,1,1,1,1,1,1,1,1,1,1,1,1,1,1,1,1,1,1,1,1,1,1,1,1,1,1,1,1
147.47206077097505,147.9945097505669,52,52,1,1,1,1,1,1,1,1,1,1,1,1,1,1,1,1,1,1,1,1,1,1,1,1,1,1,1,1,1,1,1,1,1,1,1,1,1,1,1,1,1,1,1,1,1
147.44884081632654,147.71587029478457,64,67,1,1,1,1,1,1,1,1,1,1,1,1,1,1,1,1,1,1,1,1,1,1,1
147.41401088435373,147.85519002267574,76,46,1,1,1,1,1,1,1,1,1,1,1,1,1,1,1,1,1,1,1,1,1,1,1,1,1,1,1,1,1,1,1,1,1,1,1,1,1,1
147.18181133786848,147.7390902494331,47,69,1,1,1,1,1,1,1,1,1,1,1,1,1,1,1,1,1,1,1,1,1,1,1,1,1,1,1,1,1,1,1,1,1,1,1,1,1,1,1,1,1,1,1,1,1,1,1,1
147.14698140589567,147.3559609977324,68,37,1,1,1,1,1,1,1,1,1,1,1,1,1,1,1,0,1,1
147.13537142857143,147.3559609977324,52,58,1,1,1,1,1,1,1,1,1,1,1,1,1,1,1,1,1,1,1
147.12376145124716,147.77392018140588,59,64,1,1,1,1,1,1,1,1,1,1,1,1,1,1,1,1,1,1,1,1,1,1,1,1,1,1,1,1,1,1,1,1,1,1,1,1,1,1,1,1,1,1,1,1,1,1,1,1,1,1,1,1,1,1,1,1
147.00637777777777,147.25147120181404,56,70,1,1,1,1,1,1,1,1,1,1,1,1,1,1,1,1,1,1,1,1,1,1
146.99476780045353,147.12376145124716,59,31,2,2,1,-8,-8,-8,-8,-8,-8,-8,-8,1
146.83222811791384,147.00637777777777,56,92,1,1,1,1,1,1,1,1,1,1,1,1,1,1,1
146.50714875283447,147.13537142857143,52,75,1,1,1,1,1,1,1,1,1,1,1,1,1,1,1,1,1,1,1,1,1,1,1,1,1,1,1,1,1,1,1,1,1,1,1,1,1,1,1,1,1,1,1,1,1,1,1,1,1,1,1,1,1,1,1
146.19367936507936,147.18181133786848,47,79,1,1,1,1,1,1,1,1,1,1,1,1,1,1,1,1,1,1,1,1,1,1,1,1,1,1,1,1,1,1,1,1,1,1,1,1,1,1,1,1,1,1,1,1,1,1,1,1,1,1,1,1,1,1,1,1,1,1,1,1,1,1,1,1,1,1,1,1,1,1,1,1,1,1,1,1,1,1,1,1,1,1,2,1,1,1
145.88020997732426,146.44909886621315,64,62,1,1,1,1,1,1,1,1,1,1,1,1,1,1,1,1,1,1,1,1,1,1,1,1,1,1,1,1,1,1,1,1,1,1,1,1,1,1,1,1,1,1,1,1,1,1,1,1,1
145.5551306122449,151.7122702947846,40,72,1,1,1,1,1,1,1,1,1,1,1,1,1,1,1,1,1,1,1,1,1,1,1,1,1,1,1,1,1,1,1,1,1,1,1,1,1,1,1,1,1,1,1,1,1,1,1,1,1,1,1,1,1,1,1,1,1,1,1,1,1,1,1,1,1,1,1,1,1,1,1,1,1,1,1,1,1,1,1,1,1,1,1,1,1,1,1,1,1,1,1,1,1,1,1,1,1,1,1,1,1,1,1,1,1,1,1,1,1,1,1,1,1,1,1,1,1,1,1,1,1,1,1,1,1,1,1,1,1,1,1,1,1,1,1,1,1,1,1,1,1,1,1,1,1,1,1,1,1,1,1,1,1,1,1,1,1,1,1,1,1,1,1,1,1,1,1,1,1,1,1,1,1,1,1,1,1,1,1,1,1,1,1,1,1,1,1,1,1,1,1,1,1,1,1,1,1,1,1,1,1,1,1,1,1,1,1,1,1,1,1,1,1,1,1,1,1,1,1,1,1,1,1,1,1,1,1,1,1,1,1,1,1,1,1,1,1,1,1,1,1,1,1,1,1,1,1,1,1,1,1,1,1,1,1,1,1,1,1,1,1,1,1,1,1,1,1,1,1,1,1,1,1,1,1,1,1,1,1,1,1,1,1,1,1,1,1,1,1,1,1,1,1,1,1,1,1,1,1,1,1,1,1,1,1,1,1,1,1,1,1,1,1,1,1,1,1,1,1,1,1,1,1,1,1,1,1,1,1,1,1,1,1,1,1,1,1,1,1,1,1,1,1,1,1,1,1,1,1,1,1,1,1,1,1,1,1,1,1,1,1,1,1,1,1,1,1,1,1,1,1,1,1,1,1,1,1,1,1,1,1,1,1,1,1,1,1,1,1,1,1,1,1,1,1,1,1,1,1,1,1,1,1,1,1,1,1,1,1,1,1,1,1,1,1,1,1,1,1,1,1,1,1,1,1,1,1,1,1,1,1,1,1,1,1,1,1,1,1,1,1,1,1,1,1,1,1,1,1,1,1,1,1,1,1,1,1,1,1,1,1,1,1,1,1,1,1,1,1,1,1,1,1,1,1,1,1,1,1,1,1,1,1,1,1,1,1,1,1,1,1,1,1,1,1,1,1,1,1,1,1,1,1,1,1,1,1,1,1,1,1,1,1,1,1,1,1,1,1,1,1,1,1,1,1,1,1,1,1,1,1,1,1
145.52030068027213,145.6828403628118,52,46,1,1,1,1,1,1,1,1,1,1,1,1,1,1
145.26488117913834,145.56674058956918,64,71,-2,1,1,1,1,1,1,1,1,1,1,1,1,1,1,1,1,1,1,1,1,1,-2,-2,-2,1
144.96173786848072,145.26488117913834,63,88,1,1,1,1,1,1,1,1,1,1,1,1,1,1,1,1,1,1,1,1,1,1,1,1,1,1,1
144.64826848072562,144.83402811791382,64,50,1,1,1,1,1,1,1,1,1,1,1,1,1,1,1,1
143.0809215419501,143.38278095238095,59,44,2,1,1,1,1,1,1,1,1,1,1,1,1,1,1,1,1,1,1,1,1,1,1,1,1,1
143.0809215419501,143.41761088435373,47,61,2,1,1,1,1,1,1,1,1,1,1,1,1,1,1,1,1,1,1,1,1,1,1,1,1,1,1,1,1
141.82576009070294,142.2785492063492,61,50,1,1,1,1,1,1,1,1,1,1,1,1,1,1,1,1,1,1,1,1,1,1,1,1,1,1,1,1,1,1,1,1,1,1,1,1,1,1,1
140.58220861678006,141.14077142857144,61,72,1,1,1,1,1,1,1,1,1,1,1,1,1,1,1,1,1,1,1,1,1,1,1,1,1,1,1,1,1,1,1,1,1,1,1,1,1,1,1,1,1,1,1,1,1,1,1,1,1
140.58220861678006,141.0478916099773,57,68,1,1,1,1,1,1,1,1,1,1,1,1,1,1,1,1,1,1,1,1,1,1,1,1,1,1,1,1,1,1,1,1,1,1,1,1,1,1,1,1,1
140.26873922902496,140.76796825396826,71,68,1,1,1,1,1,1,1,1,1,1,1,1,1,1,1,1,1,1,1,1,1,1,1,1,1,1,1,1,1,1,1,1,1,1,1,1,1,1,1,1,1,1,1
140.26873922902496,140.4777188208617,66,44,1,1,1,1,1,1,1,1,1,1,1,1,1,1,1,1,1,1
140.26873922902496,140.87245804988663,47,54,1,1,1,1,1,1,1,1,1,1,1,1,1,1,1,1,1,1,1,1,1,1,1,1,1,1,1,1,1,1,1,1,1,1,1,1,1,1,1,1,1,1,1,1,1,1,1,1,1,1,1,1
140.2571292517007,140.5009387755102,83,47,1,1,1,1,1,1,1,1,1,1,1,1,1,1,1,1,1,1,1,1,1
140.2571292517007,140.43127891156465,76,49,1,1,1,1,1,1,1,1,1,1,1,1,1,1,1
139.95526984126985,140.53576870748302,68,70,1,1,1,1,1,1,1,1,1,1,1,1,1,1,1,1,1,1,1,1,1,1,1,1,1,1,1,1,1,1,1,1,1,1,1,1,1,1,1,1,1,1,1,1,1,1,1,1,1,1
139.95526984126985,140.45449886621316,64,44,1,1,1,1,1,1,1,1,1,1,1,1,1,1,1,1,1,1,1,1,1,1,1,1,1,1,1,1,1,1,1,1,1,1,1,1,1,1,1,1,1,1,1
139.64180045351475,140.26873922902496,66,67,1,1,1,1,1,1,1,1,1,1,1,1,1,1,1,1,1,1,1,1,1,1,1,1,1,1,1,1,1,1,1,1,1,1,1,1,1,1,1,1,1,1,1,1,1,1,1,1,1,1,1,1,1,1
139.31672108843537,139.74629024943312,76,63,1,1,1,1,1,1,1,1,1,1,1,1,1,1,1,1,1,1,1,1,1,1,1,1,1,1,1,1,1,1,1,1,1,1,1,1,1
139.31672108843537,139.95526984126985,64,55,1,1,1,1,1,1,1,1,1,1,1,1,1,1,1,1,1,1,1,1,1,1,1,1,1,1,1,1,1,1,1,1,1,1,1,1,7,7,7,7,7,7,7,7,7,1,1,1,1,1,1,1,7,7,1
139.31672108843537,140.26873922902496,47,71,1,1,1,1,1,1,1,1,1,1,1,1,1,1,1,1,1,1,1,1,1,1,1,1,1,1,1,1,1,1,1,1,1,1,1,1,1,1,1,1,1,1,1,1,1,1,1,1,1,1,1,1,1,1,1,1,1,1,1,1,1,1,1,1,1,1,1,1,1,1,1,1,1,1,1,1,1,1,1,1,1,1
139.06001768707483,139.2818911564626,47,54,1,1,1,1,1,1,1,1,1,1,1,1,1,1,1,1,1,1,1,1
139.01357777777778,139.31672108843537,64,81,1,1,1,1,1,1,1,1,1,1,1,1,1,1,1,1,1,1,1,1,1,1,1,1,1,1,1
139.01357777777778,140.53576870748302,40,66,1,1,1,1,1,1,1,1,1,1,1,1,1,1,1,1,1,1,1,1,1,1,1,1,1,1,1,1,1,1,1,1,1,1,1,1,1,1,1,1,1,1,1,1,1,1,1,1,1,1,1,1,1,1,1,1,1,1,1,1,1,1,1,1,1,1,1,1,1,1,1,1,1,1,1,1,1,1,1,1,1,1,1,1,1,1,1,1,1,1,1,1,1,1,1,1,1,1,1,1,1,1,1,1,1,1,1,1,1,1,1,1,1,1,1,1,1,1,1,1,1,1,1,1,1,1,1,1,1,1,1,1
138.96713786848073,139.10774149659866,52,40,1,1,1,1,1,1,1,1,1,1,1,1,1
137.33013106575964,138.9439179138322,47,70,1,1,1,1,1,1,1,1,1,1,1,1,1,1,1,1,1,1,1,1,1,1,1,1,1,1,1,1,1,1,1,1,1,1,1,1,1,1,1,1,1,1,1,1,1,1,1,1,1,1,1,1,1,1,1,1,1,1,1,1,1,1,1,1,1,1,1,1,1,1,1,1,1,1,1,1,1,1,1,1,1,1,1,1,1,1,1,1,1,1,1,1,1,1,1,1,1,1,1,1,1,1,1,1,1,1,1,1,1,1,1,1,1,1,1,1,1,1,1,1,1,1,1,1,2,1,1,1,1,1,2,2,2,1,1,1,1,1,1
137.29530113378684,137.8990199546485,52,61,1,1,1,1,1,1,1,1,1,1,1,1,1,1,1,1,1,1,1,1,1,1,1,1,1,1,1,1,1,1,1,1,1,1,1,1,1,1,1,1,1,1,1,1,1,1,1,1,1,1,1,1
137.10954149659864,137.33013106575964,47,78,1,1,1,1,1,1,1,1,1,1,1,1,1,1,1,1,1,1,1
137.09793151927437,137.29530113378684,52,49,1,1,1,1,1,1,1,1,1,1,1,1,1,1,1,1,1
137.0863215419501,139.01357777777778,40,78,1,1,1,1,1,1,1,1,1,1,1,1,1,1,1,1,1,1,1,1,1,1,1,1,1,1,1,1,1,1,1,1,1,1,1,1,1,1,1,1,1,1,1,1,1,1,1,1,1,1,1,1,1,1,1,1,1,1,1,1,1,1,1,1,1,1,1,1,1,1,1,1,1,1,1,1,1,1,1,1,1,1,1,1,1,1,1,1,1,1,1,1,1,1,1,1,1,1,1,1,1,1,1,1,1,1,1,1,1,1,1,1,1,1,1,1,1,1,1,1,1,1,1,1,1,1,1,1,1,1,1,1,1,1,1,1,1,1,1,1,1,1,1,1,1,1,1,1,1,1,1,1,1,1,1,1,1,1,1,1,1,1,1,1,1,1
136.91088798185942,137.10954149659864,47,77,1,1,1,1,1,1,1,1,1,1,1,1,1,1,1,1,1,1
136.87605804988664,137.0863215419501,56,62,1,1,1,1,1,1,1,1,1,1,1,1,1,1,1,1,1,1,1
136.8528380952381,137.0385977324263,52,57,1,1,1,1,1,1,1,1,1,1,1,1,1,1,1,1
136.84122811791383,137.0863215419501,40,92,1,1,1,1,1,1,1,1,1,1,1,1,1,1,1,1,1,1,1,1,1,1
136.51614875283448,136.87605804988664,57,74,1,1,1,1,1,1,1,1,1,1,1,1,1,1,1,1,1,1,1,1,1,1,1,1,1,1,1,1,1,1,1
136.20267936507938,136.8528380952381,52,73,1,1,1,1,1,1,1,1,1,1,1,1,1,1,1,1,1,1,1,1,1,1,1,1,1,1,1,1,1,1,1,1,1,1,1,1,1,1,1,1,1,1,1,1,1,1,1,1,1,1,1,1,1,1,1,1
135.99369977324264,136.91088798185942,47,75,1,1,1,1,1,1,1,1,1,1,1,1,1,1,1,1,1,1,1,1,1,1,1,1,1,1,1,1,1,1,1,1,1,1,1,1,1,1,1,1,1,1,1,1,1,1,1,1,1,1,1,1,1,1,1,1,1,1,1,1,1,1,1,1,1,1,1,1,1,1,1,1,1,1,1,1,1,1,1
135.80794013605444,135.99369977324264,47,72,1,1,1,1,1,1,1,1,1,1,1,1,1,1,1,1
135.57574058956916,135.8543800453515,64,55,1,1,1,1,1,1,1,1,1,1,1,1,1,1,1,1,1,1,1,1,1,1,1,1
135.57574058956916,136.84122811791383,40,78,1,1,1,1,1,1,1,1,1,1,1,1,1,1,1,1,1,1,1,1,1,1,1,1,1,1,1,1,1,1,1,1,1,1,1,1,1,1,1,1,1,1,1,1,1,1,1,1,1,1,1,1,1,1,1,1,1,1,1,1,1,1,1,1,1,1,1,1,1,1,1,1,1,1,1,1,1,1,1,1,1,1,1,1,1,1,1,1,1,1,1,1,1,1,1,1,1,1,1,1,1,1,1,1,1,1,1,1,1
135.2506612244898,135.57574058956916,64,58,-2,1,1,1,1,1,1,1,1,1,1,1,1,1,1,1,1,1,1,1,1,1,1,1,1,1,1,1
134.95912789115644,135.08812154195013,75,35,1,1,1,1,1,1,1,1,1,1,1,1
134.9475179138322,135.2506612244898,63,82,1,1,1,1,1,1,1,1,1,1,1,1,1,1,1,1,1,1,1,1,1,1,1,1,1,1,1
134.9475179138322,135.44803083900229,47,57,1,1,1,1,1,1,1,1,1,1,1,1,1,1,1,1,1,1,1,1,1,1,1,1,1,1,1,1,1,1,1,1,1,1,1,1,1,1,1,1,1,1,1,1
134.64565850340134,134.80819818594102,76,42,1,1,1,1,1,1,1,1,1,1,1,1,1,1
134.6340485260771,134.88946802721088,64,67,1,1,1,1,1,1,1,1,1,1,1,1,1,1,1,1,1,1,1,1,1,1
134.320579138322,134.5643886621315,66,63,1,1,1,1,1,1,1,1,1,1,1,1,1,1,1,1,1,1,1,1,1
134.320579138322,134.57599863945578,54,56,1,1,1,1,1,1,1,1,1,1,1,1,1,1,1,1,1,1,1,1,1,1
134.00710975056688,134.6340485260771,63,75,1,1,1,1,1,1,1,1,1,1,1,1,1,1,1,1,1,1,1,1,1,1,1,1,1,1,1,1,1,1,1,1,1,1,1,1,1,1,1,1,1,1,1,1,1,1,1,1,1,1,1,1,1,1
133.70525034013605,134.19286938775508,59,69,1,1,1,1,1,1,1,1,1,1,1,1,1,1,1,1,1,1,1,1,1,1,1,1,1,1,1,1,1,1,1,1,1,1,1,1,1,1,1,1,1,1
133.70525034013605,134.9475179138322,47,76,1,1,1,1,1,1,1,1,1,1,1,1,1,1,1,1,1,1,1,1,1,1,1,1,1,1,1,1,1,1,1,1,1,1,1,1,1,1,1,1,1,1,1,1,1,1,1,1,1,1,1,1,1,1,1,1,1,1,1,1,1,1,1,1,1,1,1,1,1,1,1,1,1,1,1,1,1,1,1,1,1,1,1,1,1,1,1,1,1,1,1,1,1,1,1,1,1,1,1,1,1,1,1,1,1,1,1
133.60076054421768,134.320579138322,54,77,1,1,1,1,1,1,1,1,1,1,1,1,1,1,1,1,1,1,1,1,1,1,1,1,1,1,1,1,1,1,1,1,1,1,1,1,1,1,1,1,1,1,1,1,1,1,1,1,1,1,1,1,1,1,1,1,1,1,1,1,1,1
133.38017097505667,133.60076054421768,54,94,1,1,1,1,1,1,1,1,1,1,1,1,1,1,1,1,1,1,1
133.08863764172335,133.2756811791383,66,54,1,1,1,1,1,1,1,1,1,1,1,1,1,1,1,1,1
133.08863764172335,133.70525034013605,47,75,1,1,1,1,1,1,1,1,1,1,1,1,1,1,1,1,1,1,1,1,1,1,1,1,1,1,1,1,1,1,1,1,1,1,1,1,1,1,1,1,1,1,1,1,1,1,1,1,1,1,1,1,1,1
132.78677823129252,133.38017097505667,54,80,1,1,1,1,1,1,1,1,1,1,1,1,1,1,1,1,1,1,1,1,1,1,1,1,1,1,1,1,1,1,1,1,1,1,1,1,1,1,1,1,1,1,1,1,1,1,1,1,1,1,1,1
132.76355827664398,133.06541768707484,64,58,1,1,1,1,1,1,1,1,1,1,1,1,1,1,1,1,1,1,1,1,1,1,1,1,1,1
132.51974875283446,132.71711836734693,61,59,1,1,1,1,1,1,1,1,1,1,1,1,1,1,1,1,1
132.5081387755102,132.8564380952381,49,48,1,1,1,1,1,1,1,1,1,1,1,1,1,1,1,1,1,1,1,1,1,1,1,1,1,1,1,1,1,1
132.46169886621314,132.78677823129252,54,84,1,1,1,1,1,1,1,1,1,1,1,1,1,1,1,1,1,1,1,1,1,1,1,1,1,1,1,1
132.4500888888889,132.58940861678005,66,35,1,1,1,1,1,1,1,1,1,1,1,1
132.4500888888889,132.9725378684807,57,49,1,1,1,1,1,1,1,1,1,1,1,1,1,1,1,1,1,1,1,1,1,1,1,1,1,1,1,1,1,1,1,1,1,1,1,1,1,1,1,1,1,1,1,1,1
132.1366195011338,132.27593922902494,66,50,1,1,1,1,1,1,1,1,1,1,1,1
132.1366195011338,132.36881904761904,64,59,0,1,1,1,1,1,1,1,1,1,1,1,1,1,1,1,1,1,1,1
132.1366195011338,132.46169886621314,54,80,1,1,1,1,1,1,1,1,1,1,1,1,1,1,1,1,1,1,1,1,1,1,1,1,1,1,1,1
132.1366195011338,132.8564380952381,42,53,1,1,1,1,1,1,1,1,1,1,1,1,1,1,1,1,1,1,1,1,1,1,1,1,1,1,1,1,1,1,1,1,1,1,1,1,1,1,1,1,1,1,1,1,1,1,1,1,1,1,1,1,1,1,1,1,1,1,1,1,1,1
131.8231501133787,131.9740798185941,73,38,1,1,1,1,1,1,1,1,1,1,1,1,1
131.8231501133787,132.51974875283446,61,50,1,1,1,1,1,1,1,1,1,1,1,1,1,1,1,1,1,1,1,1,1,1,1,1,1,1,1,1,1,1,1,1,1,1,1,1,1,1,1,1,1,1,1,1,1,1,1,1,1,1,1,1,1,1,1,1,1,1,1,1
131.8231501133787,132.1366195011338,54,64,1,1,1,1,1,1,1,1,1,1,1,1,1,1,1,1,1,1,1,1,1,1,1,1,1,1,1
131.8231501133787,132.322379138322,49,79,1,1,1,1,1,1,1,1,1,1,1,1,1,1,1,1,1,1,1,1,1,1,1,1,1,1,1,1,1,1,1,1,1,1,1,1,1,1,1,1,1,1,1
131.50968072562358,131.9740798185941,57,58,1,1,1,1,1,1,1,1,1,1,1,1,1,1,1,1,1,1,1,1,1,1,1,1,1,1,1,1,1,1,1,1,1,1,1,1,1,1,1,1
131.50968072562358,131.92763990929706,45,41,1,1,1,1,1,1,1,1,1,1,1,1,1,1,1,1,1,1,1,1,1,1,1,1,1,1,1,1,1,1,1,1,1,1,1,1
131.19621133786848,131.8231501133787,49,70,1,1,1,1,1,1,1,1,1,1,1,1,1,1,1,1,1,1,1,1,1,1,1,1,1,1,1,1,1,1,1,1,1,1,1,1,1,1,1,1,1,1,1,1,1,1,1,1,1,1,1,1,1,1
131.1846013605442,131.8231501133787,54,81,1,1,1,1,1,1,1,1,1,1,1,1,1,1,1,1,1,1,1,1,1,1,1,1,1,1,1,1,1,1,1,1,1,1,1,1,1,1,1,1,1,1,1,1,1,1,1,1,1,1,1,1,1,1,1
131.1846013605442,132.1366195011338,42,72,1,1,1,1,1,1,1,1,1,1,1,1,1,1,1,1,1,1,1,1,1,1,1,1,1,1,1,1,1,1,1,1,1,1,1,1,1,1,1,1,1,1,1,1,1,1,1,1,1,1,1,1,1,1,1,1,1,1,1,1,1,1,1,1,1,1,1,1,1,1,1,1,1,1,1,1,1,1,1,1,1,1
130.8930680272109,131.19621133786848,49,93,1,1,1,1,1,1,1,1,1,1,1,1,1,1,1,1,1,1,1,1,1,1,1,1,1,1,1
130.71891836734696,130.8930680272109,49,82,1,1,1,1,1,1,1,1,1,1,1,1,1,1,1
130.7073083900227,131.1613814058957,52,56,1,1,1,1,1,1,1,1,1,1,1,1,1,1,1,1,1,1,1,1,1,1,1,1,1,1,1,1,1,1,1,1,1,1,1,1,1,1,1,1
130.7073083900227,131.1846013605442,42,76,1,1,1,1,1,1,1,1,1,1,1,1,1,1,1,1,1,1,1,1,1,1,1,1,1,1,1,1,1,1,1,1,1,1,1,1,1,1,1,1,1,1
130.69569841269842,130.96272789115648,61,56,1,1,1,1,1,1,1,1,1,1,1,1,1,1,1,1,1,1,1,1,1,1,1
130.56798866213154,130.71891836734696,49,71,1,1,1,1,1,1,1,1,1,1,1,1,1
130.544768707483,130.68408843537415,52,57,1,1,1,1,1,1,1,1,1,1,1,1
130.5215487528345,130.7073083900227,42,61,1,1,1,1,1,1,1,1,1,1,1,1,1,1,1,1
130.39383900226758,130.56798866213154,59,85,1,1,1,1,1,1,1,1,1,1,1,1,1,1,-2
130.39383900226758,130.544768707483,52,30,1,1,1,1,1,1,1,1,1,1,1,1,1
130.0687596371882,130.49832879818595,56,80,1,1,1,1,1,1,1,1,1,1,1,1,1,1,1,1,1,1,1,1,1,1,1,1,1,1,1,1,1,1,1,1,1,1,1,1,1
129.83656009070296,130.39383900226758,59,77,1,1,1,1,1,1,1,1,1,1,1,1,1,1,1,1,1,1,1,1,1,1,1,1,1,1,1,1,1,1,1,1,1,1,1,1,1,1,1,1,1,1,1,1,1,1,1,1
129.45343083900227,129.83656009070296,68,46,1,1,1,1,1,1,1,1,1,1,1,1,1,1,1,1,1,1,1,1,0,0,0,0,0,0,1,1,1,1,1,1,1
129.45343083900227,129.6391904761905,64,42,1,1,1,1,1,1,1,1,1,1,1,1,1,1,1,1
129.45343083900227,129.83656009070296,59,83,1,1,1,1,1,1,1,1,1,1,1,1,1,1,1,1,1,1,1,1,1,1,1,1,1,1,1,1,1,1,1,1,1
129.45343083900227,130.20807936507939,52,59,1,1,1,1,1,1,1,1,1,1,1,1,1,1,1,1,1,1,1,1,1,1,1,1,1,1,1,1,1,1,1,1,1,1,1,1,1,1,1,1,1,1,1,1,1,1,1,1,1,1,1,1,1,1,1,1,1,1,1,1,1,1,1,1,1
129.31411111111112,129.45343083900227,59,83,1,1,1,1,1,1,1,1,1,1,1,1
129.27928117913834,129.45343083900227,52,73,1,1,1,1,1,1,1,1,1,1,1,1,1,1,1
129.1399614512472,129.31411111111112,59,87,1,1,1,1,1,1,1,1,1,1,1,1,1,1,1
129.1399614512472,129.44182086167802,56,76,1,1,1,1,1,1,1,1,1,1,1,1,1,1,1,1,1,1,1,1,1,1,1,1,1,1
128.8252081632653,129.27928117913834,52,71,1,1,1,1,1,1,1,1,1,1,1,1,1,1,1,1,1,1,1,1,1,1,1,1,1,1,1,1,1,1,1,1,1,1,1,1,1,1,1,1
128.6626684807256,128.987747845805,44,64,1,1,1,1,1,1,1,1,1,1,1,1,1,1,1,1,1,1,1,1,1,1,1,1,1,1,1,1
128.53495873015873,128.8252081632653,52,51,1,1,1,1,1,1,1,1,1,1,1,1,1,1,1,1,1,1,1,1,1,1,1,1,1
128.52334875283447,128.80198820861676,64,62,1,1,1,1,1,1,1,1,1,1,1,1,1,1,1,1,1,1,1,1,1,1,1,1
128.52334875283447,129.1399614512472,56,56,1,1,1,1,1,1,1,1,1,1,1,1,1,1,1,1,1,1,1,1,1,1,1,1,1,1,1,1,1,1,1,1,1,1,1,1,1,1,1,1,1,1,1,1,1,1,1,1,1,1,1,1,1,1
128.52334875283447,128.6626684807256,44,83,1,1,1,1,1,1,1,1,1,1,1,1
128.20987936507936,128.8252081632653,66,70,1,1,1,1,1,1,1,1,1,1,1,1,1,1,1,1,1,1,1,1,1,1,1,1,1,1,1,1,1,1,1,1,1,1,1,1,1,-5,-5,-5,1,1,1,1,1,1,1,1,1,1,1,1,1
128.20987936507936,128.52334875283447,63,58,1,1,1,1,1,1,1,1,1,1,1,1,1,1,1,1,1,1,1,1,1,1,1,1,1,1,1
127.88479999999998,128.08216961451245,76,53,1,1,1,1,1,1,1,1,1,1,1,1,1,1,1,1,1
127.88479999999998,128.17504943310658,64,52,-2,-2,-2,-2,-2,-2,-2,-2,1,1,1,1,1,1,1,1,1,1,1,-2,-2,-2,-2,-2,-2
127.58294058956915,127.82675011337867,75,36,1,1,1,1,1,1,1,1,1,1,1,1,1,1,1,1,1,1,1,1,1
127.58294058956915,127.88479999999998,63,78,1,1,1,1,1,1,1,1,1,1,1,1,1,1,1,1,1,1,1,1,1,1,1,1,1,1
127.25786122448979,127.68743038548752,61,78,1,1,1,1,1,1,1,1,1,1,1,1,1,1,1,1,1,1,1,1,1,1,1,1,1,1,1,1,1,1,1,1,1,1,1,1,1
126.9547179138322,127.25786122448979,61,90,1,1,1,1,1,1,1,1,1,1,1,1,1,1,1,1,1,1,1,1,1,1,1,1,1,1,1
126.9547179138322,127.21142131519274,45,56,1,1,1,1,1,1,1,1,1,1,1,1,1,1,1,1,1,1,1,1,1,1,1
126.6412485260771,127.16498140589569,57,61,1,1,1,1,1,1,1,1,1,1,1,1,1,1,1,1,1,1,1,1,1,1,1,1,1,1,1,1,1,1,1,1,1,1,1,1,1,1,1,1,1,1,1,1,1,1
126.327779138322,127.50167074829932,52,63,1,1,1,1,1,1,1,1,1,1,1,1,1,1,1,1,1,1,1,1,1,1,1,1,1,1,1,1,1,1,1,1,1,1,1,1,1,1,1,1,1,1,1,1,1,1,1,1,1,1,1,1,1,1,1,1,1,1,1,1,1,1,1,1,1,1,1,1,1,1,1,1,1,1,1,1,1,1,1,1,1,1,1,1,1,1,1,1,1,1,1,1,1,1,1,1,1,1,1,1,1,1
126.327779138322,126.59480861678006,40,54,1,1,1,1,1,1,1,1,1,1,1,1,1,1,1,1,1,1,1,1,1,1,1
126.0143097505669,126.9547179138322,45,77,1,1,1,1,1,1,1,1,1,1,1,1,1,1,1,1,1,1,1,1,1,1,1,1,1,1,1,1,1,1,1,1,1,1,1,1,1,1,1,1,1,1,1,1,1,1,1,1,1,1,1,1,1,1,1,1,1,1,1,1,1,1,1,1,1,1,1,1,1,1,1,1,1,1,1,1,1,1,1,1,1
125.7008403628118,126.59480861678006,61,66,1,1,1,1,1,1,1,1,1,1,1,1,1,1,1,1,1,1,1,1,1,1,1,1,1,1,1,1,1,1,1,1,1,1,1,1,1,1,1,1,1,1,1,1,1,1,1,1,1,1,1,1,1,1,1,1,1,1,1,1,1,1,1,1,1,1,1,1,1,1,1,1,1,1,1,1,1
125.3873709750567,126.31616916099773,59,66,1,1,1,1,1,1,1,1,1,1,1,1,1,1,1,1,1,1,1,1,1,1,1,1,1,1,1,1,1,1,1,1,1,1,1,1,1,1,1,1,1,1,1,1,1,1,1,1,1,1,1,1,1,1,1,1,1,1,1,1,1,1,1,1,1,1,1,1,1,1,1,1,1,1,1,1,1,1,1,1
125.3873709750567,126.2348993197279,47,64,1,1,1,1,1,1,1,1,1,1,1,1,1,1,1,1,1,1,1,1,1,1,1,1,1,1,1,1,1,1,1,1,1,1,1,1,1,1,1,1,1,1,1,1,1,1,1,1,1,1,1,1,1,1,1,1,-5,-5,-5,-5,-5,-5,-5,-5,-5,-5,-5,-5,-5,-5,-5,-5,-5
125.0842276643991,125.66601043083901,56,81,1,1,1,1,1,1,1,1,1,1,1,1,1,1,1,1,1,1,1,1,1,1,1,1,1,1,1,1,1,1,1,1,1,1,1,1,1,1,1,1,1,1,1,1,1,1,1,1,1,1,1
124.13220952380952,124.4224589569161,68,60,1,1,1,1,1,1,1,1,1,1,1,1,1,1,1,1,1,1,1,1,1,1,1,1,1
123.83035011337869,124.4224589569161,56,72,1,1,1,1,1,1,1,1,1,1,1,1,1,1,1,1,1,1,1,1,1,1,1,1,1,1,1,1,1,1,1,1,1,1,1,1,1,1,1,1,1,1,1,1,1,1,1,1,1,1,1
123.51688072562358,123.90000997732426,63,71,1,1,1,1,1,1,1,1,1,1,1,1,1,1,1,1,1,1,1,1,1,1,1,1,1,1,1,1,1,1,1,1,1
123.51688072562358,125.3873709750567,47,73,1,1,1,1,1,1,1,1,1,1,1,1,1,1,1,1,1,1,1,1,1,1,1,1,1,1,1,1,1,1,1,1,1,1,1,1,1,1,1,1,1,1,1,1,1,1,1,1,1,1,1,1,1,1,1,1,1,1,1,1,1,1,1,1,1,1,1,1,1,1,1,1,1,1,1,1,1,1,1,1,1,1,1,1,1,1,1,1,1,1,1,1,1,1,1,1,1,1,1,1,1,1,1,1,1,1,1,1,1,1,1,1,1,1,1,1,1,1,1,1,1,1,1,1,1,1,1,1,1,1,1,1,1,1,1,1,1,1,1,1,1,1,1,1,1,1,1,1,1,1,1,1,1,1,1,1,1,1,1,1,1,1
123.20341133786849,123.51688072562358,64,74,1,1,1,1,1,1,1,1,1,1,1,1,1,1,1,1,1,1,1,1,1,1,1,1,1,1,-2
123.20341133786849,123.40078095238096,56,55,1,1,1,1,1,1,1,1,1,1,1,1,1,1,1,1,1
123.19180136054422,123.38917097505669,76,41,1,1,1,1,1,1,1,1,1,1,1,1,1,1,1,1,1
122.96992789115646,123.20341133786849,56,74,1,1,1,1,1,1,1,1,1,1,1,1,1,1,1,1,1,1,1,1,1
122.91187800453514,123.20341133786849,66,63,1,1,1,1,1,1,1,1,1,1,1,1,1,1,1,1,1,1,1,1,1,1,1,1,1,-5
122.90026802721088,123.51688072562358,68,44,1,1,1,1,1,1,1,1,-5,-5,-5,-5,-5,-5,1,1,1,1,1,1,-5,-5,-5,1,1,1,1,1,1,1,1,1,1,1,1,1,1,1,1,1,1,1,1,1,1,1,1,1,1,1,1,1,1,1
122.58679863945578,122.91187800453514,66,82,1,1,1,1,1,1,1,1,1,1,1,1,1,1,1,1,1,1,1,1,1,1,1,1,1,1,1,1
122.41264897959184,122.67967845804989,64,69,1,1,1,1,1,1,1,1,1,1,1,1,1,1,1,1,1,1,1,1,1,1,1
122.28493922902494,122.66806848072562,52,42,1,1,1,1,1,1,1,1,1,1,1,1,1,1,1,1,1,1,1,1,1,1,1,1,1,1,1,1,1,1,1,1,1
122.27332925170067,122.41264897959184,64,92,1,1,1,1,1,1,1,1,1,1,1,1
121.94824988662131,122.27332925170067,64,83,1,1,1,1,1,1,1,1,1,1,1,1,1,1,1,1,1,1,1,1,1,1,1,1,1,1,1,1
121.64639047619048,121.78571020408162,76,38,1,1,1,1,1,1,1,1,1,1,1,1
121.64639047619048,121.80893015873016,56,56,1,1,1,1,1,1,1,1,1,1,1,1,1,1
121.6347804988662,121.94824988662131,64,80,1,1,1,1,1,1,1,1,1,1,1,1,1,1,1,1,1,1,1,1,1,1,1,1,1,1,1
121.32131111111111,121.64639047619048,56,86,1,1,1,1,1,1,1,1,1,1,1,1,1,1,1,1,1,1,1,1,1,1,1,1,1,1,1,1
121.09943764172336,121.8902,49,68,1,1,1,1,1,1,1,1,1,1,1,1,1,1,1,1,1,1,1,1,1,1,1,1,1,1,1,1,1,1,1,1,1,1,1,1,1,1,1,1,1,1,1,1,1,1,1,1,1,1,1,1,1,1,1,1,1,1,1,1,1,1,1,1,1,1,1,1,1
121.02977777777777,121.30970113378685,59,47,1,1,1,1,1,1,1,1,1,1,1,1,1,1,1,1,1,1,1,0,0,1,1,1,1
121.01816780045351,121.1807074829932,64,53,1,1,1,1,1,1,1,1,1,1,-2,-2,-2,-2
120.7046984126984,121.01816780045351,64,77,-2,1,1,1,1,1,1,1,1,1,1,-2,-2,1,1,1,1,1,1,1,1,1,1,1,1,1,1
120.3912290249433,120.54215873015873,75,44,1,1,1,1,1,1,1,1,1,1,1,1,1
120.3912290249433,120.7046984126984,63,97,1,1,1,1,1,1,1,1,1,1,1,1,1,1,1,1,1,1,1,1,1,1,1,1,1,1,1
120.08936961451246,120.30995918367347,47,40,-2,1,1,1,1,1,1,1,1,1,1,1,1,1,1,1,1,1,1
120.07775963718821,121.02977777777777,59,85,1,1,1,1,1,1,1,1,1,1,1,1,1,1,1,1,1,1,1,1,1,1,1,1,1,1,1,1,1,1,1,1,1,1,1,1,1,1,1,1,1,1,1,1,1,1,1,1,1,1,1,1,1,1,1,1,1,1,1,1,1,1,1,1,1,1,1,1,1,1,1,1,1,1,1,1,1,1,1,1,1,1
119.19411746031747,120.36800907029478,64,68,1,1,1,1,1,1,1,1,1,1,1,1,1,1,1,1,1,1,1,1,1,1,1,1,1,1,1,1,1,1,1,1,1,1,1,1,1,1,1,1,1,1,1,1,1,1,1,1,1,1,1,1,1,1,1,1,1,1,1,1,1,1,1,1,1,1,1,1,1,1,1,1,1,1,1,1,1,1,1,1,1,1,1,1,1,1,1,1,1,1,1,1,1,1,1,1,1,1,1,1,1,1
118.83420816326532,119.01996780045353,71,50,1,1,1,1,1,1,1,1,1,1,1,1,1,1,1,1
118.83420816326532,119.04318775510205,66,48,1,1,1,1,1,1,1,1,1,1,1,1,1,1,1,1,1,1
118.83420816326532,120.07775963718821,59,92,1,1,1,1,1,1,1,1,1,1,1,1,1,1,1,1,1,1,1,1,1,1,1,1,1,1,1,1,1,1,1,1,1,1,1,1,1,1,1,1,1,1,1,1,1,1,1,1,1,1,1,1,1,1,1,1,1,1,1,1,1,1,1,1,1,1,1,1,1,1,1,1,1,1,1,1,1,1,1,1,1,1,1,1,1,1,1,1,1,1,1,1,1,1,1,1,1,1,1,1,1,1,1,1,1,1,1,1
118.56717868480726,118.82259818594105,51,58,1,1,1,1,1,1,1,1,1,1,1,1,1,1,1,1,1,1,1,1,1,1
118.53234875283448,118.75293832199547,63,46,1,1,1,1,1,1,1,1,1,1,1,1,1,1,1,1,1,1,1
118.53234875283448,118.83420816326532,59,73,1,1,1,1,1,1,1,1,1,1,1,1,1,1,1,1,1,1,1,1,1,1,1,1,1,1
118.52073877551021,118.83420816326532,66,80,1,1,1,1,1,1,1,1,1,1,1,1,1,1,1,1,1,1,1,1,1,1,1,1,1,1,1
118.2072693877551,118.53234875283448,59,87,1,1,1,1,1,1,1,1,1,1,1,1,1,1,1,1,1,1,1,1,1,1,1,1,1,1,1,1
118.03311972789116,118.2420993197279,47,53,1,1,1,1,1,1,1,1,1,1,1,1,1,1,1,1,1,1
117.89380000000001,118.2072693877551,59,71,1,1,1,1,1,1,1,1,1,1,1,1,1,1,1,1,1,1,1,1,1,1,1,1,1,1,1
117.88219002267574,118.05633968253969,66,48,1,1,1,1,1,1,1,1,1,1,1,1,1,1,1
117.58033061224491,117.88219002267574,66,64,1,1,1,1,1,1,1,1,1,1,1,1,1,1,1,1,1,1,1,1,1,1,1,1,1,1
117.2668612244898,117.40618095238096,52,57,0,1,1,1,1,1,1,1,1,1,1,1
117.11464761904762,117.2668612244898,52,40,1,1,1,1,1,1,1,1,1,1,1,0,0,0
116.97532789115647,117.17269750566894,59,53,1,1,1,1,1,1,1,1,1,1,1,1,1,1,1,1,1
116.95210793650794,117.11464761904762,52,37,1,1,1,1,1,1,1,1,1,1,1,1,1,1
116.62702857142858,116.89405804988662,52,60,1,1,1,1,1,1,1,1,1,1,1,1,1,1,1,1,1,1,1,1,1,1,1
116.32516916099773,116.97532789115647,59,70,1,1,1,1,1,1,1,1,1,1,1,1,1,1,1,1,1,1,1,1,1,1,1,1,1,1,1,1,1,1,1,1,1,1,1,1,1,1,1,1,1,1,1,1,1,1,1,1,1,1,1,1,1,1,1,1
116.32516916099773,116.62702857142858,52,80,1,1,1,1,1,1,1,1,1,1,1,1,1,1,1,1,1,1,1,1,1,1,1,1,1,1
116.31355918367348,116.557368707483,40,49,1,1,1,1,1,1,1,1,1,1,1,1,1,1,1,1,1,1,1,1,1
116.0233097505669,116.25550929705216,64,42,1,1,1,1,1,1,1,1,1,1,1,1,1,1,1,1,1,1,1,1
116.0233097505669,116.32516916099773,52,70,1,1,1,1,1,1,1,1,1,1,1,1,1,1,1,1,1,1,1,1,1,1,1,1,1,1
115.82594013605443,115.96525986394558,59,52,1,1,1,1,1,1,1,1,1,1,1,1
115.3963709750567,115.73306031746033,71,61,1,1,1,1,1,1,1,1,1,1,1,1,1,1,1,1,1,1,1,1,1,1,1,1,1,1,1,1,1
115.3963709750567,115.61696054421769,59,59,1,1,1,1,1,1,1,1,1,1,1,1,1,1,1,1,1,1,1
114.90746802721088,115.11644761904762,40,53,1,1,1,1,1,1,1,1,1,2,2,2,1,1,1,1,1,2
114.76814829931973,115.0932276643991,68,69,1,1,1,1,1,1,1,1,1,1,1,1,1,1,1,1,1,1,1,1,1,1,1,1,1,1,1,1
114.60560861678005,114.90746802721088,40,58,1,1,1,1,1,1,1,1,1,1,1,1,1,1,1,1,1,1,1,1,1,1,1,1,1,1
114.45467891156463,114.9306879818594,66,61,1,1,1,1,1,1,1,1,1,1,1,1,1,1,1,1,1,1,1,1,1,1,1,1,1,1,1,1,1,1,1,1,1,1,1,1,1,1,1,1,1
114.40823900226758,114.60560861678005,40,71,1,1,1,1,1,1,1,1,1,1,1,1,1,0,0,0,0
114.31535918367346,114.98873786848073,59,47,1,1,1,1,1,1,1,1,1,1,1,1,1,1,1,1,1,1,1,1,1,1,1,1,1,1,1,1,1,1,1,1,1,1,1,1,1,1,1,1,1,1,1,1,1,1,1,1,1,1,1,1,1,1,1,1,1,1
114.16442947845805,114.40823900226758,40,71,1,1,1,1,1,1,1,1,1,1,1,1,1,1,1,1,1,2,2,2,2
114.14120952380952,114.37340907029478,64,69,1,1,1,1,1,1,1,1,1,1,1,1,1,1,1,1,1,1,1,1
113.82774013605442,114.31535918367346,59,70,1,1,1,1,1,1,1,1,1,1,1,1,1,1,1,1,1,1,1,1,1,1,1,1,1,1,1,1,1,1,1,1,1,1,1,1,1,1,1,1,1,1
113.82774013605442,114.41984897959183,52,67,1,1,1,1,1,1,1,1,1,1,1,1,1,1,1,1,1,1,1,1,1,1,1,1,1,1,1,1,1,1,1,1,1,1,1,1,1,1,1,1,1,1,1,1,1,1,1,1,1,1,1
113.82774013605442,114.16442947845805,40,70,1,1,1,1,1,1,1,1,1,1,1,1,1,1,1,1,1,1,1,1,1,1,1,1,1,1,1,1,1
113.50266077097506,113.82774013605442,52,88,1,1,1,1,1,1,1,1,1,1,1,1,1,1,1,1,1,1,1,1,1,1,1,1,1,1,1,1
113.39817097505669,113.66520045351474,68,65,1,1,1,1,1,1,1,1,1,1,1,1,1,1,1,1,1,1,1,1,1,1,1
112.89765804988662,113.22273741496599,71,80,1,1,1,1,1,1,1,1,1,1,1,1,1,1,1,1,1,1,1,1,1,1,1,1,1,1,1,1
112.88604807256236,113.16468752834467,59,40,1,1,1,1,1,1,1,1,1,1,1,1,1,1,1,1,1,1,1,1,1,1,1,1
112.28232925170067,112.46808888888889,52,66,1,1,1,1,1,1,1,1,1,1,1,1,1,1,1,1
112.27071927437642,112.63062857142857,68,73,1,1,1,1,1,1,1,1,1,1,1,1,1,1,1,1,1,1,1,1,1,1,1,1,1,1,1,1,1,1,1
112.27071927437642,112.44486893424036,64,56,1,1,1,1,1,1,1,1,1,1,1,1,1,1,1
112.02690975056689,112.6538485260771,59,65,1,1,1,1,1,1,1,1,1,1,1,1,1,1,1,1,1,1,1,1,1,1,1,1,1,1,1,1,1,1,1,1,1,1,1,1,1,1,1,1,1,1,1,1,1,1,1,1,1,1,1,1,1,1
111.95724988662131,112.38681904761904,66,79,1,1,1,1,1,1,1,1,1,1,1,1,1,1,1,1,1,1,1,1,1,1,1,1,1,1,1,1,1,1,1,1,1,1,1,1,1
111.85276009070294,112.02690975056689,59,76,1,1,1,1,1,1,1,1,1,1,1,1,1,1,1
111.65539047619048,111.85276009070294,59,83,1,1,1,1,1,1,1,1,1,1,1,1,1,1,1,1,1
111.6437804988662,111.8992,76,52,1,1,1,1,1,1,1,1,1,1,1,1,1,1,1,1,1,1,1,1,1,1
111.6437804988662,111.93402993197279,64,73,1,1,1,1,1,1,1,1,1,1,1,1,1,1,1,1,1,1,1,1,1,1,1,1,1
111.6437804988662,112.28232925170067,52,62,1,1,1,1,1,1,1,1,1,1,1,1,1,1,1,1,1,1,1,1,1,1,1,1,1,1,1,1,1,1,1,1,1,1,1,1,1,1,1,1,1,1,1,1,1,1,1,1,1,1,1,1,1,1,1
111.31870113378685,111.65539047619048,59,93,1,1,1,1,1,1,1,1,1,1,1,1,1,1,1,1,1,1,1,1,1,1,1,1,1,1,1,1,1
111.31870113378685,111.6437804988662,52,81,1,1,1,1,1,1,1,1,1,1,1,1,1,1,1,1,1,1,1,1,1,1,1,1,1,1,1,1
111.31870113378685,111.52768072562358,47,46,1,1,1,1,1,1,1,1,1,1,1,1,1,1,1,1,1,1
111.02716780045351,111.31870113378685,64,42,1,1,1,1,1,1,1,1,1,1,1,1,1,1,1,1,1,1,1,1,1,1,1,1,1,1
111.01555782312924,111.29548117913832,68,66,1,1,1,1,1,1,1,1,1,1,1,1,1,1,1,1,1,1,1,1,1,1,1,1,1
111.01555782312924,111.31870113378685,52,74,1,1,1,1,1,1,1,1,1,1,1,1,1,1,1,1,1,1,1,1,1,1,1,1,1,1,1
110.7136984126984,111.01555782312924,69,87,1,1,1,1,1,1,1,1,1,1,1,1,1,1,1,1,1,1,1,1,1,1,1,1,1,1
110.4002290249433,110.66725850340136,68,75,1,1,1,1,1,1,1,1,1,1,1,1,1,1,1,1,1,1,1,1,1,1,1
110.4002290249433,110.67886848072561,47,67,1,1,1,1,1,1,1,1,1,1,1,1,1,1,1,1,1,1,1,1,1,1,1,1
110.33056916099773,110.57437868480726,59,43,1,1,1,1,1,1,1,1,1,1,1,1,1,1,1,1,1,1,1,1,1
110.08675963718821,110.4002290249433,69,65,1,1,1,1,1,1,1,1,1,1,1,1,1,1,1,1,1,1,1,1,1,1,1,1,1,1,1
110.07514965986394,110.35378911564625,88,44,1,1,1,1,1,1,1,1,1,1,1,1,1,1,1,1,1,1,1,1,1,1,1,1
110.07514965986394,110.22607936507936,59,57,1,1,1,1,1,1,1,1,1,1,1,1,1
109.87778004535147,110.4002290249433,47,74,1,1,1,1,1,1,1,1,1,1,1,1,1,1,1,1,1,1,1,1,1,1,1,1,1,1,1,1,1,1,1,1,1,1,1,1,1,1,1,1,1,1,1,1,1
109.7732902494331,110.07514965986394,83,55,1,1,1,1,1,1,1,1,1,1,1,1,1,1,1,1,1,1,1,1,1,1,1,1,1,1
109.7732902494331,110.07514965986394,59,74,1,1,1,1,1,1,1,1,1,1,1,1,1,1,1,1,1,1,1,1,1,1,1,1,1,1
109.76168027210883,109.92421995464852,75,28,1,1,1,1,1,1,1,1,1,1,1,1,1,1
109.76168027210883,110.07514965986394,71,71,1,1,1,1,1,1,1,1,1,1,1,1,1,1,1,1,1,1,1,1,1,1,1,1,1,1,1
109.76168027210883,110.69047845804988,63,71,1,1,1,1,1,1,1,1,1,1,1,1,1,1,1,1,1,1,1,1,1,1,1,1,1,1,1,1,1,1,1,1,1,1,1,1,1,1,1,1,1,1,1,1,1,1,1,1,1,1,1,1,1,1,1,1,1,1,1,1,1,1,1,1,1,1,1,1,1,1,1,1,1,1,1,1,1,1,1,1
109.44821088435374,109.72685034013605,61,86,1,1,1,1,1,1,1,1,1,1,1,1,1,1,1,1,1,1,1,1,1,1,1,1
109.26116734693878,109.87778004535147,47,70,1,1,1,1,1,1,1,1,1,1,1,1,1,1,1,1,1,1,1,1,1,1,1,1,1,1,1,1,1,1,1,1,1,1,1,1,1,1,1,1,1,1,1,1,1,1,1,1,1,1,1,1,1,1
109.17989750566895,110.19124943310658,54,72,1,1,1,1,1,1,1,1,1,1,1,1,1,1,1,1,1,1,1,1,1,1,1,1,1,1,1,1,1,1,1,1,1,1,1,1,1,1,1,1,1,1,1,1,1,1,1,1,1,1,1,1,1,1,1,1,1,1,1,1,1,1,1,1,1,1,1,1,1,1,1,1,1,1,1,1,1,1,1,1,1,1,1,1,1,1,1,1
109.16828752834468,109.34372108843537,71,45,1,1,1,1,1,1,1,1,1,1,1,1,1,1,1,1
109.15667755102041,109.7732902494331,59,66,1,1,1,1,1,1,1,1,1,1,1,1,1,1,1,1,1,1,1,1,1,1,1,1,1,1,1,1,1,1,1,1,1,1,1,1,1,1,1,1,1,1,1,1,1,1,1,1,1,1,1,1,1,1
109.12184761904763,109.26116734693878,47,73,1,1,1,1,1,1,1,1,1,1,1,1
108.81998820861679,109.17989750566895,54,99,1,1,1,1,1,1,1,1,1,1,1,1,1,1,1,1,1,1,1,1,1,1,1,1,1,1,1,1,1,1,1
108.81998820861679,109.12184761904763,47,58,1,1,1,1,1,1,1,1,1,1,1,1,1,1,1,1,1,1,1,1,1,1,1,1,1,1
108.51812879818594,108.79676825396827,78,58,1,1,1,1,1,1,1,1,1,1,1,1,1,1,1,1,1,1,1,1,1,1,1,1
108.51812879818594,108.81998820861679,66,49,1,1,1,1,1,1,1,1,1,1,1,1,1,1,1,1,1,1,1,1,1,1,1,1,1,1
108.51812879818594,108.86642811791384,59,46,1,1,1,1,1,1,1,1,1,1,1,1,1,1,1,1,1,1,1,1,1,1,1,1,1,1,1,1,1,1
108.51812879818594,108.81998820861679,47,75,1,1,1,1,1,1,1,1,1,1,1,1,1,1,1,1,1,1,1,1,1,1,1,1,1,1
108.20465941043085,108.52973877551021,76,85,1,1,1,1,1,1,1,1,1,1,1,1,1,1,1,1,1,1,1,1,1,1,1,1,1,1,1,1
108.20465941043085,108.343979138322,64,49,1,1,1,1,1,1,1,1,1,1,1,1
108.20465941043085,108.49490884353742,52,68,1,1,1,1,1,1,1,1,1,1,1,1,1,1,1,1,1,1,1,1,1,1,1,1,1
107.89119002267574,108.2162693877551,80,75,1,1,1,1,1,1,1,1,1,1,1,1,1,1,1,1,1,1,1,1,1,1,1,1,1,1,1,1
107.89119002267574,108.20465941043085,52,83,1,1,1,1,1,1,1,1,1,1,1,1,1,1,1,1,1,1,1,1,1,1,1,1,1,1,1
107.87958004535147,108.2510993197279,61,53,1,1,1,1,1,1,1,1,1,1,1,1,1,1,1,1,1,1,1,1,1,1,1,1,1,1,1,1,1,1,1,1
107.60094058956916,108.50651882086169,45,60,1,1,1,1,1,1,1,1,1,1,1,1,1,1,1,1,1,1,1,1,1,1,1,1,1,1,1,1,1,1,1,1,1,1,1,1,1,1,1,1,1,1,1,1,1,1,1,1,1,1,1,1,1,1,1,1,1,1,1,1,1,1,1,1,1,1,1,1,1,1,1,1,1,1,1,1,1,1
107.56611065759638,107.94923990929706,76,57,1,1,1,1,1,1,1,1,1,1,1,1,1,1,1,1,1,1,1,1,1,1,1,1,1,1,1,1,1,1,1,1,1
107.2758612244898,107.8447501133787,64,63,1,1,1,1,1,1,1,1,1,1,1,1,1,1,1,1,1,1,1,1,1,1,1,1,1,1,1,1,1,1,1,1,1,1,1,1,1,1,1,1,1,1,1,1,1,1,1,1,1
107.2758612244898,107.87958004535147,61,73,1,1,1,1,1,1,1,1,1,1,1,1,1,1,1,1,1,1,1,1,1,1,1,1,1,1,1,1,1,1,1,1,1,1,1,1,1,1,1,1,1,1,1,1,1,1,1,1,1,1,1,1
107.27457732426303,107.47323083900227,73,64,1,1,1,1,1,1,1,1,1,1,1,1,1,1,1,1,1,1
107.27457732426303,107.89119002267574,52,64,1,1,1,1,1,1,1,1,1,1,1,1,1,1,1,1,1,1,1,1,1,1,1,1,1,1,1,1,1,1,1,1,1,1,1,1,1,1,1,1,1,1,1,1,1,1,1,1,1,1,1,1,1,1
106.96110793650794,107.27457732426303,73,54,1,1,1,1,1,1,1,1,1,1,1,1,1,1,1,1,1,1,1,1,1,1,1,1,1,1,1
106.96110793650794,107.2758612244898,61,98,1,1,1,1,1,1,1,1,1,1,1,1,1,1,1,1,1,1,1,1,1,1,1,1,1,1,1,1
106.64763854875284,107.21652743764173,57,70,1,1,1,1,1,1,1,1,1,1,1,1,1,1,1,1,1,1,1,1,1,1,1,1,1,1,1,1,1,1,1,1,1,1,1,1,1,1,1,1,1,1,1,1,1,1,1,1,1
106.35738911564626,107.60094058956916,45,69,1,1,1,1,1,1,1,1,1,1,1,1,1,1,1,1,1,1,1,1,1,1,1,1,1,1,1,1,1,1,1,1,1,1,1,1,1,1,1,1,1,1,1,1,1,1,1,1,1,1,1,1,1,1,1,1,1,1,1,1,1,1,1,1,1,1,1,1,1,1,1,1,1,1,1,1,1,1,1,1,1,1,1,1,1,1,1,1,1,1,1,1,1,1,1,1,1,1,1,1,1,1,1,1,1,1,1,1
106.32255918367348,107.05398775510204,52,78,1,1,1,1,1,1,1,1,1,1,1,1,1,1,1,1,1,1,1,1,1,1,1,1,1,1,1,1,1,1,1,1,1,1,1,1,1,1,1,1,1,1,1,1,1,1,1,1,1,1,1,1,1,1,1,1,1,1,1,1,1,1,1
106.10196961451247,106.35738911564626,45,83,1,1,1,1,1,1,1,1,1,1,1,1,1,1,1,1,1,1,1,1,1,1
106.02069977324264,106.21806938775511,73,64,1,1,1,1,1,1,1,1,1,1,1,1,1,1,1,1,1
106.02069977324264,106.18323945578231,57,40,1,1,1,1,1,1,1,1,1,1,1,1,1,1
105.70723038548753,105.97425986394558,68,74,1,1,1,1,1,1,1,1,1,1,1,1,1,1,1,1,1,1,1,1,1,1,1
105.69562040816326,105.97425986394558,83,75,1,1,1,1,1,1,1,1,1,1,1,1,1,1,1,1,1,1,1,1,1,1,1,1
105.38215102040817,105.69562040816326,80,77,1,1,1,1,1,1,1,1,1,1,1,1,1,1,1,1,1,1,1,1,1,1,1,1,1,1,1
105.09061768707483,105.31249115646258,78,62,1,1,1,1,1,1,1,1,1,1,1,1,1,1,1,1,1,1,1,1
104.76553832199546,104.96290793650793,76,44,1,1,1,1,1,1,1,1,1,1,1,1,1,1,1,1,1
104.76553832199546,105.09061768707483,68,71,1,1,1,1,1,1,1,1,1,1,1,1,1,1,1,1,1,1,1,1,1,1,1,1,1,1,1,1
104.76553832199546,105.02095782312925,64,58,1,1,1,1,1,1,1,1,1,1,1,1,1,1,1,1,1,1,1,1,1,1
104.76553832199546,105.05578775510205,61,60,1,1,1,1,1,1,1,1,1,1,1,1,1,1,1,1,1,1,1,1,1,1,1,1,1
104.76553832199546,104.92807800453515,49,53,1,1,1,1,1,1,1,1,1,1,1,1,1,1
104.45206893424036,104.76553832199546,76,60,1,1,1,1,1,1,1,1,1,1,1,1,1,1,1,1,1,1,1,1,1,1,1,1,1,1,1
104.45206893424036,104.76553832199546,64,72,1,1,1,1,1,1,1,1,1,1,1,1,1,1,1,1,1,1,1,1,1,1,1,1,1,1,1
104.45206893424036,104.69587845804989,45,44,-2,1,1,1,1,1,1,1,1,1,1,1,1,1,1,1,1,1,1,1,1
104.13859954648527,104.32435918367347,73,38,1,1,1,1,1,1,1,1,1,1,1,1,1,1,1,1
104.13859954648527,104.76553832199546,61,63,1,1,1,1,1,1,1,1,1,1,1,1,1,1,1,1,1,1,1,1,1,1,1,1,1,1,1,1,1,1,1,1,1,1,1,1,1,1,1,1,1,1,1,1,1,1,1,1,1,1,1,1,1,1
104.126989569161,104.76553832199546,49,70,1,1,1,1,1,1,1,1,1,1,1,1,1,1,1,1,1,1,1,1,1,1,1,1,1,1,1,1,1,1,1,1,1,1,1,1,1,1,1,1,1,1,1,1,1,1,1,1,1,1,1,1,1,1,1
103.88318004535148,104.126989569161,49,82,1,1,1,1,1,1,1,1,1,1,1,1,1,1,1,1,1,1,1,1,1
103.83674013605442,104.23147936507937,56,71,1,1,1,1,1,1,1,1,1,1,1,1,1,1,1,1,1,1,1,1,1,1,1,1,1,1,1,1,1,1,1,1,1,1
103.60454058956915,103.88318004535148,49,84,1,1,1,1,1,1,1,1,1,1,1,1,1,1,1,1,1,1,1,1,1,1,1,1
103.51166077097506,103.84835011337869,76,64,1,1,1,1,1,1,1,1,1,1,1,1,1,1,1,1,1,1,1,1,1,1,1,1,1,1,1,1,1
103.51166077097506,103.70903038548752,64,40,1,1,1,1,1,1,1,1,1,1,1,1,1,1,1,1,1
103.20851746031745,103.43039092970521,78,56,1,1,1,1,1,1,1,1,1,1,1,1,1,1,1,1,1,1,1,1
103.1969074829932,103.82513015873016,59,60,1,1,1,1,1,1,1,1,1,1,1,1,1,1,1,1,1,1,1,1,1,1,1,1,1,1,1,1,1,1,1,1,1,1,1,1,1,1,1,1,1,1,1,1,1,1,1,1,1,1,1,1,1,1,1
102.89504807256236,103.15046757369615,80,66,1,1,1,1,1,1,1,1,1,1,1,1,1,1,1,1,1,1,1,1,1,1
102.58157868480725,102.89504807256236,80,75,1,1,1,1,1,1,1,1,1,1,1,1,1,1,1,1,1,1,1,1,1,1,1,1,1,1,1
102.41903900226757,102.82538820861677,56,60,1,1,1,1,1,1,1,1,1,1,1,1,1,1,1,1,1,1,1,1,1,1,1,1,1,1,1,1,1,1,1,1,1,1,1
102.33776916099772,102.80216825396825,63,78,1,1,1,1,1,1,1,1,1,1,1,1,1,1,1,1,1,1,1,1,1,1,1,1,1,1,1,1,1,1,1,1,1,1,1,1,1,1,1,1
102.26810929705215,102.45386893424036,83,66,1,1,1,1,1,1,1,1,1,1,1,1,1,1,1,1
102.26810929705215,102.43064897959184,75,44,1,1,1,1,1,1,1,1,1,1,1,1,1,1
102.08234965986394,103.1969074829932,59,69,1,1,1,1,1,1,1,1,1,1,1,1,1,1,1,1,1,1,1,1,1,1,1,1,1,1,1,1,1,1,1,1,1,1,1,1,1,1,1,1,1,1,1,1,1,1,1,1,1,1,1,1,1,1,1,1,1,1,1,1,1,1,1,1,1,1,1,1,1,1,1,1,1,1,1,1,1,1,1,1,1,1,1,1,1,1,1,1,1,1,1,1,1,1,1,1
101.95463990929704,102.26810929705215,83,54,1,1,1,1,1,1,1,1,1,1,1,1,1,1,1,1,1,1,1,1,1,1,1,1,1,1,1
101.95463990929704,102.43064897959184,68,50,1,1,1,1,1,1,1,1,1,1,1,1,1,1,1,1,1,1,1,1,1,1,1,1,1,1,1,1,1,1,1,1,1,1,1,1,1,1,1,1,1
101.64117052154195,101.79210022675737,44,46,1,1,1,1,1,1,1,1,1,1,1,1,1
101.62956054421768,102.0010798185941,56,77,1,1,1,1,1,1,1,1,1,1,1,1,1,1,1,1,1,1,1,1,1,1,1,1,1,1,1,1,1,1,1,1
101.49024081632653,101.82693015873015,51,65,1,1,1,1,1,1,1,1,1,1,1,1,1,1,1,1,1,1,1,1,1,1,1,1,1,1,1,1,1
101.31609115646258,101.57151065759636,83,62,1,1,1,1,1,1,1,1,1,1,1,1,1,1,1,1,1,1,1,1,1,1
101.15226757369614,101.62956054421768,56,57,1,1,1,1,1,1,1,1,1,1,1,1,1,1,1,1,1,1,1,1,1,1,1,1,1,1,1,1,1,1,1,1,1,1,1,1,1,1,1,1,1,1
101.12904761904761,101.64117052154195,44,56,1,1,1,1,1,1,1,1,1,1,1,1,1,1,1,1,1,1,1,1,1,1,1,1,4,4,4,1,1,1,1,1,1,1,1,1,1,1,1,1,1,1,1,1,1
101.02455782312924,101.2915873015873,80,65,1,1,1,1,1,1,1,1,1,1,1,1,1,1,1,1,1,1,1,1,1,1,1
100.71108843537414,100.92006802721087,47,57,1,1,1,1,1,1,1,1,1,1,1,1,1,1,1,1,1,1
100.69947845804988,100.9781179138322,83,70,1,1,1,1,1,1,1,1,1,1,1,1,1,1,1,1,1,1,1,1,1,1,1,1
100.69947845804988,100.95489795918367,64,54,1,1,1,1,1,1,1,1,1,1,1,1,1,1,1,1,1,1,1,1,1,1
100.38600907029478,100.5369387755102,87,67,1,1,1,1,1,1,1,1,1,1,1,1,1
100.3163492063492,100.71108843537414,47,58,1,1,1,1,1,1,1,1,1,1,1,1,1,1,1,1,1,1,1,1,1,1,1,1,1,1,1,1,1,1,1,1,1,1
100.08414965986394,100.42083900226757,59,46,1,1,1,1,1,1,1,1,1,1,1,1,1,1,1,1,1,1,1,1,1,1,1,1,1,1,1,1,1
99.77068027210883,100.43244897959183,54,70,1,1,1,1,1,1,1,1,1,1,1,1,1,1,1,1,1,1,1,1,1,1,1,1,1,1,1,1,1,1,1,1,1,1,1,1,1,1,1,1,1,1,1,1,1,1,1,1,1,1,1,1,1,1,1,1,1
99.75907029478458,99.91,76,43,1,1,1,1,1,1,1,1,1,1,1,1,1
99.75907029478458,100.11897959183673,66,72,1,1,1,1,1,1,1,1,1,1,1,1,1,1,1,1,1,1,1,1,1,1,1,1,1,1,1,1,1,1,1
99.73585034013605,100.3163492063492,47,67,1,1,1,1,1,1,1,1,1,1,1,1,1,1,1,1,1,1,1,1,1,1,1,1,1,1,1,1,1,1,1,1,1,1,1,1,1,1,1,1,1,1,1,1,1,1,1,1,1,1
99.45721088435374,99.77068027210883,54,81,1,1,1,1,1,1,1,1,1,1,1,1,1,1,1,1,1,1,1,1,1,1,1,1,1,1,1
99.44560090702947,99.75907029478458,76,47,1,1,1,1,1,1,1,1,1,1,1,1,1,1,1,1,1,1,1,1,1,1,1,1,1,1,1
99.44560090702947,99.92160997732425,64,61,1,1,1,1,1,1,1,1,1,1,1,1,1,1,1,1,1,1,1,1,1,1,1,1,1,1,1,1,1,1,1,1,1,1,1,1,1,1,1,1,1
99.44560090702947,99.73585034013605,47,77,1,1,1,1,1,1,1,1,1,1,1,1,1,1,1,1,1,1,1,1,1,1,1,1,1
99.14245759637188,99.28177732426305,71,43,1,1,1,1,1,1,1,1,1,1,1,1
99.14245759637188,100.08414965986394,59,57,1,1,1,1,1,1,1,1,1,1,1,1,1,1,1,1,1,1,1,1,1,1,1,1,1,1,1,1,1,1,1,1,1,1,1,1,1,1,1,1,1,1,1,1,1,1,1,1,1,1,1,1,1,1,1,1,1,1,1,1,1,1,1,1,1,1,1,1,1,1,1,1,1,1,1,1,1,1,1,1,1,1
99.14245759637188,99.44560090702947,47,84,1,1,1,1,1,1,1,1,1,1,1,1,1,1,1,1,1,1,1,1,1,1,1,1,1,1,1
98.82898820861679,99.45721088435374,54,79,1,1,1,1,1,1,1,1,1,1,1,1,1,1,1,1,1,1,1,1,1,1,1,1,1,1,1,1,1,1,1,1,1,1,1,1,1,1,1,1,1,1,1,1,1,1,1,1,1,1,1,1,1,1,1
98.52712879818594,98.73610839002268,59,53,1,1,1,1,1,1,1,1,1,1,1,1,1,1,1,1,1,1
98.52712879818594,98.67805850340136,40,33,1,1,1,1,1,1,1,1,1,1,1,1,1
98.51551882086169,98.68966848072563,78,58,1,1,1,1,1,1,1,1,1,1,1,1,1,1,1
98.51551882086169,99.14245759637188,47,81,1,1,1,1,1,1,1,1,1,1,1,1,1,1,1,1,1,1,1,1,1,1,1,1,1,1,1,1,1,1,1,1,1,1,1,1,1,1,1,1,1,1,1,1,1,1,1,1,1,1,1,1,1,1
98.2252693877551,98.37619909297052,52,50,1,1,1,1,1,1,1,1,1,1,1,1,1
98.20204943310658,98.50390884353742,80,69,1,1,1,1,1,1,1,1,1,1,1,1,1,1,1,1,1,1,1,1,1,1,1,1,1,1
97.88858004535147,98.15560952380953,83,76,1,1,1,1,1,1,1,1,1,1,1,1,1,1,1,1,1,1,1,1,1,1,1
97.58672063492064,97.79570022675738,64,64,1,1,1,1,1,1,1,1,1,1,1,1,1,1,1,1,1,1
97.57511065759638,97.88858004535147,83,50,1,1,1,1,1,1,1,1,1,1,1,1,1,1,1,1,1,1,1,1,1,1,1,2,1,1,1
97.40096099773243,97.73765034013606,45,52,1,1,1,1,1,1,1,1,1,1,1,1,1,1,1,1,1,1,1,1,1,1,1,1,1,1,1,1,1
97.28357732426304,97.43579092970522,69,40,1,1,1,1,1,1,1,1,1,1,1,1,1,1
97.28357732426304,97.7260403628118,61,56,1,1,1,1,1,1,1,1,1,1,1,1,1,1,1,1,1,1,1,1,1,1,1,1,1,1,1,1,1,1,1,1,1,1,1,1,1,1,1
97.28357732426304,98.10916961451248,52,52,1,1,1,1,1,1,1,1,1,1,1,1,1,1,1,1,1,1,1,1,1,1,1,1,1,1,1,1,1,1,1,1,1,1,1,1,1,1,1,1,1,1,1,1,1,1,1,1,1,1,1,1,1,1,1,1,1,1,1,1,1,1,1,1,1,1,1,1,1,1,1,1
97.27196734693878,97.58672063492064,64,70,1,1,1,1,1,1,1,1,1,1,1,1,1,1,1,1,1,1,1,1,1,1,1,1,1,1,1,1
97.016547845805,97.28357732426304,61,84,1,1,1,1,1,1,1,1,1,1,1,1,1,1,1,1,1,1,1,1,1,1,1
96.9817179138322,97.28357732426304,52,45,1,1,1,1,1,1,1,1,1,1,1,1,1,1,1,1,1,1,1,1,1,1,1,1,1,1
96.97010793650794,97.44740090702949,57,47,1,1,1,1,1,1,1,1,1,1,1,1,1,1,1,1,1,1,1,1,1,1,1,1,1,1,1,1,1,1,1,1,1,1,1,1,1,1,1,1,1,1
96.95849795918367,97.19069750566894,49,48,1,1,1,1,1,1,1,1,1,1,1,1,1,1,1,1,1,1,1,1
96.90044807256236,97.40096099773243,45,68,1,1,1,1,1,1,1,1,1,1,1,1,1,1,1,1,1,1,1,1,1,1,1,1,1,1,1,1,1,1,1,1,1,1,1,1,1,1,1,1,1,1,1,1
96.7611283446712,96.9817179138322,52,76,1,1,1,1,1,1,1,1,1,1,1,1,1,1,1,1,1,1,1
96.63341859410431,96.97010793650794,57,50,1,1,1,1,1,1,1,1,1,1,1,1,1,1,1,1,1,1,1,1,1,1,1,1,1,1,1,1,1
96.63341859410431,96.90044807256236,45,50,1,1,1,1,1,1,1,1,1,1,1,1,1,1,1,1,1,1,1,1,1,1,1
96.59858866213152,96.7611283446712,52,74,1,1,1,1,1,1,1,1,1,1,1,1,1,1
96.37799909297053,96.59858866213152,52,87,1,1,1,1,1,1,1,1,1,1,1,1,1,1,1,1,1,1,1
96.31994920634921,96.63341859410431,57,51,1,1,1,1,1,1,1,1,1,1,1,1,1,1,1,1,1,1,1,1,1,1,1,1,1,1,1
96.15740952380952,96.31994920634921,57,52,1,1,1,1,1,1,1,1,1,1,1,1,1,1
96.01808979591837,96.25028934240363,83,51,1,1,1,1,1,1,1,1,1,1,1,1,1,1,1,1,1,1,1,1
96.01808979591837,96.63341859410431,45,85,0,1,1,1,1,1,1,1,1,1,1,1,1,1,1,1,1,1,1,1,1,1,1,1,1,1,1,1,1,1,1,1,1,1,1,1,1,1,1,1,1,1,1,1,1,1,1,1,1,1,1,1,1
95.70462040816327,96.01808979591837,83,52,1,1,1,1,1,1,1,1,1,1,1,1,1,1,1,1,1,1,1,1,1,1,1,1,1,1,1
91.24253741496598,93.04336780045351,55,57,1,1,1,1,1,1,1,1,1,1,1,1,1,1,1,1,1,1,1,1,1,1,1,1,1,1,1,1,1,1,1,1,1,1,1,1,1,1,1,1,1,1,1,1,1,1,1,1,1,1,1,1,1,1,1,1,1,1,1,1,1,1,1,1,1,1,1,1,1,1,1,1,1,1,1,1,1,1,1,1,1,1,1,1,1,1,1,1,1,1,1,1,1,1,1,1,1,1,1,1,1,1,1,1,1,1,1,1,1,1,1,1,1,1,1,1,1,1,1,1,1,1,1,1,1,1,1,1,1,1,1,1,1,1,1,1,1,1,1,1,1,1,1,1,1,1,1,1,1,1,1,1,1,1,1,1
91.23092743764171,91.39475102040817,67,46,1,1,1,1,1,1,1,1,1,1,1,1,1,1,1
91.23092743764171,91.48763083900226,60,49,1,1,1,1,1,1,1,1,1,1,1,1,1,1,1,1,1,1,1,1,1,1,1
91.23092743764171,93.11302766439908,48,70,1,1,1,1,1,1,1,1,1,1,1,1,1,1,1,1,1,1,1,1,1,1,1,1,1,1,1,1,1,1,1,1,1,1,1,1,1,1,1,1,1,1,1,1,1,1,1,1,1,1,1,1,1,1,1,1,1,1,1,1,1,1,1,1,1,1,1,1,1,1,1,1,1,1,1,1,1,1,1,1,1,1,1,1,1,1,1,1,1,1,1,1,1,1,1,1,1,1,1,1,1,1,1,1,1,1,1,1,1,1,1,1,1,1,1,1,1,1,1,1,1,1,1,1,1,1,1,1,1,1,1,1,1,1,1,1,1,1,1,1,1,1,1,1,1,1,1,1,1,1,1,1,1,1,1,1,1,1,1,1,1,1,1
91.20770748299319,93.43939092970521,36,84,0,0,1,1,1,1,1,1,1,1,1,1,1,1,1,1,1,1,1,1,1,1,1,1,1,1,1,1,1,1,1,1,1,1,1,1,1,1,1,1,1,1,1,1,1,1,1,1,1,1,1,1,1,1,1,1,1,1,1,1,1,1,1,1,1,1,1,1,1,1,1,1,1,1,1,1,1,1,1,1,1,1,1,1,1,1,1,1,1,1,1,1,1,1,1,1,1,1,1,1,1,1,1,1,1,1,1,1,1,1,1,1,1,1,1,1,1,1,1,1,1,1,1,1,1,1,1,1,1,1,1,1,1,1,1,1,1,1,1,1,1,1,1,1,1,1,1,1,1,1,1,1,1,1,1,1,1,1,1,1,1,1,1,1,1,1,1,1,1,1,1,1,1,1,1,1,1,1,1,1,1,1,1,1,1,1,1,1,1,1,1,1,1,1
91.07999773242629,91.21931746031746,43,63,1,1,1,1,1,1,1,1,1,1,1,1
90.9871179138322,91.16126757369614,50,52,1,1,1,1,1,1,1,1,1,1,1,1,1,1,1
90.97550793650792,91.16126757369614,58,59,1,1,1,1,1,1,1,1,1,1,1,1,1,1,1,1
90.7665283446712,90.9522879818594,70,55,1,1,1,1,1,1,1,1,1,1,1,1,1,1,1,1
90.7665283446712,90.9871179138322,50,57,1,1,1,1,1,1,1,1,1,1,1,1,1,1,1,1,1,1,1
90.7665283446712,90.94067800453514,46,55,1,1,1,1,1,1,1,1,1,1,1,1,1,1,1
90.55754875283446,90.75491836734693,55,49,1,1,1,1,1,1,1,1,1,1,1,1,1,1,1,1,1
90.37178911564625,91.07999773242629,43,73,1,1,1,1,1,1,1,1,1,1,1,1,1,1,1,1,1,1,1,1,1,1,1,1,1,1,1,1,1,1,1,1,1,1,1,1,1,1,1,1,1,1,1,1,1,1,1,1,1,1,1,1,1,1,1,1,1,1,1,1,1
90.36017913832198,90.72008843537414,58,56,1,1,1,1,1,1,1,1,1,1,1,1,1,1,1,1,1,1,1,1,1,1,1,1,1,1,1,1,1,1,1
90.33695918367346,90.55754875283446,62,60,1,1,1,1,1,1,1,1,1,1,1,1,1,1,1,1,1,1,1
90.12797959183673,90.37178911564625,43,75,1,1,1,1,1,1,1,1,1,1,1,1,1,1,1,1,1,1,1,1,1
90.11636961451246,90.42983900226757,55,46,1,1,1,0,0,0,1,1,1,1,1,1,1,1,1,1,1,1,1,1,1,1,1,1,1,1,1
89.93060997732425,90.7665283446712,50,55,1,1,1,1,1,1,1,1,1,1,1,1,1,1,1,1,1,1,1,1,1,1,1,1,1,1,1,1,1,1,1,1,1,1,1,1,1,1,1,1,1,1,1,1,1,1,1,1,1,1,1,1,1,1,1,1,1,1,1,1,1,1,1,1,1,1,1,1,1,1,1,1
89.83773015873015,90.12797959183673,43,80,1,1,1,1,1,1,1,1,1,1,1,1,1,1,1,1,1,1,1,1,1,1,1,1,1
89.68680045351473,89.8841700680272,55,37,1,1,1,1,1,1,1,1,1,1,1,1,1,1,1,1,1
89.65197052154194,89.93060997732425,50,57,1,1,1,1,1,1,1,1,1,1,1,1,1,1,1,1,1,1,1,1,1,1,1,1
89.34882721088435,89.83773015873015,43,77,1,1,1,1,1,1,1,1,1,1,1,1,1,1,1,1,1,1,1,1,1,1,1,1,1,1,1,1,1,1,1,1,1,1,1,1,1,1,1,1,1,1,1
89.26755736961452,89.40816099773242,38,47,1,1,1,1,1,1,1,1,1,1,1,1,1
89.18628752834468,89.34882721088435,43,61,-5,1,1,1,1,1,1,1,1,1,1,1,1,1
89.09340770975057,89.26755736961452,38,70,1,1,1,1,1,1,1,1,1,1,1,1,1,1,1
89.03535782312926,89.23272743764173,50,59,1,1,1,1,1,1,1,1,1,1,1,1,1,1,1,1,1
89.00052789115647,89.19789750566893,41,45,1,1,1,1,1,1,1,1,0,1,1,1,1,1,1,1,1
88.83798820861678,89.09340770975057,38,57,1,1,1,1,1,1,1,1,1,1,1,1,1,1,1,1,1,0,0,0,0,0
88.42002902494332,88.83798820861678,38,81,1,1,1,1,1,1,1,1,1,1,1,1,1,1,1,1,1,1,1,1,1,1,1,1,1,1,1,1,1,1,1,1,1,1,1,1
88.3968090702948,88.69866848072563,57,47,1,1,1,1,1,1,1,1,1,1,1,1,1,1,1,1,1,1,-5,1,1,1,1,1,1,1
88.29231927437642,88.64061859410431,69,49,1,1,1,1,1,1,1,1,1,1,1,1,1,1,1,1,1,1,1,1,1,1,1,1,1,1,1,1,1,1
88.17621950113379,88.42002902494332,38,75,1,1,1,1,1,1,1,1,1,1,1,1,1,1,1,1,1,1,1,1,1
87.99045986394559,88.17621950113379,38,89,1,1,1,1,1,1,1,1,1,1,1,1,1,1,1,1
87.94401995464852,88.35036916099774,50,61,1,1,1,1,1,1,1,1,1,1,1,1,1,1,1,1,1,1,1,1,1,1,1,1,1,1,1,1,1,1,1,1,1,1,1
87.72343038548753,87.99045986394559,38,73,1,1,1,1,1,1,1,1,1,1,1,1,1,1,1,1,1,1,1,1,1,1,1
87.63055056689343,87.94401995464852,50,46,1,1,1,1,1,1,1,1,1,1,1,1,1,1,1,1,1,1,1,1,1,1,1,1,0,0,1
87.40867709750567,87.63055056689343,50,54,1,1,1,1,1,1,1,1,1,1,1,1,1,1,1,1,1,1,1,1
87.3970671201814,87.72343038548753,38,80,1,1,1,1,1,1,1,1,1,1,1,1,1,1,1,1,1,1,1,1,1,1,1,1,1,1,1,1,1
86.88622811791383,87.29257732426304,58,62,1,1,1,1,1,1,1,1,1,1,1,1,1,1,1,1,1,1,1,1,1,1,1,1,1,1,1,1,1,1,1,1,1,1,1
86.88622811791383,87.35062721088435,43,63,1,1,1,1,1,1,1,1,1,1,1,1,1,1,1,1,1,1,1,1,1,1,1,1,1,1,1,1,1,1,1,1,1,1,1,1,1,1,1,1
86.64241859410431,86.88622811791383,58,60,1,1,1,1,1,1,1,1,1,0,1,1,1,1,1,1,1,1,1,1,1
86.4566589569161,86.88622811791383,43,67,1,1,1,1,1,1,1,1,1,1,1,1,1,1,1,1,1,1,1,1,1,1,1,1,1,1,1,1,1,1,1,1,1,1,1,1,1
86.02708979591837,86.64241859410431,58,69,1,1,1,1,1,1,1,1,1,1,1,1,1,1,1,1,1,1,1,1,1,1,1,1,1,1,1,1,1,1,1,1,1,1,1,1,1,1,1,1,1,1,1,1,1,1,1,1,1,1,1,1,1
86.02708979591837,86.52631882086168,46,49,1,1,1,1,1,1,1,1,1,1,1,1,1,1,1,1,1,1,1,1,1,1,1,1,1,1,1,1,1,1,1,1,1,1,1,1,1,1,1,1,1,1,1
85.96903990929705,86.4566589569161,43,68,1,1,1,1,1,1,1,1,1,1,1,1,1,1,1,1,1,1,1,1,1,1,1,1,1,1,1,1,1,1,1,1,1,1,1,1,1,1,1,1,1,1
85.9574299319728,86.584368707483,50,56,1,1,1,1,1,1,1,1,1,1,1,1,1,1,1,1,1,1,1,1,1,1,1,1,1,1,1,1,1,1,1,1,1,1,1,1,1,1,1,1,1,1,1,1,1,1,1,1,1,1,1,1,1,1
85.42337097505668,85.96903990929705,43,53,1,1,1,1,1,1,1,1,1,1,1,1,1,1,1,1,1,1,1,1,1,1,1,1,1,1,1,1,1,1,1,1,1,1,1,1,1,1,1,1,1,1,1,2,2,1,1
85.34081723356009,85.5162507936508,38,41,2,2,1,1,1,1,1,1,1,1,1,1,1,1,1,1
85.22471746031746,85.38725714285714,57,61,1,1,1,1,1,1,1,1,1,1,1,1,1,1
84.66743854875283,85.35242721088436,41,65,1,1,1,1,1,1,1,1,1,1,1,1,1,1,1,1,1,1,1,1,1,1,1,1,1,1,1,1,1,1,1,1,1,1,1,1,1,1,1,1,1,1,1,1,1,1,1,1,1,1,1,1,1,1,1,1,0,0,1
84.06371972789115,84.6442185941043,41,75,1,1,1,1,1,1,1,1,1,1,1,1,1,1,1,1,1,1,1,1,1,1,1,1,1,1,1,1,1,1,1,1,1,1,1,1,1,1,1,1,1,1,1,1,1,1,1,1,1,1
84.02888979591836,84.21464943310657,67,54,1,1,1,1,1,1,1,1,1,1,1,1,1,1,1,1
84.02888979591836,85.36403718820861,48,57,1,1,1,1,1,1,1,1,1,1,1,1,1,1,1,1,1,1,1,1,1,1,1,1,1,1,1,1,1,1,1,1,1,1,1,1,1,1,1,1,1,1,1,1,1,1,1,1,1,1,1,1,1,1,1,1,1,1,1,1,1,1,1,1,1,1,1,1,1,1,1,1,1,1,1,1,1,1,1,1,1,1,1,1,1,1,1,1,1,1,1,1,1,1,1,1,1,1,1,1,1,1,1,1,1,1,1,1,1,1,1,1,1,1,1
83.59932063492063,85.10861768707483,29,55,1,1,1,1,1,1,1,1,1,1,1,1,1,1,1,1,1,1,1,1,1,1,1,1,1,1,1,1,1,1,1,1,1,1,1,1,1,1,1,1,1,1,1,1,1,1,1,1,1,1,1,1,1,1,1,1,1,1,1,1,1,1,1,1,1,0,0,1,1,1,1,1,1,1,1,1,1,1,1,1,1,1,1,1,1,1,1,1,1,1,1,1,1,1,1,1,1,1,1,1,1,1,1,1,1,1,1,1,1,1,1,1,1,1,1,1,1,1,1,1,1,1,1,1,1,1,1,1,1,1
83.41227709750567,83.76186031746032,69,50,1,1,1,1,1,1,1,1,1,1,1,1,1,1,1,1,1,1,1,1,1,1,1,1,1,1,1,1,1,1,1
83.38905714285714,84.06371972789115,41,81,1,1,1,1,1,1,1,1,1,1,1,1,1,1,1,1,1,1,1,1,1,1,1,1,1,1,1,1,1,1,1,1,1,1,1,1,1,1,1,1,1,1,1,1,1,1,1,1,1,1,1,1,1,1,1,1,1,1,1
83.22651746031745,83.41227709750567,46,61,1,1,1,1,1,1,1,1,1,1,1,1,1,1,1,1
83.0871977324263,83.34261723356009,34,48,1,1,1,1,1,1,1,1,1,1,1,1,1,1,1,1,1,1,1,1,1,1
83.00592789115646,83.38905714285714,41,46,1,1,1,1,1,1,1,1,1,1,1,1,1,1,1,1,1,1,1,1,0,0,0,0,0,1,1,1,1,1,1,1,1
82.52991882086167,82.66923854875283,58,51,1,1,1,1,1,1,1,1,1,1,1,1
82.52991882086167,83.22651746031745,46,65,1,1,1,1,1,1,1,1,1,1,1,1,1,1,1,1,1,1,1,1,1,1,1,1,1,1,1,1,1,1,1,1,1,1,1,1,1,1,1,1,1,1,1,1,1,1,1,1,1,1,1,1,1,1,1,1,1,1,1,1
82.10034965986394,82.27449931972788,62,50,1,1,1,1,1,1,1,1,1,1,1,1,1,1,1
81.84493015873015,82.21644943310658,53,58,1,1,1,1,1,1,1,1,1,1,1,1,1,1,1,1,1,1,1,1,0,0,1,1,1,1,1,1,1,1,1,1
81.75205034013605,82.05390975056689,65,43,1,1,1,1,1,1,1,1,1,1,1,1,1,1,1,1,1,1,1,1,1,1,1,1,1,1
81.68239047619048,82.52991882086167,46,89,1,1,1,1,1,1,1,1,1,1,1,1,1,1,1,1,1,1,1,1,1,1,1,1,1,1,1,1,1,1,1,1,1,1,1,1,1,1,1,1,1,1,1,1,1,1,1,1,1,1,1,1,1,1,1,1,1,1,1,1,1,1,1,1,1,1,1,1,1,1,1,1,1
81.45019092970522,81.78688027210885,34,64,-1,1,1,1,1,1,1,1,1,1,1,1,1,1,1,1,1,1,1,1,1,1,1,1,1,1,1,1,1
81.43729705215421,81.7984902494331,74,49,1,1,1,1,1,1,1,1,1,1,1,1,1,1,1,1,1,1,1,1,1,1,1,1,1,1,1,1,1,1,1,1
81.42568707482994,81.62434058956916,70,39,1,1,1,1,1,1,1,1,1,1,1,1,1,1,1,1,1,1
81.42568707482994,81.56629070294784,65,45,1,1,1,1,1,1,1,1,1,1,1,1,1
81.42568707482994,81.68239047619048,46,95,1,1,1,1,1,1,1,1,1,1,1,1,1,1,1,1,1,1,1,1,1,1,1
81.251537414966,81.41407709750568,48,67,1,1,1,1,1,1,1,1,1,1,1,1,1,1
81.251537414966,81.41407709750568,36,64,1,1,1,1,1,1,1,1,1,1,1,1,1,1
81.22831746031747,81.37924716553289,55,48,1,1,1,1,1,1,1,1,1,1,1,1,1
81.01933786848073,81.1586575963719,60,53,1,1,1,1,1,1,1,1,1,1,1,1
80.88001814058957,81.35602721088436,64,48,1,1,1,1,1,1,1,1,1,1,1,1,1,1,1,1,1,1,1,1,1,1,1,1,1,1,1,1,1,1,1,1,1,1,1,1,1,1,1,1,1
80.82196825396827,81.251537414966,48,61,1,1,1,1,1,1,1,1,1,1,1,1,1,1,1,1,1,1,1,1,1,1,1,1,1,1,1,1,1,1,1,1,1,1,1,1,1
80.74069841269842,81.251537414966,36,76,1,1,1,1,1,1,1,1,1,1,1,1,1,1,1,1,1,1,1,1,1,1,1,1,1,1,1,1,1,1,1,1,1,1,1,0,0,0,1,1,1,1,1,1
80.60137868480726,80.74069841269842,36,70,1,1,1,1,1,1,1,1,1,1,1,1
80.55493877551021,80.76391836734695,55,57,1,1,1,1,1,1,1,1,1,1,1,1,1,1,1,1,1,1
80.39239909297052,80.6826485260771,64,70,1,1,1,1,1,1,1,1,1,1,1,1,1,1,1,1,1,1,1,1,1,1,1,1,1
80.16019954648527,80.55493877551021,60,46,1,1,1,1,1,1,1,1,1,1,1,1,1,1,1,1,1,1,1,1,1,1,1,1,1,1,1,1,1,1,1,1,1,1
80.148589569161,80.60137868480726,36,75,1,1,1,1,1,1,1,1,1,1,1,1,1,1,1,1,1,1,1,1,1,1,1,1,1,1,1,1,1,1,1,1,1,1,1,1,1,1,1
80.11375963718821,80.82196825396827,48,78,1,1,1,1,1,1,1,1,1,1,1,1,1,1,1,1,1,1,1,1,1,1,1,1,1,1,1,1,1,1,1,1,1,1,1,1,1,1,1,1,1,1,1,1,1,1,1,1,1,1,1,1,1,1,1,1,1,1,1,1,1
79.95121995464854,80.148589569161,36,85,1,1,1,1,1,1,1,1,1,1,1,1,1,1,1,1,1
79.93960997732427,80.39239909297052,64,79,1,1,1,1,1,1,1,1,1,1,1,1,1,1,1,1,1,1,1,1,1,1,1,1,1,1,1,1,1,1,1,1,1,1,1,1,1,1,1
79.67258049886622,79.95121995464854,36,92,1,1,1,1,1,1,1,1,1,1,1,1,1,1,1,1,1,1,1,1,1,1,1,1
79.53326077097506,79.67258049886622,36,84,1,1,1,1,1,1,1,1,1,1,1,1
79.48682086167801,80.11375963718821,48,73,1,1,1,1,1,1,1,1,1,1,1,1,1,1,1,1,1,1,1,1,1,1,1,1,1,1,1,1,1,1,1,1,1,1,1,1,1,1,1,1,1,1,1,1,1,1,1,1,1,1,1,1,1,1
79.3113873015873,79.5216507936508,38,74,1,1,1,1,1,1,1,1,1,1,1,1,1,1,1,1,1,1,1
79.29977732426305,79.48682086167801,65,60,1,1,1,1,1,1,1,1,1,1,1,1,1,1,1,1,1
79.28816734693878,79.48682086167801,50,75,1,1,1,1,1,1,1,1,1,1,1,1,1,1,1,1,1,1
79.09079773242631,79.29977732426305,65,71,1,1,1,1,1,1,1,1,1,1,1,1,1,1,1,1,1,1
78.89342811791384,79.09079773242631,65,58,1,1,1,1,1,1,1,1,1,1,1,1,1,1,1,1,1
78.89342811791384,79.28816734693878,50,46,1,1,1,1,1,1,1,1,1,1,1,1,1,1,1,1,1,1,1,1,1,1,1,1,1,1,1,1,1,1,1,1,1,1
77.9646299319728,78.30131927437643,53,43,1,1,1,1,1,1,1,1,1,1,1,1,1,1,1,1,1,1,1,1,1,1,1,1,1,1,1,1,1
77.75565034013606,78.61478866213152,50,63,1,1,1,1,1,1,1,1,1,1,1,1,1,1,1,1,1,1,1,1,1,1,1,1,1,1,1,1,1,1,1,1,1,1,1,1,1,1,1,1,1,1,1,1,1,1,1,1,1,1,1,1,1,1,1,1,1,1,1,1,1,1,1,1,1,1,1,1,1,1,1,1,1,1
77.7440403628118,79.3113873015873,38,71,1,1,1,1,1,1,1,1,1,1,1,1,1,1,1,1,1,1,1,1,1,1,1,1,1,1,1,1,1,1,1,1,1,1,1,1,1,1,1,1,1,1,1,1,1,1,1,1,1,1,1,1,1,1,1,1,1,1,1,1,1,1,1,1,1,1,1,1,1,1,1,1,1,1,1,1,1,1,1,1,1,1,1,1,1,1,1,1,1,1,1,1,1,1,1,1,1,1,1,1,1,1,1,1,1,1,1,1,1,1,1,1,1,1,1,1,1,1,1,1,1,1,1,0,0,0,0,1,0,0,0,0,0,0,0
77.56989070294784,77.7440403628118,38,83,1,1,1,1,1,1,1,1,1,1,1,1,1,1,1
77.51184081632654,77.75565034013606,50,65,1,1,1,1,1,1,1,1,1,1,1,1,1,1,1,1,1,1,1,1,1
77.41767709750567,77.56989070294784,38,56,1,1,1,1,1,1,1,1,1,1,1,1,1,1
77.35962721088436,77.61633061224491,43,59,1,1,1,1,1,1,1,1,1,1,1,1,1,1,1,1,1,1,1,1,1,1,1
77.30157732426304,77.58150068027211,55,63,1,1,1,1,1,1,1,1,1,1,1,1,1,1,1,1,1,1,1,1,1,1,1,1,1
77.0925977324263,77.35962721088436,43,69,1,1,1,1,1,1,1,1,1,1,1,1,1,1,1,1,1,1,1,1,1,1,1
77.08098775510204,77.30157732426304,55,45,1,1,1,1,1,1,1,1,1,1,1,1,1,1,1,1,1,1,1
76.91844807256236,77.0925977324263,43,78,1,1,1,1,1,1,1,1,1,1,1,1,1,1,1
76.86039818594104,77.08098775510204,55,37,0,0,0,1,1,1,1,1,1,1,1,1,1,1,1,1,1,1,1
76.6862485260771,76.91844807256236,43,78,1,1,1,1,1,1,1,1,1,1,1,1,1,1,1,1,1,1,1,1
76.5585387755102,76.77912834467121,55,49,1,1,1,1,1,1,1,1,1,1,1,1,1,1,1,1,1,1,1
76.4308290249433,76.84878820861678,71,51,1,1,1,1,1,1,1,1,1,1,1,1,1,1,1,1,1,1,1,1,1,1,1,1,1,1,1,1,1,1,1,1,1,1,1,1
76.25667936507936,76.48887891156463,50,56,1,1,1,1,1,1,1,1,1,1,1,1,1,1,1,1,1,1,1,1
75.97803990929705,76.6862485260771,43,77,1,1,1,1,1,1,1,1,1,1,1,1,1,1,1,1,1,1,1,1,1,1,1,1,1,1,1,1,1,1,1,1,1,1,1,1,1,1,1,1,1,1,1,1,1,1,1,1,1,1,1,1,1,1,1,1,1,1,1,1,1
75.74584036281179,75.97803990929705,43,68,1,1,1,1,1,1,1,1,1,1,1,1,1,1,1,1,1,1,1,1
75.59491065759637,76.41921904761905,55,63,1,1,1,1,1,1,1,1,1,1,1,1,1,1,1,1,1,1,1,1,1,1,1,1,1,1,1,1,1,1,1,1,1,1,1,1,1,1,1,1,1,1,1,1,1,1,1,1,1,1,1,0,0,0,0,1,1,1,1,1,1,1,1,1,1,1,1,1,1,1,1
75.56008072562358,75.74584036281179,43,82,1,1,1,1,1,1,1,1,1,1,1,1,1,1,1,1
75.54847074829932,75.87355011337868,71,45,1,1,1,1,1,1,1,1,1,1,1,1,1,1,1,1,1,1,1,1,1,1,1,1,1,1,1,1
75.36142721088436,75.490420861678,38,64,1,1,1,1,1,1,1,1,1,1,1,1
75.34981723356009,75.59491065759637,55,58,1,1,1,1,1,1,1,1,1,1,1,1,1,1,1,1,1,1,1,1,1,1
75.28015736961451,75.44269705215419,62,44,1,1,1,1,1,1,1,1,1,1,1,1,1,1
75.24532743764172,75.56008072562358,43,80,1,1,1,1,1,1,1,1,1,1,1,1,1,1,1,1,1,1,1,1,1,1,1,1,1,1,1,1
75.04795782312925,75.24532743764172,43,69,1,1,1,1,1,1,1,1,1,1,1,1,1,1,1,1,1
74.81575827664399,75.04795782312925,43,70,1,1,1,1,1,1,1,1,1,1,1,1,1,1,1,1,1,1,1,1
74.67643854875283,74.92024807256236,50,56,1,1,1,1,1,1,1,1,1,1,1,1,1,1,1,1,1,1,1,1,1
74.58355873015873,74.81575827664399,43,70,1,1,1,1,1,1,1,1,1,1,1,1,1,1,1,1,1,1,1,1
74.28169931972789,74.58355873015873,43,79,1,1,1,1,1,1,1,1,1,1,1,1,1,1,1,1,1,1,1,1,1,1,1,1,1,1
73.86374013605442,74.28169931972789,43,59,1,1,1,1,1,1,1,1,1,1,1,1,1,1,1,1,1,1,1,1,1,1,1,1,1,1,1,1,1,1,1,1,1,1,1,1
73.68959047619047,73.86374013605442,43,76,1,1,1,1,1,1,1,1,1,1,1,1,1,1,1
73.27034739229025,73.50383083900226,46,53,1,1,1,1,1,1,1,0,0,0,0,0,0,0,0,1,1,1,1,1,1
73.06136780045351,73.27034739229025,46,61,1,1,1,1,2,2,2,0,0,1,1,1,1,1,1,1,1,1
72.95687800453514,73.10780770975056,62,37,1,1,1,1,1,1,1,1,1,1,1,1,1
72.95687800453514,73.13102766439908,50,34,1,1,1,2,2,2,2,2,2,2,2,2,-1,-1,1
72.72467845804988,73.06136780045351,46,61,1,1,1,1,1,1,1,1,1,1,1,1,1,1,1,1,1,1,1,1,1,1,1,1,1,2,2,1,1
72.58535873015873,72.72467845804988,46,48,0,0,1,1,1,1,1,1,1,1,1,1
72.56213877551019,72.75950839002267,62,62,1,1,1,1,1,1,1,1,1,1,1,1,1,1,1,1,1
72.4692589569161,72.70145850340135,34,40,2,2,1,1,1,1,1,1,1,0,0,0,1,1,1,1,1,1,1,1
72.31832925170067,72.56213877551019,62,56,1,1,1,1,1,1,1,1,1,1,1,1,1,1,1,1,1,1,1,1,1
72.31832925170067,72.4692589569161,34,48,1,1,1,1,1,1,1,1,1,1,2,2,2
71.33019727891157,71.72622040816326,60,45,1,1,1,1,1,1,1,1,1,1,1,1,1,1,1,1,1,1,1,1,1,1,1,1,1,1,1,1,1,1,1,1,1,1,1
71.21409750566895,71.65656054421768,48,71,1,1,1,1,1,1,1,1,1,1,1,1,1,1,1,1,1,1,1,1,1,1,1,1,1,1,1,1,1,1,1,1,1,1,1,1,1,1,1
70.90062811791384,71.21409750566895,48,75,1,1,1,1,1,1,1,1,1,1,1,1,1,1,1,1,1,1,1,1,1,1,1,1,1,1,1
70.88901814058957,71.59851065759636,76,60,1,1,1,1,1,1,1,1,1,1,1,1,1,1,1,1,1,1,1,1,1,1,1,1,1,1,1,1,1,1,1,1,1,1,1,1,1,1,1,1,1,1,1,1,1,1,1,1,1,1,1,1,1,1,1,1,1,1,1,1,1,1
70.80774829931974,70.97028798185941,67,49,1,1,1,1,1,1,1,1,1,1,1,1,1,1
70.73808843537415,71.09799773242631,46,66,1,1,1,1,1,1,1,1,1,1,1,1,1,1,1,1,1,1,1,1,1,1,1,1,1,1,1,1,1,1,1
70.6916485260771,70.90062811791384,79,60,1,1,1,1,1,1,1,1,1,1,1,1,1,1,1,1,1,1
70.44783900226759,70.68003854875285,77,54,-2,-2,-2,-2,-2,-2,1,1,1,1,1,1,1,1,1,1,1,1,1,1
70.44783900226759,70.70325850340137,65,50,-2,1,1,1,1,1,1,1,1,1,1,1,1,1,1,1,1,1,1,1,1,1
70.2504693877551,70.44783900226759,76,60,1,1,1,1,1,1,1,1,1,1,1,1,1,1,1,1,1
70.2504693877551,70.41300907029479,64,40,1,1,1,1,1,1,1,1,1,1,1,1,1,1
70.0647097505669,70.73808843537415,46,92,1,1,1,1,1,1,1,1,1,1,1,1,1,1,1,1,1,1,1,1,1,1,1,1,1,1,1,1,1,1,1,1,1,1,1,1,1,1,1,1,1,1,1,1,1,1,1,1,1,1,1,1,1,1,1,1,1,1
70.02987981859411,70.68003854875285,34,59,1,1,1,1,1,1,1,1,1,1,1,1,1,1,1,1,1,1,1,1,1,1,1,1,0,1,1,1,1,0,0,0,0,0,1,1,1,1,1,1,1,1,1,1,1,1,1,1,1,1,1,1,1,1,1,1
69.85573015873017,70.02987981859411,34,67,1,1,1,1,1,1,1,1,1,1,1,1,1,1,1
69.72802040816327,70.0647097505669,46,90,1,1,1,1,1,1,1,1,1,1,1,1,1,1,1,1,1,1,1,1,1,1,1,1,1,1,1,1,1
69.70480045351475,69.85573015873017,34,46,1,1,1,1,1,0,0,0,0,0,0,1,1
69.57709070294786,70.20402947845805,74,54,1,1,1,1,1,1,1,1,1,1,1,1,1,1,1,1,1,1,1,1,1,1,1,1,1,1,1,1,1,1,1,1,1,1,1,1,1,1,1,1,1,1,1,1,1,1,1,1,1,1,1,1,1,1
69.57709070294786,70.23885941043085,62,52,1,1,1,1,1,1,1,1,1,1,1,1,1,1,1,1,1,1,1,1,1,1,1,1,1,1,1,1,1,1,1,1,1,1,1,1,1,1,1,1,1,1,1,1,1,1,1,1,1,1,1,1,1,1,1,1,1
69.45970702947847,69.72802040816327,46,70,1,1,1,1,1,1,1,1,1,1,1,1,1,1,1,1,1,1,1,1,1,1,1,1
69.2275074829932,69.45970702947847,46,57,1,1,1,1,1,1,1,1,1,0,0,0,0,1,1,1,1,1,1,1
68.97208798185942,69.2275074829932,46,65,1,1,1,1,1,1,1,1,1,1,1,1,1,1,1,1,1,1,1,1,1,1
68.90242811791383,69.50614693877552,81,67,1,1,1,1,1,1,1,1,1,1,1,1,1,1,1,1,1,1,1,1,1,1,1,1,1,1,1,1,1,1,1,1,1,1,1,1,1,1,1,1,1,1,1,1,1,1,1,1,1,1,1,1
68.73988843537416,68.94886802721089,67,56,1,1,1,1,1,1,1,1,1,1,1,1,1,1,1,1,1,1
68.67022857142858,69.3203873015873,43,46,1,1,1,1,1,1,1,1,1,1,1,0,0,0,0,0,0,0,0,0,0,0,0,1,1,1,1,1,1,1,1,1,1,1,1,1,1,1,1,1,1,1,1,1,1,1,1,1,1,1,1,1,1,1,1,1
68.54251882086169,68.70505850340136,40,49,1,1,1,1,1,1,1,1,1,1,1,1,1,1
68.53090884353742,68.72827845804989,81,61,1,1,1,1,1,1,1,1,1,1,1,1,1,1,1,1,1
68.3451492063492,68.54251882086169,83,70,1,1,1,1,1,1,1,1,1,1,1,1,1,1,1,1,1
68.18260952380953,68.55412879818594,71,67,1,1,1,1,1,1,1,1,1,1,1,1,1,1,1,1,1,1,1,1,1,1,1,1,1,1,1,1,1,1,1,1
68.14777959183674,68.3451492063492,83,60,1,1,1,1,1,1,1,1,1,1,1,1,1,1,1,1,1
67.90397006802722,68.14777959183674,83,69,1,1,1,1,1,1,1,1,1,1,1,1,1,1,1,1,1,1,1,1,1
67.64855056689343,67.90397006802722,83,63,4,1,1,1,1,1,1,1,1,1,1,1,1,1,1,1,1,1,1,1,1,1
67.64855056689343,68.4148090702948,55,69,1,1,1,1,1,1,1,1,1,1,1,1,1,1,1,1,1,1,1,1,1,1,1,1,1,1,1,1,1,1,1,1,1,1,1,1,1,1,1,1,1,1,1,1,1,1,1,1,1,1,1,1,1,1,1,1,1,1,1,1,1,1,1,1,1,1
67.64855056689343,68.67022857142858,43,85,1,1,1,1,1,1,1,1,1,1,1,1,1,1,1,1,1,1,1,1,1,1,1,1,1,1,1,1,1,1,1,1,1,1,1,1,1,1,1,1,1,1,1,1,1,1,1,1,1,1,1,1,1,1,1,1,1,1,1,1,1,1,1,1,1,1,1,1,1,1,1,1,1,1,1,1,1,1,1,1,1,1,1,1,1,1,1,1
67.4150671201814,67.64855056689343,84,66,1,1,1,1,1,1,1,1,1,1,1,1,1,1,1,1,1,1,1,1,1
67.20608752834467,67.64855056689343,43,74,1,1,1,1,1,1,1,1,1,1,1,1,1,1,1,1,1,1,1,1,1,1,1,1,1,1,1,1,1,1,1,1,1,1,1,1,1,1,1
67.043547845805,67.20608752834467,43,69,1,1,1,1,1,1,1,1,1,1,1,1,1,1
67.02032789115646,67.4150671201814,84,79,1,1,1,1,1,1,1,1,1,1,1,1,1,1,1,1,1,1,1,1,1,1,1,1,1,1,1,1,1,1,1,1,1,1
66.83456825396826,66.9738879818594,83,55,1,1,1,1,1,1,1,1,1,1,1,1
66.55592879818595,66.81134829931973,81,63,1,1,1,1,1,1,1,1,1,1,1,1,1,1,1,1,1,1,1,1,1,1
66.52109886621315,66.89261814058956,50,60,1,1,1,1,1,1,1,1,1,1,1,1,1,0,1,1,1,1,1,1,1,1,1,1,1,1,1,1,1,1,1,1
66.38177913832199,66.52109886621315,50,69,1,1,1,1,1,1,1,1,1,1,1,1
66.28889931972789,66.55592879818595,74,70,1,1,1,1,1,1,1,1,1,1,1,1,1,1,1,1,1,1,1,1,1,1,1
66.09152970521542,66.24245941043084,62,43,1,1,1,1,1,1,1,1,1,1,1,1,1
65.90577006802721,66.38177913832199,50,56,1,1,1,1,1,1,1,1,1,1,1,1,1,1,1,1,1,1,1,1,1,1,1,1,1,1,1,1,1,1,1,1,1,1,1,1,1,1,1,1,1
65.77806031746032,66.2540693877551,37,46,1,1,1,1,1,1,1,1,1,1,1,1,1,1,1,1,1,1,1,0,0,0,1,1,1,1,1,1,1,1,1,1,1,1,1,1,1,1,1,1,1
65.67357052154195,65.83611020408163,65,50,1,1,1,1,1,1,1,1,1,1,1,1,1,1
65.67357052154195,65.92899002267573,62,44,1,1,1,1,1,1,1,1,1,1,1,1,1,1,1,1,1,1,1,1,1,1
65.67357052154195,65.90577006802721,50,64,1,1,1,1,1,1,1,1,1,1,1,1,1,1,1,1,1,1,1,1
65.67357052154195,65.81289024943311,43,41,1,1,1,1,1,1,1,1,1,1,1,1
65.63874058956917,65.77806031746032,37,37,1,1,1,1,1,1,1,1,1,1,1,1
65.52135691609978,65.67357052154195,65,47,1,1,1,1,1,1,1,1,1,1,1,1,1,1
65.38203718820861,65.67357052154195,50,77,1,1,1,1,1,1,1,1,1,1,1,1,1,1,1,1,1,1,1,1,1,1,1,1,1,1
65.3239873015873,65.48652698412698,81,41,0,0,0,0,1,1,1,1,1,1,1,1,1,1
65.11500770975056,65.63874058956917,37,44,1,1,1,1,2,2,2,2,1,1,1,1,1,1,1,1,1,1,1,2,2,2,2,2,3,3,3,3,1,1,1,1,1,1,1,1,1,1,1,1,1,1,1,1,1,1
64.83636825396825,64.97568798185941,48,42,0,0,0,0,0,0,0,0,0,0,-1,-1
64.5693387755102,64.83636825396825,48,45,1,1,1,1,1,1,1,1,1,1,1,1,1,1,1,1,1,1,1,1,1,0,0
64.39518911564626,64.82475827664399,57,48,1,1,1,1,1,1,1,1,1,1,-5,-5,0,1,1,1,1,1,1,1,1,1,1,1,1,1,1,1,1,1,1,1,1,1,1,1,1
64.24425941043084,64.59255873015873,36,45,0,0,0,1,1,1,1,1,1,1,0,0,0,0,0,0,0,0,0,1,1,1,1,1,0,0,0,0,0,1
64.2210394557823,64.53450884353741,55,41,1,1,1,1,1,1,1,1,0,0,0,0,0,0,0,1,1,1,1,1,1,1,1,1,1,1,1
64.13976961451247,64.32552925170067,48,55,1,1,1,1,1,1,1,1,0,0,1,1,1,1,1,1
63.34900725623583,63.82630022675737,48,47,1,1,1,1,1,1,1,1,1,1,1,1,1,1,1,1,1,1,1,1,1,1,1,1,1,1,1,1,1,1,1,1,1,1,1,1,1,1,1,1,1,1
63.31417732426304,63.65215056689342,45,48,1,1,1,1,1,1,1,1,1,1,1,1,1,1,1,1,1,1,0,0,0,0,0,1,1,1,1,1,1,1
63.30256734693878,63.52315691609977,76,48,1,1,1,1,1,1,1,1,1,1,1,1,1,1,1,1,1,1,1
63.08197777777778,63.30256734693878,76,39,1,1,1,1,1,1,1,1,1,1,1,1,1,1,1,1,1,1,1
62.90782811791383,63.20968752834467,46,47,1,1,1,1,1,1,1,1,1,1,1,1,1,1,1,1,1,1,1,1,1,1,1,1,1,1
62.82655827664399,62.96587800453515,79,45,0,0,1,1,1,1,1,1,1,1,1,1
62.57113877551021,62.90782811791383,46,55,1,1,1,1,1,1,1,1,1,1,1,1,1,1,1,1,1,1,1,1,1,1,1,1,1,1,1,1,1
62.071909750566896,62.57113877551021,46,62,1,1,1,1,1,1,1,1,1,1,1,1,1,1,1,1,1,1,1,1,1,1,1,1,1,1,1,1,1,1,1,1,1,1,1,1,1,1,1,1,1,1,1
61.67717052154195,61.81649024943311,41,52,1,0,0,0,0,0,1,1,1,1,1,-1
61.55978684807256,61.78166031746032,81,57,1,1,1,1,1,1,1,1,1,1,1,1,1,1,1,1,1,1,1,1
61.25792743764172,61.47851700680272,74,54,1,1,1,1,1,1,1,1,1,1,1,1,1,1,1,1,1,1,1
61.17665759637188,61.38563718820861,46,54,1,1,1,1,1,1,1,1,1,1,1,1,1,1,1,1,1,1
60.68903854875283,60.921238095238095,69,54,1,1,1,1,1,1,1,1,1,1,1,1,1,1,1,1,1,1,1,1
59.78346031746032,60.59615873015873,43,51,0,1,1,1,1,1,1,1,1,1,1,1,1,1,1,1,1,1,1,1,0,1,1,1,1,1,0,0,0,0,0,0,0,0,1,1,1,1,1,1,1,1,1,1,1,1,1,1,1,1,1,1,1,1,1,1,1,1,1,1,1,1,1,1,1,1,1,1,1,1
58.94625804988662,59.120407709750566,50,62,1,1,1,1,1,1,1,1,1,1,1,1,1,1,1
58.93464807256236,59.21328752834467,62,58,1,1,1,1,1,1,1,1,1,1,1,1,1,1,1,1,1,1,1,1,1,1,1,1
58.72566848072562,58.94625804988662,50,46,1,1,1,1,1,1,1,1,1,1,1,1,1,1,1,1,1,1,1
58.43541904761905,58.74888843537415,62,46,1,1,1,1,1,1,1,1,1,1,1,2,2,2,2,1,1,1,1,1,1,1,1,1,1,1,1
58.42380907029479,58.574738775510205,50,49,1,1,1,1,1,1,1,1,1,1,1,1,1
58.22643945578231,58.42380907029479,50,49,1,1,1,1,0,0,0,0,1,1,1,1,1,1,1,1,1
58.22643945578231,58.458639002267574,45,47,1,1,1,1,1,1,1,1,1,1,1,1,1,1,1,1,1,1,1,1
57.88975011337869,58.22643945578231,50,55,1,1,1,1,1,1,1,1,1,1,1,1,1,1,1,1,1,1,1,0,0,1,1,1,1,1,1,1,1
57.61111065759637,57.88975011337869,50,54,1,1,1,1,1,1,1,1,1,1,1,1,1,1,1,1,1,1,1,1,1,1,1,1
56.611368707482995,56.820348299319726,62,42,1,1,1,1,1,1,1,1,1,1,1,1,1,1,1,1,1,1
53.69598049886621,53.84691020408164,81,44,1,1,1,1,1,1,1,1,1,1,1,1,1
53.59020680272109,53.93979002267574,34,58,1,1,1,1,1,1,1,1,1,1,1,1,1,1,1,1,1,1,1,1,1,1,1,1,1,1,1,1,1,1,1
53.50893696145125,53.68437052154195,79,54,1,1,1,1,1,1,1,1,1,1,1,1,1,1,1,1
53.36961723356009,53.70759047619048,74,74,1,1,1,1,1,1,1,1,1,1,1,1,1,1,1,1,1,1,1,1,1,1,1,1,1,1,1,1,1,1
52.22022947845805,52.673018594104306,74,50,1,1,1,1,1,1,1,1,1,1,1,1,1,1,1,1,1,1,1,1,1,1,1,1,1,1,1,1,1,1,1,1,1,1,1,1,1,1,1
52.22022947845805,52.38276916099773,69,57,1,1,1,1,1,1,1,1,1,1,1,1,1,1
52.22022947845805,52.52208888888889,62,50,1,1,1,1,1,1,1,1,1,1,1,1,1,1,1,1,1,1,1,1,1,1,1,1,1,1
51.98802993197279,52.25505941043084,79,66,1,1,1,1,1,1,1,1,1,1,1,1,1,1,1,1,1,1,1,1,1,1,1
51.98802993197279,52.22022947845805,62,56,1,1,1,1,1,1,1,1,1,1,1,1,1,1,1,1,1,1,1,1
51.97641995464853,52.22022947845805,74,58,1,1,1,1,1,1,1,1,1,1,1,1,1,1,1,1,1,1,1,1,1
51.63844671201814,51.97641995464853,74,58,1,1,1,1,1,1,1,1,1,1,1,1,1,1,1,1,1,1,1,1,1,1,1,1,1,1,1,1,1,1
51.63844671201814,51.98802993197279,62,58,1,1,1,1,1,1,1,1,1,1,1,1,1,1,1,1,1,1,1,1,1,1,1,1,1,1,1,1,1,1,1
51.34819727891156,51.60361678004535,81,63,1,1,1,1,1,1,1,1,1,1,1,1,1,1,1,1,1,1,1,1,1,1
51.34819727891156,51.522346938775506,69,43,1,1,1,1,1,1,1,1,1,1,1,1,1,1,1
51.34819727891156,51.63844671201814,62,48,1,1,1,1,1,1,1,1,1,1,1,1,1,1,1,1,1,1,1,1,1,1,1,1,1
51.1159977324263,51.475907029478456,79,60,1,1,1,1,1,1,1,1,1,1,1,1,1,1,1,1,1,1,1,1,1,1,1,1,1,1,1,1,1,1,1
51.1159977324263,51.27853741496598,74,56,1,1,1,1,1,1,1,1,1,1,1,1,1,1
51.01150793650793,51.197267573696145,69,61,1,1,1,1,1,1,1,1,1,1,1,1,1,1,1,1
50.8954081632653,51.05794784580499,81,45,1,1,1,1,1,1,1,1,1,1,1,1,1,1
50.77930839002267,51.01150793650793,69,64,1,1,1,1,1,1,1,1,1,1,1,1,1,1,1,1,1,1,1,1
50.639988662131515,50.918628117913826,74,53,1,1,1,1,1,1,1,1,1,1,1,1,1,1,1,1,1,1,1,1,1,1,1,1
50.45422902494331,50.8954081632653,81,48,-5,1,1,1,1,1,1,1,1,1,1,-5,1,1,1,1,1,1,1,1,1,1,1,1,1,1,1,1,1,1,1,1,1,1,1,1,1,1
50.24524943310657,50.593548752834465,69,47,1,1,1,1,1,1,1,1,1,1,1,1,1,1,1,1,1,1,1,1,1,1,1,1,1,1,1,1,1,1
50.23363945578231,50.5819387755102,79,69,1,1,1,1,1,1,1,1,1,1,1,1,1,1,1,1,1,1,1,1,1,1,1,1,1,1,1,1,1,1
50.10592970521542,50.24524943310657,69,71,1,1,1,1,1,1,1,1,1,1,1,1
50.01304988662131,50.34973922902494,77,74,1,1,1,1,1,1,1,1,1,1,1,1,1,1,1,1,1,1,1,1,1,1,1,1,1,1,1,1,1
49.83890022675737,50.07109977324263,74,42,1,1,1,1,1,1,1,1,1,1,1,1,1,1,1,1,1,1,1,1
49.80407029478458,50.02465986394557,79,66,1,1,1,1,1,1,1,1,1,1,1,1,1,1,1,1,1,1,1
49.62863673469388,50.10592970521542,69,63,1,1,1,1,1,1,1,1,1,1,1,1,1,1,1,1,1,1,1,1,1,1,1,1,1,1,1,1,1,1,1,1,1,1,1,1,1,1,1,1,1,1
49.37321723356009,49.75763038548752,74,53,1,1,1,1,1,1,1,1,1,1,1,1,1,1,1,1,1,1,1,1,1,1,1,1,1,1,1,1,1,1,1,1,1,1
49.37321723356009,49.60541678004535,62,68,0,1,1,1,1,1,1,1,1,1,1,1,1,1,1,1,1,1,1,1
49.04813786848073,49.338387301587304,67,44,1,1,1,1,1,1,1,1,1,1,1,1,1,1,1,1,1,1,1,1,1,1,1,1,1
49.04813786848073,49.26872743764172,60,55,1,1,1,1,1,1,1,1,1,1,1,1,1,1,1,1,1,1,1
48.850768253968255,49.04813786848073,60,58,1,1,1,1,1,1,1,1,1,1,1,1,1,1,1,1,1
48.72305850340136,48.9320380952381,72,62,1,1,1,1,1,1,1,1,1,1,1,1,1,1,1,1,1,1
46.12113968253968,46.330119274376415,76,76,1,1,1,1,1,1,1,1,1,1,1,1,1,1,1,1,1,1
45.88894013605442,46.0514798185941,77,60,1,1,1,1,1,1,1,1,1,1,1,1,1,1
45.67867664399093,45.87733015873016,67,44,1,1,1,1,1,1,1,1,1,1,1,1,1,1,1,1,1,1
44.25064943310658,44.424799092970524,69,31,1,1,1,1,1,1,-1,-1,-1,2,2,1,1,1,1
44.08810975056689,44.25064943310658,69,49,0,1,1,0,0,1,1,1,1,1,1,1,1,1
43.72820045351474,43.98361995464853,69,63,1,1,1,1,1,1,1,1,1,1,1,1,1,1,1,1,1,1,1,1,0,1
43.506326984126986,43.657256689342404,81,49,-5,-5,-5,-5,-5,1,-5,1,1,1,1,1,1
43.506326984126986,43.72820045351474,69,85,1,1,1,1,1,1,1,1,1,1,1,1,1,1,1,1,1,1,1,1
43.285737414965986,43.63403673469388,79,74,1,1,1,1,1,1,1,1,1,1,1,1,1,1,1,1,1,1,1,1,1,1,1,1,1,1,1,1,1,1
42.64718866213152,42.8097283446712,29,63,1,1,1,1,1,1,1,1,1,1,1,1,1,0
41.647446712018144,41.78805034013605,41,59,1,1,1,1,1,1,1,1,1,1,1,1,1
41.55456689342404,42.11312970521542,65,39,1,1,1,1,1,1,1,1,1,1,1,1,1,1,1,1,1,1,1,1,1,1,1,1,1,1,1,1,1,1,1,1,1,1,1,1,1,1,1,1,1,1,1,1,1,1,1,1,1
41.55456689342404,41.71710657596372,53,65,1,1,1,1,1,1,1,1,1,1,1,1,1,1
41.542956916099776,41.8693201814059,77,45,1,1,1,1,1,1,1,1,1,1,1,1,1,1,1,1,1,1,1,1,1,1,1,1,1,1,1,1,1
41.36880725623583,41.77644036281179,48,50,1,1,1,1,1,1,1,1,1,1,1,0,0,0,0,1,1,1,1,1,1,1,1,1,1,1,1,1,1,1,1,1,1,1,1,1
41.310757369614514,41.55456689342404,53,41,1,1,1,1,1,1,1,1,1,1,1,1,1,1,1,1,1,1,1,1,1
41.310757369614514,41.647446712018144,41,71,1,1,1,1,1,1,1,1,1,1,1,1,1,1,1,1,1,0,1,1,1,1,1,1,1,1,1,1,1
41.264317460317464,41.46168707482993,69,40,1,1,1,1,1,1,1,1,1,1,1,1,1,1,1,1,1
41.217877551020415,41.542956916099776,77,50,1,1,1,1,1,1,1,1,1,1,1,1,1,1,1,1,1,1,1,1,1,1,1,1,1,1,1,1
41.217877551020415,41.426857142857145,65,45,1,1,1,1,1,1,1,1,1,1,1,1,1,1,1,1,1,1
41.206267573696145,41.43846712018141,84,37,0,0,0,0,0,0,0,1,1,1,1,1,1,1,1,1,1,1,1,1
41.19465759637188,41.36880725623583,48,35,2,2,1,1,0,0,0,0,1,1,1,1,1,1,1
41.13660770975057,41.310757369614514,41,57,1,1,1,1,1,1,1,1,1,1,1,1,1,1,1
40.96245804988663,41.217877551020415,77,42,1,1,1,1,1,1,1,1,1,1,1,1,1,1,1,1,1,1,1,1,1,1
40.939238095238096,41.13660770975057,41,64,1,1,1,1,1,1,1,1,1,1,1,1,1,1,1,1,1
40.86957823129252,41.05533786848073,53,41,1,1,1,1,1,1,1,1,1,1,1,1,1,1,1,1
40.8115283446712,40.96245804988663,77,67,1,1,1,1,1,1,1,1,1,1,1,1,1
40.79991836734694,40.96245804988663,48,40,0,1,1,1,1,1,1,1,1,1,1,1,1,1
40.718648526077104,40.939238095238096,41,65,1,1,1,1,1,1,1,1,1,1,1,1,1,1,1,1,1,1,1
40.64898866213152,41.0321179138322,65,46,1,1,1,1,1,1,1,1,1,1,1,1,1,1,1,1,1,1,1,1,1,1,1,1,1,1,1,1,1,1,1,1,1
40.64898866213152,40.85796825396826,53,61,1,1,1,1,1,1,1,1,1,1,1,1,1,1,1,1,1,1
40.556108843537416,40.8115283446712,77,57,1,1,1,1,1,1,1,1,1,1,1,1,1,1,1,1,1,1,1,1,1,1
40.509668934240366,40.64898866213152,65,43,1,1,1,1,1,1,1,1,1,1,1,1
40.498058956916104,40.64898866213152,53,60,1,1,1,1,1,1,1,1,1,1,1,1,1
40.498058956916104,40.718648526077104,41,56,1,1,1,1,1,0,0,0,1,1,1,1,1,1,1,1,1,1,1
40.33551927437642,40.498058956916104,53,43,1,1,1,1,1,1,1,1,1,1,1,1,3,3
40.31229931972789,40.498058956916104,41,57,1,1,1,1,1,1,1,1,1,1,1,1,1,1,1,1
40.19619954648526,40.33551927437642,53,67,1,1,1,1,1,1,1,1,1,1,1,1
40.13814965986395,40.31229931972789,41,44,1,1,1,1,1,1,1,1,1,1,1,1,1,1,1
40.03365986394558,40.19619954648526,53,68,1,1,1,1,1,1,1,1,1,1,1,1,1,1
39.8711201814059,40.35873922902495,65,48,1,1,1,1,1,1,1,1,1,1,1,1,1,1,1,1,1,1,1,1,1,1,1,1,1,1,1,1,1,1,1,1,1,1,1,1,1,1,1,1,1,1
39.8711201814059,40.03365986394558,53,62,1,1,1,1,1,1,1,1,1,1,1,1,1,1
39.731800453514744,39.8711201814059,53,73,1,1,1,1,1,1,1,1,1,1,1,1
39.68407664399093,40.056879818594105,41,51,1,1,1,1,1,1,1,1,1,1,1,1,1,1,1,1,1,1,1,1,1,1,1,1,1,1,1,1,1,1,1,1,1
39.63763673469388,40.04526984126984,69,43,1,1,1,1,1,1,1,1,1,1,1,1,1,1,1,1,1,1,1,1,1,1,1,1,1,1,1,1,1,1,1,1,1,1,1,1
39.54475691609977,39.68407664399093,41,62,1,1,1,1,1,1,1,1,1,1,1,1
39.49831700680272,39.91756009070295,77,46,1,1,1,1,1,1,1,1,1,1,1,1,1,1,1,1,1,1,1,1,1,1,1,1,1,1,1,1,1,1,1,1,1,1,1,1,1
39.48670702947846,39.63763673469388,69,44,1,1,1,1,1,1,1,1,1,1,1,1,1
39.358997278911566,39.731800453514744,53,51,1,1,1,1,1,1,1,1,1,1,1,1,1,1,1,1,1,1,1,1,1,1,1,1,1,1,1,1,1,1,1,1,1
39.347387301587304,40.06848979591837,60,39,1,1,1,1,1,1,1,1,1,1,1,1,1,1,1,1,1,1,1,1,1,1,1,1,1,1,1,1,1,1,1,1,1,1,1,1,1,1,1,1,1,1,1,1,1,1,1,1,1,1,1,1,1,1,1,1,1,1,1,1,1,1,1
39.33577732426304,39.54475691609977,41,55,1,1,1,1,1,1,1,1,1,1,1,1,1,1,1,1,1,1
39.184847619047616,39.358997278911566,53,45,1,1,1,1,1,1,1,1,1,1,1,1,1,1,1
38.99908798185941,39.33577732426304,41,58,1,1,1,1,1,1,1,1,1,1,1,1,1,1,1,1,1,1,1,1,1,1,1,1,1,1,1,1,1
38.906208163265305,39.080357823129255,77,45,1,1,1,1,1,1,1,1,1,1,1,1,1,1,1
38.76688843537415,38.99908798185941,41,66,1,1,1,1,1,1,1,1,1,1,1,1,1,1,1,1,1,1,1,1
38.75527845804989,39.242897505668935,69,63,1,1,1,1,1,1,1,1,1,1,1,1,1,1,1,1,1,1,1,1,1,1,1,1,1,1,1,1,1,1,1,1,1,1,1,1,1,1,1,1,1,1
38.639178684807256,38.859768253968255,53,63,1,1,1,1,1,1,1,1,1,1,1,1,1,1,1,1,1,1,1
38.48824897959184,38.76688843537415,41,63,1,1,1,1,1,1,1,1,1,1,1,1,1,1,1,1,1,1,1,1,1,1,1,1
38.476639002267575,38.639178684807256,53,59,0,1,1,1,1,1,1,1,1,1,1,1,1,1
38.44180907029479,38.75527845804989,69,49,1,1,1,1,1,1,1,1,1,1,1,1,1,1,1,1,1,1,1,1,1,1,1,1,1,1,1
38.08189977324263,38.256049433106575,53,52,0,1,1,1,1,1,1,1,1,1,1,1,1,1,1
37.930970068027214,38.08189977324263,53,51,1,1,1,1,1,1,1,1,1,1,1,1,0
37.83809024943311,38.314099319727895,41,47,0,0,1,1,1,1,1,0,0,0,0,0,1,1,1,1,1,1,1,1,1,1,1,1,1,1,1,1,1,1,1,1,1,1,1,1,1,1,1,1,1
37.745210430839,37.930970068027214,53,49,1,1,1,1,1,1,1,1,1,1,1,1,1,1,1,1
37.488507029478455,38.00062993197279,65,45,1,1,1,1,1,1,1,1,1,1,1,1,1,1,1,1,1,1,1,1,1,1,1,1,1,1,1,1,1,1,1,1,1,1,1,1,1,1,1,1,1,1,1,1,1
37.01249795918367,37.16342766439909,35,52,1,1,1,1,1,1,1,1,1,1,1,1,1
36.89639818594104,37.14020770975056,41,55,1,1,1,1,1,1,1,1,1,1,1,1,1,1,1,1,1,1,1,1,1
35.86311020408163,36.89639818594104,41,56,1,1,1,1,1,1,1,1,1,1,1,1,1,1,1,1,1,1,1,1,1,1,1,1,1,1,1,1,1,1,1,1,1,1,1,1,1,1,1,1,1,1,1,1,1,1,1,1,1,1,1,1,1,1,1,1,1,1,1,1,1,1,1,1,1,1,1,1,1,1,1,1,1,1,1,1,1,1,1,1,1,1,1,1,1,1,1,1,1
35.745726530612245,35.955990022675735,53,53,1,1,1,1,1,1,1,1,1,1,1,1,1,1,1,1,1,1,1
35.73411655328798,35.86311020408163,41,63,1,1,1,1,1,1,1,1,1,1,1,1
35.467087074829934,35.75733650793651,48,52,1,1,1,1,1,1,1,1,1,1,1,1,1,-1,-1,-1,-1,-1,-1,2,1,1,1,1,1
35.06073786848073,35.258107482993196,48,59,1,1,1,1,1,1,1,1,1,1,1,1,1,1,1,1,1
34.96785804988662,35.22327755102041,79,68,1,1,1,1,1,1,1,1,1,1,1,1,1,1,1,1,1,1,1,1,1,1
34.79370839002268,35.61801678004535,36,88,1,1,1,1,1,1,1,1,1,1,1,1,1,1,1,1,1,1,1,1,1,1,1,1,1,1,1,1,1,1,1,1,1,1,1,1,1,1,1,1,1,1,1,1,1,1,1,1,1,1,1,1,1,1,1,1,1,1,1,1,1,1,1,1,1,1,1,1,1,1,1
34.712438548752836,35.06073786848073,48,57,1,1,1,1,1,1,1,1,1,1,1,1,1,1,1,1,1,1,1,1,1,1,1,1,1,1,1,1,1,1
34.642778684807254,34.85175827664399,69,38,1,1,1,1,1,1,1,1,1,1,1,1,1,1,1,1,1,1
34.642778684807254,34.79370839002268,36,84,1,1,1,1,1,1,1,1,1,1,1,1,1
34.63116870748299,34.96785804988662,79,70,1,1,1,1,1,1,1,1,1,1,1,1,1,1,1,1,1,1,1,1,1,1,1,1,1,1,1,1,1
34.60794875283447,34.758878458049885,57,62,1,1,1,1,1,1,1,1,1,1,1,1,1
34.45701904761905,34.712438548752836,48,70,1,1,1,1,1,1,1,1,1,1,1,1,1,1,1,1,1,1,1,1,1,1
34.22481950113379,35.21166757369615,64,60,1,1,1,1,1,1,1,1,1,1,1,1,1,1,1,1,1,1,1,1,1,1,1,1,1,1,1,1,1,1,1,1,1,1,1,1,1,1,1,1,1,1,1,1,1,1,1,1,1,1,1,1,1,1,1,1,1,1,1,1,1,1,1,1,1,1,1,1,1,1,1,1,1,1,1,1,1,1,1,1,1,1,1,1,1
34.108719727891156,34.63116870748299,79,62,1,1,1,1,1,1,1,1,1,1,1,1,1,1,1,1,1,1,1,1,1,1,1,1,1,1,1,1,1,1,1,1,1,1,1,1,1,1,1,1,1,1,1,1,1
34.108719727891156,34.29447936507937,60,44,1,1,1,1,1,1,1,1,1,1,1,1,1,1,1,1
34.08549977324263,34.44540907029479,70,49,1,1,1,1,1,1,1,1,1,1,1,1,1,1,1,1,1,1,1,1,1,1,1,1,1,1,1,1,1,1,1
34.02744988662132,34.20159954648526,76,42,0,1,1,1,1,1,1,1,1,1,1,1,1,1,1
34.02744988662132,34.22481950113379,64,63,1,1,1,1,1,1,1,1,1,1,1,1,1,1,1,1,1
34.02744988662132,34.5034589569161,55,53,1,1,1,1,1,1,1,1,1,1,1,1,1,1,1,1,1,1,1,1,1,1,1,1,1,1,1,1,1,1,1,1,1,1,1,1,1,1,1,1,1
33.86491020408163,34.108719727891156,79,46,1,1,1,1,1,1,1,1,1,1,1,1,1,1,1,1,1,1,1,1,1
33.65464671201814,34.02744988662132,55,50,1,1,1,1,1,1,1,1,1,1,1,1,1,1,1,1,1,1,1,1,1,1,1,1,1,1,1,1,1,1,1,1,1
33.65464671201814,34.45701904761905,48,71,1,1,1,1,1,1,1,1,1,1,1,1,1,1,1,1,1,1,1,1,1,1,1,1,1,1,1,1,1,1,1,1,1,1,1,1,1,1,1,1,1,1,1,1,1,1,1,1,1,1,1,1,1,1,1,1,1,1,1,1,1,1,1,1,1,1,1,1,1,1
33.65464671201814,34.642778684807254,36,84,1,1,1,1,1,1,1,1,1,1,1,1,1,1,1,1,1,1,1,1,1,1,1,1,1,1,1,1,1,1,1,1,1,1,1,1,1,1,1,1,1,1,1,1,1,1,1,1,1,1,1,1,1,1,1,1,1,1,1,1,1,1,1,1,1,1,1,1,1,1,1,1,1,1,1,1,1,1,1,1,1,1,1,1,1,1
33.43405714285714,33.59659682539682,43,47,1,1,1,1,1,1,1,1,1,1,1,1,1,1
33.42244716553288,33.65464671201814,55,51,1,1,1,1,1,1,1,1,1,1,1,1,1,1,1,1,1,1,1,1
33.399227210884355,33.65464671201814,48,52,1,1,1,1,1,1,1,1,1,1,1,1,1,1,1,1,1,1,1,1,1,1
33.387617233560086,33.52693696145125,67,53,1,1,1,1,1,1,1,1,1,1,1,1
33.20185759637188,33.387617233560086,67,57,1,1,1,1,1,1,1,1,1,1,1,1,1,1,1,1
33.19024761904762,33.329567346938774,46,37,1,1,1,1,0,0,0,0,0,0,1,1
33.062537868480725,33.399227210884355,48,52,1,1,1,1,1,1,1,1,1,1,1,1,1,1,1,1,1,1,1,1,1,1,1,1,1,1,1,1,1
32.86516825396825,33.20185759637188,67,55,1,1,1,1,1,1,1,1,1,1,1,1,1,1,1,1,1,1,1,1,1,1,1,1,1,1,1,1,1
32.795508390022675,33.65464671201814,36,70,1,1,1,1,1,1,1,1,1,1,1,1,1,1,1,1,1,1,1,1,1,1,1,1,1,1,1,1,1,1,1,1,1,1,1,1,1,1,1,1,1,1,1,1,1,1,1,1,1,1,1,1,1,1,1,1,1,1,1,1,1,1,1,1,1,1,1,1,1,1,1,1,1,1
32.679408616780044,32.86516825396825,67,42,1,1,1,1,1,1,1,1,1,1,1,1,1,1,1,1
32.55169886621315,32.71423854875283,77,43,1,1,1,1,1,1,1,1,1,1,1,1,1,1
32.458819047619045,33.062537868480725,48,66,1,1,1,1,1,1,1,1,1,1,1,1,1,1,1,1,1,1,1,1,1,1,1,1,1,1,1,1,1,1,1,1,1,1,1,1,1,1,1,1,1,1,1,1,1,1,1,1,1,1,1,1
32.342719274376414,32.60974875283446,67,51,1,1,1,1,1,1,1,1,1,1,1,1,1,1,1,1,1,1,1,1,1,1,1
32.00602993197279,32.145349659863946,48,41,1,1,1,1,1,1,0,0,0,0,1,0
31.843490249433103,32.00602993197279,48,54,1,1,1,1,1,1,1,1,1,1,1,1,1,1
31.843490249433103,32.795508390022675,36,68,0,1,1,1,1,1,1,1,1,1,1,1,1,1,1,1,1,0,0,0,0,1,1,1,1,1,1,1,1,1,1,1,1,1,1,1,1,1,1,1,1,1,1,1,1,1,1,1,1,1,1,1,1,1,1,1,1,1,1,1,1,1,1,1,1,1,1,1,1,1,1,1,1,1,1,1,1,1,1,1,1,1
31.808660317460316,32.342719274376414,67,53,1,1,1,1,1,1,1,1,1,1,1,1,1,1,1,1,1,1,1,1,1,1,1,1,1,1,1,1,1,1,1,1,1,1,1,1,1,1,1,1,1,1,1,1,1,1
31.366197278911564,31.77254648526077,69,65,1,1,1,1,1,1,1,1,1,1,1,1,1,1,1,1,1,1,1,1,1,1,1,1,1,1,1,1,1,1,1,1,1,1,1
31.23848752834467,31.40102721088435,74,51,1,1,1,1,1,1,1,1,1,1,1,1,1,1
30.890188208616777,31.563566893424035,79,64,0,0,0,0,1,1,1,1,1,1,1,1,1,1,1,1,1,1,1,1,1,1,1,1,1,1,1,1,1,1,1,1,1,1,1,1,1,1,1,1,1,1,1,1,1,1,1,1,1,1,1,1,1,1,1,1,1,1
30.727648526077097,31.05272789115646,74,51,1,1,1,1,1,1,1,1,1,1,1,1,1,1,1,1,1,1,1,1,1,1,1,1,1,1,1,1
30.298079365079364,30.727648526077097,74,53,1,1,1,1,1,1,1,1,1,1,1,1,1,1,1,1,1,1,1,1,1,1,1,1,1,1,1,1,1,1,1,1,1,1,1,1,1
30.158759637188208,30.298079365079364,74,48,1,1,1,1,1,1,1,1,1,1,1,1
30.158759637188208,31.784156462585035,43,62,1,1,1,1,1,1,1,1,1,1,1,1,1,1,1,1,1,1,1,1,1,1,1,1,1,1,1,1,1,1,1,1,1,1,1,1,1,1,1,1,1,1,1,1,1,1,1,1,1,1,1,1,1,1,1,1,1,1,1,1,1,1,1,1,1,1,1,1,1,1,1,1,1,1,1,1,1,1,1,1,1,1,1,1,1,1,1,1,1,1,1,1,1,1,1,1,1,1,1,1,1,1,1,1,1,1,1,1,1,1,1,1,1,1,1,1,1,1,1,1,1,1,0,0,0,0,0,0,1,1,1,1,1,1,1,1,1,1,1,1
30.135539682539683,30.565108843537413,79,65,1,1,1,1,1,1,1,1,1,1,1,1,1,1,1,1,1,1,1,1,1,1,1,1,1,1,1,1,1,1,1,1,1,1,1,1,1
29.996219954648524,31.366197278911564,70,66,1,1,1,1,1,1,1,1,1,1,1,1,1,1,1,1,1,1,1,1,1,1,1,1,1,1,1,1,1,1,1,1,1,1,1,1,1,1,1,1,1,1,1,1,1,1,1,1,1,1,1,1,1,1,1,1,1,1,1,1,1,1,1,1,1,1,1,1,1,1,1,1,1,1,1,1,1,1,1,1,1,1,1,1,1,1,1,1,1,1,1,1,1,1,1,1,1,1,1,1,1,1,1,1,1,1,1,1,1,1,1,1,1,1,1,1,1,1
25.964990022675735,26.255239455782313,53,66,1,1,1,1,1,1,1,1,1,0,0,0,0,0,0,0,0,0,0,0,1,1,1,1,1
25.848890249433108,26.24362947845805,58,41,1,1,1,1,1,1,1,1,1,1,1,1,1,1,1,1,1,1,1,1,1,1,1,1,2,2,2,2,1,1,1,1,1,1
25.848890249433108,26.24362947845805,46,49,1,1,1,1,1,1,1,1,1,1,1,1,1,1,1,1,1,1,1,1,0,0,0,0,1,1,1,1,1,1,1,1,1,1
25.719896598639455,26.150749659863944,62,53,1,1,1,1,1,1,1,1,1,1,1,1,1,1,1,1,1,1,1,1,1,1,1,1,1,1,1,1,1,1,1,1,1,1,1,1,1,1
25.568966893424037,26.255239455782313,74,67,1,1,1,1,1,1,1,1,1,1,1,1,1,1,1,1,1,1,1,1,1,1,1,1,1,1,1,1,1,1,1,1,1,1,1,1,1,1,1,1,1,1,1,1,1,1,1,1,1,1,1,1,1,1,1,1,1,1,1,1
25.557356916099774,25.77794648526077,86,67,1,1,1,1,1,1,1,1,1,1,1,1,1,1,1,1,1,1,1
25.557356916099774,25.77794648526077,58,74,1,1,1,1,1,1,1,1,1,1,1,1,1,1,1,1,1,1,1
25.441257142857143,25.789556462585036,53,64,1,1,1,1,1,1,1,1,1,1,1,1,1,1,1,1,1,1,1,1,1,1,1,1,1,1,1,1,1,1
25.20905759637188,26.78929841269841,34,70,1,1,1,1,1,1,1,1,1,1,1,1,1,1,1,1,1,1,1,1,1,1,1,1,1,1,1,1,1,1,1,1,1,1,1,1,1,1,1,1,1,1,1,1,1,1,1,1,1,1,1,1,1,1,1,1,1,1,1,1,1,1,1,1,1,1,1,1,1,1,1,1,1,1,1,1,1,1,1,1,1,1,1,1,1,1,1,1,1,1,1,1,1,1,1,1,1,1,1,1,1,1,1,1,1,1,1,1,1,1,1,1,1,1,1,1,1,1,1,1,1,1,1,1,1,1,1,1,1,1,1,1,1,1,1,1,1
25.174227664399094,25.441257142857143,53,53,0,1,1,1,1,1,1,1,0,0,0,0,0,0,0,0,0,1,1,1,1,1,1
25.12778775510204,25.568966893424037,74,81,1,1,1,1,1,1,1,1,1,1,1,1,1,1,1,1,1,1,1,1,1,1,1,1,1,1,1,1,1,1,1,1,1,1,1,1,1,1
25.12778775510204,25.51091700680272,62,45,1,1,1,1,1,1,1,1,1,1,1,1,1,1,1,1,1,1,1,1,1,1,1,1,1,1,1,1,1,1,1,1,1
24.860758276643992,25.12778775510204,62,53,1,1,1,1,1,1,1,1,1,1,1,1,1,1,1,1,1,1,1,1,1,1,1
24.860758276643992,25.174227664399094,53,55,1,1,1,1,1,1,1,1,1,1,1,1,0,0,0,0,0,0,1,1,1,0,0,0,0,0,0
24.62855873015873,24.791098412698414,70,53,1,1,1,1,1,1,1,1,1,1,1,1,1,1
24.338309297052156,25.20905759637188,34,66,1,1,1,1,1,1,1,1,1,1,1,1,1,1,1,1,1,1,1,1,1,1,1,1,1,1,1,1,1,1,1,1,1,1,0,0,0,0,0,0,1,1,1,1,1,1,1,1,1,1,1,1,1,1,1,1,1,1,1,1,1,1,1,1,1,1,1,1,1,1,1,1,1,1,1
24.32669931972789,24.570508843537414,62,49,1,1,1,1,1,1,1,1,1,1,1,1,1,1,1,1,1,1,1,1,1
23.850690249433107,24.291869387755103,72,63,1,1,1,1,1,1,1,1,1,1,1,1,1,1,1,1,1,1,1,1,1,1,1,1,1,1,1,1,1,1,1,1,1,1,1,1,1,1
23.501107029478458,24.152549659863947,67,59,1,1,1,1,1,1,1,1,1,1,1,1,1,1,1,1,1,1,1,1,1,1,1,1,1,1,1,1,1,1,1,1,1,1,1,1,1,1,1,1,1,1,1,1,1,1,1,1,1,1,1,1,1,1,1,1,1
23.396617233560093,23.966790022675738,79,73,1,1,1,1,1,1,1,1,1,1,1,1,1,1,1,1,1,1,1,1,1,1,1,1,1,1,1,1,1,1,1,1,1,1,1,1,1,1,1,1,1,1,1,1,1,1,1,1,1,1
23.31534739229025,23.501107029478458,67,65,1,1,1,1,1,1,1,1,1,1,1,1,1,1,1,1
22.978658049886622,23.31534739229025,67,71,1,1,1,1,1,1,1,1,1,1,1,1,1,1,1,1,1,1,1,1,1,1,1,1,1,1,1,1,1
22.96704807256236,24.268649433106578,48,68,1,1,1,1,1,1,1,1,1,1,1,1,1,1,1,1,1,1,1,1,1,1,1,1,1,1,1,1,1,1,1,1,1,1,1,1,1,1,1,1,1,1,1,1,1,1,1,1,1,1,1,1,1,1,1,1,1,1,1,1,1,1,1,1,1,1,1,1,1,1,1,1,1,1,1,1,1,1,1,1,1,1,1,1,1,1,1,1,1,1,1,1,1,1,1,1,1,1,1,1,1,0,0,0,1,1,1,1,1,1,1,1,1
22.39815918367347,24.152549659863947,64,65,1,1,1,1,1,1,1,1,1,1,1,1,1,1,1,1,1,1,1,1,1,1,1,1,1,1,1,1,1,1,1,1,1,1,1,1,1,1,1,1,1,1,1,1,1,1,1,1,1,1,1,1,1,1,1,1,1,1,1,1,1,1,1,1,1,0,0,1,1,1,1,1,1,1,1,1,1,1,1,1,1,1,1,1,1,1,1,1,1,1,1,1,1,1,1,1,1,1,1,1,1,1,1,1,1,1,1,1,1,1,1,1,1,1,1,1,1,1,1,1,1,1,1,1,1,1,1,1,1,1,1,1,1,1,1,1,1,1,1,1,1,1,1,1,1,1,1,1,1,1,1,1
22.247229478458053,22.39815918367347,64,45,1,1,1,1,1,1,1,1,1,1,1,1,1
22.09629977324263,22.247229478458053,64,67,1,1,1,1,1,1,1,1,1,1,1,1,1
22.00341995464853,22.444599092970524,77,59,1,1,1,1,1,1,1,1,1,1,1,1,1,1,1,1,1,1,1,1,1,1,1,1,1,1,1,1,1,1,1,1,1,1,1,1,1,1
21.887320181405897,22.537478911564627,67,60,1,1,1,1,1,1,1,1,1,1,1,1,1,1,1,1,1,1,1,1,1,1,1,1,1,1,1,1,1,1,1,1,1,1,1,1,1,1,1,1,1,1,1,1,1,1,1,1,1,1,1,1,1,1,1,1
21.875710204081635,22.17756961451247,79,57,1,1,1,1,1,1,1,1,1,1,1,1,1,1,1,1,1,1,1,1,1,1,1,1,1,-5
21.66544671201814,21.887320181405897,67,72,1,1,1,1,1,1,1,1,1,1,1,1,1,1,1,1,1,1,1,1
21.65383673469388,22.09629977324263,64,63,1,1,1,1,1,1,1,1,1,1,1,1,1,1,1,1,1,1,1,1,1,1,1,1,1,1,1,1,1,1,1,1,1,1,1,1,1,1,1
21.50290702947846,21.875710204081635,79,47,1,1,1,1,1,1,1,1,1,1,1,1,1,1,1,1,1,1,1,1,1,1,1,1,1,1,1,1,1,1,1,1,1
21.479687074829933,21.66544671201814,67,60,1,1,1,1,1,1,1,1,1,1,1,1,1,1,1,1
21.410027210884355,21.65383673469388,64,57,1,1,1,1,1,1,1,1,1,1,1,1,1,1,1,1,1,1,1,1,1
21.340367346938777,24.44279909297052,36,84,1,1,1,1,1,1,1,1,1,1,1,1,1,1,1,1,1,1,1,1,1,1,1,1,1,1,1,1,1,1,1,1,1,1,1,1,1,1,1,1,1,1,1,1,1,1,1,1,1,1,1,1,1,1,1,1,1,1,1,1,1,1,1,1,1,1,1,1,1,1,1,1,1,1,1,1,1,1,1,1,1,1,1,1,1,1,1,1,1,1,1,1,1,1,1,1,1,1,1,1,1,1,1,1,1,1,1,1,1,1,1,1,1,1,1,1,1,1,1,1,1,1,1,1,1,1,1,1,1,1,1,1,1,1,1,1,1,1,1,1,1,1,1,1,1,1,1,1,1,1,1,1,1,1,1,1,1,1,1,1,1,1,1,1,1,1,1,1,1,1,1,1,1,1,1,1,1,1,1,1,1,1,1,1,1,1,1,1,1,1,1,1,1,1,1,1,1,1,1,1,1,1,1,1,1,1,1,1,1,1,1,1,1,1,1,1,1,1,1,1,1,1,1,1,1,1,1,1,1,1,1,1,1,1,1,1,1,1,1,1,1,1,1,1,1,1,1,1,1,2,2,2,2,2,1,1,1,1,1,1,1,1,1,1,1,1,1,1,1
21.061727891156465,21.50290702947846,79,63,1,1,1,1,1,1,1,1,1,1,1,1,1,1,1,1,1,1,1,1,1,1,1,1,1,1,1,1,1,1,1,1,1,1,1,1,-5,1
20.7366485260771,21.00367800453515,64,53,1,1,1,1,1,1,1,1,1,1,1,1,1,1,1,1,1,1,1,1,1,1,1
20.690208616780048,21.340367346938777,36,79,1,1,1,1,1,1,1,1,1,1,1,1,1,1,1,1,1,1,1,1,1,1,1,1,1,1,1,1,1,1,1,1,1,1,1,1,1,1,1,1,1,1,1,1,1,1,1,1,1,1,1,1,1,1,1,1
19.81817641723356,20.13292970521542,79,58,1,1,1,1,1,1,1,1,1,1,1,1,1,1,1,1,1,1,1,1,1,1,1,1,1,1,1,1
17.796756462585034,18.877768253968252,44,55,2,2,2,2,2,2,2,2,2,2,2,2,2,2,2,2,2,2,2,2,2,2,2,2,2,2,2,2,2,2,2,2,2,2,2,3,3,3,2,2,2,2,2,2,3,3,3,2,2,2,2,2,2,2,2,2,3,3,3,2,2,2,2,2,2,2,2,2,2,2,2,2,2,2,2,2,2,2,2,2,2,2,2,2,2,2,2,2,2,2,2,2,2,2
16.380339229024944,16.78668843537415,77,69,1,1,1,1,1,1,1,1,1,1,1,1,1,1,1,1,1,1,1,1,1,1,1,1,1,1,1,1,1,1,1,1,1,1,1
16.345509297052153,16.5196589569161,65,61,1,1,1,1,1,1,1,1,1,1,1,1,1,1,1
16.18296961451247,16.809908390022674,41,63,1,1,1,1,1,1,1,1,1,1,1,1,1,1,1,1,1,1,1,1,1,1,1,1,1,1,1,1,1,1,1,1,1,1,1,1,1,1,1,1,1,1,1,1,1,1,1,1,1,1,1,1,1,1
16.10169977324263,16.728638548752834,29,66,1,1,1,1,1,1,1,1,1,1,1,1,1,1,1,1,1,1,1,1,1,1,1,1,1,1,1,1,1,1,1,1,1,1,1,1,1,1,1,1,1,1,1,1,1,1,1,1,1,1,1,1,1,1
16.090089795918367,16.40355918367347,57,58,1,1,1,1,1,1,1,1,1,1,1,1,1,1,1,1,1,1,1,1,1,1,1,1,1,1,1
15.927550113378683,16.461609070294784,60,53,1,1,1,1,1,1,1,1,1,1,1,1,1,1,1,1,1,1,1,1,1,1,1,1,1,1,1,1,1,1,1,1,1,1,1,1,1,1,1,1,1,1,1,1,1,1
15.91594013605442,16.40355918367347,72,66,1,1,1,1,1,1,1,1,1,1,1,1,1,1,1,1,1,1,1,1,1,1,1,1,1,1,1,1,1,1,1,1,1,1,1,1,1,1,1,1,1,1
15.91594013605442,16.41516916099773,69,60,1,1,1,1,1,1,1,1,1,1,1,1,1,1,1,1,1,1,1,1,1,1,1,1,1,1,1,1,1,1,1,1,1,1,1,1,1,1,1,1,1,1,1
15.91594013605442,16.090089795918367,57,69,1,1,1,1,1,1,1,1,1,1,1,1,1,1,1
15.91594013605442,16.18296961451247,41,72,1,1,1,1,1,1,1,1,1,1,1,1,1,1,1,1,1,1,1,1,1,1,1
15.82177641723356,16.40355918367347,79,69,1,1,1,1,1,1,1,1,1,1,1,1,1,1,1,1,1,1,1,1,1,1,1,1,1,1,1,1,1,1,1,1,1,1,1,1,1,1,1,1,1,1,1,1,1,1,1,1,1,1,1
15.752116553287982,15.91594013605442,41,73,1,1,1,1,1,1,1,1,1,1,1,1,1,1,1
15.682456689342404,15.91594013605442,57,52,1,1,1,1,1,1,1,1,1,1,1,1,1,1,1,1,1,1,1,1,1
15.67084671201814,15.91594013605442,69,56,1,1,1,1,1,1,1,1,1,1,1,1,1,1,1,1,1,1,1,1,1,1
15.659236734693877,15.927550113378683,60,56,1,1,1,1,1,1,1,1,1,1,1,1,1,1,1,1,1,1,1,1,1,1,1,1
15.601186848072562,15.91594013605442,72,71,1,1,1,1,1,1,1,1,1,1,1,1,1,1,1,1,1,1,1,1,1,1,1,1,1,1,1,1
15.473477097505668,15.624406802721088,53,63,1,1,1,1,1,1,1,1,1,1,1,1,2
15.461867120181406,15.810166439909297,65,60,1,1,1,1,1,1,1,1,1,1,1,1,1,1,1,1,1,1,1,1,1,1,1,1,1,1,1,1,1,1
15.461867120181406,15.682456689342404,57,74,1,1,1,1,1,1,1,1,1,1,1,1,1,1,1,1,1,1,1
15.299327437641724,15.601186848072562,72,69,1,1,1,1,1,1,1,1,1,1,1,1,1,1,1,1,1,1,1,1,1,1,1,1,1,1
15.28771746031746,15.473477097505668,53,49,1,1,1,1,1,1,1,1,1,1,1,1,1,1,1,1
15.264497505668935,15.461867120181406,57,53,0,0,0,1,1,1,1,1,1,1,1,1,1,1,1,1,1
14.892978231292517,15.299327437641724,72,60,1,1,1,1,1,1,1,1,1,1,1,1,1,1,1,1,1,1,1,1,1,1,1,1,1,1,1,1,1,1,1,1,1,1,1
14.358919274376417,14.591118820861677,72,52,1,1,1,1,1,1,1,1,1,1,1,1,1,1,1,1,1,1,1,1
14.207989569160997,14.498239002267573,76,59,1,1,1,1,1,1,1,1,1,1,1,1,1,1,1,1,1,1,1,1,1,1,1,1,1
13.765526530612245,14.358919274376417,72,60,1,1,1,1,1,1,1,1,1,1,1,1,1,1,1,1,1,1,1,1,1,1,1,1,1,1,1,1,1,1,1,1,1,1,1,1,1,1,1,1,1,1,1,1,1,1,1,1,1,1,1,1
13.742306575963719,13.999009977324263,77,63,1,1,1,1,1,1,1,1,1,1,1,1,1,1,1,1,1,1,1,1,1,1,1
13.62620680272109,14.33569931972789,36,86,0,0,0,0,0,1,1,1,1,1,1,1,1,1,1,1,1,1,1,1,1,1,1,1,1,1,1,1,1,1,1,1,1,1,1,1,1,1,1,1,1,1,1,1,1,1,1,1,1,1,1,1,1,1,1,1,1,1,1,1,1,1
13.568156916099774,13.742306575963719,77,72,1,1,1,1,1,1,1,1,1,1,1,1,1,1,1
13.428837188208616,13.62620680272109,36,95,0,0,0,0,0,0,0,0,0,0,0,0,0,0,0,0,0
13.277907482993198,13.428837188208616,36,91,0,0,0,0,0,0,0,0,0,0,0,0,0
13.231467573696145,13.765526530612245,72,59,1,1,1,1,1,1,1,1,1,1,1,1,1,1,1,1,1,1,1,1,1,1,1,1,1,1,1,1,1,1,1,1,1,1,1,1,1,1,1,1,1,1,1,1,1,1
13.080537868480725,13.277907482993198,36,66,-1,-1,-1,0,0,0,0,0,0,0,0,0,0,0,0,0,0
12.929608163265307,13.080537868480725,41,59,0,1,1,1,1,1,1,1,1,1,1,1,1
12.662578684807256,13.335957369614512,77,61,1,1,1,1,1,1,1,1,1,1,1,1,1,1,1,1,1,1,1,1,1,1,1,1,1,1,1,1,1,1,1,1,1,1,1,1,1,1,1,1,1,1,1,1,1,1,1,1,1,1,1,1,1,1,1,1,1,1
12.5232589569161,12.662578684807256,81,64,1,1,1,1,1,1,1,1,1,1,1,1
12.233009523809525,12.395549206349207,57,58,0,0,0,0,0,1,1,1,1,1,1,1,1,1
12.000809977324263,12.29105941043084,69,52,1,1,1,1,1,1,1,1,1,1,1,1,1,1,1,1,1,1,1,1,1,1,1,1,1
11.9892,12.5232589569161,81,66,1,1,1,1,1,1,1,1,1,1,1,2,2,2,1,1,1,1,1,1,1,1,1,1,1,1,1,1,1,1,1,1,1,1,1,1,1,1,1,1,1,1,1,1,1,1
11.221657596371882,11.488687074829933,81,67,4,1,1,1,1,1,1,1,1,1,1,1,1,1,1,1,1,1,1,1,1,1,1
11.221657596371882,11.51190702947846,57,70,1,1,1,1,1,1,1,1,1,1,1,1,1,1,1,1,1,1,1,1,1,1,1,1,1
10.64115873015873,10.838528344671202,53,38,1,1,1,1,1,1,1,1,1,1,1,1,1,1,1,1,1
10.583108843537415,10.82691836734694,84,74,1,1,1,1,1,1,1,1,1,1,1,1,1,1,1,1,1,1,1,1,1
10.118709750566895,10.850138321995466,57,57,0,0,0,0,0,0,1,1,1,1,1,1,1,1,1,1,1,1,1,1,1,1,1,1,1,1,1,1,1,0,0,1,1,1,1,1,1,1,1,0,0,0,0,1,1,1,1,1,1,1,1,1,1,1,1,1,1,1,1,1,1,1,1
9.583366893424035,11.604786848072564,41,79,1,1,1,1,1,1,1,1,1,1,1,1,1,1,1,1,1,1,1,1,1,1,0,1,1,1,1,1,1,1,1,1,1,1,1,1,1,1,1,1,1,1,1,1,1,1,1,1,1,1,1,1,1,1,1,1,1,0,1,1,1,1,1,1,1,1,1,1,1,1,1,1,1,1,1,1,1,1,1,1,1,1,1,1,0,0,0,0,0,1,1,1,1,1,1,1,1,1,1,1,1,1,1,1,1,1,1,1,1,1,1,1,1,1,1,1,1,1,1,1,1,1,1,1,1,1,1,1,1,1,1,1,1,1,1,1,1,1,1,1,1,1,1,1,1,1,1,1,1,1,1,1,1,1,1,1,1,1,1,1,1,1,1,1,1,1,1,1,1,1,1,1,1,1,1
9.432437188208617,9.583366893424035,41,88,1,1,1,1,1,1,1,1,1,1,1,1,1
9.25828752834467,9.420827210884353,48,67,1,0,0,0,0,0,0,0,0,0,1,1,0,0
8.921598185941043,10.478619047619048,72,64,1,1,1,1,1,1,1,1,1,1,1,1,1,1,1,1,1,1,1,1,0,0,0,0,0,0,0,0,0,0,1,0,0,0,0,0,1,1,1,1,1,1,1,1,1,1,1,1,1,1,1,1,1,1,1,1,1,1,1,1,1,1,1,1,1,1,1,1,1,1,1,1,1,1,1,1,1,1,1,1,1,1,1,1,1,1,1,1,1,1,1,1,1,1,1,1,1,1,1,1,1,1,1,1,1,1,1,1,1,1,1,1,1,1,1,1,1,1,1,1,1,1,1,1,1,1,1,1,1,1,1,1,1,1,1
8.526858956916099,9.455657142857142,60,68,1,1,1,1,1,1,1,1,1,1,1,1,1,1,1,1,1,1,1,1,1,1,1,1,1,1,1,1,1,1,1,1,1,1,1,1,1,1,1,1,1,1,1,1,1,1,1,1,1,1,1,1,1,1,0,0,0,1,1,1,1,1,1,1,1,1,1,1,1,1,1,1,1,1,1,1,1,1,1,1
8.480419047619048,8.921598185941043,72,62,1,1,1,1,1,1,1,1,1,1,0,0,1,1,1,1,1,1,1,1,1,1,1,1,1,1,1,1,1,1,1,1,1,1,0,0,0,0
8.364319274376417,9.25828752834467,48,69,1,1,1,1,1,1,1,1,1,1,1,1,1,1,1,1,1,1,1,1,1,1,1,1,1,1,1,1,1,1,1,1,1,1,1,1,1,1,1,1,1,1,1,1,1,1,1,1,1,1,1,1,1,1,1,1,1,1,1,1,1,1,1,1,1,1,1,1,0,0,0,0,1,1,1,1,1
8.306269387755101,8.526858956916099,60,67,1,1,1,1,1,1,1,1,1,1,1,1,1,1,1,1,1,1,1
7.666436734693877,8.480419047619048,72,64,1,1,1,1,1,1,1,1,1,1,1,1,1,1,1,1,1,1,1,1,1,1,1,1,1,1,1,1,1,1,1,1,1,1,1,1,1,1,1,1,1,1,1,1,1,1,1,1,1,1,1,1,1,1,1,1,1,1,1,1,1,1,1,1,1,1,1,1,1,1,1
7.573556916099774,8.840328344671201,36,73,1,1,1,1,1,1,1,1,1,1,1,1,1,1,1,1,1,1,1,1,1,0,0,0,0,0,0,0,0,0,0,0,0,1,1,1,1,1,1,1,1,1,1,1,1,1,1,1,1,1,1,1,1,1,1,1,1,1,1,1,1,1,1,1,1,1,1,1,1,1,1,1,1,1,1,1,1,1,1,1,1,1,1,1,1,1,1,1,1,1,1,1,1,1,1,1,1,1,1,1,1,1,1,1,1,2,2,2,2,2
7.5271170068027216,8.306269387755101,60,49,1,1,1,1,1,1,1,1,1,1,1,1,1,1,1,1,1,1,1,1,1,1,1,1,1,1,1,1,1,1,1,1,1,1,1,1,1,1,1,1,1,1,1,1,1,1,1,1,1,1,1,1,1,1,2,2,2,2,2,2,1,1,1,1,1,1,1,1
7.44584716553288,7.666436734693877,72,47,1,1,1,1,1,1,1,1,1,1,1,1,1,1,1,1,1,1,1
7.202037641723356,7.422627210884354,58,58,1,1,1,1,1,1,1,1,1,1,1,1,1,1,1,1,1,1,1
6.969838095238095,7.2949174603174605,62,54,1,2,2,2,2,1,1,1,1,1,1,1,1,1,1,1,1,1,1,1,1,1,1,1,1,1,1,1
6.7260285714285715,7.097547845804989,67,74,1,1,1,1,1,1,1,1,1,1,1,1,1,1,1,1,1,1,1,1,1,1,1,1,1,1,1,1,1,1,1,1
6.203579591836735,6.435779138321996,70,53,1,1,1,1,1,1,1,1,1,1,1,1,0,1,1,1,1,1,1,1
6.006209977324263,6.7260285714285715,67,81,1,1,1,1,1,1,1,1,1,1,1,1,1,1,1,1,1,1,1,1,1,1,1,1,1,1,1,1,1,1,1,1,1,1,1,1,1,1,1,1,1,1,1,1,1,1,1,1,1,1,1,1,1,1,1,1,1,1,1,1,1,1
5.842386394557823,6.180359637188209,58,59,1,1,1,1,1,1,1,1,1,0,0,0,0,0,0,0,0,0,0,0,1,1,1,1,1,1,1,1,1,1
5.691456689342403,5.842386394557823,58,70,1,1,1,1,1,1,1,1,1,1,1,1,1
5.319937414965986,5.494087074829932,53,48,1,1,1,1,1,1,1,1,1,1,1,1,1,0,0
5.215447619047619,5.552136961451247,77,46,1,1,1,1,1,1,1,1,1,1,1,1,1,1,1,1,1,1,1,1,1,1,1,1,1,1,1,1,1
5.215447619047619,5.575356916099773,65,58,0,1,1,1,1,1,1,1,1,1,1,1,1,1,1,1,1,1,1,1,1,1,1,1,1,1,1,1,1,1,1
5.02968798185941,5.215447619047619,64,72,1,1,1,1,1,1,1,1,1,1,1,1,1,1,1,1
4.739438548752834,5.02968798185941,64,76,0,1,1,1,1,1,1,1,1,1,1,1,1,1,1,1,1,1,1,1,1,1,1,1,1
4.2982594104308385,4.692998639455782,65,76,1,1,1,1,1,1,1,1,1,1,1,1,1,1,1,0,0,0,1,1,1,1,1,1,1,1,1,1,1,1,1,1,1,1
4.158939682539683,4.2982594104308385,65,70,1,1,1,1,1,1,1,1,1,1,1,1
3.844186394557823,4.704608616780045,34,72,1,1,1,1,1,1,1,1,1,1,1,1,1,1,1,1,0,0,1,1,1,1,1,1,1,1,0,0,0,0,0,0,0,0,0,0,0,0,0,1,1,1,1,1,1,1,1,1,1,1,1,1,1,1,1,1,1,1,1,1,1,1,1,1,1,1,0,0,0,0,0,0,0,0,0
3.7396965986394557,4.100889795918367,46,50,1,1,1,1,1,1,0,0,0,0,1,1,1,1,1,1,1,1,1,1,1,1,1,1,1,1,1,1,1,1,1,1
3.7048666666666668,5.02968798185941,58,65,1,1,1,1,1,1,1,1,1,1,1,1,1,1,1,1,1,1,1,1,1,1,1,1,1,1,1,1,1,1,1,1,1,1,1,1,1,1,1,1,1,1,1,1,1,1,1,1,1,1,1,1,1,1,1,1,1,1,1,1,1,1,1,1,1,1,1,1,1,0,0,1,1,1,1,1,1,1,1,1,1,1,1,1,1,1,1,1,1,1,1,1,1,1,1,1,1,1,1,1,1,1,1,1,1,1,1,1,1,1,1,1,1,1,1
3.275297505668934,3.6932566893424035,65,55,1,1,1,1,1,1,1,1,1,1,1,1,1,1,1,1,1,1,1,1,1,1,1,1,1,1,1,1,1,1,1,1,1,1,1,1
3.205637641723356,3.588766893424036,77,51,1,1,1,1,1,1,1,1,1,1,1,1,1,1,1,1,1,1,1,1,1,1,1,1,1,1,1,1,1,1,1,1,1
3.205637641723356,4.066059863945578,53,60,1,1,1,1,1,1,1,1,1,1,1,1,1,1,1,1,1,1,1,1,1,1,1,1,1,1,1,1,1,1,1,1,1,1,1,1,1,1,1,1,1,1,1,1,1,1,1,1,1,1,1,1,1,1,1,1,1,1,1,1,1,1,1,1,1,1,1,1,2,2,1,1,1,1,2
2.8457283446712016,3.3565673469387756,69,77,1,1,1,1,1,1,1,0,0,0,0,0,1,1,1,1,1,1,1,1,1,1,1,1,1,1,1,1,1,1,1,1,1,1,1,1,1,1,1,1,1,1,1,1
2.5438689342403626,2.8457283446712016,69,82,1,1,1,1,1,1,1,1,1,1,1,1,1,1,1,1,1,1,1,1,1,1,1,1,1,1
1.8343764172335602,2.5438689342403626,69,69,1,1,1,1,1,1,1,1,1,1,1,1,1,1,1,1,1,1,1,1,1,1,1,1,1,1,1,1,1,1,1,1,1,1,1,1,1,1,1,1,1,1,1,1,1,1,1,1,1,1,1,1,1,1,1,1,1,1,1,1,1,1
1.811156462585034,2.009809977324263,81,55,1,1,1,1,1,1,1,1,1,1,1,1,1,1,1,1,1,1
1.799546485260771,1.9504761904761905,57,49,1,1,1,1,1,1,1,1,1,1,1,1,1
1.7763265306122449,1.9156462585034013,53,53,1,1,1,1,1,1,1,1,1,1,1,1
1.555736961451247,1.7763265306122449,53,66,1,1,1,1,1,1,1,1,1,1,1,1,1,1,1,1,1,1,1
1.3235374149659864,1.7531065759637188,82,58,1,1,1,1,1,1,1,1,1,1,1,1,1,1,1,1,1,1,1,1,1,1,1,1,1,1,1,1,1,1,1,1,1,1,1,1,1
1.3235374149659864,1.8343764172335602,70,80,0,0,0,1,1,1,1,1,1,1,1,1,1,1,1,1,1,1,1,1,1,1,1,1,1,1,1,1,1,1,1,1,1,1,1,1,1,1,1,1,1,1,1,-2
1.0100680272108844,1.555736961451247,53,51,0,1,1,1,1,1,1,1,1,1,1,0,0,0,0,0,0,0,0,1,1,1,1,0,0,0,0,0,0,0,1,1,1,1,1,1,1,1,1,1,1,1,1,1,1,1,1
0.8707482993197279,1.4628571428571429,72,54,1,1,1,1,1,1,1,1,1,1,1,1,1,1,1,1,1,1,1,1,1,1,1,1,0,1,1,1,1,1,1,1,1,1,1,1,1,1,1,1,1,1,1,-5,-5,-5,-5,-5,-5,-5,-5
0.8591383219954648,1.3003174603174603,84,69,1,1,1,1,1,1,1,1,1,1,1,1,1,1,1,1,1,1,1,1,1,1,1,1,1,1,1,1,1,1,1,1,1,1,1,1,1,1
0.3831292517006803,0.8823582766439909,60,42,1,1,1,1,1,1,1,1,1,1,1,1,1,1,1,1,1,1,1,1,1,1,1,1,1,1,1,1,1,1,1,1,1,1,1,1,1,1,1,1,1,1,1
101.91980997732426,102.07073968253968,59,89,0,1,1,1,1,1,1,1,1,1,1,1,1
105.95103990929705,106.09035963718821,45,79,1,1,1,1,1,1,1,1,1,1,1,1
22.31688934240363,23.385007256235827,79,80,-5,-5,-5,-5,1,1,1,1,1,-5,-5,1,1,1,1,1,1,1,1,1,1,1,1,1,1,1,1,1,1,1,1,1,1,1,1,1,1,1,1,1,1,1,1,1,1,1,1,1,1,1,1,1,1,1,1,1,1,1,1,1,1,1,1,1,1,1,1,1,1,1,1,1,1,1,1,1,1,1,1,1,1,1,1,1,1,1,1,1,1,1,1,1
151.46846077097507,151.60778049886622,75,74,1,1,1,1,1,1,1,1,1,1,1,1
10.757258503401362,11.21004761904762,82,75,1,1,1,1,1,1,1,1,1,1,1,1,1,1,1,1,1,1,1,1,1,1,1,1,1,1,1,1,1,1,1,1,1,1,1,1,1,1,1
25.267107482993197,25.545746938775512,86,75,1,1,1,1,1,1,1,1,1,1,1,1,1,1,1,1,1,1,1,1,1,1,1,1
0.10448979591836735,3.6468167800453513,41,70,1,1,1,1,1,1,1,1,1,1,1,1,1,1,1,1,1,1,1,1,1,1,1,1,1,1,1,1,1,1,1,1,1,1,1,1,1,1,1,1,1,1,1,1,1,1,1,1,1,1,1,1,1,1,1,1,1,1,1,1,1,1,1,1,1,1,1,1,1,1,1,1,1,1,1,1,1,1,1,1,1,1,1,1,1,1,1,1,1,1,1,1,1,1,1,1,1,1,1,1,1,1,1,1,1,1,1,1,1,1,1,1,1,1,1,1,1,1,1,1,1,1,1,1,1,1,1,1,1,1,1,1,1,1,1,1,1,1,1,1,1,1,1,1,1,1,1,1,1,1,1,1,1,1,1,1,1,1,1,1,1,1,1,1,1,1,1,1,1,1,1,1,1,1,1,1,1,1,1,1,1,1,1,1,1,1,1,1,1,1,1,1,1,1,1,1,1,1,1,1,1,1,1,1,1,1,1,1,1,1,1,1,1,1,1,1,1,1,1,1,1,1,1,1,1,1,1,1,1,1,1,1,1,1,1,1,1,1,1,1,1,1,1,1,1,1,1,1,1,1,1,1,1,1,1,1,1,1,1,1,1,1,1,1,1,1,1,1,1,1,1,1,1,1,1,1,1,1,1,1,1,1,1,1,1,1,1,1,1,1,1,1,1,1,1,1,1,1,1,1,1,1,1,1,1,1
164.6418784580499,164.99146167800455,87,57,1,-8,1,1,1,1,1,1,1,1,1,1,1,1,0,0,1,1,1,1,1,1,1,1,1,1,1,1,1,1,1
52.8007283446712,53.35800725623583,74,67,1,1,1,1,1,1,1,1,1,1,1,1,1,1,1,1,1,1,1,1,1,1,1,1,1,1,1,1,1,1,1,1,1,1,1,1,1,1,1,1,1,1,1,1,1,1,1,1
43.099977777777774,43.49471700680272,69,64,1,1,1,1,1,1,1,1,1,1,1,1,1,1,1,1,1,1,1,1,1,1,1,1,1,1,1,1,1,1,1,1,1,1
162.80621814058958,163.07453151927436,41,53,1,1,1,1,1,1,1,1,1,-1,-1,0,0,1,1,1,1,1,1,1,1,1,1,1
161.20404126984127,161.5987804988662,77,57,1,1,1,1,1,1,1,1,1,1,1,1,1,1,1,1,1,1,1,1,1,1,1,1,1,1,1,1,1,1,1,1,1,1
162.89909795918368,163.07453151927436,82,73,1,1,1,1,1,1,1,1,1,1,1,1,1,1,1,1
15.125177777777777,16.090089795918367,29,69,0,0,0,0,0,1,1,1,1,1,1,1,1,1,1,1,1,1,1,1,1,1,1,1,1,1,1,1,1,1,1,1,1,1,1,1,1,1,1,1,1,1,1,1,1,1,1,1,1,1,1,1,1,1,1,1,1,1,1,1,1,1,1,1,2,2,2,2,1,1,1,1,1,1,1,1,1,1,1,1,1,1,1,1
205.01351156462587,205.54757052154196,31,64,1,1,1,1,1,1,1,1,1,1,1,1,1,1,1,0,0,0,0,1,1,1,1,1,1,1,1,1,1,1,1,1,1,1,1,1,1,1,1,1,1,1,0,0,0,0
272.14993922902494,272.5343523809524,31,61,0,1,1,2,2,2,2,2,2,2,1,1,1,1,1,1,1,1,1,1,1,1,1,1,1,1,1,1,1,1,1,1,1,1
24.32669931972789,25.11617777777778,74,67,1,1,1,1,1,1,1,1,1,1,1,1,1,1,1,1,1,1,1,1,1,1,1,1,1,1,1,1,1,1,1,1,1,1,1,1,1,1,1,1,1,1,1,1,1,1,1,1,1,1,1,1,1,1,1,1,1,1,1,1,1,1,1,1,1,1,1,1
130.544768707483,130.68408843537415,61,70,1,1,1,1,1,1,1,1,1,1,1,1
67.86914013605443,68.17099954648526,71,69,1,1,1,1,1,1,1,1,1,1,1,1,1,1,1,1,1,1,1,1,1,1,1,1,1,1
9.40921723356009,11.233267573696146,29,58,1,1,1,1,1,1,1,1,1,1,1,1,1,1,1,1,1,1,1,1,1,1,1,1,1,1,1,1,1,1,1,1,1,1,1,1,1,0,0,0,0,0,0,0,0,0,0,0,0,1,1,1,1,1,1,1,1,1,1,1,1,1,1,1,1,1,0,1,1,1,1,1,1,1,1,1,1,1,1,1,1,1,1,1,1,1,1,1,1,1,1,1,1,1,1,1,1,1,1,1,1,1,1,1,1,1,1,1,1,1,1,1,1,1,1,1,1,1,1,1,1,1,1,1,1,1,1,1,1,1,1,1,1,1,1,1,1,1,1,1,1,1,1,1,1,1,1,1,1,1,1,1,1,1,1,1,1,1
14.5214589569161,15.032297959183673,77,69,-2,1,1,1,1,1,1,1,1,1,1,1,1,1,1,1,1,1,1,1,1,1,1,1,1,1,1,1,1,1,1,1,1,1,1,1,1,1,1,1,1,1,1,1
278.13421315192744,278.80759183673473,62,56,1,1,1,1,1,1,1,1,1,1,1,1,1,1,1,1,1,1,1,1,1,1,1,1,1,1,1,1,1,1,1,1,1,1,1,1,1,1,1,1,1,1,1,1,1,1,1,1,1,1,1,1,1,1,1,1,1,1
111.46963083900226,111.63217052154195,64,48,1,1,1,1,1,1,1,1,1,1,1,1,1,1
2.1955696145124715,3.194027664399093,53,74,1,1,1,1,1,1,1,1,1,1,1,1,1,1,1,1,1,1,1,1,1,1,1,1,1,0,1,1,1,1,1,1,1,1,1,1,1,1,1,1,1,1,0,0,0,0,1,1,1,1,1,1,1,1,1,1,1,1,1,1,1,1,1,1,1,1,1,1,1,1,1,1,1,1,1,1,1,1,1,1,1,1,1,1,1,1
7.411017233560091,7.5619469387755105,36,71,1,1,1,1,1,1,1,1,1,1,1,1,1
16.82151836734694,17.808366439909296,70,61,1,1,1,1,1,1,1,1,1,1,1,1,1,1,1,1,1,1,1,1,1,1,1,1,1,1,1,1,1,1,1,1,1,1,1,1,1,1,1,1,1,1,1,1,1,1,1,1,1,1,1,1,1,1,1,1,1,1,1,1,1,1,1,1,1,1,1,1,1,1,1,1,1,1,1,1,1,1,1,1,1,1,1,1,1
116.60380861678004,116.76634829931973,64,63,1,1,1,1,1,1,1,1,1,1,1,1,1,1
22.16595963718821,22.955438095238097,48,66,1,1,1,1,1,1,1,1,1,1,1,1,1,1,1,1,1,1,1,1,1,1,1,1,1,1,1,1,1,1,1,1,1,1,1,1,1,1,1,1,1,1,1,1,1,1,1,1,1,1,1,1,1,1,1,1,1,1,1,1,1,1,1,1,1,1,1,1
106.77534829931973,106.94949795918367,61,57,1,1,1,1,1,1,1,1,1,1,1,1,1,1,1
24.291869387755103,25.336767346938775,65,66,1,1,1,1,1,1,1,1,1,1,1,1,1,1,1,1,1,1,1,1,1,1,1,1,1,1,1,1,1,1,1,1,1,1,1,1,1,1,1,1,1,1,1,1,1,1,1,1,1,1,1,1,1,1,1,1,1,1,1,1,1,1,1,1,1,1,1,1,1,1,1,1,1,1,1,1,1,1,1,1,1,1,1,1,1,1,1,1,1,1
91.696610430839,92.42803900226757,52,63,1,1,1,1,1,1,1,1,1,1,1,1,1,1,1,1,1,1,1,1,1,1,1,1,1,1,1,1,1,1,1,1,1,1,1,1,1,1,1,1,1,1,1,1,1,1,1,1,1,1,1,1,1,1,1,1,1,1,1,1,1,1,1
10.269639455782313,10.571498866213153,84,67,1,1,1,1,1,1,1,1,1,1,1,1,1,1,1,1,1,1,1,1,1,1,1,1,1,1
130.93950793650794,131.17299138321997,54,45,1,1,1,1,1,1,1,1,1,1,1,1,1,1,1,-5,-5,-5,1,1,1
12.244619501133787,12.917998185941043,41,64,1,1,1,1,1,1,1,1,1,1,1,1,1,1,1,1,1,1,1,1,1,1,1,1,1,1,1,1,1,1,1,1,1,1,1,1,1,1,1,1,1,1,1,1,1,1,1,1,1,1,1,1,1,1,1,1,0,0
159.36838095238096,159.80956009070297,60,52,1,1,1,1,1,1,1,1,1,1,1,1,1,1,1,1,1,1,1,1,1,1,1,1,1,0,1,1,1,1,1,1,1,1,1,1,1,1
124.550168707483,125.07261768707482,56,60,1,1,1,1,1,1,1,1,1,1,1,1,1,1,1,1,1,1,1,1,1,1,1,1,1,1,1,1,1,1,1,1,1,1,1,1,1,1,1,1,1,1,1,1,1
82.17000952380953,83.07558775510203,34,57,1,1,1,1,1,1,1,1,1,1,1,1,1,1,1,1,1,1,1,1,1,1,1,1,1,1,1,1,1,1,1,1,1,1,1,1,1,1,1,1,1,1,1,1,1,1,1,1,0,0,0,0,1,1,1,1,1,1,1,1,1,1,1,1,1,1,1,1,1,1,1,1,1,1,1,1,1,1
13.010878004535147,13.219857596371883,72,50,1,1,1,1,1,1,1,1,1,1,1,1,1,1,1,1,1,1
25.371597278911565,25.545746938775512,58,62,1,1,1,1,1,1,1,1,1,1,1,1,1,1,1
259.0113514739229,259.47575056689345,53,57,1,1,1,1,1,1,1,1,1,1,1,1,1,1,1,1,1,1,1,1,1,1,1,1,1,1,1,1,1,1,1,1,1,1,1,1,1,1,1,1
234.32345895691608,234.47567256235828,32,69,2,1,1,1,1,1,1,1,1,1,1,1,1,1
7.654826757369615,8.352709297052154,48,54,1,1,1,1,1,1,1,1,1,1,1,1,1,1,1,1,1,1,1,1,1,1,1,1,1,1,1,1,1,1,1,1,1,1,1,1,1,1,1,1,1,1,1,1,1,1,1,1,1,1,1,1,1,1,1,1,1,1,1,1,1
100.04931972789115,100.18863945578231,87,62,4,1,1,1,1,1,1,1,1,1,1,1
90.31373922902493,91.21931746031746,67,56,1,1,1,1,1,1,1,1,1,1,1,1,1,1,1,1,1,1,1,1,1,1,1,1,1,1,1,1,1,1,1,1,1,1,1,1,1,1,1,1,1,1,1,1,1,1,1,1,1,1,1,1,1,1,1,1,1,1,1,1,1,1,1,1,1,1,1,1,1,1,1,1,1,1,1,1,1,1
283.8604997732426,285.0227814058957,29,54,1,1,1,1,1,1,1,1,1,1,1,1,1,1,1,1,1,1,1,1,1,1,1,1,1,1,1,1,1,1,1,1,1,1,1,1,1,1,1,1,1,1,1,1,1,1,1,1,1,1,1,1,1,1,1,1,1,1,1,1,1,1,1,1,1,1,1,1,1,1,1,1,1,1,2,2,0,0,0,1,1,1,1,1,1,1,1,1,1,1,1,1,1,1,1,1,1,1,1,1,1
28.85715827664399,29.588586848072563,74,56,2,1,1,1,1,1,1,1,1,1,1,1,1,1,1,1,1,1,1,1,0,1,1,1,1,1,1,1,1,1,1,1,1,1,1,1,1,1,1,1,1,1,1,1,1,1,1,1,1,1,1,1,1,1,1,1,1,1,1,1,1,1,1
25.61540680272109,26.417779138321997,65,58,1,1,1,1,1,1,1,1,1,1,1,1,1,1,1,1,1,1,1,1,1,1,1,1,1,1,1,1,1,1,1,1,1,1,1,1,1,1,1,1,1,1,1,1,1,1,1,1,1,1,1,1,1,1,1,1,1,1,1,1,1,1,1,1,1,1,1,1,1,1
86.47987891156463,86.97910793650794,31,60,1,1,1,1,1,1,1,1,1,1,1,1,1,1,1,1,1,1,1,1,1,1,1,1,1,1,1,1,1,1,1,1,1,1,1,1,1,1,1,1,1,1,1
259.91692970521547,260.30134285714286,43,60,1,1,1,1,1,1,1,1,1,1,1,1,1,1,1,1,1,1,1,1,1,1,1,1,1,1,1,1,1,1,1,1,1,1
207.60382040816327,208.50939863945578,33,48,1,1,1,1,1,1,1,1,1,1,1,1,1,1,1,1,1,1,1,1,1,1,1,1,1,1,1,1,1,1,1,1,1,1,1,0,0,0,0,0,0,0,0,0,0,0,0,1,1,1,1,1,1,1,1,1,1,1,1,1,1,1,1,1,1,1,1,1,1,1,1,1,1,1,1,1,1,1
220.09224943310656,220.61598231292518,68,61,1,1,1,1,1,1,1,1,1,1,1,1,1,1,1,1,1,1,1,1,1,1,1,1,1,1,1,1,1,1,1,1,1,1,1,1,1,1,1,1,1,1,1,1,1,1
21.108167800453515,23.2689074829932,55,54,1,1,1,1,1,1,1,1,1,1,1,1,1,1,1,1,1,1,1,1,1,1,1,1,1,1,1,1,1,1,1,1,1,1,1,1,1,1,1,1,1,1,1,1,1,1,1,1,1,1,1,1,1,1,1,1,1,1,1,1,1,1,1,1,1,1,1,1,1,1,1,1,1,1,1,1,1,1,1,1,1,1,1,1,1,1,1,1,1,1,1,1,1,1,1,1,1,1,1,1,1,1,1,1,1,1,1,1,1,1,1,1,1,1,1,1,1,1,1,1,1,1,1,1,1,1,1,1,1,1,1,1,1,1,1,1,1,1,1,1,1,1,1,1,1,1,1,1,1,1,1,1,1,1,1,1,1,1,1,1,1,1,1,1,1,1,1,1,1,1,0,1,0,0,0,0,0,0,0,1,1,1,1,1,1,1,1
145.36937097505668,145.54352063492064,40,52,1,1,1,1,1,1,1,1,1,1,1,1,1,1,1
287.6827501133787,288.97274149659864,29,53,1,1,1,1,1,1,1,1,1,1,1,1,1,1,1,1,1,1,1,1,1,1,1,1,1,1,1,1,1,1,1,1,1,1,1,1,1,1,1,1,1,1,1,1,1,1,1,1,1,1,1,1,1,1,1,1,1,1,1,1,1,1,1,1,1,1,1,1,1,1,1,0,0,0,1,1,1,1,1,1,1,1,1,1,1,1,1,1,1,1,1,1,1,1,1,1,1,1,1,1,0,0,0,0,0,1,1,1,1,1,1,1
15.032297959183673,15.810166439909297,79,54,1,1,1,1,1,1,1,1,1,1,1,1,1,1,1,1,1,1,1,1,1,1,1,1,1,1,1,1,1,1,1,1,1,1,1,1,1,1,1,1,1,1,1,1,1,1,1,1,1,-5,1,1,1,1,1,1,1,1,1,1,1,1,1,1,1,1,1
88.90764807256237,89.25594739229025,65,57,1,1,1,1,1,1,1,1,1,1,1,1,1,1,1,1,1,1,1,1,1,1,1,1,1,1,1,1,1,1
90.03509977324262,90.99872789115645,31,56,1,1,1,1,1,1,1,1,1,1,1,1,1,1,1,1,1,1,1,1,1,1,1,1,1,1,1,1,1,1,1,1,1,1,1,1,1,1,1,1,1,1,1,1,1,1,1,1,1,1,1,1,1,1,1,1,1,1,1,1,1,1,1,1,1,1,1,1,1,1,1,1,1,1,1,1,1,1,1,1,1,1,1
259.4873605442177,261.2881909297052,74,55,0,1,1,1,1,1,1,1,1,1,1,1,1,1,1,1,1,1,1,1,1,1,1,1,1,1,1,1,1,1,1,1,1,1,1,1,1,1,1,1,1,1,1,0,1,1,1,1,1,1,1,1,1,1,1,1,1,1,1,1,1,1,1,1,1,1,1,1,1,1,1,1,1,1,1,1,1,1,1,1,1,1,1,1,1,1,1,1,1,1,1,1,1,1,1,1,1,1,1,1,1,1,1,1,1,1,1,1,1,1,1,1,1,1,1,1,1,1,1,1,1,0,1,1,1,1,1,1,1,1,1,1,1,1,1,1,1,1,1,1,1,1,1,1,1,1,1,1,1,1,1,1,1,1,1,1
251.79641995464854,252.10988934240365,58,58,1,1,1,1,1,1,1,1,1,1,1,1,1,1,1,1,1,1,1,1,1,1,1,1,1,1,1
7.016278004535147,7.376187301587302,74,60,1,1,1,1,1,1,1,1,1,1,1,1,1,1,1,1,1,1,1,1,1,1,1,1,1,1,1,1,1,1,1
220.18512925170066,220.51149251700681,59,59,1,1,1,1,1,1,1,1,1,1,1,1,1,1,1,1,1,1,1,1,1,1,1,1,1,1,1,1,1
296.0715732426304,296.9191015873016,60,52,1,1,1,1,1,1,1,1,1,1,1,1,1,1,1,1,1,1,1,1,1,1,1,1,1,1,1,1,1,1,1,1,1,1,1,0,0,0,0,0,0,0,1,1,1,1,1,1,1,1,1,1,1,1,1,1,1,1,1,1,1,1,1,1,1,1,0,0,1,1,1,1,1
14.765268480725624,15.74050657596372,41,66,1,1,1,1,1,1,1,1,1,1,1,1,1,1,1,1,1,1,1,1,1,1,1,1,1,1,1,1,1,1,1,1,1,1,1,1,1,0,0,0,0,1,1,1,1,1,1,1,1,1,1,1,1,1,1,1,1,1,1,1,1,1,1,1,1,1,1,1,1,1,1,1,1,1,1,1,1,1,1,1,1,1,1,1
188.72476825396825,188.85376190476188,82,62,1,1,1,1,1,1,1,1,1,1,1,1
87.97884988662132,88.2342693877551,62,60,1,1,1,1,1,1,1,1,1,1,1,1,1,1,1,1,1,1,1,1,1,1
29.704686621315194,30.530278911564626,31,62,1,1,1,1,1,1,1,1,1,1,1,1,1,1,1,1,1,1,1,1,1,1,1,1,1,1,1,1,1,1,0,1,1,1,1,1,1,1,1,1,1,1,1,1,1,1,1,1,1,1,1,1,1,1,1,1,1,1,1,1,1,1,1,1,1,1,1,1,1,1,1,1
5.71467664399093,5.9946,67,51,1,1,1,1,1,1,1,1,1,1,1,1,1,1,1,1,1,1,1,1,1,1,1,1,1
9.896836281179137,10.316079365079366,60,48,1,1,1,1,1,1,1,1,1,1,1,1,1,1,1,1,1,1,1,1,1,1,1,1,1,1,1,1,1,1,1,1,1,1,1,1,1
62.176399546485264,62.46664897959184,62,57,1,1,1,1,1,1,1,1,1,1,1,1,1,1,1,1,1,1,1,1,1,1,1,1,1
217.86184988662131,218.244979138322,61,53,0,0,1,1,1,1,1,1,1,1,1,1,1,1,1,1,1,1,1,1,1,1,1,1,1,1,1,1,1,1,1,1,1
20.713428571428572,22.026639909297053,48,58,1,1,1,1,1,1,1,1,1,1,1,1,1,1,1,1,1,1,1,1,1,1,1,1,1,1,1,1,1,1,1,1,1,1,1,1,1,1,1,1,1,1,1,1,1,1,1,1,1,1,1,1,1,1,1,1,1,1,1,1,1,1,1,1,1,1,1,1,1,1,1,1,1,1,1,1,1,1,1,1,1,1,1,1,1,1,1,1,1,1,1,1,1,1,1,1,1,1,1,1,1,1,1,1,1,1,1,1,1,1,1,1,1,1
153.79174013605441,153.94266984126983,79,62,1,1,1,1,1,1,1,1,1,1,1,1,1
20.632158730158732,21.0501179138322,79,53,1,1,1,1,1,1,1,1,1,1,1,1,1,1,1,1,1,1,1,1,1,1,1,1,1,1,1,1,1,1,1,1,1,1,1,1
17.91414013605442,18.66878866213152,37,58,2,2,2,2,1,1,1,1,1,1,2,2,2,1,1,1,1,1,1,1,1,1,1,1,1,1,1,1,1,1,1,1,1,1,1,1,1,1,1,1,1,1,1,1,1,1,1,1,1,1,1,1,1,1,1,1,1,1,1,1,1,1,1,1,1
88.66383854875284,89.02374784580499,50,59,1,1,1,1,1,1,1,1,1,1,1,1,1,1,1,1,1,1,1,1,1,1,1,1,1,1,1,1,1,1,1
192.8153319727891,192.97787165532878,36,66,1,1,1,1,1,1,1,1,1,1,1,1,1,1
113.39817097505669,113.53749070294785,71,60,1,1,1,1,1,1,1,1,1,1,1,1
28.543688888888887,30.147149659863945,43,59,1,1,1,1,1,1,1,1,1,1,1,1,1,1,1,1,1,1,1,1,1,1,1,1,1,1,1,1,1,1,1,1,1,1,1,1,1,1,1,1,1,1,1,1,1,1,1,1,1,1,1,1,1,1,1,1,1,1,1,1,1,1,1,1,1,1,1,1,1,1,1,1,1,1,1,1,1,1,1,1,1,1,1,1,1,1,1,1,1,1,1,1,1,1,1,1,1,1,1,1,1,1,1,1,1,1,1,1,1,1,1,1,1,1,1,1,1,1,1,1,1,1,1,1,1,1,1,1,1,1,1,1,1,1,0,0,1,1,1
206.12806938775512,206.64019229024944,33,58,1,1,1,1,1,1,1,1,1,1,1,1,1,1,1,1,1,1,1,1,1,1,1,1,1,1,1,1,1,1,1,1,1,1,1,1,1,1,1,1,1,1,1,1,1
231.570610430839,232.12788934240365,57,49,1,1,1,1,1,1,1,1,1,1,1,1,1,1,1,1,1,1,1,1,1,1,1,1,1,1,1,1,1,1,1,1,1,1,1,1,1,1,1,1,1,1,1,1,1,1,1,1
118.23048934240363,118.50912879818594,66,38,1,1,1,1,1,1,1,1,1,1,1,1,1,1,1,1,1,1,1,1,1,1,1,1
265.2962009070295,265.7373800453515,62,52,1,1,1,1,1,1,1,1,1,1,1,1,1,1,1,1,1,1,1,1,1,1,1,1,1,1,1,1,1,1,1,1,1,1,1,1,1,1
259.02296145124717,259.3364308390023,62,60,1,1,1,1,1,1,1,1,1,1,1,1,1,1,1,1,1,1,1,1,1,1,1,1,1,1,1
277.0648113378685,277.3666707482993,29,56,2,2,1,1,1,1,1,1,1,1,1,1,1,1,1,1,1,1,2,2,2,2,2,2,2,2
30.704428571428572,31.714496598639453,31,58,0,0,0,0,1,1,1,1,1,1,1,1,1,1,1,1,1,1,1,1,1,1,1,1,1,1,1,1,1,1,1,1,1,1,1,1,1,1,1,1,1,1,1,1,1,1,1,1,1,1,1,1,1,1,1,1,1,1,1,1,1,1,1,1,1,1,1,1,1,1,1,1,1,1,1,1,1,1,1,1,1,1,1,1,1,1,1
189.4110408163265,189.56197052154195,31,61,1,1,1,1,1,1,1,1,1,1,1,1,1
235.04456145124718,235.1954911564626,32,64,2,1,1,1,1,1,1,1,1,1,1,1,1
83.83152018140589,84.0172798185941,48,64,1,1,1,1,1,1,1,1,1,1,1,1,1,1,1,1
0.3947392290249433,2.5438689342403626,48,53,1,1,1,1,1,1,1,1,1,1,1,1,1,1,1,1,1,1,1,1,1,1,1,1,1,1,1,1,1,1,1,1,1,1,1,1,1,1,1,1,1,1,1,1,1,1,1,1,1,1,1,0,0,1,1,1,1,1,1,1,1,1,1,1,1,1,1,1,1,1,1,1,1,1,1,1,1,1,1,1,1,1,1,1,1,1,1,1,1,1,1,1,1,1,1,1,1,1,1,1,1,1,1,1,1,1,1,1,1,1,1,1,1,1,1,1,1,1,1,1,1,1,1,1,1,1,1,1,1,1,1,1,1,1,1,1,1,1,1,1,1,1,1,1,1,1,1,1,1,1,1,1,1,1,1,1,1,1,1,1,1,1,1,1,1,1,1,1,1,1,1,1,1,1,1,1,1,1,1,1,1,1,1,1,1,1
29.973,30.123929705215417,79,63,1,1,1,1,1,1,1,1,1,1,1,1,1
89.39655102040815,89.68680045351473,31,58,1,1,1,1,1,1,1,1,1,1,1,1,1,1,1,1,1,1,1,1,1,1,1,1,1
178.58283854875282,178.722158276644,48,60,1,1,1,1,1,1,1,1,1,1,1,1
285.61489024943313,286.3127727891156,29,50,1,1,1,1,1,1,1,1,1,1,1,1,1,1,1,1,1,1,1,1,1,1,1,1,1,1,1,1,1,1,1,1,1,1,1,1,1,1,2,2,2,2,1,1,1,1,1,1,1,1,1,1,1,1,1,1,1,1,1,1,1
152.90809795918366,153.09514149659864,48,51,1,1,1,1,1,1,1,1,1,1,1,1,1,1,1,1,1
6.447389115646259,6.818908390022676,58,52,2,2,2,2,2,1,1,1,1,1,1,1,1,2,2,2,2,2,2,2,2,2,2,2,2,2,2,2,2,2,1,1
177.2709111111111,177.42184081632652,63,54,1,1,1,1,1,1,1,1,1,1,1,1,1
32.27305941043084,32.44720907029478,48,56,1,1,1,1,1,1,1,1,1,1,1,1,1,1,1
24.942028117913832,25.104567800453516,86,60,1,1,1,1,1,1,1,1,1,1,1,1,1,1
153.75691020408163,153.9194498866213,82,58,1,1,1,1,1,1,1,1,1,1,1,1,1,1
79.73063038548753,79.92800000000001,64,43,1,1,1,1,1,1,1,1,1,1,1,1,1,1,1,1,1
20.202589569161,20.58571882086168,81,60,1,1,1,1,1,1,1,1,1,1,1,1,1,1,1,1,1,1,1,1,1,1,1,1,1,1,1,1,1,1,1,1,1
244.221579138322,244.5247224489796,52,44,1,1,1,1,1,1,1,1,1,4,4,4,2,2,2,2,2,2,1,1,1,1,1,1,1,1,1
59.31777732426304,59.74863038548752,72,55,1,1,1,1,1,1,1,1,1,1,1,1,1,1,1,1,1,1,1,1,1,1,1,1,1,1,1,1,1,1,1,1,1,1,1,1,1,1
291.7604199546485,291.9345696145125,57,35,-5,1,1,1,-5,-5,-5,-5,-5,-5,-5,-5,-5,-5,0
119.12445759637188,119.50887074829932,76,56,1,1,1,1,1,1,1,1,1,1,1,1,1,1,1,1,1,1,1,1,1,1,1,1,1,1,1,1,1,1,1,1,1,1
88.87281814058957,89.23272743764173,53,57,1,1,1,1,1,1,1,1,1,1,1,1,1,1,1,1,1,1,1,1,1,1,1,1,1,1,1,1,1,1,1
41.4732970521542,42.36854920634921,29,49,1,1,1,1,1,1,1,1,1,1,1,1,1,1,1,1,1,1,1,1,1,1,1,1,1,1,1,1,1,1,1,1,1,1,1,1,1,1,1,1,1,1,1,1,1,1,1,1,1,1,1,1,1,1,1,1,1,1,1,1,1,1,1,1,1,1,1,1,1,1,1,1,1,1,1,1,1,0
5.29671746031746,5.67984671201814,58,54,1,1,1,1,1,1,1,1,1,1,1,1,1,1,1,1,1,1,1,1,1,1,1,1,1,1,1,1,1,1,1,1,1
10.385739229024944,11.89503628117914,48,49,1,1,1,1,1,1,1,1,1,1,1,1,1,1,1,1,1,1,1,1,1,1,1,1,1,1,1,1,1,1,1,1,1,1,1,1,1,1,1,1,1,1,1,1,1,1,1,1,1,1,1,1,1,1,1,1,1,1,1,0,0,0,1,1,1,1,1,1,1,1,1,1,1,1,1,0,0,0,0,0,0,0,0,0,1,1,0,1,1,1,1,1,1,0,0,1,1,1,1,1,1,1,1,1,1,1,1,1,0,0,0,1,1,1,1,1,1,1,1,1,1,1,1,1,1,1,1,1,1,1
226.52931247165532,226.87761179138323,64,57,1,1,1,1,1,1,1,1,1,1,1,1,1,1,1,1,1,1,1,1,1,1,1,1,1,1,1,1,1,1
174.08720952380952,174.40067891156463,72,59,1,1,1,1,1,1,1,1,1,1,1,1,1,1,1,1,1,1,1,1,1,1,1,1,1,1,1
33.74752653061224,34.01583990929706,64,43,1,1,1,1,1,1,1,1,1,1,1,1,1,1,1,1,1,1,1,1,1,1,1,1
11.836986394557824,12.871558276643992,29,51,1,1,1,1,1,1,1,1,1,1,1,1,1,1,1,1,1,1,1,1,1,1,1,1,1,1,1,1,1,1,1,1,1,1,1,1,1,1,1,1,1,1,1,1,1,1,1,1,1,1,1,1,1,1,0,0,0,1,1,1,0,0,0,0,0,0,0,0,1,1,1,1,1,1,1,1,1,1,1,1,1,1,1,1,1,1,1,1,1,1
252.01700952380952,252.4826925170068,65,52,1,1,1,1,1,1,1,1,1,1,1,1,1,1,1,1,1,1,1,1,1,1,1,1,1,1,1,1,1,1,1,1,1,1,1,1,1,1,1,1,1
19.388607256235826,20.225809523809527,37,51,1,1,1,1,1,1,1,1,1,1,1,1,1,1,1,1,1,1,1,1,1,1,1,1,2,2,1,1,1,1,1,1,1,1,1,1,1,1,1,1,1,1,1,1,1,1,1,1,1,1,1,1,1,1,1,1,1,1,1,1,1,1,1,1,1,1,1,1,1,1,1,1,1
127.91962993197279,128.43046893424037,52,56,1,1,1,1,1,1,1,1,1,1,1,1,1,1,1,1,1,1,1,1,1,1,1,1,1,1,1,1,1,1,1,1,1,1,1,1,1,1,1,1,1,1,1,1
273.2890009070295,273.46315056689343,60,59,1,1,1,1,1,1,1,1,1,1,1,1,1,1,1
11.86020634920635,12.720628571428572,53,50,1,1,1,1,1,1,1,1,1,1,1,1,1,1,1,1,1,1,1,1,1,1,1,1,1,1,1,1,1,1,1,1,1,1,1,1,1,1,1,1,1,1,1,1,1,1,1,1,1,1,1,1,1,1,1,1,1,1,1,1,1,1,1,1,1,1,1,1,1,1,1,1,1,1,1
282.0957832199546,283.16390113378685,29,55,1,1,1,1,1,1,1,1,1,1,1,1,1,1,1,1,1,1,0,1,1,1,1,1,1,1,1,1,1,1,1,1,1,1,1,1,1,1,1,1,1,1,1,1,1,1,1,1,1,1,1,1,1,1,1,1,1,1,1,1,1,1,1,2,2,0,1,1,1,1,1,1,1,1,1,1,1,1,1,1,1,1,1,1,1,1,1,1,1,1,1,1
206.15128934240363,206.6040784580499,69,49,1,1,1,1,1,1,1,1,1,1,1,1,1,1,1,1,1,1,1,1,1,1,1,1,1,0,0,0,0,0,1,1,1,1,1,1,1,1,1
89.39655102040815,89.64036054421769,50,61,1,1,1,1,1,1,1,1,1,1,1,1,1,1,1,1,1,1,1,1,1
21.328757369614515,21.514517006802723,77,58,1,1,1,1,1,1,1,1,1,1,1,1,1,1,1,1
80.54332879818595,80.70586848072563,84,57,1,1,1,1,1,1,1,1,1,1,1,1,1,1
36.43199909297052,36.884788208616776,53,59,1,1,1,1,1,1,1,1,1,1,1,1,1,1,1,1,1,1,1,1,1,1,1,1,1,1,1,1,1,1,1,1,1,1,1,1,1,1,1
7.213647619047619,7.387797278911565,46,57,1,1,1,1,1,1,1,1,1,1,1,1,1,1,1
172.68111836734695,173.07714149659864,100,50,1,1,1,1,1,1,1,0,0,0,0,0,1,1,1,2,2,1,1,1,1,1,1,0,0,0,0,0,0,0,1,1,0,1,0
219.4885306122449,219.62785034013604,61,58,1,1,1,1,1,1,1,1,1,1,1,1
261.3346308390023,261.6945401360544,48,43,1,1,1,1,1,1,1,1,1,1,1,1,1,1,1,1,1,1,1,1,1,1,1,1,1,1,1,1,1,1,1
49.43126712018141,49.617026757369615,69,62,1,1,1,1,1,1,1,1,1,1,1,1,1,1,1,1
61.21148752834467,61.909370068027215,69,48,1,1,1,1,1,1,1,1,1,1,1,1,1,1,1,1,1,1,1,1,1,1,1,1,1,1,1,1,1,1,1,1,1,1,1,1,1,1,1,1,1,1,1,1,1,1,1,1,1,1,1,1,1,1,1,1,1,1,1,1,1
85.43498095238095,86.34055918367348,31,55,1,1,1,1,1,1,1,1,1,1,1,1,1,1,1,1,1,1,1,1,1,1,1,1,1,1,1,1,1,1,1,1,1,1,1,1,1,1,1,1,1,1,1,1,1,1,1,1,1,1,1,1,1,1,1,1,1,1,1,1,1,1,1,1,1,1,1,1,1,1,1,1,1,1,1,1,1,1
273.43993061224495,273.68374013605444,50,51,1,1,1,1,-5,-5,1,1,1,1,1,1,1,1,1,1,1,1,1,1,1
222.020789569161,222.3342589569161,61,57,1,1,1,1,1,1,1,1,1,1,1,1,1,1,1,1,1,1,1,1,1,1,1,1,1,1,1
268.1883691609977,268.56117233560093,72,53,1,1,1,1,1,1,1,1,1,1,1,1,1,1,1,1,1,1,1,1,1,1,1,1,1,1,1,1,1,1,1,1,1
298.62705215419504,298.9173015873016,60,56,1,1,1,1,1,1,1,1,1,1,1,1,1,1,1,1,1,1,1,1,1,1,1,1,1
66.1263596371882,66.27728934240363,74,39,1,1,1,1,1,1,1,1,1,1,1,1,1
83.43549705215419,83.58771065759638,29,57,1,1,1,1,1,1,1,1,1,1,1,1,1,1
228.9454716553288,229.17767120181404,84,57,1,1,1,1,1,1,1,1,1,1,1,1,1,1,1,1,1,1,1,1
81.53146077097506,82.63440861678004,82,50,1,1,1,1,1,1,1,1,1,1,1,1,1,1,1,1,1,1,1,1,1,1,1,1,1,1,1,1,1,1,1,1,1,1,1,1,1,1,1,1,1,1,1,1,1,1,1,1,1,1,1,1,1,1,1,1,1,1,1,1,1,1,1,1,1,1,1,1,1,1,1,1,1,1,1,1,1,1,1,1,1,1,1,1,1,1,1,1,1,1,1,1,1,1,1
223.7635700680272,223.90288979591836,45,57,1,1,1,1,1,1,1,1,1,1,1,1
240.66764217687074,241.42229070294786,51,53,1,1,1,1,1,1,1,1,1,1,1,1,1,1,1,1,1,1,1,1,1,1,1,1,1,1,1,1,1,1,1,1,1,1,1,1,1,1,1,1,1,1,1,1,1,1,1,1,1,1,1,1,1,1,1,1,1,1,1,1,1,1,1,1,1
265.9463596371882,266.2378929705215,62,53,1,1,1,1,1,1,1,1,1,1,1,1,1,1,1,1,1,1,1,1,1,1,1,1,1,1
85.96903990929705,86.5495387755102,74,51,1,1,1,1,1,1,1,1,1,1,1,1,1,1,1,1,1,1,1,1,1,1,1,1,1,1,1,1,1,1,1,1,1,1,1,1,1,1,1,1,1,1,1,1,1,1,1,1,1,1
105.35893106575963,105.4982507936508,68,56,1,1,1,1,1,1,1,1,1,1,1,1
78.84698820861678,79.17206757369615,53,54,-2,1,1,1,1,1,1,1,1,1,1,1,1,1,1,1,1,1,1,1,1,1,1,1,1,1,1,1
235.06778140589572,235.26515102040818,44,59,1,1,1,1,1,1,1,1,1,1,1,1,1,1,1,1,1
21.131387755102043,21.398417233560092,64,49,1,1,1,1,1,1,1,1,1,1,1,1,1,1,1,1,1,1,1,1,1,1,1
115.08161768707483,115.32671111111111,47,56,1,1,1,1,1,1,1,1,1,1,1,1,1,1,1,1,1,1,1,1,1,1
175.05212154195013,175.21466122448982,84,56,1,1,1,1,1,1,1,1,1,1,1,1,1,1
212.42452879818595,212.64640226757368,31,55,-1,-1,-1,-1,1,1,1,1,1,1,1,1,1,1,1,1,1,1,1,1
25.743116553287983,25.988209977324264,50,56,1,1,1,1,1,1,1,1,1,1,1,1,1,1,1,2,2,2,1,1,1,1
20.608938775510207,21.026897959183675,67,57,1,1,1,1,1,1,1,1,1,1,1,1,1,1,1,1,1,1,1,1,1,1,1,1,1,1,1,1,1,1,1,1,1,1,1,1
293.1897310657596,293.5496403628118,57,52,1,1,1,0,0,1,1,1,1,1,1,1,1,1,1,1,1,1,1,1,1,1,1,1,1,1,1,1,1,1,1
300.07958321995466,300.23051292517005,53,59,1,1,1,1,1,1,1,1,1,1,1,1,1
66.59075873015873,67.1015977324263,62,51,1,1,1,1,1,1,1,1,1,1,1,1,1,1,1,1,1,1,1,1,1,1,1,1,1,1,1,1,1,1,1,1,1,1,1,1,1,1,1,1,1,1,1,1
227.574210430839,227.81801995464852,62,56,1,1,1,1,1,1,1,1,1,1,1,1,1,1,1,1,1,1,1,1,1
176.30599909297052,176.5614185941043,39,52,1,1,1,1,1,1,1,1,1,1,1,1,1,1,1,1,1,1,1,1,1,0
150.9331179138322,151.28270113378684,52,47,1,1,1,1,1,1,1,1,1,1,1,1,1,1,1,1,1,1,1,1,1,1,1,1,1,1,1,1,1,1,1
233.83583990929705,234.2654090702948,52,55,1,1,1,1,1,1,1,1,1,1,1,1,1,1,1,1,1,1,1,1,1,1,1,1,1,1,1,1,1,1,1,1,1,1,1,1,1
271.1166512471655,271.4417306122449,50,49,1,1,1,1,1,1,1,1,1,1,1,1,1,1,1,1,1,1,1,1,1,1,1,0,0,1,1,1
207.4645006802721,207.74314013605442,31,53,1,1,1,1,1,1,1,1,1,1,1,1,1,1,1,1,1,1,1,1,1,1,1,1
226.77312199546486,227.27235102040817,55,50,1,1,1,1,1,1,1,1,1,1,1,1,1,1,1,1,1,1,1,1,1,1,1,1,1,1,1,1,1,1,1,1,1,1,1,1,1,1,1,1,1,1,1
11.662836734693878,11.9892,69,51,1,1,1,1,1,1,1,1,1,1,1,1,1,1,1,1,1,1,1,1,1,1,1,1,1,1,1,1,1
267.4453306122449,267.7239700680272,34,51,1,1,1,1,1,1,1,1,1,1,1,1,1,1,1,1,1,1,1,1,1,1,1,1
64.40679909297052,64.65060861678005,74,50,1,1,1,1,1,1,1,1,1,1,1,1,1,1,1,1,1,1,1,1,1
150.89828798185943,151.4800707482993,64,55,1,1,1,1,1,1,1,1,1,1,1,1,1,1,1,1,1,1,1,1,1,1,1,1,1,1,1,1,1,1,1,1,1,1,1,1,1,1,1,1,1,1,1,1,1,1,1,1,1,1,1
21.259097505668937,21.46807709750567,67,56,1,1,1,1,1,1,1,1,1,1,1,1,1,1,1,1,1,1
150.94472789115648,151.60778049886622,68,52,1,1,1,1,1,1,1,1,1,1,1,1,1,1,1,1,1,1,1,1,1,1,1,1,1,1,1,1,1,1,1,1,1,1,1,1,1,1,1,1,1,1,1,1,1,1,1,1,1,1,1,1,1,1,1,1,1,1
78.60317868480726,78.75410839002268,64,54,1,1,1,1,1,1,1,1,1,1,1,1,1
276.57719229024946,276.76295192743765,60,52,1,1,1,1,1,1,1,1,1,1,1,1,1,1,1,1
40.48644897959184,41.101777777777784,72,44,1,1,1,1,1,1,1,1,1,1,1,1,1,1,1,1,1,1,1,1,1,1,1,1,1,1,1,1,1,1,1,1,1,1,1,1,1,1,1,1,1,1,1,1,1,1,1,1,1,1,1,1,1
282.52535238095237,283.57025034013606,60,48,1,1,1,1,1,1,1,1,1,1,1,1,1,1,1,1,1,1,1,1,1,1,1,1,1,1,1,1,1,1,1,1,1,1,1,1,1,1,1,1,1,1,1,1,1,1,1,1,1,1,1,1,1,1,1,1,1,1,1,1,1,1,1,1,1,1,1,1,1,1,1,1,1,1,1,1,1,1,1,1,1,1,1,1,1,1,1,1,1,1
14.010619954648526,14.196379591836735,76,59,0,1,1,1,1,1,1,1,1,1,1,1,1,1,1,1
275.2407609977324,275.44974058956916,53,49,1,1,1,1,1,1,1,1,1,1,1,1,1,1,1,1,1,1
66.84617823129251,66.99710793650793,59,56,1,1,1,1,1,1,1,1,1,1,1,1,1
258.7791519274377,258.9649115646259,50,53,1,1,1,1,1,1,1,1,1,1,1,1,1,1,1,1
62.90782811791383,63.04714784580499,67,54,1,1,1,1,1,1,1,1,1,1,1,1
16.18296961451247,16.357119274376416,53,55,1,1,1,1,1,1,1,1,1,1,1,1,1,1,1
61.65395056689343,62.06029977324263,46,50,0,0,0,1,1,1,1,1,-2,-2,1,1,1,1,1,1,1,1,1,1,1,1,1,1,0,0,0,0,0,1,1,1,1,1,1
82.30932925170067,82.57635873015873,64,51,1,1,1,1,1,1,1,1,1,1,1,1,1,1,1,1,1,1,1,1,1,1,1
160.6803083900227,160.87767800453517,72,52,1,1,1,1,1,1,1,1,1,1,1,1,1,1,1,1,1
9.79234648526077,10.10709977324263,57,50,0,0,0,0,0,0,0,1,1,1,1,1,1,1,1,1,1,1,1,1,1,1,1,1,0,0,0,0
297.6969700680272,297.9872195011338,65,56,1,1,1,1,1,1,1,1,1,1,1,1,1,1,1,1,1,1,1,1,1,1,1,1,1
180.05858956916097,180.2095192743764,58,54,1,1,1,1,1,1,1,1,1,1,1,1,1
242.04922947845805,242.42203265306122,44,52,1,1,1,1,1,1,1,1,1,1,1,1,1,1,1,1,1,1,1,1,1,1,1,1,1,1,1,1,1,1,1,1,1
11.070727891156464,11.21004761904762,57,44,0,0,0,0,1,1,1,1,1,1,1,1
39.32416734693878,39.567976870748296,65,52,1,1,1,1,1,1,1,1,1,1,1,1,1,1,1,1,1,1,1,1,1
31.40102721088435,31.598396825396826,50,51,1,1,1,1,1,1,1,1,1,1,1,1,1,1,1,1,1
29.86851020408163,30.147149659863945,74,46,1,1,1,1,1,1,1,1,1,1,1,1,1,1,1,1,1,1,1,1,1,1,1,1
29.914950113378683,30.077489795918368,55,54,1,1,1,1,1,1,1,1,1,1,1,1,1,1
76.03608979591837,76.77912834467121,31,54,1,1,1,1,1,1,1,1,1,1,1,1,1,1,1,1,1,1,1,1,1,1,1,1,1,1,1,1,1,1,1,1,1,1,1,1,1,1,1,1,1,1,1,1,1,1,1,1,1,1,1,1,1,1,1,1,1,1,1,1,1,1,1,1
65.85933015873016,66.21923945578231,45,50,1,1,1,1,1,1,1,1,1,1,1,1,1,1,1,1,1,1,1,1,1,1,1,1,1,1,1,1,1,1,1
71.76105034013605,71.95841995464852,46,53,1,1,1,1,1,1,1,1,1,1,1,1,1,1,1,1,1
165.25849115646258,165.39781088435376,32,53,-1,0,0,0,0,0,0,0,0,0,0,0
170.21851927437643,170.38105895691612,91,54,1,1,1,1,1,1,1,1,1,1,1,1,1,1
255.2935909297052,255.4793505668934,34,57,1,1,1,1,1,1,1,1,1,1,1,1,1,1,1,1
118.2420993197279,118.48590884353742,83,53,1,1,1,1,1,1,1,1,1,1,1,1,1,1,1,1,1,1,1,1,1
258.06965941043086,258.39602267573696,53,50,1,1,1,1,1,1,1,1,1,1,1,1,1,1,1,1,1,1,1,1,1,1,1,1,1,1,1,1,1
53.044537868480724,53.34639727891157,28,50,1,1,1,1,1,1,1,1,1,1,1,1,1,1,1,1,1,1,1,1,1,1,1,1,1,1
203.73513015873016,204.257579138322,48,47,2,2,1,1,1,1,1,1,1,1,1,1,1,1,1,1,1,1,1,1,1,1,1,1,1,1,1,1,1,1,1,1,1,1,1,1,1,1,1,1,1,1,1,1,1
14.451799092970521,14.916198185941044,29,54,1,1,1,1,1,1,1,1,1,1,1,1,1,1,1,1,1,1,1,1,1,1,1,1,1,1,1,1,1,1,1,1,1,1,1,1,1,1,1,1
28.183779591836736,28.683008616780043,74,48,1,1,1,1,1,1,1,1,1,1,1,1,1,1,1,1,1,1,1,1,1,1,1,1,1,1,1,1,1,1,1,1,1,1,1,0,0,1,1,1,1,2,2
272.23249297052155,272.383422675737,65,55,1,1,1,1,1,1,1,1,1,1,1,1,1
114.51272879818595,114.8726380952381,47,47,0,0,1,1,1,1,1,1,1,1,1,1,1,1,1,1,1,1,1,1,1,1,1,1,1,1,1,1,1,1,1
179.32716099773242,179.46648072562357,60,54,1,1,1,1,1,1,1,1,1,1,1,1
197.86823990929705,198.1352693877551,53,50,2,2,1,1,1,1,1,1,1,1,1,1,1,1,1,1,1,1,1,1,1,1,1
15.067127891156462,15.566356916099773,60,52,1,1,1,1,1,1,1,1,1,1,1,1,1,1,1,1,1,1,1,1,1,1,1,1,1,1,1,1,1,1,1,1,1,1,1,1,1,1,1,1,1,1,1
282.3395927437642,282.72272199546484,53,48,1,1,1,1,1,1,1,1,1,1,1,1,1,1,1,1,1,1,1,1,1,1,1,1,1,1,1,1,1,1,1,1,1
65.21949750566893,65.66196054421769,62,46,1,1,1,1,1,1,1,1,1,1,1,0,0,0,0,1,1,1,1,1,1,1,1,1,1,1,1,1,1,1,1,1,1,1,1,1,1,1,1
252.68006213151926,253.22573106575965,53,50,1,1,1,1,1,1,1,0,0,0,0,0,1,1,1,1,1,1,1,1,1,1,1,1,1,1,1,1,1,1,1,1,1,1,1,1,1,1,1,1,1,1,1,1,1,1,1
227.9805596371882,228.55073242630385,59,49,1,1,1,1,1,1,1,1,1,1,1,1,1,1,1,1,1,1,1,1,1,1,1,1,1,1,1,1,1,1,1,1,1,1,1,1,1,1,1,1,1,1,1,1,1,1,1,1,1,1
17.274307482993198,17.541336961451247,34,52,1,1,1,1,1,1,1,1,1,1,1,1,1,1,1,1,1,1,1,1,1,1,1
164.53738866213152,164.76958820861677,41,52,1,1,1,1,1,1,1,1,1,1,1,1,1,1,1,1,0,0,1,1
7.039497959183674,7.190427664399093,58,49,1,1,1,1,1,1,1,1,1,0,1,1,1
220.21995918367347,220.38249886621315,64,52,1,1,1,1,1,1,1,1,1,1,1,1,1,1
32.20339954648526,32.342719274376414,72,53,1,1,1,1,1,1,1,1,1,1,1,1
17.3671873015873,17.715486621315193,62,51,1,1,1,1,1,1,1,1,1,1,1,1,1,1,1,1,1,1,1,1,1,1,1,1,1,1,1,1,1,1
8.37592925170068,8.526858956916099,64,52,1,1,1,1,1,1,1,1,1,1,1,1,1
236.41582267573696,236.89183174603176,52,42,1,1,1,1,1,1,1,1,1,1,1,1,1,1,1,1,1,1,1,1,1,1,1,1,1,1,1,1,1,1,1,1,1,1,1,1,1,1,1,1,1
77.34801723356009,77.47701088435375,52,55,1,1,1,1,1,1,1,1,1,1,1,1
60.02726984126984,60.68903854875283,71,45,1,1,1,1,1,1,1,1,1,1,1,1,1,1,1,1,1,1,1,1,1,1,1,1,1,1,1,1,1,1,1,1,1,1,1,1,1,1,1,1,1,1,1,1,1,1,1,1,1,1,1,1,1,1,1,1,1
14.498239002267573,14.834928344671201,65,41,1,1,1,1,1,1,1,1,1,1,1,1,1,1,1,1,1,1,1,1,1,1,1,1,1,1,1,1,1
268.6772721088435,269.1648911564626,52,47,2,2,1,1,1,1,1,1,1,1,1,1,1,1,1,1,1,1,1,1,1,1,1,1,1,1,1,1,2,2,2,1,1,1,1,1,1,1,1,1,1,1
19.912340136054425,20.423179138322,34,52,1,1,1,1,1,1,1,1,1,1,1,1,1,1,1,1,1,1,1,1,1,1,1,1,1,1,1,1,1,1,1,1,1,1,1,1,1,1,1,1,1,1,1,1
285.38269070294785,285.64972018140594,48,50,1,1,1,1,1,1,1,1,1,1,1,1,1,1,1,1,1,1,1,1,1,1,1
87.94401995464852,88.3271492063492,65,49,1,1,1,1,1,1,1,1,1,1,1,1,1,1,1,1,1,1,1,1,1,1,1,1,1,1,1,1,1,1,1,1,1
176.78200816326532,176.94583174603176,46,55,1,1,1,1,1,1,1,1,1,1,1,1,1,2,2
188.38807891156463,188.66671836734693,67,48,1,1,1,1,1,1,1,1,1,1,1,1,1,1,1,1,1,1,1,1,1,1,1,1
63.95400997732426,64.32552925170067,45,43,1,1,1,1,1,1,1,1,1,1,1,1,1,1,1,1,1,1,1,1,1,1,1,1,1,1,1,1,1,1,1,1
173.2745111111111,173.54154058956917,39,54,0,0,0,0,1,1,1,1,1,1,1,1,1,1,1,1,1,1,1,1,1,1,1
24.767878458049886,25.104567800453516,46,50,1,1,1,1,1,1,1,1,1,1,1,1,1,1,1,1,1,1,1,1,1,1,0,1,1,1,1,1,1
231.74476009070295,231.9537396825397,33,49,1,1,1,1,1,1,1,1,1,1,1,1,1,1,1,1,1,1
236.90344172335602,237.26335102040815,59,50,1,1,1,1,1,1,1,1,1,1,1,1,1,1,1,1,1,1,1,1,1,1,1,1,1,1,1,1,1,1,1
61.21148752834467,61.5481768707483,81,42,1,1,1,1,1,1,1,1,1,1,1,1,1,1,1,1,1,1,1,1,1,1,0,0,1,1,1,1,1
285.47557052154195,285.88191972789116,60,45,1,1,1,1,1,1,1,1,1,1,1,1,1,1,1,1,1,1,1,1,1,1,1,1,1,1,1,1,1,1,1,1,1,1,1
8.75905850340136,9.084137868480726,64,49,1,1,1,1,1,1,1,1,1,1,1,1,1,1,1,1,1,1,1,1,1,1,1,1,1,1,1,1
208.39329886621314,208.53261859410432,45,47,0,0,0,0,0,0,0,0,0,0,1,1
267.0505913832199,267.70075011337866,55,46,1,1,0,0,1,0,0,1,1,1,1,1,1,1,1,1,1,1,1,1,1,1,1,1,1,1,1,1,1,1,1,1,1,1,1,1,1,1,1,1,1,1,1,1,1,1,1,1,1,1,1,1,1,1,1,1
257.72136009070294,257.9651696145125,60,52,1,1,1,1,1,1,1,1,1,1,1,1,1,1,1,1,1,1,1,1,1
220.05741950113378,220.77852199546487,56,49,1,1,1,1,1,1,1,1,1,1,1,1,1,1,1,1,1,1,1,1,1,1,1,1,1,1,1,1,1,1,1,1,1,1,1,1,1,1,1,1,1,1,1,1,1,1,1,1,1,1,1,1,1,1,1,1,1,1,1,1,1,1,1
252.16793922902497,252.2969328798186,70,52,1,1,1,1,1,1,1,1,1,1,1,1
155.25588117913833,155.4532507936508,43,50,3,3,1,1,1,1,1,1,1,1,1,1,1,1,0,1,1
10.97784807256236,11.372587301587302,53,51,1,1,1,1,1,1,1,1,1,1,1,1,1,1,1,1,1,1,1,1,1,1,1,1,1,1,1,1,1,1,1,1,1,1
246.95249160997733,247.2775709750567,71,50,1,1,1,1,1,1,1,1,1,1,1,1,1,1,1,1,1,1,1,1,1,1,1,1,1,1,1,1
24.918808163265307,25.104567800453516,70,54,1,1,1,1,1,1,1,1,1,1,1,1,1,1,1,1
183.37000090702946,183.53254058956915,67,52,1,1,1,1,1,1,1,1,1,1,1,1,1,1
68.40319909297052,68.61217868480726,62,53,1,1,1,1,1,1,1,1,1,1,1,1,1,1,1,1,1,1
209.369820861678,210.10124943310657,72,49,0,0,1,1,1,1,1,1,1,0,0,0,0,0,1,1,1,1,1,1,1,1,1,1,1,1,1,1,1,1,1,1,1,1,1,1,1,1,1,1,1,1,1,1,1,1,1,1,1,1,1,1,1,1,1,1,1,1,1,1,1,1,1
5.33154739229025,5.982990022675737,46,48,1,1,1,1,1,0,0,1,1,1,1,1,1,2,0,1,1,1,1,1,1,1,1,1,1,1,1,1,1,1,1,1,1,1,1,1,1,1,1,1,1,1,1,1,1,0,0,1,0,0,0,0,0,0,0,0,0
158.08999954648525,158.65888843537414,39,49,1,1,1,1,1,1,2,2,2,2,1,1,1,1,1,1,1,1,1,1,1,1,1,1,1,1,1,1,1,1,1,1,1,1,1,1,1,1,1,1,1,1,1,1,1,1,1,1,1
63.441887074829936,64.27908934240362,64,43,1,1,1,1,1,1,1,1,1,1,1,1,1,1,1,1,1,1,1,0,1,1,1,1,1,1,1,1,1,1,1,1,1,1,1,1,1,1,1,1,1,1,1,1,1,1,1,1,1,1,1,1,1,1,1,1,1,1,1,1,1,1,1,1,1,1,1,1,1,1,1,1,1
253.7714,254.0848693877551,72,46,1,1,1,1,1,1,1,1,1,1,1,1,1,1,1,1,1,1,1,1,1,1,1,1,1,1,1
202.09683945578232,202.28259909297051,65,53,1,1,1,1,1,1,1,1,1,1,1,1,1,1,1,1
183.23068117913832,183.38161088435373,51,51,1,1,1,1,1,1,1,1,1,1,1,1,1
201.57439047619047,201.7253201814059,31,52,1,1,1,1,1,1,1,1,1,1,1,1,1
40.056879818594105,40.544498866213154,77,47,1,1,1,1,0,0,1,1,1,1,1,1,1,1,1,1,1,1,1,1,1,1,1,1,1,1,1,1,1,1,1,1,1,1,1,1,1,1,1,1,1,1
172.065789569161,172.20510929705216,72,50,0,0,1,1,1,1,1,1,1,1,1,1
256.2339990929705,256.3862126984127,61,51,1,1,1,1,1,1,1,1,1,1,1,1,1,1
242.53813242630386,242.7471120181406,56,50,1,1,1,1,1,1,1,1,1,1,1,1,1,1,1,1,1,1
179.40843083900225,179.72190022675736,72,50,1,1,1,1,1,1,1,1,1,1,1,1,1,1,1,1,1,1,1,1,1,1,1,1,1,1,1
219.65107029478457,219.8948798185941,59,54,1,1,1,1,1,1,1,1,1,1,1,1,1,1,1,1,1,1,1,1,1
299.06823129251705,299.2307709750567,60,51,1,1,1,1,1,1,1,1,1,1,1,1,1,1
85.42337097505668,85.77167029478458,58,49,1,1,1,1,1,1,1,1,1,1,1,1,0,0,1,1,1,1,1,1,1,1,1,1,1,1,1,1,1,1
77.88336009070295,78.08072970521542,43,50,1,1,1,1,1,1,1,1,1,1,1,1,1,1,1,1,1
42.07829977324263,42.287279365079364,48,50,1,1,1,1,1,1,1,1,1,1,1,1,1,1,1,1,1,1
23.885520181405898,24.04805986394558,52,51,1,1,1,1,1,1,1,1,1,1,1,1,1,1
269.1765011337868,269.33904081632653,33,54,1,1,1,1,1,1,1,1,1,1,1,1,1,1
162.8874879818594,163.01648163265304,70,52,1,1,1,1,1,1,1,1,1,1,1,1
226.29582902494332,226.73829206349205,72,44,1,1,1,1,1,1,1,1,1,1,1,1,1,1,1,1,1,1,1,1,1,1,1,1,1,1,1,1,1,1,1,1,1,1,1,1,1,1,1
233.98676961451247,234.24218911564626,40,47,1,1,1,1,1,1,1,1,1,0,0,0,0,0,1,1,1,1,1,1,1,1
260.52193242630386,260.7425219954648,57,53,1,1,1,1,1,1,1,1,1,1,1,1,1,1,1,1,1,1,1
156.6142485260771,156.78839818594105,60,53,1,1,1,1,1,1,1,1,1,1,1,1,1,1,1
188.63188843537415,188.77249206349205,48,50,1,1,1,1,1,1,1,1,1,1,1,1,1
238.85520181405894,239.07579138321995,47,50,1,1,1,1,1,1,1,1,1,1,1,1,1,1,1,1,1,1,1
39.743410430839006,39.92917006802721,48,50,1,1,1,1,1,1,1,1,1,1,1,1,1,1,1,1
118.2072693877551,118.41624897959184,68,51,1,1,1,1,1,1,1,1,1,1,1,1,1,1,1,1,1,1
200.11024943310656,200.35405895691608,33,47,1,1,1,1,1,1,1,1,1,1,1,1,1,1,1,1,1,1,1,1,1
232.3600888888889,232.64001224489795,59,44,1,1,1,1,1,1,1,1,1,1,1,1,1,1,1,1,1,1,1,1,1,1,1,1,1
54.171989569161,54.33452925170069,33,51,2,2,1,1,1,1,1,1,1,1,1,1,1,1
231.4545106575964,231.97695963718823,48,47,1,1,1,1,1,1,1,1,1,1,1,1,1,1,1,1,1,1,1,1,1,1,1,1,1,1,1,1,1,1,1,1,1,1,1,1,1,1,1,1,1,1,1,1,1
287.2299609977324,287.6014802721088,48,48,1,1,1,1,1,1,1,1,1,1,1,1,1,1,1,1,1,1,1,1,1,1,1,1,1,1,1,1,1,1,1,1
241.85185986394558,242.08405941043085,49,53,1,1,1,1,1,1,1,1,1,1,1,1,1,1,1,1,1,1,1,1
74.40940907029479,74.87380816326531,31,48,1,1,1,1,1,1,1,1,1,1,1,1,1,1,1,1,1,1,1,1,1,1,1,1,1,1,1,1,1,1,1,1,1,1,1,1,1,1,1,1
132.6358485260771,133.06541768707484,45,52,1,1,1,1,1,1,1,1,1,1,1,1,1,1,1,1,1,1,1,1,1,1,1,1,1,1,1,1,1,1,1,1,1,1,1,1,1
71.260537414966,71.51724081632652,57,53,1,1,1,1,1,1,1,1,1,1,1,1,1,1,1,1,1,1,1,1,1,1,1
107.61255056689343,107.8099201814059,73,50,1,1,1,1,1,1,1,1,1,1,1,1,1,1,1,1,1
40.08009977324264,40.30068934240363,72,51,1,1,1,1,1,1,1,1,1,1,1,1,1,1,1,1,1,1,1
265.56323038548754,265.83025986394557,65,46,1,1,1,1,1,1,1,1,1,1,1,1,1,1,1,1,1,1,1,1,1,1,1
60.78191836734694,61.02572789115646,50,52,1,1,1,1,1,1,1,1,1,1,1,1,1,1,1,1,1,1,1,1,1
51.243707482993194,51.45268707482993,86,45,1,1,1,1,1,1,1,1,1,1,1,1,1,1,1,1,1,1
285.7193800453515,285.9515795918368,63,52,1,1,1,1,1,1,1,1,1,1,1,1,1,1,1,1,1,1,1,1
18.436589115646257,18.692008616780043,77,50,1,1,1,1,1,1,1,1,1,1,1,1,1,1,1,1,1,1,1,1,1,1
101.36253106575964,101.50185079365079,59,51,1,1,1,1,1,1,1,1,1,1,1,1
262.2763229024943,262.67106213151925,72,48,1,1,1,1,1,1,1,1,1,1,1,1,1,1,1,1,1,1,1,1,1,1,1,1,1,1,1,1,1,1,1,1,1,1
228.53912244897958,228.98030158730157,43,47,1,1,1,1,1,1,1,1,1,1,1,1,1,1,1,1,1,1,1,1,1,1,1,1,1,1,1,1,1,1,1,1,1,1,1,1,1,1
271.8829097505669,272.05705941043084,58,51,1,1,1,1,1,1,1,1,1,1,1,1,1,1,1
273.0568013605442,273.21934104308394,48,49,1,1,1,1,1,1,1,1,1,1,0,0,0,1
247.73036009070296,248.217979138322,49,46,1,1,1,1,1,1,1,1,1,1,1,1,1,1,1,1,1,1,1,1,1,1,1,1,1,1,1,1,1,1,1,1,1,1,1,1,1,1,1,1,1,1
24.28025941043084,24.524068934240365,53,49,1,1,1,1,1,1,1,1,1,1,1,1,1,1,1,0,1,1,1,1,1
145.56674058956918,145.7176702947846,63,48,1,1,1,1,1,1,1,1,1,1,1,1,1
201.10999138321995,201.24931111111113,45,51,1,1,1,1,1,1,1,1,1,1,1,1
4.890368253968254,5.076127891156462,70,47,1,1,1,1,1,1,1,1,1,1,1,1,1,1,1,1
10.049049886621315,10.246419501133788,48,48,1,1,1,1,1,1,1,1,1,1,1,1,1,0,0,0,0
213.02953151927437,213.20368117913833,65,51,1,1,1,1,1,1,1,1,1,1,1,1,1,1,1
88.00206984126984,88.21104943310658,53,48,1,1,1,1,1,1,1,1,1,1,1,1,1,1,1,1,1,1
128.00089977324262,128.2911492063492,61,48,1,1,1,1,1,1,1,1,1,1,1,1,1,1,1,1,1,1,1,1,1,1,1,1,1
209.39304081632653,209.57880045351473,31,51,0,0,1,1,1,1,1,1,1,1,1,1,1,1,1,1
33.79525034013606,34.07388979591837,70,44,1,1,1,1,1,1,1,1,1,1,1,1,1,1,0,0,0,0,0,0,0,1,1,1
97.44740090702949,97.95823990929706,49,45,1,1,1,1,1,1,1,1,1,1,1,1,1,1,1,1,1,1,1,1,1,1,1,1,1,1,1,1,1,1,1,1,1,2,2,2,2,1,1,1,1,1,1,1
53.28834739229025,53.57859682539682,31,46,1,1,1,1,1,1,1,1,1,1,1,1,1,1,1,1,1,1,1,1,1,1,1,1,1
184.7993120181406,185.00829160997733,30,49,1,1,1,1,1,1,1,1,1,1,1,1,1,1,1,1,1,1
241.60805034013606,241.96795963718822,56,50,1,1,1,1,1,1,1,1,1,1,1,1,1,1,1,1,1,1,1,1,1,1,1,1,1,1,1,1,1,1,1
25.383207256235828,25.650236734693877,77,44,1,1,1,1,1,1,1,1,1,1,1,1,1,1,1,1,1,1,1,1,1,1,1
83.12202766439908,83.46000090702948,62,44,1,1,1,1,1,1,1,1,1,1,1,1,1,1,1,1,1,1,1,1,1,1,1,1,1,1,1,1,1,1
51.48751700680272,51.626836734693875,74,42,1,1,1,1,1,1,1,1,1,1,1,1
277.16930113378686,277.30862086167804,46,47,1,1,1,1,1,1,1,1,1,1,1,1
10.548278911564626,11.151997732426304,60,46,1,1,1,1,1,1,1,1,1,1,1,1,1,1,1,1,1,1,1,1,1,1,1,1,1,1,1,1,1,1,1,1,1,1,1,1,1,1,1,1,1,1,1,1,1,1,1,1,1,1,1,1
277.8194598639456,278.0284394557823,53,51,1,1,1,1,1,1,1,1,1,1,1,1,1,1,1,1,1,1
233.59203038548753,233.74296009070295,59,50,1,1,1,1,1,1,1,1,1,1,1,1,1
140.8492380952381,141.03499773242632,49,52,1,1,1,1,1,1,1,1,1,1,1,1,1,1,1,1
9.583366893424035,9.896836281179137,48,49,1,1,1,1,1,1,1,1,1,1,1,1,1,1,1,1,1,1,1,1,1,0,1,1,1,1,1
148.95813786848072,149.3077210884354,68,46,1,1,1,1,1,1,1,1,1,1,1,1,1,1,1,1,1,1,1,1,1,1,1,1,1,1,1,1,1,1,1
80.12536961451248,80.64781859410431,72,41,1,1,1,1,1,1,1,1,1,1,1,1,1,1,1,1,1,1,1,1,1,1,1,1,1,1,1,1,1,1,1,1,1,1,1,1,1,1,1,1,1,1,1,1,1
115.23383129251701,115.38476099773243,59,46,1,1,1,1,1,1,1,1,1,1,1,1,1
231.129431292517,231.82602993197278,52,48,1,1,1,1,1,1,1,1,1,1,1,1,1,1,1,1,1,1,1,1,1,1,1,1,1,1,1,1,1,1,1,1,1,1,1,1,1,1,1,1,1,1,1,1,1,1,1,1,1,1,1,1,1,1,1,1,1,1,1,1
234.03320952380952,234.2654090702948,59,46,1,1,1,1,1,1,1,1,1,1,1,1,1,1,1,1,1,1,1,1
0.7430385487528345,0.9984580498866213,53,46,0,0,0,0,0,0,1,1,1,1,1,1,1,1,1,1,1,0,0,0,0,0
283.8256698412698,283.97659954648526,53,51,1,1,1,1,1,1,1,1,1,1,1,1,1
217.1188113378685,217.25813106575964,68,49,1,1,1,1,1,1,1,1,1,1,1,1
209.16084126984126,209.48592063492063,53,43,0,0,0,0,0,0,1,1,1,1,1,1,1,1,1,1,1,1,1,1,1,1,1,1,1,1,1,1
264.95951156462587,265.15688117913834,46,40,1,1,1,1,1,1,1,1,1,2,2,2,2,2,2,1,1
8.097289795918368,8.283049433106575,84,45,1,1,1,1,1,1,1,1,1,1,1,1,1,1,1,1
186.97166167800452,187.30835102040817,46,45,1,1,1,1,1,1,1,1,1,1,1,1,1,0,0,0,1,1,1,1,1,1,1,1,1,1,1,1,1
68.79793832199547,68.93725804988662,79,50,1,1,1,1,1,1,1,1,1,1,1,1
260.4290526077097,260.70769206349206,70,40,1,1,1,1,1,1,1,1,1,1,1,1,1,1,1,1,1,1,1,1,1,1,1,1
32.86516825396825,33.225077551020405,76,46,1,1,1,1,1,1,1,1,1,1,1,1,1,1,1,1,1,1,1,1,1,1,1,1,1,1,1,1,1,1,1
79.92800000000001,80.148589569161,60,43,1,1,1,1,1,1,1,1,1,1,1,1,1,1,1,1,1,1,1
258.0464394557823,258.208979138322,38,49,1,1,1,1,1,1,1,1,1,1,1,1,1,1
9.838786394557824,10.002609977324264,53,50,0,0,0,0,1,1,1,1,1,1,1,1,1,1,1
38.38375918367347,38.523078911564625,65,51,1,1,1,1,1,1,1,1,1,1,1,1
265.28459092970525,265.4819605442177,74,45,1,1,1,1,1,1,1,1,1,1,1,1,1,1,1,1,1
261.45073061224485,261.67132018140586,52,50,1,1,1,1,1,1,1,1,1,1,1,1,1,1,1,1,1,1,1
288.42707256235826,288.75215192743764,57,48,1,1,1,1,1,1,1,1,1,1,1,1,1,1,1,1,1,1,1,1,1,1,1,1,1,1,1,1
247.8696798185941,248.1831492063492,76,47,2,1,1,1,1,1,1,1,1,1,1,1,1,1,2,2,2,2,2,2,2,2,2,2,1,1,1
88.16460952380953,88.48968888888889,55,42,1,1,1,1,1,1,1,1,1,1,1,1,1,1,1,1,1,1,1,1,1,1,1,1,1,1,1,1
76.62819863945579,77.11581768707482,50,46,1,1,1,1,1,1,1,1,1,1,1,1,1,1,1,1,1,1,1,1,1,1,1,1,1,1,1,1,1,1,1,1,1,1,1,1,1,1,1,1,1,1
83.50644081632653,83.77347029478457,81,50,1,1,1,1,1,1,1,1,1,1,1,1,1,1,1,1,1,1,1,1,1,1,1
112.0849596371882,112.25910929705215,64,49,1,1,1,1,1,1,1,1,1,1,1,1,1,1,1
269.2577709750567,269.4783605442177,72,47,1,1,1,1,1,1,1,1,1,1,1,1,1,1,1,1,1,1,1
126.4206589569161,126.62963854875284,33,49,1,1,1,1,1,1,1,1,1,1,1,1,1,1,1,1,1,1
267.5614303854875,267.70075011337866,79,48,1,1,1,1,1,1,1,1,1,1,1,1
265.3658607709751,265.51679047619047,77,44,1,1,1,1,1,1,1,1,1,1,1,1,1
1.0448979591836736,1.2190476190476192,60,50,1,1,1,1,1,1,1,1,1,1,1,1,1,1,1
11.686056689342404,11.977590022675738,81,40,1,1,1,1,1,1,1,1,1,1,1,1,1,1,1,1,1,1,1,1,1,1,1,1,1,1
45.55096689342404,45.69157052154195,31,49,1,1,1,1,1,1,1,1,1,1,1,1,1
129.31411111111112,129.46504081632654,76,49,1,1,1,1,1,1,1,1,1,1,1,1,1
292.9459215419501,293.0852412698412,29,48,1,1,1,1,1,1,1,1,1,1,1,1
221.2429210884354,221.69571020408165,57,46,1,1,1,1,1,1,1,1,1,1,1,1,1,1,1,1,1,1,1,0,0,0,1,1,1,1,1,1,1,1,1,1,1,1,1,1,1,1,1
246.97571156462584,247.19630113378685,59,46,1,1,1,1,1,1,1,1,1,1,1,1,1,1,1,1,1,1,1
292.74855192743763,293.14329115646257,69,45,1,1,1,1,1,1,1,1,1,1,1,1,1,1,1,1,1,1,1,1,1,1,1,1,1,1,1,1,1,1,1,0,1,1
145.91503990929706,146.309779138322,52,45,1,1,1,1,1,1,1,1,1,1,1,1,1,1,1,1,1,1,1,1,1,1,1,1,1,1,1,1,1,1,1,1,1,1
38.55790884353741,38.70883854875284,72,49,1,1,1,1,1,1,1,1,1,1,1,1,1
237.44911065759638,237.58843038548753,59,47,1,1,1,1,1,1,1,1,1,1,1,1
118.07955963718821,118.28853922902495,71,42,1,1,1,1,1,1,1,1,1,1,1,1,1,1,1,1,1,1
39.672466666666665,39.894340136054424,72,48,1,1,1,1,1,1,1,1,1,1,1,1,1,1,1,1,1,1,1,1
259.25516099773245,259.4060907029479,38,49,1,1,1,1,1,1,1,1,1,1,1,1,1
206.97688163265306,207.16264126984126,33,48,1,1,1,1,1,1,1,1,1,1,1,1,1,1,1,1
242.1537192743764,242.37559274376417,56,49,1,1,1,1,1,1,1,1,1,1,1,1,1,1,1,1,1,1,1,1
149.16840136054424,149.31933106575966,52,44,1,1,1,1,1,1,1,1,1,1,1,1,1
298.4529024943311,299.49780045351474,57,38,1,1,1,1,1,1,1,1,1,1,0,0,0,0,0,0,0,0,1,1,1,1,1,1,1,0,0,0,0,0,0,0,0,0,0,1,1,1,1,0,0,0,0,0,0,0,0,0,0,1,1,1,1,1,0,0,0,0,0,0,0,0,0,1,1,1,1,0,0,0,0,0,0,0,0,1,1,1,1,1,1,1,0,0,0,0,0,0,0,1
156.13823945578233,156.300779138322,67,47,1,1,1,1,1,1,1,1,1,1,1,1,1,1
36.53648888888888,36.71063854875283,48,47,1,1,1,1,1,1,1,1,1,1,1,1,1,1,1
71.2257074829932,71.45790702947846,64,46,1,1,1,1,1,1,1,1,1,1,1,1,1,1,1,1,1,1,1,1
154.6740984126984,154.81341814058956,70,49,1,1,1,1,1,1,1,1,1,1,1,1
264.73892199546486,265.0059514739229,34,45,1,1,1,1,1,1,1,1,1,1,1,1,1,1,1,1,1,1,1,1,1,1,1
270.14012925170067,270.32717278911565,50,47,1,1,1,1,1,1,1,1,1,1,1,1,1,1,1,1,1
11.778936507936509,12.22139954648526,57,42,1,1,1,1,1,1,1,1,1,1,1,1,1,1,1,1,1,1,1,1,1,1,1,1,1,1,1,1,1,1,1,1,1,1,0,0,1,1,1
112.15461950113378,112.35198911564626,47,48,1,1,1,1,1,1,1,1,1,1,1,1,1,1,1,1,1
123.8884,124.108989569161,44,48,1,1,1,1,1,1,1,1,1,1,1,1,1,1,1,1,1,1,1
232.9999215419501,233.17407120181406,40,49,1,1,1,1,1,1,1,1,1,1,1,1,1,1,1
135.7847201814059,135.99369977324264,52,47,1,1,1,1,1,1,1,1,1,1,1,1,1,1,1,1,1,1
263.3560507936508,263.588250340136,77,49,1,1,1,1,1,1,1,1,1,1,1,1,1,1,1,1,1,1,1,1
292.411862585034,292.5976222222222,69,47,1,1,1,1,1,1,1,1,1,1,1,1,1,1,1,1
59.20167755102041,59.771850340136055,43,47,1,1,1,1,1,1,1,1,1,1,1,1,1,1,1,1,1,1,1,1,1,1,1,1,1,1,1,1,1,1,1,1,1,1,1,1,1,1,1,1,1,1,1,1,1,1,1,0,0,0
282.862041723356,283.0013614512472,57,48,1,1,1,1,1,1,1,1,1,1,1,1
150.01592970521543,150.32939909297053,56,43,1,1,1,1,1,1,1,1,1,1,1,1,1,1,1,1,1,1,1,1,1,1,1,1,1,1,1
69.80929024943312,70.14597959183673,65,45,1,1,1,1,1,1,1,1,1,1,1,1,1,1,1,1,1,1,1,1,1,1,1,1,1,1,1,1,1
219.65107029478457,219.8948798185941,56,46,1,1,1,1,1,1,1,1,1,1,1,1,1,1,1,1,1,1,1,1,1
281.3630707482993,281.7810299319728,31,45,-1,-1,-1,-1,1,1,1,1,1,1,1,1,1,1,1,1,1,-2,-2,-2,-1,-1,-1,-1,2,2,2,2,2,2,2,2,2,-2,-2,-2
218.244979138322,218.53651247165533,69,49,1,1,1,1,1,1,1,1,1,1,1,1,1,1,1,1,1,1,1,1,1,1,1,1,1,1
265.09883129251705,265.42391065759637,41,47,0,0,0,0,1,1,1,1,1,1,1,1,1,1,1,1,1,1,1,1,1,1,1,1,1,1,1,1
38.67400861678004,39.06874784580499,65,42,1,1,1,1,1,1,1,1,1,1,1,1,1,1,1,1,1,1,1,1,1,1,1,1,1,1,1,1,1,1,1,1,1,1
72.51569886621314,72.66662857142856,41,47,1,1,1,1,1,1,1,1,1,1,1,1,1
17.425237188208616,17.692266666666665,46,45,1,1,1,1,1,1,1,1,1,1,1,1,1,1,1,1,1,1,1,1,1,1,1
210.44954875283446,210.71786213151927,31,41,1,1,1,1,1,1,1,1,1,1,1,1,1,1,1,1,1,1,1,1,1,1,1,1
27.102767800453513,27.300137414965988,65,48,1,1,1,1,1,1,1,1,1,1,1,1,1,1,1,1,1
113.6187605442177,113.81613015873016,40,44,1,1,1,1,1,1,1,1,1,1,1,1,1,1,1,1,1
80.148589569161,80.34595918367347,84,47,1,1,1,1,1,1,1,1,1,1,1,1,1,1,1,1,1
68.07811972789116,68.2522693877551,62,43,1,1,1,1,1,1,1,1,1,1,1,1,1,1,1
19.43504716553288,20.12131972789116,44,45,2,2,2,2,2,2,2,2,2,2,2,2,2,2,2,2,2,2,2,2,2,2,2,2,2,2,2,2,2,2,2,2,2,2,2,2,2,2,2,2,2,2,2,2,2,2,2,2,2,2,2,2,2,2,2,2,2,3,2,2
118.57878866213153,118.71810839002268,47,48,1,1,1,1,1,1,1,1,1,1,1,1
223.81000997732426,223.97254965986394,57,48,1,1,1,1,1,1,1,1,1,1,1,1,1,1
49.617026757369615,49.93178004535147,27,46,1,1,1,1,1,1,1,1,1,1,1,1,1,1,1,1,1,1,1,1,1,1,1,1,1,1,1,1
125.80533015873016,126.08396961451248,56,44,1,1,1,1,1,1,1,1,1,1,1,1,1,1,1,1,1,1,1,1,1,1,1,1
67.79948027210885,68.4148090702948,31,44,1,1,1,1,1,1,1,1,1,1,1,1,1,1,1,1,1,1,1,1,1,1,1,1,1,1,1,1,1,1,1,1,1,1,1,1,1,0,0,0,0,0,0,0,0,0,0,1,1,1,1,1,1
270.3503927437642,270.7219120181406,77,41,1,1,1,1,1,1,1,1,1,1,1,1,1,1,1,1,1,1,1,1,1,1,1,1,1,1,1,1,1,1,1,1
86.08513968253969,86.35216916099773,62,45,1,1,1,1,1,1,1,1,1,1,1,1,1,1,1,1,1,1,1,1,1,1,1
297.4299405895692,297.6969700680272,69,43,1,1,1,1,1,1,1,1,1,1,1,1,1,1,1,1,1,1,1,1,1,1,1
203.2475111111111,203.42166077097505,31,47,2,2,2,0,1,1,1,1,1,1,1,1,1,1,1
28.59012879818594,28.868768253968252,31,46,1,1,1,1,1,1,0,0,0,1,1,1,1,1,1,1,1,1,1,1,1,1,1,1
232.02339954648528,232.38330884353743,45,43,1,1,1,1,1,1,1,1,0,0,0,1,1,1,1,1,1,1,1,1,1,1,1,1,1,1,1,1,1,1,1
227.9573396825397,228.10826938775512,40,47,1,1,1,1,1,1,1,1,1,1,1,1,1
207.69670022675737,207.98694965986394,52,41,1,1,1,1,1,1,1,1,1,1,0,0,0,0,0,0,0,0,0,0,1,1,1,1,1
34.30608934240363,34.480239002267574,67,46,1,1,1,1,1,1,1,1,1,1,1,1,1,1,1
24.89558820861678,25.058127891156463,93,46,1,1,1,1,1,1,1,1,1,1,1,1,1,1
240.6560321995465,240.89984172335602,44,45,1,1,1,1,1,1,1,1,1,1,1,1,1,1,1,1,1,1,1,1,1
24.709828571428574,24.84914829931973,53,46,1,1,1,1,1,1,1,1,1,1,1,1
48.72305850340136,48.97847800453515,67,44,1,1,1,1,1,1,1,1,1,1,1,1,1,1,1,1,1,1,1,1,1,1
40.46322902494332,40.75347845804989,69,43,1,1,1,1,1,1,1,1,1,1,1,1,1,1,1,1,1,1,1,1,1,1,1,1,1
260.7425219954648,260.9398916099773,79,47,1,1,1,1,1,1,1,1,1,1,1,1,0,1,1,1,1
238.75071201814058,239.00613151927436,61,39,1,1,1,1,1,1,1,1,1,1,1,1,1,1,1,1,1,1,1,1,1,1
75.04795782312925,75.36142721088436,71,43,1,1,1,1,1,1,1,1,1,1,1,1,1,1,1,1,1,1,1,1,1,1,1,1,1,1,1
137.29530113378684,137.53911065759635,56,41,1,1,1,1,1,1,1,1,1,1,1,1,1,1,1,1,1,1,1,1,1
121.82054013605442,122.15722947845805,68,43,1,1,1,1,1,1,1,1,1,1,1,1,1,1,1,1,1,1,1,1,1,1,1,1,1,1,1,1,1
63.86113015873016,64.00044988662131,60,46,1,1,1,1,1,1,1,1,1,1,1,1
232.54713242630385,232.69806213151926,67,48,1,1,1,1,1,1,1,1,1,1,1,1,1
196.264779138322,196.41570884353743,30,47,2,1,1,1,1,1,1,2,2,2,2,1,1
226.24938911564627,226.5409224489796,60,44,1,1,1,1,1,1,1,1,1,1,1,1,1,1,1,1,1,1,1,1,1,1,1,1,1,1
41.799660317460315,41.973809977324265,57,47,1,1,1,1,1,1,1,1,1,1,1,1,1,1,1
232.011789569161,232.22076916099775,64,45,1,1,1,1,1,1,1,1,1,1,1,1,1,1,1,1,1,1
14.126719727891157,14.416969160997732,41,44,0,1,1,1,1,1,1,1,1,1,1,1,1,1,1,1,1,1,1,1,1,1,1,1,1
30.17036961451247,30.32129931972789,67,46,1,1,1,1,1,1,1,1,1,1,1,1,1
227.43489070294785,227.58582040816327,67,47,1,1,1,1,1,1,1,1,1,1,1,1,0
248.96230158730157,249.43831065759636,85,39,1,1,1,1,1,1,1,1,0,0,0,0,1,1,1,1,1,1,1,1,1,1,1,1,1,1,1,1,1,1,1,1,0,0,0,0,0,1,1,1,1
71.1328276643991,71.28375736961452,55,48,1,1,1,1,1,1,1,1,1,1,1,1,1
9.351167346938775,9.583366893424035,69,45,1,1,1,1,1,1,1,1,1,1,1,1,1,1,1,1,1,1,1,1
37.74392653061224,37.88453015873016,60,46,1,1,1,1,1,1,1,1,1,1,1,1,1
41.380417233560095,41.589396825396825,72,40,1,1,1,1,1,1,1,1,1,1,1,1,1,1,1,1,1,1
187.8656299319728,188.0165596371882,29,46,1,1,1,1,1,1,1,1,1,1,1,1,1
129.51148072562358,129.72046031746032,40,45,1,1,1,1,1,1,1,1,1,1,1,1,1,1,1,1,1,1
119.49726077097505,119.83395011337868,66,42,-5,-5,-5,-5,-5,-5,-5,-5,-5,-5,-5,-5,-5,-5,-5,-5,-5,-5,-5,-5,-5,-5,-5,1,1,1,-5,1,1
179.9540997732426,180.18629931972788,82,44,1,1,1,1,1,1,1,1,1,1,1,1,1,1,1,1,1,1,1,1
24.34991927437642,24.605338775510205,50,42,1,1,1,1,1,1,1,1,1,1,1,1,1,1,1,1,1,1,1,1,1,1
33.24829750566893,33.41083718820862,55,43,1,1,1,1,1,1,1,1,1,1,1,1,1,1
23.443057142857143,23.69847664399093,91,41,1,1,1,1,1,1,1,1,1,1,1,1,1,1,1,1,1,1,1,1,1,1
299.6371201814059,299.8228798185941,60,42,1,1,1,1,1,1,1,1,1,1,1,1,1,1,1,1
125.42220090702948,125.61957052154196,64,43,1,1,1,1,1,1,1,1,1,1,1,1,1,1,1,1,1
244.57116235827664,244.75692199546484,59,46,1,1,1,1,1,1,1,1,1,1,1,1,1,1,1,1
7.747706575963719,7.95797006802721,84,43,1,1,1,1,1,1,1,1,1,1,1,1,1,1,1,1,1,1,1
124.550168707483,124.73592834467121,68,40,1,1,1,1,1,1,1,1,1,1,1,1,1,1,1,1
279.62029024943314,279.88731972789117,29,42,1,1,1,1,1,1,1,1,1,1,1,1,1,1,1,1,1,1,1,1,1,1,1
11.82537641723356,12.093689795918367,41,41,1,1,1,1,1,1,1,1,1,1,1,1,1,1,1,1,1,1,1,1,1,1,1,1
40.31229931972789,40.48644897959184,60,47,1,1,1,1,1,1,1,1,1,1,1,1,1,1,1
26.951838095238095,27.288527437641722,82,41,1,1,1,1,1,1,1,1,1,1,1,1,1,1,1,1,1,1,1,1,1,1,1,1,1,1,1,1,1
218.74549206349207,218.90803174603172,45,46,1,1,1,1,1,1,1,1,1,1,1,1,1,1
157.91584988662132,158.08999954648525,70,45,1,1,1,1,1,1,1,1,1,1,1,1,1,1,1
161.80776009070294,161.95868979591836,65,41,1,1,1,1,1,1,1,1,1,1,1,1,1
221.96273968253968,222.16010929705217,66,44,1,1,1,1,1,1,1,1,1,1,1,1,1,1,1,1,1
259.97497959183676,260.20717913832203,70,42,1,1,1,1,1,1,1,1,1,1,1,1,1,1,1,1,1,1,1,1
286.25472290249434,286.39404263038546,48,41,1,1,1,1,1,1,1,1,1,1,1,1
290.9477215419501,291.1799210884354,60,45,1,1,1,1,1,1,1,1,1,1,1,1,1,1,1,1,1,1,1,1
26.92861814058957,27.102767800453513,74,43,1,1,1,1,1,1,1,1,1,1,1,1,1,1,1
40.927628117913834,41.217877551020415,69,43,1,1,1,1,1,1,1,1,1,1,1,1,1,1,1,1,1,1,1,1,1,1,1,1,1
99.07279773242631,99.22372743764173,66,45,1,1,1,1,1,1,1,1,1,1,1,1,1
173.85500997732424,174.05237959183674,41,39,1,1,1,1,1,1,0,0,0,0,1,1,1,1,1,1,1
64.97568798185941,65.17305759637188,47,44,2,3,3,3,1,1,1,1,1,1,1,1,1,1,1,1,2
259.0926213151928,259.2435510204082,55,43,1,1,1,1,1,1,1,1,1,1,1,1,1
242.1537192743764,242.3162589569161,32,45,1,1,1,1,1,1,1,1,1,1,1,1,1,1
288.47351247165534,288.6708820861678,53,45,1,1,1,1,1,1,1,1,1,1,1,1,1,1,1,1,1
146.55358866213152,146.92510793650794,28,42,1,1,1,1,1,1,1,1,1,1,1,1,1,1,1,1,1,1,1,1,1,1,1,1,1,1,1,1,1,1,1,1
260.73091201814054,261.1372612244898,65,41,1,1,1,1,1,1,1,1,1,1,1,1,1,1,1,1,1,1,1,1,1,1,1,1,1,1,1,1,1,1,1,1,1,1,1
232.25559909297053,232.44264263038548,36,43,1,1,1,1,1,1,1,1,1,1,1,1,1,1,1,1,1
59.980829931972785,60.38717913832199,62,40,1,1,1,1,1,1,1,1,1,1,1,1,1,1,1,1,1,1,1,1,1,1,1,1,1,1,1,1,1,1,1,1,1,1,1
199.158231292517,199.30916099773242,48,42,1,1,1,1,1,1,1,1,1,1,1,1,1
22.688408616780045,22.96704807256236,67,43,1,1,1,1,1,1,1,1,1,1,1,1,1,1,1,1,1,1,1,1,1,1,1,1
206.19772925170068,206.39509886621317,57,43,1,1,1,1,1,1,1,1,1,1,1,1,1,1,1,1,1
15.461867120181406,16.090089795918367,91,39,1,1,1,1,1,1,1,1,1,1,1,1,1,1,1,1,1,1,1,1,1,1,1,1,1,1,1,1,1,1,1,1,1,1,1,1,1,1,1,1,1,1,1,1,1,1,1,1,1,1,1,1,1,1,1
228.48107256235826,228.64361224489795,62,44,1,1,1,1,1,1,1,1,1,1,1,1,1,1
163.42283083900224,163.63181043083898,29,44,2,2,1,1,1,1,1,1,1,1,1,1,1,1,1,1,1,1
107.17008752834468,107.34552108843538,69,45,1,1,1,1,1,1,1,1,1,1,1,1,1,1,1,1
151.35236099773243,151.56134058956917,59,40,1,1,1,1,1,1,1,1,1,1,1,1,1,1,1,1,1,1
147.8319700680272,148.00611972789116,56,45,1,1,1,1,1,1,1,1,1,1,1,1,1,1,1
290.06536326530613,290.28595283446714,29,41,1,1,1,1,1,1,1,1,1,1,1,1,1,2,2,2,2,2,2
5.9713800453514745,6.180359637188209,79,37,1,1,1,1,1,1,1,1,1,1,1,1,1,1,1,1,1,1
151.422020861678,151.57295056689344,52,42,1,1,1,1,1,1,1,1,1,1,1,1,1
65.37042721088434,65.63874058956917,69,44,1,1,1,1,1,1,1,1,1,1,1,1,1,1,1,1,1,1,1,1,1,1,1,1
69.47131700680272,69.69319047619048,34,40,1,1,1,1,1,1,1,1,1,1,1,1,1,1,1,1,1,1,1,1
0.7198185941043084,0.8591383219954648,72,39,1,1,1,1,1,1,1,1,1,1,1,1
195.0689514739229,195.28954104308391,54,36,1,1,1,1,1,1,1,1,1,1,1,1,1,1,1,1,1,1,1
4.739438548752834,5.02968798185941,53,40,0,0,0,0,1,1,1,1,1,0,0,1,0,0,1,0,0,0,0,0,0,1,1,1,1
241.01594149659866,241.27136099773244,49,39,1,1,1,1,1,1,1,1,1,1,1,1,1,1,1,1,1,1,1,1,1,1
295.8845297052154,296.1528430839002,29,40,1,1,1,1,1,1,1,1,1,1,1,1,1,1,1,1,1,1,1,1,1,1,1,1
263.30961088435373,263.5069804988662,65,42,1,1,1,1,1,1,1,1,1,1,1,1,1,1,1,1,1
126.80378820861678,127.07081768707484,76,39,1,1,1,1,1,1,1,1,1,1,1,1,1,1,1,1,1,1,1,1,1,1,1
214.53882857142855,214.69104217687075,50,42,1,1,1,1,1,1,1,1,1,1,1,1,1,1
299.6719501133787,299.950589569161,57,41,0,0,0,0,0,0,0,0,0,0,0,0,0,0,0,0,0,0,0,0,0,0,0,0
264.42545260770976,264.8085818594104,77,36,1,1,1,1,1,1,1,1,1,1,1,1,1,1,1,1,1,1,1,1,1,1,1,1,1,1,1,1,1,1,1,1,1
78.11555963718821,78.39419909297052,62,40,1,1,1,1,1,1,1,1,1,1,1,1,1,1,1,1,1,1,1,1,1,1,1,1
238.69266213151926,238.84359183673467,52,43,1,1,1,1,1,1,2,2,2,2,2,2,1
34.42218911564626,34.712438548752836,76,41,1,1,1,1,1,1,1,1,1,1,1,1,1,1,1,1,1,1,1,1,1,1,1,1,1
20.16775963718821,20.341909297052155,62,41,1,1,1,1,1,1,1,1,1,1,1,1,1,1,1
263.6463002267574,263.84366984126984,29,42,0,0,1,1,1,1,1,1,1,1,1,1,1,1,1,1,1
3.0547079365079366,3.194027664399093,81,42,1,1,1,1,1,0,0,1,1,1,1,1
1.8575963718820863,2.2071795918367347,60,39,1,1,1,1,1,1,1,1,1,1,1,1,1,1,1,1,1,1,1,1,1,1,1,1,1,1,1,1,1,1,1
297.98850340136056,298.185873015873,29,42,1,1,1,1,1,1,1,1,1,1,1,1,1,1,1,1,1
34.78209841269842,34.96785804988662,67,41,1,1,1,1,1,1,1,1,1,1,1,1,1,1,1,1
148.54017868480724,148.76076825396825,68,40,1,1,1,1,1,1,1,1,1,1,1,1,1,1,1,1,1,1,1
29.228677551020407,29.379607256235825,31,41,1,1,1,1,1,1,1,1,1,1,1,1,1
106.9146680272109,107.06559773242631,76,41,1,1,1,1,1,1,1,1,1,1,1,1,1
26.684808616780046,26.917008163265304,53,38,1,1,1,1,1,1,1,1,1,1,1,1,1,1,1,1,1,1,1,1
49.396437188208616,49.64024671201814,33,40,1,1,1,1,1,1,1,1,1,1,1,1,1,1,1,1,1,1,1,1,1
28.648178684807256,28.950038095238096,62,39,1,1,1,1,1,1,1,1,1,1,1,1,1,1,1,1,1,1,1,1,1,1,1,1,1,1
12.047249886621316,12.337499319727891,48,40,1,1,1,1,1,1,1,1,1,1,1,1,1,1,1,1,1,1,1,1,1,1,1,1,1
135.5641306122449,135.84277006802722,76,41,1,1,1,1,1,1,1,1,1,1,1,1,1,1,1,1,1,1,1,1,1,1,1,1
204.0950394557823,204.26918911564624,41,38,1,1,1,1,1,1,1,1,1,1,1,1,1,1,1
60.747088435374145,60.90962811791383,41,41,1,1,1,1,1,1,1,1,1,1,1,1,1,2
15.473477097505668,15.694066666666666,48,41,1,1,1,1,1,1,1,1,1,1,1,1,1,1,1,1,1,1,1
280.12080317460317,280.2949528344671,30,40,1,1,1,1,1,1,1,2,2,2,2,2,2,2,1
157.18442131519274,157.3585709750567,48,39,1,1,1,1,1,1,1,1,1,1,1,1,1,1,1
88.2690993197279,88.42002902494332,41,40,1,1,1,1,1,1,1,1,1,1,1,1,1
299.16111111111115,299.3352607709751,48,37,1,1,1,1,1,1,1,0,0,0,0,0,0,1,1
19.017087981859408,19.21445759637188,44,39,2,2,2,2,2,2,2,2,2,2,2,2,2,2,2,2,2
71.65656054421768,71.83071020408163,55,37,1,1,1,1,1,1,1,1,1,1,1,1,1,1,1
188.12104943310658,188.28358911564627,57,34,1,1,1,1,1,1,1,1,1,1,0,1,1,1
255.27037097505666,255.43291065759638,53,36,1,1,1,1,1,1,1,1,1,1,1,1,1,1
120.91367800453514,121.0529977324263,76,35,1,1,1,1,1,1,1,1,1,1,1,1
