stem,start_seconds,end_seconds,mfcc_1_mean,mfcc_1_std,mfcc_2_mean,mfcc_2_std,mfcc_3_mean,mfcc_3_std,mfcc_4_mean,mfcc_4_std,mfcc_5_mean,mfcc_5_std,mfcc_6_mean,mfcc_6_std,mfcc_7_mean,mfcc_7_std,mfcc_8_mean,mfcc_8_std,mfcc_9_mean,mfcc_9_std,mfcc_10_mean,mfcc_10_std,mfcc_11_mean,mfcc_11_std,mfcc_12_mean,mfcc_12_std,mfcc_13_mean,mfcc_13_std,chroma_0,chroma_1,chroma_2,chroma_3,chroma_4,chroma_5,chroma_6,chroma_7,chroma_8,chroma_9,chroma_10,chroma_11,rms_mean,rms_std,spectral_centroid_mean,spectral_centroid_std,spectral_bandwidth_mean,spectral_bandwidth_std,spectral_rolloff_mean,spectral_rolloff_std,zero_crossing_rate_mean,zero_crossing_rate_std,spectral_contrast_0_mean,spectral_contrast_0_std,spectral_contrast_1_mean,spectral_contrast_1_std,spectral_contrast_2_mean,spectral_contrast_2_std,spectral_contrast_3_mean,spectral_contrast_3_std,spectral_contrast_4_mean,spectral_contrast_4_std,spectral_contrast_5_mean,spectral_contrast_5_std,spectral_contrast_6_mean,spectral_contrast_6_std
original_mix,0.0,5.0,-346.3432922363281,133.23899841308594,70.03733825683594,46.514190673828125,23.236114501953125,30.530872344970703,35.62300491333008,14.411343574523926,-15.069940567016602,25.875530242919922,5.10991096496582,18.420330047607422,-20.383272171020508,19.22209930419922,6.087769508361816,17.750179290771484,-13.874566078186035,12.320751190185547,-10.288273811340332,11.119332313537598,-20.003660202026367,15.071258544921875,-10.98077392578125,16.9793758392334,-17.058927536010742,11.606070518493652,0.3059495985507965,0.2521917521953583,0.31362447142601013,0.5931722521781921,0.3629556894302368,0.14893923699855804,0.1583719253540039,0.23660090565681458,0.38582587242126465,0.35691356658935547,0.3017796277999878,0.1883019208908081,0.052816152515369544,0.05789747088854335,4604.225146899136,2492.1803484174625,4488.365931106745,610.8484909372916,9238.043906793793,3078.210380009805,0.12018063007540604,0.14024524935163488,12.373709981008504,4.658536161624521,14.117334283885592,5.053013378147692,21.266807553148436,4.504728730658722,23.993535249924953,6.437699600641146,21.816744891959317,6.186055106186753,20.265384841030187,5.856252281492561,38.53257476771606,8.039705675204154
original_mix,2.5,7.5,-218.53970336914062,72.64464569091797,93.5549087524414,56.57244873046875,-4.846099853515625,22.692214965820312,25.987266540527344,23.858352661132812,-29.575590133666992,15.77537727355957,-4.821505546569824,18.006898880004883,-25.045347213745117,14.470645904541016,16.26658058166504,11.739973068237305,-20.12689781188965,12.335667610168457,-10.50503158569336,8.961487770080566,-19.82842445373535,14.939451217651367,-17.346763610839844,17.327648162841797,-18.386178970336914,11.806159973144531,0.29068508744239807,0.2718351185321808,0.2932303547859192,0.5307658314704895,0.27868878841400146,0.21304145455360413,0.1627541035413742,0.20513208210468292,0.27672499418258667,0.21650153398513794,0.3197876214981079,0.17458033561706543,0.11337053136610514,0.06600962991505623,4116.270966896627,2526.525201847758,3853.688295235416,598.2039865545312,7538.61953487529,3641.3747291040777,0.12002428944315545,0.13548507328638731,12.44447295105741,6.459876204118286,13.675021329233445,3.737303187175499,20.40230078218576,4.161359382990954,24.481528728048755,5.516232463029729,22.360865571373115,5.328834396078723,22.437910521056086,5.332149367869299,42.418370487460145,4.193172820009234
original_mix,5.0,10.0,-196.79893493652344,45.45013427734375,137.24400329589844,27.945171356201172,-9.3999605178833,19.448448181152344,14.520737648010254,19.85765838623047,-30.527982711791992,14.700630187988281,-8.003467559814453,10.606830596923828,-21.548357009887695,10.442877769470215,13.987728118896484,10.527067184448242,-28.54704475402832,12.770384788513184,-8.570076942443848,8.376229286193848,-9.339948654174805,14.363385200500488,-20.952211380004883,9.052887916564941,-18.881141662597656,9.831361770629883,0.2371598482131958,0.14023956656455994,0.2560576796531677,0.5978125929832458,0.2931860387325287,0.2426535189151764,0.17841799557209015,0.271120548248291,0.1756383329629898,0.1551179438829422,0.40834346413612366,0.17791631817817688,0.1331147923028386,0.05308172985820764,2627.245941218205,1127.1554642924066,3458.088963671805,601.487209699214,4952.886523890661,2541.369047579458,0.05192321635730859,0.03559868547963242,15.393229082653544,7.15581200423457,13.755697732240634,3.5619247456135064,19.338754820784743,3.460156332852851,24.61364589478827,3.8853691542269817,23.399518447634346,4.756899381129261,23.38083269791837,6.736164105532484,40.255637669131616,3.8179658703900192
original_mix,7.5,12.5,-207.83279418945312,56.18854904174805,137.06695556640625,28.385906219482422,-3.506633996963501,19.48370933532715,27.22469711303711,19.09669303894043,-27.876708984375,14.080259323120117,-5.860016345977783,11.369752883911133,-19.75045394897461,10.95328426361084,12.578849792480469,11.036151885986328,-27.403480529785156,13.34774398803711,-3.939659357070923,9.514065742492676,-3.293489933013916,11.624820709228516,-15.750836372375488,7.836456298828125,-20.1254940032959,7.056210994720459,0.2651396691799164,0.13348905742168427,0.19908899068832397,0.4717870354652405,0.24280883371829987,0.20095562934875488,0.15294617414474487,0.31504809856414795,0.39913883805274963,0.2571091055870056,0.34476104378700256,0.17913825809955597,0.11235869104980455,0.04828204956295058,2680.1669997277113,1059.5251717397969,3541.5909836504447,628.7113019362589,5351.225801189095,2558.537936319868,0.04758872897331787,0.0234213165362614,16.76045417190611,5.799359783037884,13.117666152984219,3.628328566170447,20.039340654935895,3.971603822353184,24.29760371090431,4.534865173856197,22.01529492017126,4.643828003769734,22.60325984632446,6.84572466184161,40.101906138748895,4.066758928984263
original_mix,10.0,15.0,-193.7593231201172,59.75401306152344,131.7538299560547,27.944534301757812,-5.166434288024902,17.175090789794922,30.374324798583984,17.6717472076416,-18.342588424682617,11.351848602294922,-5.272928714752197,11.69758129119873,-20.854290008544922,12.369246482849121,12.839140892028809,10.754129409790039,-22.11577796936035,13.069131851196289,-6.500510215759277,10.465662002563477,-13.223542213439941,13.037708282470703,-15.107464790344238,10.151219367980957,-11.082880973815918,10.64847469329834,0.2961333990097046,0.2262560874223709,0.2004871368408203,0.4419524371623993,0.21609677374362946,0.20097312331199646,0.0992174819111824,0.16847707331180573,0.3250298798084259,0.20838528871536255,0.18819135427474976,0.15274955332279205,0.13168693227118655,0.06619923670074086,2781.368420818165,1014.5579249849281,3607.2151513845697,624.2242904189674,5601.930240356729,2432.940869085213,0.050226127465197216,0.023048577693317394,16.021610830842143,5.053944455261569,12.530312431417322,3.769040989298442,20.927545388304534,3.81297099936545,24.624725260473884,4.053829180173247,21.422215440919768,5.54817525302493,21.041261019859757,4.485367469428486,40.434958483307604,4.509470578246643
original_mix,12.5,17.5,-165.04513549804688,32.8880615234375,148.47483825683594,26.188861846923828,-17.215238571166992,11.895654678344727,20.651592254638672,10.776103019714355,-19.85443115234375,11.934361457824707,2.252358913421631,12.936159133911133,-17.23061752319336,13.762953758239746,18.18795394897461,9.153562545776367,-19.06684112548828,12.564207077026367,-8.964847564697266,9.5507173538208,-12.6472806930542,13.907097816467285,-16.659080505371094,10.843713760375977,-5.271875381469727,11.159668922424316,0.37227118015289307,0.34407302737236023,0.257930725812912,0.47558438777923584,0.2126482129096985,0.2752666473388672,0.10945264995098114,0.10682065784931183,0.0741194561123848,0.12297128885984421,0.32103678584098816,0.18088220059871674,0.16840079514063427,0.05141432187741974,2391.279567644843,721.0224621480846,3209.4926733439033,594.1007382923177,4493.045220961427,1859.1415970026544,0.04845879857888631,0.013647200356218098,16.824791088291907,4.900552066089635,11.269088950435169,3.7226141492460507,19.481991374731265,4.297173361731812,24.68082891810697,4.094472482733608,22.585511818958206,5.481862908528186,23.372810719243148,6.774808303519328,41.45460416885684,3.775408501108873
original_mix,15.0,20.0,-160.02366638183594,28.745241165161133,167.67938232421875,24.144929885864258,-15.99948787689209,14.279797554016113,19.606639862060547,11.120777130126953,-23.646089553833008,11.448296546936035,9.920920372009277,9.744284629821777,-12.746703147888184,10.271045684814453,18.96750259399414,9.081097602844238,-13.487979888916016,10.648527145385742,-0.380680650472641,9.642928123474121,-1.9366517066955566,11.225639343261719,-14.188079833984375,8.475303649902344,-9.45530891418457,9.472840309143066,0.446575403213501,0.3282589018344879,0.2672552764415741,0.48123899102211,0.23788335919380188,0.2471764087677002,0.13036981225013733,0.1705475151538849,0.2510312497615814,0.22196219861507416,0.4299314320087433,0.20354406535625458,0.16987013151294394,0.042523549108872204,2074.0775060073597,618.9353015376448,2945.3630612445972,581.1689622727191,3754.6212251667635,1745.4530740916803,0.04477346468967518,0.010989183508045489,18.694219317912925,4.810745256781291,10.700981463979453,3.4359408625787524,17.5249499344656,4.259185426241878,23.82882844572095,3.9271394394596735,21.808570905586226,4.376157516877246,23.717447314962758,6.54816282878857,41.272394058305196,3.2967818031010117
original_mix,17.5,22.5,-157.40798950195312,31.96419334411621,166.89004516601562,23.17435646057129,-10.766286849975586,15.830501556396484,20.409507751464844,12.659933090209961,-19.06810188293457,12.545647621154785,11.336984634399414,9.099780082702637,-11.786626815795898,9.419599533081055,18.234086990356445,8.340330123901367,-11.650911331176758,11.692004203796387,1.3693925142288208,7.348572731018066,-4.410262584686279,11.564314842224121,-14.227660179138184,6.90383768081665,-11.196432113647461,6.948762893676758,0.516574501991272,0.19913776218891144,0.2248920053243637,0.49871826171875,0.22194840013980865,0.16051268577575684,0.13159778714179993,0.22051778435707092,0.299234539270401,0.22208477556705475,0.3507927656173706,0.26320621371269226,0.1627445992713323,0.04742843372064272,2130.8338735107004,724.5112473011208,3054.6517762876383,615.9018442594823,3939.3271461716936,2053.000772315302,0.04635613036542923,0.012095229856586594,18.35275384471903,5.009211687187097,10.909930130152484,3.154301414921699,17.67924158716051,3.8145021193117965,23.636014100973057,3.658522159004021,20.842003345630125,3.728555637966868,21.941301905242064,4.32532116646751,40.911599305985256,3.3991317693972034
original_mix,20.0,25.0,-185.2617950439453,54.99555969238281,162.4907989501953,23.247182846069336,-11.282262802124023,16.902572631835938,24.458648681640625,13.571295738220215,-13.313855171203613,10.456574440002441,12.469459533691406,7.596086025238037,-11.01064682006836,9.320849418640137,16.309764862060547,9.524673461914062,-9.784109115600586,10.936225891113281,0.632450520992279,6.844616889953613,-2.265489101409912,12.833301544189453,-12.146464347839355,7.4399542808532715,-10.838476181030273,6.8595428466796875,0.485578328371048,0.22162987291812897,0.24650761485099792,0.4290798306465149,0.24267596006393433,0.22950012981891632,0.15032272040843964,0.2238079160451889,0.3612130582332611,0.30408361554145813,0.38382554054260254,0.2877199053764343,0.12483672618762247,0.0620815149001252,2213.2812845925673,813.6403011185364,3109.994305047492,597.2994325824931,4215.711553799304,2070.451286289806,0.04785269540313225,0.015404313226025056,17.701521455038492,4.3767654775257565,9.851335056463949,3.526351475969488,18.086419724347746,4.318416487767768,22.91807814240243,4.382268802702324,21.33379023961956,4.229521672275057,22.225109951625985,5.66745518165273,39.63604986521136,4.367161392977508
original_mix,22.5,27.5,-184.31642150878906,54.163963317871094,164.74652099609375,18.91328239440918,-11.292472839355469,16.968521118164062,26.520536422729492,12.48347282409668,-12.687007904052734,9.135903358459473,11.006380081176758,8.838706970214844,-12.750011444091797,8.266973495483398,14.753738403320312,10.556448936462402,-12.3534517288208,10.383996963500977,4.033767223358154,6.98099946975708,2.9697539806365967,9.115177154541016,-12.248812675476074,9.920741081237793,-12.566812515258789,7.675861835479736,0.46764200925827026,0.24695922434329987,0.26840540766716003,0.3980758786201477,0.26047268509864807,0.2440798431634903,0.1426500529050827,0.19543719291687012,0.3092258870601654,0.3005438446998596,0.49498456716537476,0.32507529854774475,0.13095178689349554,0.06283323665121242,2093.335744676911,619.0889091873141,3029.2950595419125,479.46600938412587,3926.687006054234,1618.6085842447433,0.04598000652552204,0.01531082357570336,18.328894128197415,5.255887170584341,9.505483473440345,3.196008868365873,17.563756924241574,3.9896781140631212,22.575945535981358,4.3278910251580305,22.182063458176415,4.147192102232496,24.21059618328883,6.627657876839158,39.67854641342464,3.888901071823048
original_mix,25.0,30.0,-160.7801971435547,37.39833450317383,157.4744415283203,21.577585220336914,-16.652740478515625,16.999584197998047,26.485496520996094,9.484509468078613,-13.362347602844238,12.691612243652344,9.393068313598633,10.1804780960083,-17.948505401611328,8.995696067810059,16.498188018798828,9.588822364807129,-15.497563362121582,9.046107292175293,3.8939449787139893,7.3830413818359375,-0.21065360307693481,8.930807113647461,-14.100887298583984,10.094890594482422,-9.57601547241211,8.980328559875488,0.451688677072525,0.18190345168113708,0.22938182950019836,0.4333415627479553,0.2611243426799774,0.3230498135089874,0.17918898165225983,0.16868411004543304,0.24103818833827972,0.2005179077386856,0.3497214615345001,0.27582746744155884,0.14895580536977598,0.0535634696340784,2298.4083037952337,820.2460200353091,3139.7486404785664,517.0412665862063,4307.390040421984,1816.80742540046,0.049700460411832945,0.023785227848069607,18.93677690233399,5.119327278222744,10.936434312090556,3.6111856265178335,18.510167867200032,3.6567299657318646,22.605319264866054,4.194472427492504,21.940554456714963,4.19197677199062,24.27158517815094,5.701427645154633,41.037079294237095,3.456797681919036
original_mix,27.5,32.5,-147.75233459472656,36.907501220703125,156.11940002441406,23.56029510498047,-20.44898796081543,14.29145336151123,24.300168991088867,10.6349458694458,-13.8806734085083,13.461566925048828,9.697612762451172,10.560718536376953,-13.81554889678955,12.073556900024414,21.45820426940918,11.654272079467773,-9.92875862121582,9.039992332458496,4.111221790313721,6.948290824890137,-0.7700591683387756,9.043021202087402,-12.344820976257324,7.277631759643555,-7.807811260223389,6.94359827041626,0.46748998761177063,0.1917198896408081,0.22485928237438202,0.3982980251312256,0.27843835949897766,0.4037197232246399,0.22754037380218506,0.18937166035175323,0.33441126346588135,0.2529356777667999,0.3134089410305023,0.249529168009758,0.15562716570710913,0.06632127343635809,2406.4049236352575,866.564234971589,3190.864731834859,578.115759342502,4569.7353991444315,1935.3278342133294,0.050851489994199535,0.023592186424714792,19.047525628538136,5.092587508429198,10.939309694601947,3.6511639088812213,17.02377633477788,3.407875739000181,21.814320221983085,4.293199567783325,21.843420638625723,4.085038382435737,23.17617589510184,4.642034551930299,40.603772644242184,4.790908408638453
original_mix,30.0,35.0,-146.07879638671875,29.206117630004883,170.5826873779297,19.684375762939453,-17.913860321044922,11.076648712158203,19.909666061401367,10.806410789489746,-22.17154884338379,12.079792976379395,8.886539459228516,10.368517875671387,-4.88106107711792,10.694835662841797,22.448253631591797,10.574666023254395,-7.995893955230713,7.894057750701904,3.993239402770996,6.3520050048828125,7.147935390472412,11.831042289733887,-11.347947120666504,7.488160610198975,-10.715102195739746,5.964757919311523,0.4752492606639862,0.1824895292520523,0.1661134511232376,0.372565358877182,0.16735850274562836,0.16848595440387726,0.12261690944433212,0.2198401689529419,0.6126499176025391,0.25083187222480774,0.26529479026794434,0.22950319945812225,0.1946289981704577,0.06926591449391079,2013.183010400667,584.8375239002062,2816.6860796214405,543.2348408805778,3463.248509099478,1669.1726820780202,0.04732362964037123,0.010328759559137594,18.9598491259891,4.6524761074387975,11.16388216701754,3.377149547405424,16.349917727496475,3.3149964524594373,23.135781035720452,3.6823924629567855,24.87617378003375,5.297746885490747,26.381662588413207,6.767513621274772,40.50431333914356,4.866646186581761
original_mix,32.5,37.5,-167.96653747558594,39.63406753540039,150.19046020507812,38.6224479675293,-22.15239906311035,12.149806022644043,35.184059143066406,23.104589462280273,-23.004432678222656,11.507010459899902,8.314208030700684,12.138842582702637,-3.444272994995117,10.420398712158203,10.908760070800781,11.142210006713867,-5.049094200134277,8.728039741516113,7.524652004241943,7.928231716156006,8.726744651794434,9.06617259979248,-2.6438889503479004,11.359146118164062,-10.084683418273926,9.991395950317383,0.45241793990135193,0.16154982149600983,0.13176219165325165,0.3579915165901184,0.1864723563194275,0.2011028528213501,0.16945458948612213,0.28847992420196533,0.7409833073616028,0.34707698225975037,0.23927775025367737,0.21003471314907074,0.15116333983527397,0.08035348755895526,2511.902906143869,1043.8219448714378,3028.8480514013345,680.2970978933815,4660.614509316995,2516.5933271952367,0.06077118982018562,0.030929131028828372,18.422842128746407,4.964403517536593,13.790874029288702,4.5565280811057445,17.12326945958249,3.7136405764630256,23.07314628539671,4.090247993489897,23.596046593049284,6.075792972770646,23.982496269321853,7.947022800791596,42.14304575420151,4.1811011532381945
original_mix,35.0,40.0,-188.1992950439453,46.18330383300781,126.20147705078125,31.129962921142578,-23.72370719909668,16.421409606933594,43.470027923583984,17.93071174621582,-13.557098388671875,10.292675971984863,14.883654594421387,13.608132362365723,-6.931960582733154,12.634657859802246,2.0655412673950195,10.147344589233398,-1.9192990064620972,9.14547348022461,9.797205924987793,8.499410629272461,-1.3766770362854004,8.83152961730957,2.8785014152526855,7.841124057769775,-2.67299747467041,11.360288619995117,0.3873380720615387,0.22390814125537872,0.2525262236595154,0.5960335731506348,0.36190181970596313,0.3526032567024231,0.26287731528282166,0.2898920774459839,0.4611831307411194,0.3176702857017517,0.2738129496574402,0.2039235234260559,0.09060805723970008,0.033249353907333926,3019.006460941176,1030.4894638108108,3485.224520100266,612.9680889114132,6182.1776210846865,2151.6321445775197,0.0677861260150812,0.035596054641473245,18.97492925225569,5.685073939971293,15.577635392752027,4.3451989363058745,16.665962004832725,3.7222086777750287,22.707478716915166,4.672419258657409,20.79603480762082,4.166952365941824,19.884436254166147,3.5744005595876693,42.2899514139363,4.464621969169802
original_mix,37.5,42.5,-203.64422607421875,37.617469787597656,142.86573791503906,30.84182357788086,-27.533645629882812,18.78428077697754,34.37448501586914,11.379986763000488,-13.8526611328125,9.05685806274414,17.553346633911133,10.319122314453125,-13.442961692810059,11.572104454040527,-1.0296939611434937,10.535693168640137,-5.09153413772583,8.568879127502441,10.467350959777832,8.889769554138184,-2.3287549018859863,11.65045166015625,3.641433000564575,6.852333068847656,-1.0750876665115356,8.858137130737305,0.35744771361351013,0.2471059262752533,0.30438172817230225,0.611964225769043,0.37281596660614014,0.43655097484588623,0.2340087592601776,0.18815995752811432,0.3665500283241272,0.19320006668567657,0.25144410133361816,0.18522793054580688,0.08171938112969326,0.02626039228750215,2651.6949364835777,954.3389534235434,3230.513668635468,657.9887833862804,5367.962745613399,2140.1282427470387,0.06189842843677494,0.028143307716952136,19.367360751031196,5.485313508355366,12.32075297389918,5.146726285058381,16.40032197392894,3.683566783324175,23.35786265439047,4.119058983756619,22.926809360598295,4.7766967157774705,22.077280596682943,3.8150278467520065,41.19817537984509,3.579067718740018
original_mix,40.0,45.0,-192.75326538085938,51.457969665527344,132.19363403320312,35.555503845214844,-14.033805847167969,24.152172088623047,26.127552032470703,11.89323902130127,-7.677493095397949,11.744026184082031,21.16319465637207,15.711823463439941,-11.976489067077637,10.641754150390625,1.8055275678634644,13.593276023864746,-0.8962239027023315,8.670265197753906,8.082658767700195,8.823760986328125,-2.689448595046997,13.541359901428223,2.7715563774108887,7.708518981933594,-0.18609009683132172,10.155601501464844,0.3823663592338562,0.27677714824676514,0.3391289710998535,0.4960125684738159,0.37431600689888,0.49682092666625977,0.3075028359889984,0.2649111747741699,0.3430020809173584,0.2585260570049286,0.34713214635849,0.258928507566452,0.09661821988162751,0.05234885019980752,3023.4002960692997,1334.0763640277428,3646.7316810901857,927.1497184729683,6529.206922491299,3095.2370262491836,0.061224351073085846,0.04213817238609799,20.061510930165856,5.364672875034556,12.200106910060978,5.57859515773318,16.277985271689527,3.817334903663494,21.34145143995922,4.161874996369086,20.384126075562243,5.433682091006646,21.243012029634496,4.214801702990898,41.583538516335395,4.559061478453961
original_mix,42.5,47.5,-187.38470458984375,56.48447799682617,115.96898651123047,34.00088882446289,7.068978309631348,19.439359664916992,26.431917190551758,14.605559349060059,-2.753110885620117,13.413774490356445,32.97678756713867,13.541996955871582,-17.355710983276367,11.77122974395752,3.195673942565918,13.869393348693848,-2.757753372192383,8.817567825317383,5.919548511505127,7.992857933044434,-12.255603790283203,10.948580741882324,-2.7478301525115967,10.708041191101074,-2.2783777713775635,9.438836097717285,0.3456445634365082,0.24750782549381256,0.31453362107276917,0.4671939015388489,0.40741926431655884,0.43070369958877563,0.32619616389274597,0.31469202041625977,0.2925613522529602,0.28427693247795105,0.3212200403213501,0.2874303162097931,0.1273971731296963,0.05873201888606157,3396.277115322791,1427.7860134453895,4274.362561101581,778.6612807429302,8043.575646207946,3126.7220319636863,0.05004033135150812,0.05092991991597209,19.465989621205985,6.321130292918053,14.989908322166878,4.568021922656096,17.296715566861284,3.9683434115932466,19.854123324850992,4.269913173711555,18.846916570120623,4.204726864716477,20.399571322471896,4.842881246654816,42.54401723401591,4.443350822928719
original_mix,45.0,50.0,-238.89715576171875,82.4025650024414,123.37958526611328,30.950464248657227,14.95101547241211,22.666040420532227,26.60537338256836,17.62331771850586,0.4651276171207428,16.632064819335938,23.582792282104492,16.88915252685547,-17.160919189453125,12.383492469787598,1.8573417663574219,13.714313507080078,-2.2363314628601074,9.609861373901367,0.5571640133857727,9.199437141418457,-13.278026580810547,11.213418006896973,-3.2437684535980225,10.235387802124023,-5.530910015106201,7.3765130043029785,0.32786065340042114,0.24664558470249176,0.2631823420524597,0.32606643438339233,0.3312845826148987,0.3885175585746765,0.2879272997379303,0.2574751675128937,0.3133349120616913,0.2987808287143707,0.3588844835758209,0.294866144657135,0.10549696377778897,0.06430111073452373,2931.7267888246674,1302.4377156466157,4049.2777826692595,748.3312793048533,6756.779405633701,3254.9912062220974,0.0398442031612529,0.04079558441078932,18.202851618070802,6.295172024411484,13.04209819094367,5.24134610045539,18.449381911767766,4.406550894168179,20.02970822936228,5.9744174310132,20.30372245165736,5.450472895558878,20.67146361132235,6.325855125354078,39.453238873094044,6.042315038965755
original_mix,47.5,52.5,-233.8979949951172,87.31195068359375,131.09097290039062,26.0263614654541,10.17516040802002,24.367109298706055,18.420196533203125,16.29833984375,-1.8328782320022583,19.05787467956543,18.79091453552246,13.399834632873535,-10.415791511535645,12.091517448425293,7.017307281494141,14.181068420410156,2.0147061347961426,8.874988555908203,-2.060969352722168,9.129523277282715,-9.533674240112305,10.698599815368652,4.933546543121338,10.02806568145752,-4.372219085693359,9.216080665588379,0.4148881137371063,0.31914299726486206,0.3076428472995758,0.3809860348701477,0.3351171016693115,0.365885853767395,0.32777518033981323,0.357782781124115,0.4353504478931427,0.3714435398578644,0.36523911356925964,0.31949517130851746,0.10505714837522213,0.08114368290882133,2695.145445540084,1192.7532603709692,3826.9232916382675,707.776258805936,5803.173261673433,3040.89606423239,0.04071880437935035,0.03685197464670987,18.966490958727977,6.327509633597786,13.040137748226362,5.614976655524384,18.019395190190924,4.807889560672601,20.4001247527521,6.98881359489421,19.5956923821273,5.4525098351683505,20.395646019919994,6.0646887743648294,38.60825861789797,6.030756650935026
original_mix,50.0,55.0,-177.58639526367188,52.30894470214844,118.29841613769531,29.255552291870117,3.024273633956909,21.957763671875,24.89439582824707,17.747316360473633,-5.9064860343933105,16.880704879760742,24.185997009277344,10.300899505615234,-15.903020858764648,11.89357852935791,6.202524662017822,13.788579940795898,1.1463820934295654,7.557069778442383,4.23867130279541,10.893721580505371,-10.14012622833252,8.741393089294434,2.2917845249176025,12.96613883972168,-5.921959400177002,8.7285737991333,0.369991660118103,0.27897781133651733,0.2806852161884308,0.37118926644325256,0.3514070212841034,0.39020630717277527,0.3367727994918823,0.3577025830745697,0.427123099565506,0.3905518651008606,0.3526652455329895,0.3248763680458069,0.14907037053611605,0.07466706388542496,3167.625505763819,1158.259475783581,4147.707873952444,640.6184121492684,7448.5897621809745,2643.415825168306,0.043500081569025524,0.04063222440414331,18.135745830828334,6.958583264235828,16.600249589970993,5.109138014698036,17.786174858534853,4.547147389184466,19.87683930917661,5.180572923900613,20.214598195957148,4.609012382068722,20.992941395935098,5.739736565967915,42.572120290854585,4.228672830125458
original_mix,52.5,57.5,-224.69305419921875,103.65325927734375,112.49281311035156,23.708696365356445,19.251689910888672,30.64267921447754,27.01289176940918,15.797422409057617,-11.239498138427734,18.517295837402344,18.60515594482422,12.73665714263916,-14.093806266784668,13.4617919921875,8.532400131225586,12.983736038208008,0.7308887839317322,7.989748954772949,3.91841983795166,11.479605674743652,-6.915397644042969,9.916336059570312,3.4890847206115723,13.330290794372559,-8.270476341247559,7.692837715148926,0.27411365509033203,0.27561184763908386,0.2980048358440399,0.3617974519729614,0.32815274596214294,0.35298123955726624,0.30794990062713623,0.3326755166053772,0.5134565234184265,0.5087366104125977,0.41724270582199097,0.32387325167655945,0.1345978033817492,0.080878520643585,3276.283944860345,1002.4691162969519,4436.900004911612,506.0752517237295,8195.607054814385,2380.257375468728,0.042755764211136894,0.038379434036245726,16.869705378199644,5.990575556650758,16.599596544312433,5.374807991337915,17.75904908198756,5.887403525392862,19.715830053727707,4.933690631240222,19.73445139297611,4.385664510619577,20.73908380873335,5.54840368862562,40.94593145703113,6.549485638260194
original_mix,55.0,60.0,-231.6349334716797,103.87906646728516,127.28062438964844,32.0369758605957,24.393007278442383,27.5477352142334,17.017541885375977,14.589601516723633,-16.4188289642334,18.87839698791504,18.548921585083008,12.216629981994629,-10.464717864990234,11.495841979980469,10.218395233154297,12.632569313049316,1.7797962427139282,8.241409301757812,1.8121362924575806,10.551106452941895,-3.8106822967529297,9.573365211486816,10.071952819824219,10.166065216064453,-5.488619804382324,9.985800743103027,0.2979867458343506,0.3060908019542694,0.34225788712501526,0.47351571917533875,0.40550893545150757,0.368751585483551,0.35687801241874695,0.4368065893650055,0.5199721455574036,0.4773256778717041,0.35836201906204224,0.2756614685058594,0.13661606728073356,0.09428250717935922,2949.4349475094655,1254.8765157752669,4178.747805470559,823.0799490523208,7113.451185469838,3347.7791226183595,0.04271158098897912,0.04348632692642926,18.93764502366085,5.948505398241839,15.68931566057873,4.990460968284477,17.638666002607916,5.946049865406972,19.971571639496712,5.55304645017632,18.40301870076631,3.371838875653128,20.523937068809765,4.491446111346146,39.79156131598674,6.668920835343202
original_mix,57.5,62.5,-191.33944702148438,58.36074447631836,126.1198959350586,37.094913482666016,14.019099235534668,22.368061065673828,24.997743606567383,18.265901565551758,-11.883795738220215,17.078800201416016,22.679759979248047,9.183935165405273,-18.932106018066406,9.687699317932129,4.510323524475098,12.70078182220459,2.268526315689087,7.843487739562988,5.8474249839782715,8.972990989685059,-9.299857139587402,10.790728569030762,2.5920019149780273,11.598596572875977,-5.380796432495117,10.666193008422852,0.3406999409198761,0.2598845362663269,0.25394177436828613,0.3593960404396057,0.3385075032711029,0.3814079463481903,0.3655374348163605,0.4303297996520996,0.42990240454673767,0.4169211685657501,0.36521589756011963,0.31210049986839294,0.16122283535013343,0.0732605174102603,2911.11644038079,1477.6389054739075,3959.2298880000294,772.6770612774262,6527.208481366009,3376.2735451977137,0.0428769848462877,0.054755693539219406,18.76778820362056,6.494944832841512,16.816799259656,5.228874641355673,18.430871159848117,5.032653212848393,20.635531233354083,4.691195256352134,18.677938791455006,3.9915940983516234,20.80323223672219,5.01415189654581,41.97013797000947,4.877044817703528
original_mix,60.0,65.0,-231.38661193847656,83.50652313232422,122.08850860595703,30.72557830810547,17.21046257019043,22.09784698486328,33.32735824584961,13.940217971801758,0.9174096584320068,19.157655715942383,20.53753089904785,12.471619606018066,-19.472761154174805,11.285789489746094,6.27712345123291,14.365939140319824,0.3800460994243622,9.341703414916992,0.9520399570465088,13.92322063446045,-11.162988662719727,12.385111808776855,-0.8137417435646057,9.743295669555664,-7.214306831359863,8.418028831481934,0.29477670788764954,0.26977577805519104,0.34895268082618713,0.3930715024471283,0.45135703682899475,0.5554503798484802,0.38420525193214417,0.3006361722946167,0.3320697247982025,0.3236149847507477,0.2966591417789459,0.2633720934391022,0.12439540285063938,0.0735635985160751,2884.4063998366655,1281.88757857311,4019.942795423704,852.7078190743226,6812.7357571418215,3362.2451005771563,0.0354542035237819,0.0407580146119123,19.526373752460113,5.861329062288227,16.032411977274613,4.985098501082728,17.54117376312726,4.40840163208261,19.878131929025415,6.242163276713242,19.055504659170612,4.946805988771692,22.211101015288257,7.216648141591187,39.77715156403378,6.254787555698276
original_mix,62.5,67.5,-227.8331756591797,86.70465087890625,127.62967681884766,28.12619400024414,16.60146713256836,22.442710876464844,22.090084075927734,17.8590145111084,0.9140840172767639,19.32930564880371,21.02454948425293,12.5620756149292,-19.212827682495117,11.89201831817627,11.901884078979492,12.423062324523926,-0.18909896910190582,8.848119735717773,-2.148548126220703,13.348917007446289,-6.781592845916748,12.033670425415039,1.6860392093658447,9.187833786010742,-8.475805282592773,7.588806629180908,0.3860500752925873,0.33184269070625305,0.36819177865982056,0.41288167238235474,0.41078323125839233,0.49898627400398254,0.3243289291858673,0.23062172532081604,0.22188511490821838,0.22784163057804108,0.35079312324523926,0.32105299830436707,0.12298393326869834,0.09373473752287453,2847.5454706851774,1186.9733702423393,4022.8230332740077,842.7144524535726,6633.925237456497,3365.5579657786943,0.03819696200696056,0.03556262537629017,18.95087248870851,5.7734400616340915,15.058156451164647,4.982910047123681,17.248909793724625,4.078810037615165,20.496583692542078,6.50188571697427,20.32098424054606,4.92592245195983,23.141781719020702,6.935947156359147,39.17455540598678,6.28263579005736
original_mix,65.0,70.0,-187.86683654785156,64.01101684570312,126.90412902832031,34.52180480957031,11.083115577697754,20.6920166015625,19.249143600463867,18.171043395996094,-8.722590446472168,15.50718879699707,23.6405029296875,11.46987533569336,-20.086942672729492,10.04029369354248,11.037399291992188,12.483680725097656,0.6527568101882935,9.870697021484375,3.2359414100646973,8.786959648132324,-5.329370021820068,9.816573143005371,4.12286376953125,9.418457984924316,-9.220657348632812,8.816483497619629,0.4718400239944458,0.3041329085826874,0.25655341148376465,0.29779869318008423,0.2626805901527405,0.3302932381629944,0.23068659007549286,0.3029613196849823,0.35709086060523987,0.35022833943367004,0.5386837720870972,0.4607624411582947,0.14454878218420145,0.09229292269678598,3169.0933136627004,1533.603115368242,4124.855232343734,654.8051890373708,6764.5733260223315,3285.372879964788,0.05402928328016241,0.05462810056150433,17.071497358438666,5.577052691474327,15.447931279705216,5.67897794319612,17.079334527777966,4.629783563931025,21.150504187105906,4.840568414423993,20.041126538519187,3.934962549442486,21.164013017788566,5.408430293779811,41.93341836691289,4.455987535689549
original_mix,67.5,72.5,-180.63095092773438,47.76103973388672,133.03729248046875,35.73386764526367,11.813457489013672,14.858508110046387,21.859315872192383,20.845252990722656,-17.7095947265625,20.52043342590332,16.809978485107422,13.413902282714844,-16.638090133666992,11.766730308532715,11.263829231262207,15.422701835632324,-0.5944137573242188,10.683905601501465,3.5710840225219727,11.557391166687012,-10.067706108093262,12.440659523010254,4.135144233703613,13.026320457458496,-10.442849159240723,8.61347484588623,0.5344229340553284,0.32368332147598267,0.21064655482769012,0.3612961173057556,0.289747953414917,0.3524792790412903,0.2874647080898285,0.3458467125892639,0.4946061372756958,0.3744086027145386,0.47381335496902466,0.4331528842449188,0.12862631882780734,0.07051390276136299,3123.630196295737,1413.4492902306097,4042.503304637839,658.4394301934042,6599.651972157772,3033.7543147495326,0.05646049340197216,0.046437143355780086,18.03249526685614,5.351574274256425,13.835252411446756,6.128801427642843,17.232429311993034,4.753481707528411,21.373148348272856,4.486800158774092,20.38181969207744,4.534433915500603,21.539727128215752,5.102725229677579,42.5676117988822,4.639325798282224
original_mix,70.0,75.0,-181.08297729492188,40.723968505859375,148.61837768554688,31.61468505859375,16.811290740966797,16.73750877380371,23.05825424194336,19.72139549255371,-20.88477325439453,20.942028045654297,13.65078067779541,12.634071350097656,-15.525437355041504,13.618234634399414,11.538423538208008,13.684104919433594,-0.23967692255973816,8.374847412109375,4.038032531738281,12.098909378051758,-12.529430389404297,11.306005477905273,0.04513924941420555,12.058687210083008,-11.399420738220215,7.017234802246094,0.6409302949905396,0.3081227242946625,0.20657610893249512,0.3333902955055237,0.2781989276409149,0.31925153732299805,0.2884381115436554,0.3774150609970093,0.5121874809265137,0.3695101737976074,0.3286258280277252,0.33374905586242676,0.13204229067310932,0.055702490544500015,2678.0848991839775,1043.808335141782,3804.0019872566522,838.8670267036235,5956.103968786253,2833.422516165494,0.044014419591067284,0.023139329906280273,18.816085224975645,5.542815921374039,12.176726181024188,4.64279357248928,16.41072872773823,4.319105092313373,22.21844442932031,3.9857064144905507,19.317888561351147,4.287950807452517,20.668590134115732,4.362239481473629,41.874697226442265,5.119575253953742
original_mix,72.5,77.5,-160.30657958984375,46.66911697387695,138.2589111328125,32.828914642333984,13.280713081359863,20.147842407226562,31.09575843811035,14.939440727233887,-9.434196472167969,19.816280364990234,22.266447067260742,13.795921325683594,-19.381332397460938,13.084514617919922,6.149111747741699,11.137713432312012,-2.4532902240753174,8.9705228805542,5.202254772186279,10.002685546875,-10.92918872833252,7.719613075256348,-2.5973846912384033,9.828346252441406,-9.826484680175781,8.28332805633545,0.5171964168548584,0.30976051092147827,0.25849154591560364,0.33106374740600586,0.3175700306892395,0.35727784037590027,0.288475900888443,0.3634856641292572,0.4093503952026367,0.3737332820892334,0.3551681637763977,0.3311886787414551,0.1627902885566178,0.06144816403433331,2812.9982908858583,1110.6273229083015,3937.037945825089,867.4602186728983,6841.163582149072,2794.685798095704,0.040249782482598605,0.030333528903476008,18.34989569528585,5.2710289464254325,12.696381930256228,4.008336536010786,15.735750258565982,3.6606126748442573,21.170934653015948,5.563905680717014,18.166435926264825,3.403434190089787,19.493390662148286,3.106194482295329,42.56491692383422,4.838881113393741
original_mix,75.0,80.0,-157.81820678710938,39.73320007324219,130.51934814453125,28.777835845947266,9.241537094116211,14.687911033630371,32.939998626708984,14.236412048339844,-3.3619027137756348,15.167654991149902,26.03851890563965,11.106395721435547,-21.57023048400879,10.085209846496582,6.940357208251953,11.342432022094727,-3.974273204803467,9.390205383300781,5.140754699707031,9.0781831741333,-8.88071060180664,6.912662982940674,-3.0387206077575684,10.018665313720703,-8.179414749145508,10.15588665008545,0.3471468687057495,0.30829429626464844,0.3596181571483612,0.4658759534358978,0.46409398317337036,0.5045207142829895,0.40217384696006775,0.42587926983833313,0.4158017635345459,0.3612197935581207,0.3582920730113983,0.3039943277835846,0.15371142908619617,0.059367864781941525,3001.039985190808,1118.0651964076646,4102.829463081327,642.1602506011155,7155.618293213457,2664.1598555592245,0.04265380292923434,0.03542635924692063,19.21407947973058,6.04002541010437,12.34031813066747,3.9872353081250345,15.88773366286394,3.7290629341235757,19.700915057206746,5.056620963005804,18.06077582828773,3.355194089666419,19.10899368942322,3.2235553799222068,42.98528756058055,4.59612201624904
original_mix,77.5,82.5,-176.8483428955078,39.7122802734375,141.71920776367188,29.362377166748047,8.83698558807373,19.02096176147461,30.752723693847656,12.865854263305664,-2.8700594902038574,13.93934154510498,23.638051986694336,9.04360294342041,-15.863414764404297,10.871026039123535,12.636626243591309,11.682714462280273,-2.088073492050171,9.380350112915039,5.651289463043213,7.7418599128723145,-6.267838001251221,8.26475715637207,0.9002174139022827,9.382448196411133,-8.054788589477539,9.433566093444824,0.347240686416626,0.32393574714660645,0.4041050672531128,0.5963495373725891,0.5575821995735168,0.559269368648529,0.44440439343452454,0.41356635093688965,0.45916593074798584,0.3688947856426239,0.2413879930973053,0.22057774662971497,0.13964104768225877,0.05411089324980018,2683.0157155296138,1117.7412063318134,3857.1272826358445,790.6742019680787,6022.302331061485,2968.8282872105697,0.03701421113689095,0.02749523679161498,20.709079008819657,5.574300569178705,12.605170749395086,4.166990088975925,15.918797255315795,4.15777529028245,20.10792838999387,4.366554004117737,18.37112481133015,4.152731596232279,19.131830052597,3.6906539387114585,41.13702154342786,4.274302691901574
original_mix,80.0,85.0,-164.87156677246094,42.38594055175781,131.72412109375,28.359071731567383,7.145110130310059,21.43281364440918,33.267356872558594,18.1050968170166,-1.7590218782424927,19.113454818725586,21.9714412689209,9.417030334472656,-17.487205505371094,12.708270072937012,6.873885154724121,14.45029067993164,0.2707102596759796,9.958282470703125,5.962100982666016,9.465252876281738,-5.720059871673584,10.659622192382812,3.3199613094329834,11.791352272033691,-5.364935398101807,11.266486167907715,0.36494746804237366,0.2854093611240387,0.33161666989326477,0.5213155150413513,0.40256452560424805,0.3488059937953949,0.27597007155418396,0.3168543875217438,0.3696451783180237,0.33390310406684875,0.3264043927192688,0.2857935130596161,0.16524230413951344,0.0732550999209675,2801.0082951534064,1125.5232487000956,3870.138681997177,755.9114223078132,6326.415109302494,2845.909583618697,0.0402384534512761,0.026255086869435357,18.997897355922778,5.7768463905522855,14.53429079998218,4.1155464680973255,17.247659847627343,4.876893805248858,21.92184404898533,5.11351291825079,19.592442439857464,4.398960012532502,20.94580874728329,4.933519360740013,42.010578773253194,4.511205047935456
original_mix,82.5,87.5,-152.3002471923828,35.9269905090332,134.41380310058594,32.48182678222656,4.3910298347473145,18.987939834594727,31.558053970336914,17.70916175842285,-5.203643798828125,16.678905487060547,23.079509735107422,10.320655822753906,-17.93145751953125,10.505523681640625,6.034409523010254,11.751516342163086,2.567765474319458,9.676741600036621,5.4500298500061035,9.928804397583008,-6.1132731437683105,10.583600044250488,3.4775054454803467,11.276978492736816,-2.539853096008301,11.291627883911133,0.4031764268875122,0.3784860074520111,0.37290796637535095,0.44622910022735596,0.36913520097732544,0.3934437334537506,0.3211953938007355,0.3702033460140228,0.45109355449676514,0.38573259115219116,0.42287594079971313,0.3721815347671509,0.15694919637384935,0.06873109579942006,2927.656793070201,1353.7601381077584,3868.90760534942,793.7283810019094,6490.7369308294665,3069.2929578236203,0.04919631851798144,0.03787880775420252,16.841388449438664,6.25034984252145,13.393289284888954,4.697440858730574,16.34273128450809,4.996356246287743,19.808914760480572,5.477735007957699,17.87280106507783,3.7372521776757104,20.265088484324096,4.86599555315331,42.89081877277411,4.184293471760997
original_mix,85.0,90.0,-130.9365692138672,36.39642333984375,155.44129943847656,30.49390411376953,-1.9750760793685913,16.07550621032715,24.36563491821289,8.478946685791016,-9.631080627441406,10.655878067016602,22.289573669433594,8.889349937438965,-13.642182350158691,7.485605716705322,12.509980201721191,9.675930976867676,1.0734810829162598,7.396856784820557,3.937408208847046,7.537067413330078,-5.477698802947998,8.84025764465332,4.763211250305176,7.07696533203125,-5.10330057144165,8.91951847076416,0.5233715176582336,0.4512915313243866,0.39317262172698975,0.4676607847213745,0.4245343506336212,0.4362558126449585,0.40288108587265015,0.46756166219711304,0.6119287610054016,0.5135524868965149,0.41781333088874817,0.39097896218299866,0.16985764862697253,0.057063787434304014,2551.726464347204,1213.5271483420447,3585.1781160154856,828.1910980864482,5532.1346840559745,2896.845167959347,0.0441447034512761,0.0350427302266249,14.808427740449982,5.248240054478077,11.708730107429716,3.71619618395559,13.278192291818327,3.734929289706371,17.431466218897558,4.119235840115617,16.121070333129907,2.6921833931591554,18.366641206547182,3.1020923316183366,42.147701205590565,4.568914701279345
original_mix,87.5,92.5,-109.17105865478516,33.0175895690918,153.41078186035156,32.28630447387695,-3.7664852142333984,13.056175231933594,25.703128814697266,9.84740924835205,-9.438284873962402,10.966524124145508,22.3553409576416,7.135562896728516,-16.03338050842285,9.307353973388672,9.52076530456543,11.390048027038574,-6.072590351104736,9.727104187011719,4.72536563873291,6.221835136413574,-6.298342227935791,7.018313407897949,6.4191412925720215,6.861910343170166,-5.831856727600098,7.593636989593506,0.48567578196525574,0.28717324137687683,0.3146134316921234,0.46746399998664856,0.3839101493358612,0.3924018144607544,0.3489390015602112,0.4683310389518738,0.5239313244819641,0.46191444993019104,0.4065118432044983,0.3632514476776123,0.2042893266214572,0.049892136511075706,2594.255713458581,1098.2454302058388,3627.633632478152,824.362658288228,5811.06710411833,2878.4615367051983,0.042409095852668215,0.02868506126757921,13.720722982575158,4.902920699515815,12.210791964843956,3.5829550005838255,13.34917096726541,3.204428124616499,17.600523230212545,3.7462449316858186,16.641749335891237,2.6570513882789126,18.164482253460484,2.5093340063113048,42.7142927297386,4.407711798825151
original_mix,90.0,95.0,-128.06431579589844,46.40941619873047,146.90676879882812,30.696393966674805,-3.137631416320801,16.764629364013672,29.844369888305664,10.401917457580566,-6.172365188598633,13.082687377929688,24.615537643432617,8.404836654663086,-17.66485023498535,9.404000282287598,8.302452087402344,10.242350578308105,-7.334948539733887,9.731742858886719,3.8174824714660645,8.347282409667969,-5.755512714385986,6.7726216316223145,6.001214504241943,7.085923671722412,-4.562510967254639,6.261136531829834,0.4937179386615753,0.31556957960128784,0.364011287689209,0.485148549079895,0.43758291006088257,0.486808717250824,0.3822067081928253,0.38668522238731384,0.42437538504600525,0.39438650012016296,0.36038780212402344,0.35904476046562195,0.17243043564934188,0.07015544442644772,2746.0431226585542,1059.2513437193822,3759.206166967625,785.1248101337367,6315.573566197796,2793.7385761028713,0.04494113435324826,0.028846217372164067,14.060599909832582,5.079191509179457,11.22326165342288,4.028693876710919,14.033645324890442,3.3973468439454937,16.50203739319628,3.5937509048590752,16.2531089658596,2.8489388249592276,17.92324722823908,2.4789802692973844,42.24951363581781,4.890154266464985
original_mix,92.5,97.5,-149.1097412109375,42.776973724365234,144.62295532226562,26.222949981689453,0.25659266114234924,18.498493194580078,31.79806137084961,9.97520923614502,-2.9153127670288086,14.112303733825684,25.441471099853516,9.095242500305176,-12.934968948364258,9.5262451171875,17.202930450439453,11.280534744262695,0.9087875485420227,8.393250465393066,6.888962268829346,9.52204704284668,-2.3037047386169434,7.172280788421631,8.088040351867676,8.1543607711792,-4.583905220031738,5.432631015777588,0.6328845620155334,0.49358704686164856,0.44604793190956116,0.45290860533714294,0.4450295567512512,0.5189122557640076,0.41973578929901123,0.4361158609390259,0.43223538994789124,0.42334142327308655,0.47340482473373413,0.47035738825798035,0.1497263015785931,0.05959427633873318,2677.846285448551,945.0108119035532,3819.6097844786786,773.4910849575544,6367.283230314675,2741.2409633190123,0.04005718895011601,0.02107790393849903,16.533454146967962,5.404558194794279,10.688317644685847,4.075934067127651,14.276370531240385,3.938134713191142,16.90531472804458,4.384537833737708,16.40731748558571,3.118211988147291,18.350869838002527,2.6120273530094638,41.67668239538612,3.8944076564316314
original_mix,95.0,100.0,-141.923583984375,38.695899963378906,142.84722900390625,25.72381019592285,-0.09658084064722061,14.396370887756348,33.5969123840332,10.765739440917969,-1.421707272529602,13.549698829650879,24.42557716369629,8.953365325927734,-9.724896430969238,8.99392032623291,19.58489990234375,9.73701000213623,6.547837734222412,7.128978252410889,12.039607048034668,6.148974418640137,-0.214050754904747,6.2755126953125,8.752982139587402,8.032951354980469,-4.91613245010376,5.587605953216553,0.5354204177856445,0.4554669260978699,0.432643324136734,0.465040385723114,0.44319242238998413,0.5171051621437073,0.39127159118652344,0.4519447982311249,0.395699143409729,0.37050625681877136,0.5629768967628479,0.5030087232589722,0.1633048937277838,0.04385374591971213,2642.427661424354,1052.7361912454953,3789.0710101029636,801.6170648683417,6166.290014138631,2871.6031787187094,0.03862406648781903,0.021543096390220964,17.80951850691062,4.965351151865045,11.367356450633975,3.8683833197048743,15.365835841241445,4.22489430574344,19.307156932043583,4.630326885763637,17.500306860290248,3.2614009071142456,19.627982843415435,3.486455371139577,42.153004802900995,3.725077174723193
original_mix,97.5,102.5,-137.7760467529297,33.346397399902344,153.544677734375,20.617267608642578,-4.628087043762207,12.532515525817871,28.631040573120117,11.612868309020996,-8.638507843017578,13.280905723571777,18.546667098999023,9.826744079589844,-11.112115859985352,9.27045726776123,22.97772216796875,8.699385643005371,10.619861602783203,6.808132648468018,9.345172882080078,6.767286777496338,-0.7949475646018982,6.500001907348633,8.394704818725586,6.510645866394043,-4.763614177703857,7.635270118713379,0.40117841958999634,0.3516865670681,0.3935582935810089,0.5506391525268555,0.4564593732357025,0.42870429158210754,0.32971492409706116,0.3998507261276245,0.439838171005249,0.3797403573989868,0.4308600127696991,0.355694055557251,0.17238287325179216,0.04126726504964799,2338.685619590161,794.4103438362603,3480.3798474551354,630.039891121868,4902.525807533352,2219.1462648991587,0.038471124564965195,0.01657654959048762,17.606655500939443,4.662118951661013,10.809900351485302,3.334295911082792,15.477786188268984,3.85861077153547,20.924694921992955,4.1216558083018295,17.543481399025733,2.7371858285940363,20.422870611023253,3.2255075946479486,42.253182759871834,3.2540410880469937
original_mix,100.0,105.0,-118.13082122802734,36.91999053955078,155.4990692138672,16.59684944152832,-16.00257682800293,17.721942901611328,30.075544357299805,13.182833671569824,-10.628573417663574,11.88864517211914,15.09579849243164,9.054574012756348,-9.196685791015625,11.666176795959473,22.139623641967773,9.663856506347656,5.9045844078063965,10.472153663635254,5.206709384918213,6.272905349731445,-2.4953155517578125,7.944764614105225,6.691869735717773,8.11620044708252,-3.0553524494171143,8.276104927062988,0.3240199387073517,0.24672795832157135,0.3284689784049988,0.5232179164886475,0.41866186261177063,0.397828608751297,0.2629967927932739,0.3381325602531433,0.45928868651390076,0.3423708975315094,0.3361996114253998,0.2784954309463501,0.19194796584598425,0.05118767733292244,2318.434029824768,521.779137847739,3283.594788969762,477.12726432318965,4570.035165313225,1499.6588342182977,0.04469529437354988,0.01288237088691462,17.8014884868594,5.066767343028881,10.720654709027643,3.5434461776290886,15.478396260270765,3.424514320003515,20.676890795011403,3.8015683659752075,18.31466386736799,3.4714932791113773,20.517090869082665,3.5001940261381983,42.89603314784109,3.0333524126579583
original_mix,102.5,107.5,-98.95606994628906,33.628173828125,148.78952026367188,24.344249725341797,-21.191184997558594,18.44607925415039,38.33385467529297,15.814149856567383,-1.257885456085205,13.596818923950195,16.380231857299805,9.880412101745605,-13.095343589782715,13.399866104125977,15.373717308044434,9.10887622833252,-3.5323846340179443,9.243219375610352,4.288515090942383,8.12816333770752,-5.915975570678711,8.74229621887207,2.076559543609619,8.81765079498291,-2.4551379680633545,7.363715171813965,0.3046688735485077,0.24443338811397552,0.29137730598449707,0.4715469479560852,0.43632811307907104,0.4124567210674286,0.30149903893470764,0.3226317763328552,0.3667774200439453,0.3352733254432678,0.3937971293926239,0.3108290433883667,0.22140281996635716,0.06439249292858369,2558.2839219306493,785.987367185314,3366.5132157369712,667.553099147877,5208.387221758991,2021.2102278208122,0.05026238036542923,0.02107653791061732,17.264415600908478,5.138219037519053,12.088363212225946,4.462220862977972,15.715800765113709,3.655081305099384,19.31969840397206,3.9170157244684374,18.57643491877773,3.4341583720812805,19.752092190583113,3.5164204451031877,42.47906405088732,4.794999545211679
original_mix,105.0,110.0,-102.60470581054688,33.20089340209961,146.7320556640625,32.95619201660156,-13.472347259521484,17.993053436279297,39.777896881103516,21.72401237487793,-4.822147369384766,17.992692947387695,17.849994659423828,11.382802963256836,-14.277225494384766,11.294724464416504,16.89654541015625,10.45677661895752,-1.6210250854492188,10.050095558166504,1.93730628490448,8.802188873291016,-4.706597805023193,9.184711456298828,0.1999795287847519,8.2381010055542,-4.415948390960693,7.471724987030029,0.4011748731136322,0.32031285762786865,0.2760170102119446,0.4083148241043091,0.38243532180786133,0.3416072130203247,0.3341277539730072,0.3716777265071869,0.3343167304992676,0.3263651728630066,0.46230924129486084,0.41525623202323914,0.2450836433179832,0.07067966872147204,2665.6394725804807,1199.8203238667911,3410.3342064481503,734.2356592417684,5305.711304560615,2599.0700278275303,0.053206795606148494,0.04520908090181929,16.081879896300638,5.803176014468764,13.342984915135123,4.122081485919987,16.057299170975995,3.751200163341134,19.43223640618062,3.8875075957947387,17.880489623419464,3.327345520398177,19.045746074641333,3.218742021046764,41.18225352257901,6.155906586066246
original_mix,107.5,112.5,-104.53900146484375,38.04829406738281,147.82069396972656,33.19240188598633,-13.705095291137695,17.88148307800293,37.32387161254883,20.633573532104492,-9.563272476196289,15.962967872619629,16.767879486083984,14.669225692749023,-11.983716011047363,11.104558944702148,16.694473266601562,9.20801067352295,0.25959286093711853,8.652877807617188,3.672553539276123,10.172051429748535,0.9582329988479614,8.656009674072266,6.547903537750244,10.518144607543945,-3.7195334434509277,6.5618109703063965,0.3564404845237732,0.2436559498310089,0.2650642693042755,0.34738802909851074,0.30956196784973145,0.3336690664291382,0.3403845727443695,0.40507519245147705,0.41546985507011414,0.456607460975647,0.45647647976875305,0.33868148922920227,0.24313995155685186,0.0767998303891923,2650.9035992449285,1247.0594009907174,3381.7794980546996,769.6767194603638,5285.427127138921,2773.5022077009558,0.05330988979118329,0.04642416244534728,15.731976982939576,5.735691375011423,12.050159623375178,4.678790713502955,15.852513446699227,4.1409323320458435,20.82311366794088,4.405783757656801,18.05862473452771,3.2020520873161873,19.18757767317775,3.359095526417485,41.28675850441321,6.23257458721178
original_mix,110.0,115.0,-92.8761978149414,35.622169494628906,153.1834716796875,24.0970516204834,-16.915279388427734,17.16646957397461,29.502962112426758,14.202065467834473,-7.941520690917969,12.90160083770752,10.12340259552002,13.461333274841309,-17.276391983032227,11.841684341430664,13.982839584350586,7.093597412109375,-1.821823239326477,8.537632942199707,8.47036075592041,10.626773834228516,0.535426139831543,8.258672714233398,13.244603157043457,8.00942325592041,-0.6523292064666748,5.8278584480285645,0.2724798023700714,0.22141316533088684,0.21739082038402557,0.3111700117588043,0.28414100408554077,0.30222493410110474,0.30831244587898254,0.4099198877811432,0.4609607458114624,0.5046353340148926,0.40968310832977295,0.2698502540588379,0.24418663900786375,0.06782208646620441,2482.9268203679717,832.4247824394763,3384.054824166564,692.8273205295937,4965.476702979989,2252.5750298875555,0.04773827218677494,0.023538850330688116,15.670971210332857,5.358648384899749,9.984869942690555,3.9348177479787756,15.097990106328519,4.0281220172891254,20.738900563338145,4.444552140980948,18.100344707281227,3.0888460120115453,19.9120446781449,3.5106110800183314,41.43644779661922,5.903243472883218
original_mix,112.5,117.5,-82.29056549072266,27.881635665893555,152.85397338867188,22.032609939575195,-22.103656768798828,16.574975967407227,27.410436630249023,13.480639457702637,-6.91982364654541,12.128400802612305,12.143101692199707,11.218889236450195,-16.428768157958984,11.782388687133789,14.646706581115723,10.077699661254883,-4.931396007537842,9.310999870300293,4.76677131652832,10.420848846435547,-4.6746954917907715,7.3162994384765625,9.44942569732666,8.798922538757324,-2.1271822452545166,7.67554235458374,0.308504194021225,0.24337545037269592,0.2796395719051361,0.3753018379211426,0.30588921904563904,0.3965274393558502,0.27903997898101807,0.32351839542388916,0.38123762607574463,0.38945531845092773,0.35935816168785095,0.2606480121612549,0.25242491612716506,0.05643291714349992,2486.768102817827,621.2753589850578,3350.2079044020497,541.2445282792296,4905.723313333817,1827.4240663632863,0.04890969402552204,0.01683913793888578,16.316015202120337,5.162341159905726,10.660659396024437,3.8338996134251873,15.514075737704609,4.188826552941806,19.44201617766385,4.358219847022967,18.0001686632742,3.4199957907737915,19.552892851454807,3.3040675569631976,42.20896379377279,5.006508933151845
original_mix,115.0,120.0,-89.52671813964844,31.782087326049805,152.15472412109375,22.962644577026367,-18.927061080932617,15.913785934448242,32.61960220336914,12.997001647949219,-7.570641994476318,11.532944679260254,15.1188325881958,10.734832763671875,-10.876114845275879,10.385876655578613,16.78642463684082,10.901798248291016,-4.084484577178955,8.7703857421875,2.0481014251708984,8.20849895477295,-5.476914882659912,6.669314861297607,4.11317777633667,7.676412105560303,-6.158327579498291,7.764650344848633,0.30315500497817993,0.26574355363845825,0.33335500955581665,0.48291462659835815,0.3570154905319214,0.3844933807849884,0.2458900362253189,0.28743883967399597,0.40238291025161743,0.4115380346775055,0.47801849246025085,0.31831273436546326,0.2442542880151222,0.06226648044481848,2462.036382293625,695.9149428786042,3354.980689804119,553.9896482652462,5037.620427602958,1939.7798806693693,0.04520510078306265,0.018119146871644346,17.08964866792379,5.1073189973120146,12.304817346683993,4.039546669629427,15.815829941850494,4.055052031885941,19.344618222001763,4.260945271554564,17.42871638050551,3.1826734775243453,19.148019648713916,3.027596680593381,42.416536564846616,4.712504112390292
original_mix,117.5,122.5,-98.85913848876953,35.399505615234375,149.1229705810547,34.1292610168457,-10.133529663085938,13.995772361755371,36.351680755615234,16.102645874023438,-11.480449676513672,12.999444961547852,15.956759452819824,9.792655944824219,-9.332674980163574,9.597681045532227,18.21648406982422,8.652116775512695,-0.3738703429698944,9.511377334594727,1.8329405784606934,8.716840744018555,-8.426883697509766,8.98658275604248,1.5979981422424316,7.755979537963867,-5.683009147644043,8.070096015930176,0.35245421528816223,0.2663596570491791,0.381752610206604,0.45572778582572937,0.2588246166706085,0.23423659801483154,0.28783634305000305,0.4366808533668518,0.49169600009918213,0.4469378590583801,0.4632052481174469,0.3446764647960663,0.2386276218391903,0.06689466131556294,2574.65156958478,1206.2512480532494,3421.1365653066628,685.9491967764893,5286.576230785963,2639.885564569563,0.04828093278712297,0.042155414880102625,18.18339322855038,5.574015163681583,12.971803515617905,4.4286352486769545,16.481296580717746,4.121139106637845,19.317365160436868,4.147273983742587,17.7208627745179,3.528813467869147,18.9997566610445,3.073932136243993,42.136773494250626,5.737108485976822
original_mix,120.0,125.0,-103.79459381103516,41.14093780517578,141.95680236816406,38.21757507324219,-8.18505859375,15.659985542297363,36.450374603271484,17.93155288696289,-10.647422790527344,15.678766250610352,22.933855056762695,12.038591384887695,-10.713245391845703,12.00949764251709,15.4196195602417,9.550026893615723,-3.584876298904419,11.82076644897461,-2.6111021041870117,9.664913177490234,-10.643200874328613,10.385927200317383,2.6820013523101807,10.911233901977539,-3.4123902320861816,9.860260963439941,0.4632299244403839,0.36774930357933044,0.3064376711845398,0.39407241344451904,0.30306532979011536,0.29343345761299133,0.2883542478084564,0.363913893699646,0.47782817482948303,0.4215947687625885,0.40387699007987976,0.35390761494636536,0.23695132542583064,0.07857876479974468,2775.6386855076685,1417.160835503195,3498.5373958984214,735.7316728656008,5660.134838130801,3028.665441446739,0.055875915385730855,0.05068155396722968,17.82710979438358,4.92605723781393,12.640362440176851,4.562667851168518,17.459723182137505,4.369835589301681,18.3650272307454,3.9484564087602374,18.463935912551964,3.870121544774029,19.708302067094568,3.318873244586784,42.781787904620025,6.078306778524072
original_mix,122.5,127.5,-97.41877746582031,42.5649528503418,139.12115478515625,36.795005798339844,-10.096186637878418,18.538162231445312,33.05064010620117,17.490116119384766,-13.845179557800293,15.52860164642334,24.572906494140625,13.541641235351562,-12.566847801208496,12.69886589050293,13.684550285339355,10.407370567321777,-10.754387855529785,12.2049560546875,-2.0968825817108154,10.28336238861084,-8.369598388671875,10.882651329040527,8.835183143615723,10.637707710266113,-4.609109401702881,9.751267433166504,0.4346552789211273,0.36593446135520935,0.3452233374118805,0.40606603026390076,0.3396584391593933,0.37737059593200684,0.31889450550079346,0.3238486349582672,0.40842318534851074,0.3778347074985504,0.4016534686088562,0.3349084258079529,0.22514335124854976,0.07948298607148245,2988.7241432746614,1429.1459127421233,3629.0884347280657,726.737528302457,6112.2821427276685,3086.2194647550396,0.06250113290313225,0.04858692896675467,17.37688145505709,5.250266806691564,11.820666946603941,4.283910459744043,16.20392713195518,4.10099917916536,17.778936002311656,4.1551858102712,18.553368488944102,3.8201661938046163,20.124878530626354,4.732839179400687,43.533357206733335,5.583695540534331
original_mix,125.0,130.0,-64.35089874267578,39.40454864501953,144.69142150878906,31.180957794189453,-29.916584014892578,24.252281188964844,24.869583129882812,16.279752731323242,-18.813182830810547,11.782577514648438,18.36026954650879,11.695372581481934,-12.80223560333252,9.827788352966309,16.561050415039062,9.735682487487793,-8.783832550048828,11.261490821838379,5.901698112487793,9.599337577819824,-6.461960315704346,8.647400856018066,11.183369636535645,7.084843158721924,-3.9007632732391357,8.618912696838379,0.3148548901081085,0.29546499252319336,0.3402779996395111,0.40729713439941406,0.36851784586906433,0.37392547726631165,0.358258992433548,0.4157935678958893,0.3959110677242279,0.3212222158908844,0.37190568447113037,0.29847005009651184,0.24281891473415557,0.06742767785749941,2973.4441999147903,1147.8570655057126,3495.001336920261,646.3256675621681,5881.861880981729,2520.239273119491,0.06603352486948956,0.03797509928620019,14.412900368856482,5.370127232512795,10.778588939906452,4.0628871257771415,15.666598650648412,3.9445540258437966,16.92743436295502,4.3288212753466,17.01672961016176,3.82433080614075,19.145903224895427,4.502866095199921,42.983880352620986,6.188719298942607
original_mix,127.5,132.5,-51.816951751708984,28.667959213256836,147.63394165039062,17.637449264526367,-43.06895446777344,12.962202072143555,26.391117095947266,13.556751251220703,-18.266254425048828,13.937849998474121,17.877676010131836,10.88450813293457,-12.478092193603516,8.637433052062988,16.763648986816406,8.332016944885254,-1.5812288522720337,7.529541015625,7.717225074768066,7.7379374504089355,-7.331915855407715,6.189538478851318,8.60930061340332,6.70033597946167,-2.43068265914917,8.069343566894531,0.2917592525482178,0.2629965841770172,0.2970256805419922,0.3735615611076355,0.39546284079551697,0.4031626284122467,0.41959866881370544,0.5298269391059875,0.4502240717411041,0.2798615097999573,0.2519373595714569,0.25917187333106995,0.260736780020726,0.05533861924545845,2791.204231449976,602.7109624685693,3289.0404724884256,422.04366375619423,5475.3789560977375,1466.9261449223036,0.06231873549883991,0.018860710099971808,13.281463472261393,5.440573963758071,10.314170842054809,3.638596937488203,15.685440645887082,3.956152325395993,15.87021176034182,3.7018014446715846,17.528030730252944,4.22814510791794,18.57717004043362,3.711426755710634,42.9983595289771,6.1285354594434
original_mix,130.0,135.0,-86.00086975097656,37.24485778808594,146.1135711669922,18.82793617248535,-36.61412048339844,17.30083465576172,30.762022018432617,14.507067680358887,-15.07794189453125,14.780858039855957,16.33412742614746,13.553954124450684,-8.042536735534668,9.61229133605957,14.795952796936035,10.686264038085938,-3.192410469055176,9.539351463317871,-0.8372862339019775,10.262348175048828,-6.784585475921631,7.367701053619385,6.43229341506958,7.648125171661377,-6.28092622756958,8.400035858154297,0.2482558935880661,0.21806137263774872,0.25874820351600647,0.4312875270843506,0.34950676560401917,0.32572993636131287,0.34435850381851196,0.46906477212905884,0.5880252718925476,0.35071101784706116,0.20937654376029968,0.18521040678024292,0.23989176181449692,0.0649324382628413,2648.324943662094,734.792259400556,3158.8879205555872,510.03781973495916,5135.044432460847,1678.513859772705,0.05960429959396752,0.023204043909203803,16.470623435994785,5.870779121090309,11.65589104829598,4.035746775708611,17.085548204001764,4.15032577085896,19.068791474696035,4.770944308620571,20.93498918652114,4.413979917743201,21.490419301201126,4.854909883082093,43.14804519278851,5.2776594465889115
original_mix,132.5,137.5,-129.88572692871094,38.24067687988281,139.4180145263672,23.42209243774414,-28.998485565185547,22.628774642944336,30.79974937438965,17.307783126831055,-7.094940185546875,16.004243850708008,12.824067115783691,13.748357772827148,-11.476961135864258,12.42764663696289,5.7452311515808105,15.155973434448242,-7.170201778411865,9.37028694152832,-5.340202331542969,9.413296699523926,-10.091205596923828,10.900334358215332,2.4831604957580566,8.978253364562988,-9.048084259033203,7.5987629890441895,0.1936030238866806,0.21981748938560486,0.3300800323486328,0.46070703864097595,0.2777373194694519,0.19254785776138306,0.25996458530426025,0.3709910809993744,0.5042145848274231,0.3164467215538025,0.19126193225383759,0.15604394674301147,0.2166520929495586,0.08987029880233408,2558.585871236205,843.0246407861756,3194.549426173112,627.815722532257,4898.778730423433,1839.4361974555438,0.05212487311484919,0.028767371094446294,19.322650076519764,5.496593502180511,14.873875788055154,4.272072488780729,19.253943461296696,4.334241489585842,22.121902090816857,3.8253625838974488,21.36073594056661,3.7713394300403915,21.463497998344966,4.338058866013532,41.9145262371969,4.761711208007809
original_mix,135.0,140.0,-151.311279296875,37.8863410949707,137.7264862060547,24.08087921142578,-19.4017333984375,25.08971405029297,20.936176300048828,22.312822341918945,-3.2188193798065186,17.716352462768555,15.95511531829834,14.678092956542969,-18.152795791625977,13.334113121032715,-3.291465997695923,16.15988540649414,-4.454831123352051,10.690886497497559,-7.787602424621582,10.035844802856445,-17.9608097076416,11.020844459533691,0.05345267057418823,9.337018013000488,-6.62412691116333,10.226306915283203,0.28013208508491516,0.31078702211380005,0.37110191583633423,0.4503323435783386,0.3127269446849823,0.2017001509666443,0.20174850523471832,0.24817372858524323,0.29448071122169495,0.26227712631225586,0.2600875794887543,0.2442542016506195,0.22122564381139737,0.10913155930695127,2485.9291233292893,893.8253247894932,3273.801685299207,762.4640222422848,4714.722302784223,2369.0020398641846,0.045853121374709975,0.02580609803688141,18.791931803709268,5.646847058208307,16.113804205171604,4.324462246410071,19.43009443593622,4.695492444325761,22.45393777200996,4.431798844982882,21.08453146910694,4.19759716876451,21.626675112089867,5.0901218503072005,40.916329139637575,4.488240345933756
original_mix,137.5,142.5,-167.85342407226562,48.5714111328125,140.46922302246094,22.844091415405273,-13.433525085449219,22.430816650390625,9.993470191955566,16.332664489746094,-9.367429733276367,15.898722648620605,14.114554405212402,16.81204605102539,-13.23114013671875,13.661589622497559,2.803697347640991,17.52369499206543,-0.4004817605018616,11.304803848266602,-8.391200065612793,11.0443754196167,-19.750539779663086,10.406424522399902,-0.6758516430854797,9.678169250488281,-7.0653157234191895,10.95780086517334,0.3358400762081146,0.28300800919532776,0.3201361298561096,0.5263867378234863,0.2820982336997986,0.21461635828018188,0.16015325486660004,0.16455580294132233,0.22867733240127563,0.18872490525245667,0.22815079987049103,0.2499159872531891,0.19179016076840824,0.11879921982883111,2482.918637284833,856.401840957739,3332.505888496217,863.6603952163155,4883.290811702436,2705.4464576488617,0.048470127610208816,0.01705571439350816,19.099158056390227,5.827070643558639,14.58297718871998,4.753789644503777,17.971636727658254,4.6870290870776365,22.986480412432353,4.077629636964188,22.026765318743873,4.092288321139582,22.76971744575318,5.032917427727299,40.41898997149076,4.730991221505668
original_mix,140.0,145.0,-188.6006317138672,39.459468841552734,134.6212921142578,18.58753204345703,-11.403964042663574,14.950541496276855,13.638166427612305,10.994160652160645,-20.3062686920166,12.693106651306152,1.636298418045044,15.90343189239502,-12.883831024169922,10.35283088684082,10.100651741027832,11.572875022888184,-1.7362818717956543,11.667061805725098,-13.376029014587402,13.207212448120117,-10.406296730041504,11.515527725219727,1.2813612222671509,9.485025405883789,-9.085977554321289,10.515825271606445,0.19369372725486755,0.1352226734161377,0.2564680576324463,0.7026781439781189,0.2127104550600052,0.11302340775728226,0.08557082712650299,0.1922384798526764,0.34927454590797424,0.12891170382499695,0.07840748876333237,0.11473775655031204,0.152604590556876,0.07737013762673349,2466.3210846456946,677.8812785268921,3304.7423394549155,669.5993037096357,4840.574132649362,2095.5867936057934,0.05229594148781903,0.012661094281952544,16.91519569687849,6.235916887138652,11.884314532933265,4.324887923902561,19.165800977948837,4.511095672769299,26.386154790256004,5.084307248111465,22.58405811228574,3.755506191138318,24.77226148400505,4.496856936644142,41.24069770817234,3.6195845566886957
original_mix,142.5,147.5,-237.84994506835938,58.74152374267578,154.45936584472656,20.398956298828125,-6.1818718910217285,19.822874069213867,18.1763858795166,8.835042953491211,-18.698904037475586,16.818340301513672,4.39841365814209,10.169472694396973,-17.184696197509766,9.743819236755371,10.262140274047852,10.170697212219238,-3.2608835697174072,10.079765319824219,-7.434842109680176,13.649967193603516,-6.951235294342041,6.433243274688721,4.30190372467041,9.763810157775879,-2.9656684398651123,13.27706527709961,0.09843259304761887,0.12602464854717255,0.3472634255886078,0.7091724276542664,0.3095944821834564,0.2958545684814453,0.15778395533561707,0.28104814887046814,0.4751534163951874,0.22371871769428253,0.1476818025112152,0.09774146229028702,0.10601194409476355,0.05964998843201878,2057.9899004267922,392.17139480269196,3067.2902892507027,403.1166922689132,3673.584437536253,1062.8783100924813,0.04255750616299304,0.012225693379069563,18.230829551861056,7.088949904351272,10.63073670532923,3.5234645581769954,18.5932508916867,3.9169295547817837,24.614598108600767,5.584541710459336,21.92843696501444,3.4060333369693496,24.572240808777703,4.425179504427153,38.624807128646886,4.739958875859255
original_mix,145.0,150.0,-304.9079895019531,50.294010162353516,176.69068908691406,14.8926362991333,12.353968620300293,20.447612762451172,8.776029586791992,13.720605850219727,-8.402154922485352,10.537823677062988,15.004826545715332,9.769522666931152,-21.174091339111328,10.244454383850098,12.332411766052246,7.6705708503723145,-6.032747745513916,8.054170608520508,-3.091890335083008,10.982209205627441,-13.111939430236816,8.260009765625,1.5334523916244507,10.20395278930664,0.5502244234085083,9.07397747039795,0.292934775352478,0.29237601161003113,0.32893311977386475,0.5006566047668457,0.3741551637649536,0.40696436166763306,0.23692135512828827,0.27860236167907715,0.32449984550476074,0.21421881020069122,0.25296276807785034,0.22375598549842834,0.04848072414228092,0.018798972978789363,1768.4001755531572,351.7358645132602,3066.2240597877108,420.7864444966163,2650.0828152189674,1189.886459131072,0.03409585266821346,0.009454481257628138,20.25118933588067,4.92849479229554,12.411049609167803,4.0076966086258805,17.909223504733966,4.435755006775,21.927256199011346,4.047785686666913,22.437437419825194,4.639136751444324,23.745316981557494,5.738149566560716,33.94715845199652,3.2480048337861502
original_mix,147.5,152.5,-344.4263916015625,30.76034927368164,180.38258361816406,13.103490829467773,28.152870178222656,13.454939842224121,-1.8768154382705688,9.348307609558105,-10.001544952392578,10.267391204833984,13.315563201904297,11.448458671569824,-25.107336044311523,8.756475448608398,12.915302276611328,6.875753402709961,-7.4005913734436035,8.084632873535156,-7.59989595413208,6.2897725105285645,-12.223505973815918,8.225770950317383,0.7987844347953796,8.923277854919434,-3.9071314334869385,7.905940532684326,0.41291606426239014,0.4287339448928833,0.291236937046051,0.3399389982223511,0.32281753420829773,0.4501662254333496,0.25881993770599365,0.22263693809509277,0.24715781211853027,0.13644680380821228,0.23273441195487976,0.21674638986587524,0.036783972158682315,0.014061285923839555,1705.7101685913751,240.5039936336715,3184.189707190494,353.58435531786284,2111.4030098970416,581.1010587986211,0.03317253661542923,0.013018675392425605,18.330763831029195,5.170975817881587,13.92692867028164,3.5924954065381662,16.89433889288519,4.451071679695934,22.031147486893158,4.024887557500074,23.216021049749145,5.221845984038769,26.791667944905942,8.362820449473823,31.92303525582537,1.9881438010768584
original_mix,150.0,155.0,-374.9646911621094,32.43015670776367,174.5258331298828,18.228853225708008,35.33644104003906,13.014738082885742,5.5838847160339355,13.6124849319458,-5.708375453948975,10.795838356018066,11.086105346679688,10.607870101928711,-27.307697296142578,9.64671516418457,7.147493839263916,7.585765361785889,-4.476700305938721,6.468532085418701,-3.2381627559661865,5.5605788230896,-8.795899391174316,7.106265068054199,-0.8321167230606079,9.340446472167969,-7.958676338195801,6.694865703582764,0.2465430051088333,0.34132495522499084,0.30605873465538025,0.36907821893692017,0.3556211292743683,0.5127942562103271,0.3488994240760803,0.2894075810909271,0.3310081660747528,0.17697131633758545,0.29705604910850525,0.21284747123718262,0.02852881154188078,0.010646134965825272,1730.303852528309,349.2393801961907,3322.9430836441866,421.4867142475561,2257.43909512761,868.4142411222407,0.030969040023201857,0.017590319922766842,19.07928405361626,5.6388006799263435,15.093244797301477,4.130622734983443,16.382602688327044,4.644462147767848,22.476278497238102,4.18652624688622,23.955735422103967,5.847862032940996,25.81910334434557,8.820558443699667,30.710424353338745,1.8825336745898646
original_mix,152.5,157.5,-370.50885009765625,29.086719512939453,175.01132202148438,17.80673599243164,31.160701751708984,14.168000221252441,17.961673736572266,11.935322761535645,3.606282949447632,8.39058780670166,6.5374956130981445,11.530519485473633,-29.56004524230957,9.138118743896484,10.181855201721191,9.87868881225586,-1.443912386894226,7.801332950592041,-0.5850158333778381,7.086668491363525,-6.174297332763672,7.363727569580078,-5.008713722229004,9.675390243530273,-10.155943870544434,6.873591899871826,0.42406490445137024,0.27765724062919617,0.18657784163951874,0.29799842834472656,0.24270877242088318,0.24868203699588776,0.2552020847797394,0.41140854358673096,0.4899243712425232,0.26506537199020386,0.2787727117538452,0.24065949022769928,0.03279519730988726,0.011122980464800133,1587.2568056492223,365.3142463375783,3133.6568478704735,471.023081950196,2210.175962514501,904.7817994809985,0.026611894576566125,0.013562675129883501,19.248667761669875,5.154996389605293,14.354859656820826,4.428294727508068,18.45401368101662,4.722345004945483,23.511391457580682,3.7803966020949975,22.52668346931873,5.757335910895163,24.73977306815562,5.856364768149014,30.489264142458506,1.793244762807505
original_mix,155.0,160.0,-365.1483154296875,23.968997955322266,173.40882873535156,13.539386749267578,11.208544731140137,15.6676664352417,23.530261993408203,8.668375015258789,8.005915641784668,8.711197853088379,-1.143662691116333,10.528181076049805,-27.06374168395996,8.866077423095703,15.056953430175781,7.524847030639648,-1.1952708959579468,7.940835952758789,1.190395712852478,8.096470832824707,-7.080451965332031,6.854475021362305,-6.542599201202393,7.6563262939453125,-10.516613006591797,5.940155029296875,0.7184579968452454,0.3326873481273651,0.08579350262880325,0.15312626957893372,0.10841698944568634,0.07455980777740479,0.1283545047044754,0.30094248056411743,0.606425940990448,0.38715511560440063,0.18417797982692719,0.24975472688674927,0.028594945503394455,0.01203925203825235,1662.838591038058,326.47180756845273,3035.2856497127286,337.5884737030472,2674.4138359193735,818.3030275279647,0.02800196671983759,0.007798673279170062,18.504233818655067,4.913100400918087,12.965718041313096,3.3977975059209986,19.287332002522675,3.9070803935098173,23.478250668950384,3.8275904975279986,20.270720127475897,2.578377013953105,25.952476260367707,3.5715094625179047,30.054921013982035,1.884661758287538
original_mix,157.5,162.5,-420.284912109375,46.913997650146484,153.88429260253906,16.595190048217773,1.5046336650848389,8.995555877685547,25.50221061706543,9.10366439819336,14.909466743469238,9.560328483581543,-1.573208212852478,7.207753658294678,-22.696577072143555,8.758495330810547,13.965331077575684,6.714962959289551,-2.4966115951538086,6.883901596069336,2.763388156890869,8.336821556091309,-10.113912582397461,8.162274360656738,-1.158198356628418,10.123283386230469,-9.29495620727539,6.896649360656738,0.40433260798454285,0.1669510453939438,0.08244278281927109,0.2131306231021881,0.14006389677524567,0.09090830385684967,0.15798185765743256,0.31362149119377136,0.7739153504371643,0.6023876667022705,0.24696438014507294,0.19971752166748047,0.013667223551537487,0.008284959176328575,2129.3250742729697,430.5386740950812,3519.173010393301,516.5451066661325,3858.040553400522,1018.2289293011411,0.032502990864269145,0.00820489245640588,17.375765575673658,5.097867378150512,15.211555591010141,3.7456331372936695,19.227042413912343,3.9622008327254647,23.761175694125818,3.5600919432691467,21.041678639870504,2.836125747414985,24.295698063950137,3.3616068440864373,27.902966325429826,2.266018115647561
original_mix,160.0,164.8180498866213,-487.95623779296875,40.160789489746094,135.36276245117188,19.125940322875977,9.051501274108887,11.458283424377441,31.74609375,8.743107795715332,16.237699508666992,6.266497611999512,9.004325866699219,6.450223445892334,-20.976911544799805,6.606246471405029,17.566795349121094,6.570319652557373,-3.0920839309692383,6.549571514129639,9.184881210327148,7.003575801849365,-11.183123588562012,9.000334739685059,9.6417818069458,9.284677505493164,-7.884634971618652,7.507962703704834,0.10635233670473099,0.06309295445680618,0.16795121133327484,0.30250662565231323,0.16394846141338348,0.16486404836177826,0.2448352426290512,0.5315510034561157,0.992609977722168,0.5967522263526917,0.29826614260673523,0.15424470603466034,0.00566100931675289,0.0029955738217608135,2769.8773085103294,830.312966532336,4278.114819543474,606.1284843604102,6125.443924134036,2490.3585518481077,0.036821112575301206,0.02887722595614696,16.795436214570568,5.320940866559357,16.43777760158315,3.8533121280389127,18.31178873865773,3.650746085169873,24.483061037288714,4.272267233094874,21.422263700944516,3.7554519498391237,22.32008352437136,3.769418719915477,26.10604286003767,1.3998897418351781
original_mix,162.5,164.8180498866213,-515.3786010742188,47.928653717041016,125.69259643554688,17.039974212646484,16.016157150268555,5.699649810791016,34.4924430847168,7.621277809143066,13.741889953613281,5.751046180725098,14.21442985534668,4.798812389373779,-20.25945281982422,5.2975687980651855,19.222719192504883,5.334870338439941,-3.186211347579956,5.83816385269165,12.704806327819824,5.7914204597473145,-10.119270324707031,7.089391708374023,13.928426742553711,7.4114556312561035,-7.486672401428223,6.861657619476318,0.142000213265419,0.08630070090293884,0.19972734153270721,0.34573423862457275,0.20389705896377563,0.20188432931900024,0.24347332119941711,0.5224830508232117,0.9901435375213623,0.6173520684242249,0.3703666031360626,0.21379660069942474,0.003863786693405018,0.001337588448596135,3200.69803008155,1014.7976745904259,4721.926664159607,397.08950409917185,7918.727783203125,2402.887423116815,0.04164306640625,0.04050670059429066,17.4073122799631,4.829570885193979,15.386313472154566,3.3585652476246124,17.899437748012332,3.929504136507212,25.032291515956423,4.7501730891705165,22.17375193493084,4.148370795217536,22.09685810526611,4.327852715063948,25.67007680131185,1.8627335312061966
vocals,0.0,5.0,-492.42242431640625,179.5028076171875,40.337528228759766,45.917564392089844,-18.572174072265625,26.757038116455078,-0.13491898775100708,13.252691268920898,-10.563234329223633,19.951623916625977,-12.516701698303223,20.58266258239746,-10.493778228759766,22.670963287353516,13.535216331481934,17.34503173828125,-9.998937606811523,14.8239107131958,-0.08837118744850159,8.574261665344238,-3.6163923740386963,15.751777648925781,-10.462125778198242,16.555988311767578,-4.283062934875488,7.908027172088623,0.25588861107826233,0.16800472140312195,0.16285394132137299,0.25985878705978394,0.33382681012153625,0.5643048286437988,0.11250203102827072,0.17111386358737946,0.23300503194332123,0.17578727006912231,0.25655603408813477,0.16580358147621155,0.03029263282583415,0.04681569318482479,7524.977423268192,3760.916175082778,5844.824249506414,1931.8692228195225,14325.175713275812,7269.777513195413,0.48215904147331784,0.38271378823082614,12.848757971491212,4.929008173259841,12.324946887158493,5.9055126310118125,16.58142439113711,6.4789369374084025,18.85192282922949,7.103774601259782,19.3339072532282,7.034772049102743,19.201623994836623,7.845453380454969,28.277347981640293,5.894397965711493
vocals,2.5,7.5,-296.273681640625,106.07075500488281,77.5613784790039,35.78966522216797,-40.136592864990234,24.262001037597656,-3.7020342350006104,22.259658813476562,-26.38091468811035,18.528385162353516,-19.84964370727539,20.426713943481445,-22.159950256347656,22.381999969482422,21.365636825561523,14.794279098510742,-20.806415557861328,13.708186149597168,-3.3819751739501953,11.398842811584473,-10.656594276428223,15.649059295654297,-21.482345581054688,14.907981872558594,-9.57095718383789,9.552569389343262,0.27140793204307556,0.19512347877025604,0.22796311974525452,0.48121336102485657,0.16507089138031006,0.13320809602737427,0.0876505970954895,0.14414162933826447,0.26063272356987,0.2282247543334961,0.4300365149974823,0.2062101811170578,0.0749257770814666,0.05898020328184967,3911.5072880195835,1762.0055416346427,3957.330198105513,871.2502804969943,7247.496623948666,3224.225067839002,0.10207230640951276,0.08407350484138908,9.502968996091615,3.755741094514398,13.180113770144317,5.85325188163577,21.18120013577508,6.387983316584601,25.62326699374393,6.253283139064692,23.771806827410735,5.69568066748091,23.84714074565346,5.945744776245082,33.699652834076815,4.577620264648468
vocals,5.0,10.0,-245.83204650878906,49.24148941040039,95.12953186035156,32.51303482055664,-41.14315414428711,22.866636276245117,-4.949235916137695,19.16001319885254,-39.04350280761719,14.59683609008789,-13.087956428527832,12.982271194458008,-22.476543426513672,14.695695877075195,16.644439697265625,11.86662769317627,-28.923551559448242,13.16898250579834,-5.900156497955322,9.941584587097168,-6.1391401290893555,12.676324844360352,-19.20244789123535,9.163346290588379,-15.45064640045166,10.268964767456055,0.21501269936561584,0.09915230423212051,0.21375013887882233,0.5436170101165771,0.1821463704109192,0.14585232734680176,0.0782887190580368,0.12300439178943634,0.11490225791931152,0.16598446667194366,0.47462087869644165,0.1844189316034317,0.09638979555628416,0.05469007595119367,3367.9682573936393,1443.5327473647894,3711.559757746829,550.1130595714084,6323.367486586427,2655.62647413141,0.07164252827726218,0.05875686937465329,9.46365114979057,3.4766355835052005,16.168582355558698,6.506306861783649,22.838354278924992,5.243026820073881,26.22327020642183,4.563504571375907,24.184097800710088,4.846263168905361,23.435806621419506,5.904597102385966,34.49096933647794,3.2272587876608183
vocals,7.5,12.5,-258.25341796875,64.0504379272461,88.68567657470703,35.73458480834961,-38.64030838012695,19.87105369567871,6.44256067276001,19.46834945678711,-41.34642028808594,15.781350135803223,-12.547686576843262,11.98248291015625,-22.90188217163086,13.66510009765625,11.8349609375,10.740002632141113,-30.190244674682617,13.084935188293457,-4.372452259063721,10.711565017700195,-2.146890163421631,13.608494758605957,-14.124433517456055,8.382885932922363,-17.727039337158203,7.576544761657715,0.2349165380001068,0.08079227805137634,0.19964471459388733,0.5211451649665833,0.258453905582428,0.21258482336997986,0.12168276309967041,0.14766451716423035,0.16665241122245789,0.19133388996124268,0.4077416658401489,0.18892519176006317,0.08354177779740635,0.04936799993237331,3532.021166070416,1495.0804485904807,3788.2194078255084,517.7161427942353,6971.162177349188,2693.1979173908144,0.07084043285962877,0.0655896209484958,9.332926932801369,3.841835397357286,18.811096060173877,6.165584544053428,22.975001142643375,5.549402691034342,24.52177673767649,4.784902042619808,22.97688711243212,4.736983258479634,22.62367448506087,6.019556418950018,34.43164945374873,3.1512114002714475
vocals,10.0,15.0,-259.8593444824219,59.78831100463867,69.6878662109375,31.875328063964844,-46.867034912109375,18.979881286621094,4.781762599945068,21.166118621826172,-34.51629638671875,15.102423667907715,-19.62031364440918,15.655342102050781,-30.689558029174805,16.24700355529785,6.451359748840332,11.0322904586792,-28.600730895996094,16.326692581176758,-8.075560569763184,13.19808292388916,-10.347247123718262,14.289999961853027,-10.854100227355957,13.884925842285156,-4.731706619262695,15.292293548583984,0.23613594472408295,0.09724964946508408,0.1891755312681198,0.48613440990448,0.26202601194381714,0.2544163167476654,0.11868128925561905,0.11529824137687683,0.16141577064990997,0.14708131551742554,0.2427571415901184,0.17223311960697174,0.0928323033639595,0.06229623247365248,3779.0721515625123,1438.218125946675,3899.0328645934956,509.11346525143836,7540.917742169374,2633.685753143829,0.07357639392401392,0.06724270028323986,9.65854215894597,4.3691709355235995,15.803109527379618,6.07262489243934,24.959934074594067,5.879628444698591,24.798584693966642,4.898735449029147,22.772174988586062,5.917643428365511,21.404998456099804,4.585599375504442,34.42273796686986,3.553702650360664
vocals,12.5,17.5,-258.6502380371094,46.754398345947266,71.22966766357422,27.61319351196289,-58.788970947265625,12.306575775146484,-6.204934120178223,14.562397003173828,-40.37898254394531,17.00005531311035,-22.7452335357666,13.609516143798828,-35.857303619384766,13.59688949584961,2.5734097957611084,12.30362319946289,-34.344688415527344,13.326641082763672,-15.162605285644531,11.14169692993164,-8.409294128417969,14.764963150024414,-12.529762268066406,14.345972061157227,-0.20562615990638733,15.771027565002441,0.27728256583213806,0.12467549741268158,0.16138938069343567,0.32615163922309875,0.1729804426431656,0.2876517176628113,0.08533892035484314,0.06680610030889511,0.03151842951774597,0.12178809940814972,0.37632134556770325,0.17839361727237701,0.1144924468270086,0.05971630653327822,3313.925302461355,1057.4475772707801,3614.4237303790774,556.5048155676159,6489.587827182425,2350.9721693796505,0.06379604118329467,0.04357495089049101,9.566732978120875,3.909717971941611,13.018492841110838,5.3957903381572505,25.15813233132967,5.28100185702571,27.23965732448179,5.884163469246785,26.061859044837075,7.26630050976527,24.144001647044018,6.219952639025036,34.39817714054268,3.2001237356108594
vocals,15.0,20.0,-273.0561828613281,49.18762969970703,89.07604217529297,31.949554443359375,-50.882789611816406,23.4757080078125,-6.949286937713623,13.5950288772583,-48.65249252319336,19.673795700073242,-19.05367660522461,12.6167573928833,-30.323497772216797,13.90512466430664,3.4251914024353027,11.888080596923828,-33.584007263183594,9.153694152832031,-10.164400100708008,10.752867698669434,0.24680818617343903,12.615500450134277,-16.76319694519043,8.71847915649414,-13.18574333190918,14.77603816986084,0.21765872836112976,0.1272064447402954,0.13802193105220795,0.24004317820072174,0.15191951394081116,0.2407667487859726,0.07842127233743668,0.08755803108215332,0.1645086109638214,0.20006653666496277,0.5014636516571045,0.1530947983264923,0.10445234250372358,0.055496530452637784,3030.047842456594,1097.2628021403139,3449.795564973679,649.6896420485762,5839.345046041183,2529.987126907842,0.06022513051044084,0.03827975800042388,9.881778035127274,3.665947587176123,14.237808411661897,6.5806788659760524,22.44845145956986,5.490689748175963,27.682837292153458,6.217840528637456,26.167384652677402,6.728580146973552,24.890610754158683,6.111068671815796,34.096246639558636,3.2296269525579944
vocals,17.5,22.5,-258.1090087890625,50.197776794433594,92.69564056396484,29.10866928100586,-43.936519622802734,23.429882049560547,-5.035306930541992,16.60305404663086,-45.59030532836914,17.996051788330078,-16.755970001220703,13.067404747009277,-26.148738861083984,16.877029418945312,7.599506378173828,10.47319221496582,-28.011186599731445,12.103484153747559,-8.08008861541748,10.485268592834473,-6.977954387664795,16.486879348754883,-18.30060386657715,10.290791511535645,-14.375627517700195,13.48790168762207,0.262028306722641,0.11599572002887726,0.18472711741924286,0.36708706617355347,0.15190818905830383,0.12458790838718414,0.059558235108852386,0.1131526306271553,0.24761585891246796,0.20184916257858276,0.321571946144104,0.16217125952243805,0.10007605374047399,0.055420002710552294,3193.7612368216674,1182.754090635731,3622.2485996401847,637.8169633030977,6183.776373984919,2607.455623727115,0.06187463747099768,0.030708786685346753,10.020192530459546,3.7355908605547286,14.064112260772108,6.49980466434859,22.58396716335352,5.075513348377051,26.516540553028616,5.5988824957268735,24.079978105369047,5.290708126188784,22.59305815387378,4.7650635462949085,33.828284761552254,3.229673587100164
vocals,20.0,25.0,-274.9054260253906,64.60693359375,93.95597076416016,30.488943099975586,-42.999900817871094,25.83438491821289,-0.12041860818862915,17.585554122924805,-42.273101806640625,11.92033863067627,-18.246652603149414,12.634639739990234,-28.582321166992188,17.132747650146484,4.682190418243408,9.726492881774902,-24.02628517150879,11.54763126373291,-9.385909080505371,10.215014457702637,-6.406244277954102,17.517274856567383,-18.502384185791016,10.990706443786621,-17.239797592163086,14.62950611114502,0.2641772925853729,0.101169154047966,0.16793009638786316,0.3015731871128082,0.1297580599784851,0.13688963651657104,0.07412616908550262,0.13361233472824097,0.35313472151756287,0.2859221398830414,0.3139389753341675,0.17784318327903748,0.08003358066561707,0.056286007357269054,3213.210866361166,1243.8358899594164,3562.5404112173646,541.3941497297901,6175.13311611804,2453.211694069373,0.0650445004350348,0.036113393199396666,10.059849957554464,3.7551849710092746,14.79254423805739,6.672269070509532,21.97657600871893,5.482670351695169,25.871172850579594,5.309521626812701,23.15644339842436,5.2797774271191855,22.376476872910022,5.246898392491018,33.25949998049457,3.072999462036192
vocals,22.5,27.5,-277.86077880859375,62.28068161010742,101.57064819335938,25.887710571289062,-33.005210876464844,27.567150115966797,5.329957485198975,20.157426834106445,-45.41543197631836,12.258382797241211,-26.178955078125,13.977487564086914,-35.270259857177734,14.562612533569336,3.1729700565338135,12.55778980255127,-27.915483474731445,11.607433319091797,-8.462660789489746,9.855372428894043,-4.727260589599609,14.67972469329834,-24.395048141479492,11.596335411071777,-24.332569122314453,11.198258399963379,0.2845308780670166,0.12146102637052536,0.1689196079969406,0.2820744216442108,0.1559290587902069,0.1644865721464157,0.07828308641910553,0.09508863836526871,0.2672313451766968,0.25772467255592346,0.4095028042793274,0.21410398185253143,0.09030213516330877,0.057154285939969574,2847.8908651416,1002.7090026618553,3459.0879435843826,488.79021524289436,5535.282228828306,2059.1598161227867,0.05674938370069606,0.03024417451302711,9.41811105071929,3.7386300513261674,18.372087716757957,6.4769982611409915,21.97320319676768,5.321053823292613,27.297618572288574,5.5570165853492774,23.309737342284855,5.341123009755525,24.368048392142903,5.626966098655614,33.43465098435007,2.905517372149207
vocals,25.0,30.0,-254.86944580078125,50.49958038330078,91.0013427734375,28.685401916503906,-38.5024528503418,25.374509811401367,8.301543235778809,20.586149215698242,-46.2709846496582,18.45902442932129,-29.768280029296875,13.315457344055176,-43.22669219970703,13.903244972229004,5.427873611450195,12.417203903198242,-28.173097610473633,13.08758544921875,-6.657602787017822,10.4402437210083,-9.810163497924805,11.304758071899414,-26.5687313079834,10.687699317932129,-19.891672134399414,11.110247611999512,0.4203324019908905,0.13974951207637787,0.19115762412548065,0.3507305681705475,0.19126278162002563,0.23271752893924713,0.09368181228637695,0.07335122674703598,0.17185741662979126,0.12869633734226227,0.24993428587913513,0.2244914472103119,0.10694923210595227,0.055793549949594894,3072.306858120122,1238.7164847613524,3558.0430458395326,443.20318457243184,5907.142161216648,2109.4597007871735,0.06227115356728538,0.05227649502746644,8.882096175607405,3.2501803646180036,19.457069830293882,6.962488214975864,21.912327938401432,5.098807510605661,27.653917951594405,5.073977096577095,23.63974536619419,5.545733304556759,24.794667014446354,5.203582918931968,33.952416711129146,3.1085731737282454
vocals,27.5,32.5,-245.6531982421875,47.88896942138672,78.63291931152344,31.675731658935547,-55.99721145629883,22.84087562561035,-0.5623629093170166,24.260574340820312,-46.07281494140625,19.799116134643555,-27.145519256591797,13.701436042785645,-41.16392517089844,16.236989974975586,6.237558364868164,10.712913513183594,-24.683530807495117,10.888625144958496,-9.049545288085938,11.822776794433594,-12.665739059448242,12.326072692871094,-26.856252670288086,9.288599014282227,-19.258563995361328,9.401823997497559,0.44024956226348877,0.1161467507481575,0.10755766183137894,0.28020671010017395,0.17253148555755615,0.2720189392566681,0.13879655301570892,0.11421409994363785,0.2642308473587036,0.16187523305416107,0.14890220761299133,0.17101870477199554,0.10523335681904081,0.06709952819651831,3386.6543987472364,1314.7509037401953,3577.1462084490367,505.9276959839459,6502.677616553075,2319.7903807643534,0.06766717118619489,0.054391439912836584,9.143559411897776,3.7919445530768803,18.407447134538952,7.804708618192345,22.153558018736828,5.310641149589163,26.727476677784246,4.894369082039992,23.80683081180348,5.159369981330951,23.590601992882466,4.922863857852389,34.67914262433854,3.2446421963025927
vocals,30.0,35.0,-248.7392120361328,39.88869094848633,87.94805908203125,26.380163192749023,-58.42112350463867,19.436004638671875,-10.415346145629883,21.37450408935547,-61.6298942565918,19.26146125793457,-25.91203498840332,13.357709884643555,-28.804683685302734,14.819973945617676,6.343371391296387,10.394819259643555,-26.95913314819336,7.972383975982666,-13.464410781860352,10.3302583694458,-6.412558078765869,15.647563934326172,-28.771257400512695,8.719654083251953,-24.052494049072266,9.152220726013184,0.38892266154289246,0.08847220987081528,0.07436990737915039,0.2969539165496826,0.08808360993862152,0.09470225870609283,0.06475307047367096,0.17509272694587708,0.5904991030693054,0.1798650473356247,0.1109793484210968,0.14175738394260406,0.14293247726670275,0.07312483603275945,2765.736598355328,1054.7331819846224,3123.9719555820675,622.5244292936168,5090.029546113689,2386.9639492949077,0.057315835266821345,0.024967066508595478,9.378764743961478,3.8785222994782287,13.558583096633532,6.546637801664342,25.519425924934453,4.289694624709543,29.153871014396277,4.496351111369201,29.110232122836926,6.276917762293795,27.10813045190978,6.049000242901524,35.306814309046445,2.780616270269355
vocals,32.5,37.5,-400.9165344238281,149.89662170410156,77.53649139404297,44.68634796142578,-27.20636749267578,28.2367000579834,-17.787866592407227,17.745975494384766,-48.607269287109375,31.295591354370117,-20.054121017456055,14.667067527770996,-15.13828182220459,11.760160446166992,0.22244934737682343,9.057331085205078,-14.879100799560547,14.705302238464355,-4.31331205368042,10.332009315490723,4.924280166625977,6.730485916137695,-16.008323669433594,14.396210670471191,-18.700443267822266,12.657145500183105,0.526577353477478,0.14296026527881622,0.05384122207760811,0.20445497334003448,0.0915050357580185,0.12265078723430634,0.05266250669956207,0.18929345905780792,0.7304944396018982,0.18477629125118256,0.05332619696855545,0.17768725752830505,0.08898237157185462,0.09282935378771275,3024.609650522274,2213.5833009589487,3624.5877420751685,1957.7639241832512,5906.492667850928,6080.821885336508,0.10675459505510441,0.13111765469383857,12.049357464791278,4.585591634748238,10.551659235531552,3.6319898191977558,22.157200237465958,6.432418834716766,27.702844462842183,6.18725358125463,27.657692628816246,7.15931567053285,25.031920455027713,7.6779636233734285,28.611628207736366,7.230897018324913
vocals,35.0,40.0,-674.896728515625,83.45950317382812,48.662696838378906,55.72404861450195,0.14992274343967438,14.173644065856934,-11.715471267700195,24.19484519958496,-8.696104049682617,17.478878021240234,-5.7744221687316895,14.952789306640625,-2.7365264892578125,11.817194938659668,-0.06282146275043488,6.939459800720215,-0.08319162577390671,6.6451263427734375,3.2588250637054443,5.292571067810059,5.274921417236328,6.543118476867676,-1.9584122896194458,8.781998634338379,-4.736985206604004,11.375032424926758,0.479166179895401,0.26736193895339966,0.15153077244758606,0.29991012811660767,0.31667560338974,0.5545872449874878,0.17831511795520782,0.16946552693843842,0.39873048663139343,0.22231917083263397,0.1325843334197998,0.1819058358669281,0.003969389551252736,0.010807629153188936,6120.771839062262,2968.1223315269895,6165.512364495286,2323.4213465330704,14136.073221795243,8025.0506278518,0.32893389283642693,0.2051567430897987,16.148263158309955,4.328235274091801,10.109217154927634,3.5568282644523506,15.15534041181945,5.988879089023622,21.03941893706047,6.6985019491656255,18.707798015935946,5.435496906627165,16.755865531423726,3.9772861113550446,22.096492710062087,2.0989431724432444
vocals,37.5,42.5,-814.1334838867188,22.590011596679688,59.36239242553711,12.286556243896484,5.6717987060546875,12.710953712463379,14.316455841064453,8.79250717163086,3.6211373805999756,7.339099407196045,3.0804457664489746,7.766616344451904,1.7777191400527954,8.837969779968262,-0.71099454164505,7.8820881843566895,5.538558006286621,7.609960079193115,4.226125240325928,6.979271411895752,5.874514102935791,7.873976230621338,3.177738904953003,5.710554599761963,5.744426250457764,6.1916375160217285,0.3033110201358795,0.24483194947242737,0.32973363995552063,0.47722405195236206,0.68323814868927,0.8626440167427063,0.2525133192539215,0.23241190612316132,0.3104097247123718,0.21151725947856903,0.22721771895885468,0.21813684701919556,8.932867086174565e-05,1.4546236091110506e-05,8067.495912323278,766.3575384000557,7530.069165532557,531.5919420107706,19013.918281431266,1986.0791715739424,0.4178792506525522,0.12423652684539375,16.436815944871388,3.7368033598610695,9.549368784037961,3.4387143512525657,12.711725330960553,3.5803822395734595,17.089208617485806,3.9755052316190396,15.301419427898546,2.9272783565765166,14.73195570002765,1.867525717208406,21.45967865973812,1.9634970917977355
vocals,40.0,45.0,-430.2696533203125,154.49200439453125,20.298995971679688,39.00099182128906,-4.7372541427612305,23.233924865722656,15.819809913635254,22.14913558959961,7.46954870223999,16.370275497436523,17.64377784729004,21.303173065185547,-10.8656587600708,15.328444480895996,1.9711717367172241,9.338997840881348,2.429032325744629,8.235234260559082,7.206470012664795,10.976469993591309,-2.1092288494110107,8.863386154174805,0.08905570954084396,6.23870849609375,-4.204787731170654,7.849430561065674,0.3388325273990631,0.32236403226852417,0.3615187406539917,0.39807453751564026,0.6015281081199646,0.7226084470748901,0.4086698591709137,0.3465484082698822,0.3201744258403778,0.2674815356731415,0.2840355634689331,0.2882370352745056,0.04133041827509342,0.06354580914704601,6450.83503855525,2031.93121964641,6051.690570724043,1406.4020407195712,14426.646561412414,4336.816741806174,0.22700206641531323,0.16669283061686307,16.744702294746546,6.7776032773629495,12.912548141637865,7.244894545777323,15.459776413153419,5.373058726075602,17.61212348060521,4.656126114514226,16.306232970474195,3.444929242440153,16.816675347822894,3.51841446368542,27.38308248113516,7.721363615158058
vocals,42.5,47.5,-275.65582275390625,88.05604553222656,50.670833587646484,44.289371490478516,-5.085085391998291,28.264158248901367,35.638648986816406,24.6833553314209,10.36752700805664,23.958093643188477,32.95651626586914,16.94011116027832,-28.081954956054688,14.514321327209473,-4.295567512512207,16.025833129882812,-1.4397584199905396,11.576056480407715,11.201648712158203,11.394692420959473,-10.231389999389648,13.143503189086914,-6.29616641998291,12.285317420959473,-11.052704811096191,8.823176383972168,0.2790159285068512,0.2577565610408783,0.28040799498558044,0.33079880475997925,0.40328773856163025,0.48094606399536133,0.42290768027305603,0.3605388402938843,0.2982509136199951,0.2841745615005493,0.29807886481285095,0.28721460700035095,0.10107955501480066,0.06345315096089357,4529.6354424983765,1810.8408813278081,4687.788157105269,597.1508849177652,10152.58052675464,2363.1906778474113,0.08217399579466357,0.09684276001434765,16.628388684331313,8.53926305577227,19.83515759705066,7.298230179086551,19.4555215918016,5.929620250544174,19.724813818001305,5.532769910191851,19.85653479973886,5.311136712166574,19.836700565824007,4.618861712458678,35.27739188305981,3.7596341290348443
vocals,45.0,50.0,-298.806640625,99.21438598632812,76.65861511230469,38.66167068481445,7.779327869415283,29.816810607910156,35.107261657714844,23.201295852661133,3.829261302947998,24.257259368896484,20.551639556884766,17.93608283996582,-21.977455139160156,18.088333129882812,-1.5447592735290527,18.02790069580078,-2.0608694553375244,10.840272903442383,5.046013355255127,10.01888370513916,-10.472259521484375,14.22179889678955,-4.431056976318359,14.14242935180664,-10.184709548950195,9.218406677246094,0.24124033749103546,0.25015684962272644,0.3262791335582733,0.395588755607605,0.41720283031463623,0.4766862094402313,0.37296679615974426,0.2934275269508362,0.32662948966026306,0.32333728671073914,0.3045632243156433,0.2634633183479309,0.08932558375018003,0.06527929371547125,3679.527317590505,1578.1488084602677,4465.5893860703245,602.619743520983,8619.126690291474,2830.2179996602918,0.05692611658932715,0.06736166436092139,17.088379658772602,7.985015695695777,17.63051436034513,7.593172993585145,18.684897244252166,6.115264811514564,19.5364199323718,5.488015335304589,19.820246776930937,5.207163302934856,19.542631622952214,4.588589051156383,33.82396073398648,4.83063195826324
vocals,47.5,52.5,-287.9509582519531,111.83573913574219,87.40943908691406,33.12477493286133,1.811540961265564,33.451332092285156,23.27027702331543,22.755258560180664,-1.8387080430984497,25.84530258178711,15.637457847595215,14.580704689025879,-11.567602157592773,15.405665397644043,7.769111156463623,14.6803617477417,4.494807243347168,8.530844688415527,3.3632328510284424,11.101770401000977,-5.865631580352783,13.578533172607422,5.069892883300781,11.407870292663574,-7.505856990814209,10.353669166564941,0.35268697142601013,0.34711459279060364,0.3791096806526184,0.42218443751335144,0.434741735458374,0.498298317193985,0.4333451986312866,0.3763043284416199,0.3675789535045624,0.3692992627620697,0.34130772948265076,0.3211216628551483,0.0860542288827148,0.08227954608602066,3558.7823384350336,1510.258691956232,4315.927498187727,577.8207212098499,8048.9714372462295,2757.5386585001356,0.06393991988109049,0.0652116498766727,18.45653866611914,7.272779070605706,15.501416783697824,7.040267201940762,17.521055270648485,6.443809133592469,18.08959210439513,6.106751327539374,17.921829892265325,3.7914664529254978,18.988061811443796,4.054188982919399,32.98601170997372,4.7052040068927585
vocals,50.0,55.0,-221.27700805664062,72.92932891845703,81.3535385131836,32.16978454589844,-8.916403770446777,31.418212890625,26.207738876342773,23.892864227294922,-7.164135932922363,25.441545486450195,17.84362030029297,13.760457038879395,-23.168087005615234,15.930826187133789,3.3547146320343018,15.287802696228027,1.6721757650375366,9.812042236328125,6.07383918762207,12.31782341003418,-11.750588417053223,11.77174186706543,-1.6005876064300537,15.240225791931152,-11.817079544067383,9.977310180664062,0.340905100107193,0.2737170159816742,0.2755689024925232,0.3249370753765106,0.3617303669452667,0.4392837584018707,0.37445878982543945,0.3264220356941223,0.3266173303127289,0.35734617710113525,0.3769727945327759,0.3482692837715149,0.1311908281335862,0.0760425893131061,3766.3887222082826,1339.3654556615413,4408.5608614071025,514.6982197260397,8787.695199209687,2163.392060851591,0.05562894250290023,0.05860908358553032,17.272599740318668,8.060930385741104,20.116328542161146,6.3721711730937685,20.24212760477937,6.189353595965867,19.83899720699186,6.155858793913595,20.125012160734396,5.163785368942231,20.771588827613463,5.166899466437094,36.07289341858127,3.7302235214435555
vocals,52.5,57.5,-257.54248046875,107.53772735595703,87.3952865600586,26.77458953857422,10.241077423095703,36.967037200927734,25.595561981201172,20.10634422302246,-15.9630126953125,22.51392364501953,10.300273895263672,16.20947265625,-22.468891143798828,16.462263107299805,4.097468376159668,15.60149097442627,-1.9217740297317505,10.23035717010498,2.4901232719421387,13.114903450012207,-9.474574089050293,11.833783149719238,0.6322876811027527,16.14173126220703,-13.212828636169434,8.519006729125977,0.25185465812683105,0.20650909841060638,0.22164982557296753,0.2926705479621887,0.2820579707622528,0.329042911529541,0.29843664169311523,0.3204830288887024,0.49828335642814636,0.5110636353492737,0.4224083423614502,0.3217419385910034,0.12159613837739734,0.07460102629713881,3571.165662458592,1153.2122152157724,4541.052633508853,552.3020050252373,8732.788029292344,2627.1700866010856,0.04591543104698376,0.04599451606488029,16.258589592324327,7.5356606268232715,20.09965958956627,6.2608252296661595,20.122495708723065,6.335906023837692,21.08563880336695,5.431903564284187,19.923632105317584,4.7330338182663745,20.82636807201049,5.079832792127998,34.870242645200754,5.456369332232901
vocals,55.0,60.0,-283.0107421875,112.50284576416016,87.86798858642578,32.179412841796875,16.432714462280273,37.42792892456055,16.701309204101562,19.453474044799805,-24.210357666015625,24.58934211730957,8.789012908935547,15.154264450073242,-16.492734909057617,13.62402057647705,7.609846115112305,13.892243385314941,-0.07897825539112091,9.295465469360352,0.6829680800437927,14.159534454345703,-5.862019062042236,11.661808013916016,7.384275436401367,12.344711303710938,-11.696880340576172,9.146394729614258,0.2705380320549011,0.21288318932056427,0.21980197727680206,0.30255332589149475,0.31839436292648315,0.3632056415081024,0.3380298316478729,0.3890376389026642,0.4857909083366394,0.46927377581596375,0.35648179054260254,0.2615644931793213,0.11395151389621225,0.09152955205909834,3564.950008993994,1434.266055902875,4498.117390425588,628.745089282275,8543.435732671114,3029.2579387353703,0.05682302240429234,0.06576833903633732,16.524242925385998,8.279278157550014,19.658844719319628,6.406144784829053,20.382058507612687,7.112432902719381,21.65952067082085,6.385745957338694,17.958740338122922,3.612944507452929,20.149564068325517,4.267718833734855,33.623699103943785,5.56049059233344
vocals,57.5,62.5,-245.8406524658203,80.00999450683594,83.29348754882812,37.50941467285156,6.295947551727295,33.97229766845703,27.84992218017578,23.038990020751953,-16.71274185180664,26.14101219177246,13.575942993164062,11.404509544372559,-26.969518661499023,13.18066120147705,0.09864527732133865,15.507975578308105,1.3378210067749023,8.654666900634766,7.497043132781982,12.84638500213623,-10.302172660827637,11.610841751098633,-1.6209726333618164,12.399971008300781,-14.051400184631348,8.839689254760742,0.30481913685798645,0.19826264679431915,0.18657201528549194,0.2465728223323822,0.31041550636291504,0.3978893756866455,0.35749539732933044,0.3861787021160126,0.3949342370033264,0.41613563895225525,0.3608967065811157,0.29092517495155334,0.13794509874032312,0.07787700420477751,3536.771093870806,1641.9478670105111,4313.0764565902155,567.3521116199202,8096.334491915603,2919.2587517728452,0.05679583272911833,0.07692060788017077,16.464259192648587,8.105244047391919,21.380054751023,6.081928977945739,21.81956940152915,5.884323785547051,22.798415001369595,5.719524778022863,18.539985389245683,4.2742364419725325,20.2866896956113,4.423283729467671,35.293291176352255,4.281380433439288
vocals,60.0,65.0,-278.7362365722656,105.378662109375,88.6838150024414,34.385528564453125,12.879570960998535,33.17824172973633,35.165382385253906,22.387123107910156,-2.838981866836548,23.368925094604492,17.19651985168457,12.491972923278809,-25.03338050842285,17.092580795288086,1.321723222732544,17.768417358398438,1.655074954032898,9.123517990112305,7.604001998901367,12.954434394836426,-8.365989685058594,13.658686637878418,-0.4749968349933624,12.663056373596191,-10.128777503967285,9.991363525390625,0.22355888783931732,0.21621647477149963,0.29389578104019165,0.3656056821346283,0.42166757583618164,0.506565272808075,0.4243866503238678,0.37305527925491333,0.38480308651924133,0.3914312720298767,0.34352928400039673,0.2606465220451355,0.1101622003362365,0.07219455609716928,3372.005593678943,1506.9275855544106,4321.434087513974,718.5605589834059,7691.050631706787,3606.828457153364,0.04753548252610209,0.05999410981328521,19.318729083183857,8.127967562234849,18.731231680239745,6.219174441847079,18.51764846501134,6.086045117081063,20.28280014793177,5.106339252758549,18.802251978285017,4.44819433820412,19.54375796177639,4.361400504456526,33.4913887115995,4.579779415080385
vocals,62.5,67.5,-283.3123779296875,103.26165771484375,89.06000518798828,33.35687255859375,13.9199857711792,36.29652786254883,22.795207977294922,25.21809196472168,-7.59859037399292,26.048439025878906,15.301862716674805,13.498771667480469,-20.986848831176758,15.83111572265625,10.801057815551758,15.99831771850586,1.7710329294204712,9.418607711791992,3.042076349258423,13.564854621887207,-3.3419504165649414,13.407944679260254,3.8063976764678955,11.0274019241333,-10.474538803100586,9.967939376831055,0.3506473898887634,0.30043482780456543,0.33656251430511475,0.3824283182621002,0.41394683718681335,0.44305068254470825,0.33802685141563416,0.27989622950553894,0.2478807419538498,0.2783718705177307,0.38460758328437805,0.34203124046325684,0.10592790424533127,0.08964185589581039,3461.488725927228,1491.5937718742998,4400.72742928106,708.2528869002173,8100.081569025522,3482.0045889796347,0.053697342662412995,0.05992967592007253,17.479753313944048,8.145053444094502,18.74100847728487,6.3609838838466,17.913438794106902,6.133350372908752,20.3536341222554,5.903805374420096,18.98762280398295,4.486741348398581,20.359673573519782,4.597270337667883,33.326421495289715,4.599702133019139
vocals,65.0,70.0,-241.55050659179688,73.69359588623047,85.75663757324219,39.264129638671875,1.1739082336425781,30.931556701660156,18.992008209228516,22.72379493713379,-15.97156047821045,23.175827026367188,14.294266700744629,15.349804878234863,-24.892669677734375,12.004240989685059,10.091955184936523,16.06798553466797,0.9590360522270203,10.35987663269043,4.730677127838135,11.763572692871094,-3.5659406185150146,11.682818412780762,4.226710796356201,10.542473793029785,-15.156986236572266,9.590611457824707,0.5109127163887024,0.3176446259021759,0.21735988557338715,0.2157898247241974,0.21544210612773895,0.2560544013977051,0.20218053460121155,0.26680126786231995,0.28534770011901855,0.32796865701675415,0.5152481198310852,0.4849686622619629,0.12386505679484552,0.08994096108229592,3880.017226609552,1889.3545292590031,4396.734070757825,557.807288027711,8614.130587478248,2892.295512866958,0.07653440400232019,0.09435876570607267,13.79484475564698,6.869921166184594,20.850059633606577,5.9042563294016475,19.806535214638885,6.1368718503334305,22.957178935604436,5.7246284882940595,19.63203658380856,4.487668454159902,20.93621636802254,4.890518937954186,34.92915964980971,3.513915821369998
vocals,67.5,72.5,-300.5427551269531,117.66242980957031,85.85569763183594,38.89152908325195,15.770219802856445,31.586275100708008,13.39925765991211,25.56761360168457,-29.272010803222656,24.98888397216797,0.9432976245880127,21.663673400878906,-16.603004455566406,18.724571228027344,16.118879318237305,15.362569808959961,7.5170111656188965,13.017464637756348,0.8838527798652649,15.294960975646973,-9.902006149291992,12.469740867614746,4.726842880249023,15.610406875610352,-22.84864616394043,12.73405933380127,0.5161771178245544,0.3209100067615509,0.13480833172798157,0.21669845283031464,0.20269913971424103,0.23077930510044098,0.24567843973636627,0.3418503999710083,0.41141659021377563,0.33017098903656006,0.31830665469169617,0.33316224813461304,0.09606265709919125,0.0772139765647595,3707.4400620949673,1728.7142789775214,4465.068941306448,571.9280470179734,8306.920225493039,3213.579542930441,0.06856329756380511,0.08611046323385375,16.380524707894118,8.289060759092601,18.717589344393776,7.403148823136275,19.981737745307964,5.700480240386593,25.835876997842234,7.356110457530695,18.224245904423253,4.381665414221844,20.311768238076834,4.8070862935219765,34.12444213865114,3.6919071083685906
vocals,70.0,75.0,-362.405517578125,119.7243423461914,85.13446044921875,37.37028503417969,30.07201385498047,30.974987030029297,2.264500379562378,30.415700912475586,-38.2730827331543,17.90314483642578,-7.980987548828125,21.08603858947754,-15.405572891235352,19.01099967956543,22.448341369628906,12.708895683288574,14.701133728027344,10.352433204650879,1.1316609382629395,15.105378150939941,-17.11076545715332,12.862626075744629,-2.550861358642578,16.130863189697266,-25.555583953857422,11.515981674194336,0.5525558590888977,0.3390924334526062,0.13909372687339783,0.23570938408374786,0.22511669993400574,0.23315884172916412,0.2367229014635086,0.2785802185535431,0.330198734998703,0.27855974435806274,0.162457674741745,0.17705240845680237,0.07647967962612962,0.06601954002974647,3479.51585109899,1477.0007240838115,4577.801207143636,682.7969645587281,8222.136360752611,3758.631414329774,0.04771448122099768,0.03227091286321741,18.237432605048642,8.382588799856013,15.490217869854096,7.309328138469612,18.92428126806772,6.417181690900984,27.981393228111532,7.598672957193866,16.840861529767835,3.052113973260742,19.368081353517667,4.089122250086171,32.334933641903724,3.431214130760295
vocals,72.5,77.5,-288.8786315917969,109.82030487060547,64.71704864501953,40.271663665771484,6.919009208679199,33.5848503112793,19.20819854736328,34.684688568115234,-20.85449981689453,25.67397689819336,6.2051825523376465,22.120525360107422,-29.10181427001953,15.661581993103027,8.717467308044434,17.271305084228516,5.048278331756592,15.00812816619873,5.9150390625,12.604333877563477,-17.911014556884766,12.1145601272583,-9.782502174377441,12.106049537658691,-17.998634338378906,9.230218887329102,0.46407824754714966,0.2725825011730194,0.21902719140052795,0.2584161162376404,0.27639853954315186,0.29332369565963745,0.20861688256263733,0.19760850071907043,0.217723548412323,0.2582798898220062,0.27943506836891174,0.26647499203681946,0.1076966550448594,0.07491785028869538,4063.9867882967023,1663.8119107002585,4637.935443748836,624.1417215586657,9403.614754024073,3170.8509416272204,0.06083236658932715,0.065256659955803,15.524242303464659,7.921498221494036,17.855956234828536,7.437035637182024,19.339829475749756,6.330915986821073,25.0903479655586,6.924958339077128,20.211561196791365,6.108691801085038,19.95424245600171,4.204279022186209,34.18361545021186,4.48701016197513
vocals,75.0,80.0,-250.5596923828125,64.48961639404297,74.5353012084961,45.31220245361328,3.6302311420440674,25.283416748046875,36.23603439331055,23.25309181213379,-9.690905570983887,23.45578956604004,9.926336288452148,17.415170669555664,-33.86782455444336,11.731905937194824,4.980579376220703,14.847187995910645,-1.2140518426895142,11.3795166015625,5.6045708656311035,12.887153625488281,-14.160130500793457,10.209906578063965,-10.651274681091309,12.981404304504395,-18.134756088256836,8.1148681640625,0.3576555848121643,0.25417035818099976,0.2379353940486908,0.28099194169044495,0.3310898542404175,0.3950544595718384,0.31632447242736816,0.30843067169189453,0.2896937429904938,0.29190030694007874,0.35534220933914185,0.31678467988967896,0.10825771410039814,0.06784592207005957,4047.5960237078752,1736.182018073983,4496.683594597352,617.461387567797,9196.826058584687,2876.110541676744,0.06681069641821345,0.08319508104766778,17.338506561126373,7.445995380771709,18.95975953600352,6.536241181949805,20.06549714384331,5.877881239492976,23.005992510233764,5.218517982195431,20.77175411300832,5.679955405003991,19.992213089200554,3.9979783031253775,34.86574065978753,4.166446266403777
vocals,77.5,82.5,-266.7547607421875,73.31798553466797,95.23597717285156,41.412899017333984,9.674678802490234,29.26641845703125,30.33168601989746,21.68829917907715,-14.7888765335083,22.03218650817871,8.247634887695312,15.786304473876953,-23.401857376098633,14.724810600280762,14.191912651062012,15.475366592407227,-0.49354684352874756,11.26669979095459,3.7952258586883545,11.855986595153809,-11.531071662902832,10.070294380187988,-6.155941963195801,12.050619125366211,-18.322181701660156,8.490246772766113,0.3980506956577301,0.3055591881275177,0.2688479423522949,0.33930492401123047,0.4070000648498535,0.517484724521637,0.40929776430130005,0.33166635036468506,0.2806110382080078,0.2655446231365204,0.2380634844303131,0.24552758038043976,0.08944496687549207,0.06332948677380504,3737.956675461971,1811.236607820538,4354.279123299442,650.0405721933386,8343.34181500145,3173.5662963482855,0.06743266023781902,0.07956329779394714,20.68609515082621,7.810895146007225,15.808604798600832,6.303030872354776,18.007700522511126,4.628069118995048,21.903578503746594,5.091303216240138,18.22513238439535,4.160085862592041,18.962178775689353,3.187501338673792,32.7768966276485,3.617415498036225
vocals,80.0,85.0,-242.74978637695312,62.3918342590332,76.97865295410156,43.32281494140625,-0.38887664675712585,31.144338607788086,29.191247940063477,28.763765335083008,-14.368429183959961,28.89908218383789,9.483623504638672,13.95619010925293,-25.66564178466797,17.47336196899414,5.542777061462402,17.86302375793457,0.9691844582557678,11.383277893066406,2.658043384552002,12.580245018005371,-13.69858169555664,11.57925796508789,-4.7564473152160645,11.960892677307129,-14.449955940246582,9.9514741897583,0.37032219767570496,0.2655501365661621,0.24453283846378326,0.3309265971183777,0.35360077023506165,0.40555575489997864,0.3142492473125458,0.26756754517555237,0.23925930261611938,0.25455203652381897,0.2779587507247925,0.2625422179698944,0.12306549184979426,0.08055397308334981,3891.1504009420246,1817.7176617813586,4327.254340867345,592.5310166706083,8572.113362819025,2905.542012329622,0.07035441741589327,0.08728582650217984,16.350991520973988,8.252251475506572,18.74897902602962,7.444571617338608,20.127668367157916,5.959850176807795,22.61826796867629,6.116451103635055,20.592783602025964,5.5260675460557325,20.786969435164252,4.7327712397233626,34.78085941803892,3.840396840828102
vocals,82.5,87.5,-240.84140014648438,44.75111389160156,76.32585906982422,45.577842712402344,-6.081578731536865,23.970684051513672,27.551044464111328,28.965869903564453,-13.62680435180664,26.91567611694336,12.21517276763916,14.678304672241211,-30.234891891479492,12.360383033752441,1.342141032218933,14.937834739685059,5.1038923263549805,11.760114669799805,3.3914127349853516,13.123019218444824,-13.244100570678711,10.898235321044922,-4.396095275878906,12.537644386291504,-12.116630554199219,10.845771789550781,0.31670016050338745,0.18932485580444336,0.17592844367027283,0.24325619637966156,0.2630448043346405,0.3566931486129761,0.32242175936698914,0.3481544554233551,0.39418643712997437,0.4061718285083771,0.4488140940666199,0.36530250310897827,0.11274642990621157,0.0794440307711198,4073.548402759841,2112.2794635482887,4254.5770846915175,703.424667657797,8508.96262325986,3328.638698440874,0.07789955227668213,0.09807749267664202,15.525312916784383,7.369175929750501,20.75289873671371,6.765861402093341,20.477167542453945,5.950587557958153,21.463681674554373,6.321568024882751,20.179496115030354,5.68122484671699,20.706098337603144,4.932982560375034,34.746850838940276,3.5950058453334215
vocals,85.0,90.0,-229.0098419189453,59.30842590332031,100.57476806640625,42.53013229370117,-5.98586368560791,22.804534912109375,17.95393180847168,16.531780242919922,-24.96351432800293,18.75310707092285,12.246613502502441,13.90752124786377,-20.615215301513672,12.4017915725708,12.658063888549805,15.045000076293945,4.686058521270752,11.146807670593262,3.3481128215789795,10.70678424835205,-8.889668464660645,10.99198055267334,2.277895450592041,10.694311141967773,-11.224640846252441,10.017918586730957,0.42813640832901,0.2628728449344635,0.21330562233924866,0.2690238058567047,0.32795435190200806,0.42339301109313965,0.3782111406326294,0.3849019408226013,0.41081035137176514,0.4188805818557739,0.4069826304912567,0.3716273009777069,0.10341406922588631,0.06948934410859281,3773.289630900458,1940.5108184869696,4173.490775701236,725.2249466739981,7977.976816270301,3327.8136502743478,0.07065690255220418,0.08360956063541945,16.466352585704172,7.105671545074602,17.8405531806519,6.619112163120286,17.557521013590875,5.441099530961653,19.644387046776373,6.276697969017226,17.51797691605463,4.068928270888601,18.550228682294225,3.5958967092296654,33.56521717030005,3.413737514985983
vocals,87.5,92.5,-203.3856658935547,52.37173080444336,93.99153137207031,44.17047119140625,-3.944080114364624,24.155052185058594,23.215396881103516,16.55144691467285,-25.67580795288086,18.945560455322266,13.373180389404297,12.736679077148438,-19.056556701660156,14.362306594848633,8.463263511657715,17.405302047729492,-4.656368255615234,13.164798736572266,6.438513278961182,8.777531623840332,-9.060973167419434,11.744671821594238,4.181667327880859,9.637471199035645,-11.381805419921875,8.757918357849121,0.39441046118736267,0.2589370608329773,0.24000172317028046,0.2999151349067688,0.35310009121894836,0.39909103512763977,0.32672396302223206,0.32662099599838257,0.34670883417129517,0.38585165143013,0.35630518198013306,0.3263230323791504,0.13329044302705062,0.06224784056534844,3752.4705504160856,1707.8980879548556,4280.845459602553,685.3815057050674,8294.28008537558,3263.1786898837204,0.06341538573085846,0.07712164913450446,14.493804711684197,6.549901830998954,19.672991852079864,6.734973235065598,18.822994633564555,5.282493594655697,20.04807660730652,5.438854019733152,18.608983506322392,4.003527582636814,18.471955093483626,3.1316330992705192,34.35728799047084,3.473348674451182
vocals,90.0,95.0,-233.5040283203125,87.06928253173828,87.2714614868164,41.8967170715332,1.6904486417770386,25.512252807617188,26.409425735473633,18.441091537475586,-16.507375717163086,22.34064483642578,21.43338394165039,13.17061996459961,-19.76663589477539,14.93069076538086,7.3058576583862305,15.692774772644043,-5.838447093963623,12.02169418334961,6.417229652404785,10.172481536865234,-7.669059753417969,13.106099128723145,4.526052951812744,11.337074279785156,-10.047457695007324,8.537640571594238,0.23935674130916595,0.23757852613925934,0.33127737045288086,0.3910585343837738,0.47112902998924255,0.5014057755470276,0.3879607617855072,0.3543682098388672,0.3830742835998535,0.35318490862846375,0.3080645501613617,0.27519604563713074,0.11353532598286936,0.06614964014832811,4093.0163092850007,1731.6231459520845,4525.315721790532,648.4721610069643,9169.847103393271,3143.866801064596,0.0715870160237819,0.08433220197446045,16.201330003903898,7.252595121710999,18.923289422773603,6.508694221083602,18.009559190756825,5.454265616768657,18.36752817086811,4.668649038722991,18.324785112991357,3.837479755797476,18.40416307727091,3.1072826674251592,33.23988177756589,3.732753855582221
vocals,92.5,97.5,-266.5037841796875,97.23332977294922,93.13395690917969,36.729942321777344,5.075757026672363,24.046354293823242,13.01701545715332,21.73863410949707,-21.926677703857422,22.691444396972656,15.17941665649414,17.37027931213379,-21.072664260864258,13.090217590332031,14.499359130859375,16.680479049682617,0.6135578155517578,9.191469192504883,2.7196481227874756,9.990581512451172,-5.584973335266113,12.599544525146484,8.423583030700684,11.480958938598633,-10.804984092712402,8.284086227416992,0.35964757204055786,0.31776008009910583,0.3244307339191437,0.36312997341156006,0.4026090204715729,0.5423817038536072,0.4603272080421448,0.3904251456260681,0.3254929780960083,0.28307968378067017,0.3724319636821747,0.3331160843372345,0.08536119073663953,0.06240358330034692,4077.1323018337216,1795.3934300623623,4552.650363665051,696.2458404759828,9081.066356402262,3362.362257666624,0.07743619489559164,0.0826269373603082,17.54320179361422,6.996094263502934,17.50212550312776,6.601943148987345,18.114293982367556,6.355408842612905,19.277747641391457,6.2433228473094795,18.82125915770174,4.18282917286125,18.641230159059567,3.1626117469504416,32.06562810030609,3.618458485657912
vocals,95.0,100.0,-273.0966491699219,85.24613952636719,88.82246398925781,39.51751708984375,3.104495048522949,26.072147369384766,6.06790828704834,20.728078842163086,-33.37654113769531,23.448486328125,0.6742098927497864,18.312040328979492,-25.25657081604004,13.16163444519043,7.274908065795898,17.341148376464844,2.7130746841430664,11.75759220123291,-1.5393495559692383,9.256536483764648,-10.961873054504395,11.469077110290527,4.1787519454956055,12.492826461791992,-14.112322807312012,6.66555643081665,0.4661436378955841,0.34379687905311584,0.28419846296310425,0.3345489799976349,0.3293989598751068,0.38959506154060364,0.29614439606666565,0.29820990562438965,0.21768781542778015,0.19099417328834534,0.3980788588523865,0.3560253977775574,0.08751429821982583,0.06019062173320275,3801.244044032704,2041.8742173035864,4248.118456409033,822.7181477548647,8132.45631525522,3717.8761530986244,0.07703174847737819,0.08931835191732193,14.902482601905662,7.187989425154962,20.395183071369647,7.1229515635946825,21.308594137336247,6.42894326117445,22.948780779703178,6.556563252179183,20.445957092222265,5.025911712782348,19.921438077204083,3.9281670927354533,32.05546170803626,4.10785797138624
vocals,97.5,102.5,-272.25372314453125,87.81261444091797,107.2906723022461,37.87433624267578,2.8438384532928467,27.594053268432617,2.37491774559021,19.007360458374023,-39.744529724121094,24.20945930480957,-8.237197875976562,16.56869888305664,-29.093460083007812,13.826330184936523,12.293039321899414,18.83851432800293,6.723174095153809,10.636627197265625,-7.739604473114014,10.405546188354492,-8.179793357849121,11.694774627685547,4.775546550750732,11.31939697265625,-17.409608840942383,7.428875923156738,0.38337385654449463,0.25751733779907227,0.32734692096710205,0.413185715675354,0.3353009521961212,0.26510727405548096,0.2816077768802643,0.35978662967681885,0.3354654014110565,0.27384841442108154,0.29527029395103455,0.26859384775161743,0.10032703175604897,0.0619042714985481,3000.0053385583246,1622.7141118790216,3821.2208567961834,715.9557718799322,6474.299752573956,3206.1681810787054,0.05554510767111369,0.06665323597685881,16.177329462005247,7.542594536632196,21.849673642215123,5.576120935699304,22.042555650705317,6.449076946387648,24.46562970618897,5.804964686717841,19.541550061893503,4.622129661368298,21.37277719297156,3.9718328459270444,31.716223014529714,3.7516560698352417
vocals,100.0,105.0,-276.5920104980469,133.38478088378906,108.6264877319336,35.96674346923828,-14.295528411865234,38.727054595947266,4.670763969421387,19.899452209472656,-25.20648765563965,25.719621658325195,-12.718417167663574,10.700162887573242,-32.01810073852539,17.535907745361328,6.87178373336792,22.216861724853516,-5.926255702972412,18.257286071777344,-11.813587188720703,9.678829193115234,-4.265336990356445,10.858675956726074,2.8903486728668213,12.55992317199707,-15.606142044067383,10.575913429260254,0.3093155026435852,0.28078967332839966,0.28019359707832336,0.3052511513233185,0.34385058283805847,0.274407297372818,0.2860620319843292,0.3770388662815094,0.4321850538253784,0.3880288898944855,0.2563176453113556,0.24582728743553162,0.10989612257802263,0.0803667149518916,2873.1555419101596,947.8577482355207,3702.2298843394474,864.0766001699155,5902.745590741009,2439.6777155648933,0.05954878734048724,0.03748863031933459,14.908994688099154,6.49809114987027,19.382945762399252,6.779517448308438,20.23969490873661,5.871075828191337,22.264279578858396,5.39845986489987,18.822763662077396,4.357659365118342,21.87774298627549,4.038337722670776,29.99268471179839,3.675426984370455
vocals,102.5,107.5,-232.79486083984375,132.517333984375,108.52107238769531,44.31478500366211,-33.100067138671875,36.270225524902344,18.92125701904297,26.079147338867188,-6.187140941619873,18.985074996948242,-6.611955165863037,16.13300132751465,-34.80630111694336,18.619855880737305,-4.587337970733643,13.137908935546875,-19.837385177612305,14.819416046142578,-11.30463981628418,11.321361541748047,-12.460871696472168,12.858181953430176,-9.254983901977539,12.703054428100586,-12.234475135803223,11.196117401123047,0.3208802342414856,0.2809196710586548,0.2748521566390991,0.2962905764579773,0.35345906019210815,0.3029036819934845,0.3081578314304352,0.3033685088157654,0.3078530430793762,0.2997913062572479,0.2943320870399475,0.3168500065803528,0.1411631290252286,0.08955678576811076,3071.5967241703584,1284.8554125812952,3548.9821565682682,1058.3427180646343,5977.537249854989,2833.235018196661,0.07005079937645012,0.05110811462469946,13.642422126592452,6.228573646633209,16.9098065898655,6.582898150195812,19.1734100098917,5.173933809053615,20.335768914151256,5.157578828256031,19.44483268509108,4.387365144332554,21.450118605385196,4.284773542479013,30.578371528598804,4.560155325142308
vocals,105.0,110.0,-168.90679931640625,43.0521240234375,131.49624633789062,44.80866622924805,-26.532949447631836,28.89150619506836,29.838104248046875,30.612016677856445,-14.742730140686035,24.591876983642578,4.2052483558654785,18.828794479370117,-26.98851203918457,16.736656188964844,7.2392168045043945,15.439910888671875,-11.702649116516113,15.573517799377441,-11.348435401916504,12.060127258300781,-11.534660339355469,11.457568168640137,-10.701414108276367,11.178049087524414,-12.614032745361328,9.455770492553711,0.3545709252357483,0.2419099360704422,0.2583790123462677,0.3300221860408783,0.3075508773326874,0.30651330947875977,0.30953824520111084,0.30056607723236084,0.2589179277420044,0.30598899722099304,0.405566930770874,0.3425036668777466,0.19210094955950768,0.07289253933264374,2809.2513622496185,1633.4750465200143,3196.183914720516,875.643587684785,5264.843183548433,3155.9139997824873,0.0625781703161253,0.06779109523980446,14.67570300670788,6.549709430213382,17.33727184692674,5.354511732748552,19.51772691969465,4.77028438589629,20.886255154158288,4.928187791839234,19.168253631733062,4.018960604091869,20.544929038180996,3.8862163743771907,32.44448278794618,4.715104841152183
vocals,107.5,112.5,-177.95640563964844,61.30915832519531,133.98411560058594,42.32136154174805,-22.013525009155273,25.455852508544922,29.705081939697266,26.40042495727539,-18.870685577392578,20.630615234375,4.747803688049316,21.014188766479492,-19.272096633911133,18.494213104248047,10.429685592651367,13.101957321166992,-3.1794354915618896,10.610074996948242,-6.615637302398682,13.681591987609863,-5.372902870178223,9.076288223266602,-1.1705365180969238,11.73884391784668,-9.178865432739258,8.65047550201416,0.27893632650375366,0.1783236563205719,0.18301798403263092,0.2518276274204254,0.2546835243701935,0.2936665713787079,0.3076348900794983,0.3224482238292694,0.347145676612854,0.4248581528663635,0.4297711253166199,0.2878996431827545,0.17803285742316854,0.08247698462339857,2792.7615098150504,1605.1196561303955,3198.203526977577,873.6078332124844,5242.3107598607885,3158.1486021819546,0.06303359737529002,0.06635372536380695,14.814815445013688,6.568238202152473,15.234803521008534,5.726519536166119,18.05786099987987,5.28003308178365,21.76242698032523,5.26666810551071,18.446553597787187,3.7350156981055314,19.793096437877598,3.698260997676439,32.586626583306945,4.508442370923667
vocals,110.0,115.0,-186.34130859375,61.29917526245117,122.28601837158203,30.878786087036133,-33.3939323425293,27.409223556518555,14.254828453063965,22.51398277282715,-16.22640609741211,17.77935791015625,-4.479762077331543,19.291757583618164,-29.170673370361328,21.356721878051758,0.5584368705749512,11.408668518066406,-11.737039566040039,14.353560447692871,-7.151639461517334,13.761587142944336,-14.517373085021973,14.123268127441406,0.13742482662200928,11.145875930786133,-8.954507827758789,9.21442699432373,0.18267443776130676,0.1820862591266632,0.23709747195243835,0.28333231806755066,0.2749379575252533,0.2837260365486145,0.2688359320163727,0.30690997838974,0.3267917037010193,0.4143295884132385,0.4249691665172577,0.24705655872821808,0.1423840714108605,0.07585944321806624,2920.726354394741,1167.2494726480954,3469.6325495865644,845.9827082628739,5684.216053690545,2744.374033459681,0.05994643633990719,0.042346648715761985,14.041091365623995,5.7566742855400275,13.529349971118352,5.407406827661094,17.881935921421142,5.1562924579808245,20.646951082660753,5.545566664762091,19.11370899705824,4.256542804077661,20.249280116087,3.8739952420514845,32.63629798644556,4.134514264058634
vocals,112.5,117.5,-177.8326873779297,50.39884567260742,118.35118103027344,34.307655334472656,-45.18606185913086,26.257707595825195,9.790454864501953,25.087987899780273,-11.572707176208496,20.840290069580078,-1.4355474710464478,16.386972427368164,-31.659828186035156,16.986005783081055,-1.6836529970169067,14.416590690612793,-22.06427574157715,11.718559265136719,-14.04551887512207,11.128643035888672,-20.665517807006836,10.583086013793945,-6.367980480194092,10.518876075744629,-13.180686950683594,9.478318214416504,0.23409083485603333,0.24122339487075806,0.3258061707019806,0.3884962797164917,0.3155660629272461,0.30727872252464294,0.22622472047805786,0.2828077971935272,0.28672710061073303,0.3270304799079895,0.37703990936279297,0.26496422290802,0.15369145214134122,0.07155726243951084,2875.1319684898135,992.2509675929444,3376.821575938441,717.425554565052,5380.752768815255,2374.822434945592,0.05894721577726218,0.033561587686066464,13.403299297442505,5.346641356625259,14.98239871649536,6.125346255822598,19.15242731187126,5.323256970516262,19.41074135451294,4.852689155353824,19.571269859287526,4.473505379693287,21.001212256509017,3.886917874131564,32.022186213460095,4.364125192388694
vocals,115.0,120.0,-196.62376403808594,61.38337326049805,136.18516540527344,40.16388702392578,-30.019758224487305,30.011947631835938,14.548600196838379,26.131189346313477,-13.641214370727539,22.511987686157227,-1.5610051155090332,17.8195858001709,-25.77522087097168,14.791102409362793,3.4339120388031006,17.54231071472168,-16.553659439086914,13.0408296585083,-17.727413177490234,11.122642517089844,-15.188681602478027,10.164791107177734,-7.4661126136779785,10.607331275939941,-18.00520133972168,10.29582691192627,0.22887656092643738,0.19877168536186218,0.2911265790462494,0.4086044430732727,0.3102186918258667,0.26369529962539673,0.20897366106510162,0.2860964238643646,0.3900810778141022,0.40215030312538147,0.39123886823654175,0.2720170021057129,0.1659185735556338,0.0758757081849683,2427.490866648949,1128.3477171479565,3030.0792967475045,744.6415278687173,4413.6571472592805,2398.306308903329,0.049955363616589324,0.03588429573698945,14.369874773324922,5.795823022155706,16.561161179784385,5.728856247803878,18.77445915067046,5.329819073906094,20.92424123648723,5.561430936977642,19.105377950792267,4.072501565675174,21.591808600048747,3.8262113686964683,30.50512922935603,4.484802084350895
vocals,117.5,122.5,-200.9610595703125,61.65528106689453,140.61676025390625,46.8856315612793,-17.168310165405273,23.180219650268555,17.93804359436035,27.994783401489258,-22.888551712036133,21.984756469726562,-3.315793514251709,16.133527755737305,-23.18758201599121,13.698416709899902,4.343933582305908,14.407323837280273,-9.833786964416504,13.058226585388184,-21.66289710998535,11.016221046447754,-18.520299911499023,13.157458305358887,-9.53435230255127,12.804574012756348,-17.775434494018555,10.52296257019043,0.29802900552749634,0.22793519496917725,0.2227923721075058,0.33669182658195496,0.27225300669670105,0.17449951171875,0.205072820186615,0.3128025233745575,0.4302979111671448,0.422648549079895,0.39858272671699524,0.30813637375831604,0.17308510700564858,0.08145275356973349,2422.1789720393863,1529.08525155365,2976.3041214205177,823.7105045165323,4382.931114957946,2982.3441608311523,0.05210221505220418,0.05285908593241915,15.506243897324328,5.971084576721045,15.683219189155732,5.700463667208717,19.05971208498024,5.088800778787896,21.064985728688725,5.363848686668875,19.507362938806924,4.366557347805131,21.734069761290698,4.248076682625143,31.221427000714062,4.528682620074591
vocals,120.0,125.0,-180.6534881591797,62.36104202270508,131.65431213378906,49.49778747558594,-18.197154998779297,24.32910919189453,18.23625373840332,28.922428131103516,-18.115257263183594,21.170238494873047,8.656996726989746,19.347143173217773,-23.2562313079834,15.850152969360352,3.1327145099639893,11.291350364685059,-12.69867992401123,14.294062614440918,-22.36271095275879,11.69833755493164,-19.809629440307617,13.329136848449707,-7.088414669036865,15.362472534179688,-14.53986644744873,11.486333847045898,0.37266334891319275,0.32732954621315,0.2095133662223816,0.2572404444217682,0.24559122323989868,0.2222936451435089,0.2555493414402008,0.3131222724914551,0.43156760931015015,0.39469870924949646,0.3152792453765869,0.2848755717277527,0.18487750682677304,0.08761891106774283,2673.298043072237,1668.8602851718695,3113.252336546568,850.1119428497766,4958.132431844548,3341.1163155804497,0.060386002755220415,0.06087283654418041,16.668848671336278,6.77819060761427,15.175044658878381,5.758370888031844,19.82997776188414,4.964110229902656,19.838854808143264,4.955879791197149,20.21901970024834,4.561327471423324,21.93145005935337,4.174153488885239,33.19548417036714,5.274931771821689
vocals,122.5,127.5,-155.6120147705078,65.55221557617188,127.03785705566406,45.42341613769531,-19.533910751342773,26.39565658569336,16.554237365722656,25.971155166625977,-21.045351028442383,20.03924560546875,13.876001358032227,18.12873649597168,-24.473453521728516,16.206375122070312,4.7696638107299805,11.667786598205566,-19.661624908447266,14.0717134475708,-16.109455108642578,12.872958183288574,-15.258965492248535,12.400968551635742,1.7632919549942017,11.77933120727539,-14.009260177612305,11.275568962097168,0.3487504720687866,0.30205583572387695,0.28972306847572327,0.3419370651245117,0.3026183843612671,0.335969477891922,0.30980443954467773,0.31356266140937805,0.38130006194114685,0.35048115253448486,0.369728684425354,0.2886750400066376,0.17886953492348542,0.08560948408586286,3067.3342947580877,1714.4633274940413,3414.2291418731816,887.49028406149,5900.697188587587,3530.5897276783567,0.07219311919953596,0.061564920571937826,15.98410578600022,7.026184749364699,14.444473707378007,4.963657296114776,18.406309606569224,5.079041782098183,19.254133415367157,4.965153519086778,19.788998964885632,4.14439321517745,21.760949522033695,4.62171128356972,34.3344094520704,4.7761837246422605
vocals,125.0,130.0,-117.52641296386719,49.706703186035156,125.2850112915039,36.40982437133789,-44.59581756591797,29.47544288635254,13.601798057556152,20.40741539001465,-32.96562957763672,15.676786422729492,5.931268692016602,14.669059753417969,-24.33987045288086,12.650444984436035,8.422085762023926,11.674829483032227,-17.23252296447754,13.343494415283203,-2.2178614139556885,12.446978569030762,-12.687694549560547,10.352877616882324,4.9927077293396,7.689581871032715,-8.428141593933105,12.65449333190918,0.2511489987373352,0.2491758167743683,0.3057428002357483,0.3439103662967682,0.33329901099205017,0.3366090953350067,0.3435381352901459,0.3974343240261078,0.3672880530357361,0.28861361742019653,0.3292519152164459,0.2609199583530426,0.18753366616582648,0.06636262197123395,3227.975774210155,1350.4002712173217,3470.7040796178835,662.2252120932524,6220.647612746519,2675.717310706394,0.07327390878770301,0.05027624289400319,12.586580977921212,5.206002730227949,14.202547943748788,4.915018028734073,17.672074777340978,4.784552418399905,18.439895099932805,4.9144048916916425,18.00632931184201,3.94879855329569,19.783580179867037,4.679647298543961,34.16430257627902,3.703891050893686
vocals,127.5,132.5,-130.42787170410156,49.0646858215332,110.71050262451172,29.47032928466797,-58.35746383666992,18.517152786254883,22.266508102416992,21.421571731567383,-30.31058692932129,19.872039794921875,4.752047061920166,17.53412628173828,-27.104164123535156,13.154746055603027,2.400026798248291,14.576294898986816,-13.035451889038086,11.696099281311035,-1.1851361989974976,13.389134407043457,-13.605915069580078,8.979541778564453,4.989095687866211,8.983870506286621,-3.0189120769500732,12.819169044494629,0.1848466396331787,0.1603003740310669,0.20322097837924957,0.2638736069202423,0.3085762560367584,0.33418843150138855,0.3523162603378296,0.45907577872276306,0.4406662583351135,0.2527526617050171,0.1683180034160614,0.17845465242862701,0.18656649434476608,0.06630437215107056,3295.1990721933275,1033.1460879712492,3360.2088424093868,447.34054507331416,6274.9052892981435,1796.7512047070447,0.07451557062064965,0.04916845674717004,11.07472257108347,4.201344744906312,15.591491414066883,5.784495598163024,19.90173279940313,5.306239035812342,19.98708875546054,5.5469446494850585,20.13772120419168,5.395165001497412,19.662863685790516,4.5338489353921005,34.44640621507108,3.15167402811978
vocals,130.0,135.0,-173.677490234375,46.134117126464844,103.29861450195312,29.4318904876709,-59.3953742980957,24.647233963012695,20.334901809692383,29.904876708984375,-22.49813461303711,20.30099868774414,1.5160762071609497,21.939577102661133,-24.063955307006836,13.408278465270996,-4.92196798324585,16.24353790283203,-17.248615264892578,12.128412246704102,-17.173856735229492,14.810317993164062,-11.573586463928223,10.491994857788086,2.5696587562561035,9.355334281921387,-10.135834693908691,13.668415069580078,0.15443165600299835,0.14232774078845978,0.2127857804298401,0.3255769610404968,0.3021216094493866,0.2998186945915222,0.33419710397720337,0.43276581168174744,0.48626431822776794,0.26573446393013,0.13917846977710724,0.13905952870845795,0.17579564174719312,0.07186461806113989,3087.913319196299,1178.5343369978373,3129.822921741092,666.3347257313834,5675.5228347955335,2149.090852680061,0.0736273745649652,0.05091930803151682,9.869279570847977,3.9488137947407576,18.032606418623995,6.572575313120712,22.541126797046804,5.73098049991885,23.472028342686375,5.157135362034062,23.63789161808377,4.566398574421226,23.663240405124927,5.280466568557915,34.695510492567585,3.597482443145591
vocals,132.5,137.5,-207.99440002441406,56.91636657714844,115.33882141113281,30.043458938598633,-50.06822204589844,31.88463592529297,1.913962960243225,32.40011978149414,-11.08877182006836,25.45178985595703,0.5717189908027649,22.652088165283203,-27.21575927734375,15.494460105895996,-9.106236457824707,18.56768226623535,-18.181602478027344,10.5956449508667,-22.641033172607422,11.770063400268555,-15.137238502502441,13.438875198364258,-3.5029401779174805,10.355631828308105,-15.117955207824707,9.795812606811523,0.1690981090068817,0.20387127995491028,0.27044662833213806,0.3729974925518036,0.3218059539794922,0.20221933722496033,0.22074146568775177,0.30543458461761475,0.3776122033596039,0.33523133397102356,0.18752619624137878,0.1481049805879593,0.18070220755382924,0.08835551817776416,2551.3648531235986,1035.6388565142229,3031.3603938456513,861.367047124173,4624.292841864849,2347.2455148340846,0.053350674303944315,0.03605594879887674,9.326420065601923,4.122202432537865,20.696607332562866,5.867708134447878,23.526298181312445,5.544877904983629,23.991470450250404,5.128415350102149,22.980604666599874,4.464395647194739,24.308244927097178,5.142260795286282,34.154161661824965,3.7228772328045765
vocals,135.0,140.0,-218.8368682861328,59.37582778930664,116.67671203613281,34.57071304321289,-28.163101196289062,31.700225830078125,-3.6065011024475098,30.922937393188477,-1.7742416858673096,27.755260467529297,10.987140655517578,20.88295555114746,-33.1934700012207,15.217818260192871,-14.915390968322754,19.851720809936523,-13.056282997131348,11.463288307189941,-19.67396354675293,13.768460273742676,-23.36627960205078,12.460070610046387,-4.956727027893066,10.25839614868164,-11.90597152709961,11.83895206451416,0.2915946841239929,0.32227542996406555,0.38977715373039246,0.3733229637145996,0.24534082412719727,0.1785111278295517,0.22400620579719543,0.2608674168586731,0.26283934712409973,0.24564094841480255,0.2339266538619995,0.2656565308570862,0.191513306156596,0.10951046181195609,2587.138122028254,1428.2935747641839,3254.7702718931205,959.3915228228326,4661.214041654583,3129.1286380183496,0.05232879567865429,0.05463939436543119,10.507862482105182,5.018695673454315,20.866310827348702,5.684166952106243,21.53950652420271,5.866232750952701,22.812427797072548,5.64336744724861,21.91037936915652,4.622876024082691,24.04926802707,5.908864450649064,33.52470098373587,3.749177513220374
vocals,137.5,142.5,-242.02037048339844,76.62371826171875,103.01742553710938,39.00541687011719,-17.530344009399414,32.12232208251953,-7.333167552947998,27.640132904052734,-13.786579132080078,27.35403823852539,8.542105674743652,22.481666564941406,-27.833911895751953,15.66793155670166,-9.166803359985352,21.812700271606445,-12.311549186706543,11.921127319335938,-19.260231018066406,13.85032844543457,-19.365053176879883,14.543768882751465,-0.6437845230102539,8.746477127075195,-15.070873260498047,11.762075424194336,0.3076157569885254,0.35633018612861633,0.36432865262031555,0.4312828481197357,0.324614554643631,0.2391950488090515,0.2584408223628998,0.257722944021225,0.33637744188308716,0.23970839381217957,0.2184029221534729,0.2524917721748352,0.1568201559686519,0.12258963437853297,2983.8956977277107,1617.4265585947062,3642.210644324297,1009.6494824727582,5888.156970526392,3803.8046352786914,0.06049702726218097,0.05746190256652238,10.502658506034308,4.631955569471927,20.33795004106139,6.446478114751362,20.47212272101779,6.098254355623,21.76956174864294,6.26858586873424,21.95446817376852,4.891414633868489,23.663131028508868,5.647691964354696,33.63701201936029,3.8282155664439133
vocals,140.0,145.0,-279.67633056640625,58.904571533203125,78.92301940917969,27.29896354675293,-19.98716163635254,23.578420639038086,-3.7525393962860107,20.360624313354492,-29.973220825195312,19.28849220275879,-6.708547115325928,20.168989181518555,-21.936805725097656,12.15534496307373,6.2874040603637695,18.050474166870117,-9.987436294555664,11.482791900634766,-26.291826248168945,12.758939743041992,-8.697763442993164,12.28912353515625,1.0744401216506958,7.002590179443359,-24.03892707824707,9.337246894836426,0.13289774954319,0.1933085024356842,0.2879599928855896,0.6185964345932007,0.24861417710781097,0.13010470569133759,0.16948385536670685,0.2699708640575409,0.45339328050613403,0.1728232055902481,0.0836760550737381,0.09386882185935974,0.12383883789812675,0.08138499879831061,2943.1213635074105,1191.574373973843,3663.868149868104,789.7609553016497,5911.538731692285,3067.601580339132,0.05827653712296984,0.03605030800376821,11.294517062735673,4.145885587553578,18.46605160211748,5.378490299764983,25.76395240650525,7.144916140207543,28.781093873975816,9.111210441877434,24.66045070065327,5.0033725680668475,26.359141459235865,5.43069859739761,35.06743131105042,3.3774686791095725
vocals,142.5,147.5,-370.8427429199219,100.16578674316406,87.81417083740234,18.766151428222656,-0.23020024597644806,40.76978302001953,1.8037755489349365,11.208823204040527,-41.433719635009766,15.414815902709961,-17.11821937561035,10.98997974395752,-21.388084411621094,8.794583320617676,13.845184326171875,12.184210777282715,-8.807483673095703,6.824401378631592,-24.462512969970703,11.587697982788086,-10.978218078613281,8.341523170471191,-1.4690431356430054,12.405423164367676,-25.723798751831055,10.427105903625488,0.011682179756462574,0.0362854078412056,0.22510679066181183,0.582871675491333,0.2090848684310913,0.034705501049757004,0.10224365442991257,0.3132905662059784,0.5116839408874512,0.23762314021587372,0.08264300227165222,0.03958674520254135,0.08137898215145659,0.06344509982792434,2402.766224576752,747.1822462278718,3552.196091648767,690.7063625601219,4502.687699390951,2769.048229836637,0.04322818481728538,0.015115184250104758,11.104962948073945,4.142818043657554,17.33596039304021,5.930140898272062,26.64176461415383,6.349874875776383,30.38065333607583,6.994788924118626,23.637417458745947,4.852533467731022,25.836212008796075,5.373925093128011,31.78180112263058,5.316526113938124
vocals,145.0,150.0,-492.8784484863281,78.77466583251953,150.95074462890625,34.682945251464844,34.135746002197266,26.814998626708984,-13.742137908935547,11.805359840393066,-48.82188034057617,15.947000503540039,-33.978633880615234,14.951495170593262,-20.128204345703125,9.999696731567383,13.306026458740234,9.363931655883789,-15.986063003540039,8.891292572021484,-32.16886520385742,14.256614685058594,-17.643857955932617,11.384695053100586,-11.106060028076172,16.372909545898438,-15.040300369262695,13.626731872558594,0.21844454109668732,0.17812667787075043,0.2763345539569855,0.41627082228660583,0.2671826481819153,0.14641693234443665,0.12120088934898376,0.2195240557193756,0.28437015414237976,0.18436604738235474,0.17923462390899658,0.13539057970046997,0.025173778299689552,0.01762269243419242,1692.3524903526334,950.2213785061413,2807.8642242240426,1213.6106137835654,2795.519368111949,3105.8032277344073,0.03375598172853828,0.01262114038208218,9.34940108705089,3.5270439874888573,20.16659768839988,6.6393905394510755,23.476457002984752,5.996770997470778,25.747556636020256,4.711208706645859,19.838647071348905,3.4371905320082856,21.995078927994648,3.128656960335153,26.719238839238308,3.4858337942705284
vocals,147.5,152.5,-529.3125610351562,37.85530471801758,174.99200439453125,19.29783821105957,47.21611785888672,24.236736297607422,-14.93785572052002,12.511361122131348,-50.557369232177734,11.043224334716797,-46.789390563964844,12.06415843963623,-16.95613670349121,8.087154388427734,7.792760372161865,7.921382904052734,-16.05231475830078,8.911130905151367,-34.89554214477539,12.276480674743652,-23.1397647857666,10.20567798614502,-22.690744400024414,12.848734855651855,-16.936511993408203,13.128894805908203,0.37422648072242737,0.41986510157585144,0.34020116925239563,0.42052942514419556,0.3736932575702667,0.35187599062919617,0.17907895147800446,0.04699072986841202,0.044613175094127655,0.07379890233278275,0.2193838655948639,0.17790088057518005,0.020114477452651325,0.010873963904730798,941.517755589305,264.33016858619516,1677.5214400098507,449.8440428424424,1115.8795633338168,337.01321791762626,0.027370939675174014,0.009409772978251834,9.719139764660774,3.88450467893052,22.6094559577082,4.0856360225181785,20.801044319491314,6.032952859712725,26.35377419055629,4.481086901853484,19.0774032348157,3.430256687202778,22.600168079317708,3.1311162312205547,24.347339343727953,2.290832726080631
vocals,150.0,155.0,-573.9295043945312,30.7419376373291,160.3931121826172,21.88602066040039,62.45001220703125,10.400313377380371,-9.244629859924316,9.940781593322754,-44.23395919799805,10.004514694213867,-44.538291931152344,10.588937759399414,-18.955873489379883,8.694403648376465,-2.8723158836364746,11.720022201538086,-12.335631370544434,7.523681163787842,-24.51666259765625,8.619254112243652,-27.81744384765625,6.501722812652588,-29.476951599121094,6.814370632171631,-24.108060836791992,6.894931316375732,0.21029487252235413,0.3040395975112915,0.27691614627838135,0.3268803060054779,0.3476257920265198,0.4095748960971832,0.3208664655685425,0.2254907786846161,0.1343708634376526,0.06935127824544907,0.2340262234210968,0.1627405285835266,0.014938911643222821,0.009243156134319683,738.8611345151983,147.4708453508645,1454.1357888477853,385.031216077027,918.5834632395591,205.32949279084437,0.021563678219257542,0.006160837855863893,10.336192741771375,3.4723096091439776,25.760395298607186,5.420643403232319,20.842980116149658,6.27136817492966,27.426483606317152,4.79067998988441,18.576537453957304,3.5417560582894922,19.832856757328805,3.878801008273048,21.337009982600392,2.720745218418509
vocals,152.5,157.5,-571.2916259765625,27.305723190307617,153.1646728515625,14.43050765991211,44.43815612792969,21.59690284729004,-16.829689025878906,10.816313743591309,-40.786651611328125,8.66134262084961,-47.8911018371582,12.059196472167969,-31.22859764099121,12.060263633728027,-10.447176933288574,7.66593599319458,-8.669583320617676,9.138263702392578,-19.162761688232422,8.34559154510498,-30.588973999023438,7.748178005218506,-33.34868621826172,7.964818954467773,-22.612422943115234,7.721884727478027,0.4433539807796478,0.24352578818798065,0.07888961583375931,0.13691717386245728,0.14929962158203125,0.1831691563129425,0.20068101584911346,0.33031684160232544,0.3111969530582428,0.09875404089689255,0.13506931066513062,0.17847198247909546,0.019959589267114993,0.010753768014523303,764.6819686099561,170.72867376288514,1307.8648663185784,355.2441617682876,904.4944533062645,201.78617885919513,0.02384874383700696,0.006487564816222259,11.42413934556259,3.472629656079123,24.01459236510326,8.01719386056041,26.595048511152022,6.285711926043415,29.951270241775337,5.107595519431797,20.911070233261036,4.943428606048663,20.31234512550504,4.961899085825474,20.996446915341693,2.4231116757500315
vocals,155.0,160.0,-593.4258422851562,49.05549621582031,144.16925048828125,37.087406158447266,24.902498245239258,13.944548606872559,-27.307886123657227,10.159550666809082,-41.4180908203125,10.231683731079102,-48.59008026123047,11.739941596984863,-32.501251220703125,13.080033302307129,-8.78754711151123,7.573195934295654,-4.3635687828063965,8.735540390014648,-15.292624473571777,9.618147850036621,-29.99704933166504,12.230502128601074,-33.011871337890625,11.199424743652344,-17.76121711730957,6.211647033691406,0.8846631646156311,0.3745800256729126,0.023183634504675865,0.010915822349488735,0.0048037683591246605,0.00450617540627718,0.03204146400094032,0.13873830437660217,0.23445788025856018,0.08213558048009872,0.020861437544226646,0.22840851545333862,0.016512469487436808,0.011018003913557659,1006.9332316288935,369.1223945081963,1676.6740238484867,828.5064534695667,1068.866235861369,333.1545436511671,0.029155262108468676,0.007941253703788743,14.12612869843638,4.512289238158688,17.439947145901517,7.07189866691343,28.461490383764815,5.750416222496132,30.75819456372079,4.570927364368665,22.827405482474738,5.063737640644443,22.055520749168505,5.185236244242824,21.000474586984463,2.464989464299727
vocals,157.5,162.5,-707.6480712890625,77.1462631225586,71.20884704589844,69.23350524902344,15.441506385803223,14.214324951171875,-16.17666244506836,19.05816650390625,-23.336374282836914,23.697385787963867,-21.488218307495117,20.315677642822266,-13.984095573425293,15.978299140930176,-4.388439178466797,7.8067731857299805,-1.1156140565872192,5.955013275146484,-6.4571099281311035,9.435762405395508,-14.594487190246582,17.783443450927734,-15.479290962219238,17.940853118896484,-7.671236515045166,8.863327980041504,0.7240460515022278,0.3292868733406067,0.07688365876674652,0.05378367006778717,0.10258493572473526,0.3444792628288269,0.06904327124357224,0.044646892696619034,0.06792682409286499,0.06004282087087631,0.06418988108634949,0.24717004597187042,0.004932348396302403,0.007774883832058356,5012.462014224421,4237.707352437175,5064.696798678829,3104.639506182253,10197.345607961137,9672.159948741075,0.025914026247099767,0.026947732193588148,18.57889640157797,3.9893505831735925,11.725052369445972,6.181311589733192,20.493457506941358,9.35395717692836,22.970274846199132,8.897704586284062,17.680576125337986,6.050362201166317,16.83779547021355,5.188919441959232,20.367534839612873,2.549448973717952
vocals,160.0,164.8180498866213,-1006.9501342773438,56.60459518432617,42.814598083496094,30.079843521118164,27.273088455200195,7.0624895095825195,6.999040126800537,10.650250434875488,2.8178999423980713,10.63976001739502,-1.852174162864685,9.465009689331055,5.747624397277832,6.977377891540527,1.7649786472320557,4.3784284591674805,4.7019500732421875,4.653825759887695,2.6623897552490234,4.39801549911499,1.8529374599456787,5.024759769439697,1.3074883222579956,6.203560829162598,3.351922035217285,4.997835636138916,0.2860783338546753,0.1658739149570465,0.10994745045900345,0.0961933583021164,0.4870668649673462,0.835625946521759,0.1122698113322258,0.0933745801448822,0.10149136930704117,0.10056907683610916,0.10665898025035858,0.1844276487827301,3.683140094364651e-05,4.80114092611539e-05,9753.452799999568,2094.871232781991,8177.751383888555,777.7461417489122,20459.344879518074,3792.3230565726158,0.01020448983433735,0.027722069428180108,21.05430241406439,3.7300462167222475,7.575741826523972,3.0012396074912973,11.642805834147293,4.388224691368002,13.8275288181508,4.776182825709427,12.52789098462323,2.256730325694928,13.468244293217543,1.611563852553647,21.77450582360169,1.6752537191937653
vocals,162.5,164.8180498866213,-1033.4603271484375,24.369384765625,25.535490036010742,9.626059532165527,26.744590759277344,6.390329837799072,14.302898406982422,6.498286247253418,7.57335090637207,4.894728660583496,3.179732084274292,4.580329895019531,8.535050392150879,4.497363567352295,2.7535932064056396,4.0851149559021,4.3203582763671875,4.406224727630615,3.085277795791626,3.9152324199676514,2.7770867347717285,3.926460027694702,3.8809173107147217,4.748756408691406,5.834097862243652,4.076501369476318,0.0917743667960167,0.08759662508964539,0.0883479043841362,0.09325443208217621,0.4151707589626312,1.0,0.13487355411052704,0.09323194622993469,0.09842143952846527,0.0954306572675705,0.08943477272987366,0.08484792709350586,2.225944518613687e-05,7.897630911924839e-07,10756.12131208939,149.23594571913958,8369.978503061073,279.557480211034,21813.673095703125,360.7273493546227,0.0,0.0,21.195508851399794,3.5035917311498315,7.096405208337606,2.7776572145053935,9.978150433458582,2.8136998620129505,11.668221837873308,3.0148648748972953,11.929680159953472,1.8148093670496337,13.170270065479963,1.5843191566348955,22.34034508202219,1.1605116544509433
no_vocals,0.0,5.0,-416.3222961425781,71.11957550048828,62.069705963134766,63.39393615722656,50.94014358520508,17.862335205078125,45.414634704589844,25.154325485229492,-16.82280921936035,26.524738311767578,14.126866340637207,10.619516372680664,-18.203020095825195,16.074920654296875,-2.7329673767089844,11.106792449951172,-12.485025405883789,12.634969711303711,-16.004457473754883,11.130216598510742,-21.967554092407227,12.134103775024414,-7.69967794418335,16.099180221557617,-19.479154586791992,15.086440086364746,0.2864995300769806,0.2310745120048523,0.4876905083656311,0.6174805164337158,0.2669459283351898,0.12819501757621765,0.19092731177806854,0.29172825813293457,0.3789128363132477,0.348864883184433,0.24445132911205292,0.19152170419692993,0.0330344583404849,0.03096157372298332,4585.194680516064,2815.361751473075,4476.503206206057,793.4653790804423,8737.784132105568,3916.1001336512413,0.11722601870649652,0.14690789020101544,12.805777449101134,3.9055242747344168,14.787756471435054,5.198015287383721,22.151168997990272,4.734351827885875,22.876532718407486,6.098449224427699,18.840591057318797,5.251457372544266,18.976631444726518,4.11284103595622,27.11936263452341,6.799828215355681
no_vocals,2.5,7.5,-376.4541015625,42.36680221557617,107.99434661865234,87.4347915649414,56.799713134765625,18.76837921142578,32.09353256225586,33.04119873046875,-32.048892974853516,16.549448013305664,4.7476630210876465,17.062482833862305,-18.77001190185547,12.32901668548584,-3.7657291889190674,11.172309875488281,-9.734954833984375,9.203513145446777,-21.85854148864746,10.671457290649414,-24.161300659179688,12.044510841369629,-11.063789367675781,16.844491958618164,-18.689929962158203,16.09003257751465,0.2621726989746094,0.28612861037254333,0.38843175768852234,0.5835362076759338,0.3563826382160187,0.1976855844259262,0.2210567742586136,0.30221816897392273,0.25730016827583313,0.21614743769168854,0.1764455884695053,0.14617519080638885,0.06214757453382292,0.034235197584868725,3297.353933581455,3176.4218109627654,3296.137130405844,1053.627781186065,5297.517695946925,5143.605583041128,0.09970907047563805,0.14713736378766865,14.257838165456148,6.24915492273455,14.694220805817974,3.8816200872588436,21.576732467066698,4.733433967389015,22.676309660775146,6.147404769422025,17.531698422807235,3.4600694472137823,19.00982685300736,3.3756304500747745,26.555804850666917,6.179955047675771
no_vocals,5.0,10.0,-412.5290832519531,45.031742095947266,190.7236785888672,19.679729461669922,61.57026672363281,17.816543579101562,8.37083911895752,13.795952796936035,-18.611650466918945,19.097694396972656,-7.9723944664001465,11.0567626953125,-13.62760066986084,12.454476356506348,-7.666941165924072,9.496135711669922,-5.5680036544799805,7.853739261627197,-16.901138305664062,11.675244331359863,-20.455495834350586,10.995516777038574,-18.55031394958496,9.91558837890625,-13.137751579284668,8.883736610412598,0.19687403738498688,0.17789722979068756,0.23481111228466034,0.48726439476013184,0.4018021523952484,0.27402621507644653,0.25523850321769714,0.48715776205062866,0.38366955518722534,0.12266937643289566,0.08836519718170166,0.11118753254413605,0.06371795169127513,0.025510223688536275,996.0607109265536,343.01058023110545,2333.7235256378185,491.94584264064207,977.587437463747,655.8558988032106,0.02163844982598608,0.007885061306011217,17.511480056641098,7.456260579711011,14.020906707539782,3.9471951798745595,21.37386991141486,4.01412261866613,25.15051432813389,5.041584838175123,18.031675572273734,3.408955652580581,16.792692713567863,2.7035245321490655,19.605203350215316,3.0113653173787256
no_vocals,7.5,12.5,-437.1539306640625,31.426156997680664,205.33779907226562,15.94796085357666,67.6811752319336,15.078211784362793,11.785757064819336,12.095617294311523,-6.127426624298096,9.199740409851074,-7.912723541259766,10.613922119140625,-10.596000671386719,10.092693328857422,-6.007381439208984,8.278993606567383,-3.5021464824676514,7.689976692199707,-9.319488525390625,7.099172592163086,-14.767645835876465,8.298757553100586,-16.91921043395996,8.851513862609863,-13.582826614379883,6.712813854217529,0.2888040244579315,0.26877090334892273,0.20605924725532532,0.24341142177581787,0.22862960398197174,0.19930213689804077,0.1987423449754715,0.502749502658844,0.6785406470298767,0.3670678436756134,0.10039498656988144,0.13219261169433594,0.05398084530433998,0.020822737904288353,901.7776753787264,294.20117806803034,2265.5557373240767,591.848918671271,850.8363090922273,297.1944766259481,0.0210969221287703,0.005918208758408094,19.02058739076533,5.767367497175902,13.000320846302223,3.67352942786326,22.157388130684005,4.4504883366318975,27.106695127186658,5.293967542484292,17.63436142178131,3.2916125875620272,16.40238100484776,2.1054667874785613,18.24048304528055,1.701279791733546
no_vocals,10.0,15.0,-383.3285827636719,60.75223159790039,201.7157745361328,18.56825828552246,52.60894012451172,26.68617057800293,11.153188705444336,12.853280067443848,-9.684579849243164,10.722929954528809,-0.18229912221431732,12.833292961120605,-10.10649299621582,10.323060989379883,-1.957474946975708,9.035284996032715,-1.7383558750152588,7.547371864318848,-10.584006309509277,7.241269588470459,-17.685611724853516,8.92638874053955,-17.65323257446289,9.308685302734375,-12.108381271362305,7.990365982055664,0.45437175035476685,0.4269583821296692,0.23190413415431976,0.2923203110694885,0.15662768483161926,0.09157674014568329,0.14522938430309296,0.3675687909126282,0.47470659017562866,0.2525465786457062,0.13460741937160492,0.224124476313591,0.06742294684696398,0.030588356521746064,1029.8366530481844,323.9239577095384,2263.0218673343707,598.9439529109686,1099.192579937645,443.1810960327626,0.027017473897911832,0.009276227311859578,17.486916914032307,4.682093840446066,12.85008340085475,4.019840054531901,20.882493889971474,4.647565184769858,27.494887698264737,5.606491365618158,18.341089781411718,3.463918376363036,17.571343348576484,3.4576631162306826,20.09315854568051,3.1753056840932143
no_vocals,12.5,17.5,-310.10833740234375,53.77449417114258,203.58131408691406,17.468780517578125,21.994155883789062,27.100627899169922,7.505376815795898,16.006492614746094,-11.566073417663574,11.01756477355957,10.676949501037598,12.146293640136719,-9.508256912231445,10.216853141784668,5.486177444458008,8.121195793151855,1.8378478288650513,8.941058158874512,-12.249085426330566,9.057575225830078,-18.025163650512695,9.373973846435547,-18.845125198364258,9.530743598937988,-5.175334930419922,11.24439811706543,0.4042333662509918,0.5514906048774719,0.32433754205703735,0.49546828866004944,0.21974042057991028,0.1439146101474762,0.13837561011314392,0.2306589037179947,0.1783105581998825,0.10633771866559982,0.12559077143669128,0.1769501268863678,0.09148959609357912,0.02939181187546174,1161.1630626179713,258.16693200381343,2154.092813119856,308.29452161163886,1446.5716085411832,572.7051417939881,0.03455581133990719,0.010797768635577756,17.52095597875679,4.995692583647782,11.559151182447698,3.778031160899451,19.239676776722742,4.347293877400904,26.708944661634515,5.005807464164687,19.93474542273217,3.68686852861705,19.886012140364294,3.8772349792933687,22.806661399870816,3.238359755198859
no_vocals,15.0,20.0,-267.6292419433594,43.369625091552734,208.90151977539062,19.277938842773438,3.7667970657348633,19.89089012145996,10.41390609741211,17.1956844329834,-7.663025856018066,9.810270309448242,17.10845375061035,8.175326347351074,-10.835744857788086,9.890557289123535,6.2046332359313965,7.629751682281494,5.811437129974365,9.739327430725098,-6.145375728607178,9.630229949951172,-9.340753555297852,8.949873924255371,-14.1787748336792,8.779902458190918,0.16168369352817535,7.146668910980225,0.49226585030555725,0.4676022529602051,0.3539673089981079,0.6211938858032227,0.2859176993370056,0.1745348572731018,0.15318527817726135,0.2092975229024887,0.24532562494277954,0.16004744172096252,0.12761887907981873,0.172086700797081,0.10626438579018598,0.02293331901089971,1214.8676344980393,276.450888092537,2107.5176299877535,368.80108383558303,1703.6210982816126,753.8913239340189,0.03490587840777262,0.008891549076591163,19.36974629607775,4.609517724725122,11.292877144095037,3.627253896066697,18.071477254876978,4.647434535184763,24.99899431307366,4.421927491644184,20.51008302199892,3.2733230422192143,21.344198227092978,3.724546380176483,24.30524166650269,3.2656302137126363
no_vocals,17.5,22.5,-275.6038513183594,38.430171966552734,218.8760223388672,17.84718894958496,5.959554672241211,16.728166580200195,6.089843273162842,17.618152618408203,-0.8391580581665039,10.533001899719238,21.097932815551758,9.076104164123535,-12.175140380859375,8.921684265136719,4.810263633728027,7.222425937652588,8.542256355285645,8.040976524353027,-4.831072807312012,7.850663185119629,-6.50749397277832,8.294744491577148,-13.7295560836792,6.892422676086426,-2.887627124786377,6.853579521179199,0.6329613327980042,0.31129714846611023,0.2889921963214874,0.6372605562210083,0.36374902725219727,0.2106318324804306,0.22593151032924652,0.34932026267051697,0.3412189483642578,0.2293824851512909,0.25609666109085083,0.3108707070350647,0.09907324642392433,0.021329935948919132,1113.684523412451,240.4252821168618,2057.5252545299613,341.61907258193907,1608.395378661543,655.6559229661483,0.03042864522911833,0.00693888177027437,19.579353550639304,4.565278345202899,11.652563412717486,3.4559163493481058,17.927286996254878,4.112372453957139,23.751212795526328,4.278477075263012,20.9871210729484,3.106048423515058,21.569697556533853,3.6850578019010234,23.43622853436534,3.0585495676675216
no_vocals,20.0,25.0,-306.6612243652344,37.578887939453125,211.86793518066406,19.964807510375977,8.895736694335938,15.796472549438477,8.900540351867676,18.1348876953125,4.536620616912842,8.453095436096191,24.186603546142578,8.715852737426758,-8.175538063049316,9.118809700012207,4.403229713439941,9.011265754699707,7.144599437713623,8.175470352172852,-4.876967430114746,8.075368881225586,-5.855717658996582,7.849750518798828,-12.767538070678711,6.873527526855469,-2.1221702098846436,8.48983097076416,0.6270671486854553,0.43508315086364746,0.4190429449081421,0.6531608700752258,0.47981852293014526,0.357283353805542,0.2905189096927643,0.38133731484413147,0.41038909554481506,0.3119702637195587,0.3507353961467743,0.3823157548904419,0.07219843126470417,0.028592121897766054,1159.8813972827986,282.43389283213236,2262.3672683550276,346.79846818987573,1736.6453378770302,659.0702379222835,0.026882658425174014,0.01112410421359504,19.01834508000966,4.6797513371899,10.335501862965005,3.729352117863659,17.55015847267746,4.2247451353533165,21.2384187826551,4.613884387927068,22.35851942456805,3.8352164383829845,21.60823031205972,4.482241590041955,22.727277223586736,3.1957477199606115
no_vocals,22.5,27.5,-295.955078125,46.8099479675293,204.47108459472656,17.20016860961914,-1.03805673122406,20.89669418334961,17.597808837890625,15.200074195861816,6.811242580413818,9.307985305786133,25.032743453979492,9.164027214050293,-5.216813087463379,7.934539318084717,1.058131456375122,10.148616790771484,2.059321165084839,8.593504905700684,-1.3832712173461914,9.278411865234375,-1.0663005113601685,7.6056389808654785,-9.744099617004395,7.4765777587890625,-1.0870133638381958,8.073513984680176,0.6090840697288513,0.47298672795295715,0.44619154930114746,0.5595529079437256,0.491647869348526,0.41672980785369873,0.3451734483242035,0.4670867323875427,0.42684799432754517,0.3280751407146454,0.4402916133403778,0.45085757970809937,0.06872928057410463,0.028083109268580566,1258.6111275352425,341.22230475565345,2329.639438424269,307.65021973644315,2002.6378516531322,745.8736221321758,0.02757826094837587,0.014521332890634852,19.374204551496476,5.052478034596478,10.934311000200093,4.325923827181284,16.42971981825552,3.493433801616038,19.17130760329942,3.8321825696963847,22.23189648799079,3.7851177246146572,22.18011925582776,4.392207070852675,23.114038271497343,3.075692533453342
no_vocals,25.0,30.0,-285.82244873046875,44.86561965942383,206.48281860351562,20.19076156616211,-7.0658979415893555,22.456689834594727,12.699487686157227,14.783072471618652,8.972760200500488,10.952268600463867,27.0577335357666,10.227422714233398,-6.58534574508667,8.92965316772461,-0.5189984440803528,8.825063705444336,-2.7910308837890625,7.226202011108398,-3.8163704872131348,10.611058235168457,-1.2626959085464478,7.729495525360107,-9.137451171875,7.858467102050781,0.14983387291431427,7.543805122375488,0.45448192954063416,0.31582143902778625,0.31185096502304077,0.4371529519557953,0.4013082683086395,0.5103718638420105,0.4408552348613739,0.4935268759727478,0.5046156048774719,0.4127083718776703,0.47818702459335327,0.41519835591316223,0.07187878526315059,0.020094942648315777,1297.555357249432,414.7947871604113,2282.7943373992807,318.62364305441105,2097.413922020012,824.3303542062765,0.030574789733178655,0.01593704071199898,20.01931519378957,5.036283777524207,11.793079025190154,3.909594517284254,17.484973451176273,3.87992628730815,19.77716170917054,3.9893512311041257,22.667960497363755,3.7084866597757866,22.473345658863245,4.059940644127352,22.777460249200992,2.7654971203319123
no_vocals,27.5,32.5,-278.4069519042969,43.81718063354492,210.41062927246094,24.113950729370117,-2.05497145652771,22.966676712036133,6.122389793395996,15.767932891845703,6.083229064941406,11.968360900878906,22.02451515197754,10.313005447387695,0.042139749974012375,11.139005661010742,3.901637554168701,9.098040580749512,0.8309405446052551,8.740509033203125,-0.31808748841285706,10.654739379882812,-2.7119221687316895,6.257731914520264,-8.115310668945312,6.741235256195068,1.4580509662628174,6.864317417144775,0.3554815351963043,0.32765498757362366,0.40521445870399475,0.5002777576446533,0.4374645948410034,0.6341035962104797,0.47466155886650085,0.3822852075099945,0.5371177792549133,0.49491772055625916,0.5410335659980774,0.38888245820999146,0.0864782387481488,0.031149285134335562,1250.032527752935,431.0254020944669,2249.5054666005167,382.0517736277312,2019.724523274362,834.2185847971278,0.028393951203596286,0.01558705827455604,19.581703578674038,4.58468109323455,10.730892651469507,3.384966416563761,16.131415822185748,3.8572323174980694,19.690374067075762,3.6896390807313413,23.174446774015067,3.5382302097504166,22.358106081901724,4.60363670061144,22.42418729822943,3.336894994189434
no_vocals,30.0,35.0,-280.42291259765625,41.099761962890625,218.66549682617188,19.317277908325195,4.995168209075928,25.507949829101562,4.6778764724731445,15.144571304321289,10.918872833251953,13.678234100341797,12.370338439941406,8.02169418334961,1.8025033473968506,10.800209045410156,7.024666786193848,6.675381183624268,4.953707218170166,7.274405479431152,3.9537620544433594,7.193939685821533,-0.6193891763687134,5.964197158813477,-4.13932466506958,6.568212985992432,2.8733978271484375,6.294517517089844,0.4923885464668274,0.4425750970840454,0.4830535352230072,0.6225660443305969,0.4892722964286804,0.5101206302642822,0.4418919086456299,0.43549397587776184,0.531484067440033,0.5656911730766296,0.6479605436325073,0.4750022888183594,0.09656200731678795,0.030886358109730692,1096.080258831213,351.2559526542065,2176.364364728189,338.0686772986242,1756.0302167923435,775.1971704194822,0.022134661397911832,0.011726997335699157,19.867946588550005,4.499916270069044,11.361507696422157,3.4803685746365285,14.199939981922967,3.5504583698429935,18.723936166362662,3.5738238546144716,21.118758850610707,3.7573542890110327,21.50631048058799,4.2410546464749075,20.93605673931318,2.8087717038570648
no_vocals,32.5,37.5,-239.19822692871094,69.45082092285156,165.4868927001953,55.79442596435547,-8.393936157226562,27.977323532104492,30.168781280517578,32.31626892089844,3.620694398880005,19.94710922241211,9.718121528625488,10.742830276489258,-2.4070470333099365,10.266365051269531,4.1331915855407715,7.924222469329834,1.650028944015503,8.115598678588867,6.217890739440918,8.61622428894043,1.0936965942382812,5.782789707183838,2.1833391189575195,8.027249336242676,-0.9019336104393005,10.929067611694336,0.5059828758239746,0.34052836894989014,0.3635222017765045,0.5403782725334167,0.3856717050075531,0.39787557721138,0.3729805648326874,0.4288273751735687,0.554733395576477,0.5928939580917358,0.5689254999160767,0.3805178999900818,0.085956754729048,0.03506195106650444,2221.334051688838,1364.604032588857,2915.8887695669923,823.2268407920369,4273.466502320186,2921.0168366531407,0.049479544301044086,0.04237182432088234,18.774505675620684,5.773613596388218,13.939008729868558,4.4752179870448225,15.528530708206068,4.282428003660609,19.38181869418148,4.37179725299846,19.61690872492305,3.807592232235975,19.574856495765268,3.601412387463788,26.11518487135543,6.935508650444385
no_vocals,35.0,40.0,-193.2186279296875,45.20552444458008,125.72276306152344,32.50418472290039,-24.062475204467773,16.71027946472168,45.58670425415039,20.03534507751465,-12.251091003417969,10.869169235229492,16.2413272857666,12.743922233581543,-6.874567985534668,12.930376052856445,1.9491510391235352,10.2219820022583,-2.4281439781188965,9.219736099243164,9.580127716064453,8.70223331451416,-1.5398542881011963,8.876708030700684,3.315521240234375,7.761149883270264,-2.2389039993286133,10.949419975280762,0.3534030318260193,0.235849991440773,0.2803540825843811,0.6287739276885986,0.38088929653167725,0.36885836720466614,0.2838360369205475,0.2990274727344513,0.4391636252403259,0.3475530445575714,0.31146734952926636,0.20606088638305664,0.08834946777870373,0.03435276748623969,3033.3941033870096,1057.6051888642323,3485.6796599466606,598.158622656612,6149.40318662993,2187.1984625014024,0.0693427349187935,0.03776402294204104,18.29764952384165,5.459732154810031,15.679620669179458,4.296160668486799,16.603903327255075,3.8994499272514695,22.22452471631261,5.021257414187099,21.06973431519119,4.1365724669718675,19.98997964995946,3.56044228178012,31.24656763747476,3.262398864969792
no_vocals,37.5,42.5,-205.98756408691406,37.908409118652344,144.82081604003906,31.000181198120117,-28.28333854675293,19.129854202270508,34.98240280151367,11.37543773651123,-14.450068473815918,9.246919631958008,18.083332061767578,10.323317527770996,-13.859381675720215,11.80807876586914,-0.7423521876335144,10.530247688293457,-5.2484331130981445,8.728314399719238,10.623030662536621,9.121338844299316,-2.3779232501983643,11.684676170349121,3.7039430141448975,6.859080791473389,-1.0781118869781494,9.02022933959961,0.3578791320323944,0.24719281494617462,0.3042551875114441,0.6119866967201233,0.3721421957015991,0.43577438592910767,0.2333006113767624,0.187616765499115,0.36665046215057373,0.19317364692687988,0.2516091763973236,0.18543890118598938,0.0814520904487496,0.02611182020492827,2620.1924572819576,946.2648850558364,3212.385546977835,642.6791197347412,5269.039909911543,2135.5305396914305,0.06166051877900232,0.02799297508917753,18.843627708413102,4.8080502365137585,12.302353994143157,5.097684556000616,16.449599575302663,3.7233883753993258,23.35583499542625,3.970143514617555,23.070960621163252,4.5350414448688685,22.185658446125913,3.6710287665410903,30.91172769053997,2.949950424697389
no_vocals,40.0,45.0,-254.2001190185547,61.677974700927734,168.13243103027344,33.017669677734375,-14.669673919677734,26.8255672454834,21.71119499206543,17.778684616088867,-10.767202377319336,12.840895652770996,18.81620979309082,11.01485538482666,-6.199662685394287,15.637616157531738,2.163341999053955,11.907877922058105,-3.8219144344329834,8.958636283874512,7.620446681976318,12.183844566345215,-1.323919415473938,11.429988861083984,3.1292121410369873,7.584414482116699,0.6662046909332275,11.129344940185547,0.3409785032272339,0.2468944638967514,0.36233797669410706,0.5976800322532654,0.36905503273010254,0.4680393934249878,0.2712724208831787,0.2727748155593872,0.33786740899086,0.261592835187912,0.3782767057418823,0.24574871361255646,0.06769190576109006,0.021590415756820126,2063.158251851548,903.6404806315393,2907.7879703346216,612.4564890420896,3831.7610526029584,2220.5432095680476,0.04975257395591647,0.027286327284286125,19.957613566787906,4.945051097152438,11.704429971126572,4.975598608357074,17.398319741825794,4.208335170102331,22.323080451512556,3.944837196080256,22.89678498822338,4.079351268934935,23.302625310729535,4.02885822625279,28.286138479404176,5.001336131456724
no_vocals,42.5,47.5,-344.7444763183594,60.2819938659668,196.79689025878906,25.683496475219727,15.819971084594727,21.65373420715332,1.6023577451705933,14.597132682800293,-2.486039876937866,14.693548202514648,24.53152847290039,10.027629852294922,0.659538984298706,13.255139350891113,1.3294737339019775,12.594488143920898,-4.097123146057129,8.813105583190918,-2.8026041984558105,11.92269515991211,-2.4931740760803223,8.446112632751465,-1.25947904586792,7.227509498596191,1.8799235820770264,9.22683048248291,0.5045360326766968,0.3642331063747406,0.4337480366230011,0.678841769695282,0.36581894755363464,0.3411884307861328,0.24956628680229187,0.38522276282310486,0.37425661087036133,0.26497408747673035,0.2823522388935089,0.31899598240852356,0.04747912865737129,0.02132312476753176,1377.8496997239918,518.0453567732292,2655.8088228213524,514.7453306153465,2053.6980224042923,1345.3147399979725,0.030308557497099767,0.016374981246510642,19.42285826245901,5.199458566722259,12.676603735217416,4.403853157483542,19.124523820059146,4.076843559338376,21.72628964311836,3.8780774666835836,22.720025164132064,2.999639202847144,21.584866379734187,4.742793042359937,22.94724805321586,4.00661758575501
no_vocals,45.0,50.0,-425.3394775390625,51.52695083618164,197.7313690185547,21.607847213745117,30.659236907958984,21.6679744720459,-6.485908031463623,12.089093208312988,6.770115852355957,14.833059310913086,21.245378494262695,11.642287254333496,-0.6423550248146057,12.889613151550293,-3.4177255630493164,8.306496620178223,-2.3221938610076904,9.241108894348145,-9.591408729553223,5.707542419433594,-5.674874782562256,9.796711921691895,-3.176699638366699,6.359862327575684,-0.5015084743499756,5.878951549530029,0.5076655149459839,0.46705588698387146,0.3055996894836426,0.3380374014377594,0.224561870098114,0.3144044876098633,0.19134436547756195,0.25281766057014465,0.39417994022369385,0.25958988070487976,0.256445974111557,0.28776851296424866,0.026557031787689905,0.015068894235248723,1327.0288685490837,311.0679569808994,2810.923766549807,647.6345528551713,1767.6211753190255,709.5030250487962,0.02701067647911833,0.007852032205209417,16.284177645595996,5.150192392585568,10.117961253535835,3.683582551084299,20.940291148883635,4.252406629277125,22.550778603692713,4.799091448108479,24.798247361103304,4.208175834880202,19.986811140527475,5.968476471069097,19.86640325835093,2.704218849367751
no_vocals,47.5,52.5,-439.8050537109375,48.533180236816406,203.3058624267578,26.497671127319336,34.53312683105469,22.607860565185547,-4.696100234985352,17.75619888305664,14.52988338470459,12.229913711547852,21.50303077697754,11.120187759399414,0.3955070972442627,12.009739875793457,-2.2108259201049805,7.387502193450928,0.2070208340883255,8.738064765930176,-8.8641996383667,7.365081787109375,-6.421452522277832,9.561667442321777,-1.0525351762771606,7.1090168952941895,0.2646556496620178,6.6296281814575195,0.4210495948791504,0.3792528510093689,0.2720052897930145,0.32019513845443726,0.24446389079093933,0.288455069065094,0.26450860500335693,0.4372883141040802,0.5865620970726013,0.43838557600975037,0.37752509117126465,0.30717000365257263,0.028448367242867735,0.01496200520208053,1233.5382783369512,349.27006616315094,2771.2532108131927,697.9679218566273,1607.995690436485,773.9053309576499,0.023957502537703016,0.00957138814767854,17.523797785548638,5.692035846608679,11.723369189508109,4.8017477766308625,21.214344700812948,4.447457978179933,23.015068215711022,4.9603361891141535,24.626437445995883,4.859890864026314,19.439845990122684,5.828549493601779,18.879626991126834,2.0035411555846565
no_vocals,50.0,55.0,-423.23828125,34.641151428222656,206.18714904785156,23.244842529296875,36.7691535949707,17.283723831176758,-4.118191242218018,17.35862922668457,8.733572006225586,12.796121597290039,21.850717544555664,9.67616081237793,4.536779403686523,9.221878051757812,-0.12327713519334793,8.985910415649414,1.4794057607650757,7.469042778015137,-5.737578392028809,7.806985855102539,-1.5317343473434448,5.976346492767334,-0.6502382755279541,6.787875175476074,2.7979795932769775,7.478877544403076,0.4977036118507385,0.45047903060913086,0.45305752754211426,0.5451326966285706,0.31745532155036926,0.2500796318054199,0.2920447587966919,0.5357856750488281,0.6118332743644714,0.43389758467674255,0.40992337465286255,0.40328526496887207,0.029693806733019874,0.012842012225340845,1167.7367065520036,318.7887347489723,2738.602875317496,613.5113390452565,1412.3483042705916,612.1609689859939,0.022927693590487238,0.010799866387185818,17.988638352375624,5.887034592727042,12.947737381543682,4.511307324909194,19.798265527638996,4.152773003067611,22.828489273421393,4.187572363333158,22.206124988449858,4.50460734291838,17.464121183954138,3.3915254723465953,18.848765995284158,1.8155185955419681
no_vocals,52.5,57.5,-460.8455505371094,55.099735260009766,178.94728088378906,32.33157730102539,45.61909866333008,15.101407051086426,1.3820585012435913,14.662065505981445,4.625434398651123,9.711398124694824,18.599882125854492,9.052215576171875,10.655563354492188,7.638328552246094,4.420503616333008,7.549410820007324,3.839381456375122,5.78275728225708,-1.3502877950668335,6.866063594818115,-0.5364956855773926,5.918668746948242,-1.3242601156234741,6.145453453063965,2.685225248336792,7.098716735839844,0.47682058811187744,0.6573199033737183,0.6744849681854248,0.644046425819397,0.41981473565101624,0.3661707639694214,0.27950215339660645,0.3461082875728607,0.3827819228172302,0.2902059555053711,0.3490345776081085,0.3672569692134857,0.021039613129856312,0.019773603927627517,1663.3116306475838,815.8965290020371,3594.515436608733,1155.6747359673627,2786.9760323013343,2991.6686114696226,0.024973716647331785,0.012910779022837729,16.790615832796473,5.472469068933179,11.865591591400609,3.5559851809410867,17.675313904367663,3.88519073294753,21.057104885150267,4.12805376671086,20.214807282841786,4.182897252171181,15.825560451727926,2.546172984790038,18.35735355114892,1.6957485351554038
no_vocals,55.0,60.0,-432.14166259765625,73.32117462158203,189.4378662109375,44.092933654785156,38.252201080322266,27.30014991760254,-1.5992952585220337,17.46815299987793,12.539026260375977,11.37951374053955,19.03675651550293,7.004903793334961,6.312018871307373,11.457012176513672,3.570366382598877,5.925146579742432,3.4668335914611816,6.702498912811279,-0.554861843585968,7.791558265686035,0.9887612462043762,6.1207499504089355,0.18727338314056396,6.210429668426514,3.380492925643921,7.692591667175293,0.39014309644699097,0.5392525792121887,0.6281406879425049,0.7016768455505371,0.5143049955368042,0.39448004961013794,0.35780295729637146,0.4820598065853119,0.43936851620674133,0.35713616013526917,0.29798218607902527,0.2970374524593353,0.03789107360106757,0.03021649487319288,1477.0012034324848,885.1146122286295,3187.519796922364,1392.0011590433603,2680.7588864921695,2988.2767378299673,0.02003992350638051,0.011376409956939738,19.182005502074013,5.654901348651612,13.136259065731299,4.3118934844190875,17.416137690779156,4.089419610162873,20.121296681363486,3.699169875790407,20.692633908265663,3.883415360792149,17.960455758373318,4.863157889483238,17.97574648701227,1.6808479881257425
no_vocals,57.5,62.5,-403.5696716308594,44.46686553955078,207.214111328125,25.05497169494629,30.364585876464844,23.101245880126953,-7.968941688537598,13.829216003417969,11.940225601196289,12.81359577178955,17.647754669189453,6.688448905944824,2.428220748901367,11.060138702392578,1.6034008264541626,6.836297035217285,2.3101460933685303,7.652678489685059,-5.3659186363220215,8.828211784362793,-2.0398781299591064,7.370244026184082,-0.9909918904304504,6.518500328063965,3.669891357421875,8.134414672851562,0.4802987575531006,0.5194345116615295,0.5422434210777283,0.63918536901474,0.39987167716026306,0.3471399247646332,0.3342724144458771,0.4500929117202759,0.47238266468048096,0.33228403329849243,0.2683638334274292,0.3382453918457031,0.039000064840112446,0.023741987011780256,1124.6198159975445,347.09893207998095,2589.8915440814712,724.0833962614977,1445.6723100348029,556.5840390897976,0.01965133773201856,0.007939483600259825,19.14246668326311,4.752546288290433,12.129653684887312,4.299944902484303,18.64001133533027,3.7361123163496934,21.30173091211506,3.9054733816551574,21.623543351306022,3.5036531388929215,19.048670008646603,4.670176767667844,18.207641511756147,1.8800206902589491
no_vocals,60.0,65.0,-440.5910949707031,34.34807586669922,198.5290069580078,19.474462509155273,32.171085357666016,14.95530891418457,6.816082954406738,16.174854278564453,16.695159912109375,16.922679901123047,12.168142318725586,11.369925498962402,1.1425600051879883,9.836055755615234,6.857954978942871,8.56368637084961,-0.052298419177532196,10.005823135375977,-12.907614707946777,9.522587776184082,-5.591087341308594,7.463299751281738,-4.091869831085205,6.683157444000244,-2.0163722038269043,8.01113510131836,0.509332001209259,0.5566943883895874,0.5633182525634766,0.5537540316581726,0.39266055822372437,0.521715521812439,0.33632907271385193,0.21347685158252716,0.46226710081100464,0.3369506597518921,0.2808385193347931,0.35912197828292847,0.023862445178137025,0.01030336925466715,1235.235374602712,328.3187599230514,2898.012652032787,627.6317561672055,1562.6310768924013,572.4669816622936,0.02191827689965197,0.006976377014314615,18.57867713914235,4.850584253482446,12.686421541187448,4.475835430481416,19.341769086263827,3.6141021321382856,21.260950840055074,3.9303825577828193,22.050522035225654,3.6577429701693447,21.92875106541574,7.051121115015927,18.731252918750478,1.6915911463018796
no_vocals,62.5,67.5,-414.4715881347656,57.16921615600586,198.6435546875,19.25324249267578,20.36985206604004,22.613283157348633,1.807167410850525,18.585845947265625,22.813405990600586,15.300712585449219,17.077348709106445,15.775152206420898,-7.709662437438965,11.732152938842773,6.880246639251709,8.04701042175293,-1.219711184501648,10.314638137817383,-9.939080238342285,11.276491165161133,-2.3934450149536133,8.275433540344238,-6.434078693389893,8.509934425354004,1.4651473760604858,9.573578834533691,0.38733839988708496,0.3496958315372467,0.3946985900402069,0.3508240580558777,0.3063676655292511,0.5008229613304138,0.32832813262939453,0.3601033091545105,0.5180354714393616,0.3839474618434906,0.46289965510368347,0.3723032772541046,0.030216832311387474,0.017159567903866458,1284.2695212514159,284.0792824882547,2709.9364725587766,550.300125411205,1784.857730024652,490.5028049879507,0.02851857054814385,0.013060856528374808,18.04748126942091,4.973784803361937,13.706052053290229,4.444602338812217,19.38031604652084,4.729374145550055,22.648033942340767,4.179397850628834,25.17250742204649,3.5153977243924737,23.69683317555883,6.61988049643917,19.43599360541263,1.83563398832273
no_vocals,65.0,70.0,-389.24493408203125,52.63217544555664,205.32000732421875,22.854488372802734,23.212160110473633,24.26630973815918,-9.903743743896484,11.812500953674316,12.561717987060547,13.263092041015625,24.934791564941406,10.936076164245605,-7.44315767288208,13.026646614074707,3.869708299636841,8.299381256103516,-0.7348899245262146,7.722812652587891,-2.254135847091675,7.179404258728027,0.8627590537071228,7.355639457702637,-5.591095447540283,8.790924072265625,7.136927604675293,5.9302167892456055,0.36117106676101685,0.3307757079601288,0.37091851234436035,0.42255863547325134,0.30478161573410034,0.3893973231315613,0.2963104248046875,0.4589248299598694,0.6302956342697144,0.4446171224117279,0.5229779481887817,0.4105212688446045,0.03752921051464612,0.020620090224236273,1269.9024875893442,293.9442092794792,2678.7420261977804,571.1778744188588,1672.7451828958817,493.38379866823146,0.027143226145591646,0.014863662154114074,18.174039227938803,5.0990971752766985,12.027419729693815,3.7279563351441305,17.89263441929305,4.4864080543270894,21.905250458042083,4.465926695214151,24.525817742673436,4.1088111403327625,19.56392487501291,4.47912196574211,19.390649700378553,1.976168783873557
no_vocals,67.5,72.5,-328.71514892578125,96.09326934814453,187.3926239013672,39.683250427246094,21.025056838989258,26.678974151611328,7.642855167388916,27.504283905029297,0.2712722420692444,25.14803695678711,20.77370262145996,9.7753267288208,-7.548684120178223,15.174324989318848,6.416290760040283,13.795879364013672,-5.524411201477051,10.003135681152344,2.2984323501586914,8.408626556396484,-4.305352687835693,12.955306053161621,-6.590424537658691,8.296083450317383,4.578664779663086,5.799956798553467,0.45413440465927124,0.3618049621582031,0.39096811413764954,0.4918200373649597,0.3643690347671509,0.38770097494125366,0.2702087163925171,0.3917737603187561,0.6090092062950134,0.4630008041858673,0.540502667427063,0.4146577715873718,0.05332367630835337,0.025186873994465852,1723.988728956866,1074.937696618561,2990.4548652390913,769.656106140754,2864.8652751595127,2632.7594165030455,0.03360530561194896,0.027855788212075377,18.681785426856482,5.139529074183832,11.495518737790402,4.643931487772784,17.272206727300617,3.8029245823459736,20.44536330528589,4.108715711600128,22.448352770372843,3.960704989269385,19.668336553733088,4.4494885823522,23.372205539319644,6.335271451140344
no_vocals,70.0,75.0,-262.59320068359375,69.10218811035156,186.51947021484375,45.885498046875,3.8894994258880615,19.365034103393555,22.136402130126953,27.670087814331055,0.18438564240932465,30.235097885131836,13.28174877166748,10.197549819946289,-9.743809700012207,13.650989532470703,5.825610160827637,13.117411613464355,-5.861485958099365,9.773332595825195,1.2117078304290771,9.357159614562988,-6.324934005737305,11.332362174987793,-7.675073146820068,8.1057767868042,2.336770534515381,6.679137229919434,0.6203057169914246,0.40169423818588257,0.2624005079269409,0.3454499840736389,0.3107844293117523,0.349247545003891,0.28355148434638977,0.3760313093662262,0.5493417382240295,0.461828351020813,0.48361557722091675,0.43858030438423157,0.08282417752142572,0.025660384956009735,1881.486797417485,1183.4278823193183,2853.0561661518814,933.4474926128314,3575.8107054814386,2820.1377525426465,0.03716828596287703,0.027837583175923192,18.484669479010776,5.040642153548158,11.996819020176105,4.583606157623931,16.350240491958886,3.6012900332316216,20.206978890248656,3.828400245267678,20.449535576189458,4.464544080809976,21.116292434776273,4.106283167178483,25.388483795049343,6.142396061791531
no_vocals,72.5,77.5,-277.5614929199219,41.727012634277344,210.39537048339844,31.997528076171875,0.3251645863056183,17.420228958129883,16.645078659057617,22.459028244018555,13.560864448547363,20.959400177001953,13.390934944152832,10.336014747619629,-8.07573127746582,12.061123847961426,1.5269020795822144,10.4938383102417,-3.4119133949279785,8.325992584228516,-3.1845309734344482,8.262864112854004,-1.7072339057922363,8.319717407226562,-5.038464546203613,8.422450065612793,-0.6705635190010071,6.392936706542969,0.5486087203025818,0.37193775177001953,0.3024721145629883,0.3503077030181885,0.28473177552223206,0.3370437026023865,0.36006543040275574,0.5927520990371704,0.592122495174408,0.46793100237846375,0.4521045982837677,0.4276343286037445,0.08919173764311245,0.023804086349603515,1293.3824677187608,717.0637350084864,2311.0175260971023,631.161347111677,2313.1456414950694,1787.802983173213,0.024147830263921113,0.013457180593210447,18.746689460934927,5.062043048249872,12.390661822026239,4.0643376825684285,16.45961894886874,3.619489489414063,20.036744431207623,4.065539445898864,19.207459666425272,2.927906563099073,20.808950764155828,2.749622896694474,22.021744980902103,3.915841073776902
no_vocals,75.0,80.0,-293.7498779296875,42.28822708129883,208.8472900390625,32.55915832519531,1.2976292371749878,18.078655242919922,11.201026916503906,19.051298141479492,19.542537689208984,10.225423812866211,19.77668571472168,10.325448036193848,-7.795593738555908,11.701780319213867,0.48629266023635864,11.131050109863281,-2.30838680267334,9.554718017578125,-2.6305317878723145,8.416346549987793,-0.22513645887374878,8.17105484008789,-5.1860032081604,7.940443515777588,1.0373892784118652,7.696434497833252,0.35246190428733826,0.3842001259326935,0.440246045589447,0.5397446751594543,0.4427270293235779,0.4970647096633911,0.4222355782985687,0.5558726191520691,0.5482796430587769,0.4112148880958557,0.38575345277786255,0.33761122822761536,0.07628815281453376,0.0214908520149597,1289.0615388619067,760.7646150389692,2342.9959090905745,691.9960332704146,2304.852110825116,2001.536393181721,0.025652325623549885,0.015770207660316053,18.917027072407606,5.065678522541416,11.322721613593412,4.072901763539016,17.232490469986757,3.8525754373152594,20.505222007599073,4.149820352948773,19.77808429136561,2.8198197724644323,20.653424575395707,3.356025721028128,21.887656851212288,4.002598886578033
no_vocals,77.5,82.5,-306.0992736816406,39.482177734375,206.9148712158203,32.05479049682617,2.1097235679626465,20.36421012878418,15.585453987121582,21.104022979736328,22.18498992919922,12.866142272949219,17.542369842529297,9.825386047363281,-3.1416537761688232,11.322626113891602,0.24598392844200134,9.576911926269531,-1.316953420639038,9.74051570892334,-0.8761520981788635,8.462202072143555,2.9813385009765625,9.510541915893555,-1.7630723714828491,8.583428382873535,5.14585542678833,8.223721504211426,0.2540304660797119,0.30832114815711975,0.4367327094078064,0.6494680047035217,0.47981953620910645,0.43246006965637207,0.3588164150714874,0.454181432723999,0.5904849171638489,0.4364432096481323,0.29776638746261597,0.22769638895988464,0.07957387945491587,0.021653340511016163,1251.1546517320978,761.3193428555771,2313.8303162696457,685.8519595569998,2230.859828161253,2004.0400910072049,0.025110797926334107,0.01755389954824794,19.780703759033667,5.141358221706213,12.295204725033201,4.251232750361167,18.260422070690936,4.495690631885662,21.535096302090214,4.254001789021479,21.185992135927663,4.286504540984584,21.28399375444389,4.23598047528722,21.766177546323224,4.285834881734335
no_vocals,80.0,85.0,-320.8849792480469,41.54899978637695,207.68296813964844,21.9375,3.781881332397461,26.4017276763916,14.629159927368164,18.76702117919922,24.112308502197266,11.311638832092285,16.09035873413086,7.6826491355896,-2.716280937194824,12.162294387817383,-0.4519489109516144,11.121745109558105,-2.1432056427001953,9.520681381225586,-0.012504524551331997,8.329425811767578,8.197351455688477,11.127808570861816,-0.1772674024105072,12.53945541381836,5.021152496337891,7.759979724884033,0.3047097325325012,0.27716657519340515,0.3883669078350067,0.6049506664276123,0.3237183690071106,0.18931208550930023,0.24707499146461487,0.45567750930786133,0.48003095388412476,0.39555808901786804,0.4077911674976349,0.3100891709327698,0.07596933242287962,0.029132067506425312,1141.889818560244,478.7417229526207,2252.882629871764,463.02262669670876,1853.054533425174,1168.9720255214645,0.023056844547563807,0.013668638971332336,18.835859380093133,5.318157267959542,13.91125576358026,3.676565640107701,19.090023784332743,4.435368110449137,21.9896975708977,4.3530918952186095,21.53522437924468,4.017842945747263,21.557221272049905,4.161398695234307,20.443954519452266,2.788638802883562
no_vocals,82.5,87.5,-292.2439270019531,63.301273345947266,206.46041870117188,25.8077392578125,-0.24127012491226196,23.834491729736328,10.423343658447266,17.875123977661133,17.27591323852539,12.33862590789795,16.55054473876953,10.882686614990234,-3.4241929054260254,9.047270774841309,4.502838134765625,10.868635177612305,0.10294301062822342,8.366507530212402,-1.2310348749160767,10.151902198791504,6.721008777618408,10.704255104064941,-3.101356029510498,11.61452579498291,3.6565632820129395,7.223295211791992,0.4557395279407501,0.5534738898277283,0.5728634595870972,0.6712335348129272,0.42343273758888245,0.34124982357025146,0.2880692481994629,0.38662123680114746,0.47462254762649536,0.3077010214328766,0.3183891177177429,0.3418431580066681,0.0742506312158849,0.02835247921355075,1347.7943588259666,704.4334444998076,2471.2537400634774,640.9983677451315,2307.899733541183,1748.625484216588,0.02781277189675174,0.018885151059024132,16.763224051584213,5.720413377806866,11.49593595684029,3.656461936201857,17.598030220778053,4.7889831604307,20.624540586625102,4.595067498096124,19.51947489598836,3.508000082732423,20.85867826393848,3.6481739410675065,21.4743998067086,3.8942047279394365
no_vocals,85.0,90.0,-241.47720336914062,46.82685470581055,214.58050537109375,23.823583602905273,-13.546433448791504,17.110639572143555,15.56818675994873,17.05354118347168,14.586750030517578,11.808555603027344,14.351725578308105,10.125921249389648,-4.974709987640381,8.003758430480957,6.859279155731201,6.420536041259766,-1.0399346351623535,7.1827497482299805,-2.8431484699249268,9.099475860595703,5.101917266845703,7.465494632720947,-4.874829292297363,5.942997932434082,3.2654802799224854,6.143842697143555,0.42327994108200073,0.5151447653770447,0.5347758531570435,0.661342442035675,0.46721625328063965,0.3752095103263855,0.3630341589450836,0.49170801043510437,0.7369093298912048,0.5439451932907104,0.36721083521842957,0.3324873149394989,0.10084206011068517,0.030534912855868238,1336.4753824752718,619.8632139945581,2326.5806351356996,615.4964562564136,2398.828804741879,1522.278867480975,0.02765756416763341,0.01760530898878672,15.03322403062421,5.258556196555504,10.905081126493434,3.324206771907591,14.74432275635707,4.19444012711303,18.101886138501726,3.8530218548785315,18.16667948227786,3.2010348241694007,20.69784702977314,3.258858212676288,22.481189267943957,3.619880486605094
no_vocals,87.5,92.5,-227.0126953125,24.64863395690918,225.70787048339844,12.343315124511719,-23.84577178955078,14.009903907775879,14.973297119140625,12.821866989135742,18.946455001831055,9.526104927062988,10.316912651062012,7.416247367858887,-8.939961433410645,8.68991470336914,5.933444023132324,7.077192783355713,-4.610394477844238,8.177318572998047,-5.571493625640869,5.999927997589111,7.899308204650879,5.626090049743652,-3.7996671199798584,5.8585968017578125,3.424515962600708,5.550519943237305,0.41965940594673157,0.2859417498111725,0.383606493473053,0.6198564767837524,0.38052088022232056,0.3388611674308777,0.3713069558143616,0.5958502888679504,0.5743089318275452,0.44167277216911316,0.3923303484916687,0.32925769686698914,0.11820205463541633,0.030774779768746294,1200.2430655291907,205.6891905244782,2061.664008117721,250.34934384972942,2091.3186765878772,459.0081520601217,0.026676470055104408,0.0072916349300393,14.240173425595268,4.82857085032177,10.891902007761061,3.1955216684585017,15.144548509006967,3.6659857648388883,17.809710756832416,3.27145082638029,18.06874746890442,2.583891270554923,22.042860354949216,3.090083187750643,21.546590864827575,1.9513536297816916
no_vocals,90.0,95.0,-240.3487548828125,34.65597915649414,217.10153198242188,21.9819278717041,-23.274560928344727,18.51994514465332,16.263916015625,14.004034042358398,17.77435302734375,11.564273834228516,8.747200012207031,8.426684379577637,-6.704832077026367,10.372516632080078,5.497415065765381,8.19328784942627,-4.416091442108154,8.63161849975586,-6.806576728820801,7.104568004608154,6.814976692199707,7.236840724945068,-2.5834314823150635,6.968201160430908,3.1889424324035645,5.613616466522217,0.6269418001174927,0.36967435479164124,0.419300377368927,0.5745327472686768,0.37613341212272644,0.3721204102039337,0.3335084617137909,0.41348791122436523,0.3790195882320404,0.31384918093681335,0.3186497986316681,0.39067551493644714,0.10030929566622472,0.037166003495226065,1305.2562479728554,443.52790897057724,2153.673018977805,325.756994996299,2302.3540594185033,906.713151639378,0.029482671113689095,0.014696085368954,13.874944050164087,5.351810749752571,9.722666351295485,3.395349759889383,15.083579812168997,3.8652606242515914,17.237953223240908,3.7089870267204477,17.76853922915005,2.772821731982838,21.608734497125518,3.282869152845155,21.62069180475094,2.9076293981997776
no_vocals,92.5,97.5,-251.1040496826172,47.1578483581543,191.0531768798828,25.310489654541016,-13.772195816040039,22.610546112060547,29.523252487182617,15.778136253356934,20.13593864440918,13.729663848876953,16.33414077758789,11.086073875427246,0.0917501449584961,9.60976505279541,10.0050687789917,9.656434059143066,2.2348811626434326,9.035146713256836,0.8502820134162903,9.841527938842773,4.4867448806762695,7.546808242797852,-1.1047621965408325,7.34446382522583,3.4799561500549316,5.968062400817871,0.7775578498840332,0.5757280588150024,0.5136612057685852,0.4702816903591156,0.3991328775882721,0.42209890484809875,0.39687514305114746,0.4826812446117401,0.5154038071632385,0.49963751435279846,0.5296878218650818,0.5960481762886047,0.09817579486288493,0.03415202107665597,1375.322485169859,549.4089347226841,2407.9506617388256,414.1305056536327,2594.5761129640373,1227.845965911347,0.02386687028712297,0.01677782164331368,15.701211742689942,5.285593010181226,9.664421073205364,3.461437001265527,14.724686438574947,3.7749640792146897,17.190422117378503,4.198793123292848,17.75114488001535,2.716702793004316,20.349358646908655,3.2175001089250608,22.28837131812239,3.0243838176167253
no_vocals,95.0,100.0,-233.20904541015625,46.99515151977539,177.12844848632812,17.649736404418945,-16.183338165283203,18.0049991607666,38.0251579284668,11.336366653442383,20.948772430419922,11.548932075500488,22.11473274230957,8.167990684509277,1.483543038368225,9.34607219696045,16.520090103149414,7.613526821136475,6.540043830871582,6.904455661773682,8.895852088928223,6.1436448097229,5.997403621673584,6.471449851989746,0.5335943102836609,6.75703239440918,2.8789329528808594,6.819459915161133,0.6521890163421631,0.609609842300415,0.6043642163276672,0.5897995829582214,0.5448401570320129,0.6191243529319763,0.5054521560668945,0.5811421871185303,0.607421875,0.5737876892089844,0.703733503818512,0.6669191122055054,0.11401977694297334,0.02656262464075859,1496.9996040641597,469.7798768259054,2649.3055546966234,435.8931793020775,2963.6881888051043,1109.0687682384362,0.02175967046113689,0.010572089595953696,17.67946464463535,4.720740024261172,10.175125726340436,3.3517751770669144,15.484867590019263,3.5096432215286275,19.44016799189194,4.4693832103186955,18.61480707490532,3.2342524742614644,21.321383619338654,4.007120581821407,22.57642156059856,2.646537534077245
no_vocals,97.5,102.5,-222.61758422851562,36.10484313964844,173.81866455078125,18.34416961669922,-18.87699317932129,11.269089698791504,38.37112045288086,9.706174850463867,18.25324058532715,12.31846809387207,22.770732879638672,7.989773750305176,2.47870135307312,9.106325149536133,16.12742042541504,8.684405326843262,6.1729326248168945,6.400804042816162,9.43215560913086,6.395780563354492,2.5684316158294678,8.69009017944336,2.0149810314178467,6.584894180297852,4.31538724899292,7.635969638824463,0.5131581425666809,0.5111714005470276,0.5518601536750793,0.6928448677062988,0.5903249382972717,0.6403878927230835,0.48388373851776123,0.4851717948913574,0.6217971444129944,0.5801683068275452,0.6184062361717224,0.5387841463088989,0.11333568911921674,0.024132207161993772,1597.6207700794967,466.32064134880284,2727.980663835007,445.82948929250153,3152.790680285673,1037.7170210464783,0.025482390153712297,0.01201995520045911,17.493118720612667,5.00414105455544,10.008398648120462,3.525700245238623,14.877080617606225,3.6479116549687394,19.599669675907656,4.406381187819156,19.178563242106737,3.2008878087314665,21.96996294776561,3.651598749468307,23.726210194669445,2.580856855486794
no_vocals,100.0,105.0,-197.98941040039062,48.8360481262207,162.50599670410156,19.6568660736084,-16.224334716796875,10.464473724365234,39.68653869628906,11.341694831848145,3.392695903778076,20.08867835998535,22.839689254760742,7.232700824737549,5.541353225708008,7.162500858306885,16.377866744995117,8.381739616394043,6.272178649902344,6.791448593139648,8.9047212600708,7.4470367431640625,-3.107372522354126,7.716932773590088,3.0695979595184326,5.947129726409912,3.9085397720336914,7.387875556945801,0.4313003420829773,0.3674522936344147,0.4357239603996277,0.6538937091827393,0.5181970596313477,0.5491135716438293,0.39176246523857117,0.43560174107551575,0.6110072731971741,0.5532964468002319,0.5342841148376465,0.4061782956123352,0.11974876592683405,0.032896332564357755,1907.582711201462,620.949012610627,3003.8140975109673,486.03737376125935,3919.1428908062644,1458.2553256522824,0.0329187663138051,0.017815856213469428,17.342371148288677,5.018060920781958,10.18586651161776,3.5440570949814116,14.54449448816471,3.500317380387355,19.743133519449916,4.261870435574613,18.951918132389793,3.19763860110281,20.581728068920086,3.417951693261219,25.847469958198886,3.2508483737066722
no_vocals,102.5,107.5,-192.3603515625,45.87746047973633,155.72341918945312,22.14676856994629,-8.6633939743042,13.620170593261719,37.17585754394531,13.064506530761719,-2.1236965656280518,14.335877418518066,19.552095413208008,8.139457702636719,2.481841802597046,9.327860832214355,16.659473419189453,8.424112319946289,6.820296764373779,9.97062873840332,8.872345924377441,8.150404930114746,-2.689700126647949,7.077750205993652,2.642949104309082,6.7639689445495605,1.1919106245040894,6.63843297958374,0.41702553629875183,0.32703763246536255,0.4173327088356018,0.6853592395782471,0.53244948387146,0.519084095954895,0.4455408453941345,0.5655190944671631,0.6141054630279541,0.5381374955177307,0.5580341815948486,0.381946861743927,0.12269719751452349,0.04150372214464888,2095.001669303107,681.7469484790892,3262.014120091281,586.0749092632049,4391.774216937355,1849.8295074294883,0.03217105024651972,0.01740093060948755,17.65387091319165,5.385100604333642,11.166857734447595,3.803651120642509,15.283290563790736,3.7073320895687614,20.739787492232647,3.9570176274930824,19.184161575114878,3.201015318997499,19.721399113215174,2.92098735628179,26.04447820370204,3.030427295883804
no_vocals,105.0,110.0,-237.0863494873047,46.43517303466797,157.22378540039062,25.85565185546875,0.8152397871017456,15.694893836975098,27.703134536743164,16.8447265625,12.749938011169434,15.66091251373291,18.672407150268555,11.071922302246094,-2.1405320167541504,11.389717102050781,13.930863380432129,10.056140899658203,6.962754726409912,10.574448585510254,10.01451587677002,7.619634628295898,1.1460498571395874,8.413989067077637,3.8728599548339844,6.850451946258545,0.674837589263916,6.858967304229736,0.5223180055618286,0.42880919575691223,0.47573432326316833,0.7181298136711121,0.5909604430198669,0.5373128056526184,0.508726954460144,0.6452057361602783,0.5963442325592041,0.5240527391433716,0.6098406314849854,0.4952237606048584,0.10087000851340056,0.04227694615425999,2007.617917375095,833.9899307053074,3412.4981223613995,737.4953326502854,3988.039148600638,2436.1835256697336,0.02624823267111369,0.015421512297743958,17.29673581331326,5.640323373162893,11.072675728652452,3.5149157361580787,15.768612144418734,3.765741619958022,20.196563089926883,3.7773617876078114,19.62965378588794,3.910660466342998,20.340575969030017,3.6682793199302166,23.37688699164331,3.2796695359743877
no_vocals,107.5,112.5,-225.9488067626953,53.03395462036133,160.86773681640625,27.89760971069336,-1.7033756971359253,15.965904235839844,24.160274505615234,15.19465160369873,11.048195838928223,18.38760757446289,17.93846321105957,12.893699645996094,-5.162047863006592,11.39053726196289,14.43245792388916,9.084200859069824,1.9478679895401,8.911042213439941,10.294778823852539,8.941113471984863,6.996362209320068,8.893777847290039,8.661867141723633,7.867557048797607,-0.008743533864617348,6.389050006866455,0.5512665510177612,0.47020071744918823,0.47772541642189026,0.5939579606056213,0.4918227195739746,0.4694426953792572,0.4035991430282593,0.5410746335983276,0.6015992760658264,0.5343189239501953,0.5551422238349915,0.48918119072914124,0.10272772520296534,0.0357853579075241,2060.5931947074055,910.49987374085,3416.371079809016,758.3466373182664,4075.1711816632833,2669.1099075484944,0.03107326711136891,0.01827464829108074,16.789931583576177,5.219489157853345,10.202732692854022,3.4861466628979736,15.151708137405842,3.639748168598023,20.202117429997898,4.030615730552431,20.441060033270606,4.108433848134382,21.004080824691297,4.033071521455562,23.16833392028482,3.281122267964374
no_vocals,110.0,115.0,-186.4871368408203,38.827945709228516,171.77175903320312,27.04688262939453,-4.024179935455322,13.098341941833496,24.614702224731445,13.012319564819336,-2.8420886993408203,17.253482818603516,11.052177429199219,11.83905029296875,-9.077783584594727,8.642565727233887,14.635735511779785,7.883134841918945,2.6413819789886475,8.7317476272583,10.458317756652832,9.66555404663086,10.900041580200195,7.288909912109375,12.894792556762695,6.862007141113281,1.3060804605484009,7.384532451629639,0.380183607339859,0.32080602645874023,0.2891227900981903,0.37411171197891235,0.3194941282272339,0.33164116740226746,0.32306474447250366,0.457790732383728,0.5584880113601685,0.5274229049682617,0.35427501797676086,0.2840772867202759,0.14521707046405347,0.04645176953139036,1877.0632140518403,764.5698109960254,3057.2177118260506,698.6631777538454,3594.7459351435614,2314.578739368971,0.03458979843387471,0.014011886819062146,16.354932792628173,5.435919601784662,9.677797557004414,3.2790941694298263,15.700346098559752,4.306486969049347,21.893844431574735,4.697861412522709,20.230966136115697,3.8967459485813305,20.647563429610013,3.7100573093807916,24.07054074549066,2.679557379519675
no_vocals,112.5,117.5,-180.76234436035156,39.09749984741211,173.034423828125,28.22246742248535,-4.670729160308838,14.07402515411377,25.230745315551758,14.923419952392578,-7.297975063323975,11.892727851867676,9.755585670471191,9.568315505981445,-6.824357032775879,8.937726974487305,15.456477165222168,7.687620639801025,4.555380821228027,8.813776016235352,6.294728755950928,10.115179061889648,4.837456703186035,9.329073905944824,10.818550109863281,7.243381500244141,0.9482601284980774,8.519023895263672,0.3349350094795227,0.2818721830844879,0.21402721107006073,0.3020952641963959,0.27323031425476074,0.442701518535614,0.3128143548965454,0.3164359927177429,0.3812454342842102,0.37321335077285767,0.34973806142807007,0.2735738456249237,0.1531287498270829,0.04810401061660659,1884.613415927926,764.9755884949608,2992.5766977760413,709.9489371156216,3542.5366607453598,2253.10077742073,0.037838964617169374,0.012876884992433486,16.404243479103236,5.281116192256274,10.1662811014565,3.4271817782706053,16.201431419797448,4.6723031196867195,22.16724042921082,4.629570538649367,19.025242909860335,3.3508732726095176,20.13095087768874,3.355615026906534,24.030323527675083,2.8478568525841186
no_vocals,115.0,120.0,-174.74972534179688,41.21747970581055,158.70755004882812,27.55339241027832,-10.734609603881836,12.61943531036377,30.3101863861084,15.58039379119873,-3.9402172565460205,11.284004211425781,16.08652114868164,10.012008666992188,-0.5127403736114502,7.057135581970215,16.900278091430664,8.632325172424316,3.2992422580718994,8.368547439575195,6.121153831481934,9.282106399536133,-1.5741487741470337,6.659637928009033,4.868880271911621,7.239552021026611,-0.5003984570503235,7.117403030395508,0.4019729495048523,0.3601732850074768,0.39040735363960266,0.571414053440094,0.4008235037326813,0.4717400074005127,0.2719913125038147,0.30018556118011475,0.4117838740348816,0.3729178309440613,0.530087411403656,0.3628568947315216,0.12791363945070938,0.0394471064204369,2214.294782948013,824.4860822471545,3288.9255410828337,685.4795737737467,4532.764238326567,2323.1082505653185,0.039014918068445474,0.016594495465395362,17.100236990036315,4.931246914622191,10.774939440303415,3.2840934445477954,15.772014641851591,4.167224970353466,20.12264936266451,4.413502075180275,18.69088704568561,3.059466608551036,19.505193476140057,3.280266346831343,25.29330848717327,3.576196332280976
no_vocals,117.5,122.5,-191.89315795898438,54.41180419921875,149.037353515625,24.506643295288086,-6.081841468811035,15.582630157470703,31.462690353393555,14.623075485229492,-1.5004990100860596,12.617391586303711,19.948760986328125,8.858024597167969,1.529149055480957,8.521228790283203,19.120681762695312,9.022497177124023,6.891090393066406,8.480327606201172,12.676348686218262,6.864919185638428,-1.9428019523620605,7.034585475921631,1.353031873703003,7.23250675201416,0.927178144454956,6.6632466316223145,0.4658360183238983,0.44303926825523376,0.5188930630683899,0.7634133100509644,0.425595760345459,0.3223777413368225,0.30169132351875305,0.4152120351791382,0.5233733654022217,0.45667240023612976,0.5885835886001587,0.4507671594619751,0.11242158215691761,0.03733091032621155,2331.7637740364903,931.6480743752787,3542.5867928626444,650.6743223856607,4837.926198158352,2481.7880196807205,0.03419781395011601,0.0205935102797897,17.893349647872455,4.751901878141544,11.922647733624286,3.7884378248910844,15.714883557266486,3.972180428635388,20.25097827967383,3.642589797199818,18.84491006136676,3.232897347974726,18.410104039823814,2.855022492702845,24.722021332135814,3.7921872188200423
no_vocals,120.0,125.0,-230.55787658691406,57.5579719543457,146.25811767578125,25.44049644470215,0.24808581173419952,13.190773963928223,33.17524719238281,16.631454467773438,0.9654418230056763,13.094669342041016,20.82033348083496,9.588475227355957,3.990821123123169,10.661297798156738,17.1899471282959,9.625462532043457,7.276721954345703,8.70687484741211,12.712177276611328,7.701879024505615,0.015198886394500732,8.57532787322998,2.8194146156311035,9.082658767700195,4.354050159454346,7.6284499168396,0.5889303088188171,0.5766420364379883,0.584872841835022,0.7268285155296326,0.4681696593761444,0.4129975140094757,0.34908270835876465,0.4478093087673187,0.6261119246482849,0.5132463574409485,0.5471203923225403,0.5334246158599854,0.09487373478658791,0.04252721547239792,2267.9187629278526,1001.7516921480187,3592.8895214419044,680.39752071623,4716.620821853248,2640.73646476901,0.02870663246809745,0.02051071477218223,17.957443534592716,4.732768096645914,12.300440718424024,3.433304118539105,16.42525908020365,3.9754326890658223,20.286036885557262,4.1469317209876255,19.18233139333333,3.137320747072456,18.366395033619952,3.140010087571255,23.99777382276412,3.9291673768051245
no_vocals,122.5,127.5,-258.18243408203125,58.675052642822266,154.82435607910156,25.47273826599121,1.0078250169754028,14.560640335083008,30.121231079101562,18.305564880371094,6.2003374099731445,14.571867942810059,19.49268913269043,10.10987377166748,5.146388053894043,11.331198692321777,13.792348861694336,10.89323902130127,5.889926910400391,9.281886100769043,8.720941543579102,8.909433364868164,2.286414623260498,7.431315898895264,6.084371089935303,8.391825675964355,4.9069013595581055,7.534126281738281,0.6467041373252869,0.5875787138938904,0.5477057099342346,0.6423071026802063,0.4859241843223572,0.45051518082618713,0.37798362970352173,0.4427192807197571,0.5555517077445984,0.4675164222717285,0.4609237015247345,0.515511155128479,0.08087232219284345,0.03799980355453365,2022.1373712006744,859.4520209692516,3435.7219640922112,636.0235735081118,3959.8111677059164,2378.459622371574,0.02527053726798144,0.01634416289401718,17.831813175768428,5.826512069109357,11.659591787693536,3.4781716901524824,16.368841805726145,4.45577127574549,19.005683677757897,3.7958714340474367,18.551211634843554,3.297258436612444,18.617960039454235,3.1759776295682762,22.828939735715934,4.035241421644474
no_vocals,125.0,130.0,-227.03773498535156,71.0411605834961,173.00897216796875,26.01045799255371,-11.670735359191895,27.127628326416016,17.11343002319336,15.23523998260498,8.443707466125488,13.427106857299805,18.483600616455078,8.856913566589355,2.9769651889801025,10.091588973999023,17.337783813476562,10.212814331054688,5.930301666259766,8.647468566894531,3.5958669185638428,7.7030134201049805,1.534511685371399,6.9854536056518555,6.293861389160156,6.5858635902404785,0.7790728211402893,7.694739818572998,0.5914062857627869,0.4814622402191162,0.4942350685596466,0.6440553069114685,0.5054188370704651,0.4987662732601166,0.4109499454498291,0.46282973885536194,0.4725223481655121,0.44223594665527344,0.5198649168014526,0.5004518628120422,0.09460439697867411,0.036381839732007454,1869.8998215722645,720.057581240711,3165.483150928896,664.7839175175685,3308.519204973898,1998.4420433237044,0.03080363616589327,0.017155987728629186,16.628417516188858,5.453900859077278,10.505023595605618,3.442781146051902,15.362764779683372,4.5422977832708815,17.06809762781497,4.354078830863023,16.970800882895677,3.4478379979026106,19.03964195384352,2.7003677138240727,22.524537278280675,3.4804611441783493
no_vocals,127.5,132.5,-173.8614044189453,46.32013702392578,180.12818908691406,23.257770538330078,-27.046865463256836,27.088747024536133,13.960177421569824,13.164643287658691,-0.6289623379707336,13.93222713470459,16.293241500854492,11.515438079833984,2.8146605491638184,7.913180351257324,21.32939910888672,7.317808628082275,6.781803607940674,7.067271709442139,1.9731084108352661,6.962039947509766,0.2623981237411499,7.029390335083008,3.3462843894958496,6.38605260848999,-2.3234384059906006,7.023446083068848,0.5953243374824524,0.5280402898788452,0.4766311049461365,0.6193057298660278,0.559058666229248,0.5643260478973389,0.4081007242202759,0.4059202969074249,0.4937130808830261,0.47982022166252136,0.5244314074516296,0.4540996551513672,0.12410069218125808,0.03651625146758611,1917.8509123100996,550.8208310595494,2965.2377936735115,608.1449534208843,3499.370332439095,1556.2913480020427,0.03762371302204176,0.01658362249258819,15.64494198343284,5.212965433005796,9.907801254866714,3.333946199840496,14.72790059602293,3.63220604390566,15.4078982113327,3.5181901109501963,16.504447975940366,3.4380069162766334,19.332593224305583,3.1672667906263534,24.501194633528915,3.0803587506829073
no_vocals,130.0,135.0,-204.180908203125,52.121070861816406,170.40663146972656,22.31808853149414,-10.72635555267334,26.60083770751953,19.562881469726562,14.046377182006836,-8.789639472961426,10.667267799377441,13.909424781799316,11.810867309570312,4.121489524841309,8.174031257629395,20.22077178955078,9.621438980102539,5.999488353729248,6.9375901222229,4.8856520652771,9.038338661193848,-2.881460189819336,7.602039813995361,0.6214995980262756,6.1596903800964355,-2.5283050537109375,6.267064094543457,0.42519763112068176,0.3569604158401489,0.3153785765171051,0.557022750377655,0.36991623044013977,0.32886964082717896,0.29875487089157104,0.39960455894470215,0.6315078735351562,0.5006998777389526,0.40860533714294434,0.3085894286632538,0.11259568313227453,0.03892256314476893,1900.8042207193478,535.9081042816682,3073.9793770253536,524.2033695851229,3405.643443662993,1462.0973407019835,0.035257078378770304,0.016952528378464247,18.1374678549218,5.426390153434892,12.899083860629439,4.653442215416539,16.163081029639372,4.08442080315971,19.72133889311204,5.265770656427544,19.41466535619692,3.927960359635932,20.760890500789692,3.5597694588428754,24.081280519409024,2.723296548683435
no_vocals,132.5,137.5,-264.0698547363281,43.682716369628906,140.79147338867188,30.8885440826416,-0.20150141417980194,14.17923355102539,44.81388854980469,27.3610782623291,-11.66815185546875,9.679965019226074,9.26152229309082,11.39133071899414,-0.28149881958961487,8.989877700805664,13.106145858764648,12.075968742370605,2.8548965454101562,6.858401298522949,6.406967639923096,9.463202476501465,-6.755998611450195,7.635447025299072,-0.8276499509811401,6.385922908782959,-6.658137321472168,7.85497522354126,0.2601560950279236,0.14465908706188202,0.21337535977363586,0.5292609333992004,0.2603589594364166,0.18393416702747345,0.23704273998737335,0.4253654181957245,0.759035587310791,0.5526294708251953,0.39354485273361206,0.21790960431098938,0.06650366997583974,0.03273947683177341,2451.4952330438036,887.2682965616982,3494.746893143882,493.29991146479375,4814.54443699246,2200.0480848820407,0.04319646352958237,0.025426408915199317,18.819946518545382,3.850663182462886,15.084428035375117,4.500700872051991,19.613571639862144,4.624300442460397,23.621044177123085,4.7405795315763575,20.093401200979006,3.695944114311039,20.245833356992634,3.2062512029372003,25.435578996670078,3.8846702928917662
no_vocals,135.0,140.0,-305.7351989746094,49.04741287231445,142.72059631347656,31.630189895629883,-1.6722419261932373,17.201332092285156,49.8053092956543,24.110734939575195,-10.223855018615723,11.905217170715332,1.304182529449463,11.912663459777832,-2.428619146347046,11.292217254638672,4.625173568725586,13.156721115112305,3.880427837371826,9.427613258361816,1.367470383644104,10.396522521972656,-9.643743515014648,12.234415054321289,-2.833040714263916,7.922667026519775,-3.581068754196167,11.028666496276855,0.286763072013855,0.17885945737361908,0.21517032384872437,0.4924619495868683,0.3149692416191101,0.2314753383398056,0.20732085406780243,0.30730026960372925,0.45799803733825684,0.3865034580230713,0.4352746307849884,0.2452269196510315,0.05043307749074808,0.028855241767838446,2378.677779848737,867.8393876985874,3361.3145895588277,600.3484499959933,4676.002505981729,2196.3137091117915,0.04600719620069606,0.02289513261613415,17.67041535804463,4.480134751404882,12.995180609427589,3.92908090249366,20.484300487967985,4.9867551914148125,24.409035547526862,5.187552202172854,20.19590330169956,4.06157469976219,19.799582678863594,3.818340097951383,25.03325372060045,4.022629013187581
no_vocals,137.5,142.5,-312.6228942871094,38.81686019897461,167.05433654785156,14.673254013061523,-9.045804023742676,18.165380477905273,31.79423713684082,12.881418228149414,-9.960491180419922,11.72184944152832,1.9538137912750244,11.059662818908691,-0.10864633321762085,12.237373352050781,6.7815399169921875,13.311519622802734,7.969315528869629,10.550431251525879,-2.2460784912109375,10.456860542297363,-17.031246185302734,12.657148361206055,-8.76560115814209,9.35840892791748,3.0394833087921143,9.94282341003418,0.29089653491973877,0.12918703258037567,0.21408841013908386,0.6170790195465088,0.24146459996700287,0.18901830911636353,0.11330942809581757,0.1359967589378357,0.13562656939029694,0.1579233855009079,0.2791019380092621,0.19834421575069427,0.05799161292085307,0.027067328370249867,1788.4292036147403,259.385098755754,2790.217782979566,403.93785934717613,3006.005179633121,920.4112656467264,0.04575116009280743,0.011552085194242305,18.709361890133753,4.721916078840577,12.05168694388346,3.794132620879225,18.821492274839763,4.216915257032844,26.713807757128656,5.391845879637728,23.597945023490443,4.518360236176411,22.260639288247074,4.385159703732722,24.700695974689097,3.46706955790376
no_vocals,140.0,145.0,-312.36822509765625,26.690441131591797,169.0655517578125,15.97448444366455,-14.155515670776367,12.602269172668457,25.46551513671875,10.077498435974121,-10.180415153503418,9.469407081604004,5.87309455871582,8.572278022766113,-3.929765462875366,10.469704627990723,4.876298427581787,13.166546821594238,2.5290963649749756,13.3295316696167,0.6240346431732178,9.950536727905273,-15.81546688079834,9.666655540466309,-11.326033592224121,8.759361267089844,10.325594902038574,12.90811824798584,0.2946949005126953,0.10395070165395737,0.19309310615062714,0.6149238348007202,0.2473733127117157,0.2967168986797333,0.09867487102746964,0.04128257557749748,0.04015566408634186,0.06667651981115341,0.12654370069503784,0.1497228443622589,0.05411812117681979,0.018227482187719066,1763.105959480061,277.35348120448833,2666.0260138552103,255.43076093873444,2885.399257721868,723.2458726525919,0.04391359121229698,0.011563174712505295,17.164542627179273,5.677988403144098,10.950055443450756,3.2446364306394084,19.894680143555465,4.398128335648338,24.533559576038176,6.195293697748959,24.062268128552784,4.0360705655263995,23.39964445797942,3.3275521271260846,25.24272791482471,2.6263579272791517
no_vocals,142.5,147.5,-323.9002685546875,29.57543182373047,176.32275390625,16.649877548217773,-10.185064315795898,17.80593490600586,23.107990264892578,11.756430625915527,-5.1492509841918945,9.406293869018555,14.409685134887695,10.620182037353516,-10.55134105682373,8.60755443572998,0.3812139630317688,9.823872566223145,-2.8865106105804443,10.171184539794922,6.2720136642456055,9.260608673095703,-9.789299964904785,7.551177501678467,-3.8734006881713867,9.218232154846191,16.32218360900879,9.215330123901367,0.22427961230278015,0.18067726492881775,0.33732566237449646,0.561676561832428,0.367481529712677,0.5624825954437256,0.19438417255878448,0.12404924631118774,0.20123574137687683,0.14969973266124725,0.1857103854417801,0.15704791247844696,0.04487118920799682,0.012782315660207518,1675.0772354137932,354.5560520086501,2733.4477429022168,374.8436195072722,2732.568472665313,854.1630829963285,0.033959904292343385,0.01035872182887905,17.74181790408306,5.853437363118326,10.136370819202451,3.1578100625372123,19.786204652377457,3.9410470954077086,20.570623218937264,4.50439976906221,22.675359025374693,3.7418767566777387,22.486748907126582,3.6118035516363793,24.22434102844074,2.2574084341997582
no_vocals,145.0,150.0,-345.9642639160156,38.519432067871094,168.34007263183594,18.302547454833984,7.367476463317871,25.66061782836914,15.676246643066406,15.157792091369629,6.99237060546875,11.44784164428711,27.480087280273438,11.768677711486816,-18.049718856811523,11.32729434967041,5.494382858276367,8.10409927368164,-5.056640625,8.932096481323242,1.8463749885559082,10.203514099121094,-9.21738338470459,8.252852439880371,4.372743129730225,7.458099365234375,7.809576034545898,9.96023178100586,0.3846820592880249,0.3536558151245117,0.4025498330593109,0.4413001239299774,0.31523680686950684,0.49491241574287415,0.2581864297389984,0.35594505071640015,0.3764413297176361,0.22052130103111267,0.2665475010871887,0.28062793612480164,0.03411911328792088,0.01409757643824104,1917.2246525853834,469.3967312075529,3301.6003786689266,735.2384925254573,3291.132767183875,1566.2409097368636,0.03372199463457077,0.012587079553269272,20.474311833731328,5.03663647382999,11.346901024464048,3.9638843565912416,19.16923450636153,4.187857926654166,22.401357109777194,4.73775236197136,23.447391755483846,4.230609514259687,23.7116415202271,4.751522082437262,24.146123657624823,2.2304946614203134
no_vocals,147.5,152.5,-375.7237243652344,28.725465774536133,161.06375122070312,16.024255752563477,26.97112274169922,14.180915832519531,3.2940592765808105,10.321764945983887,4.158034324645996,14.721447944641113,28.30551528930664,12.900044441223145,-24.688751220703125,9.477778434753418,7.2371506690979,7.375792503356934,-7.922787666320801,8.05289363861084,-2.9293441772460938,5.758166790008545,-7.839154243469238,8.062501907348633,9.406723976135254,6.601134777069092,1.6132866144180298,6.301331996917725,0.5064052939414978,0.4053124189376831,0.27782317996025085,0.23638208210468292,0.2494269758462906,0.4850955307483673,0.270264208316803,0.41444703936576843,0.44784656167030334,0.2100989818572998,0.22891195118427277,0.3050476908683777,0.02279035806150247,0.011450515378408278,2201.9061084120376,408.0135545379307,3843.738819548407,507.4821648443718,3768.110702762471,1663.6418833873854,0.038702236803944315,0.01928202675352658,17.587000455170795,5.471055958336932,11.949487210096335,3.7688830620376974,17.36212804053573,4.247511964341631,22.49000554831919,4.442653672000066,23.54722762184186,4.532074892211355,25.548395650014285,6.234171264499669,23.851457475205024,1.6228742003964471
no_vocals,150.0,155.0,-396.8675231933594,35.20995330810547,159.1694793701172,22.74847412109375,31.022396087646484,12.701667785644531,9.07526969909668,14.316389083862305,0.35523056983947754,11.876838684082031,21.882675170898438,11.025426864624023,-28.673603057861328,10.111678123474121,5.178752422332764,7.007781982421875,-6.062625408172607,6.380942344665527,0.5346997380256653,5.9487481117248535,-5.123319149017334,6.685404300689697,9.300387382507324,7.474244594573975,-1.2669519186019897,6.911614894866943,0.3074125647544861,0.3696456551551819,0.39376553893089294,0.47337451577186584,0.4043254852294922,0.5476014018058777,0.23695416748523712,0.203388050198555,0.379326730966568,0.23811525106430054,0.3699961006641388,0.23847809433937073,0.017709485211964963,0.008992137530978729,2275.6489133177347,512.5755647377249,3930.406672295227,598.591593935932,4379.633687101218,2199.1344521454985,0.039307207076566125,0.023749610699010434,17.606147050186205,5.175768316746763,11.594971338348588,3.3115503853861816,16.09081943514296,3.7210889488217167,22.394620877053413,4.104019618967743,24.042669291277488,5.05328030655924,24.946905904517404,6.745581360266937,24.31997038653546,1.6205733669924525
no_vocals,152.5,157.5,-396.7546081542969,30.02256202697754,155.34423828125,21.79715347290039,26.25527572631836,13.890454292297363,23.50743865966797,13.948721885681152,13.467429161071777,10.687260627746582,19.648746490478516,10.263599395751953,-27.610721588134766,9.691183090209961,10.799643516540527,10.623261451721191,-2.956038475036621,7.497837543487549,3.0130228996276855,7.196187973022461,0.36261510848999023,6.824850082397461,6.547545909881592,7.898015022277832,-3.732583522796631,7.1261725425720215,0.2125367373228073,0.2545700669288635,0.39432138204574585,0.6500386595726013,0.5329103469848633,0.4095049798488617,0.3501892387866974,0.36037173867225647,0.5516810417175293,0.5636441707611084,0.5895878076553345,0.4162638783454895,0.020586581807799653,0.00839812103668721,2109.672930911376,598.4752040422226,3809.8990809024167,632.6214615160826,4245.238521425464,2402.22139358716,0.027062790023201857,0.019543669740318285,19.5412011276754,5.352786169400689,12.679626852251015,3.6945665818310665,15.566649858317884,3.797692986174434,21.249020361366235,4.665897611748834,22.739245615130386,5.157862373265565,24.17752669516965,4.888101944560181,23.9481219060926,1.6865464147883045
no_vocals,155.0,160.0,-388.5625,17.181554794311523,155.76722717285156,15.267594337463379,8.228570938110352,14.630301475524902,30.51756477355957,9.721213340759277,19.562475204467773,7.7287068367004395,11.370806694030762,12.142743110656738,-23.523366928100586,7.3397536277771,15.071205139160156,8.221902847290039,-3.6825740337371826,8.605883598327637,3.4504201412200928,8.043094635009766,-0.6929495334625244,7.435555934906006,3.7817795276641846,6.957798957824707,-4.6019062995910645,6.285961151123047,0.3159793019294739,0.18182224035263062,0.23778536915779114,0.45374614000320435,0.3483639359474182,0.23798248171806335,0.3048175573348999,0.49131035804748535,0.9019463658332825,0.7741017937660217,0.48848021030426025,0.3211281895637512,0.018472682962328058,0.007888823320906208,2057.72723465916,504.06785624837335,3586.0510768498957,464.0858649840271,3740.432293177204,1494.9154884776522,0.028117522839327145,0.013471925397386264,18.067642335099627,4.76751259130606,13.29906353721407,3.2067338649950847,15.639394571565708,3.6061042167785566,20.410880688518024,4.24060006181848,20.47362692639073,2.4791974348769954,25.464279894010506,3.201153754959134,24.062667908893452,1.4819548973891408
no_vocals,157.5,162.5,-431.18060302734375,38.9262580871582,150.23704528808594,14.5325288772583,-1.6588919162750244,8.839011192321777,31.95922088623047,8.592659950256348,17.506933212280273,5.875888824462891,5.554314613342285,6.678061485290527,-24.222793579101562,7.146554946899414,15.801630973815918,7.273862361907959,-6.7138190269470215,7.440844535827637,5.453410625457764,8.506156921386719,-9.751907348632812,8.805439949035645,5.181102275848389,8.339686393737793,-8.591862678527832,6.038259506225586,0.23007670044898987,0.09679228812456131,0.14259372651576996,0.30935144424438477,0.19217561185359955,0.13631659746170044,0.2105494737625122,0.41656818985939026,0.9514490365982056,0.6701260805130005,0.3073214292526245,0.19347143173217773,0.00999891014365596,0.0038953202189444544,2311.7180768336466,427.28366507955394,3752.5116670226075,464.8185919701434,4248.186222085267,1001.5797825438685,0.034970453886310905,0.009498678339284873,15.916143362964988,4.955381995923417,15.334188620710929,3.6959362188115557,17.959037947644646,3.8337836839527277,22.98748717133067,4.046601459223588,21.21302790666665,2.7092024825911194,24.190223737139515,3.1000272179613577,24.39915177979354,1.1875608350617448
no_vocals,160.0,164.8180498866213,-489.43475341796875,39.92145538330078,136.2635498046875,17.891386032104492,9.068199157714844,11.026937484741211,32.18891906738281,8.288518905639648,16.518205642700195,6.1505584716796875,9.560213088989258,6.350007057189941,-21.004804611206055,6.6542816162109375,17.83001708984375,6.271100997924805,-3.1632492542266846,6.441279888153076,9.258476257324219,6.84977388381958,-10.700489044189453,8.784001350402832,9.910287857055664,9.10241413116455,-7.548282146453857,7.355970859527588,0.10535789281129837,0.061301834881305695,0.16517111659049988,0.29958921670913696,0.16517671942710876,0.16886000335216522,0.2464343011379242,0.5326279401779175,0.9921138286590576,0.5974351167678833,0.29869505763053894,0.15397249162197113,0.005663293694792573,0.0029810308827568125,2739.3683889609374,698.5206552277192,4315.818232903974,600.5956378529119,6003.82024190512,2415.420306423658,0.03385259789156626,0.011019536581681987,14.971091613959178,4.12950292761952,16.490560596862068,3.906187246829915,18.440568661519812,3.6568832176872106,24.44870168160554,3.923956855663666,21.30353797347145,3.2711811367990604,22.093187889995527,3.3549934414000795,23.830606025290468,1.0691576185877576
no_vocals,162.5,164.8180498866213,-516.489013671875,45.24946594238281,126.87687683105469,14.694779396057129,16.308818817138672,6.009512901306152,34.350303649902344,6.961230754852295,14.6370267868042,5.6751251220703125,14.099455833435059,4.67758321762085,-19.654258728027344,5.394970893859863,18.881004333496094,5.337242603302002,-2.707387685775757,5.686543941497803,12.18319320678711,5.841217994689941,-9.009797096252441,7.047727584838867,13.579865455627441,7.148845672607422,-6.611192226409912,7.046887397766113,0.14138589799404144,0.082386314868927,0.19396060705184937,0.3405953347682953,0.20607990026474,0.20898327231407166,0.24579057097434998,0.5240419507026672,0.9891887903213501,0.6171137094497681,0.36946120858192444,0.21307750046253204,0.0038808350911858722,0.0013485923070592249,3121.330875789102,779.7225009646571,4737.6083265947445,487.4614186738052,7678.3095703125,2406.315322574702,0.0355224609375,0.013142273752965587,15.229658506777078,3.3572225084820198,15.42121355944655,3.4090576507559778,18.072695115290973,3.9111779200112635,25.02148483737021,4.548213183493436,21.859388427426758,3.7326841442337106,21.59920544626433,3.3598110672922066,23.536856279800034,1.4284074759737364
