stem,start_seconds,end_seconds,mfcc_1_mean,mfcc_1_std,mfcc_2_mean,mfcc_2_std,mfcc_3_mean,mfcc_3_std,mfcc_4_mean,mfcc_4_std,mfcc_5_mean,mfcc_5_std,mfcc_6_mean,mfcc_6_std,mfcc_7_mean,mfcc_7_std,mfcc_8_mean,mfcc_8_std,mfcc_9_mean,mfcc_9_std,mfcc_10_mean,mfcc_10_std,mfcc_11_mean,mfcc_11_std,mfcc_12_mean,mfcc_12_std,mfcc_13_mean,mfcc_13_std,chroma_0,chroma_1,chroma_2,chroma_3,chroma_4,chroma_5,chroma_6,chroma_7,chroma_8,chroma_9,chroma_10,chroma_11,rms_mean,rms_std,spectral_centroid_mean,spectral_centroid_std,spectral_bandwidth_mean,spectral_bandwidth_std,spectral_rolloff_mean,spectral_rolloff_std,zero_crossing_rate_mean,zero_crossing_rate_std,spectral_contrast_0_mean,spectral_contrast_0_std,spectral_contrast_1_mean,spectral_contrast_1_std,spectral_contrast_2_mean,spectral_contrast_2_std,spectral_contrast_3_mean,spectral_contrast_3_std,spectral_contrast_4_mean,spectral_contrast_4_std,spectral_contrast_5_mean,spectral_contrast_5_std,spectral_contrast_6_mean,spectral_contrast_6_std
original_mix,0.0,5.0,-306.77740478515625,66.78418731689453,155.8118896484375,26.047765731811523,24.66510772705078,31.871522903442383,22.340269088745117,22.83808135986328,5.646183490753174,18.054439544677734,-6.382711887359619,13.28176212310791,-13.58220386505127,9.5868501663208,-6.561685562133789,9.991429328918457,-3.420881986618042,11.382628440856934,-15.354406356811523,12.184529304504395,-8.07563591003418,9.396146774291992,-6.113129615783691,7.913683891296387,-16.755083084106445,8.415570259094238,0.4222550094127655,0.24990016222000122,0.25988638401031494,0.21189609169960022,0.21877890825271606,0.20197860896587372,0.28220999240875244,0.4807020127773285,0.3337157368659973,0.275749534368515,0.27766984701156616,0.31685876846313477,0.07511669057669883,0.06733531542248156,1743.8236741221212,771.8299830959428,2984.400459437587,672.5362831360968,2710.73550337152,1958.1117548958705,0.033330010150812064,0.024987431524284977,18.831809483664216,6.468604031443456,12.715405924114643,4.190550264509365,18.81426192550159,4.281836161434674,22.0312646352491,6.229203738009423,18.56500473705284,4.084000269262364,23.09898670811545,6.809162447008281,33.38451734008643,5.295735220714682
original_mix,2.5,7.5,-294.7330017089844,68.9293212890625,150.22596740722656,26.752111434936523,13.14091968536377,29.973743438720703,23.57672882080078,29.225994110107422,-3.721397638320923,14.721724510192871,-13.843842506408691,12.225152969360352,-16.16169548034668,9.316727638244629,-7.47855281829834,12.373872756958008,-0.5908689498901367,11.016229629516602,-18.641992568969727,12.2505464553833,-11.472675323486328,10.489864349365234,-4.832043647766113,8.417675971984863,-16.231496810913086,11.05997371673584,0.45661959052085876,0.23750050365924835,0.3189128041267395,0.26161423325538635,0.34077420830726624,0.25731104612350464,0.3189385235309601,0.36114302277565,0.22868840396404266,0.2336258441209793,0.23755186796188354,0.3503972291946411,0.06974390728438053,0.06912033801977154,2023.004026932428,880.7636767430271,3059.7719468412524,640.4972269589726,3401.0969901029584,2113.1541831481736,0.043189666110788866,0.03234356074905553,17.176962797070292,6.591279538662174,11.610517028909058,4.002032269427065,16.687120960626757,4.303370046077253,21.7174376133622,5.890447695522198,17.79119321470891,4.097778791961111,22.483484481957397,5.773103579141605,34.86550063882075,5.662802961671358
original_mix,5.0,10.0,-312.2214660644531,79.12020111083984,150.79888916015625,32.293304443359375,7.859787464141846,32.437744140625,31.815427780151367,31.154170989990234,-5.300755023956299,14.69697380065918,-9.16285228729248,13.972155570983887,-12.254572868347168,11.20325756072998,-9.757535934448242,12.602438926696777,-7.620749473571777,12.0636568069458,-19.95530891418457,7.741407871246338,-17.083324432373047,7.013127326965332,-4.118504524230957,7.383070468902588,-16.167804718017578,9.033241271972656,0.38783207535743713,0.2655772864818573,0.3119469881057739,0.2637201249599457,0.3529210388660431,0.4345797002315521,0.398333340883255,0.39382338523864746,0.2728365361690521,0.21493980288505554,0.1711103320121765,0.19413697719573975,0.05704305087823395,0.03666919331207015,2084.1902817555565,1041.2880137492207,3104.865334927544,477.18019460876076,3379.264020809165,2279.2015570742533,0.04354313188805104,0.04206247799391831,16.502190558115764,6.346710884411382,12.914034388657706,4.277974073513945,16.903481200592804,4.849757571206226,19.27424135421587,4.748276098167594,17.46167170726189,3.3627917313037208,19.56012295894679,4.687642668492302,35.108889279465956,6.681977487386853
original_mix,7.5,12.5,-319.44970703125,76.58551025390625,149.6560516357422,31.487733840942383,13.420050621032715,30.664762496948242,35.49336242675781,24.416921615600586,3.1634325981140137,15.680767059326172,-7.145259857177734,11.946171760559082,-12.631162643432617,11.70572280883789,-9.984292984008789,9.695971488952637,-14.567310333251953,8.36223316192627,-14.441567420959473,7.102689266204834,-12.107064247131348,7.774811744689941,-4.763886451721191,5.9600958824157715,-19.080474853515625,6.6052961349487305,0.2896856963634491,0.21296606957912445,0.2669519782066345,0.2601760923862457,0.33765682578086853,0.46757975220680237,0.4396018087863922,0.5436910390853882,0.3252512514591217,0.18674065172672272,0.16440226137638092,0.19900467991828918,0.05628434597382759,0.03804808974648973,2053.952083755716,984.7948170722613,3256.4572358213336,654.9743473054482,3506.065110208817,2258.568883234957,0.035403222882830626,0.03594605713696777,16.40077633120061,5.4176608264379364,13.069804312864061,4.298978797239645,17.72668845777261,4.292851787778436,19.536629105497017,4.448126640691283,16.768269517379835,3.2747595509668836,18.89234969203482,4.505952061748463,34.18032917377201,5.894914538529693
original_mix,10.0,15.0,-303.3484191894531,71.45822143554688,152.47528076171875,33.086944580078125,10.899004936218262,30.33531951904297,38.32306671142578,23.209604263305664,6.448338031768799,15.332995414733887,-4.216831207275391,10.920012474060059,-13.300888061523438,11.935288429260254,-11.597624778747559,10.286828994750977,-13.495967864990234,8.461587905883789,-11.639325141906738,7.913269519805908,-7.86966609954834,6.76546049118042,-2.340766429901123,6.016099452972412,-17.131935119628906,6.801008224487305,0.3355105519294739,0.3088938891887665,0.4467235207557678,0.4216943383216858,0.41213953495025635,0.3482106328010559,0.32951340079307556,0.42692163586616516,0.2666533291339874,0.24080730974674225,0.29480522871017456,0.3006269037723541,0.055981350816319546,0.03771911487275349,2145.4586690432357,1098.2518233173153,3252.8177893181696,747.3101055355138,3866.0343179016822,2440.3758089561493,0.04015348571635731,0.043302377846107055,19.101939939591634,5.962504045643249,11.47231517776874,3.6359440206983744,17.131900519125796,3.728550484208365,19.20373166748026,4.6080356966773985,15.720292083289298,2.5526347173469226,19.0192278456854,4.393334518503577,34.707162495963125,6.031572831668744
original_mix,12.5,17.5,-282.1388854980469,77.64080810546875,160.99032592773438,36.95823669433594,4.950479030609131,34.43924331665039,34.04283142089844,28.9478816986084,-2.338618040084839,16.70188331604004,-0.9066038131713867,10.930941581726074,-9.93986988067627,11.305862426757812,-14.045586585998535,10.585378646850586,-10.330972671508789,9.14100456237793,-11.715078353881836,9.361688613891602,-8.740674018859863,7.774928569793701,-1.5350357294082642,5.979702949523926,-16.056440353393555,6.3675713539123535,0.384752094745636,0.3746258616447449,0.4783104360103607,0.493714839220047,0.4676956534385681,0.3578490614891052,0.3117068409919739,0.37416064739227295,0.2699568569660187,0.3318016827106476,0.34286653995513916,0.28903403878211975,0.06800155518382027,0.048403914232928294,2060.796613532064,1209.0228989440286,2961.350729514241,666.4984893646318,3529.3469493184457,2565.6238128153013,0.045191505945475635,0.04810626513915691,20.292643659840863,5.551602094870906,11.486506109365635,3.5569383318373506,15.76308432234406,3.976634772660369,18.421817980458968,4.668546209097994,16.62390891649056,2.8476784117596443,19.052499839004646,3.8213679566420566,36.05077211040803,6.480465705286755
original_mix,15.0,20.0,-283.0340270996094,74.90267944335938,174.683837890625,33.04735565185547,11.397889137268066,30.776968002319336,26.28709602355957,28.659465789794922,-6.339250564575195,15.691008567810059,0.40131130814552307,12.338715553283691,-7.739202976226807,11.589332580566406,-13.912349700927734,11.284899711608887,-11.52181625366211,9.067838668823242,-14.930898666381836,9.07706356048584,-11.596240043640137,7.951724052429199,-1.050754189491272,6.177201271057129,-14.941404342651367,9.46605396270752,0.3912128210067749,0.32937100529670715,0.3950996696949005,0.36541613936424255,0.34250667691230774,0.2727464437484741,0.33462998270988464,0.5565712451934814,0.3308652937412262,0.2623790502548218,0.24566875398159027,0.23771752417087555,0.07997928198487465,0.05439470185083977,1761.45062342323,1030.3567963844362,2770.6682580604406,614.0211293472523,2848.0783697070765,2244.691907805411,0.0371161724187935,0.038900782605186104,19.586274747843923,6.314366755380602,11.233897404822805,3.4533723061713,17.0164011520194,4.154631061034296,18.875397104150014,3.7721644160452965,17.79268469105076,3.1037936972122964,20.587910812519628,6.189258949250905,35.30032427349483,6.374957008972004
original_mix,17.5,22.5,-299.0120849609375,71.69200897216797,173.34523010253906,33.254886627197266,17.64311981201172,27.281770706176758,29.691370010375977,28.391586303710938,-1.6256757974624634,14.603006362915039,-1.2936097383499146,13.229874610900879,-9.303813934326172,11.570317268371582,-10.177000045776367,10.494752883911133,-13.416786193847656,8.783843040466309,-17.565515518188477,6.771860599517822,-12.661669731140137,7.000616550445557,-2.5285496711730957,6.484789848327637,-12.484212875366211,9.630735397338867,0.4020461440086365,0.28795576095581055,0.28613486886024475,0.2471063882112503,0.3277420103549957,0.21745015680789948,0.2900755703449249,0.6251144409179688,0.3589288592338562,0.17651210725307465,0.2062283605337143,0.2225930541753769,0.07316520640717306,0.04476272810616812,1722.2097710509322,1024.0040995272836,2799.1018910744324,592.0725652420982,2782.629422853828,2325.986786860442,0.034852631960556844,0.03533338126231999,18.075514163024863,5.952094495718098,10.349690973866178,3.4902926429727557,18.63813712298643,3.5388878001001056,19.205959410555,4.302494524529137,18.42907248461133,3.7434112447221564,20.595387776138246,6.247308803444079,34.353130534464746,6.487228087358298
original_mix,20.0,25.0,-286.8899841308594,71.92252349853516,163.80572509765625,31.679624557495117,13.665782928466797,35.663272857666016,28.800073623657227,27.813888549804688,2.6163854598999023,9.833779335021973,-8.840185165405273,10.564419746398926,-11.112504959106445,9.415319442749023,-6.956005573272705,10.106399536132812,-12.92087459564209,7.979404926300049,-22.889490127563477,8.422635078430176,-9.141738891601562,7.6941094398498535,-4.386142730712891,6.471415996551514,-11.567784309387207,7.808048725128174,0.4800373911857605,0.32972222566604614,0.2551535367965698,0.2712530791759491,0.43547770380973816,0.32984232902526855,0.3244476318359375,0.5261790752410889,0.3436107337474823,0.20688825845718384,0.231673002243042,0.2536909878253937,0.07241458295825048,0.049038150322653656,1764.5757205066407,944.8597109645643,2756.4511679327966,571.4455150317219,2885.3492966937356,2127.518735802316,0.037211336281902554,0.03401223240130905,17.46800880639331,5.81800197915437,10.70208943051025,3.6841829126870373,17.547952084554236,4.133051606973113,18.520689406201612,4.50404426592892,17.363054028249053,3.7379202986433926,21.844177724934557,4.897859542442814,33.98796115812421,6.3690526430379695
original_mix,22.5,27.5,-260.0699157714844,85.27801513671875,149.46505737304688,35.86825180053711,0.0835077092051506,36.71061325073242,37.09116744995117,31.74054718017578,-2.606130838394165,16.418771743774414,-8.703445434570312,11.295638084411621,-3.386794090270996,11.088434219360352,-8.716597557067871,13.115297317504883,-14.631022453308105,7.845485687255859,-22.01957130432129,9.511462211608887,-11.418444633483887,8.428446769714355,-4.769022464752197,7.365601062774658,-12.874983787536621,7.297610282897949,0.4367466866970062,0.3178407847881317,0.3027418553829193,0.3247765004634857,0.4517638087272644,0.4878808856010437,0.41409286856651306,0.43958666920661926,0.3214177191257477,0.2754966914653778,0.27129659056663513,0.2749220132827759,0.08383892381049503,0.06532588297197801,2136.8673586564196,1142.1238548080073,2863.5240001642887,594.9553647154526,3787.5455427059164,2426.649929473087,0.0498964526537123,0.049939995455876324,18.616956957257344,5.895108493019751,12.231946452227989,3.978421386644037,16.79049209960672,4.511514782114891,17.60640631106339,4.392361885242737,16.950743602531524,3.633871142601621,20.684947313865287,5.088265361480352,36.37415514955801,7.718978469842026
original_mix,25.0,30.0,-260.9827880859375,93.41416931152344,137.9609375,34.46474075317383,1.3790087699890137,38.013999938964844,44.6312370300293,36.10018539428711,-6.970759868621826,18.326929092407227,-5.181877613067627,12.733663558959961,-0.20623071491718292,9.877948760986328,-9.283279418945312,12.58066177368164,-11.419182777404785,8.609463691711426,-16.00129508972168,7.3907856941223145,-12.465105056762695,7.3191704750061035,-4.9851908683776855,6.627148628234863,-12.850380897521973,6.909878730773926,0.28817030787467957,0.24891626834869385,0.2722487449645996,0.29359525442123413,0.37861743569374084,0.4171609878540039,0.41955068707466125,0.6265936493873596,0.4234609305858612,0.2757018804550171,0.22816738486289978,0.22485598921775818,0.08002494780774598,0.059453875403281196,2377.7028698115555,1302.2153213711254,2996.736509841037,532.234383852725,4294.799861332656,2681.3723047181916,0.05707679270591647,0.05804594699971695,19.220985580060933,5.690089605485202,12.3268442473556,4.231578467039814,18.55105666192169,4.719051817319622,19.085752841804716,4.640731748463338,17.98079117272987,3.925151653317504,18.271873388663934,4.459049802880781,37.48957074776532,8.688682388142883
original_mix,27.5,32.5,-273.1495666503906,77.21265411376953,136.62237548828125,30.942138671875,13.104829788208008,34.8782958984375,37.1741828918457,31.429283142089844,4.380890846252441,17.82014274597168,-3.8937113285064697,12.402920722961426,-5.5662665367126465,11.059465408325195,-8.498409271240234,10.484084129333496,-6.954200267791748,8.445775032043457,-16.47756576538086,7.23690128326416,-10.766766548156738,7.104268550872803,-7.001365661621094,6.465734481811523,-15.007473945617676,7.707736015319824,0.35771963000297546,0.2610195577144623,0.20987854897975922,0.2210323065519333,0.263771116733551,0.2631007432937622,0.3681374788284302,0.7113044261932373,0.4298093616962433,0.1864682137966156,0.17233525216579437,0.20722395181655884,0.0766592920950145,0.062049936250669395,1969.1201637273143,1132.2644114139944,2774.8356979760456,493.1003781427529,3500.869163283063,2360.0522885508885,0.04249746229698376,0.045754117849506476,18.634523631781956,6.1603626220603145,12.785614400383366,4.129197774376316,20.176370368586866,5.114197348237221,20.364870194561984,5.247569669954932,18.867869850534234,4.617383171105075,20.537892161075323,5.038022126842272,35.43836120806158,7.813677763423619
original_mix,30.0,35.0,-277.3464660644531,73.98114013671875,149.1065216064453,27.43355941772461,15.552334785461426,33.46847915649414,21.47647476196289,22.38206672668457,4.936312675476074,17.11762809753418,-6.642746925354004,14.385724067687988,-14.601648330688477,11.209668159484863,-12.45516300201416,11.356513023376465,-7.658690452575684,10.803937911987305,-17.7816162109375,9.251289367675781,-11.258086204528809,8.822822570800781,-6.948493480682373,8.316510200500488,-11.881013870239258,9.702126502990723,0.4486406147480011,0.2803608775138855,0.22689086198806763,0.22710539400577545,0.3692020773887634,0.2904759645462036,0.30975136160850525,0.5165243744850159,0.3038043975830078,0.20481549203395844,0.2024841606616974,0.22443625330924988,0.07818228360740878,0.06699587579412677,1685.1494617950993,777.5054911772315,2661.398698866282,498.66225629134317,2792.721550536543,1881.3387416945038,0.035659258990719256,0.028745789416191,17.519195076808835,6.153250258625473,12.282532913067667,3.6501510112889486,18.87109890176416,5.621026039866285,20.93343115894189,5.478081669943069,19.140523074333174,4.406605649107844,22.61908494289128,5.538936420034302,33.99253106183288,6.685721052806916
original_mix,32.5,37.5,-303.9016418457031,76.73358154296875,161.9561767578125,30.775833129882812,13.289128303527832,37.03629684448242,14.620418548583984,23.330028533935547,-2.580568313598633,13.3442964553833,-13.015132904052734,14.50137710571289,-19.089998245239258,9.433793067932129,-9.531984329223633,11.678008079528809,-7.460590839385986,10.340662002563477,-16.705089569091797,10.70462417602539,-7.198594570159912,9.686314582824707,0.15867498517036438,8.861154556274414,-6.111256122589111,10.664468765258789,0.3102976083755493,0.23819713294506073,0.3627098500728607,0.30503058433532715,0.49035099148750305,0.3250710070133209,0.27362507581710815,0.474691241979599,0.26123809814453125,0.20076505839824677,0.16836893558502197,0.17648474872112274,0.06073815296263609,0.0454472331078621,1752.3154645174452,951.4173713370669,2625.4608664425778,576.832369154349,2678.9602894794084,2067.409791439554,0.04384788283062645,0.036025999754956094,18.60716836346642,5.695308241780266,11.398799030727412,3.4590090291986697,17.398361323679428,4.684413521306317,21.881064182353537,5.351645790095551,19.80884056721359,4.393971992006844,24.07555171128093,6.039691707192802,32.52403215766537,6.867154339125107
original_mix,35.0,40.0,-304.75506591796875,69.01858520507812,164.3095703125,34.30165481567383,13.396321296691895,29.85151481628418,18.55238151550293,26.39410972595215,-3.054778814315796,15.47504711151123,-10.923982620239258,14.432287216186523,-10.677115440368652,12.679577827453613,-2.7096962928771973,10.939018249511719,-4.265153408050537,7.653775691986084,-16.77444076538086,9.671249389648438,-8.926533699035645,10.319635391235352,-0.12315789610147476,8.309195518493652,-8.944363594055176,11.010302543640137,0.22122494876384735,0.21076303720474243,0.3488171100616455,0.34969693422317505,0.4806976020336151,0.40051013231277466,0.3379037380218506,0.5290365219116211,0.2985970973968506,0.2150489240884781,0.1927761435508728,0.16502907872200012,0.06230276539325368,0.05606100412212871,1806.6940356253556,1019.066807932737,2708.975515912696,779.9947118571594,2935.9598181917054,2138.0670167606004,0.040368737311484916,0.03724467814342115,19.492622293283272,5.889407414256901,11.662728229035839,3.585745629787188,17.14366352054613,4.299831455460762,20.56948817150309,5.233405664263258,19.26932537087958,4.665384916805021,23.180694496065644,6.100660280862372,33.12574383673246,6.429013840387072
original_mix,37.5,42.5,-294.3670654296875,67.14002990722656,170.14370727539062,33.7280387878418,17.27593421936035,23.324657440185547,23.66325569152832,24.03546142578125,-1.2281156778335571,17.93501853942871,-6.74028205871582,17.981327056884766,-8.204330444335938,13.065308570861816,-3.2531614303588867,10.962240219116211,-3.148404121398926,7.338929653167725,-16.74305534362793,8.33995532989502,-12.0701904296875,8.709617614746094,-6.0512285232543945,6.60278844833374,-13.707693099975586,6.158518314361572,0.366645872592926,0.2972257137298584,0.2936435043811798,0.3221021890640259,0.37297606468200684,0.3778134882450104,0.3517953157424927,0.48380663990974426,0.3214239478111267,0.2674614489078522,0.27626171708106995,0.2617611885070801,0.07659229320925585,0.06851361646882945,1687.8925109127956,1099.6136572058858,2698.8413987905456,807.1680011901859,2738.513835013051,2320.4098118207467,0.03490701131090487,0.041529773050644474,19.297404146278524,5.641344600666187,12.007360957890741,3.7503327455573827,17.41210534006091,4.676992180490649,18.95168189329539,3.807821325463766,17.220809541890535,3.142084387088469,20.738089188804178,5.116712132873978,33.79369062306796,6.1555496586092415
original_mix,40.0,45.0,-302.0794372558594,88.41771697998047,170.1117706298828,36.25646209716797,10.70659065246582,31.413604736328125,30.925596237182617,24.039884567260742,-0.21150197088718414,19.25918197631836,-5.695479393005371,17.881738662719727,-12.57509708404541,11.634373664855957,-5.984309196472168,9.59737491607666,-3.9071216583251953,8.153604507446289,-15.117685317993164,8.070755958557129,-8.555734634399414,7.953267574310303,-4.150988578796387,8.043136596679688,-15.00597858428955,7.628225803375244,0.45529690384864807,0.36796697974205017,0.3853062689304352,0.37489429116249084,0.39572909474372864,0.37095412611961365,0.339374303817749,0.4252483546733856,0.2671222984790802,0.2153564840555191,0.25728917121887207,0.29344117641448975,0.07087917352341583,0.05911242761185276,1767.1865900803257,1157.8602958634926,2685.4230802132374,736.7163509628027,2944.50315400232,2448.1960101286268,0.03923016966357309,0.04596836617931639,20.115055253269386,5.328109286460206,11.784895114740848,3.716770768133417,17.118546689370646,5.07999080282999,18.88607709135133,4.368201300885782,16.484162250731345,2.8113676711522335,20.82706140510351,5.400651785165321,34.071278242971346,6.771730333499852
original_mix,42.5,47.5,-309.509521484375,93.86908721923828,174.8700714111328,35.22454071044922,7.211044788360596,35.10808181762695,25.913667678833008,28.127391815185547,-4.361601829528809,17.48528289794922,-4.568246364593506,13.52161979675293,-8.07051944732666,9.953237533569336,-5.490833759307861,9.586644172668457,-6.243391036987305,8.009917259216309,-13.74688720703125,8.33346176147461,-8.075621604919434,8.786044120788574,-0.23564618825912476,7.870988368988037,-12.880777359008789,7.812928676605225,0.3936571478843689,0.3680309057235718,0.5301966667175293,0.39814406633377075,0.35947319865226746,0.2822938561439514,0.31048741936683655,0.4484427869319916,0.21086446940898895,0.18563421070575714,0.21219731867313385,0.264174222946167,0.05831154931570012,0.04079631167229314,1798.7721694924492,1010.5432716830907,2708.6566244273517,644.8422677281003,3015.048125725058,2246.3653868495003,0.041201421113689095,0.03932138562846506,18.64747865450892,6.146850032622344,11.716709562298465,3.7750048576513233,16.45878886191654,4.686092714802554,20.72619933882262,5.115062468983299,18.004774060632,4.7103316422611625,21.72377781694713,6.2389418643110846,33.81727873299821,7.240090846785861
original_mix,45.0,50.0,-318.8797912597656,70.95484161376953,184.6844482421875,30.188798904418945,16.50942611694336,31.022727966308594,15.199735641479492,26.830408096313477,-3.178567886352539,13.009772300720215,-8.937694549560547,13.837068557739258,-3.3144948482513428,8.034061431884766,3.1702980995178223,11.274428367614746,-3.7742419242858887,7.890641212463379,-14.029038429260254,6.745852947235107,-8.391796112060547,9.140791893005371,-2.10109281539917,7.871020317077637,-9.71180534362793,6.333491325378418,0.3338848352432251,0.26870712637901306,0.39659106731414795,0.31382161378860474,0.3216758668422699,0.18845994770526886,0.2724716067314148,0.5349355340003967,0.27587583661079407,0.18394835293293,0.1926923394203186,0.23642505705356598,0.05814940906118973,0.04268895847652459,1517.3323727386012,833.9336897075033,2450.87983867395,571.2725068634996,2360.059046911253,1904.296287967216,0.03752061883700696,0.030271475608738774,17.801476095585812,6.457215475587629,11.785588355008969,3.7946861365535756,17.433218696536137,4.304422913200623,22.290166156900433,5.000743514685075,19.22729983676561,4.854937535385999,22.8142989761334,5.928464590356723,31.739130659851387,5.8935474084435
original_mix,47.5,52.5,-302.6847229003906,83.90961456298828,171.4037628173828,42.82941818237305,14.005370140075684,33.499446868896484,26.485118865966797,35.250144958496094,-6.401870250701904,19.050947189331055,-7.736398220062256,17.0743408203125,-3.1775777339935303,10.480379104614258,0.6975661516189575,13.360021591186523,-3.2980778217315674,9.206310272216797,-14.288082122802734,7.736968040466309,-9.520564079284668,9.039993286132812,-3.283337116241455,8.27627182006836,-12.16460132598877,7.217982292175293,0.3627457320690155,0.2907125949859619,0.3113284111022949,0.32200345396995544,0.3993813395500183,0.30304354429244995,0.25656935572624207,0.444740891456604,0.3309650123119354,0.32674530148506165,0.2595871090888977,0.23765817284584045,0.06986207189578607,0.054841266200075275,1794.9076803997168,1304.5913345019003,2455.783422214461,601.0246896436889,2894.042515588747,2468.003997784206,0.050656630655452436,0.05658495806568864,18.08140168666709,5.360488458184634,12.022680910531946,3.95799135488141,17.25676838087701,4.146051885114993,21.86465970994893,5.086134390074993,18.679752356023076,4.080163173615819,22.475768252104267,6.069762575593279,33.83137126757981,8.21043829044098
original_mix,50.0,55.0,-299.2713623046875,82.07832336425781,160.3651885986328,41.90393829345703,6.359279632568359,34.75314712524414,32.7816162109375,38.803855895996094,-5.138309478759766,19.81873321533203,-4.231532096862793,15.244440078735352,-2.40852427482605,11.833434104919434,-5.318434238433838,11.347441673278809,-5.822378158569336,8.922606468200684,-14.945939064025879,8.796442031860352,-8.586342811584473,8.47641372680664,-1.9161306619644165,8.569853782653809,-14.00020980834961,7.9367756843566895,0.4482302665710449,0.3525516092777252,0.31559962034225464,0.2830994129180908,0.3503538966178894,0.28743624687194824,0.2780757546424866,0.5310880541801453,0.36304396390914917,0.3560389578342438,0.28588128089904785,0.2647019922733307,0.06080868936375026,0.043574473815978856,2030.121563644685,1357.8663421264828,2611.238035395612,536.2854959392054,3450.6583300101506,2552.729255778356,0.05445525485788863,0.059895632944494764,18.085980108490137,6.097153000976056,11.886147152370302,3.7394238830623787,18.19151263985652,4.450685306147199,21.299940741411415,5.123562037222601,19.611385342417456,3.9759733370392483,22.405422572013574,6.182874249343006,35.28001299723727,8.819732690251506
original_mix,52.5,57.5,-315.2789001464844,68.05792236328125,179.22079467773438,39.565406799316406,3.7279953956604004,32.88820266723633,28.075387954711914,34.23855209350586,-1.3710857629776,14.671643257141113,-6.629001617431641,14.313652038574219,-2.8768703937530518,10.439558982849121,1.752724289894104,11.054469108581543,-5.668147563934326,7.885430335998535,-16.167619705200195,9.142473220825195,-7.041133403778076,8.903987884521484,1.9615426063537598,10.328542709350586,-15.07007884979248,8.376721382141113,0.45868584513664246,0.32590624690055847,0.3044570982456207,0.2272716611623764,0.29762038588523865,0.19542399048805237,0.2883504629135132,0.7215203642845154,0.4205629527568817,0.22249546647071838,0.21797746419906616,0.26929253339767456,0.05413486931706388,0.027708148419693372,1752.3736668056727,1049.5406888915318,2488.3827120140045,576.0706757783471,3070.604789008121,2173.1315427411455,0.04285319388051044,0.040107433275673086,18.920475565304788,5.451318240860953,11.903396606428233,3.8333333485931638,19.09851075771225,4.309584281857717,21.64021666713909,4.37808002964106,21.100165237729804,5.431194673048679,23.51668846581392,6.093719088443767,33.34672239132938,6.9994086922932715
original_mix,55.0,60.0,-311.1122741699219,74.45186614990234,176.78485107421875,42.34212112426758,0.36133548617362976,33.4352912902832,25.069379806518555,38.30031204223633,-4.974361896514893,12.401079177856445,-9.990352630615234,15.478018760681152,-7.4913649559021,11.162221908569336,3.2646257877349854,10.902894973754883,-4.005781173706055,9.485915184020996,-16.177814483642578,8.619779586791992,-6.8020195960998535,8.845375061035156,-0.6059408783912659,11.670018196105957,-17.106491088867188,9.199079513549805,0.5364739298820496,0.27738305926322937,0.2997569739818573,0.2018858939409256,0.27855873107910156,0.14336644113063812,0.28407761454582214,0.5667048692703247,0.28749334812164307,0.15179143846035004,0.16047163307666779,0.27309954166412354,0.057393771432028985,0.028704550594882923,1862.909690647048,1140.4695288394219,2447.6202157511693,670.0017246970596,3267.451239849188,2414.3961776006795,0.05025671584976798,0.04202176182431175,18.031390609153387,5.7367456906350744,12.151761711948575,4.119389627350597,18.539072996137083,3.7793966946596123,23.585246359481875,4.807216708727074,21.057394195734126,5.721223115108981,23.863444674693476,6.404340060763918,33.342728266874175,7.869655587562183
original_mix,57.5,62.5,-303.62054443359375,72.42646026611328,155.87240600585938,29.374719619750977,12.57238483428955,30.43202781677246,5.437212944030762,40.37688064575195,-7.641629695892334,11.022903442382812,-3.13547420501709,15.612914085388184,-4.2014336585998535,13.452571868896484,0.4507792592048645,11.089442253112793,-3.0650484561920166,8.96534538269043,-16.047351837158203,8.707080841064453,-9.520069122314453,11.513442039489746,-7.521631240844727,10.78281307220459,-14.415863990783691,9.656656265258789,0.6083000898361206,0.20154619216918945,0.13931922614574432,0.1364259421825409,0.3345073461532593,0.3293718099594116,0.2873938977718353,0.33177104592323303,0.16685298085212708,0.18117275834083557,0.1449798047542572,0.25750696659088135,0.06901538716261804,0.06910469017758966,1706.256204582782,1043.904578136354,2288.355947298473,651.5012752422859,2820.9994924593966,2271.7849492996916,0.04770994960846868,0.0363555128656053,17.174551955912566,6.265029616513875,13.731204216173388,4.588399912454661,19.142208847396205,3.9680849325968333,23.66298678814379,4.700727594643153,22.72710400065442,6.2465279715874,25.82530891505142,6.7406892216295775,31.808376449758292,7.847427136648436
original_mix,60.0,65.0,-277.8502197265625,82.58099365234375,161.2058868408203,32.78008270263672,9.657659530639648,31.226076126098633,11.597676277160645,36.287906646728516,-9.196800231933594,11.530050277709961,0.6044405102729797,15.884749412536621,-6.665095806121826,14.084747314453125,-6.300494194030762,13.865691184997559,-1.9321424961090088,8.281416893005371,-16.445960998535156,11.37585163116455,-13.463735580444336,11.3880033493042,-7.085993766784668,9.278045654296875,-16.36837387084961,8.729308128356934,0.5442482829093933,0.23606808483600616,0.20137478411197662,0.24131618440151215,0.40863949060440063,0.48890966176986694,0.37368491291999817,0.2789161801338196,0.15821707248687744,0.256589412689209,0.23412024974822998,0.3170732259750366,0.09661087523843324,0.08959489032254943,1704.7263852057094,1067.966109825542,2386.277338924616,631.353396323056,2750.7542869054523,2270.704258018049,0.04480178726798144,0.03939472668509579,18.869203428731684,6.098242173323768,13.737009279041269,4.625319531292048,17.432028289649033,4.384389202592427,22.064195604475277,4.6133999098674146,21.61812489109272,6.306446151740843,24.442603433652614,7.208861681723341,34.23278849753828,8.597310072298052
original_mix,62.5,67.5,-275.27484130859375,81.76863098144531,164.34596252441406,36.477508544921875,6.397407531738281,33.511444091796875,24.380393981933594,32.142066955566406,-6.555990695953369,12.124016761779785,-5.32133674621582,15.041729927062988,-12.917535781860352,9.147906303405762,-8.011548042297363,13.484221458435059,1.804712176322937,8.704668998718262,-10.154942512512207,13.039299011230469,-10.064618110656738,12.500092506408691,-6.267184257507324,8.59367847442627,-17.848081588745117,10.359389305114746,0.4485829174518585,0.2400137037038803,0.2926219701766968,0.32952746748924255,0.4763423502445221,0.5349510312080383,0.3763657808303833,0.2946534752845764,0.17373710870742798,0.28382402658462524,0.2762545049190521,0.30814310908317566,0.089807373854027,0.07078250054738124,1804.6943210946574,1129.3600321252884,2546.2048293627727,594.5080170970626,2974.329887797274,2441.4359947254343,0.044418866009280744,0.04369227773026298,19.457022134702797,6.241841427972715,13.422005170730513,4.698164741638169,15.661763796423262,3.9199132786939543,22.58728268125362,5.260367803278469,18.439998190145097,3.913750664142488,22.44954154054578,5.905622270235012,35.71466896860336,7.910860125583389
original_mix,65.0,70.0,-286.21234130859375,77.38739776611328,163.7400360107422,31.624591827392578,12.968269348144531,34.63335418701172,22.823801040649414,29.596696853637695,-5.94219970703125,15.45376968383789,-7.307665824890137,12.305994033813477,-9.11266803741455,8.781611442565918,-8.39605712890625,15.735219955444336,-0.9942746162414551,9.713857650756836,-10.740272521972656,13.05639362335205,-8.663249015808105,11.533374786376953,-6.370910167694092,8.813767433166504,-13.974326133728027,10.2597074508667,0.4163227379322052,0.23540562391281128,0.20738118886947632,0.2518009841442108,0.38066932559013367,0.4641784429550171,0.3733850419521332,0.4366777539253235,0.2715207636356354,0.26433342695236206,0.26994451880455017,0.25565609335899353,0.07903202561328831,0.06565573824909653,1672.6877792105515,992.3345067962846,2481.270269218892,571.7428996840241,2771.238308439675,2120.8281195312943,0.0401330934599768,0.03916152486517831,19.644860716149378,5.945347305966363,12.658007418643532,4.791500819690454,16.029470357883163,4.469143647586801,21.834576469998545,5.850856132870737,18.687177600128056,3.8246493823792127,21.543580145270237,5.039576384645991,34.36929210475768,7.483469908513311
original_mix,67.5,72.5,-295.0066223144531,75.72900390625,168.67977905273438,33.86946105957031,13.935546875,36.70661544799805,15.573563575744629,29.3114070892334,-0.6804862022399902,18.531055450439453,-5.544661998748779,13.475164413452148,-7.860599517822266,10.339127540588379,-9.576004028320312,15.017443656921387,-7.1970672607421875,8.770668983459473,-15.786405563354492,11.274140357971191,-7.742709159851074,9.835044860839844,-0.7947019338607788,9.599286079406738,-9.675069808959961,9.924436569213867,0.2571336328983307,0.2544337809085846,0.3827286958694458,0.28760650753974915,0.24682797491550446,0.19625677168369293,0.2870577573776245,0.5797643065452576,0.3589092493057251,0.20217303931713104,0.16583679616451263,0.1725221574306488,0.07812627673088605,0.06673245988651647,1537.0830706737163,855.6966526603043,2304.507545425016,742.1335269185911,2525.1302838602087,1840.9458636889085,0.03547686158642691,0.03238619125391207,17.575044754583658,5.610000347453459,12.330063288946874,4.1831570193971155,18.646951092285967,4.893112444302195,20.774424919275248,5.113493558421552,19.97793440244126,4.7698110928269335,22.87670985978163,6.937850176806078,32.68293523053191,7.205018905674505
original_mix,70.0,75.0,-316.43157958984375,73.9800033569336,191.788330078125,31.467954635620117,-7.807422161102295,58.14677429199219,-10.354806900024414,26.19741439819336,13.188676834106445,21.78499412536621,-5.891482830047607,15.728474617004395,-12.901352882385254,15.413496971130371,-6.598626613616943,12.419794082641602,-4.413907527923584,11.050341606140137,-13.083297729492188,10.11113452911377,-11.621274948120117,12.113662719726562,-1.654936671257019,10.639187812805176,-6.150524139404297,10.009291648864746,0.18932496011257172,0.29898330569267273,0.5063740015029907,0.3244399428367615,0.2691974937915802,0.13608364760875702,0.17800424993038177,0.42958447337150574,0.3281213045120239,0.20604370534420013,0.12709283828735352,0.13683000206947327,0.08290712778259872,0.06159039572199464,1331.455073131808,577.9681967533614,1583.895784295076,770.420942400385,2034.2631824608468,1123.5839174961166,0.040832094692575406,0.02743511074964469,13.747345603923188,5.131540460499955,13.630548562135136,3.765405912924937,20.063784272681897,4.189475160765222,21.279991765328962,5.005625009149199,22.0887270358362,4.809936877113404,29.19423241304509,7.9520208841722715,28.432371537016436,6.034283670221126
original_mix,72.5,77.5,-285.2371520996094,74.46055603027344,205.7470245361328,25.177404403686523,-26.92677879333496,61.58978271484375,-19.61195945739746,22.60599708557129,12.505491256713867,25.572410583496094,-13.375548362731934,20.67623519897461,-19.59235382080078,15.362403869628906,-5.94149112701416,15.164194107055664,-0.15659794211387634,10.580183029174805,-14.185436248779297,12.430720329284668,-19.32756233215332,10.692378997802734,-4.979928493499756,8.705957412719727,-4.216973781585693,9.29543685913086,0.3770495057106018,0.3734905421733856,0.4440634250640869,0.3356883227825165,0.39952898025512695,0.22608409821987152,0.18597547709941864,0.38952913880348206,0.3296078145503998,0.2427673637866974,0.17981396615505219,0.2294333130121231,0.1051291949450624,0.06685414226646513,1356.7028830930456,586.6138666467717,1135.1655737609528,246.40075213828047,2148.723897911833,968.9682504460113,0.05101689385150812,0.027535224216726672,13.305238059395686,5.210476160978098,12.55830599609561,3.896992489324761,17.925784473817185,4.076567716636357,19.665394165602194,4.9329861140712294,20.958257201630417,4.833185027134008,32.04653358897507,8.534174040031703,28.893345801352172,6.665073619543144
original_mix,75.0,80.0,-277.8788757324219,78.46459197998047,213.45123291015625,20.067480087280273,-32.00381088256836,64.76870727539062,-19.0112247467041,18.985607147216797,11.88708782196045,25.540725708007812,-18.30849838256836,19.52727699279785,-19.393823623657227,15.465252876281738,-3.8856492042541504,14.94251823425293,-0.23463910818099976,11.807107925415039,-11.935880661010742,12.812095642089844,-13.735284805297852,12.781092643737793,-2.170145034790039,10.043597221374512,-6.7155632972717285,9.860027313232422,0.37381333112716675,0.3073788285255432,0.33738476037979126,0.26788845658302307,0.31008365750312805,0.22748936712741852,0.2442917376756668,0.5188887715339661,0.3814552128314972,0.32048511505126953,0.21971827745437622,0.23193123936653137,0.11559406119094094,0.07054939162911508,1365.6877719379768,537.8102236227627,1132.369754325455,164.8873511187382,2172.7551524434457,949.1705076744967,0.0514711880075406,0.02489880581137786,16.635703034850618,5.987400160770026,11.510441475906719,3.3774666838954137,18.024653915268384,4.081549450827507,20.86000965427023,5.667593605327643,21.154823072686394,5.004483610196683,32.4615398717441,9.7754530659299,29.687760886424666,5.714190696081037
original_mix,77.5,82.5,-270.9924011230469,73.58416748046875,218.08567810058594,20.344919204711914,-47.40596008300781,61.07179260253906,-22.247058868408203,17.423309326171875,17.518861770629883,28.259380340576172,-17.95973014831543,17.258878707885742,-20.879316329956055,18.283857345581055,-3.152650833129883,14.842231750488281,1.1052591800689697,11.82762336730957,-10.782071113586426,10.387495994567871,-12.515717506408691,12.484082221984863,-2.906405210494995,11.353336334228516,-8.6549072265625,9.330079078674316,0.3578813970088959,0.30110278725624084,0.32899606227874756,0.27101099491119385,0.30565792322158813,0.24283790588378906,0.28079408407211304,0.47257545590400696,0.378277063369751,0.35780128836631775,0.2604059875011444,0.2528124451637268,0.11554238975929688,0.06511917036379858,1447.8364605011943,502.95950107609303,1121.6568248564884,170.31345583446506,2307.200279147332,849.606061535488,0.05384801877900232,0.02312472649129145,17.31884154882378,6.303353945776802,12.81988779301436,3.8196045256256905,18.271878893998164,4.254637857523683,20.0646938291244,5.618326566648627,20.126493532155884,4.9251020624370465,34.50675783462892,9.412037877157767,29.594613193953055,5.42672686102662
original_mix,80.0,85.0,-263.458984375,59.97590637207031,220.00218200683594,20.740840911865234,-43.54434585571289,48.945526123046875,-18.54058265686035,19.00787925720215,27.695701599121094,25.502918243408203,-12.53244400024414,16.7021427154541,-22.760934829711914,16.36465072631836,-1.7839511632919312,13.798925399780273,0.4029478132724762,9.040117263793945,-16.16871452331543,9.948790550231934,-16.126981735229492,10.773788452148438,-3.4741029739379883,10.702314376831055,-6.443497657775879,8.496468544006348,0.4474447965621948,0.3811511695384979,0.4351949095726013,0.3157275915145874,0.3276529908180237,0.26069390773773193,0.30182358622550964,0.4336071014404297,0.3439086675643921,0.2583141624927521,0.20423085987567902,0.2647314667701721,0.11280948418060754,0.059916373044556284,1391.2711283004742,470.59968505114875,1182.322645741537,304.0955573753424,2324.137067684165,751.2902591920841,0.0488258591937355,0.023404977166864425,16.919902932756028,5.835974765380239,13.297712441603913,3.947231554822445,17.809490035437907,3.8797401012601385,18.18145955256514,4.356571707226551,18.54975104640594,3.9869685263872334,35.65315092723056,7.765975671673486,29.697364857532577,4.349496409485166
original_mix,82.5,87.5,-261.5332336425781,63.64548110961914,208.65008544921875,21.52769660949707,-37.37553405761719,50.5217170715332,-13.908588409423828,16.501911163330078,30.167272567749023,28.388540267944336,-9.864720344543457,18.046838760375977,-23.775440216064453,19.1921443939209,-2.121748685836792,13.624999046325684,2.3015880584716797,11.216755867004395,-15.057701110839844,9.418547630310059,-15.357151985168457,9.649016380310059,-3.5179057121276855,8.905385971069336,-7.045884609222412,8.301403999328613,0.4489646852016449,0.36766937375068665,0.4457296133041382,0.29770639538764954,0.29118335247039795,0.22237996757030487,0.25170883536338806,0.4677472710609436,0.3383459746837616,0.22236332297325134,0.16976982355117798,0.24833466112613678,0.1160884826096194,0.0664922603990822,1425.9194208142499,538.5114028599928,1216.5335527684194,327.94767014101546,2339.6249864051624,778.4496845719623,0.05101576094837587,0.028505343819525235,17.155267137906595,5.066806883032094,12.056685131306168,3.771575900755887,18.328480439082906,3.7980638757048575,19.219377327607724,5.169103848259765,19.02075010428035,4.33330241805417,35.89265757274232,8.015692204054533,29.7193912049031,5.040119513286199
original_mix,85.0,90.0,-259.33953857421875,86.15323638916016,183.0660858154297,40.14423751831055,-19.2447452545166,54.197628021240234,-8.189532279968262,17.562604904174805,10.97255802154541,29.62310791015625,-7.444100856781006,16.395221710205078,-17.106271743774414,20.122602462768555,-2.8045620918273926,12.00399112701416,1.2392932176589966,11.427425384521484,-8.10654067993164,9.672804832458496,-10.384026527404785,10.92176628112793,-3.6495258808135986,7.5835676193237305,-12.311269760131836,9.429308891296387,0.6065165400505066,0.3855225443840027,0.3028367757797241,0.25886833667755127,0.3619641363620758,0.3313477635383606,0.2776947319507599,0.4688352644443512,0.32892072200775146,0.3077806532382965,0.21113237738609314,0.2774641215801239,0.09245326565340888,0.058477321214968195,1858.5815622279076,1185.7228064198107,2087.867122245732,1288.140416657387,3163.2824961934457,2721.9387991957146,0.053490021389211134,0.03271663415246396,18.51318641046715,5.474179191352521,12.319581395266347,3.895499300289916,17.970059928281184,4.049070651851275,20.6930811255632,6.991737298273028,19.257243918744994,5.463547925175285,28.75113471316597,10.791747336704312,31.43712068792842,6.302744268044502
original_mix,87.5,92.5,-187.99610900878906,125.07217407226562,148.5225372314453,49.58849334716797,-24.550567626953125,44.596435546875,-3.4583990573883057,15.954608917236328,-10.160971641540527,14.55452823638916,-0.6689527034759521,8.716010093688965,-13.217888832092285,9.28104019165039,-3.7594432830810547,6.309107303619385,-10.18111515045166,9.913207054138184,-4.321030139923096,7.873189926147461,-10.718145370483398,8.297368049621582,-0.49615782499313354,7.029922962188721,-18.159690856933594,7.124558448791504,0.6378496885299683,0.4348895847797394,0.3381008505821228,0.3483351767063141,0.49295878410339355,0.5657076835632324,0.45514029264450073,0.4776887595653534,0.4206539988517761,0.45164239406585693,0.37736889719963074,0.41287264227867126,0.09897282678988306,0.047241679460611086,2717.5350164179845,1430.0671409100455,3392.5713803453614,1114.7382505436988,4995.853008084397,3288.9904737947145,0.06506602559454756,0.03732501316803658,18.042950638131337,6.12237310435242,13.202092283709282,4.206800003277016,15.301657800345309,5.03710406084515,17.26911676116913,7.10767715611293,16.955077730970597,5.167883337458044,19.197434992254646,5.607529546511175,36.89166577065588,8.134502266957083
original_mix,90.0,95.0,-177.4208221435547,98.43902587890625,161.68161010742188,52.97841262817383,-23.79182243347168,38.808677673339844,8.008563995361328,29.9378604888916,-7.89193058013916,16.663009643554688,-5.981274127960205,10.206075668334961,-16.309825897216797,10.641170501708984,-8.41051959991455,7.9345784187316895,-10.826162338256836,9.553301811218262,-12.099627494812012,10.828988075256348,-9.295646667480469,8.173805236816406,-3.23061203956604,8.125843048095703,-17.29250144958496,7.280149936676025,0.5166626572608948,0.43554219603538513,0.4681914746761322,0.39601796865463257,0.4637482762336731,0.48787766695022583,0.4247029423713684,0.45694252848625183,0.40140897035598755,0.4819395840167999,0.415368914604187,0.4346758723258972,0.12694622659213028,0.05424932798044681,2362.3529016829716,1363.0445794727505,2929.4219011271166,1099.8687157392787,4289.853719547564,2894.6542212556014,0.05945702218677494,0.03904759096872075,17.432820115413833,5.739088631489557,12.08109902168598,4.205172322531813,14.918477998321169,4.311961932434122,17.434673501130035,6.40945771179423,17.072820646689856,4.258476905255082,21.99287422094587,7.686323969400454,38.3687421024263,6.440254288518106
original_mix,92.5,97.5,-270.34552001953125,54.927032470703125,196.3997802734375,30.970304489135742,8.110970497131348,24.57404327392578,15.4941987991333,28.649978637695312,4.903330326080322,14.424997329711914,-7.204000949859619,11.159297943115234,-16.385669708251953,10.710521697998047,-9.45816421508789,8.699466705322266,-9.00992202758789,8.956930160522461,-18.582054138183594,8.511351585388184,-8.071953773498535,8.30548095703125,-7.519420146942139,7.637200832366943,-17.814207077026367,8.049033164978027,0.35721978545188904,0.3205323815345764,0.41488832235336304,0.29073336720466614,0.3317609131336212,0.5081192851066589,0.4082280397415161,0.4961695075035095,0.2963114380836487,0.263763964176178,0.20563668012619019,0.22372238337993622,0.1047057481849968,0.053922827305308216,1326.3822109044822,747.3025140301193,2163.540767620296,503.3364096501498,2099.4123631453017,1629.9144957295762,0.031124247752320186,0.02713886168955562,17.634743539750865,6.159546509800913,12.384131599761709,4.280680757072007,17.601630723976314,3.6222940445291374,20.691828838036905,5.079666889258526,19.649501460158596,4.088721678113428,27.244192447820957,7.339536556359607,33.251686861559755,5.376458896422585
original_mix,95.0,100.0,-291.7603759765625,55.80344772338867,200.36846923828125,23.76015853881836,7.499827861785889,25.833555221557617,11.68101978302002,23.806486129760742,4.840821266174316,11.991522789001465,-6.7013258934021,11.565949440002441,-13.64448356628418,7.950986862182617,-4.491552829742432,10.702418327331543,-7.83615255355835,9.964669227600098,-18.77601432800293,6.824263095855713,-8.910345077514648,7.878584384918213,-3.3484606742858887,9.70920181274414,-17.34111976623535,9.268170356750488,0.2303224354982376,0.22545921802520752,0.3928096890449524,0.2853352129459381,0.3883448839187622,0.475401371717453,0.4070577919483185,0.5977104902267456,0.3205249309539795,0.12050074338912964,0.12233803421258926,0.16034041345119476,0.08905913356665669,0.04112899361650717,1271.138690192689,524.2239574077499,2232.258431892435,410.5366626555113,1902.0163409947795,1282.3945042564803,0.028235344765081206,0.015268347978484932,17.74322201055601,6.0222194365677035,12.611045986799619,3.896465473969172,18.41563267247493,3.9388049056318706,21.078937841264768,4.5172208083497605,19.893095040275863,3.7196813661661166,27.778853566034194,6.637009755681209,32.05538721486503,4.872152149774221
original_mix,97.5,102.5,-283.11895751953125,56.968902587890625,201.46641540527344,28.023271560668945,7.143431186676025,25.81383514404297,13.804682731628418,28.181238174438477,-0.9634436964988708,12.218548774719238,-6.748443603515625,11.115039825439453,-11.792492866516113,8.909361839294434,-0.9377464056015015,9.715680122375488,-3.51812481880188,10.095277786254883,-16.164596557617188,13.15723991394043,-5.4881768226623535,9.352550506591797,-0.463706374168396,8.945625305175781,-16.02129364013672,9.682225227355957,0.34217604994773865,0.2082042247056961,0.2585887014865875,0.26548799872398376,0.41856861114501953,0.1931423544883728,0.2970220744609833,0.5493302345275879,0.3203752040863037,0.2652243375778198,0.19569028913974762,0.2300732284784317,0.09260246697856489,0.04368921024690084,1334.823591626268,585.1180760183222,2215.8331097991672,455.0497383695488,2051.899425391531,1551.0797768890409,0.032183512180974476,0.013980479550164375,18.971793011028137,4.839767846105212,11.64822906132627,3.797714172000326,18.16219520363729,4.191629769815145,21.996508201642378,5.291103033521278,20.516547994189622,4.14698820116343,28.076068631799952,6.748621936408563,33.203695506475526,5.442466316166786
original_mix,100.0,105.0,-251.4891815185547,61.96648025512695,177.03509521484375,32.035797119140625,15.191856384277344,28.95529556274414,20.09050750732422,32.4264030456543,1.2145802974700928,15.755112648010254,-3.4025375843048096,11.581429481506348,-11.40445327758789,10.704290390014648,-4.1280341148376465,10.000556945800781,-1.3810452222824097,9.933349609375,-15.521899223327637,14.618273735046387,-2.9648256301879883,10.433121681213379,-0.7342251539230347,8.901166915893555,-14.898727416992188,9.393352508544922,0.322468638420105,0.23416505753993988,0.2992420494556427,0.27250364422798157,0.3897063434123993,0.3141251802444458,0.3228025734424591,0.541678786277771,0.35149651765823364,0.3809216022491455,0.298706978559494,0.23820912837982178,0.09991228468111109,0.053485635576851084,1560.3298782136558,967.5428659675312,2351.3107567677043,556.4410747667598,2583.234959578016,2100.1386769913793,0.03785142655162413,0.034524163437660835,19.89446277385197,5.736810507017012,11.286578729292843,3.8330016336851576,17.316810148387553,4.011621102686647,22.067351465717415,5.629179643534952,20.42016320653631,4.324247421545928,27.904221953585424,7.203888472737347,35.195294640838604,6.5358219005366145
original_mix,102.5,107.5,-230.0948486328125,66.36490631103516,172.05506896972656,34.261962890625,8.649870872497559,32.06565475463867,31.826335906982422,31.404008865356445,1.7072833776474,15.590594291687012,-0.8414371609687805,10.673296928405762,-11.642760276794434,10.243196487426758,-6.518726825714111,10.83402156829834,-1.7703945636749268,9.360457420349121,-16.529985427856445,13.57911205291748,-0.8993860483169556,8.966644287109375,2.7823331356048584,7.226271152496338,-14.387717247009277,8.713135719299316,0.3299916088581085,0.3038657307624817,0.47558897733688354,0.4046441316604614,0.45521456003189087,0.4247979521751404,0.36708739399909973,0.4541264474391937,0.28865373134613037,0.3166920840740204,0.3550908863544464,0.29696565866470337,0.10908643965309014,0.06478003794707643,1746.8513961646383,1086.1746774727148,2482.6231368019726,555.5785974736009,3034.0832774434457,2294.1726306703335,0.042319596505220415,0.04050630598241929,21.71368945877828,6.565135098242538,11.006685338195897,3.8261113016835364,16.305463944136307,3.7797768918867765,20.46556254811387,4.843920845048964,18.760747985799004,3.7418490523615904,25.678010167905512,7.699567010232472,37.39950992599937,7.092117317100119
original_mix,105.0,110.0,-234.54754638671875,66.18551635742188,183.561767578125,36.01976776123047,6.657466888427734,28.466936111450195,24.715776443481445,33.55888748168945,-0.8422531485557556,14.528544425964355,-5.539931297302246,12.760982513427734,-12.076667785644531,8.57993221282959,-5.038003444671631,9.178828239440918,-5.309019088745117,8.130433082580566,-16.701398849487305,12.76466178894043,-2.6428349018096924,7.462292194366455,1.1896804571151733,6.023507595062256,-11.912225723266602,7.935811519622803,0.40933743119239807,0.35063210129737854,0.4673582911491394,0.3993586003780365,0.4792060852050781,0.45701950788497925,0.32086989283561707,0.3440151810646057,0.24806563556194305,0.2707880437374115,0.3113452196121216,0.3119680881500244,0.10994796495098111,0.06338335060125515,1614.91261472004,986.5012827563692,2320.966383126167,582.7699265833214,2758.3483631815543,2234.1259170343933,0.03946354770881671,0.03149993189399042,20.320196938215613,6.323803966086229,10.58149683367749,3.5151573001833243,15.432835529434637,3.5196358446778864,19.202645597407212,4.199323803497851,18.35204270944601,3.391426876567433,25.609757553852408,7.3991301121990105,36.11544196728903,6.803343358525679
original_mix,107.5,112.5,-244.38328552246094,60.54924774169922,197.05123901367188,38.25328826904297,0.7983624935150146,22.46784210205078,21.226228713989258,32.781375885009766,1.0465296506881714,14.603172302246094,-6.873293876647949,12.980293273925781,-10.117740631103516,9.6757173538208,-2.755164384841919,8.938523292541504,-4.829110622406006,9.700663566589355,-15.374905586242676,8.863443374633789,-4.620457649230957,7.149682521820068,1.724367618560791,6.598121643066406,-11.313884735107422,8.401336669921875,0.4696500897407532,0.38908857107162476,0.4640781879425049,0.3419651389122009,0.43212735652923584,0.42892998456954956,0.2998218834400177,0.3871653974056244,0.25876912474632263,0.20711509883403778,0.2188573032617569,0.2950581908226013,0.11156185707747245,0.05374847174023465,1498.1420187791748,886.2767167454284,2198.338409361135,642.9047145330982,2616.2092381453017,2064.1490272120823,0.035165313225058004,0.02494252774020274,19.655162422676614,5.624156193701794,10.83199476614776,3.6818747220716186,15.803161818615314,3.4296965100084678,19.537283677759643,4.422132206870673,18.620346485505287,3.780938187248519,27.53297006017289,7.934696487928036,34.87411544682113,6.7454871882310465
original_mix,110.0,115.0,-244.22650146484375,57.34556198120117,194.25906372070312,37.819068908691406,3.0802700519561768,22.463300704956055,20.050827026367188,33.56389236450195,4.696372985839844,11.874319076538086,-4.186749458312988,12.431653022766113,-8.91677474975586,9.135759353637695,-3.038347005844116,9.45826244354248,-2.9694390296936035,9.515059471130371,-13.49063777923584,8.027114868164062,-4.9940385818481445,6.6487135887146,0.07857348769903183,8.106892585754395,-11.254249572753906,7.747772216796875,0.5139057040214539,0.40456700325012207,0.4620611369609833,0.3770730793476105,0.5354101061820984,0.3803100287914276,0.2736925184726715,0.36851710081100464,0.2877148687839508,0.21261759102344513,0.24712204933166504,0.3299708664417267,0.10817498013187035,0.050674559868667396,1507.941686336782,948.1287781331736,2208.767017150951,656.5047645220968,2632.4965333164155,2131.3087504900122,0.0371071091937355,0.030988640181559703,20.79725442264844,5.4523509760412585,10.90990921243887,3.6464194804610086,16.486915573692688,3.9461313032783587,20.247370547022758,4.577332373460858,18.791781314840893,3.608607431236385,27.954365524137668,8.244308097891933,34.716645392474916,6.7772727262569115
original_mix,112.5,117.5,-263.9014587402344,71.67216491699219,192.9547882080078,35.107643127441406,11.047765731811523,26.092647552490234,11.744389533996582,31.058910369873047,-0.13684096932411194,12.852033615112305,-5.679544925689697,12.696999549865723,-10.895515441894531,8.902140617370605,-2.0090572834014893,8.418270111083984,-0.7390887141227722,7.7343316078186035,-11.842925071716309,9.118440628051758,-8.651588439941406,7.597782611846924,-6.934028148651123,9.025782585144043,-14.141404151916504,6.837189197540283,0.5473185181617737,0.3598255515098572,0.41265082359313965,0.34940481185913086,0.47719335556030273,0.3257855474948883,0.39052096009254456,0.38381409645080566,0.2769031822681427,0.2457384318113327,0.29277732968330383,0.3540368676185608,0.10049138069714651,0.0639467352433338,1512.288994194178,895.6761662796675,2365.127248703151,756.665847466615,2275.8747145084108,1916.306019561513,0.03859347810324826,0.031504647466388314,19.48241154228971,5.299802155319209,11.171520594026516,3.397315876052184,16.05959596396175,4.489785353387777,21.718696847515353,4.715204455078921,19.08914254672266,3.768333848247882,27.111378859616785,7.636245015056925,33.79744715932574,6.306232750792511
original_mix,115.0,120.0,-274.1100158691406,78.62916564941406,190.85244750976562,29.925867080688477,8.445284843444824,28.030588150024414,14.141841888427734,29.8220157623291,-4.635452747344971,12.54220962524414,-5.667548656463623,14.763663291931152,-13.541420936584473,10.324392318725586,-5.238625526428223,8.5455904006958,-4.435161590576172,10.631354331970215,-12.335383415222168,10.817143440246582,-8.713947296142578,10.102270126342773,-7.11433744430542,8.582104682922363,-18.582347869873047,11.32601547241211,0.5813333988189697,0.3350822329521179,0.3264990448951721,0.27364251017570496,0.34799104928970337,0.26334547996520996,0.3831389844417572,0.4378599226474762,0.26441463828086853,0.28779834508895874,0.25766390562057495,0.32257264852523804,0.10107890277314421,0.06737828271185128,1516.5612738903437,701.633417067196,2481.8949221304397,667.9424436623052,2230.9097891893853,1499.811038610899,0.03625629894141531,0.02627083462350656,18.800492424257467,5.03789098565147,11.725125991628028,3.457114798698683,16.821328133223513,4.529334922064085,22.975919912076236,5.637106105779181,19.688136082845794,4.195518969984959,25.180805987503074,6.945469341251543,34.255209311913426,6.085827046984101
original_mix,117.5,122.5,-272.00286865234375,82.46736907958984,186.55209350585938,28.064409255981445,6.051822185516357,26.217008590698242,13.293127059936523,27.775754928588867,-3.089878797531128,15.47891616821289,-4.248513221740723,15.630046844482422,-13.658400535583496,9.777369499206543,-11.473526000976562,9.10194206237793,-9.21955680847168,8.907241821289062,-14.816934585571289,9.811112403869629,-8.661266326904297,10.525835990905762,-4.421346664428711,7.919337272644043,-13.997054100036621,12.897107124328613,0.5679661631584167,0.4007161855697632,0.3283722996711731,0.3187538981437683,0.4039199650287628,0.29646265506744385,0.2878015339374542,0.3800549805164337,0.25465455651283264,0.2896122336387634,0.22057907283306122,0.2681655287742615,0.10421217520118382,0.08008080138519973,1481.782976419896,615.6111534125955,2463.33128118244,549.4398314247431,2243.9496175319027,1398.2625209944647,0.03351354045823666,0.021710764562004544,19.20491862778086,5.906583074340277,12.108892157228512,3.6608291430491477,17.249066428234247,4.638285023128265,21.286825017808837,5.872301920096567,19.21205292603708,4.094113717232861,24.941755231225393,6.732789844668152,34.179976724323254,6.064677243162326
original_mix,120.0,125.0,-277.0528869628906,89.69596862792969,172.1665802001953,36.086673736572266,-0.3574966490268707,29.51991844177246,5.617766380310059,16.949024200439453,2.0097029209136963,15.66201400756836,-0.47646379470825195,13.11052417755127,-11.083104133605957,8.612857818603516,-8.615949630737305,9.687807083129883,-11.47158432006836,7.408536434173584,-14.694562911987305,9.075794219970703,-11.345154762268066,7.4865241050720215,-3.379659652709961,7.461149215698242,-10.794242858886719,8.18988037109375,0.5180606245994568,0.40041178464889526,0.4108746647834778,0.3236267864704132,0.29901906847953796,0.23349997401237488,0.2931710183620453,0.47561943531036377,0.28356626629829407,0.1575041562318802,0.13318006694316864,0.22791381180286407,0.07901036628714293,0.0727479111865231,1846.6870356824827,940.5605620300598,2896.3530389695493,851.2004344592449,3033.8334723027842,2286.2103345026017,0.03504635839617169,0.01924486489828062,17.750263569734102,6.365447648493501,13.056309964783186,3.8062554172208243,17.88844822713657,4.50051922733512,17.533201285951034,5.082780043459753,17.283696015883205,3.926077557875537,22.958103490901483,7.276422069157285,33.410540013513305,5.62431798011359
original_mix,122.5,127.5,-183.4504852294922,113.25415802001953,129.29530334472656,36.3447265625,-41.399234771728516,36.68421173095703,-4.44052791595459,17.25165367126465,-12.623433113098145,18.51984405517578,-1.7554692029953003,10.788019180297852,-16.89858627319336,9.167448043823242,-4.521561622619629,6.70128870010376,-17.83502197265625,6.653984069824219,-7.91305685043335,8.671948432922363,-13.055188179016113,5.871795654296875,1.223824143409729,6.108279228210449,-16.24892807006836,6.77468204498291,0.5510152578353882,0.453218013048172,0.509016215801239,0.4517618417739868,0.4006747603416443,0.3588181138038635,0.4369525909423828,0.6224952936172485,0.5148467421531677,0.3999933898448944,0.40126925706863403,0.4650397300720215,0.07808161177726466,0.038665102060077464,3110.52352900129,1107.276484014966,3747.0010154425263,734.3730281772338,5831.251359483758,2640.4369940778574,0.0710964689675174,0.03478942298937606,14.901567088267859,5.771417998277536,11.388740930585554,3.9985716952422843,14.930970457359047,5.415710582001702,13.896617937461645,4.3460126674607285,14.944686913205151,2.9127911749090836,18.06396665662843,4.563277306211224,37.85168105253342,6.889070219657019
original_mix,125.0,127.9447619047619,-126.42149353027344,94.44207763671875,104.08081817626953,15.769176483154297,-67.9500503540039,12.234572410583496,-18.15855598449707,8.475269317626953,-27.48918914794922,7.152225017547607,-6.66049861907959,6.478346347808838,-21.399356842041016,6.914918899536133,-5.9334025382995605,5.417812347412109,-19.216846466064453,6.03968620300293,-2.955456495285034,5.101135730743408,-12.78381061553955,6.037118911743164,2.665180206298828,4.283772945404053,-17.691829681396484,5.225346565246582,0.6657266616821289,0.549268364906311,0.5546690225601196,0.6055520176887512,0.631135106086731,0.5830552577972412,0.5798983573913574,0.6022047996520996,0.6531137824058533,0.677970826625824,0.6845250129699707,0.7257570624351501,0.09087394796302746,0.040221404251329376,3907.380688536796,979.3226217952376,4115.858550211244,438.7767942655379,7448.707977054626,1754.8092573333513,0.1052611343503937,0.040066272082767626,13.727443879111465,5.979255892649624,9.52572257416075,3.1701141259907137,10.637551164568684,2.956736941015313,12.04103728117075,2.897080793575123,14.017760760823943,2.282096784573744,16.167202333767523,1.6574903611282468,40.26065238387527,6.489503625226428
vocals,0.0,5.0,-368.8060607910156,107.73819732666016,97.32543182373047,62.31448745727539,7.781410217285156,29.77550506591797,27.756393432617188,23.788461685180664,12.159920692443848,17.726829528808594,-4.1976189613342285,13.433488845825195,-13.396446228027344,9.489575386047363,-8.327593803405762,10.728771209716797,-6.272097110748291,11.736720085144043,-19.836549758911133,13.108139038085938,-11.335575103759766,9.297155380249023,-7.019362926483154,6.798304080963135,-13.53335189819336,8.429078102111816,0.45258083939552307,0.3755241334438324,0.33494481444358826,0.3097696900367737,0.2797757387161255,0.29402488470077515,0.3468409478664398,0.2953656017780304,0.39223259687423706,0.5302905440330505,0.6016690731048584,0.5565823316574097,0.051474542145028744,0.07532527232175348,2608.9946342666476,1393.8027483672192,3115.198203094152,937.3297258553378,4809.398451094838,2623.915247017035,0.07835044772331787,0.07275801240741037,16.22015732104637,6.417451014630134,11.126534295252936,4.0030993178210705,15.832002769415162,4.362265599111453,16.164032598209364,4.304971176020386,15.56773920263955,2.8015835950977253,22.25852823406783,5.330009439154077,31.13791212152125,4.653852495573067
vocals,2.5,7.5,-343.3904724121094,101.39794921875,106.24974822998047,46.875213623046875,4.8261003494262695,30.852741241455078,35.31801986694336,26.01980972290039,9.203409194946289,17.544116973876953,-6.0335893630981445,15.666535377502441,-13.620950698852539,9.638226509094238,-9.76009464263916,12.00285530090332,-4.4896626472473145,12.015911102294922,-22.764310836791992,10.680639266967773,-13.924267768859863,8.665512084960938,-6.2238078117370605,8.502084732055664,-16.59893226623535,7.69992208480835,0.438463032245636,0.33161357045173645,0.29556795954704285,0.26980531215667725,0.25713708996772766,0.3243197798728943,0.40701979398727417,0.4110153317451477,0.48845595121383667,0.5255129337310791,0.5212328433990479,0.4940728545188904,0.05115603269677471,0.07409433003751913,2387.362689317941,1143.8665449883858,2904.913969777128,593.0355444441221,4679.649661035382,2192.6556173398117,0.05689326239849188,0.04740439024310709,16.45747014620785,6.51104598010501,11.058616575254769,4.286166161701516,16.688704947388675,4.652912308424138,16.347369334534235,3.742764775531413,15.730475328643953,2.8919805782126518,22.08180577254497,4.809624681397842,33.03363367084277,4.892515533071851
vocals,5.0,10.0,-370.8027038574219,118.04647064208984,100.9752197265625,50.221473693847656,-8.093531608581543,29.87824821472168,38.304100036621094,30.95355796813965,3.920100688934326,20.56260108947754,-3.9250121116638184,16.782434463500977,-10.029672622680664,10.59264087677002,-11.204516410827637,12.580157279968262,-8.89084243774414,12.271113395690918,-22.353187561035156,8.10548210144043,-14.41414737701416,7.269652366638184,-3.9370203018188477,8.075403213500977,-15.117568016052246,7.908141136169434,0.426046222448349,0.34044143557548523,0.3140760064125061,0.347761332988739,0.3688746690750122,0.31982871890068054,0.3256295919418335,0.3749440312385559,0.4746556878089905,0.5410242080688477,0.5375338792800903,0.5168580412864685,0.032405976326092205,0.04068920104695024,2840.4694357787507,1205.2357653509373,3089.849402936314,621.6714098811883,5487.369602849478,1866.52194298662,0.07516019250290024,0.06050701278825691,16.516691691980945,5.47511766240067,10.302268391200677,3.6936435034476225,16.442434688837913,4.381445975711633,15.41774627879736,3.897231764015724,15.888559009184078,2.7399568697879837,19.751002147401266,4.249170213379767,33.46458887492108,6.126672514207749
vocals,7.5,12.5,-385.7940368652344,113.076171875,93.97737884521484,53.93866729736328,-10.639269828796387,29.237565994262695,39.11812210083008,26.213876724243164,10.738615036010742,21.203367233276367,-4.097537994384766,15.493449211120605,-11.251604080200195,12.192631721496582,-11.693053245544434,10.9718656539917,-15.496058464050293,9.09593677520752,-18.971052169799805,7.376332759857178,-10.634654998779297,6.748720169067383,-5.771973609924316,6.613034248352051,-16.00795555114746,8.480762481689453,0.41974762082099915,0.324382483959198,0.2910962998867035,0.3885226845741272,0.43238136172294617,0.34004685282707214,0.3142684996128082,0.3194583058357239,0.40553227066993713,0.5114049315452576,0.5894909501075745,0.5606881976127625,0.03028713875594565,0.0421751837115804,3249.770965540679,1369.3826718700607,3353.4768994082806,829.0077314305505,6228.341611078887,2536.0364524376023,0.08892609846287702,0.061023820393706046,16.576946890748467,5.200696919873212,10.646064288893326,3.7785735001583833,16.553018485223607,4.143560423598765,15.466557762473203,3.7529398294366167,15.041737275397757,2.474802065268303,19.04536663266894,3.667875096699303,32.08997859303252,5.380710442575711
vocals,10.0,15.0,-355.815185546875,100.6297378540039,109.03279113769531,53.004207611083984,-11.47830581665039,29.147144317626953,40.11943817138672,25.364154815673828,14.499268531799316,18.92327308654785,0.46579551696777344,14.132891654968262,-11.76059627532959,13.144332885742188,-14.37458610534668,11.278748512268066,-16.14961051940918,9.238473892211914,-18.21017837524414,8.518940925598145,-9.274248123168945,6.53415584564209,-5.511675834655762,6.899301528930664,-15.883438110351562,8.135397911071777,0.4223233461380005,0.3042183220386505,0.25670748949050903,0.3514498770236969,0.4547497630119324,0.38956230878829956,0.4040731191635132,0.33888810873031616,0.3328448235988617,0.4724472165107727,0.5982348322868347,0.5452812314033508,0.038160462786898386,0.044537413844893195,3098.411951333853,1626.572172828151,3254.0254221769897,890.841206211215,5938.767492024362,3071.3116651340483,0.08337147440545244,0.06930028946035206,17.24315540529578,6.006212595162036,10.911890474927755,3.6617745301751112,16.027579460704125,3.757781206323741,15.309020609832611,3.51693342778018,15.176336130416669,2.5719941247839198,19.090242113634417,3.645940900469672,31.996817589979237,5.539001095774589
vocals,12.5,17.5,-325.7177734375,109.1150131225586,126.88343811035156,53.25044631958008,-8.517455101013184,33.225669860839844,36.83334732055664,30.50731658935547,2.679309368133545,20.124366760253906,1.6340605020523071,14.075371742248535,-9.942634582519531,12.622251510620117,-17.378070831298828,11.431885719299316,-12.94675350189209,9.732226371765137,-16.62397575378418,10.243143081665039,-9.290581703186035,9.578105926513672,-2.6887879371643066,6.889409065246582,-12.995963096618652,7.1242289543151855,0.3802907168865204,0.31628867983818054,0.2710833251476288,0.38880908489227295,0.5234276056289673,0.4384448528289795,0.39015448093414307,0.3736439049243927,0.37853142619132996,0.4790986478328705,0.5356589555740356,0.4368756413459778,0.051566100563868025,0.05500994993239048,2643.4525271921375,1581.9029921009403,2964.7548678143626,826.8696654663624,4873.848177385441,2834.391224083821,0.07238457982888631,0.0697121870317639,17.44333389379778,5.973032259797705,11.171331525259767,3.844142130484464,15.205296675786196,4.413361041717518,15.797911727178276,4.099906237715873,16.088841813012007,2.866435082372892,18.76274171058195,3.1904981531394494,33.38160684919126,5.97899951821042
vocals,15.0,20.0,-345.30364990234375,123.44009399414062,126.53337097167969,60.239707946777344,0.8991214632987976,28.844188690185547,33.426998138427734,29.280357360839844,-2.73302960395813,19.100933074951172,-1.4337660074234009,16.397472381591797,-9.64913272857666,12.722161293029785,-17.094928741455078,11.783145904541016,-12.30653190612793,10.424446105957031,-16.927268981933594,9.809210777282715,-9.754039764404297,10.420639991760254,-2.4829046726226807,7.565280914306641,-13.592775344848633,9.203834533691406,0.3847978115081787,0.3167797327041626,0.2606699764728546,0.31815266609191895,0.3888787031173706,0.35637304186820984,0.3895207941532135,0.40934622287750244,0.40233543515205383,0.491423636674881,0.5583575963973999,0.45495137572288513,0.055809057265341286,0.06073295953136441,2483.4356770830636,1369.2855114505107,2955.386143243841,872.9331417590126,4666.659793720998,2549.9953031344985,0.06489155851218098,0.05733842145413566,17.321701441979908,6.059872496143531,11.51198801322793,3.7905847967598985,15.753227911556184,4.497100604212085,17.088813675215697,3.9473847708299696,15.775730803323663,2.749726037156922,19.545642528037686,4.261178452525947,32.959228703094325,5.927574056530877
vocals,17.5,22.5,-387.4338073730469,130.26425170898438,101.20301818847656,59.156105041503906,-0.14002753794193268,26.42362403869629,37.68846893310547,28.572309494018555,2.6494128704071045,18.578418731689453,-4.354710578918457,17.24441146850586,-11.065353393554688,13.204767227172852,-11.512514114379883,12.335410118103027,-13.134403228759766,11.156936645507812,-17.95417594909668,8.083003997802734,-9.569454193115234,9.295656204223633,-5.652761936187744,7.47819185256958,-15.331215858459473,8.707098007202148,0.3767675459384918,0.29721328616142273,0.2500365078449249,0.24498435854911804,0.2554217576980591,0.2879166305065155,0.38076040148735046,0.3541572093963623,0.36625391244888306,0.49045827984809875,0.6448177099227905,0.5314143896102905,0.04184962779212216,0.05170127582570293,2808.2742564134264,1301.3861608504922,3200.1129458000605,868.3144297207152,5302.663681844548,2267.233988820917,0.07708272911832946,0.05958842781450298,16.596201858510906,5.99521679865387,10.812662879196404,3.89716996209407,16.51703152037726,4.201606778703468,16.923897977324113,3.8036844663389924,15.052913773479426,2.5549462825518843,20.079965028099828,4.330273423020262,31.976886829059275,5.575481001194437
vocals,20.0,25.0,-349.6607666015625,120.08301544189453,105.72898864746094,61.36272430419922,-4.336781978607178,31.071849822998047,33.07378005981445,27.976125717163086,7.656793594360352,14.148774147033691,-7.97227668762207,11.478492736816406,-11.503314971923828,12.001391410827637,-7.691479682922363,10.666996955871582,-12.093494415283203,8.757820129394531,-20.730722427368164,10.090804100036621,-6.08515739440918,9.278268814086914,-4.778012275695801,8.082269668579102,-13.955408096313477,8.233543395996094,0.4306068420410156,0.38419273495674133,0.3196631669998169,0.29357194900512695,0.3177134692668915,0.3191547691822052,0.3717024028301239,0.35329675674438477,0.39630913734436035,0.45674461126327515,0.5677841901779175,0.5396153330802917,0.048159427242083455,0.057019921584427403,2536.5802803841602,1149.5688225445952,2978.0386462103006,821.0965926826332,4640.380292923433,2007.115459787634,0.06882726399361949,0.05344866475478498,16.75175395558352,5.882583192851352,10.527130317961763,3.9854417185131163,15.692164978581056,4.582924733793716,15.655449167512906,3.4363911328086303,14.86362234290331,2.7608048488821617,21.901658273719775,4.080681734042287,31.4857737610962,5.29105426477215
vocals,22.5,27.5,-303.7235412597656,124.41644287109375,108.5752182006836,60.859928131103516,-12.875192642211914,29.54289436340332,40.59912109375,30.762237548828125,1.4694113731384277,19.90656280517578,-8.155424118041992,11.478787422180176,-4.686827659606934,12.158442497253418,-11.640924453735352,13.020858764648438,-16.133678436279297,7.933716773986816,-21.256534576416016,10.384613037109375,-7.918649673461914,8.898518562316895,-2.3591930866241455,7.911831378936768,-11.7723388671875,8.60692310333252,0.44555532932281494,0.37343788146972656,0.34796708822250366,0.3958525061607361,0.46918603777885437,0.42713847756385803,0.3936062455177307,0.35729679465293884,0.39712658524513245,0.4366394877433777,0.4747910499572754,0.5060330033302307,0.06700214543209677,0.0711239688809595,2856.5717077470745,1476.373311900674,3101.190287487693,949.9955674297007,5283.828374238689,2484.418910578454,0.07781231873549883,0.06055855582921361,17.246751670085263,5.970225921077573,11.092109596793529,3.9908948125333876,15.440949106378117,4.482201482311912,15.299451498635282,3.3237218758161147,15.376311709935122,3.116800631507523,20.52401427685089,4.459214750645739,33.36904013349416,6.518096799845884
vocals,25.0,30.0,-320.5414123535156,144.6334991455078,80.11482238769531,59.940940856933594,-17.38810920715332,25.97205352783203,47.33302688598633,37.035797119140625,-3.6133267879486084,22.1752986907959,-4.712793827056885,15.476014137268066,-0.6576157808303833,10.718803405761719,-11.341779708862305,12.845354080200195,-13.133809089660645,10.099262237548828,-16.350711822509766,9.790221214294434,-10.359994888305664,8.339476585388184,-2.522916316986084,6.634077072143555,-10.167821884155273,7.892580509185791,0.4892267882823944,0.4100102484226227,0.35246938467025757,0.39939820766448975,0.481099396944046,0.4749758839607239,0.45356860756874084,0.38098740577697754,0.400113970041275,0.48628804087638855,0.4880672097206116,0.5130007863044739,0.05951961323474653,0.0682682764013977,3621.531613623869,1488.0428543715998,3526.94634976166,946.7206068711156,6561.581668720998,2258.620275301826,0.12158769576566125,0.08495482657651687,17.50470740135142,6.060762712014889,11.32735710866504,4.019290353154075,16.063427715707146,4.449180503011004,16.070600500818813,3.761080620160687,15.989134389597893,3.326896138797356,18.19141494189918,3.6491817463948824,34.26001554857039,7.4276978488116585
vocals,27.5,32.5,-336.498779296875,119.56889343261719,73.63613891601562,57.910194396972656,-8.040541648864746,28.772445678710938,39.79435729980469,33.26285171508789,8.086827278137207,22.210834503173828,-4.043878078460693,14.86793041229248,-5.907248497009277,11.796631813049316,-8.141558647155762,11.519251823425293,-6.387314796447754,9.144639015197754,-15.42549991607666,9.682387351989746,-8.942883491516113,8.580039024353027,-4.721310138702393,6.551121234893799,-12.834637641906738,10.263507843017578,0.5070775747299194,0.46977540850639343,0.3519901931285858,0.33377543091773987,0.3774702250957489,0.4455883502960205,0.46574369072914124,0.3386824429035187,0.3728111684322357,0.47588256001472473,0.512910783290863,0.5067467093467712,0.04936409394666385,0.07039549796159092,3266.263724879095,1410.9458385342855,3228.8032672635727,861.2908376729938,5823.4574390951275,2176.842450362827,0.11207244235788863,0.08550679774542197,17.490012570102305,6.385029523010253,11.697149034435995,4.2828153394120845,15.863208310276423,4.28617398130701,15.772971593634649,3.6729807134156043,15.702809030729322,2.955460247110169,20.135943713546443,4.155614081116508,32.73701410111959,6.656313993412007
vocals,30.0,35.0,-353.39068603515625,122.46135711669922,75.06088256835938,67.7998046875,-7.143796920776367,29.827163696289062,24.744441986083984,22.64248275756836,8.348010063171387,19.22713279724121,-5.135724067687988,14.101075172424316,-10.369124412536621,10.622929573059082,-7.51194429397583,14.54096794128418,-4.240029335021973,9.088337898254395,-14.278331756591797,9.615751266479492,-7.487778186798096,8.945155143737793,-4.402435302734375,7.373814582824707,-10.860147476196289,10.134096145629883,0.532935619354248,0.4403046667575836,0.2964579463005066,0.3085768222808838,0.367085337638855,0.45579415559768677,0.4585897922515869,0.34820741415023804,0.35946840047836304,0.4236814081668854,0.49181002378463745,0.5091327428817749,0.046077531031752925,0.07572532281868015,3188.224937742596,1432.2479211369441,3078.3421741130796,783.0470370781408,5547.422758664443,2227.740105263429,0.10513227776972157,0.07055157016717009,16.934705741657567,5.946619808755932,11.555224703571803,4.144841351841792,14.71142791381499,4.1152888164206844,15.652832100438575,3.9044883373276145,16.489138094426277,2.864307895688122,21.861227593403097,4.313626888118534,31.17547402420444,5.693332199126624
vocals,32.5,37.5,-412.9945983886719,140.90469360351562,57.530517578125,69.95893096923828,-15.682671546936035,27.933507919311523,20.598628997802734,21.170360565185547,3.828667402267456,15.841276168823242,-8.131081581115723,15.183758735656738,-9.676084518432617,10.668006896972656,-0.790101945400238,13.312411308288574,-2.707768678665161,8.329489707946777,-13.818267822265625,11.632862091064453,-5.2953643798828125,9.424266815185547,-1.0503538846969604,6.547208309173584,-7.462707042694092,7.927415370941162,0.6077914834022522,0.4963344931602478,0.3143821060657501,0.29973042011260986,0.3482304513454437,0.3985447585582733,0.46033549308776855,0.400556355714798,0.4259069263935089,0.4562148153781891,0.47107061743736267,0.49974021315574646,0.02766026084900068,0.0520354282805669,4011.2100437481486,1852.9190305678123,3528.902124463434,1015.1798102756911,6677.591176044083,2989.0404734836065,0.15307220671403712,0.09702842103937333,16.50892248732633,4.788998366153554,10.509298560145742,3.9987902542787643,13.695085136124888,3.6266421330953706,15.427560095125306,3.9117271025409655,17.035810204275815,2.920369842642508,23.19144567546672,4.3546192554122065,29.597460232582563,6.029520874281408
vocals,35.0,40.0,-397.17010498046875,126.93858337402344,76.28672790527344,67.48326873779297,-9.853803634643555,23.86554718017578,25.566511154174805,24.450010299682617,1.2739920616149902,19.156126022338867,-11.327173233032227,15.866069793701172,-9.068926811218262,9.927045822143555,-0.10777194052934647,9.543410301208496,-3.884345054626465,8.467611312866211,-17.682880401611328,12.673029899597168,-10.299026489257812,12.123706817626953,-1.8073627948760986,7.258115291595459,-9.774298667907715,9.149370193481445,0.5299557447433472,0.41176921129226685,0.31510627269744873,0.3863592743873596,0.43612512946128845,0.41900497674942017,0.39595651626586914,0.3455815613269806,0.40066224336624146,0.4641163647174835,0.5077662467956543,0.5081411004066467,0.03613204768666873,0.06262398026860254,3930.9551858396417,2098.098820822024,3674.06334846867,1176.2729065041929,6937.788210556844,3840.915825128161,0.13698384933294663,0.10221422736037608,15.416432680585693,6.369442899057825,10.96978558018074,4.304681200830439,14.048206760521943,3.823125503767789,15.01729931489324,4.062565418578074,16.052844395746884,2.7309652123638837,22.438712998512496,4.619168946303586,30.023582081852243,5.788174536725537
vocals,37.5,42.5,-356.1769104003906,104.29391479492188,111.5853042602539,62.75777816772461,-0.9266020655632019,26.26677703857422,25.510618209838867,25.571653366088867,-1.2949442863464355,20.307092666625977,-13.95486831665039,20.932992935180664,-14.99273681640625,12.176806449890137,-5.949064254760742,9.689995765686035,-5.142801284790039,9.019360542297363,-19.27880096435547,9.68625259399414,-14.05472183227539,10.342764854431152,-6.494508266448975,7.802561283111572,-12.335158348083496,7.440561294555664,0.42145031690597534,0.3710656762123108,0.3556729853153229,0.4383275806903839,0.43571722507476807,0.4003976583480835,0.3321368098258972,0.3179152011871338,0.41592705249786377,0.5384827256202698,0.5724253058433533,0.48128801584243774,0.05509771924367846,0.07658134833456932,3069.326831875544,1853.9416967410402,3308.5564997012493,1127.7211687133617,5699.254323158352,3723.1651055217303,0.08638386383410673,0.07379898439585364,15.17833982558076,6.594222010359286,11.232636046254799,4.4275931189445386,14.599052351557361,4.014312931979462,16.134682663754845,4.968481928712141,15.266144710769254,2.7286753593644946,20.496783345393112,4.139224966300761,31.340446537118098,4.913174597498633
vocals,40.0,45.0,-354.5590515136719,123.32621765136719,120.82861328125,62.8452262878418,-8.93873119354248,29.94363784790039,29.468677520751953,29.090932846069336,-0.16882380843162537,20.51381492614746,-9.607181549072266,22.444231033325195,-17.026411056518555,12.708230972290039,-7.793941497802734,10.910778045654297,-3.9459588527679443,10.186990737915039,-15.930598258972168,9.488696098327637,-8.792494773864746,9.86867904663086,-4.713427543640137,7.9776482582092285,-13.637544631958008,8.97426700592041,0.4734733998775482,0.4439086318016052,0.39594781398773193,0.4135229289531708,0.4323199391365051,0.41467857360839844,0.3789382576942444,0.3327905535697937,0.36329033970832825,0.4582282304763794,0.5755577087402344,0.5395171046257019,0.051944948411596616,0.06506661481913026,2913.3900030971004,1657.0425802689049,3195.9251651673885,1025.4036036613732,5343.431880800464,3143.353567278416,0.08826221722737819,0.08292364972680913,15.897145993276059,6.421605170392129,10.514854005070294,4.287204228761758,14.358431063469606,4.221171698554712,16.33789890272595,4.682683309061318,15.37731803017692,2.8801304216644614,20.506078340937226,4.224367491542763,31.878021795856082,5.465175789378721
vocals,42.5,47.5,-401.74810791015625,153.4470672607422,93.1007308959961,66.61141204833984,-16.63932991027832,31.588464736938477,34.61105728149414,27.205259323120117,2.1124186515808105,20.515323638916016,-4.889699459075928,18.131736755371094,-10.185932159423828,12.361446380615234,-4.582251071929932,11.26289176940918,-4.374623775482178,9.915729522705078,-13.214496612548828,9.555124282836914,-6.851560115814209,10.460403442382812,-1.6992747783660889,7.1339521408081055,-12.740721702575684,8.980786323547363,0.5582833886146545,0.5315502882003784,0.41284412145614624,0.41663214564323425,0.43786677718162537,0.4525509774684906,0.4650115668773651,0.4134002923965454,0.39563897252082825,0.4762099087238312,0.5724310278892517,0.5461680889129639,0.033456592645556636,0.046488673906490224,3528.7408695667764,1557.6870188936966,3551.1051246900956,989.1092047516593,6490.686969801334,2670.9920567443073,0.1236382504350348,0.08907040396704684,15.946378570404077,6.086156411617368,9.998114920568492,3.7702406967348456,14.082822143692479,4.40640945834979,15.656083254848955,3.6347806783249372,15.680949708854216,2.614024025063345,20.89557822524353,4.4972653289611815,31.749361533514975,5.899301456561497
vocals,45.0,50.0,-418.6017761230469,123.37928009033203,95.23992156982422,63.955841064453125,-3.946007013320923,35.07181167602539,25.611555099487305,23.480464935302734,0.44231370091438293,18.086149215698242,-16.608989715576172,19.106037139892578,-12.201884269714355,12.72012710571289,-1.0998977422714233,9.750561714172363,-3.887674331665039,8.115522384643555,-13.394183158874512,8.994490623474121,-7.83702278137207,9.213391304016113,-5.597924709320068,7.029803276062012,-13.041152000427246,7.661937713623047,0.4880326986312866,0.37850329279899597,0.31786537170410156,0.397146075963974,0.44627416133880615,0.43234795331954956,0.4113830327987671,0.3346618413925171,0.4376973509788513,0.5303930044174194,0.5449151396751404,0.5096267461776733,0.028744740766928782,0.049377194170918556,3060.2905179811582,1467.5904784684676,3262.839222525189,993.0852237320526,5466.985503371519,2554.447095910415,0.10216520446635731,0.0776436809177114,16.810235477289133,5.90290664141447,10.249690754547442,3.7846728823564724,14.708062662006283,4.278397052639689,17.312761902763484,4.732428305603475,15.504967646266927,2.5395240322087473,21.592872496680215,4.034396346987799,30.285475006476748,5.073634534455415
vocals,47.5,52.5,-374.4222106933594,131.25086975097656,107.90447235107422,60.15391540527344,1.814613699913025,33.13692855834961,34.90072250366211,32.90839385986328,-5.296878814697266,21.390605926513672,-16.11330795288086,21.77212142944336,-13.188718795776367,13.936474800109863,-6.5495100021362305,12.351547241210938,-6.9148430824279785,10.471073150634766,-16.683889389038086,9.495070457458496,-11.536776542663574,9.898515701293945,-6.691429138183594,7.314868450164795,-14.120654106140137,7.8142409324646,0.405895471572876,0.34619373083114624,0.3559909462928772,0.43830734491348267,0.4692259728908539,0.3795517086982727,0.3323588967323303,0.3178224563598633,0.38206350803375244,0.4455235004425049,0.5107427835464478,0.496879905462265,0.0488179328946884,0.06303690484520345,2749.722865016104,1447.3787093434694,3009.2626807256147,903.8128326527628,4866.50390625,2526.931030328286,0.08341905633700696,0.06934024268331218,18.86460161091013,6.108048219134474,11.208312072583277,4.36117524627092,15.151631165067254,4.9753705836909825,18.019632510922865,4.937305333830651,15.804590334955202,2.9918629226951796,21.30179591843872,4.354497293597871,32.1688523378574,6.192680157539409
vocals,50.0,55.0,-389.21868896484375,138.23678588867188,77.06572723388672,58.4244384765625,-12.14913558959961,36.921897888183594,45.77415466308594,34.591468811035156,1.2871750593185425,21.00942039489746,-7.809335231781006,17.999059677124023,-7.774417400360107,13.898871421813965,-9.552982330322266,12.705188751220703,-9.328255653381348,10.166238784790039,-19.36634635925293,10.00560188293457,-11.587566375732422,10.4492769241333,-5.132622718811035,7.944856643676758,-14.328866958618164,8.42563247680664,0.5232642889022827,0.4043780267238617,0.33888572454452515,0.34621596336364746,0.3575081527233124,0.37805721163749695,0.36015209555625916,0.36951887607574463,0.4011978209018707,0.40900856256484985,0.5141341090202332,0.5824491381645203,0.03903857301460123,0.0523811806800719,3470.0755696542,1429.103353799047,3218.080514096153,758.0480406861598,6165.990247969838,2151.880902791181,0.11584161107888631,0.07606409095422605,17.523713323585447,4.977141001329049,10.434060583653604,3.9575929799859724,15.529080124088841,5.160646230674322,16.05062177050402,3.7863439745313587,16.82751256032203,3.065766347164915,21.411539731170556,4.73349997107583,33.50625379235345,6.68641429812429
vocals,52.5,57.5,-436.2349853515625,133.53521728515625,70.71482849121094,60.883262634277344,-28.79298210144043,36.516841888427734,39.545623779296875,30.713708877563477,0.3716215491294861,15.600114822387695,-16.432010650634766,18.3967227935791,-11.609431266784668,14.083061218261719,-2.772951126098633,11.171030044555664,-6.639854431152344,8.860688209533691,-21.069894790649414,11.314552307128906,-7.483861923217773,10.205204010009766,-2.571361541748047,8.090072631835938,-14.33359432220459,9.37048053741455,0.5905629992485046,0.41668495535850525,0.2705637812614441,0.2337934672832489,0.27026641368865967,0.3393983840942383,0.3666895627975464,0.3536823093891144,0.43370863795280457,0.49441659450531006,0.5274684429168701,0.5806388854980469,0.02202213825054954,0.034510358492271624,3895.949831365442,1368.6744552480056,3333.61114579843,999.6513680203293,6692.179796258701,1944.993737529396,0.15025127791473317,0.08858084210705851,17.433894039928404,4.21267481865288,9.96605143973295,3.9299722168200333,14.152209654255287,4.81007662330969,15.845952992617951,3.757840556302837,17.32171017677676,3.0165312644812303,22.510618910553465,4.810769717536956,32.11634152616356,5.663059730298844
vocals,55.0,60.0,-441.50732421875,139.16622924804688,58.303592681884766,54.395816802978516,-32.50212860107422,33.42240905761719,37.339576721191406,31.571245193481445,0.6988216638565063,15.589003562927246,-14.5422945022583,20.772703170776367,-12.372220039367676,13.406085014343262,-0.2039443701505661,10.860904693603516,-6.631387710571289,8.268550872802734,-20.7596492767334,12.17248821258545,-6.22007942199707,9.237054824829102,-2.2177748680114746,7.836547374725342,-16.68992805480957,11.941519737243652,0.6248908042907715,0.5668132305145264,0.33269089460372925,0.23462943732738495,0.23703739047050476,0.29706519842147827,0.40298229455947876,0.3569800555706024,0.42243146896362305,0.5032640099525452,0.5276797413825989,0.5295289158821106,0.01813524982435094,0.029175828548926377,4182.631380287172,1272.1065834561546,3379.515305889643,1000.6462163872679,6915.605514066126,1824.0425458500733,0.16612211789443154,0.0831110673754854,17.716631325058053,4.06221015169873,10.664512183569627,3.887119764768969,13.94722401428654,4.139439258035541,16.60267957118159,4.087039123087021,16.834560832191706,3.0140677559184854,22.50105849558229,4.703721746015188,31.949185952388564,6.199046071063291
vocals,57.5,62.5,-429.3539733886719,124.21611022949219,34.18938064575195,51.31049346923828,-14.235211372375488,27.25579071044922,23.578365325927734,30.676904678344727,3.923750638961792,11.649209976196289,-3.486231803894043,13.504534721374512,-6.444341659545898,11.285726547241211,-1.7576572895050049,11.191998481750488,-3.890507698059082,7.386318206787109,-12.897977828979492,14.228094100952148,-3.7658538818359375,6.598075866699219,-3.2895894050598145,6.003356456756592,-12.370067596435547,13.843353271484375,0.5724725127220154,0.507624089717865,0.2618729770183563,0.18891744315624237,0.20967034995555878,0.4554579257965088,0.38270846009254456,0.2945159673690796,0.2876003086566925,0.3616240322589874,0.45001736283302307,0.42705100774765015,0.031187739300474998,0.07449138407693195,5121.982721049254,2046.6888251805685,4730.125703110982,2181.090347024989,10851.63523238109,6307.969122815834,0.32448158352668216,0.26066304105663685,18.74306109132849,4.367330173104301,10.705969483360773,4.385137699667973,14.852363802347142,4.719270728373945,16.80765312781303,3.943053927219016,16.125708282796403,2.7022720741373636,21.848691358444317,4.097224717302817,29.714268716700467,6.56824730960015
vocals,60.0,65.0,-362.6278381347656,145.21775817871094,81.41035461425781,76.43769836425781,-4.528833866119385,26.20982551574707,26.893051147460938,30.002275466918945,-1.221107840538025,11.355376243591309,-2.9480717182159424,17.994848251342773,-12.311752319335938,13.120284080505371,-9.792146682739258,15.157301902770996,-2.0784637928009033,8.842552185058594,-12.813000679016113,13.33332633972168,-9.029182434082031,10.501811027526855,-4.780543804168701,6.721789360046387,-14.070597648620605,12.936141967773438,0.48824945092201233,0.3400505781173706,0.2547466456890106,0.25898098945617676,0.32086440920829773,0.5095722079277039,0.3040345311164856,0.231519877910614,0.20679429173469543,0.33587926626205444,0.46697089076042175,0.4360136091709137,0.07124790056540618,0.09859581681830658,4316.5324061869,2592.0994832982688,4644.43984060746,2264.557266294117,9778.322465015952,7209.637986757045,0.27928667887180975,0.2918810289345636,19.407587351512674,5.620576935381629,10.632991871189507,4.897073557168767,15.108370498584568,4.413914060965235,17.07290548457037,4.490377460979831,16.255315924306522,2.923359246528578,21.183667594880813,4.405537244356031,30.771423249185208,6.528760566374377
vocals,62.5,67.5,-347.3482666015625,136.3599090576172,96.27434539794922,64.90245819091797,-8.399062156677246,29.015668869018555,35.82292175292969,31.4562931060791,3.1584625244140625,15.10156536102295,-3.7995119094848633,18.219179153442383,-16.251697540283203,11.296772003173828,-14.28179931640625,14.335490226745605,-5.547854900360107,9.738483428955078,-15.15986442565918,10.280052185058594,-11.654478073120117,9.8991060256958,-7.010104179382324,7.156554222106934,-18.09262466430664,9.334609031677246,0.48130255937576294,0.3792373836040497,0.35235655307769775,0.40242934226989746,0.4469636380672455,0.3526510000228882,0.25859391689300537,0.2541235685348511,0.30071836709976196,0.4022831320762634,0.5458804368972778,0.5754970908164978,0.06425384000334575,0.08136676102235661,3094.952842630078,1419.6097595214774,3349.6537493945916,855.2860025847427,5708.896801587877,2525.9545567053488,0.09091094475058005,0.07371963466463773,17.45282112823995,6.024807260734695,11.27916317935701,4.373274721870912,15.839779633779038,4.296566312582387,16.55008433486584,4.295534506359275,15.833632674174467,2.9101919606222886,21.183351610831274,4.321016740259895,32.25645559368251,5.994466974639047
vocals,65.0,70.0,-361.3094482421875,133.42877197265625,90.97478485107422,68.00439453125,-7.467992782592773,26.774831771850586,29.108720779418945,28.68427848815918,-0.08969080448150635,18.660785675048828,-7.032832622528076,14.612920761108398,-11.677165985107422,11.007037162780762,-13.054680824279785,15.889398574829102,-6.764309883117676,9.225555419921875,-15.076744079589844,11.234519958496094,-9.89354133605957,9.266755104064941,-5.678944110870361,7.449185848236084,-12.415498733520508,8.696372985839844,0.545981764793396,0.405799925327301,0.2941890060901642,0.33220523595809937,0.43562576174736023,0.3885023891925812,0.3151606321334839,0.2744133174419403,0.32759889960289,0.3894374370574951,0.49923175573349,0.6017306447029114,0.05344716818912942,0.07571827209448306,3110.6359788102395,1398.8568047229646,3341.403707560128,886.1449958760413,5660.784331496519,2277.4186148328617,0.09771855967227379,0.07416862440032986,16.259055015718,5.841484550954837,10.21157880585131,3.9549650009340445,14.73989186004431,4.39820890637564,16.076315034804924,3.8665526182887624,16.023695153199316,3.0333086805411367,20.556009779153733,3.7738510735179944,31.817525252896242,5.403429892501625
vocals,67.5,72.5,-378.8457946777344,130.17930603027344,85.54692840576172,76.50675964355469,-14.103094100952148,32.90045928955078,14.750800132751465,35.89057540893555,-2.1361074447631836,19.370729446411133,-10.335281372070312,15.004673957824707,-10.9262056350708,12.860481262207031,-9.420312881469727,15.513480186462402,-5.754861354827881,9.004902839660645,-15.297475814819336,12.894021987915039,-8.636948585510254,9.439751625061035,-1.8307989835739136,7.7501654624938965,-8.941472053527832,8.525813102722168,0.49254143238067627,0.43753349781036377,0.31677910685539246,0.2585420608520508,0.30354100465774536,0.3647560775279999,0.37117525935173035,0.3670448958873749,0.40890321135520935,0.4934118092060089,0.5009212493896484,0.49103981256484985,0.04925894082031008,0.07574195398797277,3379.3182766679665,1750.1181727432313,3449.6517222531174,1630.5274339995246,6455.714250108758,4423.220343905896,0.1399327961861949,0.13676825866599637,15.448833017834794,5.6144537528739376,10.171704581868072,3.9293694029768047,14.311886801646365,3.9448324645569106,16.012438399776457,3.900988339155198,16.73563258639232,3.608561351436236,21.439594856506847,5.304439636527349,30.6238987547493,5.445500958652849
vocals,70.0,75.0,-427.1564025878906,130.22097778320312,81.97268676757812,76.18978881835938,-45.99943542480469,55.72712326049805,-17.149995803833008,37.6897087097168,4.990987777709961,25.46109962463379,-14.192228317260742,17.065202713012695,-15.382287979125977,17.231019973754883,-4.5272040367126465,12.267303466796875,-0.4390603005886078,11.102386474609375,-9.120573043823242,12.497509956359863,-9.066784858703613,11.647239685058594,-1.0963128805160522,8.70714282989502,-5.52968692779541,10.364912033081055,0.39755550026893616,0.4600336253643036,0.4460567831993103,0.30919936299324036,0.2667185664176941,0.31741130352020264,0.3512750267982483,0.3840981423854828,0.4668530821800232,0.423879474401474,0.37165138125419617,0.3666718900203705,0.05033512288029454,0.07378598758722954,3297.406343078246,1610.3267025568757,3199.639113571173,2072.5732433066228,5847.2888495142115,4604.280085049351,0.1631890316850348,0.13288260858803438,12.905650268063347,4.288425359748534,11.56832539045661,5.497373913266172,15.645116621297843,4.952247628821635,16.708953883943504,4.769054803254496,18.220231965050306,3.910016452464092,26.14093154506186,6.30425098748505,28.56830246427454,4.456853707181344
vocals,72.5,77.5,-364.4781799316406,128.20677185058594,122.99361419677734,71.56697082519531,-63.698394775390625,58.11056900024414,-34.113182067871094,27.75665855407715,1.5156406164169312,29.35025405883789,-20.58090591430664,24.261295318603516,-20.499755859375,17.582414627075195,-3.094440460205078,16.415573120117188,3.43044376373291,11.094403266906738,-10.72025203704834,14.906662940979004,-16.465370178222656,14.270402908325195,-3.393562078475952,8.888389587402344,-3.761293649673462,11.079742431640625,0.32854580879211426,0.46030154824256897,0.4474109411239624,0.32047128677368164,0.2934871315956116,0.303650438785553,0.33904433250427246,0.39283260703086853,0.3986145257949829,0.3085523247718811,0.28801652789115906,0.28013113141059875,0.08151129221419691,0.07907325283073029,2298.517388140645,851.822491466301,2271.8053248349315,1696.125671961007,3385.309305213167,1614.972035784429,0.10757368401972157,0.07256820517418452,11.680072548024812,4.11937623690968,13.214831573404295,5.921067824496779,16.718355758322083,5.299229318627435,17.72835274649883,5.459303525614205,18.89440829215976,3.8396677291384305,29.635699880150327,6.586069872723612,29.498839485180874,4.901877616035868
vocals,75.0,80.0,-351.1336364746094,124.90402221679688,133.73764038085938,65.98774719238281,-73.98690795898438,59.53919982910156,-38.892520904541016,25.22090721130371,0.2279464453458786,28.58997917175293,-25.15313720703125,26.10675048828125,-21.516979217529297,18.710477828979492,-1.7297399044036865,16.148082733154297,3.3360071182250977,13.005417823791504,-9.344704627990723,15.878335952758789,-12.207959175109863,15.590683937072754,-0.9243168234825134,10.942002296447754,-4.514582633972168,9.820611953735352,0.2979402542114258,0.2983223795890808,0.3801579177379608,0.29311010241508484,0.22503039240837097,0.2361227571964264,0.2781484127044678,0.3422485589981079,0.42094191908836365,0.3832382261753082,0.3720681071281433,0.34239646792411804,0.09206203844270905,0.08124133651326214,2179.785694586809,700.9653437369661,2044.8563485515933,1510.5997963140521,3189.5120359628772,1119.6466826402047,0.09226249818735499,0.04335251345235465,11.062715263368496,4.335580826579367,13.182641000103155,5.47222655590418,17.035163422793296,5.616228166783014,18.350355023556162,5.264673189169683,19.279503957336093,3.911233777963166,30.447821552560562,6.932458785311691,29.350528248466457,4.731430502144424
vocals,77.5,82.5,-337.57159423828125,113.69593811035156,145.3603515625,59.02667999267578,-91.35567474365234,52.38352584838867,-47.81177520751953,25.189298629760742,3.067274808883667,33.422054290771484,-27.159648895263672,24.376361846923828,-26.686811447143555,20.604745864868164,-3.3448426723480225,15.743396759033203,3.9418044090270996,14.023116111755371,-8.683202743530273,14.612971305847168,-11.188611030578613,14.184061050415039,-1.410183072090149,12.047201156616211,-5.8662428855896,10.746956825256348,0.3502959907054901,0.35426852107048035,0.359562486410141,0.31650322675704956,0.28357061743736267,0.23378103971481323,0.27196580171585083,0.3177049160003662,0.3863365948200226,0.37664610147476196,0.3784630000591278,0.3870583474636078,0.09200599337713264,0.07469214207341132,2127.2923624154128,572.375408127691,1753.5562441832528,1297.5945286737262,2965.58670787413,526.9032100697141,0.08956732163573086,0.036389391000619914,10.422365697606132,3.838640242232209,12.998083260938527,5.4582393577573844,17.02838263490697,5.650570987717324,17.91342983539907,4.709311395238968,19.06597904489309,4.086492686209456,31.629872420406354,6.18857325827375,29.274761809692844,3.993015271119426
vocals,80.0,85.0,-336.64697265625,96.76534271240234,141.8115692138672,54.485801696777344,-89.53684997558594,41.92060089111328,-47.6077880859375,24.253347396850586,10.277129173278809,32.56837844848633,-25.42190933227539,21.797313690185547,-33.524818420410156,17.92104148864746,-5.37199068069458,15.772316932678223,1.5396652221679688,12.137557983398438,-15.470059394836426,13.517555236816406,-16.04698371887207,12.26463508605957,-3.1934733390808105,11.733717918395996,-6.374876499176025,10.444024085998535,0.41564232110977173,0.42813602089881897,0.33697396516799927,0.32792603969573975,0.3192865252494812,0.2983475923538208,0.33121684193611145,0.3329367935657501,0.35211578011512756,0.3189258277416229,0.30644690990448,0.3564978539943695,0.0793629376076728,0.06942109111138157,2110.7773205582084,517.5665675378725,1479.139359966132,806.4342125946766,2974.0800826566124,566.1881693917917,0.08674752573955917,0.02949224286129515,10.685231056131876,3.667974931290123,12.988023249130062,5.641085401887823,17.355342842079384,5.417423269645753,17.49226220853516,4.504366066324917,18.440396372296593,3.9858186786331533,32.74456270816691,5.380876835004357,28.684190558185467,3.7324374505588724
vocals,82.5,87.5,-340.4499816894531,101.67086029052734,125.55906677246094,53.7721061706543,-83.33834075927734,46.15793991088867,-41.07528305053711,23.728548049926758,13.11795711517334,36.540611267089844,-22.931175231933594,23.409391403198242,-33.498538970947266,21.392772674560547,-3.8063695430755615,16.652925491333008,5.906391620635986,13.928375244140625,-12.409546852111816,13.455676078796387,-15.071977615356445,11.650176048278809,-3.933720827102661,11.163576126098633,-7.573112964630127,10.410994529724121,0.3312513828277588,0.39903613924980164,0.47538915276527405,0.329807847738266,0.27669861912727356,0.27847859263420105,0.28119099140167236,0.2864163815975189,0.307152658700943,0.3331511318683624,0.2802985608577728,0.2959313988685608,0.08436774032055659,0.07624938039380798,2185.2567726099605,494.0774955102879,1587.4757595242158,878.924788187077,3068.456464798434,554.9568905023019,0.08849786107888631,0.026517283461424537,10.72854784586869,4.135897637935877,12.428514353706214,5.3307615470589536,17.708328993758922,5.86555797988617,17.894256150289735,5.088140638183827,18.66594886491745,4.34465404106846,32.519217679302855,5.5395238205891,28.60081240530256,3.853645490094623
vocals,85.0,90.0,-437.6333312988281,127.45187377929688,67.14339447021484,72.23607635498047,-49.174800872802734,53.45600891113281,-19.3568058013916,28.282482147216797,8.869186401367188,31.314075469970703,-13.865525245666504,22.26243019104004,-16.981178283691406,24.14779281616211,0.26332205533981323,13.434395790100098,4.336726188659668,12.943663597106934,-5.906739234924316,10.353598594665527,-7.397390365600586,12.226253509521484,-2.8087546825408936,7.580687999725342,-5.508803844451904,9.177695274353027,0.4038434326648712,0.4316697120666504,0.43318575620651245,0.30846187472343445,0.328991174697876,0.31490200757980347,0.2876831889152527,0.39525729417800903,0.40226686000823975,0.4308958947658539,0.42497462034225464,0.43167200684547424,0.04791669208675463,0.0726561114246467,3605.4651504584917,1719.942996884951,3320.7307597082404,2233.4889537985227,6506.874342916183,4629.2696709977845,0.18071051152842227,0.12844729186998644,13.692607934969057,4.985462856640577,10.67179905738041,4.50039180240633,15.021091252677374,4.748927934503011,17.117860955026764,4.969580336732166,17.474798680285456,4.644302017198433,26.431380161330765,7.999784250214385,26.67847298812355,4.193339913417218
vocals,87.5,92.5,-581.7532958984375,123.93034362792969,67.69451141357422,29.323383331298828,-50.1252326965332,59.17942428588867,39.246036529541016,44.03858947753906,9.580290794372559,13.106158256530762,-15.063007354736328,18.189159393310547,-1.5856330394744873,16.899038314819336,-13.086546897888184,29.815406799316406,-11.71444034576416,16.859304428100586,-15.357086181640625,12.8508882522583,2.7616212368011475,9.566858291625977,-2.745105504989624,10.254843711853027,-16.803546905517578,12.486001968383789,0.6016781330108643,0.544036865234375,0.48730942606925964,0.44603613018989563,0.36144116520881653,0.3333199620246887,0.274217814207077,0.34996315836906433,0.40788567066192627,0.3932589292526245,0.44623252749443054,0.5613544583320618,0.008807651206626549,0.020577770197729054,4786.500236592534,1016.6662470924301,4258.145994390777,1868.6940691950847,8537.390448267111,3576.6466885192194,0.23747122426044084,0.10049185391352151,14.59122924385003,4.468880506725959,10.04477495736312,3.582298548020131,12.879473998943157,3.3717973853933567,14.836458804202445,4.513555341211825,15.363438891380033,3.2869580657283604,20.683710924098104,4.9434990972577495,27.381089225838625,6.196494346457744
vocals,90.0,95.0,-379.8374328613281,116.14672088623047,90.86626434326172,75.72476959228516,-16.670276641845703,51.177982330322266,45.858219146728516,35.24209976196289,12.928567886352539,16.673236846923828,-13.390782356262207,20.315893173217773,-10.600605010986328,18.740028381347656,-15.317618370056152,26.36147689819336,-15.603943824768066,17.53474998474121,-18.58277130126953,12.100858688354492,-5.120673656463623,13.276424407958984,-9.556920051574707,10.441389083862305,-19.65589141845703,10.958415031433105,0.6003873944282532,0.5262598991394043,0.44963058829307556,0.4287550449371338,0.3815886676311493,0.2901531755924225,0.26683399081230164,0.2810172736644745,0.2597869038581848,0.29100170731544495,0.39806538820266724,0.5184739828109741,0.05180149800776182,0.0639902571041089,3174.458212249895,1700.9243613678557,2825.747197171851,1420.801843425592,5155.078804741879,2934.7173697474664,0.12417298071345707,0.09011238079420553,16.901826758655798,6.47437076104208,12.383198972396531,4.537464357476918,15.630404850244966,5.009313795409121,15.848220013577311,4.82596634301419,15.849707906154189,3.048893931419635,22.19641235270119,5.199153129155288,32.28956140250578,6.021934454293268
vocals,92.5,97.5,-392.86822509765625,121.02934265136719,97.14903259277344,77.2939682006836,-7.081799507141113,34.60934066772461,33.5363655090332,27.880489349365234,13.00498104095459,16.382537841796875,-9.626150131225586,16.12476348876953,-15.611774444580078,16.042211532592773,-7.904760360717773,11.98277473449707,-8.214693069458008,10.846330642700195,-19.660099029541016,10.699299812316895,-8.066486358642578,10.316920280456543,-9.891374588012695,8.0298433303833,-18.890695571899414,7.768744945526123,0.6027905941009521,0.526554524898529,0.3689195215702057,0.3131074011325836,0.3494584262371063,0.29058578610420227,0.27236229181289673,0.29729118943214417,0.3192412555217743,0.3869108259677887,0.4904061555862427,0.5527071356773376,0.04707660587199152,0.06510191499901234,3050.2809975861883,1727.4804408191173,2998.626517087215,1209.5649999224795,5286.026659476508,3046.676334282046,0.10622213058294663,0.08147157122981503,18.029714246341555,5.461352974433159,12.6162125145474,4.2674671926255465,16.65576033911818,4.787959991677704,16.750920153866772,4.308498550407448,16.155910220513398,2.9706177616584784,23.624435723126208,4.356799057824735,31.235128813923648,4.935221327087393
vocals,95.0,100.0,-429.21331787109375,126.9151611328125,82.90901184082031,70.70320892333984,-17.064922332763672,29.7193603515625,26.8794002532959,22.69135284423828,9.981937408447266,14.940272331237793,-10.671048164367676,15.41283130645752,-13.694849967956543,11.80579948425293,-4.144299030303955,10.771246910095215,-7.663384914398193,8.570831298828125,-20.449434280395508,9.338534355163574,-6.504991054534912,7.602349758148193,-6.351363182067871,6.939187049865723,-20.19034767150879,6.5050950050354,0.6039870381355286,0.5265326499938965,0.3748103082180023,0.3184907138347626,0.33691611886024475,0.2747199237346649,0.3106505274772644,0.3352128267288208,0.39278608560562134,0.4908599555492401,0.5206862688064575,0.5609240531921387,0.02871438616286021,0.04755013490029263,3437.065536550864,1477.6945981075157,3330.7849782497588,1030.691229547769,5938.667569968097,2541.218819319613,0.12123536289153132,0.07579275519998317,16.704586757427062,4.947457644775042,11.944683013271343,3.773213489430149,15.88794303851911,4.108638968161142,16.17571035547275,3.745074614500162,15.65225270932088,2.6149945313224965,24.287264882133915,3.7712858784623142,30.077157124506616,4.253128524255823
vocals,97.5,102.5,-372.7835693359375,105.95446014404297,130.73367309570312,56.837974548339844,-0.05391259491443634,35.47759246826172,32.04505157470703,25.390209197998047,4.076859474182129,16.26689910888672,-10.263046264648438,15.948424339294434,-13.838010787963867,12.645545959472656,-3.23581862449646,12.07456111907959,-6.610607624053955,9.390027046203613,-22.73255157470703,9.913383483886719,-7.973936557769775,9.240678787231445,-4.429274082183838,7.733160018920898,-18.265649795532227,8.421507835388184,0.566743791103363,0.44701793789863586,0.33858928084373474,0.3331569731235504,0.33295589685440063,0.2875678241252899,0.35439011454582214,0.34547165036201477,0.36059337854385376,0.43159598112106323,0.5439020395278931,0.5851427912712097,0.042740213032298684,0.051259301950503953,2308.837320016511,1178.7532450263739,2872.0982258538534,734.4461116469903,4119.686457729118,2322.683484396793,0.06108613689095128,0.0512869604385558,17.870796005104562,5.960199656562678,11.4052578982125,4.030092267108288,15.904866737308394,4.374412155590397,16.891695406974527,3.763906349150285,15.75008544548475,2.8023945501527954,24.396308805674195,4.041757248563332,30.899295719268075,4.635191871914975
vocals,100.0,105.0,-323.3250427246094,91.24688720703125,115.67427062988281,49.53215789794922,13.304076194763184,39.007755279541016,39.4867057800293,25.29030990600586,8.79131031036377,20.020235061645508,-4.7440900802612305,17.745962142944336,-12.029272079467773,12.496674537658691,-5.460003852844238,11.312870025634766,-6.804942607879639,9.707923889160156,-23.45201873779297,11.176407814025879,-9.107071876525879,10.410599708557129,-2.937736749649048,6.996974945068359,-14.809216499328613,10.755866050720215,0.500413179397583,0.3997220993041992,0.31674471497535706,0.3223809599876404,0.32133087515830994,0.3028320074081421,0.3368287682533264,0.2875199019908905,0.2664068937301636,0.3642835021018982,0.5949624180793762,0.6118581891059875,0.05394381219321287,0.061469491653578665,2311.4462954528294,1280.0506126176967,2961.9161017378424,663.4387903379575,4161.403916219548,2371.5147268600645,0.05612515407482599,0.05728323577305163,17.323741734762017,6.186153779706234,11.352085522295928,4.243648080595578,15.90864191616251,4.606574991789267,16.798636176619347,3.850710740108363,16.30690805130728,3.005233763085265,23.845394328050393,4.498551269864759,31.820824957632798,5.443394111999587
vocals,102.5,107.5,-290.8748474121094,99.416259765625,118.2847671508789,52.52544021606445,2.6242754459381104,38.379886627197266,44.82600402832031,29.17976188659668,6.774032115936279,19.4316463470459,-2.6527998447418213,16.03871726989746,-13.3945951461792,10.814085960388184,-9.637782096862793,11.801673889160156,-8.766305923461914,9.849693298339844,-25.57311248779297,10.537355422973633,-8.390146255493164,9.665467262268066,-2.1172235012054443,7.654581546783447,-17.393714904785156,9.812484741210938,0.4254777133464813,0.36641132831573486,0.3238389194011688,0.3359304964542389,0.34449502825737,0.3153437376022339,0.3409360945224762,0.2839898467063904,0.24729731678962708,0.3578226864337921,0.6071043610572815,0.5897297263145447,0.07412424047594769,0.07187269233237888,2481.5430714385175,1344.3401396782574,2949.290882614116,700.0510420686628,4594.8158352668215,2371.493384494059,0.06115524398201856,0.06002134805181994,18.80055674061019,6.113906705029835,11.510009994059049,4.172738239851749,15.79750588102014,3.93537482248983,16.00830371910477,3.6579732927385815,16.21403286371662,2.8764509610395486,23.012108804084765,5.197770850216994,33.440556587340474,5.545633461811052
vocals,105.0,110.0,-304.01092529296875,112.68852996826172,126.57136535644531,55.78615188598633,4.505958080291748,32.540523529052734,37.46030044555664,30.912513732910156,-2.323432683944702,14.380932807922363,-12.080495834350586,16.613643646240234,-14.142805099487305,10.665140151977539,-6.829579830169678,11.388422012329102,-11.37021255493164,8.697331428527832,-24.630083084106445,9.858964920043945,-9.392260551452637,7.768594741821289,-4.249415874481201,8.218781471252441,-15.326754570007324,7.4683709144592285,0.46736156940460205,0.41003820300102234,0.39811086654663086,0.4038334786891937,0.40122857689857483,0.35780036449432373,0.34699252247810364,0.29185450077056885,0.2885628938674927,0.3598366677761078,0.5283117890357971,0.5932391285896301,0.07181861323116481,0.07229184088968768,2333.341256806044,1240.0511955771365,2910.28851374047,832.8570952390246,4378.78434962297,2410.8161817743458,0.05769988942865429,0.05179118303088879,19.135946376126608,5.784575369744469,11.139601593268807,3.9913270456937084,14.910187784844998,4.064542007262595,15.672857654236132,3.3163863006748038,15.680799384974101,2.63266581724866,22.365133326575346,4.58937393155339,32.280788601565604,5.3383207168421105
vocals,107.5,112.5,-349.67706298828125,115.08885192871094,110.42092895507812,53.543357849121094,-1.6792017221450806,32.83482360839844,40.823184967041016,28.10904884338379,6.310006618499756,18.790250778198242,-11.488683700561523,18.915830612182617,-14.316620826721191,11.854764938354492,-5.2553205490112305,10.51805305480957,-8.770084381103516,10.959510803222656,-21.933691024780273,9.324007987976074,-10.255439758300781,8.390398025512695,-4.571424961090088,8.113243103027344,-16.5660457611084,8.094594955444336,0.49223485589027405,0.45473888516426086,0.4401165843009949,0.4006098508834839,0.3851981461048126,0.38120341300964355,0.3788142800331116,0.31156423687934875,0.3439195156097412,0.3709349036216736,0.4531203508377075,0.5466719269752502,0.04972768468315564,0.06414982791894308,2631.796651969402,1197.9152401750594,3045.93629426569,801.1745469952343,4936.898994888341,2241.349107149439,0.06928269105278423,0.05331411870153582,18.34822166551664,5.4743212143742435,11.07497436348084,3.9118967960064515,14.876576873787442,4.220280194730852,15.553124364174232,3.562076718220473,16.025183416840523,2.9180770338316058,23.02371165857533,4.684994618393071,31.476106215152882,5.107003521818091
vocals,110.0,115.0,-361.3360900878906,110.5061264038086,96.17452239990234,46.060829162597656,-1.2793631553649902,30.9527645111084,41.117088317871094,29.528974533081055,8.485331535339355,15.735068321228027,-12.089500427246094,20.709774017333984,-16.233062744140625,12.621740341186523,-8.140340805053711,10.317774772644043,-8.988626480102539,11.564165115356445,-20.11329460144043,9.975912094116211,-9.387598991394043,8.220947265625,-4.545382976531982,7.990235805511475,-17.44186782836914,8.378323554992676,0.43512946367263794,0.40510207414627075,0.3540981709957123,0.3323347270488739,0.3304256796836853,0.3643593490123749,0.387937992811203,0.2888390123844147,0.3050064444541931,0.4154251217842102,0.6075888276100159,0.5373041033744812,0.040506991029046084,0.06226267276304594,2793.484887883256,1148.9691202724437,3090.6919063681894,651.7933371681987,5230.469996193446,2110.7406915692845,0.07447025449535963,0.0517627054054581,18.344668589845384,5.850154549119711,10.131156000286794,3.7135246910574664,15.216810369187273,4.073930914178376,16.392789630145355,4.379668970726481,15.96515634919241,2.844916702829139,23.12592138249152,4.332066028100141,31.880814700043622,4.99999702646393
vocals,112.5,117.5,-359.80780029296875,118.73826599121094,113.8541030883789,59.93705749511719,10.284272193908691,30.407981872558594,33.25053024291992,27.862245559692383,3.7381603717803955,14.41140079498291,-13.270968437194824,19.82802391052246,-17.047895431518555,11.531311988830566,-8.311670303344727,9.832066535949707,-8.606719017028809,9.864045143127441,-18.833621978759766,10.655951499938965,-11.225011825561523,7.598701000213623,-7.831319808959961,7.697574615478516,-15.542330741882324,8.349289894104004,0.4255482256412506,0.36232614517211914,0.33126434683799744,0.32742032408714294,0.3042730689048767,0.34756264090538025,0.3462250530719757,0.3122524619102478,0.347038209438324,0.5567161440849304,0.6389309763908386,0.48580729961395264,0.05637442470689438,0.07146323419938845,2719.937720170048,1648.8069493480239,3318.696785177895,1369.335999312558,5373.208653567285,3906.918179043406,0.07191895664153132,0.06394676554032426,18.165725817913962,6.093022228918121,10.466855241114636,4.132006138881638,15.7021221813786,4.340193248446042,17.469017392158538,4.502884969950403,15.844262347451478,2.5344307220594033,22.96657121302664,4.723164307504454,30.544239810512437,5.152934460931969
vocals,115.0,120.0,-359.1302185058594,135.1587677001953,124.48052978515625,62.06840896606445,8.291980743408203,31.12347412109375,37.30707931518555,27.81009292602539,7.977039813995361,17.527313232421875,-2.8924171924591064,18.13197135925293,-14.192638397216797,12.519306182861328,-9.10235595703125,8.915249824523926,-8.542678833007812,11.520212173461914,-16.676834106445312,10.050712585449219,-8.450030326843262,9.106568336486816,-6.957573413848877,7.587693691253662,-16.45928955078125,10.288655281066895,0.5317785143852234,0.4673052728176117,0.42281487584114075,0.39076849818229675,0.3357994258403778,0.2954741418361664,0.307827353477478,0.3230515122413635,0.33917906880378723,0.4066339135169983,0.549923300743103,0.5829169154167175,0.06694731271287951,0.07138494281604645,2613.0228599199036,1585.483350087047,3400.0638630955427,1443.459030434047,5370.5107580481435,3850.3129341256904,0.06409626051334107,0.060695025392290936,18.5480429621279,6.318486004635961,11.212123363290623,4.137175139256698,16.53963641332513,4.463661443105043,16.75439039147052,4.036086338577308,16.05824432191386,2.748108557352581,22.36485122281956,4.603697737394722,31.374218935692774,5.298791537198936
vocals,117.5,122.5,-343.9538879394531,135.36727905273438,129.44146728515625,62.82781982421875,6.177038669586182,28.594789505004883,30.783456802368164,26.710918426513672,4.642621994018555,20.483421325683594,-2.2370591163635254,17.370363235473633,-12.325610160827637,10.862701416015625,-12.796246528625488,9.801525115966797,-11.890094757080078,10.630814552307129,-17.63429069519043,9.18336009979248,-8.821595191955566,9.243022918701172,-4.858028888702393,7.088711261749268,-12.363795280456543,10.991703033447266,0.43955913186073303,0.4155258536338806,0.41850659251213074,0.4461459219455719,0.46412351727485657,0.45825764536857605,0.4580451250076294,0.37356090545654297,0.3433907628059387,0.3714710772037506,0.45160433650016785,0.4776846468448639,0.07528551111937491,0.08743286726836634,2133.1406956888113,967.9060650149851,3074.9717495321247,989.5190783163104,4020.4138948303366,2116.620238946279,0.048121193445475635,0.03710228305981561,18.994050024125436,5.891638329502252,11.452085206599431,3.873386132842965,15.385435791542728,4.511814287737486,16.0320495244399,3.7742752138923983,15.969264789962248,3.085843491839701,22.602494377458786,4.706964434393203,31.37283360478028,5.3079827274007725
vocals,120.0,125.0,-405.5029602050781,122.71858978271484,103.06396484375,70.38044738769531,-3.8120529651641846,33.37749481201172,7.126932144165039,20.60990333557129,1.3027052879333496,18.2286319732666,-6.0172343254089355,14.069009780883789,-11.22872543334961,10.203834533691406,-10.63624382019043,10.880738258361816,-11.261429786682129,7.699018478393555,-16.029020309448242,10.203575134277344,-8.937644004821777,7.902287006378174,-3.2299609184265137,7.179953098297119,-6.833252429962158,7.579375743865967,0.49754881858825684,0.38879525661468506,0.36016154289245605,0.37237977981567383,0.4601284861564636,0.5571441054344177,0.6076362133026123,0.5241413116455078,0.43224865198135376,0.37956374883651733,0.3850420117378235,0.5110030174255371,0.044195637495272895,0.0795363671952102,3034.9374102309116,1811.8517926715767,3615.0482642981665,1379.4698619879225,5641.0497253842805,3839.933155728641,0.10752383628190255,0.11545128311472366,16.770276828279123,5.612236361443702,11.062319806040014,4.070308704832381,13.537617879368609,4.2504734554043315,14.682456607682388,3.6605374283294965,15.411887596714884,3.0639925494350844,21.29962683690536,5.217708652251089,28.59703101912648,4.107399387705018
vocals,122.5,127.5,-519.91845703125,122.11734771728516,73.24955749511719,47.013980865478516,-40.09811019897461,48.89430618286133,34.573333740234375,42.508087158203125,-10.954971313476562,17.71384048461914,-6.273465156555176,17.12199592590332,1.3844677209854126,22.279836654663086,-11.098246574401855,12.520745277404785,-10.996084213256836,10.807928085327148,-16.740636825561523,11.15767765045166,-1.2139966487884521,12.356350898742676,-1.2176529169082642,9.108044624328613,-16.86675262451172,10.984427452087402,0.5896608829498291,0.457859605550766,0.40973424911499023,0.3223663866519928,0.3634489178657532,0.3874376714229584,0.385868102312088,0.35456472635269165,0.37083736062049866,0.3727225959300995,0.5291827917098999,0.7102694511413574,0.0076361900355719275,0.012933505017144926,4945.962194241921,1553.7881404110763,3812.1306025782674,1520.5577113991894,8222.885776174595,3041.474972448767,0.22832869598317865,0.11752207808576724,12.984699627351992,4.659106869709789,9.265849423123193,3.4561137880635204,12.312689793531417,3.5746188457980463,12.928998840633314,3.7242548821872608,14.177861953928923,2.608215098819633,19.309166090868313,4.320524055372431,30.73792717466243,5.623088649562853
vocals,125.0,127.9447619047619,-588.7567749023438,135.9146728515625,77.95293426513672,30.033447265625,-57.06589889526367,54.192344665527344,63.574073791503906,48.984519958496094,-21.997730255126953,17.541851043701172,-4.762561798095703,19.034019470214844,15.446784019470215,15.163398742675781,-16.817319869995117,13.853676795959473,-3.626275062561035,10.253621101379395,-21.2082576751709,13.621855735778809,8.196623802185059,12.762657165527344,-3.178678274154663,9.032404899597168,-21.163101196289062,10.983954429626465,0.673470675945282,0.5149415731430054,0.5362785458564758,0.38676705956459045,0.29226061701774597,0.32395026087760925,0.17864710092544556,0.18348075449466705,0.21094371378421783,0.266109436750412,0.4471082389354706,0.6675689220428467,0.00599920112224535,0.008413940297439644,5921.08251629893,1206.82572680437,3977.1698926107883,2065.101352780861,9795.064130167322,4130.873059252392,0.3397707000492126,0.17245791501101115,12.289831143600344,5.063236412496106,8.52310990186941,3.053511381535869,11.807122053070643,3.7282912139240345,12.438607459856716,3.7157739190762307,13.70369595225314,2.444819365106452,18.703797455427416,4.0921624373064285,32.02324525641003,6.695260643485798
no_vocals,0.0,5.0,-472.1653137207031,57.79878616333008,169.45181274414062,42.27035140991211,64.55516815185547,18.57853889465332,-3.545942544937134,21.046327590942383,1.9279855489730835,12.585039138793945,-3.5992536544799805,12.955526351928711,-10.14695930480957,11.051136016845703,-1.4397060871124268,10.56916332244873,-9.433737754821777,8.648448944091797,1.7178798913955688,7.826513290405273,-7.917224884033203,10.593990325927734,-1.5683979988098145,6.700658798217773,-16.15890121459961,10.362472534179688,0.4276909828186035,0.23654796183109283,0.23253020644187927,0.15856526792049408,0.17952623963356018,0.13298945128917694,0.23112820088863373,0.5613576769828796,0.33053791522979736,0.25295934081077576,0.1598924994468689,0.26264193654060364,0.02765434929936813,0.019186930299042667,2148.0343013253287,1672.8582681626488,3803.5300637371793,1500.612585133526,3573.2127320185614,5178.169928209087,0.03839522005510441,0.029002808790228884,15.412662050278131,6.007162916838719,13.383426273499543,4.346304933754206,20.889652779684145,4.471471664325996,25.808957327522048,6.2288062653126035,22.564915297984516,5.438250192868784,17.81547401372499,4.144781166296855,19.732149112216433,1.7866623445444196
no_vocals,2.5,7.5,-478.1790771484375,50.41390609741211,170.66087341308594,36.61343765258789,61.00386428833008,14.813276290893555,-11.082711219787598,21.349952697753906,-7.943646430969238,12.749686241149902,-14.225566864013672,11.832381248474121,-13.701171875,11.611246109008789,-2.413154363632202,12.226645469665527,-7.175811290740967,10.795869827270508,0.6457456350326538,7.77855110168457,-9.399982452392578,12.749991416931152,-2.815034866333008,7.610270977020264,-13.414551734924316,13.452760696411133,0.40179067850112915,0.16913408041000366,0.2556290030479431,0.16756100952625275,0.2522607743740082,0.1443784534931183,0.22667723894119263,0.358116090297699,0.204254150390625,0.2185506820678711,0.1031477153301239,0.26135388016700745,0.024436872244516513,0.017251268440462465,1987.0418730760048,1107.3264072370187,3731.96812620163,1250.5722610117527,3048.0224042923433,4211.301459944838,0.03788314783932715,0.020496084393840517,12.541391498390366,3.858078257905146,13.375777527853925,3.9406781668572126,19.77911404111193,4.200631662365217,27.795292401762733,5.46926137430747,21.5635078790349,5.232034913454353,17.770582312687363,4.068646256887914,19.840169472532047,1.89575328507351
no_vocals,5.0,10.0,-484.09503173828125,43.14963912963867,176.04005432128906,33.36775588989258,68.11751556396484,13.390046119689941,-9.837692260742188,16.432931900024414,-4.494460105895996,12.870565414428711,-8.997030258178711,13.755436897277832,-13.437776565551758,10.931057929992676,-6.850081443786621,11.40837574005127,-11.170432090759277,12.020461082458496,-3.4622058868408203,6.701230049133301,-18.91826820373535,9.358339309692383,-6.958202838897705,8.453513145446777,-14.004008293151855,11.15997314453125,0.3361737132072449,0.18643523752689362,0.24075710773468018,0.16001145541667938,0.2676306664943695,0.37789350748062134,0.3323271572589874,0.33810728788375854,0.17946013808250427,0.08760518580675125,0.038451943546533585,0.10245145857334137,0.031734646902756715,0.018669669558415217,1645.6263445972722,1057.5821795983104,3444.85065078677,1176.6481510209417,2299.7061249274943,3880.966045214085,0.02717154872389791,0.011568010586671354,12.796680990996864,3.7391521249063207,15.889670680041434,4.005840165974569,20.353729514733722,5.082103929599149,25.449396752451268,4.53229155572448,21.62664919330417,4.556523366770242,16.26408193471737,2.638142108217003,20.452279484481306,1.9389647344516092
no_vocals,7.5,12.5,-476.2579040527344,26.312665939331055,186.2233123779297,22.304946899414062,77.80249786376953,14.571444511413574,-6.780056953430176,11.869450569152832,-1.0397790670394897,9.651029586791992,-3.3468949794769287,10.720142364501953,-12.154458999633789,8.289909362792969,-13.040569305419922,7.128962516784668,-14.941621780395508,8.681017875671387,-1.345340371131897,7.480174541473389,-16.491971969604492,8.262739181518555,-6.752458572387695,8.393089294433594,-15.9855318069458,7.473409652709961,0.27469778060913086,0.18359917402267456,0.20921766757965088,0.15159089863300323,0.2387695461511612,0.4270991086959839,0.39013224840164185,0.513304591178894,0.27081432938575745,0.14114248752593994,0.06370823830366135,0.09745676815509796,0.03227190619222215,0.017453226080844483,1327.2153936717223,514.6735053123267,3212.0588257871946,824.7482804635796,1259.3676361296405,1336.979764987154,0.021077662775522043,0.005505111237457789,14.641498801397969,4.516477534446711,15.09414520923987,4.773701971919537,20.40093062995767,4.811309444618661,25.593044323099832,3.9904616321316295,22.502593486325516,3.7993590387278124,15.092356292167212,2.166370791326593,20.324706420557956,2.2131346707466504
no_vocals,10.0,15.0,-494.5066833496094,43.58812713623047,184.7071075439453,37.24713134765625,78.25907897949219,16.37939453125,-1.7882522344589233,15.45599365234375,-1.0905237197875977,9.72080135345459,-5.440504550933838,11.931116104125977,-11.523548126220703,9.691922187805176,-10.802186012268066,8.991219520568848,-11.658880233764648,8.364492416381836,4.046940326690674,6.187716007232666,-9.796448707580566,7.856800079345703,0.369444876909256,5.758215427398682,-11.68840217590332,6.736557960510254,0.33274540305137634,0.34096139669418335,0.5216739773750305,0.3524598777294159,0.31061074137687683,0.23995503783226013,0.27436667680740356,0.4161684513092041,0.22156019508838654,0.15348103642463684,0.10031415522098541,0.17133580148220062,0.022451494310187337,0.014045869544843244,1709.5926663988434,1068.747016166442,3623.4733915618476,1351.732945735581,2824.296920316125,3824.875123656938,0.025616072723317864,0.012977688083407546,16.131445188221328,5.149689288502666,12.912777979886691,4.247557169427429,19.53522737703225,3.9903832180685512,24.63172794035541,4.052252807686265,19.92303793368221,4.167009068335156,15.141827637020448,2.115778142973641,19.916554566369292,2.216888891276801
no_vocals,12.5,17.5,-490.56640625,49.95201873779297,181.86065673828125,37.33384704589844,71.0505599975586,15.254899978637695,1.2187656164169312,16.820232391357422,-0.2750321328639984,10.491966247558594,-6.620934963226318,11.34112548828125,-10.102413177490234,8.391036033630371,-6.272336483001709,9.765368461608887,-9.561246871948242,7.85283899307251,1.4779367446899414,6.82423210144043,-8.121363639831543,6.485250473022461,0.10337188839912415,5.166490077972412,-15.059684753417969,8.619339942932129,0.3777407109737396,0.445347398519516,0.6427620053291321,0.4591118395328522,0.3174283504486084,0.1898215413093567,0.19628272950649261,0.2666216790676117,0.15594635903835297,0.20482344925403595,0.11999467760324478,0.1831742525100708,0.02170170941055167,0.014841593185405745,1705.392745240675,1014.6118436212889,3648.8347582651463,1288.5268346284354,2621.904795352378,3705.7660871780427,0.02618932170823666,0.012710375744862041,17.08739093293001,4.870605269553663,13.194337244001009,3.9844270247410245,19.159779938756177,4.056852421406924,24.938697477421027,4.9734754174280225,19.34687954205687,3.9669843097505173,15.829941169664684,2.285954339278085,19.50381867054151,1.9570026497277018
no_vocals,15.0,20.0,-445.3351135253906,43.91097640991211,195.61151123046875,27.1949520111084,63.02047348022461,16.28257942199707,-5.97613525390625,13.94840145111084,1.3154884576797485,9.221407890319824,0.042029574513435364,9.728854179382324,-8.786218643188477,5.965583801269531,-7.690838813781738,7.888124465942383,-11.016490936279297,6.660012245178223,-7.019260406494141,7.497216701507568,-12.422980308532715,7.472639083862305,-3.0586283206939697,7.3868727684021,-10.97921371459961,10.180533409118652,0.3809889554977417,0.3609790802001953,0.46846190094947815,0.3277181386947632,0.20603567361831665,0.12672357261180878,0.1717446744441986,0.4460161626338959,0.2447022944688797,0.17042633891105652,0.07929951697587967,0.1360449492931366,0.03371897477790575,0.01878363960633002,1234.8562799157921,401.99298193359067,2944.756908134218,848.7249704899369,1133.5657672926334,532.4909145667212,0.022697714254640372,0.005093933367375216,18.00469684547128,4.837718528720364,12.788728985279212,3.4607502185391312,20.976167595565574,4.607662615825605,25.00691639927006,4.679469317042652,21.986333370099583,3.8009805811328126,17.794314484305477,3.372770517286144,19.42956791439406,1.7348104736180157
no_vocals,17.5,22.5,-428.5796813964844,32.24504089355469,207.4288330078125,14.601545333862305,64.48284912109375,17.456266403198242,-7.219297885894775,11.723519325256348,2.949476957321167,7.816858291625977,4.304938793182373,7.28220272064209,-9.622026443481445,7.128329753875732,-9.507207870483398,6.040642738342285,-14.840206146240234,5.785745620727539,-11.448210716247559,5.629183292388916,-17.394554138183594,6.484496593475342,-1.5884634256362915,7.844878673553467,-3.472921371459961,7.907320022583008,0.4474484324455261,0.28221917152404785,0.24823440611362457,0.19190780818462372,0.3035524785518646,0.1390269547700882,0.20290090143680573,0.6289543509483337,0.33927759528160095,0.08032899349927902,0.056992728263139725,0.1449798047542572,0.04112043101859134,0.014999025503441845,1029.7306500999773,192.34579622404897,2531.719434241466,448.2282889903707,975.0394250290024,218.60220490017835,0.022140325913573084,0.003618912186971612,17.123146120624185,4.96325510249928,11.331566485974923,3.78006621226976,22.21481699838424,4.1448270474039495,23.553234326496476,4.123770689409244,23.794450924897625,3.333780360365133,18.173687602743286,3.4873238896135215,19.30252097066214,1.740756565357166
no_vocals,20.0,25.0,-461.775390625,40.64883041381836,198.31434631347656,26.733156204223633,69.57617950439453,15.41695785522461,-4.055757999420166,15.400066375732422,0.44634103775024414,10.18770980834961,-1.0798670053482056,9.567645072937012,-11.184200286865234,8.274683952331543,-8.809707641601562,7.520808696746826,-17.74863624572754,6.718905448913574,-13.373964309692383,6.912784099578857,-20.791719436645508,7.417482376098633,-2.225215435028076,7.876086711883545,-3.992358684539795,9.83923625946045,0.4632793962955475,0.283738911151886,0.24456730484962463,0.22072623670101166,0.41154760122299194,0.22539283335208893,0.2204550951719284,0.5308060646057129,0.2912830710411072,0.0892486646771431,0.05828145891427994,0.14560101926326752,0.03221248976860342,0.014316956527147661,1220.4504809750654,515.4151960316242,2895.344204915372,845.1379146543866,1222.396475311775,1301.5695239630725,0.0241206405887471,0.008300926514525672,16.226579361897574,5.370839045821034,11.223003263050174,3.7272384785902997,22.071084279067474,4.188953846816012,23.168867115739,4.059704051469612,22.77303705428322,3.617913893248092,16.990081309422067,2.8605049281969603,19.368768601665103,1.9643520601425828
no_vocals,22.5,27.5,-474.5954284667969,34.62395477294922,186.15106201171875,26.823408126831055,60.33063507080078,14.396920204162598,-0.9086591005325317,18.646034240722656,0.43723854422569275,12.351378440856934,-2.903503894805908,12.058979988098145,-8.201122283935547,8.272736549377441,-6.742871284484863,8.783546447753906,-12.833756446838379,9.392705917358398,-14.78157901763916,7.271467208862305,-24.147783279418945,7.884323596954346,-8.658862113952637,9.271963119506836,-9.484986305236816,10.751482009887695,0.4224281311035156,0.3035781979560852,0.339092880487442,0.23413588106632233,0.2451993077993393,0.2677384912967682,0.2496713101863861,0.41509947180747986,0.2259059101343155,0.09023237228393555,0.045526277273893356,0.11029661446809769,0.02533738527570153,0.012635029660222378,1369.5850461158127,515.9234303794378,3168.5725336576074,848.8690058271615,1413.6972520301624,1388.4965224308123,0.023389918068445474,0.008875864486417003,15.710552931532977,5.787955692611961,12.992007998835552,4.016415358052522,22.442688282588833,4.265761343337135,23.552543500122663,4.2454369499509435,20.77790003841319,4.146589912510791,16.878824422349258,2.7703611295344466,18.879437288338664,1.7043804188629568
no_vocals,25.0,30.0,-466.0777282714844,35.02783966064453,186.47488403320312,21.160789489746094,56.397666931152344,11.782464981079102,3.521625518798828,19.97471046447754,0.5073435306549072,11.82641887664795,-0.4328685402870178,14.505685806274414,-7.74788761138916,7.810148239135742,-5.939926624298096,8.68665599822998,-8.496790885925293,6.55277681350708,-9.60874080657959,7.788318157196045,-19.333181381225586,9.96062183380127,-7.558997631072998,8.87407112121582,-14.439077377319336,5.795066833496094,0.3086946904659271,0.22426395118236542,0.24316544830799103,0.15716537833213806,0.12610816955566406,0.17477788031101227,0.2824484705924988,0.6764552593231201,0.3557586073875427,0.09854322671890259,0.04687773436307907,0.09613601863384247,0.02775465854467379,0.012522084150289879,1252.9406747869298,328.6049693476069,3013.5237445367093,569.5025787328931,1185.0256262688515,707.2362438689688,0.020258573810904873,0.004034410419910755,15.820515028873631,5.010232422308597,14.118047365230705,4.410442036888534,23.820593920638757,4.868418295392227,24.46366589775724,3.841140120641341,20.82851337421128,4.511251293911483,16.663221337557733,3.0845349480438142,18.538355942608195,1.912541974600629
no_vocals,27.5,32.5,-461.5102233886719,35.8109016418457,200.01449584960938,25.195602416992188,59.78835678100586,13.988471984863281,-1.0247355699539185,19.034616470336914,6.908018112182617,11.939409255981445,3.7038393020629883,12.427924156188965,-10.110652923583984,8.579381942749023,-6.718045711517334,8.10545825958252,-8.060667991638184,5.992562294006348,-6.882564544677734,5.827206134796143,-16.51047706604004,7.534757137298584,-5.27707576751709,6.697890281677246,-13.175046920776367,5.332265377044678,0.4088243246078491,0.22304703295230865,0.12079926580190659,0.10392976552248001,0.12965865433216095,0.09453460574150085,0.24640806019306183,0.7572868466377258,0.4069611728191376,0.09016408026218414,0.0520985946059227,0.13118760287761688,0.03631249888586161,0.012706696619183527,1042.055488670355,243.67038630650492,2591.889078771653,490.1561010333718,1003.0675618111949,382.53915904228535,0.01980201384860789,0.0032035556018275937,16.60070352599775,5.458764408769382,14.201314078134628,4.1211464711772665,25.13307260978721,4.807291024310328,25.231427108283587,4.179386621934876,23.663651087279167,4.81588597372995,18.221525696890108,4.382619201795373,18.313202567669553,1.58794614866656
no_vocals,30.0,35.0,-440.8848876953125,43.645057678222656,195.5095672607422,25.195152282714844,56.853355407714844,14.682369232177734,-6.423757553100586,13.982766151428223,2.8231332302093506,13.090003967285156,-1.693566083908081,13.684732437133789,-17.46071434020996,11.844160079956055,-11.821606636047363,7.671380996704102,-6.440927028656006,10.288737297058105,-4.468632221221924,11.941548347473145,-13.617653846740723,16.126937866210938,-3.766547441482544,10.357892990112305,-7.672585487365723,6.808326244354248,0.4636881947517395,0.23339205980300903,0.13961906731128693,0.1419047713279724,0.3207159638404846,0.17687731981277466,0.18299534916877747,0.45818281173706055,0.25666990876197815,0.22185422480106354,0.09318292140960693,0.13059301674365997,0.0392606302041327,0.016729991924118195,1145.179587526415,329.53156567990305,2647.890738628268,626.1548649770328,1068.866235861369,419.41010415658155,0.025208227595707657,0.006683846976724888,16.342557209170458,5.548356563026205,13.698623325422973,4.272823735403485,22.758070906394174,5.143593936493308,26.713172084682064,5.717687275835995,23.459761344651756,5.044121324671685,20.206480342834602,4.915074805675239,18.746991519020213,1.8787776493927333
no_vocals,32.5,37.5,-441.5343322753906,53.12240982055664,193.80934143066406,32.188175201416016,50.733612060546875,13.05345344543457,-10.594205856323242,13.57569408416748,-4.276612281799316,10.516061782836914,-9.225172996520996,11.601499557495117,-22.817289352416992,7.67155122756958,-14.078391075134277,7.715208530426025,-5.88891077041626,10.874627113342285,-1.2980037927627563,13.378000259399414,-4.552136421203613,18.304439544677734,5.574912071228027,11.335225105285645,-1.579846739768982,10.085989952087402,0.213952898979187,0.16541649401187897,0.30938324332237244,0.24262651801109314,0.4711664021015167,0.2513893246650696,0.1741793006658554,0.4039526581764221,0.17834849655628204,0.19356849789619446,0.06831464916467667,0.06382740288972855,0.03577963391474498,0.020676423058276834,1261.806521743157,367.90482274388836,2725.7566356009156,839.6089375996105,1140.8101163718097,441.193056220137,0.02831917959686775,0.005342592440983604,17.424741849434906,5.3892348486079475,13.415620973340419,4.449027508310221,20.388247941775457,4.1020834117321785,27.287175079929323,6.1288100093418185,22.7696036344061,4.175693744721829,20.189592762016865,4.640844264959676,19.299196287145044,1.8118942888869198
no_vocals,35.0,40.0,-450.224853515625,42.979454040527344,205.3511505126953,34.10484313964844,47.932735443115234,14.553464889526367,-13.489212036132812,14.852997779846191,-0.22580444812774658,11.726729393005371,1.1916184425354004,14.641149520874023,-11.753069877624512,12.530356407165527,-11.261072158813477,10.267335891723633,-3.8511223793029785,8.577239036560059,-3.562662363052368,9.496147155761719,-4.98836612701416,12.75710391998291,-0.016579188406467438,13.146967887878418,-2.774921417236328,9.754140853881836,0.29716411232948303,0.26396721601486206,0.3281673192977905,0.27105391025543213,0.4391249418258667,0.3575804829597473,0.26724737882614136,0.4736064672470093,0.24373765289783478,0.16862325370311737,0.08278597891330719,0.10150574892759323,0.02959214636878804,0.018144924050611428,1170.7638850330789,400.4474477211679,2559.6230417461616,887.4786707515534,1292.5417588094547,627.5303025286296,0.02433589218387471,0.005683785288977126,17.04612802146078,5.062216292611907,12.834009247688364,4.6115861428604195,19.84397660982184,3.9508720302301326,25.391915040408854,5.233527435994321,23.90733779991431,3.614376620697317,18.82206104024229,4.003186423960735,18.636538499228475,1.4445381535335857
no_vocals,37.5,42.5,-467.5350341796875,32.450016021728516,216.67247009277344,27.26189613342285,53.200706481933594,18.32192039489746,-12.399985313415527,14.688841819763184,4.174625873565674,12.657604217529297,10.194866180419922,11.60754680633545,-1.370397686958313,10.185500144958496,-8.933894157409668,9.228650093078613,-5.27670955657959,8.463921546936035,-5.545552730560303,6.34511137008667,-9.4756441116333,8.299787521362305,-8.339317321777344,6.60942268371582,-10.039543151855469,5.839458465576172,0.5000510811805725,0.3529420793056488,0.2390429824590683,0.20749777555465698,0.2843964695930481,0.30114102363586426,0.2959885597229004,0.509784996509552,0.31583669781684875,0.2370273321866989,0.1271544247865677,0.18239369988441467,0.02670831651385796,0.013432505946682749,1056.654214604073,377.2568652479918,2503.2412305707567,748.7897996002547,1221.4971768053945,655.8840578538804,0.021516096287703016,0.005323152696050257,17.694414356471196,5.68660131667774,12.489022421678868,3.8615929365621238,20.726511651466804,4.225821903000341,24.278602655305942,4.220825888769422,23.88515380066805,3.6809144825393445,17.12976850358814,3.4801467864434654,18.32665110050575,1.6853953904569559
no_vocals,40.0,45.0,-482.2273864746094,38.51874923706055,203.92100524902344,27.072162628173828,63.304054260253906,18.975631713867188,-4.326278209686279,19.44135856628418,-0.4120817482471466,13.081291198730469,5.030697345733643,11.009411811828613,-1.4345062971115112,6.787640571594238,-8.415611267089844,5.484090805053711,-7.278029918670654,6.853343963623047,-6.002437591552734,5.662703037261963,-6.958224296569824,6.9994215965271,-5.550100803375244,9.772278785705566,-8.07923412322998,10.131896018981934,0.4501785337924957,0.3459656536579132,0.3320657014846802,0.27449631690979004,0.2638101875782013,0.22372405230998993,0.23642975091934204,0.4577925205230713,0.25452473759651184,0.1274532824754715,0.08079858124256134,0.16145196557044983,0.026190481156223126,0.01310280509108406,1029.1160216854648,313.37457326137286,2548.1110273233676,703.2625090140666,1027.2986604553364,453.8313276018654,0.02173927820475638,0.006774792368714876,19.45493956001922,5.192007811367253,12.860144046563786,3.980072496752097,22.031102289645673,4.683991726119733,24.1412290311401,4.1066817636788855,22.579945393467924,4.652039775515347,16.428338334158106,3.006581578197879,18.269860109774136,1.5032782024533817
no_vocals,42.5,47.5,-461.72198486328125,47.950721740722656,211.81097412109375,30.408485412597656,58.062156677246094,18.704811096191406,-12.60499382019043,21.977447509765625,-3.7058627605438232,12.317248344421387,0.2158045917749405,7.550994873046875,-4.114584445953369,7.640132904052734,-8.486287117004395,9.550887107849121,-8.881723403930664,7.377723217010498,-5.82018518447876,7.109797477722168,-7.552558898925781,7.748056411743164,-0.5920699834823608,9.125887870788574,-5.185720920562744,9.64989185333252,0.3590223491191864,0.3506726622581482,0.48588916659355164,0.36641621589660645,0.26076599955558777,0.18304821848869324,0.1754385083913803,0.4170001745223999,0.20439381897449493,0.09506367146968842,0.08822647482156754,0.15093307197093964,0.03137133499659304,0.015044678778622268,1049.2844768904447,282.38863294165856,2435.746528743895,676.2096113968558,1118.7773029654873,482.5819009438551,0.024665566995359628,0.009771051570268547,17.41380373750393,5.322580453609983,12.699917576057082,4.012395498209036,20.103461254983134,4.682896073937035,25.248802818995976,4.862288834720395,23.016159281370783,5.216434486737103,17.53313780506705,3.914208835488075,18.358429286676763,1.7407618225600296
no_vocals,45.0,50.0,-448.355712890625,30.791391372680664,224.28610229492188,19.168846130371094,54.51128387451172,15.042040824890137,-19.305517196655273,14.896695137023926,3.125312089920044,12.216010093688965,6.247116565704346,9.618149757385254,1.176228642463684,10.49236011505127,-0.2348213642835617,13.437246322631836,-9.515520095825195,8.355999946594238,-4.632640361785889,7.475074768066406,-10.084790229797363,9.97874641418457,2.0752453804016113,8.887432098388672,-4.878909587860107,7.689815998077393,0.2817366421222687,0.24750083684921265,0.3812536895275116,0.28228938579559326,0.22827933728694916,0.12989220023155212,0.1830407828092575,0.5771465301513672,0.32979854941368103,0.15981726348400116,0.13049861788749695,0.14784827828407288,0.0362465002567544,0.011434391491031353,961.0521592815384,236.34231046647722,2208.7819984525295,452.4993143136779,1147.5048941415314,654.0551211201758,0.02642496555974478,0.010784407269088032,16.631029200306582,5.194105379293003,13.6793356155752,4.158297563231641,20.764007099295437,4.84349020341929,25.828333750339354,4.6334852660413155,25.364031828394886,4.343437885233997,18.412109731696205,3.703317427789761,19.132514865904792,1.7563846159526255
no_vocals,47.5,52.5,-461.103515625,28.83652687072754,207.4105224609375,32.95026779174805,49.004722595214844,18.800827026367188,-13.930217742919922,14.6320219039917,2.9046287536621094,12.803464889526367,7.087001323699951,10.052576065063477,3.306938648223877,11.739951133728027,3.209778070449829,9.800838470458984,-6.284351825714111,9.688263893127441,-1.6019214391708374,7.725289821624756,-6.997267246246338,12.223816871643066,1.116145133972168,10.227365493774414,-7.210299015045166,8.621696472167969,0.24779528379440308,0.20504997670650482,0.27365878224372864,0.21486476063728333,0.23676489293575287,0.17841744422912598,0.18798275291919708,0.4419994652271271,0.30470356345176697,0.38498324155807495,0.18314813077449799,0.10392314940690994,0.02885029224242384,0.010963754585282856,1226.6361520102582,838.188628060179,2560.324697954572,872.4839790760306,1624.183063551334,2114.5409611952996,0.03150490320475638,0.017408274317057465,16.814860301029928,5.580456977613569,13.346448695239616,3.7994965044757176,20.443539891012975,5.055656488435341,26.375694428434887,5.112750598218557,25.372612722258847,5.044468776427639,17.653931701010976,3.5730479635811476,18.87099182054835,1.9336467291050206
no_vocals,50.0,55.0,-454.1544494628906,33.50004196166992,213.6089324951172,36.00251770019531,45.064205169677734,20.104368209838867,-21.71824073791504,15.555992126464844,-0.3567132353782654,12.855037689208984,3.2700600624084473,11.00185775756836,-1.150011658668518,10.935281753540039,-0.3939194679260254,7.658664226531982,-7.321460723876953,9.562304496765137,0.4761165678501129,7.633913516998291,-9.406045913696289,10.876022338867188,1.1454488039016724,8.997063636779785,-8.961737632751465,6.967551231384277,0.42429929971694946,0.31808289885520935,0.28843796253204346,0.20795077085494995,0.2522984743118286,0.17445892095565796,0.1752505600452423,0.4415850341320038,0.28081029653549194,0.4235096275806427,0.209734246134758,0.1819862723350525,0.02695274803130574,0.01175123252377098,1282.2431585993666,812.7877908799443,2606.726930429343,885.1064821179758,1649.912993039443,2033.5262922405984,0.031068735498839907,0.01685901117536722,16.42661293231246,6.049413662389877,12.964223623356121,4.068862064317791,19.729806508868165,4.476358517545061,25.476537142751422,4.944942221597686,25.514336514917325,4.78371948211656,18.001113163938196,3.764971575123312,19.230560873591152,2.2553736139234877
no_vocals,52.5,57.5,-440.2348327636719,30.36334228515625,226.50064086914062,19.690649032592773,56.9679069519043,19.2681884765625,-25.184667587280273,14.495626449584961,-0.07707479596138,11.9180908203125,7.009087085723877,10.912816047668457,-0.057415954768657684,7.8213911056518555,-1.6639952659606934,8.465961456298828,-7.5890021324157715,7.977808475494385,-2.060912847518921,7.2589111328125,-12.025812149047852,8.34519100189209,0.5720251798629761,9.166681289672852,-6.763321876525879,7.691025257110596,0.5047444105148315,0.3081439435482025,0.29659968614578247,0.20047640800476074,0.2503105103969574,0.10888531804084778,0.29450684785842896,0.6769383549690247,0.31317922472953796,0.18905211985111237,0.1471346765756607,0.2691061496734619,0.03637892070924323,0.014883421296616746,994.317192893928,219.75775317146983,2245.5570416786945,509.117701875974,1138.6118311339908,246.00762564046462,0.0272429216212297,0.011335085864923815,18.467273781153356,5.816821085280219,13.098924068320793,4.099168417877888,20.82428609281934,4.025845816423139,25.108695482243704,4.585905599430331,26.45091568682738,4.522292593388661,18.506393794404282,3.751414045682352,19.566918412481076,1.9365060087253096
no_vocals,55.0,60.0,-424.8915710449219,34.194393157958984,217.6592559814453,19.76555061340332,55.610172271728516,22.810443878173828,-20.829936981201172,17.664106369018555,-6.763753890991211,8.647981643676758,2.9075927734375,10.26040267944336,-3.5112972259521484,11.174493789672852,-3.770883321762085,11.174342155456543,-3.0796444416046143,9.684615135192871,-2.580914258956909,8.33190631866455,-11.203149795532227,8.916497230529785,-6.5794358253479,10.07901668548584,-6.832315444946289,8.226445198059082,0.5150759816169739,0.2306279093027115,0.2690636217594147,0.18255296349525452,0.2671077251434326,0.10669377446174622,0.23696938157081604,0.556635856628418,0.287022203207016,0.1387222558259964,0.13009467720985413,0.2256467193365097,0.043991402854706464,0.020547218831991305,985.444140438986,229.55353000869496,2094.794113734688,462.4532742992581,1108.8850193953017,283.647796174203,0.030966774216937356,0.012661738276399815,17.84746741490481,5.8258793640726125,12.577060697160844,3.9425584089748553,20.457279487224145,3.978841448254111,27.048674358143973,4.724052821192875,26.6107963044142,4.529011212441039,19.378597429464303,4.81608477160942,19.020270289847897,1.9405777381430258
no_vocals,57.5,62.5,-417.7958984375,36.23482894897461,211.88986206054688,20.13562774658203,34.326332092285156,25.856409072875977,-25.47132110595703,19.232587814331055,-5.502429962158203,10.71872329711914,1.9510691165924072,9.555939674377441,-4.799695014953613,10.696120262145996,-0.9783644080162048,10.96251106262207,-0.8739890456199646,8.565813064575195,-7.777530193328857,10.680259704589844,-13.218770027160645,10.879132270812988,-9.021835327148438,10.04185962677002,-8.428793907165527,7.1687421798706055,0.6344813108444214,0.1832313984632492,0.1208876296877861,0.12780170142650604,0.3334300220012665,0.2904055714607239,0.23693229258060455,0.3871380388736725,0.19953401386737823,0.1883266270160675,0.10561899840831757,0.22424884140491486,0.04233422135640359,0.02274824222514026,1122.448935555083,255.9036352745773,2112.9836396752585,521.3489831574784,1307.330223136601,316.893959879501,0.03573176479118329,0.014980120699863458,15.929679427901489,5.835122182890919,13.709789453167682,4.428257083600219,19.975506504330426,4.371275835114573,26.050588347179954,4.553158567714862,26.9060533572842,4.923346925942721,22.240125809424853,5.705247927039204,19.04939820267593,2.0255845613161294
no_vocals,60.0,65.0,-438.4190368652344,37.37693786621094,208.14312744140625,20.326454162597656,30.268123626708984,20.148326873779297,-22.417375564575195,15.056524276733398,-8.113224983215332,15.170631408691406,4.657278537750244,11.136021614074707,-0.028323711827397346,9.565956115722656,1.2068735361099243,7.576138973236084,0.419391393661499,7.698092937469482,-10.450461387634277,9.763636589050293,-14.090767860412598,11.307021141052246,-6.624149322509766,9.927675247192383,-8.033041000366211,7.82045841217041,0.5664963126182556,0.18220116198062897,0.12269524484872818,0.11381860822439194,0.31091246008872986,0.4009183943271637,0.3312295079231262,0.38683199882507324,0.1346416026353836,0.12378627061843872,0.04904383793473244,0.19277562201023102,0.03313776043626175,0.018835675983184703,1216.3149071402356,287.2931507214151,2338.4798788535577,581.7950846613045,1439.0274932932134,408.141347734964,0.03699042017111369,0.013891182291493102,15.259853564724958,4.7698930577035314,14.152205233769521,4.585053106375401,20.714391435683744,4.340986314699539,26.88950943604224,4.819944129640024,27.280011315392986,4.543037203477324,20.32095633885232,5.50164198470335,18.575725308271,1.7930692320420105
no_vocals,62.5,67.5,-449.2868957519531,39.53810119628906,206.64988708496094,26.512712478637695,43.1346549987793,15.000594139099121,-19.087669372558594,10.914122581481934,-10.787561416625977,13.929635047912598,-2.032341957092285,10.663360595703125,-2.3701016902923584,10.512085914611816,1.5505564212799072,10.532709121704102,5.875274181365967,8.035956382751465,-1.519015908241272,9.998464584350586,-11.282781600952148,10.010680198669434,-7.075348377227783,10.207513809204102,-5.8939738273620605,9.133864402770996,0.46289196610450745,0.19001880288124084,0.2697550356388092,0.15797732770442963,0.31488803029060364,0.4283300042152405,0.35148125886917114,0.3562382161617279,0.13751980662345886,0.11815448850393295,0.04698018357157707,0.15095923840999603,0.032282810676583625,0.0179677218198868,1190.0742087335084,404.4353626210505,2436.8148754124677,737.8455210079114,1287.645578052494,569.4802701750662,0.03386360752610209,0.01115032281371382,16.051367051314905,5.26219621103543,13.944496683742058,4.539770283893975,19.23316902191363,4.8735797867975394,27.775867286484196,4.308169446675099,24.94782052459312,3.957710557357623,18.53680277958528,4.201885454896879,18.374913228609493,1.654182968890733
no_vocals,65.0,70.0,-456.2420959472656,38.4583625793457,206.0094451904297,26.14046287536621,51.160396575927734,16.816293716430664,-9.208250045776367,16.107749938964844,-3.907305955886841,11.339317321777344,-4.331111907958984,10.312196731567383,-6.438195705413818,9.354586601257324,-1.7352309226989746,11.949511528015137,1.5284565687179565,10.656021118164062,-2.000393867492676,9.106948852539062,-7.31648588180542,9.643805503845215,-6.39739465713501,9.334696769714355,-8.886649131774902,9.834319114685059,0.51140296459198,0.21360963582992554,0.23814848065376282,0.18040692806243896,0.3349621295928955,0.34031468629837036,0.34022292494773865,0.48341742157936096,0.2103048413991928,0.13803300261497498,0.07837978005409241,0.20806297659873962,0.029753780014069618,0.016564007239971847,1128.4856555317633,420.3167999694889,2509.2051378698857,782.4937017113554,1208.9069977160673,744.3831585790261,0.02759638739849188,0.010721714441369297,17.70684381521137,5.358172091825737,13.171672768813412,4.526771878682727,18.51170628198169,4.588800282573651,27.127054584611415,4.439761566516383,23.83461779113477,4.013854006526665,19.103389093172133,4.353498603907161,18.580508695771307,1.842997729078526
no_vocals,67.5,72.5,-454.1801452636719,40.49894714355469,214.90821838378906,21.67879867553711,50.62908935546875,15.507604598999023,-4.6486496925354,14.620939254760742,4.662367820739746,12.277724266052246,0.20465810596942902,11.658761024475098,-6.814202308654785,8.348804473876953,-7.847835063934326,8.522619247436523,-8.802530288696289,8.970434188842773,-7.966880798339844,7.9804606437683105,-6.248213291168213,8.667718887329102,-2.0132222175598145,10.740884780883789,-8.807682991027832,10.700512886047363,0.3006497919559479,0.24821072816848755,0.35055580735206604,0.24048273265361786,0.23333299160003662,0.13380806148052216,0.22863057255744934,0.657524824142456,0.33549419045448303,0.09311502426862717,0.0666811615228653,0.13274608552455902,0.03405824560442996,0.019083611425665878,988.0679424156847,289.01960217497424,2315.0952324666837,676.1952083495722,1125.322197650812,626.8340319975559,0.0218740936774942,0.0045016347529152735,16.57205141960708,5.458017451869144,13.149173107261792,4.113875818753705,21.485300469532515,4.450412177705791,25.489145804720312,4.1316760444045615,24.737689152799614,4.335610975775379,19.048068660712513,3.882834167900937,18.56571706787089,1.7155643502071403
no_vocals,70.0,75.0,-439.344970703125,38.55120086669922,214.20672607421875,26.916975021362305,45.630367279052734,13.29588794708252,-6.053170680999756,15.578574180603027,6.248105049133301,10.864482879638672,0.47524309158325195,10.885305404663086,-8.6060791015625,9.22176456451416,-9.421426773071289,8.269410133361816,-11.267666816711426,7.966501235961914,-12.617924690246582,8.430977821350098,-10.573169708251953,9.230661392211914,-3.594148874282837,11.020340919494629,-4.497464179992676,9.405804634094238,0.22431425750255585,0.21992439031600952,0.3858770728111267,0.2731505036354065,0.33536460995674133,0.14903682470321655,0.1490965336561203,0.4094785749912262,0.28106629848480225,0.18091444671154022,0.08021686226129532,0.09135984629392624,0.040019744659261884,0.018289116098336007,948.6470735475206,355.94329737553346,2086.2168526592277,749.2126285626258,1121.6250815690255,882.7916539006441,0.022971876812645012,0.004191591859725487,13.572414851483648,4.789484934059698,13.756605892777337,3.343303428028317,22.596657048777516,4.15624420244225,23.59975248124936,4.73063811501304,23.037383269351807,5.464496179032968,20.100312176095215,4.370245865617452,19.20015154639361,2.1322135282348817
no_vocals,72.5,77.5,-442.039794921875,31.85837173461914,217.19125366210938,27.61626434326172,49.63097381591797,11.763025283813477,-1.1377155780792236,17.45140838623047,2.644437551498413,8.959248542785645,-6.440579414367676,9.912035942077637,-14.89096450805664,7.717310428619385,-12.484925270080566,7.826789379119873,-11.539928436279297,9.207414627075195,-16.094165802001953,9.150995254516602,-13.276996612548828,8.606328010559082,-6.360357284545898,7.879956245422363,-2.9803061485290527,5.88749885559082,0.44247668981552124,0.29385286569595337,0.30929601192474365,0.2735438048839569,0.49779805541038513,0.2398296445608139,0.14797310531139374,0.39057496190071106,0.26266852021217346,0.17850922048091888,0.08595608919858932,0.14695362746715546,0.03784789502828138,0.013840963886185284,891.6983735024529,358.8920760839538,1881.724327660981,747.4712014835834,1010.06210574971,886.0538462598722,0.024504694750580047,0.0036717189522386317,13.753156012644302,5.01877165427532,13.188249907855305,3.7098166864348188,21.40269111505252,4.086648789009037,22.86856195225111,4.943178877522396,21.348486410085897,5.270740484244817,19.55679572200593,4.226872863054885,18.724204925161324,2.2255408438529893
no_vocals,75.0,80.0,-429.88525390625,28.394702911376953,211.878173828125,21.06002426147461,57.83875274658203,13.571906089782715,-0.3107587397098541,15.199708938598633,-2.130298376083374,10.048845291137695,-9.127910614013672,7.759917736053467,-15.208648681640625,7.995718955993652,-11.971607208251953,9.247039794921875,-9.043930053710938,11.051186561584473,-11.109963417053223,11.601908683776855,-8.869522094726562,10.110503196716309,-3.598165512084961,8.201622009277344,-3.7857513427734375,8.797547340393066,0.40965962409973145,0.26236584782600403,0.2546972632408142,0.21060705184936523,0.3555324077606201,0.2303350269794464,0.2155723124742508,0.5970771312713623,0.3027361333370209,0.22705809772014618,0.08616563677787781,0.12434408813714981,0.04175758251181335,0.015285590683585681,848.5117709485321,198.7009539183741,1786.0306594688268,570.217023818728,871.8699019359049,191.37078633076166,0.025855115284222737,0.00531815163810005,17.468094805586905,6.164023975858562,12.853490977129033,3.819672932304746,20.91066983878235,4.04975487619023,25.870607333686106,5.8746587809762465,21.681593764396556,5.52790622918273,18.772686265237386,3.2524341071461733,18.253444048018462,1.8005686729357357
no_vocals,77.5,82.5,-429.7642822265625,36.82583236694336,207.28533935546875,23.644969940185547,53.882022857666016,16.70841407775879,2.4944663047790527,14.010981559753418,1.02134108543396,12.0032958984375,-8.178603172302246,10.321647644042969,-13.847607612609863,8.06874942779541,-11.803230285644531,9.763279914855957,-9.523493766784668,10.031939506530762,-10.322261810302734,10.014456748962402,-7.905079364776611,11.449690818786621,-2.996572971343994,10.224832534790039,-3.2777788639068604,10.348502159118652,0.3500584363937378,0.24112430214881897,0.24876509606838226,0.1873261034488678,0.2718760669231415,0.23615804314613342,0.3076799213886261,0.5678222179412842,0.267577588558197,0.22199580073356628,0.09154190123081207,0.1120167151093483,0.04215752107594724,0.021517423700603135,909.8607896591951,262.63045929979927,1959.7441671466147,686.1827605204168,956.3040394794084,421.01121763720676,0.025639863689095127,0.0061187207743527965,16.74223055582778,4.887991944319788,13.833398885770329,3.686878383549287,20.931117275887026,4.095560575434645,26.037074065915192,5.869597553794896,20.968344165934194,5.405644806656446,18.71981799444301,3.6329581979765857,18.315252608571456,2.186489960178789
no_vocals,80.0,85.0,-405.1304626464844,39.394264221191406,212.29641723632812,26.344789505004883,47.55360794067383,16.33232879638672,-0.26846009492874146,13.417036056518555,7.759822368621826,11.957393646240234,0.3473135530948639,11.310089111328125,-9.707581520080566,9.561880111694336,-11.8243408203125,8.72726058959961,-12.739169120788574,7.76540994644165,-13.950298309326172,7.6594977378845215,-11.226304054260254,10.56225872039795,-5.855196952819824,10.390236854553223,-3.129934310913086,8.530582427978516,0.39075249433517456,0.29667404294013977,0.42458823323249817,0.266666978597641,0.2721594572067261,0.22063736617565155,0.2901879549026489,0.45685869455337524,0.2576640844345093,0.14809638261795044,0.09590460360050201,0.15694560110569,0.05433321191460378,0.027904875325333506,839.4386561900942,272.40466238179107,1756.438059725388,708.91602422194,992.7755900159513,543.9812861722608,0.0230523129350348,0.005048782268670674,16.78878726817211,5.393886837210419,14.258451475834343,4.223432023053408,21.044086561386635,4.190706147952353,23.034387821453613,4.771397141987817,21.506598814887273,4.095100400178061,20.262543761600455,4.439886954343573,18.960769737303124,2.081863414062195
no_vocals,82.5,87.5,-400.0021667480469,35.2327766418457,211.79847717285156,25.80263900756836,45.8264274597168,13.040117263793945,0.18466773629188538,14.896699905395508,8.497098922729492,11.19226360321045,2.6069767475128174,9.026691436767578,-6.898529052734375,8.017563819885254,-11.561663627624512,8.61779499053955,-13.70804214477539,8.362041473388672,-14.43061351776123,7.006198406219482,-10.802349090576172,9.254987716674805,-6.654351234436035,8.384015083312988,-3.8548314571380615,7.738709926605225,0.39879998564720154,0.2644050717353821,0.3649561107158661,0.22080256044864655,0.263492614030838,0.16234098374843597,0.2017839550971985,0.5577812194824219,0.331098347902298,0.13462106883525848,0.08720864355564117,0.15745185315608978,0.053297949695566414,0.025426424412137646,876.5999080920194,326.77568954491005,1842.2984326274861,799.0702065639364,1027.198738399072,557.4348914773369,0.023088565835266823,0.0038475995693341494,17.826428148879497,4.9040784094884735,12.79968821306403,4.018901981875847,22.06003287909674,3.783986475842252,23.026611278118363,5.027655036027614,22.14423828507671,4.006388372577861,20.571753988836832,5.039419495054689,19.22225785270936,2.345558838351217
no_vocals,85.0,90.0,-353.26251220703125,108.66973876953125,192.4303741455078,44.5230712890625,27.077863693237305,38.05253601074219,1.8627742528915405,15.386483192443848,-1.037559986114502,13.574800491333008,1.430242657661438,9.310836791992188,-9.937809944152832,8.01867961883545,-8.516160011291504,9.674980163574219,-9.723339080810547,10.36499309539795,-8.24534797668457,9.92861557006836,-8.252313613891602,9.262701034545898,-3.1233630180358887,8.470338821411133,-10.664881706237793,11.038596153259277,0.5846930742263794,0.3250766396522522,0.21639178693294525,0.190443754196167,0.3339948058128357,0.2926485538482666,0.27635514736175537,0.5836507081985474,0.3348827064037323,0.21961811184883118,0.13927528262138367,0.21975690126419067,0.05126062082883031,0.02621572567875285,1525.365308459167,1233.2303047247003,2522.1884437902995,1128.9806413394558,2300.655384462007,2890.126714580899,0.036751377610208816,0.028098727935068693,18.617702237333347,5.24295415499263,12.854318691669992,3.9760188355701223,19.98114747324597,4.523951598669241,23.231432327634128,7.454747713582651,21.109227020091655,5.584330764489315,19.635000945909372,4.618519854526477,21.634793952279086,4.344435004765876
no_vocals,87.5,92.5,-214.23178100585938,124.3239517211914,155.5121307373047,51.04865264892578,-14.608846664428711,47.74419403076172,-12.484460830688477,20.558486938476562,-12.391730308532715,15.681405067443848,4.591311931610107,9.918853759765625,-15.198204040527344,11.026988983154297,-4.77866792678833,6.364731311798096,-7.899766445159912,9.250842094421387,-3.810811996459961,7.359179973602295,-12.763097763061523,9.379034042358398,0.04209570586681366,8.22778606414795,-16.770341873168945,7.33953332901001,0.621028482913971,0.41937515139579773,0.3369847238063812,0.3512784242630005,0.502944827079773,0.5718342661857605,0.4568825662136078,0.47583115100860596,0.4144388735294342,0.44121384620666504,0.3573229908943176,0.39229708909988403,0.08590230898469202,0.037491788363349425,2635.8018095380125,1482.0887170351111,3412.397282925978,1223.8723905234483,5007.943576892401,3770.340520615921,0.06204683874709977,0.03577244217024092,16.987383403011574,5.201857809942165,13.435652976011756,4.20431004837981,15.590634214429175,4.959352387639489,17.535827068150272,7.286437617390521,17.867836308374084,5.696443639048312,18.56237331386504,3.8074653846184554,26.08235991116826,4.708348273114953
no_vocals,90.0,95.0,-258.1524353027344,133.2365264892578,182.13616943359375,56.77602005004883,0.9508523941040039,48.751426696777344,-20.344633102416992,18.018770217895508,-10.457086563110352,15.441224098205566,1.7685966491699219,10.68432903289795,-18.364198684692383,9.645920753479004,-6.0458269119262695,7.115354537963867,-8.22786808013916,8.170382499694824,-5.673584461212158,7.622562885284424,-11.629045486450195,11.35606575012207,1.102921724319458,9.223444938659668,-11.016962051391602,8.186542510986328,0.4702591896057129,0.40113797783851624,0.5157269239425659,0.38852354884147644,0.4265209436416626,0.49349361658096313,0.39133426547050476,0.42643657326698303,0.37121790647506714,0.45797616243362427,0.31874608993530273,0.3190518021583557,0.08397863039491901,0.0404652628479234,2090.3823793798692,1404.033165611353,2971.7155995368803,1206.2856065977167,3798.836735063805,3559.9162986011534,0.0509806409512761,0.03222843456745368,16.5418773356387,5.434200208576417,12.758396295017961,4.103812329026407,16.012493161635216,4.703750581563449,19.339053421074933,7.685946875471227,19.779271249014577,5.64573960019167,19.473939990815428,3.9922211619978385,23.60634944781137,5.250322280236517
no_vocals,92.5,97.5,-370.60308837890625,35.54436492919922,229.19996643066406,15.271147727966309,39.815834045410156,19.151466369628906,-20.650009155273438,10.406115531921387,4.326249122619629,13.379079818725586,1.6542402505874634,7.891057968139648,-15.861103057861328,7.618011474609375,-9.597354888916016,8.222624778747559,-9.082884788513184,8.596123695373535,-7.852174282073975,7.605185031890869,-11.626614570617676,11.621071815490723,-4.636102199554443,9.36611557006836,-10.141361236572266,7.789307117462158,0.3136930763721466,0.28394582867622375,0.4668477177619934,0.2764537036418915,0.29902172088623047,0.5090203285217285,0.37483057379722595,0.4604114890098572,0.2628949284553528,0.24229796230793,0.10045377165079117,0.12112865597009659,0.06717786975982848,0.031171117284703224,932.724052760298,129.41966483906396,2059.451316357381,358.08027543837517,1070.9645990429235,172.3088573094668,0.023302684527262182,0.006270637155829405,16.918212929874283,5.3937347637292,12.82253425247424,3.96504399193127,19.198273024524152,3.645749264534546,23.17761274555409,4.9133502614190085,23.70027797937944,3.7809476132402122,22.782886068232518,5.0339585900574955,19.296020880077215,1.4187183184929042
no_vocals,95.0,100.0,-382.6138916015625,36.47934341430664,227.99636840820312,17.540754318237305,44.55978012084961,20.16819953918457,-22.243410110473633,11.581184387207031,6.726667881011963,12.432660102844238,2.9153852462768555,7.32819938659668,-12.727466583251953,7.289343357086182,-9.999177932739258,9.015312194824219,-9.866100311279297,9.256932258605957,-7.101335525512695,7.215226173400879,-13.513782501220703,8.826884269714355,-5.600461483001709,9.095988273620605,-8.233531951904297,10.445990562438965,0.19832880795001984,0.18493294715881348,0.3630564510822296,0.24254193902015686,0.3394375443458557,0.4473098814487457,0.3671130836009979,0.6188246011734009,0.3077068030834198,0.0631084144115448,0.05058443173766136,0.09796831756830215,0.06498293436657455,0.026624016213889018,922.8045830583368,160.30959240970782,2083.6856860841426,398.6473398525086,1093.0973345055104,360.54902714190905,0.02386800319025522,0.006971630167175102,17.36463537506869,5.418134629673177,13.200637284190092,3.768712582334911,20.153657100730747,3.5608990543459087,23.763519763728308,5.099737376887114,24.63586898196697,3.2936043654779357,23.255220655943045,5.1001924404649746,18.726285526581485,1.6914537554831626
no_vocals,97.5,102.5,-388.75482177734375,32.50105285644531,227.56503295898438,18.558570861816406,43.864078521728516,18.53067398071289,-21.109149932861328,15.979828834533691,3.619218587875366,10.490811347961426,2.503342628479004,9.56979751586914,-10.911588668823242,8.437398910522461,-7.696636199951172,8.24243450164795,-4.647462368011475,12.747766494750977,-4.161069869995117,11.10643196105957,-8.020426750183105,9.677886009216309,-4.746277809143066,10.33672046661377,-4.5772199630737305,9.477262496948242,0.29407504200935364,0.13568542897701263,0.18013663589954376,0.17565391957759857,0.36960965394973755,0.1276288479566574,0.2522251307964325,0.5665304660797119,0.2728644609451294,0.18229004740715027,0.09714602679014206,0.15368938446044922,0.06158599821448741,0.02331883320158879,926.9120714691696,115.19898975738097,1964.2117209940443,383.14750494343366,1107.73591574826,179.8021258539235,0.02821835121809745,0.00810263075724223,18.631602764412012,5.084716984140042,12.931921614978096,4.046547807341693,21.232021340415475,4.172352792040368,26.685732832371826,4.889934870563811,26.224738084853627,3.320525982320356,23.8422577454353,4.6380366693668185,18.633740624763536,1.648460704100408
no_vocals,100.0,105.0,-385.970703125,30.989099502563477,230.20913696289062,18.03077507019043,44.409210205078125,17.31808090209961,-18.005416870117188,16.27437400817871,3.9882709980010986,10.110884666442871,4.702878475189209,9.256917953491211,-9.700998306274414,8.754036903381348,-8.125601768493652,8.176349639892578,-1.834265947341919,13.384201049804688,-1.2739651203155518,11.665634155273438,-3.0029361248016357,10.984882354736328,-3.6872990131378174,10.646198272705078,-5.966704368591309,8.037578582763672,0.2519509196281433,0.16874319314956665,0.26732543110847473,0.2059526890516281,0.3453536331653595,0.2567708194255829,0.2623434066772461,0.571588933467865,0.33234521746635437,0.3063923716545105,0.13100439310073853,0.10414113104343414,0.06324063738907434,0.023313508731549283,874.997256801875,116.11268184916992,1883.2051911540173,331.7524007690591,1048.8318635803364,185.75516978373764,0.02591629205336427,0.008519660391857638,19.114318731370002,4.672388425320172,12.27763902896479,4.419975055945607,20.660145930620235,4.152038317436743,27.148971571983495,5.095581415063879,26.031614922762884,3.743400001929861,22.662133715065096,5.250867483933388,18.482333441369494,1.9228416407620776
no_vocals,102.5,107.5,-393.9533386230469,30.032712936401367,233.1665496826172,16.930904388427734,46.56110763549805,15.429827690124512,-13.123878479003906,13.209344863891602,7.052454471588135,12.334500312805176,5.45421838760376,7.852351188659668,-9.139665603637695,7.423095703125,-7.457733154296875,7.696924686431885,-0.02259872667491436,9.867769241333008,0.5185192227363586,9.805784225463867,0.5875086784362793,7.99603271484375,1.1478511095046997,8.364922523498535,-3.9703242778778076,6.731210708618164,0.24991300702095032,0.21340663731098175,0.4184289276599884,0.30741235613822937,0.4252322316169739,0.42752304673194885,0.32991740107536316,0.5160826444625854,0.2672295868396759,0.18581105768680573,0.09769430756568909,0.10595919191837311,0.05486848656943807,0.020905619544444625,847.6542059721336,106.93500145692737,1935.767376064002,331.2056185310925,1029.247140552494,193.03803407969923,0.023310614849187936,0.005944335501780235,19.614243966029107,4.755425388538499,12.213405497357016,4.213007641920905,19.987412718137307,3.9464378475930917,26.13836173607967,4.710621203636434,24.82784483904555,3.345103003126798,20.727154856068434,4.6840154206886835,18.31108019599327,1.8449525429125782
no_vocals,105.0,110.0,-382.94757080078125,34.12614822387695,233.65675354003906,16.435317993164062,38.80589294433594,17.58336639404297,-15.519919395446777,13.09953498840332,10.958746910095215,12.145721435546875,5.974632740020752,8.413394927978516,-12.37189769744873,7.148439884185791,-9.821918487548828,7.376412391662598,-3.359607696533203,8.674650192260742,-2.1299779415130615,9.352775573730469,-1.4594990015029907,7.162238121032715,1.4625705480575562,6.63094425201416,-3.1365833282470703,6.710259914398193,0.2972385883331299,0.23369652032852173,0.3951433598995209,0.28158411383628845,0.43382564187049866,0.4475373923778534,0.2940647602081299,0.4011949300765991,0.21276405453681946,0.13565894961357117,0.0925387591123581,0.12214092165231705,0.054985671794677275,0.021947348692266104,877.9790442869717,125.04227424042116,1909.7435056025022,306.47937574703684,1126.3713792415892,247.0973456701483,0.024214671548723896,0.0048261862250694055,18.799829290111195,4.536455694145562,12.527332449341532,3.6888006578853108,19.233132597853576,3.663011746105712,24.511949074192813,4.124081615252417,24.138778800687046,3.1115304959144168,22.145431503048762,4.9838934277671205,18.286861819511522,1.902063589514815
no_vocals,107.5,112.5,-354.841552734375,39.658668518066406,239.49583435058594,16.048147201538086,33.37350082397461,22.666051864624023,-19.43572998046875,10.889662742614746,8.34542179107666,10.463387489318848,5.077033996582031,8.905099868774414,-10.268447875976562,9.611101150512695,-8.963409423828125,9.951109886169434,-5.537227153778076,7.057861804962158,-3.874222755432129,5.484255790710449,-4.3325910568237305,6.95826530456543,-0.8064863085746765,8.053788185119629,-1.928297758102417,8.132862091064453,0.3955869972705841,0.31087514758110046,0.44572940468788147,0.2806926965713501,0.38495072722435,0.3748174011707306,0.2608412504196167,0.41425368189811707,0.24097487330436707,0.15464797616004944,0.12922844290733337,0.20260018110275269,0.07471154631480678,0.030279278047817517,862.4710636319595,141.38345357266107,1767.9710598340325,319.05271157040244,1159.2956967807424,255.7885980177223,0.024757332149071925,0.007511509330219804,19.431010533107212,5.164189049024888,11.766280122646776,4.047192209768925,18.620809988001984,3.4961668198422347,22.759291823266665,4.224035179533326,23.606065003471883,2.9984085568616425,23.22317564482647,5.4952567431452355,18.456381690832753,1.9637446337709792
no_vocals,110.0,115.0,-348.2955627441406,38.017181396484375,240.90635681152344,17.427715301513672,29.476137161254883,21.169363021850586,-20.203289031982422,9.938494682312012,11.986008644104004,10.995306015014648,6.9111528396606445,9.1223726272583,-8.922019958496094,10.035759925842285,-5.746215343475342,8.469193458557129,-2.5766918659210205,8.51225757598877,-3.104952812194824,6.18196964263916,-7.2613959312438965,6.693997859954834,-3.300828218460083,7.455636501312256,-1.938370943069458,8.217408180236816,0.45435887575149536,0.3615841865539551,0.5159639716148376,0.37572312355041504,0.544630765914917,0.32652485370635986,0.19000498950481415,0.3240658640861511,0.2512732446193695,0.13614346086978912,0.15175706148147583,0.26599442958831787,0.07715719694535306,0.02973594354076637,878.5122843771401,156.65176810614557,1794.5265653691283,372.2061534122696,1190.8211055321926,245.42159917139838,0.024913672781322505,0.00763661119520904,20.42166402207862,5.094072577086601,11.58137232119127,4.085892118771194,19.155339652682784,3.64074361359771,22.671094737418887,4.350597167060732,23.909003740360966,3.271515625803286,24.18314041761161,6.1202611077497755,18.422313630314914,1.9029096308403202
no_vocals,112.5,117.5,-375.01947021484375,44.739376068115234,224.80201721191406,26.80156707763672,32.28511047363281,16.751115798950195,-23.98716163635254,13.150131225585938,3.9466607570648193,16.84456443786621,4.261919975280762,10.125856399536133,-8.408132553100586,8.61797046661377,-4.001738548278809,7.751018524169922,0.8245061039924622,8.604859352111816,-1.62711763381958,8.76452350616455,-9.088364601135254,8.854626655578613,-8.451684951782227,7.910208702087402,-5.500197887420654,8.162543296813965,0.45950424671173096,0.2916581332683563,0.4305470883846283,0.3081519305706024,0.4915282130241394,0.28742969036102295,0.3577813506126404,0.31871312856674194,0.1912158876657486,0.10647894442081451,0.12861905992031097,0.20823082327842712,0.05700814076148302,0.03274159479957862,1041.837061814262,228.93380405047563,2115.445483655296,534.8237343051399,1241.331704973898,210.76817528142269,0.02982254205336427,0.008386620427133507,19.238142235946516,5.214066577945248,13.356422823672284,3.86158579057519,19.124410306414504,4.046132118262666,24.967456613781387,4.305958777564182,24.22307705547394,3.6041959747668435,23.201057665315385,5.479228635415525,18.231998929127588,1.5721522680205513
no_vocals,115.0,120.0,-401.0555725097656,40.795162200927734,208.70167541503906,26.218950271606445,39.68745422363281,14.590521812438965,-21.092666625976562,15.380688667297363,-5.127501487731934,11.672277450561523,-2.9581689834594727,9.10817813873291,-9.774646759033203,8.87372875213623,-6.392275810241699,9.251147270202637,-3.3965516090393066,8.781545639038086,-4.995556831359863,11.139333724975586,-11.222888946533203,11.13999080657959,-11.598814010620117,9.511322975158691,-10.749909400939941,10.101030349731445,0.5436660051345825,0.2769696116447449,0.24145638942718506,0.14603284001350403,0.2836472690105438,0.240093395113945,0.3420197665691376,0.4021361172199249,0.18214812874794006,0.14230889081954956,0.0968233123421669,0.12755373120307922,0.04968045608911949,0.031099549751965386,1111.5661668688888,219.3907230899515,2279.4674996729013,553.1535248790434,1180.728977849478,196.03685019325818,0.03219597411542923,0.008530523771201283,16.728184802487206,4.258290624304066,14.231999402837902,4.107783695767359,20.420464145613337,4.349953589841893,27.382414585725023,5.668150182744796,24.48930005943387,3.919541279423145,21.726615951905142,4.504399688202269,18.655807058858986,1.5922956454093014
no_vocals,117.5,122.5,-420.3387145996094,36.93675994873047,205.7974853515625,24.076385498046875,36.15119552612305,13.477543830871582,-16.967754364013672,12.900594711303711,2.5364506244659424,9.356404304504395,-2.73614239692688,10.555411338806152,-12.670881271362305,8.129313468933105,-11.194433212280273,8.146065711975098,-7.840756893157959,7.191258430480957,-8.753796577453613,10.286006927490234,-12.037797927856445,11.51887321472168,-7.315542221069336,11.748584747314453,-11.470523834228516,10.719517707824707,0.5238624215126038,0.30810025334358215,0.236701101064682,0.16513027250766754,0.23728907108306885,0.2177756279706955,0.19983597099781036,0.3875257968902588,0.19912001490592957,0.18688449263572693,0.08502998948097229,0.14592283964157104,0.040796887880437546,0.022793635670992376,1186.2349776689518,300.24047663691925,2519.1636888166845,669.8070705052894,1277.2037231728539,337.51318155455334,0.02972397948085847,0.007245788407039319,15.416741217046598,4.629572804214498,13.703867326361538,3.8903582281561584,21.718180062026054,4.547673550392039,26.436035469222915,5.71484234201445,23.930569659045606,3.6786158749082745,21.404945570653027,4.403276032324362,18.74060346287171,1.516942950512854
no_vocals,120.0,125.0,-379.18231201171875,104.08256530761719,183.56097412109375,36.19264602661133,25.118534088134766,37.84080123901367,-9.325592041015625,13.03543472290039,2.90063738822937,11.084952354431152,4.13844633102417,10.456549644470215,-10.56828784942627,8.478775024414062,-9.512636184692383,7.750818252563477,-9.9777250289917,8.058122634887695,-8.600275039672852,7.989370822906494,-11.223440170288086,9.572022438049316,-5.229158878326416,10.186287879943848,-9.963318824768066,8.563676834106445,0.46138980984687805,0.3506450951099396,0.36172351241111755,0.24747520685195923,0.2044721245765686,0.19328545033931732,0.24954065680503845,0.5011458396911621,0.2692393362522125,0.1245531216263771,0.08872722089290619,0.16631680727005005,0.039929887641809034,0.02266459818787132,1626.9672048580892,948.2904963268396,2967.9295616842032,816.2635545394702,2283.268946671984,2281.456074644356,0.033203125,0.019012428497887274,15.248288676031517,5.231458149751268,14.239699104352505,3.622432645701019,21.36291067018258,5.273872497842942,22.07276162801166,6.162593181682295,21.386544049303133,5.250818032434768,19.30061872699109,4.603208431388057,21.068680565196498,4.437606442111441
no_vocals,122.5,127.5,-227.23086547851562,143.62982177734375,140.0849151611328,43.181331634521484,-25.967567443847656,54.13969802856445,-15.359725952148438,21.336414337158203,-12.455493927001953,17.503286361694336,1.4798932075500488,11.28630256652832,-18.541641235351562,13.354244232177734,-6.860269069671631,6.429233551025391,-15.89608097076416,7.72203254699707,-5.803903579711914,6.284006118774414,-14.137778282165527,7.295095920562744,-0.8961079716682434,8.41472053527832,-14.714241027832031,7.042076587677002,0.5338083505630493,0.4448627829551697,0.5070989727973938,0.4523952007293701,0.3968084156513214,0.3498537540435791,0.42204657196998596,0.6091101765632629,0.5102553963661194,0.3923650085926056,0.3903190493583679,0.44769933819770813,0.0685420611467031,0.03400079083574238,2858.20844910375,1265.9653111324549,3664.66088029079,842.6631228661927,5223.725257395592,3180.293816474368,0.06724006670533643,0.03522669606872753,14.26150949738689,5.582846984237572,12.248697981620172,4.524196712935023,16.36407547523498,7.054581687169868,15.314989393300738,5.628925707127095,16.491410274872024,4.9519059745024805,17.233540838744688,3.073279492298506,26.56255532530094,4.980867780461113
no_vocals,125.0,127.9447619047619,-146.901123046875,90.47088623046875,109.56111907958984,14.174586296081543,-65.49140167236328,15.486251831054688,-26.8392276763916,19.392478942871094,-26.480854034423828,7.465897083282471,-4.089725494384766,10.143174171447754,-25.9055233001709,11.197946548461914,-6.179778099060059,5.865102767944336,-18.440319061279297,6.89305305480957,-3.0614283084869385,5.109226703643799,-14.934099197387695,6.828121662139893,2.9372785091400146,5.252874851226807,-16.607498168945312,5.0996856689453125,0.6589967012405396,0.5436955094337463,0.5543118119239807,0.6069968938827515,0.6368387937545776,0.586908757686615,0.5773352980613708,0.5921838879585266,0.6494078636169434,0.6745181083679199,0.6787155270576477,0.7186547517776489,0.08027199322824581,0.03608707843697016,3746.1505449652254,640.2564316110384,4143.927389978015,592.1891166791172,7272.542638102855,2023.1591612531977,0.09994771161417323,0.028638402175115724,12.307631941002011,4.442234763087249,9.704338671929959,3.215968130358332,10.684586218758877,3.0224589077156723,11.975398030651007,2.7458120159024375,14.150106015533563,2.2111275933320598,17.091693343950144,2.2444105149119307,28.965668478130382,3.0530035993061775
