stem,start_seconds,end_seconds,mfcc_1_mean,mfcc_1_std,mfcc_2_mean,mfcc_2_std,mfcc_3_mean,mfcc_3_std,mfcc_4_mean,mfcc_4_std,mfcc_5_mean,mfcc_5_std,mfcc_6_mean,mfcc_6_std,mfcc_7_mean,mfcc_7_std,mfcc_8_mean,mfcc_8_std,mfcc_9_mean,mfcc_9_std,mfcc_10_mean,mfcc_10_std,mfcc_11_mean,mfcc_11_std,mfcc_12_mean,mfcc_12_std,mfcc_13_mean,mfcc_13_std,chroma_0,chroma_1,chroma_2,chroma_3,chroma_4,chroma_5,chroma_6,chroma_7,chroma_8,chroma_9,chroma_10,chroma_11,rms_mean,rms_std,spectral_centroid_mean,spectral_centroid_std,spectral_bandwidth_mean,spectral_bandwidth_std,spectral_rolloff_mean,spectral_rolloff_std,zero_crossing_rate_mean,zero_crossing_rate_std,spectral_contrast_0_mean,spectral_contrast_0_std,spectral_contrast_1_mean,spectral_contrast_1_std,spectral_contrast_2_mean,spectral_contrast_2_std,spectral_contrast_3_mean,spectral_contrast_3_std,spectral_contrast_4_mean,spectral_contrast_4_std,spectral_contrast_5_mean,spectral_contrast_5_std,spectral_contrast_6_mean,spectral_contrast_6_std
original_mix,0.0,5.0,-234.5705108642578,91.94969940185547,147.13453674316406,36.43754196166992,-10.226428985595703,25.86478614807129,29.191543579101562,26.881885528564453,11.8753080368042,16.391101837158203,23.789331436157227,16.831130981445312,0.8299552202224731,14.842801094055176,4.95543909072876,10.239786148071289,-11.9437894821167,19.34615707397461,-2.4932117462158203,9.461261749267578,-13.457356452941895,14.646014213562012,0.9638292789459229,8.344080924987793,-9.071736335754395,11.157115936279297,0.39199942350387573,0.4195914566516876,0.43540331721305847,0.4099098742008209,0.3798164427280426,0.4150848984718323,0.45155996084213257,0.5011597871780396,0.481746107339859,0.521182119846344,0.4950103163719177,0.43025699257850647,0.11969918135133653,0.10479676096773403,2269.788017330377,1016.6401100812875,3016.6625839589565,398.5641092865444,4289.454031322506,2167.5892285653827,0.04957017655162413,0.044819498950267385,18.443737888562122,5.5493169357343435,12.54920000407914,4.634240785490219,16.57360984719022,4.452335458727301,15.817934179495175,3.567495731374804,17.126080112121006,3.6943910614951982,18.467560430133066,4.131206412510899,41.35111313909767,5.64378417626463
original_mix,2.5,7.5,-234.93067932128906,84.81920623779297,150.93319702148438,29.841806411743164,-3.068312644958496,25.045381546020508,20.431367874145508,22.256105422973633,13.132223129272461,17.634689331054688,20.027587890625,17.057159423828125,3.8893113136291504,15.096948623657227,4.012010097503662,10.164223670959473,-12.496520042419434,18.449071884155273,-2.2109766006469727,10.752028465270996,-13.361064910888672,14.35728645324707,0.2683897316455841,8.544346809387207,-6.67385721206665,12.802862167358398,0.3662380278110504,0.39719101786613464,0.4353139102458954,0.426053524017334,0.37420207262039185,0.3846938908100128,0.4151909351348877,0.4761016070842743,0.4670712947845459,0.5078800320625305,0.4846011698246002,0.4147430658340454,0.12076989255128147,0.1081797386533594,2065.460399398458,797.4149505355397,2970.1380291203545,368.04487725395813,3857.4909820910675,1870.307322892093,0.04106660564095128,0.034079848650540506,18.138210903698646,5.940553844150293,12.716001388954126,4.042848862594838,16.057817827344916,4.601931233726392,15.890879128382972,4.17189185019647,17.321151722931308,3.7316175545965278,18.74747991283064,4.121104912794604,40.373707192952914,5.469283039654386
original_mix,5.0,10.0,-238.7506866455078,79.82322692871094,148.9189453125,28.48511505126953,-1.3699376583099365,24.68297576904297,24.23572540283203,19.659116744995117,15.232831954956055,16.741456985473633,22.071044921875,16.1411075592041,3.693697452545166,15.698497772216797,1.2494287490844727,9.959981918334961,-9.535640716552734,16.41727638244629,-1.3152647018432617,9.501553535461426,-13.932340621948242,14.061470031738281,-0.16602717339992523,8.903185844421387,-6.874512195587158,12.289589881896973,0.366422176361084,0.3679361343383789,0.40813905000686646,0.4391728639602661,0.39827364683151245,0.34375908970832825,0.34251534938812256,0.4445493519306183,0.492253839969635,0.5678800344467163,0.5264604687690735,0.44611844420433044,0.11318384673178472,0.0976923904991398,2032.1485720568505,855.0078549646245,2935.9808971208477,373.85107216616757,3851.1958925464037,1884.8259015087258,0.038911823883410676,0.03637561648944121,18.023595987319485,6.176600175568835,12.870129694315363,4.259849083450815,16.200245938083356,4.425873786118065,15.04904611066416,3.6787590755024455,17.49185888677265,3.359977796325416,18.163385239082054,3.5601331755377976,40.30436870177603,5.233456600393293
original_mix,7.5,12.5,-255.18734741210938,82.646240234375,156.52737426757812,26.902727127075195,-3.522019624710083,26.09556770324707,32.14221954345703,19.046783447265625,14.687532424926758,16.84276008605957,25.291156768798828,15.128495216369629,-1.6818883419036865,17.097017288208008,3.0126471519470215,9.987064361572266,-7.569121360778809,18.04456329345703,0.4045794904232025,9.06411075592041,-15.11976146697998,12.902243614196777,-0.7964263558387756,8.58390998840332,-9.636521339416504,10.055424690246582,0.3988320231437683,0.37934058904647827,0.3935595154762268,0.3849627375602722,0.3540492653846741,0.3227066695690155,0.37020617723464966,0.5008472800254822,0.5378875136375427,0.5680714249610901,0.5240278244018555,0.46942052245140076,0.100500047937243,0.08100677440699876,1924.391196953096,846.7544112111598,2879.5640752611157,371.86244666421777,3615.4797618184457,1833.0149204646018,0.03559015189965197,0.03636495989515846,17.876003372573024,5.558038627970022,12.920694860656665,4.774949502934867,16.728990414607946,4.433060710388649,15.34035373513789,3.8204410944825553,17.36817103524122,3.183913631078288,18.2104211184867,3.984203280779989,39.85539321711665,5.125496322816163
original_mix,10.0,15.0,-270.623046875,68.70441436767578,148.61581420898438,30.286205291748047,-0.11279693245887756,26.140520095825195,34.09890365600586,18.76944923400879,18.377710342407227,15.816983222961426,19.910429000854492,15.488089561462402,0.9344354271888733,15.57616138458252,4.540307998657227,8.894320487976074,-1.7366747856140137,13.764080047607422,-1.0411182641983032,8.789063453674316,-15.334094047546387,13.634276390075684,-0.2059299647808075,8.150884628295898,-7.891186714172363,10.571123123168945,0.34807488322257996,0.3760265111923218,0.36308979988098145,0.32142964005470276,0.3522000312805176,0.4119128882884979,0.5373087525367737,0.5682639479637146,0.5554169416427612,0.5034084320068359,0.4625996947288513,0.39606037735939026,0.08462227694041975,0.07353408304978183,1964.8540473174824,948.6951031653657,2829.270108347351,410.9280762537477,3745.028707765371,2026.212571818115,0.038296657482598605,0.03921443646866212,17.637092574899714,5.710597609719267,12.817251543554452,4.672944232309192,16.798745453891843,4.835790632473732,15.566026892842888,4.193492885376396,16.27903407172517,3.2396365340027176,18.1950867073032,3.8278193837830328,39.67202717484224,4.916120496949495
original_mix,12.5,17.5,-233.99891662597656,63.123775482177734,127.27731323242188,34.076133728027344,-8.78272533416748,23.867244720458984,42.22410202026367,18.10577964782715,16.32011604309082,17.61559295654297,24.349214553833008,14.647295951843262,0.15609857439994812,15.348223686218262,1.1131411790847778,9.378279685974121,-4.544313907623291,16.016170501708984,-5.24917459487915,7.793523788452148,-13.776718139648438,13.98483943939209,-0.5989850759506226,8.585104942321777,-9.749687194824219,11.219354629516602,0.3839617967605591,0.3856669068336487,0.4022710621356964,0.37842580676078796,0.38410407304763794,0.39673277735710144,0.4639687240123749,0.5063315033912659,0.5553804039955139,0.5156740546226501,0.4670679271221161,0.42201024293899536,0.10121317498878578,0.08955802845121101,2589.8652573607997,1166.978705558371,3126.8494386122866,535.9977316731641,5204.690105677204,2499.498780962494,0.05669273854408353,0.045834474841316176,18.402798420697614,5.284000396715314,12.50774789772757,4.472956004832378,16.96727734795991,4.664893444152008,14.783207958903066,3.7607935030068487,16.003796967876784,3.325156844006858,17.15202150424584,3.3121984623674323,42.781967072127316,3.978552106211325
original_mix,15.0,20.0,-219.70526123046875,71.52919006347656,124.94513702392578,34.58371353149414,-10.229080200195312,22.236974716186523,43.094112396240234,22.76201820373535,5.190469741821289,15.500360488891602,22.694610595703125,14.080233573913574,0.4541209638118744,14.905961990356445,0.9623827338218689,9.779726028442383,-7.151722431182861,17.099292755126953,-3.685614824295044,8.919940948486328,-11.093595504760742,12.542689323425293,-1.0897140502929688,7.8703460693359375,-9.378839492797852,10.195321083068848,0.49569231271743774,0.45408692955970764,0.42770853638648987,0.4242355227470398,0.41448578238487244,0.42028993368148804,0.42827552556991577,0.44383421540260315,0.46082937717437744,0.5281785130500793,0.5327106714248657,0.5390233993530273,0.10574300515869516,0.09349205033434278,2779.633784923081,1037.15127903855,3312.7799343058296,447.54662843250344,5757.80864812935,2292.2536030677593,0.057659104915893274,0.04061045745458679,18.615637830327934,5.899638197666191,12.002149403646591,4.620283419051155,15.775357797268182,4.773539657332621,14.282410305485843,3.417883617329479,15.681334553315162,3.2253898577399465,16.36793284985,3.1052146437767876,43.39656838790791,3.824142229832168
original_mix,17.5,22.5,-234.39813232421875,66.71366882324219,143.46302795410156,35.094566345214844,-3.1766300201416016,26.289501190185547,41.680294036865234,24.104658126831055,4.321593284606934,17.484872817993164,21.912431716918945,15.245996475219727,-1.3383301496505737,13.057490348815918,8.78921890258789,10.151946067810059,-5.1754865646362305,14.18985652923584,0.10810552537441254,8.925832748413086,-9.393746376037598,11.979907035827637,0.7944303154945374,7.601428985595703,-5.076750755310059,10.362818717956543,0.5695772767066956,0.5411427021026611,0.5339534878730774,0.5085727572441101,0.4905056953430176,0.49045586585998535,0.4655812680721283,0.4543398320674896,0.4500334560871124,0.5070636868476868,0.545584499835968,0.5782169103622437,0.10204175180321226,0.07414943255397065,2239.7515783150957,999.205783680555,3084.535762034461,472.62341894175495,4548.352079103828,2321.75363008286,0.040111568300464036,0.03622315190382214,16.756956462567526,5.904207373912684,11.247065117811259,4.531182412197028,14.601340065125733,4.677308917893281,14.875200687475555,3.9183301801069064,15.297848305126664,3.1463598685611815,17.10817878911353,3.258832421934245,41.53621825873823,4.121706327407259
original_mix,20.0,25.0,-240.79159545898438,60.7779426574707,154.25624084472656,30.48760223388672,5.6037797927856445,24.788768768310547,37.032386779785156,20.19757843017578,11.841436386108398,16.72244644165039,25.051332473754883,15.79388427734375,-0.051958903670310974,12.871244430541992,11.218135833740234,10.37543773651123,-4.162025451660156,14.282938003540039,-2.403799057006836,8.82223129272461,-7.370265483856201,11.308963775634766,2.260646343231201,8.427496910095215,-6.495569705963135,11.49398422241211,0.5841347575187683,0.5439983010292053,0.5173887014389038,0.4875343143939972,0.4821939170360565,0.5051174163818359,0.47136080265045166,0.4716818034648895,0.46992072463035583,0.5244118571281433,0.5564097166061401,0.5805160403251648,0.10685287497661092,0.0639808882837132,1807.8342219598,742.4200687727208,2906.1480309003514,452.7960017481944,3580.8068082946634,2021.6867310325931,0.025053019866589327,0.01875602640421621,15.707468323426896,4.80192481478049,11.5725056864505,4.534194853526493,15.711592513869398,4.7366737756666195,15.280234011154398,4.212692915029419,15.495018516829997,3.391344887968031,17.70986873637064,3.6446162135813918,40.14366814357535,3.80021403817683
original_mix,22.5,27.5,-240.11468505859375,74.85200500488281,161.42282104492188,27.793954849243164,5.690632343292236,25.571250915527344,33.55890655517578,20.549713134765625,11.397109985351562,15.668754577636719,21.69478988647461,15.809975624084473,3.120572090148926,13.747760772705078,7.635464668273926,10.739474296569824,-5.930795669555664,17.48519515991211,-2.8631339073181152,8.433835983276367,-8.588213920593262,11.439141273498535,3.0407724380493164,9.023347854614258,-8.092555046081543,10.648035049438477,0.5335898995399475,0.5150442719459534,0.5162657499313354,0.4818483293056488,0.46734291315078735,0.49765992164611816,0.5239318609237671,0.5055801868438721,0.4795999228954315,0.5125692486763,0.5520930886268616,0.556448757648468,0.11428866875541598,0.0739167057724064,1671.69912911657,661.9117391717662,2758.7745132656746,460.1850558138258,3161.933548433875,1954.6397984304817,0.023507739994199535,0.013877948322123631,15.885906873871638,4.6028169036567,11.655809572149272,4.077284735777644,16.31967376993827,4.616603163309122,15.336366103071448,3.9704135411604278,15.580037615153083,3.427314330089068,17.433390043115654,3.771804888813559,39.91545566269218,4.315985367964279
original_mix,25.0,30.0,-239.6409149169922,77.0420150756836,156.72286987304688,30.312917709350586,-2.251447916030884,26.690593719482422,46.059608459472656,26.643993377685547,9.954486846923828,19.325960159301758,25.445493698120117,15.040599822998047,-0.025819428265094757,15.240300178527832,6.5038628578186035,9.208133697509766,-6.735284805297852,17.890972137451172,1.3654725551605225,7.936334133148193,-8.77022933959961,10.245614051818848,3.185854911804199,8.94284439086914,-7.705888748168945,10.140724182128906,0.509134829044342,0.5499482154846191,0.5761376619338989,0.5309750437736511,0.4494534730911255,0.42532724142074585,0.4590478241443634,0.497965544462204,0.4969942569732666,0.5207315683364868,0.5157550573348999,0.5269555449485779,0.10848104628775347,0.06666304675072919,1863.498441932351,774.8384545073302,2873.000585737474,505.9694083440552,3736.685216067285,2169.9880839243124,0.027204402914733177,0.01694729482441771,15.693276662870623,5.378934301279476,11.76595882874461,4.152371337485079,16.045775170236936,4.350473864525859,15.192850871464506,3.9722412398891107,15.665281253049425,3.2768248729470364,17.19635248299129,3.5503559746825526,40.91171735697737,4.388431736883178
original_mix,27.5,32.5,-246.7869110107422,66.56607818603516,146.63330078125,29.229042053222656,-1.4117869138717651,26.117244720458984,52.61896514892578,23.407400131225586,11.194707870483398,20.346939086914062,26.96952247619629,14.172128677368164,0.20586860179901123,13.741313934326172,10.279645919799805,8.72419548034668,-3.162040948867798,15.976183891296387,3.245373249053955,8.790529251098633,-8.455770492553711,12.729653358459473,1.0136189460754395,8.523590087890625,-4.820522308349609,10.776233673095703,0.5813425779342651,0.572842538356781,0.5429170727729797,0.5081979632377625,0.47943753004074097,0.46734532713890076,0.46162495017051697,0.499867707490921,0.5378347635269165,0.5834318995475769,0.5843381285667419,0.5813816785812378,0.09309606755848135,0.04828353894436542,2001.4545041238484,836.9041852411947,3012.834789826989,545.8307999992466,4306.640625,2237.8254373031627,0.02668326747389791,0.01738507552450338,15.321660505832153,4.932145830818172,11.855178996702001,4.378358903420704,15.791668333712398,4.642065377556939,14.677007226930453,3.960875031137561,15.318493971464354,3.315877438572378,17.10664504811408,3.0720863680798076,40.81583960170851,4.478571947521207
original_mix,30.0,35.0,-259.9146728515625,70.82694244384766,153.1514892578125,30.327043533325195,-0.3855781853199005,26.235286712646484,47.02861404418945,19.122591018676758,11.049588203430176,19.486129760742188,23.90736961364746,15.891186714172363,0.5399920344352722,14.472373962402344,12.15542984008789,8.833456993103027,-1.7693638801574707,14.877036094665527,4.278087615966797,9.334073066711426,-8.545854568481445,14.698190689086914,2.309494733810425,8.605350494384766,-3.364779233932495,9.724424362182617,0.6231886744499207,0.5893653035163879,0.570748507976532,0.5470588207244873,0.5465728044509888,0.5444384813308716,0.5033606290817261,0.5228573679924011,0.5463656187057495,0.5932068824768066,0.6111127138137817,0.6113591194152832,0.09019000641137292,0.05491554850608566,1854.7970967346726,879.5748518531797,2887.8559989740224,563.8178029503807,3782.9990891458815,2254.2339932892373,0.024391404437354988,0.01927562379439934,16.04522288227296,5.246573950795207,11.626316782247214,4.362884796943198,15.277052652605802,4.7972120061730665,14.676502169284618,4.196578178369208,14.830763392343089,3.062006106899011,16.81408916614472,3.0899812628074814,39.52497772714775,4.434028035232399
original_mix,32.5,37.5,-243.7220001220703,77.02435302734375,156.38905334472656,30.5269775390625,-6.826749801635742,27.061668395996094,45.174381256103516,21.230056762695312,9.684784889221191,19.16315269470215,23.181184768676758,16.568811416625977,-1.4712474346160889,15.302271842956543,9.837761878967285,8.3927640914917,-6.677872657775879,15.843240737915039,3.4299378395080566,8.28399658203125,-10.053434371948242,13.341748237609863,2.691213369369507,8.37143325805664,-6.015580654144287,9.658177375793457,0.5633842349052429,0.5791147947311401,0.6033510565757751,0.5718665719032288,0.4985811114311218,0.484749436378479,0.4764096140861511,0.5222929120063782,0.5114989280700684,0.5329285860061646,0.5398911237716675,0.551720380783081,0.10211675173306962,0.0680672971601553,1960.2075711292985,833.1318527868368,2915.249545908998,542.5053518028934,3970.3529446418215,2191.563571634868,0.029703587224477957,0.020264193579154786,16.04741576540373,4.900567996589607,11.51394785980334,4.251454737569973,15.495969541256475,4.877675380356223,15.459259096264953,4.3633184352955015,14.97877039660106,3.004501815227902,17.318415062109164,3.3508393033266106,40.35199836475648,4.546206859718629
original_mix,35.0,40.0,-233.67953491210938,64.45730590820312,151.17958068847656,30.074108123779297,-9.413089752197266,24.719532012939453,53.16039276123047,22.27358055114746,3.239367723464966,17.822011947631836,25.202281951904297,16.084148406982422,-2.6634445190429688,14.087133407592773,12.530735969543457,8.851866722106934,-8.541373252868652,15.101134300231934,2.2467784881591797,7.806056499481201,-9.573497772216797,11.21097469329834,1.2592504024505615,7.72623348236084,-7.019829273223877,10.638386726379395,0.5576217770576477,0.573380172252655,0.5533619523048401,0.5014605522155762,0.4431862235069275,0.43982556462287903,0.46048682928085327,0.5272722840309143,0.4998404085636139,0.5248764753341675,0.5571954846382141,0.5387030243873596,0.0973732197622654,0.06127342218834679,2152.0371419479434,740.5211485942592,3084.756146856096,506.64736029254686,4688.043113761601,2076.714950940956,0.03142559998549884,0.016734269127774978,14.963567233876134,4.623004568197213,11.139582585661277,4.337805274975067,15.836764063583056,4.639994330829397,15.431592460868966,3.9852646198347084,15.389584206581334,3.1984063741235316,17.090582440550268,3.3482601734091717,41.77177534423574,3.289064708679458
original_mix,37.5,42.5,-247.21218872070312,60.07645797729492,142.53851318359375,27.173587799072266,1.6409634351730347,21.372848510742188,50.87062072753906,19.38787841796875,5.018903732299805,17.96122169494629,26.3536434173584,14.33082103729248,0.324654221534729,13.026803970336914,13.064682960510254,8.333486557006836,-3.000771999359131,12.926359176635742,0.5296342968940735,7.989620685577393,-6.921628952026367,12.345693588256836,-0.39925915002822876,7.400096893310547,-3.5342795848846436,10.63077449798584,0.5719097256660461,0.5476258397102356,0.5103586912155151,0.48644986748695374,0.518709123134613,0.5381145477294922,0.5123353004455566,0.5417931079864502,0.5101972222328186,0.5519811511039734,0.5900610089302063,0.5567275881767273,0.0903568767754495,0.056454238703015684,2069.414156644129,744.2078183177434,3129.7898406296154,463.7345899751535,4558.194401645882,2086.9874314275717,0.025953677856728537,0.01619459179402129,15.186632320629075,4.966128587889789,10.8240378399136,4.797243280735206,16.22421623179134,4.7640604190951805,15.928358134593935,4.368659596293476,15.625636346276991,3.6075189222004136,16.538990803535285,3.195560291692549,41.02119314044871,3.900879204341748
original_mix,40.0,45.0,-240.7732696533203,65.91838836669922,148.8362579345703,29.89629554748535,1.6805263757705688,22.974781036376953,41.885677337646484,18.51239585876465,6.068660736083984,18.93621063232422,24.19287872314453,14.606894493103027,1.4612300395965576,15.689986228942871,11.864117622375488,8.528186798095703,-3.87805438041687,13.341939926147461,-1.2915407419204712,7.891865253448486,-9.242685317993164,12.893891334533691,-0.9764699339866638,7.511518478393555,-3.5999841690063477,10.243876457214355,0.529808759689331,0.5097139477729797,0.5167723894119263,0.48329976201057434,0.5059071183204651,0.5455456376075745,0.5031266808509827,0.5006449818611145,0.47450074553489685,0.526437520980835,0.567173421382904,0.5397509932518005,0.10315076650926312,0.07148980000365932,1970.4483021948954,815.6143847274923,2995.20165486278,507.5410341242844,4079.76759625145,2246.9633159261202,0.02646688297563805,0.01723384458522372,16.183366387244302,4.886561192775818,11.289298812719538,4.637751300783489,16.590581673734523,4.662782958052055,16.593407263202657,4.614760575151831,16.18642639473913,3.9942566172779395,16.9055044483641,3.3594890900400336,40.748269717634095,3.9342733317867675
original_mix,42.5,47.5,-242.66162109375,66.82064819335938,149.576171875,30.960168838500977,-1.975564956665039,22.28387451171875,39.99790954589844,20.21754264831543,7.24320125579834,19.545072555541992,21.623241424560547,14.08216667175293,3.68196439743042,15.845335006713867,10.492024421691895,8.42271900177002,-3.1693718433380127,13.823456764221191,1.182706356048584,7.8708391189575195,-8.10473346710205,11.316441535949707,0.2836892008781433,7.595938682556152,-4.772385120391846,9.320637702941895,0.5253310203552246,0.5701406002044678,0.5998309254646301,0.5058106780052185,0.5036729574203491,0.5249214768409729,0.5245788097381592,0.5559174418449402,0.54716557264328,0.5938726663589478,0.6027549505233765,0.5348170399665833,0.09131626169393899,0.06533718827995003,2015.2189799910718,879.3691167529165,2964.7584921017074,557.6318519566364,4152.261048071346,2306.231694145965,0.028426805394431553,0.01908296324067131,15.903739878395436,4.678043855540202,10.94788490514684,4.146951697373391,16.333186796428055,4.752785150412651,16.370116183960295,4.6585405216121565,16.003492809645117,3.682612377648,16.775474629864757,3.0083541700294596,40.51366684880582,4.377815384588878
original_mix,45.0,50.0,-248.8246612548828,73.33421325683594,155.16033935546875,31.92932891845703,-4.4993696212768555,23.758556365966797,40.296104431152344,22.19172477722168,8.461243629455566,18.705198287963867,24.283592224121094,12.74311351776123,2.41780161857605,14.4862699508667,10.712584495544434,8.297307968139648,-4.442691326141357,16.491100311279297,6.349354267120361,8.294768333435059,-7.588746547698975,11.800727844238281,1.3439381122589111,7.64962911605835,-4.356804847717285,9.330389976501465,0.5381695032119751,0.5633973479270935,0.6050562262535095,0.5427789688110352,0.48962369561195374,0.5075628161430359,0.5100389122962952,0.5463310480117798,0.5520020127296448,0.6322745084762573,0.6371935606002808,0.5687363743782043,0.09353832474622331,0.0605650396649628,1920.1982385674162,847.6137306570943,2924.7334304485867,559.2572986762198,3903.0054787195477,2202.2522282561504,0.026234637833526683,0.020061132425531817,15.458377325624683,4.997190618021872,11.494794193915949,4.283906999149369,16.50447092908594,4.463589509783317,15.954143402175712,4.395966424347033,15.88367529932447,3.4613047931409677,16.736405865860608,3.0209480852417863,39.903994863631965,4.323889645127491
original_mix,47.5,52.5,-227.68438720703125,76.42742919921875,161.50753784179688,30.17979621887207,-7.890274524688721,24.577136993408203,37.38618469238281,21.43695068359375,8.376866340637207,18.56584930419922,28.40074348449707,15.49876880645752,1.3489032983779907,14.946471214294434,9.69124698638916,8.856145858764648,-11.242677688598633,17.793649673461914,2.8285932540893555,10.246625900268555,-9.440473556518555,12.338516235351562,3.5782558917999268,8.180834770202637,-6.244994640350342,10.668959617614746,0.5306647419929504,0.5113468766212463,0.5095309019088745,0.47858962416648865,0.4923381805419922,0.4837632179260254,0.4611441195011139,0.48710235953330994,0.4925678074359894,0.5589547753334045,0.5509708523750305,0.5178666710853577,0.11662907187941456,0.06548089779157962,1873.6892730421278,788.1700621838611,2879.482918622088,515.4121555802249,3662.4930892908933,2108.9381505746414,0.026976689385150812,0.01819591112564851,15.356677839835658,4.796967499436293,11.903010680227377,4.36492377078981,16.92883133054548,4.481325002680401,16.15254559140136,4.424868800568655,16.803934245425086,3.58396555790626,17.34683931309111,3.3027643879043795,40.74559212715273,4.433349135355755
original_mix,50.0,55.0,-244.76194763183594,74.76715087890625,162.8404541015625,28.809003829956055,-4.381583213806152,23.574546813964844,38.947078704833984,22.63213348388672,1.4223750829696655,20.307065963745117,27.358745574951172,15.91732120513916,3.589047908782959,15.238551139831543,10.496736526489258,8.552070617675781,-9.15972900390625,15.693103790283203,3.228778839111328,10.045432090759277,-8.914131164550781,11.904260635375977,3.5234949588775635,8.020779609680176,-5.825836658477783,10.18033504486084,0.5659173727035522,0.5814491510391235,0.5882302522659302,0.551707923412323,0.5194534063339233,0.4903181791305542,0.47362416982650757,0.5220838785171509,0.481294721364975,0.499737024307251,0.515542209148407,0.5175787806510925,0.09761567132249302,0.058645904594693626,1864.3710887848983,821.3542677849968,2880.2145893215493,537.0872803457181,3631.717095961427,2236.0395250796514,0.026281086861948955,0.017991104137739498,16.179101836135672,4.716988582711828,11.044632922064984,4.393165404480575,15.373330294062661,4.546638583993023,15.737251561651917,4.200333214111823,16.767740969092365,3.5559743536734723,16.775245768397422,3.055624493022714,40.308872039444466,4.502016045018486
original_mix,52.5,57.5,-245.63455200195312,75.19546508789062,148.87179565429688,30.557512283325195,2.923074960708618,27.154369354248047,35.470703125,23.41217041015625,10.684869766235352,20.62265968322754,19.026042938232422,17.029407501220703,3.603236436843872,17.249170303344727,7.829646587371826,8.792098999023438,-3.927734851837158,12.118555068969727,1.867661476135254,9.244461059570312,-7.346724510192871,12.105646133422852,0.6114044785499573,8.306709289550781,-7.549457550048828,10.622039794921875,0.5573714375495911,0.5748909115791321,0.569837749004364,0.5141375064849854,0.44011232256889343,0.44782647490501404,0.4448208808898926,0.46050330996513367,0.43074002861976624,0.47585245966911316,0.5170683264732361,0.5303443670272827,0.1052821154258886,0.08616224818098071,1933.1962895812694,834.985533680538,2913.052703599104,509.7376721324242,3829.762611477668,2194.8971279246775,0.02836562862529002,0.021941810667769814,16.600056786907608,4.942150965536563,11.51635711300734,4.921818252208051,15.803958170681925,5.026848201591639,15.806410759226711,4.226767295130185,16.30973397093956,3.280757235649319,17.32224648804843,3.529940502254772,40.12074522580304,4.375581100320341
original_mix,55.0,60.0,-227.42440795898438,69.5547103881836,147.662109375,28.67124366760254,-6.405834197998047,25.861614227294922,40.976200103759766,20.610319137573242,19.862449645996094,19.405824661254883,21.407371520996094,17.849050521850586,-1.380889654159546,16.47735595703125,5.974557399749756,10.038334846496582,-9.236404418945312,16.13847541809082,-0.20984092354774475,7.259781360626221,-9.786504745483398,10.992162704467773,1.033772587776184,8.419635772705078,-9.914081573486328,11.78623104095459,0.4780724346637726,0.407304584980011,0.39051517844200134,0.38498473167419434,0.37814727425575256,0.4384829103946686,0.44946587085723877,0.4360910952091217,0.4099747836589813,0.4625031054019928,0.5208166241645813,0.5358780026435852,0.1262139733232506,0.09483262528709938,2003.316017149616,805.6049220642735,2922.4848202500793,406.45275427431204,3949.319351798144,1896.8806816465576,0.032872317285382834,0.02905578469168065,15.227029650029605,5.301945581985419,12.506302264383844,4.592678557991932,16.97278167251034,4.79945394321742,15.504710474192843,3.975744279828289,16.466259266621062,3.217616154533257,18.317186189318086,3.590555183017023,41.067685033634,4.52543516894314
original_mix,57.5,62.5,-240.3986053466797,73.83968353271484,148.0124053955078,28.8690242767334,-8.104131698608398,24.774253845214844,36.94206619262695,21.20084571838379,17.79149055480957,18.74873924255371,20.46103858947754,15.078356742858887,-1.4392075538635254,15.754515647888184,4.872608661651611,9.823084831237793,-11.084992408752441,18.25495719909668,-2.3788704872131348,8.018863677978516,-14.750197410583496,10.62545394897461,-0.41745421290397644,8.243132591247559,-11.01663589477539,11.922914505004883,0.3422143757343292,0.322938472032547,0.3457103371620178,0.3329673111438751,0.3748331069946289,0.4347933232784271,0.4953211843967438,0.4934583306312561,0.5095715522766113,0.5376322865486145,0.5052453875541687,0.41450655460357666,0.10901409772326284,0.08563623802869197,2065.352400379262,861.2621395694957,2934.44339381653,370.18135005548635,4021.912725674304,1845.5224252045855,0.037414125942575406,0.03636648449889012,15.97416771017244,6.008449203735548,13.130339973959359,4.239173627408762,17.062656311418802,4.897507578435789,14.945433149964817,3.8545209090843846,16.456826544018405,3.3019736354738325,18.74709412867931,4.418950166859056,40.55219726888712,4.818021381529981
original_mix,60.0,65.0,-263.1824951171875,81.44493103027344,146.25790405273438,30.277746200561523,-2.660748243331909,24.269392013549805,24.541643142700195,17.83146858215332,17.725433349609375,17.51645851135254,14.039467811584473,14.424367904663086,-2.512298583984375,15.605642318725586,2.847033739089966,10.680931091308594,-9.835556983947754,15.888023376464844,-6.985613822937012,8.782337188720703,-16.907155990600586,11.863759994506836,-4.288275241851807,8.55441951751709,-13.864649772644043,11.130643844604492,0.3621470034122467,0.3419097363948822,0.3906087875366211,0.37431153655052185,0.3251761198043823,0.3381615877151489,0.4081030786037445,0.5018271803855896,0.4864855408668518,0.524476945400238,0.47851845622062683,0.44500619173049927,0.09425021284702828,0.08875355243552731,2024.8826037370256,776.2911282692662,2930.768338646837,419.4158404049587,3970.702671838747,1826.2168483408022,0.035428146751740136,0.029710377666574517,20.322076537978546,6.02982832307763,13.187639604777177,4.420162437052047,16.85081697389055,4.654709414805472,15.280016347585397,3.821867880910042,15.884925830459602,2.9767363603815427,19.17369385867898,5.098126539864876,39.097783443392146,4.752515772124671
original_mix,62.5,67.5,-251.49024963378906,75.50106048583984,156.97608947753906,27.64743995666504,-1.8245223760604858,22.511035919189453,21.188262939453125,17.078962326049805,20.806528091430664,18.364709854125977,13.225166320800781,15.744303703308105,-3.95143461227417,13.790522575378418,2.6416268348693848,12.821988105773926,-13.976085662841797,15.763589859008789,-9.457038879394531,9.36612319946289,-19.037120819091797,11.399358749389648,-4.857006072998047,8.565237045288086,-15.197795867919922,10.253461837768555,0.4175414443016052,0.3779681921005249,0.37989771366119385,0.3510259985923767,0.3204483687877655,0.3419787883758545,0.39459723234176636,0.42630770802497864,0.41244032979011536,0.4869803190231323,0.5143808722496033,0.5156310796737671,0.1048152303591094,0.07955368548504771,1816.7695607712446,599.8038506809012,2806.5852781898666,396.8898462504431,3424.4787512688513,1659.5510818054383,0.03046942974187935,0.015959650869387738,19.76338166225191,5.164526199943182,12.422831741152816,4.0851692817091605,17.034209524153848,4.564698552300498,15.342180828873344,3.588406363154021,16.041214891766433,3.1124597809729146,19.36118384190677,4.124538613660065,38.96481075371029,3.9874640066143434
original_mix,65.0,70.0,-258.7475280761719,76.45431518554688,157.0485382080078,28.2064266204834,-2.50614595413208,23.21560287475586,25.363779067993164,17.267091751098633,16.390483856201172,17.5401554107666,14.858438491821289,16.10967254638672,-2.050751209259033,16.142797470092773,2.7834577560424805,10.956924438476562,-12.219603538513184,16.45322608947754,-8.178017616271973,9.036383628845215,-18.579856872558594,12.16840648651123,-2.3841285705566406,8.442737579345703,-14.221213340759277,10.284852981567383,0.3988943099975586,0.3662395179271698,0.33027780055999756,0.35796377062797546,0.43254581093788147,0.46133720874786377,0.4573763310909271,0.43063849210739136,0.4932897388935089,0.5031131505966187,0.5049371123313904,0.45087146759033203,0.10364893186629993,0.08545074530388776,1847.5930361234796,638.5752870916778,2838.4633744697667,403.63559147776016,3570.4149144431553,1794.4164600880824,0.030592916183294662,0.01774988816372074,19.81400850843853,5.031920845197746,12.742372748218086,4.761629424272217,17.060736332872395,4.613502124798249,15.122985209023614,3.7916601132439194,16.18904084474458,3.1161837548584868,18.40241231963982,3.9768372406932953,39.10733578600181,3.8655446945715846
original_mix,67.5,72.5,-275.6652526855469,77.7880630493164,147.78440856933594,29.309886932373047,-3.6540768146514893,24.885927200317383,30.89146614074707,18.641695022583008,6.3659868240356445,15.787281036376953,13.900571823120117,14.147686958312988,0.5727206468582153,16.25676918029785,-1.3833084106445312,9.700871467590332,-7.789939880371094,15.99848461151123,-5.064088344573975,8.550633430480957,-14.955572128295898,11.291524887084961,-0.7014361023902893,7.531216144561768,-10.96670150756836,9.515405654907227,0.39393150806427,0.3424866497516632,0.3307681083679199,0.3205288350582123,0.3780859708786011,0.4335038363933563,0.436049222946167,0.46556973457336426,0.4918763041496277,0.5818995833396912,0.5278775095939636,0.4513542950153351,0.07935711481174121,0.08095149707701549,2084.792536128632,719.3321479303273,2975.363326864749,398.8807047785823,4256.779518924014,2023.2378361047583,0.03498518162703016,0.020620417346267166,20.523148832704575,5.547422985519727,12.580804939188845,4.61009698424433,15.422494113942461,4.091041582113398,15.37664654226303,3.7293323228575415,15.807202909931961,2.918872019057467,16.448729689678572,3.5779371801729303,39.40079348435441,3.668266456240164
original_mix,70.0,75.0,-259.72247314453125,85.68269348144531,150.48231506347656,34.138912200927734,-9.862123489379883,25.797378540039062,27.980939865112305,22.72086524963379,2.293394088745117,17.16813850402832,17.56604766845703,13.199294090270996,0.8853268623352051,15.160359382629395,-0.5167142748832703,11.545873641967773,-11.55048942565918,20.388988494873047,-1.8712151050567627,9.560452461242676,-12.790165901184082,10.158560752868652,1.72871732711792,7.127987861633301,-8.733137130737305,8.07736873626709,0.3898048400878906,0.37186625599861145,0.3582763671875,0.3295844495296478,0.3583602011203766,0.4136495888233185,0.425456166267395,0.5067964792251587,0.5023190975189209,0.5319727659225464,0.4839509129524231,0.4193423390388489,0.08428020500891308,0.08209210905264451,2237.290306468982,855.80168476437,3028.9409840125295,439.2790490515899,4417.504146425464,2291.2578845760727,0.042529183584686776,0.026924443082378322,18.047201280950308,5.2821899298225565,12.609023302364113,4.370406757065907,15.404619264140472,4.361678419300371,15.545284949308257,3.546991541053889,16.28669005899619,3.197219524310056,16.427372208174624,3.139957635066613,40.22826197628683,4.038749008424109
original_mix,72.5,77.5,-240.1524200439453,81.39812469482422,148.88880920410156,34.97938919067383,-5.928017616271973,25.60546875,36.854942321777344,24.840795516967773,0.7122814059257507,18.763235092163086,21.82878875732422,11.696861267089844,-1.1805554628372192,15.4930419921875,7.332725524902344,10.864603042602539,-8.69559097290039,19.484228134155273,1.2034111022949219,9.220433235168457,-10.653602600097656,11.497817993164062,2.6391942501068115,7.624152660369873,-5.519308090209961,9.392545700073242,0.5024886131286621,0.49475693702697754,0.49073418974876404,0.4723569452762604,0.47192367911338806,0.4715617299079895,0.44148799777030945,0.5106648206710815,0.477428138256073,0.4902900159358978,0.4948139190673828,0.4951247572898865,0.10249939259020677,0.08437538113864307,2228.5736381757183,970.1549768131476,3100.469494823011,514.460681549608,4539.209210955626,2406.3121792057314,0.04043444569315545,0.033908155826505346,15.463996375489115,4.944394030416107,12.078430598636498,4.366556977064326,15.956061107621572,4.664105185863486,15.75865873860124,4.081089476956746,16.498040508277352,3.3572088886733136,16.64300231650176,2.9165908671803478,41.089564710641575,4.193327483360475
original_mix,75.0,80.0,-236.86572265625,67.37079620361328,144.28318786621094,31.906301498413086,0.17869040369987488,26.229454040527344,47.07325744628906,23.414533615112305,0.35418233275413513,19.162324905395508,25.494367599487305,12.628674507141113,-1.9017101526260376,13.49058723449707,12.13699722290039,9.300219535827637,-5.527722358703613,15.260123252868652,2.9774861335754395,8.422897338867188,-6.979028224945068,12.19998550415039,2.0251801013946533,6.904437065124512,-2.76579213142395,9.708367347717285,0.5431175231933594,0.5626990795135498,0.5764920711517334,0.5672917366027832,0.5557311773300171,0.5332223773002625,0.5338475108146667,0.5295407772064209,0.5591349005699158,0.5758817791938782,0.5507370829582214,0.5600532293319702,0.10170974924710953,0.06882870408298816,2177.0017752602193,923.2786522928013,3169.5898716654165,513.1582713909226,4646.775304524362,2346.9410692095057,0.03198865284222738,0.03001516385068486,14.976125405992569,4.670377551420518,10.925114265075624,4.477522537408437,16.20428665022736,4.626653796755229,15.24195580402233,4.528785412078607,15.860789694294505,3.388922678242029,16.468866561977833,3.1017688517876603,41.28468788895059,4.440447311227078
original_mix,77.5,82.5,-244.61480712890625,65.24769592285156,138.65476989746094,29.616451263427734,3.4404001235961914,26.59798240661621,38.566192626953125,23.5950984954834,8.95598316192627,20.75385284423828,24.941696166992188,13.45958423614502,4.382059574127197,13.552392959594727,8.293203353881836,9.222431182861328,-2.5894227027893066,14.953880310058594,1.596871018409729,7.6331682205200195,-2.475097417831421,9.33127212524414,2.8560922145843506,6.87465238571167,-3.0858113765716553,11.285916328430176,0.5671138167381287,0.5881239175796509,0.64222651720047,0.5998664498329163,0.56466144323349,0.5825523138046265,0.5858578681945801,0.6146252155303955,0.5724251866340637,0.5900849103927612,0.6036608219146729,0.5652443170547485,0.09327863627426723,0.07790040943119045,2128.383302129513,841.1282314737697,3121.850108965433,499.0911712864869,4515.277878480279,2254.684678618829,0.027885277697215778,0.021477394599659493,16.037821291620855,4.191652232057551,10.536633894659262,4.607134060425547,15.783655667427434,4.5772131058159,15.583331660737276,4.699431156564393,15.93581538211864,3.639646773228676,16.661723492848076,4.023241279345259,40.68134079952498,4.173686567813335
original_mix,80.0,85.0,-235.4659881591797,68.41371154785156,141.13253784179688,27.505117416381836,-0.25840508937835693,25.671062469482422,39.89024353027344,19.476173400878906,10.76984691619873,22.164417266845703,22.123857498168945,14.566474914550781,3.187560558319092,14.48764705657959,7.781466484069824,8.59036922454834,-1.4010252952575684,14.41769027709961,1.4968786239624023,8.549407005310059,-4.497657299041748,10.145748138427734,2.651904821395874,7.470743179321289,-6.0595245361328125,11.535848617553711,0.55528324842453,0.6050388216972351,0.6134987473487854,0.5285847187042236,0.5027204751968384,0.5121312141418457,0.5466780662536621,0.5210869312286377,0.5134472846984863,0.563816249370575,0.5864040851593018,0.5657781362533569,0.10162889640648652,0.07948731602694775,2097.182494350772,889.2656242038246,3018.4193214147813,516.1916667151471,4335.867826457366,2279.5390064390926,0.03130777805974478,0.025773910030084352,16.084332490688677,5.047157730369698,11.343909600666251,4.796435090794825,16.226198945968395,4.772297847228315,15.948101893827866,4.625696952177301,16.047697966616372,3.413884276338435,17.078099826604014,3.952044338258715,41.00483655856384,4.7495884695003925
original_mix,82.5,87.5,-228.58120727539062,74.43250274658203,150.00437927246094,29.7305908203125,-4.845446586608887,25.78548240661621,42.678165435791016,20.014068603515625,8.999102592468262,20.985286712646484,19.633583068847656,16.676799774169922,-0.671848714351654,16.383028030395508,12.983532905578613,10.179930686950684,-4.6255340576171875,15.086113929748535,1.7271090745925903,9.011374473571777,-7.708049774169922,12.005117416381836,1.1140722036361694,7.970002174377441,-8.2595796585083,9.37047290802002,0.4956359267234802,0.5023910403251648,0.5677884817123413,0.5587143898010254,0.49265092611312866,0.4487820863723755,0.42497342824935913,0.41952699422836304,0.40495797991752625,0.5031389594078064,0.5983307957649231,0.5596628785133362,0.11564583505510316,0.07802339633106901,2044.3681528176173,922.8478718456693,2962.203637813749,545.306562048512,4127.28053400522,2320.005630810217,0.0320294373549884,0.02552575360180366,15.588046473829824,5.14701211064636,11.741443024237663,4.867781777366275,17.20741555307625,4.994230783672436,16.266730613130388,4.981424335350426,15.828801937242503,3.5008230211300173,17.629162478921533,3.644021738241493,41.160604735461504,4.838257542831747
original_mix,85.0,90.0,-227.647705078125,71.81256103515625,160.60586547851562,29.043333053588867,0.25855880975723267,23.85723114013672,37.84737014770508,20.41586685180664,8.26282024383545,20.851322174072266,17.519577026367188,16.581405639648438,1.5585088729858398,16.87587547302246,13.484140396118164,12.087096214294434,-7.218120098114014,15.884317398071289,0.7248904705047607,9.142730712890625,-10.76346206665039,11.839619636535645,0.033168040215969086,8.718541145324707,-8.793880462646484,9.082863807678223,0.5048457384109497,0.4961322546005249,0.5121263861656189,0.49523255228996277,0.46508491039276123,0.4372505843639374,0.4003559947013855,0.418845534324646,0.44076424837112427,0.5314081311225891,0.5949360132217407,0.5435230731964111,0.1244410435753397,0.07695480404888605,1802.3583208805792,748.9476531409614,2844.984290187419,497.2992609062193,3572.713121737239,2015.1969287219988,0.02631167524651972,0.018083490147947582,15.155531884018364,4.6111446341841384,11.996875675091271,4.525911243678621,16.871144157033708,4.945599198399633,16.27628140393017,4.7041742951076815,15.99962677550272,3.687624549838963,17.433754300863,3.445139179423018,40.69675483247826,4.12601999072785
original_mix,87.5,92.5,-223.638916015625,61.71097183227539,162.8053741455078,27.521766662597656,0.2829834818840027,22.99397850036621,36.02696228027344,21.98146629333496,9.893202781677246,22.630769729614258,17.26352310180664,17.226274490356445,0.7714405655860901,15.917948722839355,12.086435317993164,11.878684997558594,-7.140196800231934,15.661232948303223,1.8964946269989014,9.232029914855957,-12.06717300415039,10.731473922729492,0.33687928318977356,8.165040016174316,-8.136248588562012,10.474557876586914,0.5504338145256042,0.5200098752975464,0.49676498770713806,0.4256207346916199,0.40851861238479614,0.41272541880607605,0.45670831203460693,0.46478259563446045,0.4831557869911194,0.5061821341514587,0.5313202738761902,0.5697579979896545,0.11972118641429186,0.06847144090761731,1779.6907381342157,651.9788251503779,2836.7799531677047,457.1435042592994,3524.450768561485,1884.6401968278471,0.02640910491589327,0.014748242801911634,15.713017373649182,4.88155182897695,11.739538034558773,4.651187058887906,16.196005044086107,4.866815114889662,16.174197125181422,4.604507191988832,16.29361353779958,3.6230527700488215,17.483525388021214,3.5564230730350643,40.593764752322414,3.7123696465413394
original_mix,90.0,95.0,-229.6996307373047,69.16134643554688,146.64083862304688,27.815162658691406,-2.0238935947418213,25.719636917114258,41.44498062133789,22.402421951293945,11.046442031860352,19.837203979492188,21.706588745117188,17.506568908691406,0.5929791927337646,17.408601760864258,9.649323463439941,10.352327346801758,-5.511083126068115,15.372540473937988,1.3937263488769531,8.968889236450195,-8.50869083404541,10.996620178222656,1.1651160717010498,8.049128532409668,-7.71021032333374,11.55160903930664,0.5693012475967407,0.5549192428588867,0.5365378856658936,0.4486590027809143,0.44496339559555054,0.4590134024620056,0.5005643367767334,0.48998725414276123,0.5139000415802002,0.5360811948776245,0.5540416836738586,0.5726088285446167,0.11157994778079182,0.08196584795788107,2054.5988348101005,742.2140568389942,3045.684811077497,472.81591448705166,4327.674217843677,2037.3208542068353,0.028511773129350347,0.016825774952785373,15.890015188199824,5.204118673960634,11.296223715114865,5.0759079012406145,15.747840260311385,4.706984950994752,15.622247750548237,4.141103229152153,15.781137335529607,3.224770989490487,17.649005334220963,4.147386714082961,41.23419261779388,4.285001373183229
original_mix,92.5,97.5,-226.67408752441406,70.1458511352539,146.20474243164062,28.37295150756836,0.6966457366943359,25.85430908203125,40.89634323120117,21.056638717651367,6.625857830047607,16.629966735839844,24.9215030670166,14.841470718383789,1.708217740058899,16.340858459472656,8.63733959197998,8.239803314208984,-6.563998222351074,16.375341415405273,0.23692649602890015,9.580473899841309,-6.906151294708252,10.862066268920898,0.4535345435142517,8.490299224853516,-8.367374420166016,11.258312225341797,0.5501391887664795,0.5359174609184265,0.5112137794494629,0.46848395466804504,0.42128291726112366,0.45025911927223206,0.4510149359703064,0.46548759937286377,0.4686916768550873,0.5592190623283386,0.5944008231163025,0.5749289989471436,0.11810319178592923,0.08528275460179373,2050.173854433063,774.8557466906534,3065.8314476401783,451.4357666396816,4241.891132540603,2132.1029958900426,0.02805068155452436,0.021843042132111433,15.743537493248427,5.980873491159043,11.719161152120535,4.890733740411312,16.0207049150439,4.891729802198916,15.659241250226138,4.365055181425503,15.968549030069115,3.286452487644143,17.1740683171063,3.9391076797204425,41.39331786069929,4.608433605910334
original_mix,95.0,100.0,-217.14010620117188,65.62257385253906,157.98291015625,26.662254333496094,0.0940038412809372,25.138540267944336,39.35619354248047,17.852706909179688,5.244566440582275,16.03638458251953,24.886247634887695,15.561689376831055,-1.313795804977417,14.493281364440918,11.604843139648438,8.773395538330078,-9.564607620239258,16.988365173339844,-0.18604251742362976,8.784592628479004,-9.846335411071777,11.468267440795898,0.2816091775894165,7.8975324630737305,-8.452320098876953,10.318771362304688,0.5193812251091003,0.5067811608314514,0.47211316227912903,0.41558966040611267,0.3941130042076111,0.41688838601112366,0.3905939757823944,0.393789142370224,0.4275335371494293,0.5337046384811401,0.5852367281913757,0.5452951192855835,0.13159458799473508,0.08184151448658318,1877.375272674734,712.0709668349934,2960.4727758631984,453.9613826556967,3687.9232526102087,2016.8190112521531,0.02640570620649652,0.020147009664326823,15.973115405996394,4.654371108714209,11.98375422732549,4.796556677312064,16.826787348570225,5.157030742924484,15.85143160838201,4.316748880440062,16.253302915400713,3.5376906982926126,17.18628851418975,3.4140863154039454,41.037708479842514,3.9482011963261607
original_mix,97.5,102.5,-218.8637237548828,65.64974975585938,156.80093383789062,25.529003143310547,-2.3192920684814453,24.74156379699707,42.181697845458984,19.079790115356445,11.132837295532227,19.391063690185547,25.67840576171875,14.956637382507324,-0.6206918358802795,15.29057788848877,10.601560592651367,8.983941078186035,-8.979568481445312,15.920846939086914,-0.06401748955249786,7.631879806518555,-11.681273460388184,10.75117301940918,0.24913153052330017,7.6775360107421875,-9.189472198486328,9.43364429473877,0.49130886793136597,0.4932640492916107,0.510919451713562,0.4805942475795746,0.43626609444618225,0.43015941977500916,0.40525972843170166,0.4124598801136017,0.4302434027194977,0.4912120997905731,0.5117119550704956,0.5056717991828918,0.1262790758460933,0.07304400111752161,1874.6736937096746,745.6905407390211,2924.891254331769,518.6250141464619,3710.255832185325,2025.3753603077243,0.026802222302784222,0.016190936155167535,16.27813919193167,4.6391159299654685,11.98576279419359,4.750120429098981,16.88564574240608,4.541692540846242,16.30917552394637,4.04452548995852,16.173192161914702,3.3521071233817423,17.168699333035025,3.1818291787251636,41.063212374635484,4.187267851255542
original_mix,100.0,105.0,-230.54998779296875,69.28348541259766,155.2449188232422,30.379032135009766,-3.6243457794189453,22.304180145263672,38.94601058959961,21.58641242980957,8.374698638916016,20.344846725463867,24.82282257080078,14.806994438171387,2.715468645095825,15.192723274230957,8.871105194091797,8.436996459960938,-5.480703353881836,15.100613594055176,4.250087738037109,9.244863510131836,-9.506231307983398,11.902997970581055,0.4536057114601135,7.911730766296387,-7.240283012390137,9.816831588745117,0.5209994316101074,0.5608637928962708,0.5866310000419617,0.5431137084960938,0.5035218000411987,0.4691984951496124,0.44488897919654846,0.4765775799751282,0.4875417947769165,0.5323472023010254,0.5522744059562683,0.5083909034729004,0.11177600770237966,0.07131891017350776,1911.9007081114974,808.054411179873,2900.89462169205,555.9499826305381,3875.8766404437356,2144.432386199814,0.026790893271461717,0.01916121458033427,15.817564832568365,5.143300639584419,11.568315920160419,4.18267194956305,16.229891434812025,4.487537935743795,15.88781205588318,4.118313320972298,16.911250970387965,3.985637021002519,17.37358288341892,3.865732007132583,40.742215879876355,4.409645766817231
original_mix,102.5,107.5,-241.9584503173828,69.80470275878906,153.2162628173828,32.12354278564453,-1.4284629821777344,23.136272430419922,37.63968276977539,19.975341796875,4.575695514678955,16.378517150878906,21.785799026489258,15.49913215637207,3.959862470626831,15.882298469543457,7.846782207489014,8.610596656799316,-2.314580202102661,15.093554496765137,5.618560791015625,9.113143920898438,-8.00831413269043,12.685336112976074,0.7532356977462769,7.372592926025391,-4.3352131843566895,8.994694709777832,0.5887467265129089,0.596773624420166,0.6059136390686035,0.5619292855262756,0.5507357716560364,0.5440249443054199,0.49132487177848816,0.5068885684013367,0.5106731653213501,0.5380661487579346,0.5689722299575806,0.5774176120758057,0.10194475982303616,0.07483215382112711,1944.5952175919197,892.5841787799158,2912.125177750867,552.709012248706,3976.7479562427493,2274.683837659468,0.026869063587587005,0.02301991228569985,15.520639927066808,5.157764620646613,10.894497892686863,3.977321720148195,15.583715572805406,4.731036257660107,15.803427087463282,4.261734985762119,16.417346355505504,4.2103981675053115,17.284603705319196,4.048748750169681,40.46903908542125,4.712584122908824
original_mix,105.0,110.0,-233.76768493652344,64.54922485351562,149.4764862060547,29.206579208374023,-2.6297519207000732,22.086565017700195,44.23933792114258,18.782894134521484,6.043095588684082,17.793964385986328,21.733781814575195,15.310602188110352,3.504254102706909,16.37638282775879,7.001621246337891,9.601518630981445,-3.4579758644104004,15.068992614746094,3.216689348220825,8.59852409362793,-10.473505973815918,13.100605010986328,-0.9521198272705078,7.410648822784424,-5.239377975463867,8.185351371765137,0.5960791110992432,0.5688574314117432,0.5723558068275452,0.5379356741905212,0.5106984376907349,0.5194384455680847,0.4896874725818634,0.5031125545501709,0.5125092267990112,0.534334123134613,0.5604591965675354,0.5804998278617859,0.10144001090350256,0.06664740925319781,2026.3962299789496,867.0255295826863,2978.4487026010233,503.74836698402595,4237.3446789805685,2201.3154521758347,0.029096351145591646,0.022756142176154605,15.71154757186178,5.281654449490113,11.23337127803715,4.536078769352944,16.241005811600903,4.650465101709116,15.498335949517184,4.125242677325531,15.613273306700863,3.5255313403425355,16.49136055470002,3.1171293655596446,41.18190921537065,3.894683290021931
original_mix,107.5,112.08272108843538,-223.5791473388672,58.17127227783203,139.89805603027344,30.42812156677246,-5.756808757781982,20.0693302154541,50.39222717285156,19.110198974609375,4.2375688552856445,17.346160888671875,26.97542953491211,15.308870315551758,1.5861661434173584,13.741230010986328,7.984295845031738,10.4894380569458,-5.38811731338501,15.701774597167969,1.424866795539856,8.071318626403809,-10.016085624694824,12.961836814880371,-2.273484230041504,7.074339389801025,-7.266820430755615,9.110767364501953,0.5640851259231567,0.5529152154922485,0.5607327818870544,0.5301588177680969,0.4738321304321289,0.4788312315940857,0.46656695008277893,0.4951127767562866,0.4836942255496979,0.5234999060630798,0.574174702167511,0.5846636891365051,0.0998540456418561,0.06517112519902339,2343.1501488918384,846.227992094728,3216.098009150066,475.2412869455469,5128.6638399920885,2168.584481298145,0.03609201938291139,0.026883427745022635,15.984748192375411,4.969218455048522,11.019289736035212,4.376290117955892,16.50667199153009,4.447098269663909,14.980845346459889,3.8544517406578933,16.183046503966107,3.446701611101889,16.03947201140145,2.567743689805391,42.35959431240394,3.4266762446058814
original_mix,110.0,112.08272108843538,-237.94732666015625,50.93407440185547,135.99456787109375,28.833805084228516,-14.782408714294434,20.436986923217773,63.20504379272461,18.76910400390625,-3.502706289291382,14.917040824890137,39.32781982421875,13.161393165588379,-6.032106399536133,9.416512489318848,14.668351173400879,9.942005157470703,-8.012566566467285,15.350137710571289,2.9043428897857666,6.049012184143066,-9.003860473632812,11.870667457580566,-0.6167382597923279,6.37838077545166,-6.906532287597656,9.847235679626465,0.5716022849082947,0.5813907384872437,0.5686432123184204,0.5368056297302246,0.5160738825798035,0.5214669108390808,0.5250121355056763,0.547697901725769,0.543895959854126,0.6070400476455688,0.610868513584137,0.5665810704231262,0.07907787717671858,0.04528002267940472,2684.191811427748,866.5825403197064,3437.063400205565,361.6335438872279,5993.28857421875,2056.22714128369,0.043212890625,0.0326485184516886,15.886587817306003,4.991450631085739,10.380599183449169,3.927711044326246,15.469266962316455,4.070530661307313,14.707919948676135,4.296313085735129,15.696712001379058,3.1112975063736794,15.872432027399979,2.377628700944734,42.62735749060843,3.524348395909295
vocals,0.0,5.0,-261.9064636230469,121.25888061523438,122.4249038696289,56.37419128417969,-20.261428833007812,24.948974609375,22.390472412109375,30.57065200805664,9.18558406829834,18.8751220703125,21.983739852905273,18.328819274902344,-2.256632089614868,14.141584396362305,0.606529712677002,12.090826034545898,-17.401479721069336,17.639270782470703,-7.278400897979736,9.90308952331543,-16.983558654785156,14.097543716430664,-1.7234752178192139,8.971795082092285,-10.621352195739746,11.586814880371094,0.44614461064338684,0.4852689802646637,0.47114211320877075,0.4471411108970642,0.3970225155353546,0.421610951423645,0.4274819493293762,0.4110777974128723,0.42487195134162903,0.5025438070297241,0.47725942730903625,0.4446045756340027,0.113397036929983,0.10921987331252357,3021.552831142216,1449.6590553934366,3339.1023701435133,627.8021047956239,5511.250974296694,2912.843520041888,0.08611083417923433,0.07075157930810087,17.932471549215965,7.034624007409696,12.134164233498268,5.304988968905743,16.47473415181372,4.866444180317473,15.661898740832363,3.565072335259419,17.261405880828217,3.8862214848611543,18.635792319117,3.793107968071639,36.5255771783698,5.134418204445735
vocals,2.5,7.5,-260.2704772949219,110.0102310180664,127.60381317138672,50.7453727722168,-14.109347343444824,25.680679321289062,10.263983726501465,27.111568450927734,6.821481704711914,21.94303321838379,16.049564361572266,20.040878295898438,-0.2921278476715088,13.932873725891113,-0.21710020303726196,11.000460624694824,-17.787817001342773,17.131877899169922,-7.21697473526001,11.728133201599121,-17.13931655883789,13.798758506774902,-2.8337011337280273,8.999237060546875,-8.065923690795898,13.486053466796875,0.3782352805137634,0.41979900002479553,0.4511837065219879,0.4719195067882538,0.41790828108787537,0.43971681594848633,0.43152308464050293,0.3831467032432556,0.3830685019493103,0.42131632566452026,0.4080283045768738,0.3769441545009613,0.11480479284698519,0.11236711399569402,2712.241108756841,1270.707513080016,3246.3075845081285,553.7180219948141,4984.16212750145,2745.331638614599,0.0684352795098608,0.05605807399197873,17.155871776838158,7.031844675085229,12.687369935201685,5.214886591860862,15.91132447147502,5.015283377858452,16.18905916438286,4.170346061815556,17.58923631294545,3.7268129790383098,19.00046841694541,3.9222241394188817,36.09938244885008,4.8323292493750545
vocals,5.0,10.0,-265.31451416015625,103.45211029052734,124.44013214111328,48.13203811645508,-12.271112442016602,25.84968376159668,15.597066879272461,26.365869522094727,11.168898582458496,22.54068946838379,19.89120864868164,19.986175537109375,0.22276826202869415,14.907793998718262,-3.350835084915161,10.686003684997559,-15.395023345947266,15.49410343170166,-7.035681247711182,11.123828887939453,-18.390060424804688,13.461233139038086,-3.5828967094421387,9.470545768737793,-8.21894645690918,12.975220680236816,0.3993082046508789,0.42333361506462097,0.4879615008831024,0.4569668769836426,0.4132705330848694,0.3725017011165619,0.35337021946907043,0.3850533068180084,0.4591420292854309,0.43671658635139465,0.41157978773117065,0.3993207812309265,0.10673342460875557,0.10188829368385485,2651.706797719994,1272.2487218919812,3201.095256371334,534.5446580165572,4882.691279364849,2623.526253777099,0.0653311249274942,0.053679657373704205,16.78395209336637,6.4338588070833875,12.54349106311756,5.285582959577892,16.39448170158335,4.972317183973959,15.570089545986662,3.7995194181171486,17.75300352158759,3.401872212604885,18.436017324594957,3.593757895772359,36.09847897528694,4.732845403938088
vocals,7.5,12.5,-296.12554931640625,124.89083862304688,122.45022583007812,56.682865142822266,-14.315116882324219,26.09618377685547,27.194713592529297,23.7646541595459,16.68509864807129,21.90182113647461,26.260812759399414,17.311397552490234,-5.267358303070068,16.68735694885254,-3.235220193862915,13.461865425109863,-13.504498481750488,17.35732650756836,-3.783287763595581,10.903079986572266,-18.614295959472656,13.327417373657227,-3.9292848110198975,9.941750526428223,-11.04431438446045,11.172853469848633,0.520423948764801,0.5054250955581665,0.47598904371261597,0.45824530720710754,0.3969157338142395,0.3187234401702881,0.3191779553890228,0.3777974247932434,0.4350981116294861,0.4764442443847656,0.4746667146682739,0.49616795778274536,0.09158565770424665,0.08721792532426728,2879.701285084566,1569.5618459538346,3296.9177101942732,655.6687703137223,5261.146067466648,3024.4752563781867,0.07738634715777262,0.06944936512460073,16.82768247149878,6.924697775370318,11.800252159610261,5.27825457238718,17.401497520284295,5.049514115741718,15.616251107598778,3.797534131403083,17.504785974084577,3.4003984430206398,18.62264276494406,3.6644681918950512,35.52344123418986,4.928327233858706
vocals,10.0,15.0,-320.04248046875,107.93427276611328,110.24091339111328,61.4817008972168,-12.943534851074219,30.84719467163086,25.72182846069336,24.4406795501709,21.444093704223633,22.312599182128906,21.01627540588379,19.442007064819336,-3.334118366241455,15.771370887756348,-1.2584469318389893,11.998772621154785,-7.196596145629883,13.791813850402832,-6.492012977600098,11.096185684204102,-19.81920051574707,14.399624824523926,-3.783060312271118,9.282510757446289,-10.204915046691895,11.991205215454102,0.47755056619644165,0.46180349588394165,0.442268043756485,0.4222380220890045,0.37660014629364014,0.37159401178359985,0.40358322858810425,0.4484315812587738,0.451938271522522,0.4432819187641144,0.42705053091049194,0.44514158368110657,0.0751050311782756,0.07932764890320436,2954.447538002903,1694.2757081169837,3204.463567047109,722.015880156978,5338.485739015371,3159.1392903584833,0.08352894794083526,0.07586554603435451,16.801763579798678,7.17248089262582,11.759078534017993,5.545568754729451,17.48341267956523,5.430501511934586,16.234505037959867,4.046623776663012,16.7494620087423,3.4086731780223505,18.946587227026935,3.65765691151824,35.24284057806552,4.930867363335321
vocals,12.5,17.5,-283.8497619628906,99.39088439941406,110.55555725097656,55.45123291015625,-11.658012390136719,31.832109451293945,25.26953125,25.31511878967285,26.522401809692383,19.722219467163086,24.709318161010742,17.27687644958496,-3.1994595527648926,15.242586135864258,-2.403996467590332,10.302136421203613,-11.202909469604492,15.568914413452148,-10.49487018585205,9.519940376281738,-18.539596557617188,14.143575668334961,-2.757359027862549,8.614742279052734,-12.69548225402832,11.94584846496582,0.45852625370025635,0.439580500125885,0.41907456517219543,0.4288732707500458,0.39414772391319275,0.39727938175201416,0.3935078978538513,0.4142511188983917,0.43877023458480835,0.5002533197402954,0.47237586975097656,0.46417224407196045,0.09389363020361917,0.09382328226763696,2750.956257230468,1535.7027946702633,3235.935305520182,837.2853006679782,5008.293304089327,3224.305015576249,0.07651287884280743,0.06927670120882021,18.313903948655394,7.1375671951018,12.07333700799603,5.540472300936896,17.846236760284295,5.198017503607822,15.60184853690576,3.9788444196873836,16.893432248254307,3.3636252128950117,19.0826000254254,3.19891155275856,35.89356332094378,5.12836246880507
vocals,15.0,20.0,-289.32098388671875,121.68313598632812,117.80394744873047,59.059837341308594,-1.2301968336105347,33.15964889526367,18.39399528503418,24.622400283813477,17.00758171081543,19.63460922241211,17.38419532775879,18.254924774169922,-3.8910892009735107,14.755537033081055,-2.4983091354370117,11.74376106262207,-13.996551513671875,16.796709060668945,-8.783550262451172,10.606685638427734,-15.135268211364746,13.434309959411621,-2.537503957748413,8.599249839782715,-13.29615592956543,11.023307800292969,0.4855923652648926,0.4401901364326477,0.41888660192489624,0.3971288502216339,0.41809070110321045,0.42478513717651367,0.40451139211654663,0.3834265470504761,0.4657710790634155,0.4896939694881439,0.49229153990745544,0.5340114235877991,0.09680988928737316,0.09769932850293969,2571.654045221546,1368.5497988619215,3410.95928757469,1032.5492168391859,4950.438433512181,3575.8564269431945,0.0660052022911833,0.054967073927525395,18.3899163747735,7.214427574941676,11.597556121138842,5.246259922400635,16.67156001376567,4.877605823970315,14.765237177573177,3.5003025930779734,16.96134296826995,3.398435611397106,19.01512644974802,3.4241183455957303,34.056302102500474,5.931033680420347
vocals,17.5,22.5,-309.5924072265625,115.62104797363281,134.39529418945312,56.34932327270508,5.882422924041748,34.73927307128906,18.440139770507812,23.887226104736328,13.351859092712402,23.1094970703125,13.23411750793457,20.160093307495117,-6.553885459899902,15.33769416809082,2.701202154159546,12.504976272583008,-11.433924674987793,15.100335121154785,-8.621451377868652,11.72032642364502,-15.172632217407227,13.2368803024292,-3.3027679920196533,8.839396476745605,-12.050142288208008,12.883310317993164,0.4882921576499939,0.43737658858299255,0.44138309359550476,0.4200021028518677,0.4159446656703949,0.4358135461807251,0.3992689847946167,0.3675746023654938,0.36096397042274475,0.4250856339931488,0.44495972990989685,0.49524378776550293,0.08443925964955717,0.0815279600656162,2286.0090759125414,1278.4993515945637,3225.9373292483847,1039.776277967765,4431.793000471288,3509.4751189222056,0.05471015806264501,0.048242855036339995,17.954778288020957,6.737764954725339,11.43107679016712,5.191083554263944,15.571272180520246,5.054708827225364,15.716291763125012,4.101588831311553,16.548318700149842,3.1917697810850862,19.483473067042155,3.850668818832534,32.84122460862231,5.718041288059873
vocals,20.0,25.0,-301.0788879394531,100.1883316040039,137.2976531982422,53.41425704956055,3.83915376663208,30.13523292541504,16.950084686279297,23.57103729248047,16.832656860351562,22.29701805114746,17.240026473999023,20.494873046875,-5.893189907073975,14.63516616821289,4.197127342224121,12.33014965057373,-11.658588409423828,15.169207572937012,-12.264148712158203,11.087613105773926,-14.48642349243164,12.450417518615723,-3.5199174880981445,9.349656105041504,-15.284847259521484,13.693140983581543,0.465600848197937,0.41585347056388855,0.3862353563308716,0.3794644773006439,0.3966240882873535,0.41922372579574585,0.3750608265399933,0.36796870827674866,0.40575435757637024,0.46560126543045044,0.5005260109901428,0.5005718469619751,0.08375753600426124,0.07528181026685446,2309.2523170386207,1426.8848669840581,3128.0389144384762,929.6088727431676,4313.035636600928,3399.7787663866693,0.0597606402262181,0.06490769795681806,17.793498286909525,6.399840496430988,11.914681109334172,5.348889396633026,16.67505854566918,4.982534094619493,15.994135480558151,4.316870304544441,16.72229824962691,3.4796279335490103,20.29713389170872,3.8583660802315047,33.17317449978988,5.300261310957685
vocals,22.5,27.5,-303.9345703125,122.36300659179688,133.86117553710938,63.46134567260742,2.8635616302490234,28.60916519165039,13.680060386657715,21.9429988861084,12.238788604736328,18.012739181518555,15.869346618652344,18.63266944885254,-4.339980125427246,13.051440238952637,2.321812629699707,12.079586029052734,-13.269731521606445,18.44205093383789,-11.632719993591309,10.708093643188477,-13.6995210647583,13.34693717956543,-2.1224205493927,9.481243133544922,-15.352398872375488,13.465895652770996,0.5092365741729736,0.4194159507751465,0.3976045250892639,0.3894513249397278,0.39119845628738403,0.4353262484073639,0.44484657049179077,0.4178082346916199,0.40621417760849,0.4513436555862427,0.49941784143447876,0.5625698566436768,0.09152997722326596,0.08649853616074692,2603.438194892568,1783.7908312441791,3290.7195836273995,1126.7163862370908,4860.008972592807,3994.6476710110815,0.07115424702726218,0.07826054807037965,17.44356224226376,6.319518355201521,12.096867217246192,5.199848342718573,17.032872053069656,5.2527553608754,15.904937798995608,4.22566802451117,16.97441638808808,3.3704428893352136,19.924092605421983,3.8032734760597044,33.21140264448888,5.177629485661988
vocals,25.0,30.0,-319.3037414550781,129.45533752441406,139.15728759765625,61.99137496948242,1.5009760856628418,35.684322357177734,18.405216217041016,23.08559226989746,17.781963348388672,21.468862533569336,20.599994659423828,17.543657302856445,-9.174514770507812,15.155938148498535,0.2619679868221283,10.981696128845215,-11.796039581298828,20.108633041381836,-8.391373634338379,10.604222297668457,-12.209731101989746,13.517474174499512,-1.6909689903259277,9.507472038269043,-15.35200309753418,13.942733764648438,0.5233371257781982,0.5098093748092651,0.5187621116638184,0.46865662932395935,0.41216742992401123,0.3986451029777527,0.40886226296424866,0.425866037607193,0.4426528811454773,0.47692084312438965,0.47527027130126953,0.5237765908241272,0.08552270490110835,0.07913401406385914,2460.8377207755275,1764.7071438704916,3189.297932706805,1156.7855142144927,4596.514510223318,4004.2768006570213,0.06462306046983758,0.07289533148616135,17.548699494835983,6.214627347099028,12.197524890583951,4.994219292439816,16.509844380881884,5.170784084761708,15.479858316786057,3.9532775483256257,16.81736704444664,3.273695770329578,20.255201731199417,4.198074035936187,32.11403956406341,5.408265385228111
vocals,27.5,32.5,-340.4972229003906,114.93582153320312,135.7041015625,56.7128791809082,3.9404795169830322,34.897789001464844,20.92363739013672,22.566797256469727,24.664655685424805,24.155681610107422,19.30301284790039,17.707115173339844,-8.053489685058594,14.609556198120117,0.620832622051239,11.289410591125488,-7.628269672393799,17.683868408203125,-8.196102142333984,11.056197166442871,-14.530624389648438,13.35107421875,-4.7853593826293945,9.70496940612793,-12.799317359924316,13.971481323242188,0.5429460406303406,0.53135746717453,0.49836504459381104,0.43661317229270935,0.3824666738510132,0.374409556388855,0.3946317136287689,0.4395388662815094,0.4600476622581482,0.47613853216171265,0.46270352602005005,0.5165950059890747,0.06636220942746487,0.062027145487413636,2137.2692114288807,1356.7346295864063,3012.217180959665,1011.3701269433461,3953.8158443300463,3111.636417023128,0.05454248839907193,0.055328506719686116,16.71058726466857,6.625780550605836,11.602073675700217,4.8085325919706206,16.347797872342042,4.921530056006969,14.825647688634625,3.594599391759052,16.721013174112432,3.4443188340256485,20.200175424531032,3.6800208978344995,30.772277559129204,5.940313887890688
vocals,30.0,35.0,-353.4480285644531,116.95181274414062,131.7537841796875,58.65504837036133,-1.7950873374938965,35.31160354614258,18.166067123413086,23.621492385864258,21.951486587524414,23.844560623168945,13.89025592803955,18.300081253051758,-6.561244010925293,14.198186874389648,1.3422693014144897,11.636011123657227,-8.39454460144043,15.282182693481445,-6.264032363891602,11.092241287231445,-16.001880645751953,16.023820877075195,-2.6095163822174072,10.682650566101074,-10.103778839111328,12.090965270996094,0.4472509026527405,0.4471307396888733,0.42338404059410095,0.4007177948951721,0.4272724390029907,0.40869247913360596,0.42205628752708435,0.433123379945755,0.46412646770477295,0.46844014525413513,0.5153464674949646,0.5109816789627075,0.06133940686633013,0.06850805135989928,2300.2479416522087,1270.2476334551554,3143.521714554273,1008.5289880613641,4211.964476689385,2832.454103515921,0.06075193046693735,0.05244643460306037,16.08369106274343,6.762090952652749,11.217562381456128,4.66431429056293,15.821075662534314,5.114840399053548,15.350466972411592,4.0156565347787465,16.0604446134609,3.2302857600082113,19.72115855125156,3.7204564045242687,30.653619764120112,5.704422421351579
vocals,32.5,37.5,-329.2216491699219,125.4332046508789,140.4927215576172,54.68119430541992,-1.9497730731964111,41.339942932128906,18.335830688476562,23.979984283447266,19.401084899902344,19.638614654541016,15.760286331176758,18.4470157623291,-7.397858619689941,17.145832061767578,2.2312121391296387,9.812185287475586,-12.61092472076416,17.190303802490234,-5.945318698883057,10.307737350463867,-17.580930709838867,16.30818748474121,-0.7809700965881348,10.151360511779785,-12.013463020324707,11.868145942687988,0.4606442153453827,0.4684372544288635,0.47642457485198975,0.44948452711105347,0.3937135338783264,0.38944655656814575,0.3801708221435547,0.42325934767723083,0.46073299646377563,0.49053239822387695,0.5018143057823181,0.5080035924911499,0.07986317135793645,0.07982427097228796,2219.261449168682,1213.8039133113275,3120.743999697786,961.9425056302116,4096.7543458164155,3006.95236555099,0.053700741371809746,0.0481126135451763,17.109200496715438,6.489440597371253,12.131901016689115,5.21466389387222,16.170460060442426,4.915090964128078,15.743552671065569,3.9594853831992114,15.975784817402081,2.900088086609271,19.639387766829753,4.104869723611989,31.963776769279146,5.785134685360368
vocals,35.0,40.0,-332.05810546875,115.140625,149.74545288085938,46.78546905517578,5.967783451080322,36.953102111816406,20.374465942382812,26.5929012298584,20.47733497619629,21.8896484375,17.59600257873535,21.63532257080078,-6.881348609924316,18.38784408569336,7.101325035095215,11.28042984008789,-13.459815979003906,16.713239669799805,-10.4503755569458,12.330451965332031,-16.73971176147461,13.085759162902832,-2.1760599613189697,10.348713874816895,-15.300492286682129,14.929839134216309,0.5397905707359314,0.5388666391372681,0.46850457787513733,0.40799254179000854,0.3574313521385193,0.3670978248119354,0.40141454339027405,0.4663718342781067,0.4595572352409363,0.45437511801719666,0.4709937870502472,0.5035154223442078,0.07550084128451325,0.07199308884386274,2053.3887520369212,1135.9422125186506,3115.224894928692,956.9492533730521,3869.631511927204,3168.462766398677,0.04431350601798144,0.03950039041872359,17.47749401655659,6.167777592551296,11.928636394943632,5.085648251934749,16.92948711467035,5.110899892424101,15.994247672293476,4.162150537753035,16.89791219899607,3.3029712185779587,20.513703634044425,4.514436213875947,31.4322301358073,5.584025197595054
vocals,37.5,42.5,-360.7637634277344,109.8306884765625,130.71029663085938,56.470115661621094,14.490570068359375,27.487764358520508,18.359039306640625,24.56589126586914,23.041921615600586,21.332191467285156,15.962589263916016,20.508054733276367,-3.4708433151245117,17.202274322509766,6.719631195068359,10.828690528869629,-8.988847732543945,13.590354919433594,-12.4111328125,12.453115463256836,-14.158047676086426,14.819314956665039,-4.078438758850098,10.828596115112305,-12.101405143737793,15.17477798461914,0.5246801376342773,0.47462883591651917,0.40395084023475647,0.3926325738430023,0.44527456164360046,0.47716230154037476,0.4611565172672272,0.474124938249588,0.46387335658073425,0.46583646535873413,0.4668690264225006,0.4773976504802704,0.06265612949307667,0.06880984021825184,2097.422313036903,1131.9763912689184,3278.416958288244,1055.86771309128,3978.2967481148494,3227.264183906609,0.04458313696345707,0.03773211779514592,16.927612377544186,6.431548153908326,11.230920871686259,5.256236135699311,16.46843975752361,5.192101692853699,15.676634264411963,4.128579846185935,16.83263031142489,3.4990637943098886,20.140966964672053,4.6556663901636695,29.8728935152022,5.472885756399738
vocals,40.0,45.0,-334.1890563964844,121.080078125,128.6979217529297,58.46444320678711,8.432143211364746,30.642433166503906,18.575700759887695,21.10262680053711,16.435272216796875,18.851276397705078,14.312610626220703,18.3844051361084,-1.877660870552063,18.272884368896484,5.581582546234131,9.588236808776855,-10.549342155456543,14.866158485412598,-11.710543632507324,10.833333015441895,-17.158607482910156,14.509991645812988,-5.363489627838135,9.736435890197754,-10.034225463867188,12.954391479492188,0.48224541544914246,0.45143356919288635,0.4234285056591034,0.3984725773334503,0.44606804847717285,0.5128536224365234,0.4689682722091675,0.43192043900489807,0.44729629158973694,0.48009029030799866,0.48232826590538025,0.479275107383728,0.0776825340186773,0.08453129129726117,2193.073912184883,1184.2871283902152,3242.1680437204564,1001.4119398069961,4122.484275304524,3070.6237320319965,0.04916346432714617,0.041435100086202444,17.062065151607765,6.577074656541356,11.867224500415443,5.397388671580132,16.672745564963336,4.774908417598769,16.109020287083613,4.295976679017673,16.498789954882415,3.3613581798231804,19.285821832408175,3.940257650091647,31.042299413103084,6.0279270172547905
vocals,42.5,47.5,-332.22723388671875,119.801513671875,119.34508514404297,64.17243957519531,-6.263667106628418,32.13504409790039,16.069801330566406,23.387189865112305,16.738162994384766,22.885934829711914,14.527263641357422,17.335784912109375,-1.3034381866455078,16.2315731048584,3.12149977684021,10.099080085754395,-10.341021537780762,15.390918731689453,-8.108314514160156,9.990010261535645,-13.623642921447754,13.916069984436035,-4.4383111000061035,9.273929595947266,-10.272551536560059,11.808150291442871,0.47775998711586,0.4720448851585388,0.45368069410324097,0.39582982659339905,0.42110973596572876,0.4680486023426056,0.4281753599643707,0.4308665990829468,0.4766481816768646,0.5249627232551575,0.5325851440429688,0.4932750165462494,0.06508199446902825,0.07705592694187256,2651.2604135134106,1456.0945211007302,3266.9502909804287,995.6018636355768,4919.862284295244,3301.7833335341106,0.0749018905887471,0.06372023264130496,15.77834933777174,6.7870108738534585,11.00139106369886,4.686773157129063,16.372181580401882,4.929441216845444,15.882593367075518,4.372470376997634,16.312818629972355,3.040480379355544,19.01124451423509,3.6556838307960557,31.31441047669554,5.3578340280217835
vocals,45.0,50.0,-347.6144104003906,129.25889587402344,128.2493896484375,65.97567749023438,-6.374113082885742,35.25155258178711,12.522014617919922,22.237632751464844,19.82553482055664,23.276329040527344,16.203771591186523,15.457552909851074,-2.324512481689453,14.203460693359375,1.6915510892868042,10.224247932434082,-11.194154739379883,18.632057189941406,-1.9071881771087646,9.964815139770508,-12.931147575378418,15.221151351928711,-4.171316623687744,9.908731460571289,-9.335693359375,10.826862335205078,0.4826986491680145,0.4747803807258606,0.4552857279777527,0.38294121623039246,0.3739317059516907,0.4098394215106964,0.40018731355667114,0.4116668403148651,0.4692884087562561,0.5379756689071655,0.5314459204673767,0.4928167462348938,0.06643691177680071,0.07305318199146558,2465.5802623067666,1448.8626329318497,3207.175629233748,1111.7929386460462,4505.685361078887,3342.138088347985,0.06970073230858469,0.06414317198179845,15.589196395567777,6.101880763698989,11.929083901875531,5.099373084177674,16.165959066944193,5.058059779424711,15.841067906983573,4.2387861517406025,16.724677466602905,3.314977085676144,18.750698428945864,3.3123184954252114,30.788325624325154,5.586574299197649
vocals,47.5,52.5,-299.06585693359375,119.73796081542969,151.15737915039062,53.32292556762695,-6.852476596832275,33.02186965942383,12.35584831237793,21.853830337524414,17.22435188293457,21.56861114501953,20.93889617919922,17.800371170043945,-4.615685939788818,15.5261869430542,1.6697133779525757,10.4759521484375,-18.013559341430664,19.4791259765625,-8.350104331970215,13.223749160766602,-15.76827335357666,14.627884864807129,-2.143989324569702,10.926763534545898,-11.850871086120605,13.058004379272461,0.4744940996170044,0.4509238302707672,0.4240693747997284,0.3745887279510498,0.38898271322250366,0.39878106117248535,0.38149338960647583,0.3969497084617615,0.44542810320854187,0.48401594161987305,0.48423275351524353,0.46252554655075073,0.0948844284308494,0.07821198540623824,2088.049635815499,1178.248203805334,2972.2518031674754,925.2049010040778,3696.466588420824,2631.8214580121016,0.0509783751450116,0.047900990240315355,17.79318601065669,5.985997243933805,13.02547321479762,5.325163567851341,17.189769578940385,4.946746595259667,16.579521204735297,4.345593881244245,17.95489678959502,3.7273277089758827,19.85155870484167,3.750884134334282,32.09853944003696,5.848388745932166
vocals,50.0,55.0,-332.7251892089844,123.70858001708984,148.26438903808594,56.40616989135742,0.3777376711368561,34.083621978759766,13.069412231445312,25.104368209838867,13.782342910766602,22.163843154907227,19.917593002319336,18.927167892456055,-2.8322207927703857,15.291605949401855,2.8714070320129395,9.809730529785156,-14.224747657775879,17.563154220581055,-6.652169704437256,13.197545051574707,-13.072736740112305,15.956940650939941,-1.26729154586792,10.34227180480957,-12.140819549560547,12.957291603088379,0.48964065313339233,0.5097429156303406,0.4816942811012268,0.4447205662727356,0.4424363374710083,0.4403950572013855,0.42359262704849243,0.4621894359588623,0.4664190411567688,0.4661256968975067,0.45813438296318054,0.4521196484565735,0.07353322714577448,0.07054655399617958,2165.861714020472,1239.1200744035812,3116.63408262979,970.021551970418,3939.7268343967517,3038.8190981001544,0.05115850674303944,0.04862567307637163,17.063762123981586,6.585591016580364,11.91473594846306,4.965751687192178,15.689381273687601,5.23354622452182,15.960261722670298,4.0742882361339,17.724640233934327,3.361779586352117,19.031690323536186,3.551242211700571,31.33064850714095,5.702207472414626
vocals,52.5,57.5,-327.5129699707031,123.51090240478516,118.10400390625,62.103485107421875,6.503289222717285,34.87686538696289,17.38349151611328,26.840816497802734,19.2075252532959,20.431901931762695,15.452385902404785,20.308162689208984,-5.1816792488098145,17.012914657592773,2.354033946990967,10.756010055541992,-9.967535972595215,13.929667472839355,-4.815809726715088,10.676736831665039,-9.838607788085938,15.716371536254883,-4.807595729827881,9.546698570251465,-12.798236846923828,12.818531036376953,0.5247067213058472,0.4866906404495239,0.4501515328884125,0.3964398503303528,0.40769392251968384,0.4202117919921875,0.4339633285999298,0.43489834666252136,0.4456920921802521,0.44507303833961487,0.47032952308654785,0.52766352891922,0.08259029159286727,0.09725680885449724,2523.50646706071,1562.6698594534905,3450.7369261391395,1192.5029470787408,4836.877016567575,3887.46848055998,0.06353547346287702,0.07290583312302894,16.77059379738233,6.677121941645468,12.116834440581759,5.351384985942651,15.624328210855882,5.2732842180487225,15.57507368572989,3.858439429470614,17.12939104078841,3.125861072457044,19.24667947420837,3.778673320938487,31.71418255113135,5.8314246467580775
vocals,55.0,60.0,-270.53961181640625,110.3595962524414,124.91570281982422,49.61288070678711,-10.11863899230957,29.26382827758789,29.870744705200195,24.509374618530273,22.872638702392578,20.752281188964844,18.66217041015625,20.11858558654785,-9.054159164428711,17.403602600097656,0.6287556886672974,12.577149391174316,-16.866287231445312,17.050046920776367,-7.047029972076416,8.641231536865234,-13.98085880279541,13.283424377441406,-4.838613510131836,8.964765548706055,-15.123926162719727,13.681682586669922,0.4465840458869934,0.362236350774765,0.3490876853466034,0.3564547896385193,0.3808857798576355,0.4115498661994934,0.40285250544548035,0.37085527181625366,0.41406765580177307,0.48212385177612305,0.5239840745925903,0.49004578590393066,0.11114135399590984,0.10348922201759604,2615.1359108602865,1452.9312906586167,3347.8168496411513,988.343800374949,5024.580599260441,3323.141071031566,0.06414950696055685,0.07242744649903263,17.476277111311838,6.6064532016175965,12.950235735348336,5.135067419019893,17.27604990507616,5.046900073672757,15.546438273014198,4.134952163418225,16.823816511721674,3.1610881615886615,19.826161760949855,3.834958083821489,35.4838399499382,4.963799964298098
vocals,57.5,62.5,-264.2436218261719,94.87937927246094,131.21096801757812,44.7160530090332,-12.841794967651367,27.783710479736328,32.73219680786133,23.27344512939453,18.917430877685547,20.814151763916016,19.391448974609375,16.717941284179688,-4.578962802886963,17.122207641601562,1.523226022720337,12.290331840515137,-15.212054252624512,19.715717315673828,-6.347462177276611,9.065166473388672,-17.912355422973633,11.682384490966797,-3.6804754734039307,9.252204895019531,-13.874452590942383,13.082222938537598,0.398345947265625,0.3471430242061615,0.33560845255851746,0.3420926332473755,0.35117632150650024,0.40389224886894226,0.43305471539497375,0.4171524941921234,0.4351765811443329,0.524966835975647,0.5346256494522095,0.47610387206077576,0.10043181362453839,0.08953317245353842,2547.4263456938384,1294.9382219986555,3151.5182936578003,551.8723874937383,4750.8441261238395,2498.3762281023023,0.059012924158932716,0.05836003028385944,17.69921329504161,6.297525219111568,12.64188850256042,5.030265642667872,17.420734281733257,5.118057197638247,15.109171671457934,3.9804989047427113,16.750800088016042,3.353961484311003,19.269402150902245,4.3068232316315935,36.3853403522172,4.448117284872169
vocals,60.0,65.0,-289.99481201171875,104.51282501220703,125.7411880493164,50.04572296142578,-6.558075428009033,27.46869659423828,23.1097354888916,20.763853073120117,20.858491897583008,20.411300659179688,16.70171546936035,16.47191047668457,-3.609959363937378,16.479835510253906,1.591274619102478,12.335012435913086,-11.57918643951416,16.626815795898438,-9.252114295959473,10.228065490722656,-17.609195709228516,13.004277229309082,-5.4504265785217285,9.88956356048584,-14.521858215332031,11.911466598510742,0.45055854320526123,0.41891443729400635,0.41884031891822815,0.4159308075904846,0.3690635859966278,0.3656315505504608,0.39425691962242126,0.41564756631851196,0.4254979193210602,0.5026262402534485,0.48331648111343384,0.48038825392723083,0.08837137560469796,0.09188684610571889,2586.7919186981026,1332.8745701215166,3217.140628181094,666.3573212324599,4885.788863109049,2702.1483739437676,0.058893969330046404,0.0564198061507755,19.035837640165237,6.247455878134382,12.316998384476316,5.208659036556323,17.283696642174522,5.022771085508397,15.48892040699172,4.042474090961298,16.157612390874256,3.037936412529358,19.685487908481896,4.758805691810036,35.03243999797169,4.439912234550109
vocals,62.5,67.5,-271.277587890625,90.31251525878906,148.0095977783203,40.070281982421875,-0.9562367796897888,26.557851791381836,17.549306869506836,20.301645278930664,26.002256393432617,21.39670753479004,16.265663146972656,18.693191528320312,-6.121654033660889,14.24384593963623,3.1205193996429443,14.28195858001709,-16.080419540405273,16.33159828186035,-12.223922729492188,9.891895294189453,-19.599449157714844,11.92059326171875,-6.744621753692627,9.418084144592285,-15.842371940612793,11.063140869140625,0.4849303960800171,0.44178277254104614,0.4067474901676178,0.3861600458621979,0.3536519408226013,0.36449238657951355,0.39247506856918335,0.3693826496601105,0.3598378002643585,0.4493628740310669,0.5020179748535156,0.5393975973129272,0.10071757664280595,0.08188904444866968,2001.8190647443232,941.0451600656609,2943.0190592419276,571.1023881799696,3667.5391531322507,2187.946635690295,0.03879853357018562,0.033555974100522135,19.52326197351032,6.247936613435467,12.164478670399253,4.829161367885519,17.744020115978795,4.891499895863751,15.42227336845533,3.633790784406905,16.383852191446564,3.1537146507666476,20.375151556075917,3.934128348151085,35.0625200060801,4.167524090280534
vocals,65.0,70.0,-292.3585510253906,105.66242980957031,147.65762329101562,47.75564193725586,2.0491654872894287,32.568180084228516,16.647186279296875,19.82794189453125,25.531076431274414,19.18355369567871,17.814245223999023,18.251039505004883,-6.511438846588135,15.867405891418457,4.271490097045898,12.072421073913574,-14.527366638183594,16.670928955078125,-10.326398849487305,10.121210098266602,-18.061521530151367,14.582488059997559,-2.8448007106781006,10.806903839111328,-13.67477035522461,12.029373168945312,0.4883264899253845,0.4378502666950226,0.3960294723510742,0.35123080015182495,0.3667314946651459,0.4050460755825043,0.4234825074672699,0.38772067427635193,0.37442851066589355,0.4460548460483551,0.5062326788902283,0.5550210475921631,0.09943239257661216,0.08793382715767789,2032.4871370660094,1124.951716691947,3021.2728766995065,802.7160880371727,3748.0263694533064,2899.4445489509267,0.04140647658062645,0.038270869523000677,18.517132818518032,5.833663304446831,12.491761832693568,5.114392649511146,17.136680060108485,5.132993748436271,15.411950372985043,3.9880339584831446,16.715233119749435,3.2847273245559387,20.44556727391084,3.820829494514158,34.27117984724503,4.434347018881532
vocals,67.5,72.5,-337.24273681640625,122.09313201904297,128.86111450195312,57.76546859741211,5.087876319885254,39.295196533203125,18.327720642089844,21.351285934448242,19.621912002563477,20.24500274658203,17.48694610595703,16.102521896362305,-5.643801212310791,16.196630477905273,-1.669518232345581,12.136438369750977,-11.349262237548828,15.723074913024902,-7.512976169586182,9.674951553344727,-14.723573684692383,14.356006622314453,0.2725793123245239,9.9866304397583,-8.747310638427734,11.713820457458496,0.4920646548271179,0.4786704480648041,0.45033732056617737,0.4283793270587921,0.4577611982822418,0.4708607494831085,0.4530801475048065,0.4228747487068176,0.436292827129364,0.474080890417099,0.47955816984176636,0.4900555908679962,0.07167808580689841,0.0847507563396038,2475.0160115033846,1425.5565785812273,3361.7461104358936,1144.8948093548292,5001.198838094548,3866.472025940705,0.05786869199535963,0.049359452655648395,17.928637456731362,6.425272183022044,11.111478439757082,4.797394096416994,15.451611568095961,4.7136465743064875,15.64109805876496,3.8404231402725526,16.819098235204137,3.2117339859823058,18.669895990933288,3.8390902695632447,33.22156100734321,5.134251051352736
vocals,70.0,75.0,-327.00592041015625,136.54957580566406,131.08604431152344,58.44997787475586,-0.688447117805481,39.225990295410156,14.435603141784668,24.042285919189453,15.47854995727539,22.264633178710938,20.470510482788086,16.29159927368164,-3.3984906673431396,15.784849166870117,-2.815751314163208,13.178714752197266,-16.563617706298828,20.1082706451416,-4.424352645874023,11.979743957519531,-12.140937805175781,13.760734558105469,3.908201217651367,9.723748207092285,-5.91892147064209,11.515812873840332,0.5043321251869202,0.5120306611061096,0.4849456250667572,0.4478921890258789,0.4724288582801819,0.5004300475120544,0.46183425188064575,0.4430745244026184,0.45899754762649536,0.46704697608947754,0.4262993335723877,0.43862107396125793,0.07611841312744666,0.086902174400312,2556.261158010618,1335.1406666884318,3456.6774378632545,1156.3072143862473,5334.488856764791,3823.910016917981,0.05904351254350348,0.04643591025949737,16.589004790841862,5.659589328605178,11.765354419292073,4.758155577795442,15.066193582604091,4.659744046282821,15.641869853076827,3.825526945570151,17.524997995370207,3.182990140137817,18.155249011055567,3.3962319572889688,33.56687550471265,5.198663277868534
vocals,72.5,77.5,-319.8232421875,131.0263214111328,136.70155334472656,58.44539260864258,3.5671463012695312,35.57666778564453,15.41728687286377,24.54704475402832,13.661273956298828,21.680286407470703,17.24867820739746,16.965425491333008,-5.8793253898620605,17.68919563293457,1.092575192451477,11.268768310546875,-14.396093368530273,19.868282318115234,-4.6933512687683105,11.915106773376465,-13.180107116699219,14.465316772460938,1.8160603046417236,11.668737411499023,-7.64377498626709,12.186981201171875,0.5368622541427612,0.5145446062088013,0.46798616647720337,0.4559347331523895,0.46926140785217285,0.4729668200016022,0.3998503088951111,0.39643922448158264,0.41657179594039917,0.44916844367980957,0.46246615052223206,0.5067431330680847,0.08757607346811719,0.09212455708738511,2410.261502703666,1388.6713836022338,3267.521893270826,1038.948942230046,4824.136954393852,3660.6691509690627,0.055823801841647334,0.04903767521462492,16.54967270251543,6.16903913082999,12.165109513864161,5.040173704487326,15.904368404239248,4.755939681544418,15.73000986801289,3.9849480900628365,17.670459579399378,3.2641089716820164,18.81994281017134,3.3306600214783177,33.01946526364709,5.082574057672636
vocals,75.0,80.0,-334.57293701171875,119.29782104492188,136.4387664794922,55.84376525878906,12.150361061096191,35.82107925415039,19.47420310974121,29.40230369567871,13.872414588928223,23.480531692504883,14.012605667114258,17.171316146850586,-8.038012504577637,15.154226303100586,0.8509504199028015,10.92764949798584,-11.15568733215332,16.011571884155273,-6.93550968170166,10.365583419799805,-13.19749641418457,13.5365571975708,-2.651503801345825,8.938996315002441,-9.788991928100586,11.708745956420898,0.5129610300064087,0.47947075963020325,0.48072683811187744,0.47023388743400574,0.47408851981163025,0.48027175664901733,0.44407936930656433,0.42396652698516846,0.42404210567474365,0.4600745439529419,0.472782701253891,0.5076276659965515,0.07664523633905165,0.08134601696896089,2299.128667824684,1452.7785384970348,3121.6521125653867,993.5645472169365,4300.745223680395,3426.8649156928777,0.05897100674303944,0.05459012381822374,16.215109109189726,5.964581282239145,11.392156401708515,4.962720247976438,15.936651535395995,4.58868270024198,15.327384523184412,4.314146567024637,17.164564526552876,3.25329877587261,18.591455611827993,3.603303876290479,31.417719714003884,5.857818990044736
vocals,77.5,82.5,-336.53509521484375,107.86449432373047,115.1990737915039,53.441410064697266,8.98400592803955,33.468841552734375,14.16396427154541,28.787229537963867,19.081762313842773,25.333669662475586,18.029584884643555,17.264616012573242,-2.412046432495117,13.19778823852539,-0.9410524964332581,10.427407264709473,-10.071672439575195,14.464438438415527,-7.744629383087158,9.787152290344238,-8.551012992858887,11.080095291137695,-0.40863916277885437,8.053900718688965,-8.527371406555176,14.135248184204102,0.4760046601295471,0.47014889121055603,0.4784488081932068,0.4479203224182129,0.4554896652698517,0.49194470047950745,0.49712270498275757,0.49671727418899536,0.5064888000488281,0.49161675572395325,0.46960166096687317,0.47572365403175354,0.0646451199005883,0.08991982125730691,2436.0053124912524,1245.1860163399526,3285.9244265695056,917.6673970896744,4546.803287231729,3006.9338432264803,0.06243542452146172,0.051168670890271786,15.553424272699685,6.470770569469918,10.978057491171167,4.780872630586944,15.174321495723445,4.622191023147405,14.893500651160455,3.696978580924471,17.002002093648887,3.2885564201566346,18.939080809899124,4.091831262927852,30.995059038617615,5.676567435121598
vocals,80.0,85.0,-312.6833190917969,106.46459197998047,114.78480529785156,49.853782653808594,0.7128932476043701,32.234317779541016,21.493438720703125,26.673229217529297,21.352956771850586,25.940399169921875,17.814498901367188,18.952762603759766,-4.062488555908203,15.272014617919922,-0.42372870445251465,9.854751586914062,-8.73481559753418,14.877655982971191,-7.288907527923584,10.813276290893555,-11.395960807800293,12.941317558288574,-0.9593562483787537,9.053462028503418,-12.774517059326172,14.8662691116333,0.49448660016059875,0.48154494166374207,0.46544378995895386,0.44018784165382385,0.39475101232528687,0.40361636877059937,0.4231094419956207,0.4288993179798126,0.4154760539531708,0.42071810364723206,0.48711058497428894,0.5159659385681152,0.07758566003798976,0.09072400648430036,2478.518209503742,1221.0843983576726,3250.8961639946597,811.2730935739769,4571.284191016532,2850.4976072378167,0.061675246519721574,0.051483663154709536,17.528344467638437,6.817927221340787,12.14655546978868,5.437446113110509,16.576518503542218,5.304344739647964,15.51574723685613,4.058117454665067,16.897632235290644,3.348555512836191,19.316022806159555,4.06864615487578,32.680210495502614,5.791332522088185
vocals,82.5,87.5,-302.3937072753906,117.36194610595703,126.31333923339844,48.41236114501953,-3.8625216484069824,36.22311019897461,25.41696548461914,24.219018936157227,17.114364624023438,23.031028747558594,12.583284378051758,20.44127655029297,-7.724574089050293,17.52678108215332,3.63560152053833,12.312650680541992,-11.234809875488281,16.204835891723633,-6.785250186920166,11.438563346862793,-14.678982734680176,14.839742660522461,-3.2906055450439453,10.267457962036133,-16.581689834594727,11.223390579223633,0.438488245010376,0.4415886402130127,0.471238911151886,0.4461524486541748,0.37365177273750305,0.35499003529548645,0.34471970796585083,0.3165475130081177,0.32031407952308655,0.4238450527191162,0.5058640837669373,0.5070412755012512,0.09288126805064154,0.09082618726827102,2439.1947705420894,1210.0922415310577,3281.1634652550406,803.901143027277,4435.140389356148,2687.3800406058303,0.05965074862238979,0.051062029076942676,17.018675422108938,6.5392490646443795,12.720179545048168,5.866841741188529,17.23538345563916,5.511460818440588,16.19377076724753,4.497920742218602,16.58175948104361,3.41804765203872,19.677943677761213,3.795041910778035,32.86894283575652,5.972743292584236
vocals,85.0,90.0,-295.61920166015625,109.42329406738281,145.2506866455078,48.25483322143555,3.4576175212860107,32.316524505615234,17.96114158630371,23.937925338745117,13.478386878967285,24.6965389251709,6.962589740753174,20.945205688476562,-4.95952033996582,17.808931350708008,5.957865238189697,14.357162475585938,-14.127662658691406,16.875408172607422,-7.668902397155762,11.485817909240723,-17.839202880859375,13.977540016174316,-4.790081977844238,11.10358715057373,-16.529909133911133,11.033072471618652,0.4237348139286041,0.43469667434692383,0.4094030559062958,0.36779162287712097,0.3563205301761627,0.3297567367553711,0.3286539614200592,0.35187557339668274,0.4356172978878021,0.4967425465583801,0.46719837188720703,0.43909457325935364,0.10272952994027039,0.09002209401851959,2112.3756799868106,1059.170935680071,3106.6034254552396,798.217643179722,3811.1271479843385,2513.361733474026,0.04820729408352668,0.04173017822187079,17.050625513520263,6.20571364304707,12.854255325926175,5.526638326037584,17.42432101293476,5.641186678956836,16.95762001391248,4.240926120077794,16.821215229785857,3.6494270065600465,19.686493835387452,3.595741828440198,32.915321222774175,4.941186262907197
vocals,87.5,92.5,-282.00616455078125,89.46259307861328,154.4068603515625,42.28630828857422,3.022913932800293,27.372859954833984,16.965118408203125,27.34000015258789,18.380144119262695,28.32479476928711,6.555604457855225,23.05099868774414,-5.828197956085205,17.25788688659668,5.155581951141357,15.790335655212402,-14.662813186645508,16.83615493774414,-5.991146564483643,10.924912452697754,-20.229284286499023,12.134583473205566,-4.357085227966309,10.177251815795898,-15.85991382598877,12.40885066986084,0.5212817192077637,0.48289620876312256,0.4253409504890442,0.3805257976055145,0.3132684528827667,0.30224087834358215,0.3206427991390228,0.35129091143608093,0.3742173910140991,0.410676509141922,0.46193885803222656,0.5124636888504028,0.10064025318602277,0.07897959139320374,2001.6088734796758,1004.2503577577502,3009.8970808226004,789.6599533022679,3674.2838919301043,2591.8271955982163,0.0437413899361949,0.03856934140829356,17.65985476186532,5.64988572081865,12.496549586658181,5.4070029769492525,17.17045197803675,5.174305005261199,16.93141212251905,4.5903079665074396,17.10714424212032,3.493770052222686,19.96127789703727,3.910079906406754,33.16918458528632,4.177658836700488
vocals,90.0,95.0,-307.72607421875,109.05308532714844,134.5000762939453,51.9410400390625,1.258319616317749,32.20149612426758,20.38368797302246,24.40780258178711,25.367223739624023,21.718488693237305,15.928977012634277,22.267473220825195,-6.073895454406738,18.512758255004883,2.7444357872009277,14.317288398742676,-13.76924991607666,16.055179595947266,-6.96338415145874,9.680791854858398,-15.599706649780273,12.367436408996582,-1.9587585926055908,9.315853118896484,-15.90536880493164,13.218377113342285,0.5096472501754761,0.44975051283836365,0.4232252538204193,0.3576064705848694,0.3698403239250183,0.39206674695014954,0.3968406617641449,0.4026939570903778,0.4686201512813568,0.47338682413101196,0.5257834792137146,0.5668532252311707,0.08910444074626656,0.08872572653885222,2411.1500421680385,1395.4048604335405,3360.4653264722374,1117.5384251190112,4671.306169337297,3467.7416556106723,0.05741666364559165,0.06443693751880114,17.67833313441714,6.311273649001147,11.878357981293822,5.870758879663729,16.650332364226127,4.826995773506235,15.765787929640126,4.37577235488429,16.9818600460158,3.007405780382082,20.192316507856862,4.609616882836682,32.76409986111778,4.8557407260566645
vocals,92.5,97.5,-312.0298767089844,113.40946197509766,135.3351593017578,56.56731033325195,6.757023811340332,35.10274887084961,17.2647705078125,21.612245559692383,20.570453643798828,18.971214294433594,20.919065475463867,18.301698684692383,-4.01323127746582,18.41912269592285,3.67144513130188,10.12053108215332,-14.499090194702148,17.351484298706055,-9.125367164611816,10.538272857666016,-12.002982139587402,11.703574180603027,-2.8975934982299805,9.909866333007812,-16.383079528808594,14.276052474975586,0.505479633808136,0.4819073975086212,0.43591007590293884,0.39074593782424927,0.35297891497612,0.4021669030189514,0.4163030683994293,0.4161314368247986,0.4576878845691681,0.5276680588722229,0.510794997215271,0.5151532292366028,0.09461012600847896,0.09397037748793381,2409.8438702617213,1549.2113898067548,3328.6250095982364,1142.1394899878487,4559.243583236659,3800.7511781346107,0.06002234084976798,0.06904866854029328,17.645683274964973,6.529033167880179,12.400152723739454,5.373560459398986,16.62671331373303,5.000314376873289,15.222950449168371,3.8822809289019427,17.417527803455403,3.1168116594612725,20.104044926833918,4.538119385150874,32.6029043863656,5.456537982760749
vocals,95.0,100.0,-292.267578125,113.73591613769531,147.78663635253906,51.18613052368164,6.148233413696289,33.40321731567383,14.655540466308594,20.116016387939453,14.916399955749512,17.316242218017578,16.01154136657715,20.027624130249023,-6.586817741394043,17.939285278320312,6.4693427085876465,10.798369407653809,-17.624298095703125,17.87360191345215,-9.778255462646484,9.947246551513672,-15.870935440063477,13.942479133605957,-3.6598713397979736,9.851840019226074,-15.065093040466309,14.086674690246582,0.49332085251808167,0.4539725184440613,0.4157829284667969,0.3515583276748657,0.31822437047958374,0.3723286986351013,0.3825918734073639,0.3782431185245514,0.4079137444496155,0.4553377330303192,0.47449856996536255,0.5031861662864685,0.11051652743548626,0.09500232045512971,2103.971218644001,1208.3739785579328,3166.859264877949,932.7734913496295,3882.571418213457,3142.186111050197,0.04732702834976798,0.04647507631567693,17.883902724077615,6.3810326908343775,12.979220943978046,5.413897729733548,17.10200991650179,5.332223174719079,16.20943588049147,4.076829701850433,17.27811781471874,3.184702838339693,20.235398992012883,3.9287321127375012,32.19972848689117,5.178515738486978
vocals,97.5,102.5,-287.7192077636719,109.02554321289062,146.01022338867188,45.23337936401367,1.8534384965896606,31.85581398010254,23.857257843017578,22.757200241088867,22.58209228515625,21.838077545166016,18.129886627197266,19.407737731933594,-5.3714776039123535,18.512771606445312,3.7801620960235596,11.042798042297363,-15.482179641723633,17.454599380493164,-8.936516761779785,10.15579605102539,-19.204275131225586,13.908940315246582,-4.639277458190918,9.450241088867188,-16.383014678955078,12.175353050231934,0.4724873900413513,0.43972232937812805,0.40816307067871094,0.3967287540435791,0.386353075504303,0.39144957065582275,0.3808538615703583,0.3887879252433777,0.43991804122924805,0.4889882206916809,0.4845912456512451,0.47042468190193176,0.10744350865265039,0.08402231018935116,1972.9004436702412,948.4007730812865,3062.629292094732,850.1677102212986,3727.69223100348,2641.287428397227,0.03859461100638051,0.030140607832055234,19.175734610760454,6.4764727042565715,12.843747714934223,5.33094587182598,17.65001658994609,4.84251512460639,16.691176248353987,4.123678661759503,16.963229921781938,3.2824528229644936,19.78241335159803,3.6335920343886405,32.6490269555761,4.957501224877618
vocals,100.0,105.0,-308.5837097167969,116.31656646728516,137.80477905273438,50.65379333496094,-1.0703853368759155,30.12533187866211,19.05234146118164,25.60158348083496,18.71190071105957,24.815155029296875,19.312278747558594,16.998991012573242,-1.9575072526931763,16.3439998626709,-0.4891209304332733,9.192482948303223,-10.738210678100586,15.977317810058594,-4.750573635101318,11.076615333557129,-15.865124702453613,14.848621368408203,-5.405882835388184,10.55368423461914,-14.127900123596191,12.003273963928223,0.4870501458644867,0.4583812952041626,0.4496706426143646,0.42324572801589966,0.4185614585876465,0.4190467894077301,0.4004334509372711,0.40746015310287476,0.47463876008987427,0.48662298917770386,0.4842757284641266,0.4620296061038971,0.08911166566859212,0.08407221984297251,2063.641678573657,920.3870830212368,3068.3485398868743,846.2382825659278,3809.778200224768,2452.0036488936416,0.04546453560034803,0.03504781700377896,18.036152477554218,5.891064251217044,12.123616744470874,4.847402871148233,16.83854802380451,4.826497396347367,16.429672985046228,4.36782251106504,17.806638668363465,3.6737009206938067,19.56388942472715,4.022967825014076,31.882281823042568,5.685660264212815
vocals,102.5,107.5,-324.94403076171875,116.4840316772461,133.80043029785156,52.96649932861328,4.56954288482666,30.775283813476562,15.119770050048828,22.170490264892578,8.79672622680664,16.92450523376465,14.890939712524414,18.612714767456055,-1.8379323482513428,15.68641471862793,-3.449786424636841,9.1845121383667,-8.008410453796387,15.097076416015625,-2.5638515949249268,9.859928131103516,-14.221641540527344,14.536739349365234,-4.635615348815918,9.687408447265625,-10.16932487487793,11.407877922058105,0.5008577704429626,0.4988986849784851,0.4656265079975128,0.434909462928772,0.4356834888458252,0.47451457381248474,0.43762901425361633,0.4162265956401825,0.4349344074726105,0.4509570598602295,0.4569733440876007,0.4927711486816406,0.07537294429892473,0.08770803213170124,2166.5487910053616,1037.9170687111055,3127.55517083449,819.4653226487437,3951.367753951566,2497.475480419349,0.05310936593677494,0.04405107892494224,16.48959525921985,6.397777947953803,11.394263229993474,4.989957230198796,15.392055502931939,4.936954086154503,16.297378821282614,4.418837752258413,17.70678186363407,3.6998794677451046,18.964842171678583,4.077942873544657,31.739404541246188,5.661256145549073
vocals,105.0,110.0,-304.349365234375,107.22106170654297,135.76243591308594,47.034332275390625,4.59193229675293,28.18970489501953,26.14200210571289,20.24485206604004,9.010957717895508,17.98811149597168,13.616020202636719,19.18337631225586,-0.3916575014591217,16.675247192382812,-4.735090732574463,11.614473342895508,-9.276567459106445,15.664616584777832,-4.038852691650391,10.99603271484375,-18.46080207824707,14.987131118774414,-5.871760845184326,8.185615539550781,-11.001277923583984,11.147974967956543,0.5032345056533813,0.4928744435310364,0.47990497946739197,0.45409849286079407,0.4417414963245392,0.4634391963481903,0.4389743208885193,0.44555601477622986,0.4577690064907074,0.48367947340011597,0.48743531107902527,0.5056185722351074,0.07802987580129277,0.07835177151641282,2238.9578911405115,1087.2199672446898,3170.0246499659847,797.8467465623726,4379.533765044954,2725.6053801637136,0.05109506416763341,0.04442660888106035,16.912430472121,5.909057549405287,11.385949122114626,4.952486597072306,15.989427391254642,4.618525959430105,15.863423840882085,4.155624804008849,16.92487437747969,3.395185415803596,17.44342644303022,3.476374965915156,33.06835346247512,5.2414911771499995
vocals,107.5,112.08272108843538,-290.9780578613281,103.47245788574219,129.4357452392578,47.80078125,-2.1820077896118164,27.099166870117188,33.56565475463867,22.231977462768555,13.184294700622559,20.624164581298828,19.297313690185547,17.40081214904785,1.4500555992126465,14.189188003540039,-2.745814085006714,12.779203414916992,-10.55366039276123,16.584697723388672,-4.7317023277282715,10.6771879196167,-18.022912979125977,14.885047912597656,-5.282620906829834,8.548439979553223,-13.23769760131836,11.551595687866211,0.5369781255722046,0.5001051425933838,0.4663853943347931,0.42984727025032043,0.3839271366596222,0.3925027847290039,0.3992346525192261,0.4387236535549164,0.4582526385784149,0.5245562195777893,0.5439870953559875,0.5560450553894043,0.08125575323901552,0.07453296749650795,2445.974100723827,1191.586761288041,3260.130689732426,786.1118229329643,4837.33868176424,2815.2584981912146,0.054487242879746836,0.04892876519966175,17.901405748680155,5.950273373638239,11.562327773836918,4.822204241819573,16.59412378708288,4.69889023753156,15.1654446506799,4.107810042490467,17.537511597923004,3.410650617632524,17.421308515871896,2.953477975292786,34.158339499749374,5.333760996143201
vocals,110.0,112.08272108843538,-313.4797668457031,101.28050231933594,130.64698791503906,46.136695861816406,-12.852629661560059,30.142070770263672,44.904388427734375,26.159454345703125,13.84256362915039,18.76243782043457,32.423946380615234,13.192087173461914,-3.017810344696045,12.258259773254395,3.4597184658050537,11.956573486328125,-11.2988862991333,16.25892448425293,-1.9058737754821777,8.28687858581543,-17.23348617553711,12.656811714172363,-0.5380966067314148,7.8540425300598145,-13.226200103759766,11.785651206970215,0.5652313828468323,0.5016416311264038,0.4246979057788849,0.4073767364025116,0.388916015625,0.3897099792957306,0.4037300944328308,0.47423264384269714,0.5049965977668762,0.5904127955436707,0.5956767201423645,0.5920767188072205,0.061213972127168545,0.05359731531466088,2697.335324950539,1380.3125155962293,3327.7873177538354,677.0994262729013,5169.76318359375,2862.770654629443,0.06335991753472223,0.060210231849826316,17.688784705423423,5.875237949211865,10.791788743927459,4.178452179386077,15.968850867344646,4.700537437394155,14.440207543981144,3.8202170642285074,16.878044796691164,3.0862295980050014,17.49161296396792,2.6236650114774225,34.93825330840069,5.652854955895739
no_vocals,0.0,5.0,-485.6141357421875,36.347599029541016,157.8956298828125,29.220430374145508,28.778522491455078,11.394021987915039,29.835742950439453,9.80989933013916,12.83527660369873,8.731104850769043,14.933199882507324,6.787182331085205,9.770201683044434,6.9168901443481445,10.465963363647461,6.7187981605529785,6.540463924407959,6.282670497894287,7.0393548011779785,5.852781295776367,2.2963576316833496,5.193006992340088,2.657487630844116,5.532390594482422,-0.0687546357512474,5.940650939941406,0.281980961561203,0.2661343514919281,0.3335103392601013,0.3215511739253998,0.3532611131668091,0.4258643686771393,0.5598299503326416,0.7683202624320984,0.7396050691604614,0.7095812559127808,0.6014145016670227,0.42492198944091797,0.010941826530503705,0.006457183691558397,1969.1820905624247,856.1027225699679,4023.0619315574227,1067.1512989319165,3740.3323711209396,2821.1126342580255,0.021625987891531324,0.017649114550280027,12.756551736667843,4.814705988123664,13.135104796636426,3.5990448395244896,14.601607080191155,3.662861238488772,16.415478355401685,4.258529132038306,14.825119925812585,2.61744822739248,15.236784812252893,1.7770415463051226,18.73734638558446,1.5745918206329044
no_vocals,2.5,7.5,-485.9773864746094,27.853485107421875,162.07077026367188,28.301681518554688,27.52379608154297,11.727869987487793,33.23175048828125,9.63900089263916,14.717936515808105,9.068094253540039,16.533782958984375,7.056343078613281,10.031539916992188,6.949972629547119,10.636412620544434,6.765159606933594,4.684090614318848,6.356678009033203,7.048017978668213,6.442022800445557,1.7637927532196045,5.610915660858154,3.149909734725952,4.953298568725586,-0.13111606240272522,5.380254745483398,0.2645694315433502,0.2319418042898178,0.265679270029068,0.265689492225647,0.29254981875419617,0.36457857489585876,0.49963676929473877,0.7335616946220398,0.7170764207839966,0.7037153840065002,0.5957975387573242,0.4240220785140991,0.011436580139019995,0.005641438630472115,1760.6786459117197,772.3023943489337,3735.5134616119976,1092.0936255811653,3139.6009688587587,2524.941656190082,0.018080001087587005,0.009732023797632413,12.567932718849436,4.920245264433699,13.65778770684934,3.488752920709755,14.827665973370074,4.018555794299567,15.77924033230446,3.817226086079565,14.599135870353928,2.5243566537803397,15.376847157138334,1.8324585456610272,19.279909979548258,1.8652994370759426
no_vocals,5.0,10.0,-478.8285827636719,24.196287155151367,170.38018798828125,26.836946487426758,30.68156623840332,12.504459381103516,31.663259506225586,10.322895050048828,9.672043800354004,12.391678810119629,13.31279182434082,8.422216415405273,10.466910362243652,6.693315505981445,12.049242973327637,7.279382705688477,6.082386016845703,6.649482727050781,6.9143242835998535,6.8321380615234375,1.4185564517974854,6.005069732666016,3.0464653968811035,4.835874080657959,-0.3166402578353882,4.725407600402832,0.2253563106060028,0.20068129897117615,0.23915602266788483,0.23090697824954987,0.27556753158569336,0.3616277873516083,0.5163958072662354,0.7393589019775391,0.70477294921875,0.6773521900177002,0.5560925006866455,0.38626375794410706,0.013479378110601669,0.005732351515638394,1534.1639792819756,630.6152592911067,3438.282062726979,992.1467760979301,2424.258968061195,1908.9123502469943,0.016708055394431553,0.009243787854539305,13.565469771575309,5.0267868551518164,14.745632749578839,3.922100438999851,14.46435233781351,4.020994679441374,16.788640650082264,4.397964696897254,14.666478059074452,2.372882412311291,15.407096048018804,1.8212216415636409,19.49917461080466,1.7389861880814432
no_vocals,7.5,12.5,-470.89697265625,28.920597076416016,172.8613739013672,27.199548721313477,30.337604522705078,12.733766555786133,30.194982528686523,9.82999038696289,6.1765642166137695,12.011528968811035,13.086082458496094,8.459766387939453,13.08714771270752,6.641355037689209,12.494991302490234,6.448860168457031,8.316920280456543,5.954640865325928,6.27092170715332,6.388276100158691,0.05515298247337341,5.853641986846924,2.1537744998931885,5.3341145515441895,-0.7326878905296326,5.449924945831299,0.20767980813980103,0.18571814894676208,0.23427969217300415,0.23712198436260223,0.28913766145706177,0.4033665359020233,0.5530778765678406,0.7650585770606995,0.7373154759407043,0.6990962624549866,0.575157880783081,0.38571444153785706,0.015527142394385938,0.008139252917046143,1483.3169471099523,596.4581671019844,3336.521007433268,968.1648608272325,2335.5281820983178,1750.2243337044001,0.015320249057424594,0.007082084214145189,14.467929106332095,5.120755049416696,14.890793235528227,4.070612943947368,13.986137943382255,3.7320836790545906,16.730685602016177,4.068635277779432,15.144906494175965,2.553500388897559,15.208636384417947,1.9489275336534477,19.70496825654825,1.8005978659134798
no_vocals,10.0,15.0,-455.11541748046875,30.51682472229004,167.3723907470703,28.372697830200195,20.993709564208984,13.41114330291748,40.80274963378906,14.591076850891113,2.1917245388031006,13.328213691711426,14.873897552490234,8.223898887634277,14.07169246673584,8.64375114440918,11.411436080932617,6.066648483276367,5.615870952606201,6.952597141265869,7.986758708953857,7.126672744750977,0.7079037427902222,6.554623126983643,1.845454216003418,5.905585289001465,-0.9014304876327515,6.010523319244385,0.2310134619474411,0.19552238285541534,0.24178680777549744,0.24298492074012756,0.29624712467193604,0.3956526219844818,0.520926833152771,0.7259336113929749,0.7226752042770386,0.7204540967941284,0.6277921199798584,0.430977463722229,0.015400843235627336,0.0078651824244474,1554.3983803829751,559.9136435907171,3186.191515051454,751.6365821723512,2837.836358939965,1808.2232803220393,0.01790553400522042,0.008944383662208543,13.875061393520447,4.85532548746629,14.63039596820363,4.038295960933912,14.106736333063616,3.67557440000715,16.203227380858035,3.7871376794974747,15.23140047722417,2.8982894282549485,15.659772564731409,2.0778604435063106,21.919413885805902,2.294998291726086
no_vocals,12.5,17.5,-422.88006591796875,41.03360366821289,131.12596130371094,39.08749771118164,4.188680171966553,23.328048706054688,67.16710662841797,22.663280487060547,-15.722503662109375,18.027706146240234,20.841625213623047,12.92310905456543,9.306001663208008,13.103816032409668,12.676229476928711,9.36307144165039,6.740118980407715,9.140461921691895,7.69045352935791,8.750921249389648,2.321460723876953,7.642632961273193,-0.821880042552948,7.0846147537231445,1.1844227313995361,7.07672643661499,0.3353543281555176,0.2844216227531433,0.31398269534111023,0.33348730206489563,0.38258084654808044,0.44103023409843445,0.5285302996635437,0.7168545722961426,0.7423850297927856,0.7472096681594849,0.649646520614624,0.5057047009468079,0.013536612932697768,0.006100034924695316,2948.8987204217533,1539.7250969651661,3731.026467477164,697.7037733965502,6103.538962804524,3031.7129657054106,0.05687740175464037,0.060995567261433466,14.270908868377687,4.911504172331749,13.626113113131124,4.022379437726342,13.480406328099594,3.6077378220796694,15.776249772175355,4.047603275703884,14.046077015149589,2.5984198905566993,15.776946154226891,1.9613692554559696,25.501702464603003,3.9394075362574164
no_vocals,15.0,20.0,-383.3049011230469,53.59211349487305,96.94092559814453,29.504791259765625,-9.81910228729248,27.115623474121094,73.30545806884766,18.69881248474121,-16.16716957092285,16.258296966552734,24.382648468017578,12.960851669311523,6.387849807739258,13.468304634094238,12.813590049743652,10.95434856414795,10.28725814819336,9.516895294189453,8.283262252807617,10.045628547668457,3.802847385406494,8.23159408569336,0.8130714297294617,9.078644752502441,4.525705337524414,7.089868068695068,0.539521336555481,0.49963122606277466,0.4968656897544861,0.5110657215118408,0.5404931306838989,0.5694957971572876,0.605708122253418,0.7074949145317078,0.7462815046310425,0.7610500454902649,0.717606246471405,0.6343666911125183,0.018736702128013125,0.015524292327258805,3894.9880429428317,1358.6488753579515,3992.8432637904793,591.8632741251134,8119.516408968968,2223.637918045225,0.08509348716647332,0.07239533790335703,15.662786971159683,4.86401475044723,12.401901729526104,3.9533687129139654,12.335581544021203,3.6836481643574746,14.978201508956687,3.713390345375836,14.0171136047073,2.4285544195677953,15.42722707205416,2.1026948158961507,28.480169262005226,4.211810514028502
no_vocals,17.5,22.5,-384.9174499511719,66.97505187988281,115.39759826660156,35.18247985839844,2.966660261154175,38.664424896240234,65.98796844482422,16.90236473083496,-5.780969142913818,17.405487060546875,27.647123336791992,12.435906410217285,7.668361186981201,12.615598678588867,16.95410919189453,9.53055191040039,9.181758880615234,8.481050491333008,11.51626205444336,8.141463279724121,4.5305304527282715,7.735810279846191,5.086430549621582,7.784263610839844,8.784510612487793,6.70960807800293,0.7192171812057495,0.6939886808395386,0.6870335340499878,0.6918414235115051,0.7253378033638,0.7256473898887634,0.6938341856002808,0.7177244424819946,0.7190935015678406,0.7357339262962341,0.7578257918357849,0.7266811728477478,0.03585022877795911,0.020837382487849717,2597.684938057893,1517.3527438414771,3518.838606749618,652.1775686440806,5218.779115610499,3472.20666777547,0.04426139247389791,0.06282383688912518,15.742128836669403,5.180059347752459,11.85660865944222,4.085882391583143,12.483818743384973,4.230240332058943,14.749161161065453,4.1863838952747905,14.071749533216307,2.646217100748354,15.171427816927054,2.1014481876680526,26.770896305785808,4.298813622512055
no_vocals,20.0,25.0,-404.79901123046875,67.0631332397461,140.57530212402344,28.9276180267334,24.29594612121582,34.3838996887207,59.48569869995117,16.118038177490234,1.0764048099517822,16.415132522583008,27.56232261657715,12.034343719482422,11.85127067565918,12.687591552734375,16.63343620300293,8.8661527633667,10.40333366394043,7.6686601638793945,11.567901611328125,7.828946113586426,5.1243391036987305,6.682964324951172,5.137935638427734,6.0696635246276855,10.340482711791992,6.443509578704834,0.7757952213287354,0.7706038355827332,0.7824676036834717,0.7777875661849976,0.7847780585289001,0.7672104239463806,0.7272828221321106,0.7410153746604919,0.7092743515968323,0.7184524536132812,0.7336936593055725,0.7275416851043701,0.04666944458894864,0.014317549651635744,1410.9295562255027,699.7906639328457,3001.6039287203334,525.0642052463232,2440.446341176044,2278.28349811814,0.009945756598027843,0.012296235103869024,16.578099715007745,5.2286874325402515,11.95686564427274,4.346415612045753,13.811035507131821,4.438980513755806,15.427149720995155,4.576404984044172,13.784986400505076,2.8966768678329635,14.62982220766012,1.7856332957422636,24.102939564491408,3.0025494643207673
no_vocals,22.5,27.5,-410.0787658691406,65.31293487548828,147.4591827392578,32.98551940917969,21.501001358032227,32.37997055053711,57.7896614074707,16.908205032348633,7.570647716522217,16.836030960083008,22.02171516418457,12.921521186828613,16.6663875579834,13.570425033569336,11.877942085266113,8.888345718383789,11.310385704040527,8.301482200622559,10.996222496032715,9.057130813598633,3.411076784133911,7.438507556915283,5.530472755432129,6.909196853637695,8.246947288513184,6.971915245056152,0.717106282711029,0.745479941368103,0.7732899188995361,0.7399841547012329,0.689337432384491,0.6735806465148926,0.683067262172699,0.7502875924110413,0.7141153216362,0.7165970802307129,0.7124510407447815,0.6879409551620483,0.04545639165981809,0.014238651498514488,1309.919550958056,709.8823771755282,2878.2189885288276,609.7858508539111,2130.9377718967517,2177.710628947751,0.010054515298723898,0.011502882175643051,16.869744583956663,5.53941762417949,12.482759264214444,4.151035699870803,13.637800674985893,4.003540797060013,15.196723140914411,4.452747710943221,13.708004901204001,2.744762688983823,14.569430910227759,1.9040295163742387,23.74771673727468,3.44261938171136
no_vocals,25.0,30.0,-389.9688720703125,72.20283508300781,132.94061279296875,37.568965911865234,12.976558685302734,31.532411575317383,69.3216781616211,19.940763473510742,2.37581467628479,21.431964874267578,20.385263442993164,11.797653198242188,16.744558334350586,14.285096168518066,14.551389694213867,10.71756649017334,9.705183029174805,9.647259712219238,12.115988731384277,8.718265533447266,2.7832412719726562,7.779081344604492,7.78950309753418,8.395163536071777,7.746582508087158,7.038167953491211,0.6614858508110046,0.7013444900512695,0.7428158521652222,0.7081637382507324,0.6628015041351318,0.6571656465530396,0.6666874289512634,0.7320682406425476,0.7018352150917053,0.7194200158119202,0.7164443731307983,0.6644205451011658,0.04540047692588753,0.013796455341156508,1814.8247748833624,1143.0261428185033,3192.307545877722,703.9418738755548,3577.659263522332,3027.834610664456,0.016555113471577725,0.023789329323327817,16.229172969908827,4.969551224927823,12.36378904679719,4.3097881755709775,13.501777194122392,3.9972674333515963,14.945784338240864,4.254987806567688,14.225114424255981,2.9446013047795754,15.153216303683196,2.3991827512433734,25.589940673185495,4.497611083102047
no_vocals,27.5,32.5,-372.6334228515625,76.89645385742188,123.67160034179688,31.13518714904785,11.842277526855469,33.11586380004883,72.95038604736328,18.943830490112305,-5.74146032333374,21.012279510498047,22.929737091064453,9.806625366210938,12.061600685119629,14.331523895263672,21.259702682495117,8.669931411743164,6.996083736419678,11.18945026397705,14.138364791870117,7.996730804443359,4.318812370300293,8.105817794799805,7.883177757263184,8.067626953125,7.481845378875732,6.908628940582275,0.7235015630722046,0.7207133173942566,0.7420097589492798,0.7340899109840393,0.7380211353302002,0.7313554883003235,0.6969372034072876,0.7221457362174988,0.7029980421066284,0.7410495281219482,0.7521995306015015,0.7162615656852722,0.04654075861789649,0.01368805124013208,2146.2279715006143,1293.1397410233515,3362.938280109909,725.8933729524555,4607.356053328016,3217.642590020263,0.02148777370939675,0.032100606840887454,16.064203182244324,5.032915355389992,12.37168858455875,3.9729147601464954,13.044855584355231,3.640141640141767,15.22240908912616,4.336655412608077,14.263356821412387,3.0407026538312345,15.450629265673143,2.30217235322104,27.197714203061693,4.351907799482968
no_vocals,30.0,35.0,-384.74725341796875,78.77690887451172,131.5355224609375,29.61804962158203,17.411394119262695,34.614524841308594,64.8338394165039,20.243892669677734,-3.39871883392334,20.447179794311523,23.52424430847168,9.755845069885254,13.547577857971191,14.621036529541016,20.815357208251953,7.980273723602295,8.594107627868652,10.656207084655762,13.933931350708008,8.635486602783203,5.740731716156006,8.51992130279541,6.560916423797607,7.558454513549805,6.146029949188232,6.418395042419434,0.7709930539131165,0.774960994720459,0.7853281497955322,0.7791032791137695,0.7659592628479004,0.7618139386177063,0.7345735430717468,0.7624689936637878,0.7299910187721252,0.7362662553787231,0.7337327599525452,0.7287236452102661,0.04655520850684485,0.014126955547073501,1859.4767618050714,1193.1966700700136,3222.3646551461693,738.6039724981446,3818.4214580916473,3220.699843491195,0.017804705626450115,0.02807492508816259,16.528957235490925,4.973421396400383,12.272334036629502,4.17436019022169,12.953172053401131,3.7334962623765677,15.020048826571328,4.478353167602583,13.830476241737111,2.803133379487117,15.128569959315472,2.1660355485404743,26.02121789555976,3.879223064946759
no_vocals,32.5,37.5,-378.24761962890625,72.36592864990234,133.31922912597656,26.758760452270508,8.721976280212402,35.337501525878906,65.33727264404297,21.118432998657227,-3.5326037406921387,19.128746032714844,21.706972122192383,11.07638168334961,14.101960182189941,14.788252830505371,16.970081329345703,9.079713821411133,8.084796905517578,10.18753719329834,11.790019035339355,8.704497337341309,4.795719623565674,7.796591758728027,4.202507972717285,8.189861297607422,4.209029197692871,6.968882083892822,0.6941333413124084,0.7362696528434753,0.766081690788269,0.7318460941314697,0.6803295016288757,0.6781573295593262,0.6941184401512146,0.7647503018379211,0.6936749815940857,0.6759823560714722,0.6920312643051147,0.6608923673629761,0.04137846878286788,0.01540735250811626,1974.0984086375295,1046.7362673357727,3231.6938378158775,616.1854269300242,4156.108047237529,2865.295239520545,0.020753652479698376,0.025368063065966673,16.26319519874298,5.263174113796932,11.580555740199268,4.192326484942898,13.622223333077729,4.204146661968847,16.01959836073051,5.156509351513103,14.383660412623856,3.1095209251089067,15.411376045688323,2.1959114732125653,26.00452115319053,4.2021915768393825
no_vocals,35.0,40.0,-350.17742919921875,62.70219802856445,125.11001586914062,29.66360092163086,-3.6520819664001465,30.640846252441406,73.49003601074219,21.676929473876953,-10.042341232299805,17.945335388183594,24.4428653717041,12.348355293273926,9.005095481872559,14.496655464172363,17.72064781188965,9.913331985473633,6.889221668243408,10.958542823791504,11.708009719848633,8.939618110656738,3.0974390506744385,8.196722030639648,3.6360409259796143,7.812637805938721,5.260190486907959,7.793037414550781,0.6286004781723022,0.6696046590805054,0.7198611497879028,0.7081525325775146,0.6703010201454163,0.6770602464675903,0.6718794703483582,0.7461907267570496,0.6781553030014038,0.6651424169540405,0.7008420825004578,0.6405826807022095,0.04182874459747372,0.01494280816595518,2422.610399069359,1146.4123518501376,3415.9246261855365,550.9479045294661,5402.086127827726,2627.71697652627,0.02839848281612529,0.0341695704206438,15.355900155923234,5.116602880955314,11.131213129455116,3.782485871050995,14.642721143871132,4.813097422855391,16.75316483772153,4.900480484778788,14.95554607293725,3.3735992695822845,15.580102830813631,2.2931249624850696,28.198268179115825,3.9981325434067525
no_vocals,37.5,42.5,-347.76922607421875,65.50605010986328,120.8376235961914,28.28815269470215,0.5599731802940369,28.443283081054688,72.29765319824219,20.337068557739258,-11.157770156860352,17.105850219726562,31.51968002319336,10.724889755249023,6.518217086791992,13.862584114074707,20.08423614501953,8.5853910446167,6.497608661651611,9.91966438293457,12.523550987243652,8.422804832458496,4.166374683380127,8.228191375732422,4.500662803649902,7.734961032867432,7.520559787750244,6.942490100860596,0.7039577960968018,0.7175998091697693,0.7502411007881165,0.751322865486145,0.7533983588218689,0.754713773727417,0.708726704120636,0.7494509220123291,0.6860659122467041,0.6981985569000244,0.7234366536140442,0.6768447756767273,0.047024171492581854,0.012780630495559806,2351.887214227212,1163.527383685497,3466.2313046460667,510.77351786001174,5227.921983758701,2724.517121456164,0.024636111513921113,0.03437895775391051,16.060933359589256,4.976092078514936,10.426783850953099,3.686553714095219,14.964373878805192,5.03464307751262,16.945546401374592,5.131205219213252,15.292473387652727,3.6424969508212324,15.465953465106624,2.4065186310707913,28.63463107275311,3.370198795458233
no_vocals,40.0,45.0,-367.17010498046875,68.1791000366211,128.70880126953125,26.93977165222168,8.36530590057373,27.72203254699707,63.66014099121094,18.01502799987793,-5.4664225578308105,18.653663635253906,31.047731399536133,11.032944679260254,9.173495292663574,13.713820457458496,17.359350204467773,8.957581520080566,6.280670642852783,10.198834419250488,12.011761665344238,8.284698486328125,4.340229034423828,7.581212520599365,3.806966543197632,7.6750168800354,6.660055637359619,7.030374526977539,0.7212689518928528,0.7502781748771667,0.7767124176025391,0.7511754631996155,0.7193045616149902,0.7111601233482361,0.6876853704452515,0.7364150881767273,0.6639434099197388,0.6676216721534729,0.7058175802230835,0.6769315600395203,0.046109207573059405,0.013916627615586121,2001.3216747022243,1054.438787148544,3347.2304810537457,562.3115113780009,4184.98552149797,2795.6499589426476,0.021147902769721578,0.03142903757180118,16.61142905664341,4.928201418061991,10.69497772697938,3.704223365501745,15.16996077153262,4.777562274072546,17.217160458862846,5.263767626429223,15.569592980953328,4.207405543289707,15.355254858292534,2.349086026220916,27.020963902968653,3.357859958195386
no_vocals,42.5,47.5,-369.9149475097656,66.20921325683594,137.42813110351562,28.47392463684082,12.4889554977417,28.522029876708984,59.52939224243164,20.27553939819336,-5.268314361572266,18.712360382080078,26.456249237060547,11.16209888458252,10.806306838989258,14.336588859558105,16.584444046020508,8.687217712402344,6.24298620223999,10.657120704650879,11.620707511901855,8.183619499206543,2.1318931579589844,7.61887264251709,3.507173538208008,7.337494850158691,4.785093784332275,6.780050754547119,0.6596002578735352,0.7099558115005493,0.7861587405204773,0.7549135684967041,0.6550662517547607,0.6355695724487305,0.633455753326416,0.7120422124862671,0.6605624556541443,0.6479673981666565,0.7084897756576538,0.6809516549110413,0.04490583224477043,0.013981731815457614,1882.682005444437,1083.9158623177843,3246.1731061942032,640.7280650253356,3773.456532772622,2889.545052100951,0.02105047310034803,0.030384228709122347,16.171064679092616,4.533725131802352,10.896447165411484,3.795006070838933,15.400536601074924,5.014611783521635,17.393549794375094,5.452097674982481,15.814168866012125,4.324260754616292,15.577831640542469,2.509262395049267,26.004230482883372,3.5471609158157817
no_vocals,45.0,50.0,-368.98187255859375,69.9499282836914,139.7074432373047,26.936588287353516,13.381745338439941,30.689008712768555,58.685550689697266,20.511600494384766,-4.1385579109191895,17.33677101135254,26.73532485961914,11.447537422180176,10.487716674804688,14.712298393249512,18.257587432861328,7.777715682983398,5.730057716369629,9.442304611206055,13.132601737976074,8.066330909729004,1.99132239818573,7.277584552764893,5.306107997894287,7.166100978851318,3.547525644302368,6.038120269775391,0.6549234390258789,0.6986709833145142,0.763795018196106,0.7342169880867004,0.6890023946762085,0.6812024712562561,0.6623079180717468,0.719843327999115,0.6673181653022766,0.7079353332519531,0.736875593662262,0.6652405261993408,0.046518915860099055,0.013367433487839952,1846.7101178555918,1142.9321936709034,3193.4696272606525,627.4281834529811,3615.529722846578,2986.134132964643,0.018694034585266823,0.028001499451263543,16.131438033427983,4.8687311566758815,10.564408105470998,3.7656336167662596,15.631863701866322,5.0152119076639385,17.095981325446946,5.4076394198317494,15.446583421482773,3.862422024736416,15.409619839709675,2.294895709028152,25.71259177702932,3.8920112909760545
no_vocals,47.5,52.5,-377.5754699707031,71.4424819946289,135.55967712402344,29.764339447021484,15.361571311950684,28.522523880004883,59.81155014038086,21.468164443969727,-2.0201430320739746,17.829254150390625,25.71417236328125,11.656399726867676,14.077610969543457,14.233202934265137,17.711090087890625,8.441547393798828,6.27276611328125,8.8077974319458,15.090108871459961,8.400850296020508,2.3142454624176025,7.331005096435547,6.949059963226318,6.7970757484436035,4.547059059143066,5.929090976715088,0.719001054763794,0.7365433573722839,0.7650873064994812,0.756916880607605,0.7603326439857483,0.7567376494407654,0.7306451797485352,0.7627310156822205,0.7047153115272522,0.7333018779754639,0.7286112308502197,0.6841538548469543,0.047039573759341875,0.013289042629951146,1866.7676385883094,1200.5603759341514,3267.238314701429,677.9694230615202,3659.445466574826,3155.169563035224,0.018690635875870068,0.030201069859175044,16.03000787446541,4.832390489313919,10.665199649687342,3.9693275952199327,15.139593328779592,4.956811183125178,16.744007781603464,5.147603238448228,15.175741069204342,3.9461713566543244,15.421037133532572,2.4033570401732076,25.10038249617346,3.977685883468912
no_vocals,50.0,55.0,-375.2695007324219,74.10018157958984,138.9952850341797,30.690624237060547,13.137986183166504,28.454051971435547,59.78538131713867,20.28801918029785,-4.624779224395752,19.51221466064453,24.973514556884766,11.51617431640625,16.502355575561523,15.131353378295898,16.289714813232422,9.13380241394043,4.809203147888184,8.712178230285645,11.09676456451416,8.869746208190918,-0.4492778480052948,7.933156967163086,6.334652423858643,7.438479423522949,5.573683261871338,6.311009883880615,0.7526078224182129,0.7780002951622009,0.79160475730896,0.7541750073432922,0.7095307111740112,0.6977189183235168,0.6799545884132385,0.722073495388031,0.6571424603462219,0.6920758485794067,0.7050968408584595,0.682135283946991,0.045825539703487385,0.013068310619821707,1840.3568668422747,1155.07250879843,3172.0819466772896,711.0564992675766,3652.251078523782,3119.6032373837047,0.018188759788283063,0.026165165254054743,16.756182871442384,5.061732763119199,10.198009135472633,3.790880023313445,14.868971428111855,4.846242902852829,16.553933688747314,4.802978756628944,15.420009349152497,3.8664228479973155,15.48160579745768,2.470066989405637,25.722109984507238,3.9354444151798087
no_vocals,52.5,57.5,-387.6221618652344,68.9670181274414,144.6240692138672,27.319547653198242,11.154398918151855,28.357030868530273,55.79954528808594,18.278087615966797,-5.981700420379639,17.37420082092285,21.277931213378906,12.151586532592773,19.19516944885254,16.044025421142578,12.913825035095215,11.024127960205078,6.363434314727783,10.043009757995605,7.611317157745361,7.73314905166626,-0.6576086282730103,7.66685152053833,6.7452192306518555,7.785421848297119,5.055846691131592,7.548304557800293,0.6742188334465027,0.7088890671730042,0.7255243062973022,0.69080650806427,0.6325954794883728,0.6320061683654785,0.6004853844642639,0.6511791944503784,0.5873308181762695,0.6310527920722961,0.684860348701477,0.6527854204177856,0.04117660925252549,0.015856232879886575,1771.0032302496245,1069.7714079487555,3100.3432800589767,638.612180877667,3354.8330780524943,2813.2021542616217,0.021338230495939674,0.03094051603048151,16.482690805990572,4.81340127845569,10.629412101367604,4.117833215559164,15.231790881122773,4.600124310098612,16.712353012322385,4.988581853902676,15.71346845443465,3.703744061368079,15.44482050647554,2.1005934519698877,25.05165929785096,3.75574435956059
no_vocals,55.0,60.0,-438.8399658203125,57.570838928222656,145.98719787597656,26.585050582885742,15.695518493652344,24.404373168945312,50.03801727294922,18.937705993652344,-1.2383427619934082,14.385753631591797,17.60824966430664,11.029634475708008,23.66594696044922,12.649731636047363,10.823135375976562,10.14150333404541,11.09017562866211,9.528425216674805,9.159991264343262,7.231139183044434,2.8741097450256348,6.731391429901123,8.5011568069458,6.885246753692627,6.528003692626953,7.582866191864014,0.5096534490585327,0.5496001243591309,0.6036847233772278,0.62613445520401,0.6656767725944519,0.7161555290222168,0.699245274066925,0.736412525177002,0.6389945149421692,0.6037744879722595,0.6041738390922546,0.5312519669532776,0.035693748923787835,0.015641912107737136,1409.1447944806891,833.9918498964422,2988.5999601473136,573.3770469198142,2307.450084287993,2257.933854560879,0.01490220780162413,0.02747482813290173,17.0666780996875,5.261643682363921,13.321832949238598,4.655965033620496,14.4971723041744,4.4718239635781885,16.297888089558548,4.195872446090421,15.044019279294458,2.9378030827717945,15.552114874299809,2.1008873678183386,22.66078293353388,3.334799028613536
no_vocals,57.5,62.5,-481.38116455078125,38.492271423339844,150.5209503173828,29.25687599182129,20.556026458740234,19.22138023376465,33.386436462402344,21.830833435058594,5.188248634338379,10.959070205688477,12.973549842834473,11.70877456665039,16.733366012573242,11.491767883300781,9.425607681274414,7.980660438537598,8.160171508789062,9.290241241455078,7.9312920570373535,7.779706001281738,1.2197147607803345,7.4947710037231445,4.3430681228637695,8.117445945739746,3.092362642288208,8.481131553649902,0.3299073278903961,0.3479938805103302,0.4393029510974884,0.45455700159072876,0.5399869084358215,0.603287935256958,0.6650004982948303,0.7472497820854187,0.6799789667129517,0.6432780027389526,0.5744779109954834,0.44610801339149475,0.02219567649615302,0.01632085296050468,1599.1027004746845,845.4622775091945,3396.0039349255635,990.1656610384773,2813.4054161832946,2617.604162387074,0.01822501268851508,0.02046066898345996,16.53993906004673,5.344475830075829,14.854462537740137,4.139628401532507,13.72198970354477,3.901990082816094,15.629993298951874,3.966959300900035,14.839842772322962,2.563944723326256,15.308474119986116,1.990027967834762,20.801037337274575,3.043383753628636
no_vocals,60.0,65.0,-492.4057312011719,33.61751937866211,161.08050537109375,28.533571243286133,18.957576751708984,14.92238998413086,25.036968231201172,10.720586776733398,2.33412766456604,10.956730842590332,7.521403789520264,9.289130210876465,8.138197898864746,7.355583190917969,5.7162675857543945,8.14130687713623,0.4304187297821045,7.269497871398926,3.7555453777313232,7.960497856140137,-4.309433937072754,6.546298503875732,-1.1835803985595703,5.927663803100586,-1.9278881549835205,5.859116077423096,0.18990954756736755,0.15551550686359406,0.23295272886753082,0.1974903643131256,0.24583664536476135,0.31818386912345886,0.45816880464553833,0.6714034080505371,0.6539992094039917,0.6701669096946716,0.5747538208961487,0.4064578115940094,0.010744637111201882,0.008184892204606555,1981.1692997624766,782.3219580813375,3808.341261234306,1004.139464719317,3715.4018180829466,2476.893920844116,0.025788273999419953,0.01853456981132411,15.987300453991745,5.7808059455265575,15.472080826105367,4.198380928682919,14.49314573262708,3.7762362288462703,16.752217431528415,4.439132937332574,15.15082045489402,2.5657261039724606,15.129330954132135,1.7923665525095311,19.962362832428827,2.496053093002455
no_vocals,62.5,67.5,-491.1792297363281,31.94173812866211,147.45321655273438,29.896089553833008,14.000541687011719,14.313294410705566,38.18632507324219,14.504505157470703,-3.854656219482422,12.343128204345703,6.571271896362305,9.481321334838867,10.691690444946289,7.26767110824585,3.346127510070801,7.64605712890625,3.048647403717041,8.210246086120605,3.4607040882110596,7.654729843139648,-4.973352909088135,6.361519813537598,-0.26127731800079346,5.943284511566162,-3.3198115825653076,6.002973556518555,0.13046979904174805,0.11971884965896606,0.1861354112625122,0.16462548077106476,0.22541052103042603,0.29778847098350525,0.4971092641353607,0.734538733959198,0.6628437042236328,0.6181091070175171,0.46576544642448425,0.28558477759361267,0.00952914592987164,0.00717704169625204,2250.572961565429,860.9455580469036,3872.229525565428,850.2623211383846,4486.00071599478,2407.0230200058604,0.025715768198955918,0.016248437727583765,14.429011858837569,4.934914103821937,15.998292771633123,4.123467204191932,14.81773572170796,3.757498097215134,17.129899974431705,3.9885254625249384,14.627081006211066,2.5406572448286218,15.001062235983722,1.8047665283687668,21.289367603112943,2.37850156802799
no_vocals,65.0,70.0,-466.7921142578125,41.434810638427734,130.37156677246094,25.419252395629883,7.3562822341918945,16.097110748291016,46.78312683105469,12.13308334350586,-9.986522674560547,12.37814998626709,7.016458034515381,9.073596954345703,15.23803424835205,6.666689872741699,1.9587547779083252,6.636143207550049,7.053980350494385,6.842793941497803,1.2066010236740112,8.475018501281738,-2.6309306621551514,6.324433326721191,-1.4470789432525635,6.014997959136963,-5.133910179138184,5.960172653198242,0.17541109025478363,0.15228639543056488,0.19956053793430328,0.20820996165275574,0.29228174686431885,0.3972688317298889,0.5103161931037903,0.7122151255607605,0.6723498106002808,0.6614364385604858,0.4776934087276459,0.31713569164276123,0.009672069730855127,0.00833606423203901,2703.893019509329,882.741402928219,3989.3274642387973,748.35825547631,5896.350579140081,2125.678810296908,0.03421140878770302,0.02181650572838559,14.765757891590361,4.722324574579823,15.11965075949041,4.3939888194323755,14.457651719424657,3.8251926149003914,16.071300557352757,3.6346554609666146,14.33795431833625,2.447434538770346,14.725201116940722,1.8862276919894707,22.813455603937648,2.8262822230091076
no_vocals,67.5,72.5,-436.8019714355469,44.212825775146484,131.17442321777344,25.52943229675293,-0.4310276508331299,18.53217887878418,51.84431457519531,10.932968139648438,-16.47154998779297,13.156744003295898,8.928252220153809,9.209222793579102,13.260701179504395,7.705598831176758,3.0980255603790283,7.869994163513184,5.907925128936768,7.06301736831665,0.34615662693977356,9.112800598144531,-3.866783380508423,6.273567199707031,-1.7517015933990479,6.1020731925964355,-5.739593029022217,6.144343852996826,0.20944298803806305,0.16684560477733612,0.20682449638843536,0.1999831646680832,0.2630466818809509,0.37668633460998535,0.4707871079444885,0.6507040858268738,0.656340479850769,0.7128451466560364,0.5777181386947632,0.39750757813453674,0.012585372249963164,0.009971262972611892,2740.451587130911,916.815536562575,3763.6009879493417,740.8209651029863,6139.1112148346865,2046.879739422606,0.03717055176914153,0.0234345641140686,17.00750132451038,5.031566422540214,15.570548402853506,5.001869043388537,14.325458436309237,3.9065495804966774,16.269996149536986,3.9895244597842465,14.416258827372557,2.3739450546809797,14.812798511276906,1.9246136039455415,25.077974296054066,3.4109474226323226
no_vocals,70.0,75.0,-428.5072021484375,49.912689208984375,133.3159942626953,26.490943908691406,-0.7135998010635376,23.410430908203125,48.62178421020508,18.439855575561523,-14.549752235412598,17.454572677612305,12.556156158447266,11.127755165100098,9.858541488647461,9.148208618164062,6.277623653411865,8.998709678649902,4.533750057220459,8.239086151123047,1.6714940071105957,8.839127540588379,-6.088852405548096,5.907029628753662,-1.082878589630127,6.904409408569336,-4.534255027770996,6.82192325592041,0.2273784875869751,0.20886382460594177,0.2621062695980072,0.2195376455783844,0.2591498792171478,0.3628571331501007,0.48681116104125977,0.7082057595252991,0.6217593550682068,0.6022974848747253,0.5357831120491028,0.35604462027549744,0.012317483968656779,0.008648679034814529,2831.6099620132163,1047.1806221112645,3849.6407382721954,917.8457693142276,6248.276061303654,2635.6746905711143,0.04385921186194896,0.02971903645231175,15.750330281104954,5.7810716119966346,14.059173046779364,4.769592123377477,15.470524942647279,4.401618976338753,16.91671233297577,4.398981239402825,15.289873181002093,3.3763320486503776,15.140059439560991,2.1799761250410725,24.78967603516772,4.455099700268064
no_vocals,72.5,77.5,-389.30438232421875,70.61660766601562,121.44444274902344,26.590749740600586,0.4532853066921234,25.206146240234375,55.66455078125,27.481958389282227,-9.119420051574707,17.19742774963379,22.01509666442871,14.695000648498535,11.375945091247559,12.272351264953613,14.224583625793457,12.078269958496094,6.1496171951293945,9.90218448638916,6.981210231781006,11.168794631958008,0.27642467617988586,8.501401901245117,2.4155776500701904,9.118961334228516,1.2478889226913452,7.821446895599365,0.4544830024242401,0.46558645367622375,0.5300014615058899,0.5081436634063721,0.5126243829727173,0.5707436203956604,0.5929047465324402,0.737223744392395,0.6450337767601013,0.6135327816009521,0.6110364198684692,0.49957147240638733,0.02749101889779977,0.0203368558563191,2754.99762988994,1080.0060102852592,3854.857960257109,842.247641953051,6197.365773636891,2616.3080043629857,0.03802702653712297,0.03527424937804974,14.281645948158602,5.411318579449982,12.048612534448264,4.116145292132904,15.475616737617338,5.093447911908934,16.864094584746255,5.220919659292207,15.724326511651931,3.9018107232079307,15.687690418292172,2.4223094434026655,26.00278357990224,5.130644922176328
no_vocals,75.0,80.0,-357.20367431640625,63.13916778564453,120.11842346191406,25.54977798461914,1.8464643955230713,27.805315017700195,66.11567687988281,21.912363052368164,-9.13370418548584,16.58749771118164,30.736942291259766,11.850741386413574,9.697858810424805,13.493446350097656,22.468772888183594,8.422934532165527,5.711266994476318,10.736983299255371,13.234150886535645,8.072042465209961,3.9058797359466553,7.852567195892334,5.210136413574219,7.93895149230957,5.586047172546387,6.79564905166626,0.6855836510658264,0.6963275671005249,0.7291490435600281,0.7278231382369995,0.7326946258544922,0.733677864074707,0.7000147700309753,0.7277004718780518,0.679440438747406,0.7306710481643677,0.7443184852600098,0.6682927012443542,0.045536746645320356,0.014036974617675873,2328.053679084236,1038.748404400538,3576.1677916925278,521.0832219625867,5346.979113797854,2547.520486645305,0.021280452436194894,0.028759605171482547,16.00489453241854,5.3561884652493665,11.007445963892465,3.8426820640138484,15.830023850512589,5.7323797134636205,16.597913591013807,5.393559584413105,15.184422246049852,3.9013655715112985,15.785929062351949,2.404043392986814,27.53535816245541,4.061207046663668
no_vocals,77.5,82.5,-364.69659423828125,69.927490234375,131.71849060058594,23.63608741760254,8.381858825683594,29.23676300048828,61.012451171875,21.22564125061035,-7.584312438964844,18.623746871948242,27.7791748046875,11.835262298583984,8.77003002166748,13.423455238342285,20.465057373046875,8.034795761108398,5.535012245178223,10.471819877624512,11.514752388000488,7.233948230743408,3.4048893451690674,7.620039463043213,2.428661584854126,6.9558563232421875,5.310724258422852,5.6618804931640625,0.7059701681137085,0.7401379346847534,0.7662006616592407,0.7417919635772705,0.7064509391784668,0.7076725959777832,0.6825094223022461,0.7264885902404785,0.6734796762466431,0.7218688726425171,0.7401074767112732,0.6711018681526184,0.04551066069057743,0.013304726706802533,2023.5388332553346,1036.9919809640794,3390.072881868416,579.9075999493435,4348.408044518562,2795.938238263459,0.01870876232598608,0.026444835281657614,16.777581009951103,4.6469849980511295,10.301520522467142,3.6049750590213105,16.602184103063248,5.62394429539145,17.225371194602925,5.10326300285543,15.220922853359305,4.1603243340879414,15.143868949096413,2.389556381184695,25.798422931900607,4.218413915144613
no_vocals,80.0,85.0,-372.7819519042969,71.52025604248047,143.11497497558594,24.248014450073242,10.905843734741211,28.03179359436035,56.111446380615234,22.851694107055664,-6.7436065673828125,19.71623420715332,23.644145965576172,11.034847259521484,11.778369903564453,13.878475189208984,18.001522064208984,7.279049396514893,7.03076171875,10.7601900100708,10.460484504699707,7.509196758270264,4.0274271965026855,6.8954596519470215,1.8813492059707642,6.12042236328125,5.383922576904297,6.066755771636963,0.682949960231781,0.7472572326660156,0.7673338651657104,0.686518669128418,0.6449114084243774,0.6320118308067322,0.6625924706459045,0.7152653932571411,0.6698397397994995,0.7323909997940063,0.7122398018836975,0.6458907127380371,0.04445099110202972,0.013440497064874884,1771.9608040176372,999.7606283432876,3116.602692555503,600.359976492563,3561.771656576276,2772.4502882968436,0.017863616589327145,0.024564419036868654,16.434511051554367,4.603408938234602,10.743395579961996,3.840089979185463,16.267108897104528,5.252084237288254,17.746025573801358,5.339931772057156,15.798068795299404,4.1691430578361635,15.546050938878755,2.546184903908575,25.02927873238924,4.2983239732623755
no_vocals,82.5,87.5,-377.1387023925781,74.25373840332031,147.2407989501953,27.3289852142334,12.39597225189209,29.8323917388916,52.28237533569336,22.685771942138672,-2.957164764404297,19.944080352783203,25.528690338134766,11.355454444885254,13.598721504211426,14.353283882141113,17.790653228759766,7.794425010681152,6.558852195739746,10.468714714050293,10.066225051879883,7.544093132019043,3.927273750305176,7.719911098480225,1.4765374660491943,6.015884876251221,6.468054294586182,6.516524314880371,0.6833739876747131,0.7012243270874023,0.7488430142402649,0.7360095381736755,0.6966598033905029,0.6842429041862488,0.6594017148017883,0.7091498374938965,0.6774882674217224,0.7091541886329651,0.7576094269752502,0.6957652568817139,0.04634515415410362,0.01319435847443351,1698.182757315853,1058.422814440747,3084.030518532869,675.452673393049,3330.9017455771464,2907.8826384321883,0.016509797346287703,0.023092203401850003,16.146644915815163,5.281962486083309,10.625212729879422,3.554826006994461,15.669121709138171,5.222508842745497,17.022856220456667,5.396574528174151,15.500372388601868,4.053264373132349,15.705487987792715,2.5106515022625273,24.070789731931143,4.494957928350219
no_vocals,85.0,90.0,-378.8142395019531,73.71659851074219,141.9305877685547,28.76675796508789,9.825494766235352,29.791955947875977,54.18766403198242,22.908605575561523,-1.0978955030441284,19.386526107788086,27.34482765197754,12.226503372192383,13.55074691772461,14.386398315429688,16.86187171936035,8.404937744140625,7.716428756713867,10.141130447387695,10.571372985839844,8.249276161193848,4.460388660430908,7.446703910827637,2.7985026836395264,7.0261921882629395,7.044520854949951,6.28802490234375,0.7445908188819885,0.7490455508232117,0.7860569953918457,0.7685086131095886,0.7597967982292175,0.7571210265159607,0.7090291380882263,0.7182127237319946,0.6979288458824158,0.7385113835334778,0.7510404586791992,0.7049010992050171,0.046469501690753236,0.013694984964399108,1768.6422394322342,1150.6966412200188,3124.5503001042152,658.2755573567672,3489.727854009571,2953.6570003052575,0.01802675464037123,0.029459619163730903,16.19280279809611,5.218074769267279,9.992461217578885,3.2691921890268603,14.718970595308374,5.011138629888651,16.629717419756705,5.031989259898209,15.440563933163705,3.9598523254155635,15.42826904954834,2.5063900103507755,24.521750675853674,4.299650869453757
no_vocals,87.5,92.5,-382.41650390625,72.5406723022461,137.71734619140625,25.7297420501709,9.921879768371582,27.022247314453125,58.02001190185547,22.311159133911133,-3.1965925693511963,20.819602966308594,26.88690757751465,13.391371726989746,14.739287376403809,14.995403289794922,16.536352157592773,8.978225708007812,8.729208946228027,9.652608871459961,10.280821800231934,8.20920181274414,4.99341344833374,7.055639743804932,2.5796561241149902,7.928697109222412,8.050483703613281,6.454460144042969,0.7577899694442749,0.7892976403236389,0.8111242055892944,0.782926082611084,0.7415657043457031,0.7301933169364929,0.700424075126648,0.7334870100021362,0.6930757164955139,0.7120850682258606,0.7175673246383667,0.6839380860328674,0.04471656381262773,0.013701832578827329,1811.3937939165673,1131.4966488590892,3160.3172768323093,613.2431935781888,3643.3580155162413,3013.979284550109,0.018349632033062644,0.02894473876142822,16.875023193084886,4.991984905693624,10.722022712246266,3.985365502363591,14.558977488315222,4.75689006916835,16.78540779118072,5.037150141994834,15.119056131746838,3.5909385573045176,15.148671074552716,2.494774273855298,25.161444384705643,4.132863722828875
no_vocals,90.0,95.0,-355.5248718261719,68.89347839355469,110.6960220336914,27.719669342041016,20.54721450805664,31.855669021606445,50.05007553100586,23.310312271118164,0.8281437158584595,19.500402450561523,18.097824096679688,12.846855163574219,17.626949310302734,13.819528579711914,13.501602172851562,8.709772109985352,10.274490356445312,9.336335182189941,8.343292236328125,8.113856315612793,5.025007724761963,7.073519229888916,1.9275248050689697,8.056245803833008,6.863333225250244,6.8803791999816895,0.6771993637084961,0.717430055141449,0.7333791255950928,0.6824321150779724,0.645064115524292,0.6317360997200012,0.6259251832962036,0.7054187059402466,0.6325145959854126,0.667316734790802,0.7053127884864807,0.6473244428634644,0.04186567256179597,0.027627696775745603,2299.337677981303,1300.4542964642217,3420.143111099359,678.6668802016776,4859.309518198956,3168.675703827308,0.029048769214037123,0.03988556190882798,15.638998709577946,4.826053900906028,10.64122952027057,3.888729195093201,14.11518067039137,4.627392598031247,16.786898561239568,5.213772851242899,14.951495543980492,3.221928029595669,15.420155047718005,2.209190944238744,26.16915617379505,5.011205036305433
no_vocals,92.5,97.5,-346.4998474121094,65.87370300292969,108.27101135253906,31.168766021728516,15.433014869689941,29.29117202758789,51.2867431640625,21.688148498535156,0.17787939310073853,16.548006057739258,15.878361701965332,11.165515899658203,16.061063766479492,12.267977714538574,12.701151847839355,8.70765209197998,12.481672286987305,9.715824127197266,9.95223331451416,8.197774887084961,4.802866458892822,6.816768646240234,3.9653642177581787,7.785887241363525,6.202322006225586,7.3732380867004395,0.6584686040878296,0.6810635328292847,0.7068000435829163,0.6749327182769775,0.6707020401954651,0.6697492003440857,0.635958731174469,0.6986387968063354,0.6258949637413025,0.6612250804901123,0.7121118903160095,0.642868161201477,0.043278348766669215,0.027781469404589577,2404.5168549859873,1266.7349382151149,3495.5688946416954,644.1660250709955,5163.722062608758,2844.852584220241,0.0307594529437355,0.04198957904599295,15.452864948276074,4.957808227394921,10.148665414052932,3.935005950672231,14.350744536297237,4.875131009270345,16.55430898322294,5.221472051202958,15.175365566324235,3.560967555006967,15.62315762397738,2.2985331776900253,26.502853919221472,4.602395681638678
no_vocals,95.0,100.0,-364.4383239746094,67.74484252929688,128.00900268554688,28.53297996520996,5.152533054351807,26.41202735900879,64.00353240966797,19.050317764282227,-6.9007792472839355,15.914597511291504,26.533466339111328,12.17606258392334,9.72962474822998,13.402483940124512,17.754962921142578,9.177203178405762,10.722091674804688,10.403050422668457,13.362834930419922,7.6804518699646,3.5307765007019043,7.024531364440918,4.807690620422363,7.4790520668029785,5.277679443359375,7.371649742126465,0.7115356922149658,0.7372580766677856,0.7641839981079102,0.7444121241569519,0.7392445206642151,0.7411407232284546,0.6983691453933716,0.7137839198112488,0.6591308116912842,0.6920720934867859,0.7031843066215515,0.6641294360160828,0.04558611327777952,0.013916911407046394,2070.65684577962,1079.7931677005793,3409.473610726411,557.1371488591726,4443.8336082511605,2648.4173617956976,0.021087858903712297,0.03237813332378168,16.585209821158944,4.951429286865972,9.724467738569862,3.7301978812066743,14.403890872561178,4.6760862885056875,16.899169130280715,4.9853107567586905,14.896332147060209,3.8347969216055198,15.336935619442198,2.290334442770564,25.67083840066969,3.439898703018817
no_vocals,97.5,102.5,-368.499267578125,68.38811492919922,134.45863342285156,29.809406280517578,9.989751815795898,29.23311996459961,59.25457763671875,22.708555221557617,-5.255875587463379,19.252567291259766,26.04664421081543,12.653619766235352,9.463849067687988,14.131776809692383,17.097055435180664,9.194189071655273,7.395726680755615,11.60838794708252,11.375324249267578,8.360658645629883,2.4304864406585693,8.07218074798584,4.669156551361084,6.86735200881958,4.586014270782471,7.168032646179199,0.683564305305481,0.7480541467666626,0.7830607891082764,0.7334371209144592,0.6770609617233276,0.6790832281112671,0.6729791760444641,0.7389228940010071,0.6490969657897949,0.6536605954170227,0.6625874638557434,0.6398495435714722,0.044389833784781035,0.013833237384376598,1979.4278131892656,1115.129212276641,3312.216233448548,648.5507724009029,4144.36720562645,2857.512001940211,0.02083748731148492,0.030983967654463006,17.125152496479036,5.495283661777932,9.959578245701897,4.010824291196117,14.630515841901703,4.6005157092130675,17.14220604758357,4.7776535161851585,15.322237794481214,4.166544839291493,15.375062690321261,2.305584532034076,25.44252077486361,4.025252803860639
no_vocals,100.0,105.0,-372.4551696777344,74.7997817993164,138.5,29.13329315185547,13.454980850219727,31.352386474609375,56.186248779296875,24.07206916809082,-2.6220595836639404,21.110593795776367,24.411806106567383,11.391824722290039,9.778730392456055,14.060361862182617,19.087646484375,8.1932373046875,5.178249835968018,10.716174125671387,11.179794311523438,8.042784690856934,1.611655354499817,7.874852657318115,5.917526721954346,7.661687850952148,5.116208553314209,7.594765663146973,0.6887436509132385,0.7587383389472961,0.8024232983589172,0.7507625222206116,0.6951660513877869,0.6767707467079163,0.6877046227455139,0.7610086798667908,0.6757374405860901,0.6823654174804688,0.6838681697845459,0.6516945958137512,0.045517215814242645,0.014003587672599618,1902.254533150652,1151.9396894321524,3272.980430198011,729.606128197611,3869.8813170678654,3090.8577287177472,0.02088053763051044,0.03039463353802302,16.549806299481983,5.587123760049936,10.182099080177153,3.5703705655998115,15.113436531406927,4.932171610174742,16.604725251273447,4.776401481049987,15.564882450981417,4.398094570205136,15.412073655204704,2.137011248559134,25.605973011198248,4.126207785265197
no_vocals,102.5,107.5,-377.89849853515625,78.24691772460938,134.39295959472656,25.198009490966797,9.566938400268555,32.131412506103516,55.83955001831055,22.607778549194336,1.7954983711242676,19.98175621032715,26.053424835205078,11.25321102142334,12.467415809631348,14.66755199432373,21.906530380249023,7.388012409210205,7.240035057067871,11.25197982788086,12.284024238586426,7.328319549560547,3.907597780227661,7.937001705169678,5.571207523345947,8.0024995803833,4.325555801391602,6.781199932098389,0.7554700970649719,0.7803499102592468,0.8108806610107422,0.8026958107948303,0.7895327806472778,0.773919403553009,0.7307087779045105,0.7532978057861328,0.7092323303222656,0.7176298499107361,0.7337235808372498,0.7048131823539734,0.04686543854977719,0.013316870251306161,1836.3350065968334,1081.734642532882,3265.8239411949785,700.931662264546,3739.0833454176336,2961.281433932664,0.018158171403712297,0.028940503252158696,16.561963495893455,5.509915441067231,10.378826308016633,3.500074121463122,14.864498511045689,4.965255192802576,16.02404614446364,4.479857400704591,15.309951651489827,3.98528292212131,15.426363037035847,2.3266322242877755,25.538425172212747,4.266207802261292
no_vocals,105.0,110.0,-380.7268981933594,74.3223876953125,130.0072021484375,26.099607467651367,4.310074806213379,29.31879425048828,58.43035888671875,20.64009666442871,1.9281409978866577,21.514354705810547,26.671812057495117,10.911458969116211,12.493412971496582,15.470588684082031,23.576610565185547,8.166933059692383,7.435634613037109,11.684385299682617,11.166790962219238,7.787425518035889,6.199593544006348,8.439547538757324,5.011433124542236,7.8603515625,3.96571946144104,6.497131824493408,0.7824541330337524,0.8037645220756531,0.8176092505455017,0.8074311017990112,0.772036612033844,0.7624104022979736,0.72129887342453,0.7417020797729492,0.7010911107063293,0.687881350517273,0.7221555709838867,0.7241647243499756,0.0450595694501169,0.013928260228366898,1907.5787359542535,1166.246481484204,3265.3372796783924,665.69412806893,3917.7939430466936,2985.0409482404666,0.019811077073665893,0.03255308502158344,16.74682262377973,5.205402469395236,10.374692743766472,3.4994613457657695,15.026483847720156,4.89639719330589,16.5553805227387,4.69670280696441,15.177743165491245,3.8058148884106435,15.621374974966052,2.1332607960468084,25.210421022255805,3.949842075102598
no_vocals,107.5,112.08272108843538,-378.34698486328125,70.1816177368164,122.93536376953125,31.647876739501953,9.376380920410156,32.741485595703125,61.931884765625,21.26152229309082,-7.197628498077393,22.814393997192383,26.81878662109375,12.96737003326416,8.141119003295898,14.439080238342285,23.01490020751953,10.742371559143066,5.857446670532227,10.441762924194336,8.5181884765625,8.749921798706055,4.8551716804504395,8.419549942016602,2.255681276321411,8.453874588012695,4.645119667053223,7.165093898773193,0.7195515036582947,0.7623348236083984,0.7870701551437378,0.7262270450592041,0.6791018843650818,0.6668245196342468,0.665330171585083,0.7137557864189148,0.6418219208717346,0.6822716593742371,0.7001281976699829,0.6745461821556091,0.03860796853086522,0.016369734557898422,2416.8590729738694,1428.4731314728242,3546.201818222621,759.7072124574065,5285.3928500791135,3389.7669834522576,0.03213385087025317,0.048298157107772445,15.880787165588295,5.352745365647456,9.979248263503445,3.612703070897478,14.276915589106126,4.2927460620143245,16.72116176068358,4.870207571056642,15.143647915945674,3.494018261274678,15.358648066077473,2.177307742543467,25.985382935688342,4.238254820840487
no_vocals,110.0,112.08272108843538,-380.92071533203125,72.35343933105469,119.84123229980469,35.036376953125,13.99850845336914,37.01987075805664,64.36986541748047,22.864713668823242,-17.608360290527344,18.43169593811035,29.63317108154297,15.31225299835205,3.430586814880371,11.739669799804688,22.865306854248047,12.336835861206055,3.4587225914001465,9.222283363342285,7.693272590637207,9.763174057006836,2.278024196624756,7.765636444091797,-1.518146276473999,7.281473636627197,4.708563804626465,7.257095813751221,0.6354591250419617,0.6888636350631714,0.7489317059516907,0.7145774960517883,0.6465831398963928,0.6549050211906433,0.6270363926887512,0.7075435519218445,0.6357232332229614,0.6401214003562927,0.6738004684448242,0.6340603232383728,0.0334711761187969,0.017105348003540077,2808.638653642008,1501.7181776456146,3722.6418101621016,772.1987518074689,6395.95947265625,3331.4203062727556,0.04080403645833333,0.056351786226493984,14.731959471419128,5.6140434657357625,9.681262585626015,3.4277754986566267,13.682304579591012,3.91687842429965,16.614846505256786,4.917167795729309,14.451064230300183,3.0867779749522435,15.54430593802766,2.2711650333409823,27.19380412383947,3.7676949815080567
