start_time_s,end_time_s,pitch_midi,velocity,pitch_bend
151.09694149659865,152.25793922902494,62,86,1,1,1,1,1,1,1,1,1,1,1,1,1,1,1,1,1,1,1,1,1,1,1,1,1,1,1,1,1,1,1,1,1,1,1,1,1,1,1,1,1,1,1,1,1,1,1,1,1,1,1,1,1,1,1,1,1,1,1,1,1,1,1,1,1,1,1,1,1,1,1,1,1,1,1,1,1,1,1,1,1,1,1,1,1,1,1,1,1,1,1,1,1,1,1,1,1,1,1,1
151.02728163265306,151.39880090702948,74,65,1,1,1,1,1,1,1,1,1,1,1,1,1,1,1,1,1,1,1,1,1,1,1,1,1,1,1,1,1,1,1,1
150.3410090702948,151.1433814058957,60,74,1,1,1,1,1,1,1,1,1,1,1,1,1,1,1,1,1,1,1,1,1,1,1,1,1,1,1,1,1,1,1,1,1,1,1,1,1,1,1,1,1,1,1,1,1,1,1,1,1,1,1,1,1,1,1,1,1,1,1,1,1,1,1,1,1,1,1,1,1,1
149.9346598639456,150.3410090702948,60,74,1,1,1,1,1,1,1,1,1,1,1,1,1,1,1,1,1,1,1,1,1,1,1,1,1,1,1,1,1,1,1,1,1,1,1
149.83017006802723,150.14363945578233,57,62,1,1,1,1,1,1,1,1,1,1,1,1,1,1,1,1,0,1,1,0,0,0,1,0,1,1,1
149.81856009070296,150.03914965986397,72,72,1,1,1,1,1,1,1,1,1,1,1,1,1,1,1,1,1,1,1
149.79534013605442,150.7821882086168,53,61,1,1,1,1,1,1,1,1,1,1,1,1,1,1,1,1,1,1,1,1,1,1,1,1,1,1,1,1,1,1,1,1,1,1,1,1,1,1,1,1,1,1,1,1,1,1,1,1,1,1,1,1,1,1,1,1,1,1,1,1,1,1,1,1,1,1,1,1,1,1,1,1,1,1,1,1,1,1,1,1,1,1,1,1,1
149.31933106575966,149.83017006802723,57,93,1,1,1,1,1,1,1,1,1,1,1,1,1,1,1,1,1,1,1,1,1,1,1,1,1,1,1,1,1,1,1,1,1,1,1,1,1,1,1,1,1,1,1,1
149.2148412698413,149.56314058956917,41,55,1,1,1,1,1,1,1,1,1,1,1,1,1,1,1,1,1,1,1,1,1,1,1,1,1,1,1,1,1,1
149.1451814058957,149.57475056689344,60,78,1,1,1,1,1,1,1,1,1,1,1,1,1,1,1,1,1,1,1,1,1,1,1,1,1,1,1,1,1,1,1,1,1,1,1,1,1
148.99425170068028,149.1451814058957,60,96,1,1,1,1,1,1,1,1,1,1,1,1,1
148.66788843537415,149.01747165532882,72,64,1,1,1,1,1,1,1,1,1,1,1,1,1,1,1,1,1,1,1,1,1,1,1,1,1,1,1,1,1,1,1
148.66788843537415,148.99425170068028,60,66,1,1,1,1,1,1,1,1,1,1,1,1,1,1,1,1,1,1,1,1,1,1,1,1,1,1,1,1,1
148.60983854875283,148.969747845805,57,60,1,1,1,1,1,1,1,1,1,1,1,1,1,1,1,1,1,1,1,1,1,1,1,1,1,1,1,1,1,1,1
148.45890884353742,148.60983854875283,57,84,1,1,1,1,1,1,1,1,1,1,1,1,1
148.04094965986394,148.24992925170068,69,73,1,1,1,1,1,1,1,1,1,1,1,1,1,1,1,1,1,1
147.44884081632654,147.89001995464852,65,69,1,1,1,1,1,1,1,1,1,1,1,1,1,1,1,1,1,1,1,1,1,1,1,1,1,1,1,1,1,1,1,1,1,1,1,1,1,1
147.44884081632654,148.41246893424037,53,73,1,1,1,1,1,1,1,1,1,1,1,1,1,1,1,1,1,1,1,1,1,1,1,1,1,1,1,1,1,1,1,1,1,1,1,1,1,1,1,1,1,1,1,1,1,1,1,1,1,1,1,1,1,1,1,1,1,1,1,1,1,1,1,1,1,1,1,1,1,1,1,1,1,1,1,1,1,1,1,1,1,1,1
146.19367936507936,146.70451836734694,67,57,1,1,1,1,1,1,1,1,1,1,1,1,1,1,1,1,1,1,1,1,1,1,1,1,1,1,1,1,1,1,1,1,1,1,1,1,1,1,1,1,1,1,1,1
146.17045941043085,146.55358866213152,55,56,1,1,1,1,1,1,1,1,1,1,1,1,1,1,1,1,1,1,1,1,1,1,1,1,1,1,1,1,1,1,1,1,1
146.15884943310658,146.29816916099773,79,45,1,1,1,1,1,1,1,1,1,1,1,1
145.97308979591838,146.33299909297054,43,58,1,1,1,1,1,1,1,1,1,1,1,1,1,1,1,0,0,1,1,1,1,1,1,1,1,1,1,1,1,2,2
145.85699002267575,146.17045941043085,55,48,1,1,1,1,1,1,1,1,1,1,1,1,1,1,1,1,1,1,1,1,1,1,1,1,1,1,1
145.8337700680272,145.9963097505669,79,39,1,1,1,1,1,1,1,1,1,1,1,1,1,1
145.75250022675738,146.19367936507936,67,59,1,1,1,1,1,1,1,1,1,1,1,1,1,1,1,1,1,1,1,1,1,1,1,1,1,1,1,1,1,1,1,1,1,1,1,1,1,2
145.65962040816328,145.97308979591838,43,65,1,1,1,1,1,1,1,1,1,1,1,1,1,1,1,1,1,1,1,1,1,1,1,1,1,1,1
145.3113210884354,145.65962040816328,43,74,1,1,1,1,1,1,1,1,1,1,1,1,1,1,1,1,1,1,1,1,1,1,1,1,1,1,1,1,1,1
145.29971111111112,145.48547074829932,71,58,0,0,1,1,1,1,1,1,1,1,1,1,1,1,1,1
144.6830984126984,144.89207800453514,50,58,0,0,1,1,1,1,1,1,1,1,1,1,1,1,1,1,1,1
144.6598784580499,145.3113210884354,43,73,1,1,1,1,1,1,1,1,1,1,1,1,1,1,1,1,1,1,1,1,1,1,1,1,1,1,1,1,1,1,1,1,1,1,1,1,1,1,1,1,1,1,1,1,1,1,1,1,1,0,0,0,0,0,0,0,1
144.21869931972788,144.35801904761902,60,35,0,1,1,1,1,1,1,1,1,1,1,1
144.21869931972788,144.48572879818593,52,45,2,2,2,1,1,0,0,0,0,0,0,0,0,1,1,1,1,1,1,1,1,0,0
143.91683990929704,144.090989569161,60,44,1,1,1,1,1,1,1,1,1,1,1,1,1,1,1
143.89361995464853,144.62504852607708,67,54,1,1,1,1,1,1,1,1,1,1,1,1,1,1,1,1,1,1,1,1,1,1,1,1,1,1,1,1,1,1,1,1,1,1,1,1,1,1,1,1,1,1,1,1,1,1,1,1,1,1,1,1,1,1,1,1,1,1,1,1,1,1,1
143.7775201814059,143.91683990929704,60,47,1,1,0,1,1,1,1,1,1,1,1,1
143.76591020408162,143.94005986394558,72,44,1,1,1,1,1,1,1,1,1,1,1,1,1,1,1
142.975147845805,143.89361995464853,67,52,1,1,1,1,1,1,1,1,1,1,1,1,1,1,1,1,1,1,1,1,1,1,1,1,1,1,1,1,1,1,1,1,1,1,1,1,1,1,1,1,1,1,1,1,1,1,1,1,1,1,1,1,1,1,1,1,1,1,1,1,1,1,1,1,1,1,1,1,1,1,1,1,1,1,1,1,1,1,1,1
142.63845850340135,142.98675782312924,57,79,0,0,0,0,1,1,1,1,1,1,1,1,1,1,1,1,1,1,1,1,1,1,1,1,1,1,1,1,1,1
142.6268485260771,142.95192789115646,69,78,1,1,1,1,1,1,1,1,1,1,1,1,1,1,1,1,1,1,1,1,1,1,1,1,1,1,1,1
142.53396870748298,142.69650839002267,81,60,1,1,1,1,1,1,1,1,1,1,1,1,1,1
142.4062589569161,142.60362857142857,65,57,1,1,1,1,1,1,1,1,1,1,1,1,1,1,1,1,1
142.38303900226757,142.6268485260771,69,85,1,1,1,1,1,1,1,1,1,1,1,1,1,1,1,1,1,1,1,1,1
142.12761950113378,142.38303900226757,69,79,1,1,1,1,1,1,1,1,1,1,1,1,1,1,1,1,1,1,1,1,1,1
142.12761950113378,142.69650839002267,38,74,1,1,1,1,1,1,1,1,1,1,1,1,1,1,1,1,1,1,1,1,1,1,1,1,1,1,1,1,1,1,1,1,1,1,1,1,1,1,1,1,1,1,1,1,1,1,1,1,1
142.11600952380954,142.26693922902496,50,60,1,1,1,1,1,1,1,1,1,1,1,1,1
142.10439954648527,142.24371927437642,93,55,1,1,1,1,1,1,1,1,1,1,1,1
142.04634965986395,142.1856693877551,65,60,1,1,1,1,1,1,1,1,1,1,1,1
141.5935605442177,142.04634965986395,77,57,1,1,1,1,1,1,1,1,1,1,1,1,1,1,1,1,1,1,1,1,1,1,1,1,1,1,1,1,1,1,1,1,1,1,1,1,1,1,1
141.45424081632652,142.04634965986395,65,86,1,1,1,1,1,1,1,1,1,1,1,1,1,1,1,1,1,1,1,1,1,1,1,1,1,1,1,1,1,1,1,1,1,1,1,1,1,1,1,1,1,1,1,1,1,1,1,1,1,1,1
141.3033111111111,141.45424081632652,65,75,0,0,1,1,1,1,1,1,1,1,1,1,1
141.2452612244898,141.38458095238096,50,39,1,1,1,1,0,0,0,0,0,0,0,1
141.16399138321995,141.34975102040818,62,72,1,1,1,1,1,1,1,1,1,1,1,1,1,1,1,1
141.10594149659863,141.29170113378686,74,68,1,1,1,1,1,1,1,1,1,1,1,1,1,1,1,1
141.07111156462585,141.3033111111111,65,51,1,1,1,1,1,1,1,1,1,1,1,1,1,1,1,1,1,3,3,3
140.98855782312927,141.2452612244898,57,46,1,1,1,1,1,1,1,1,1,1,1,1,1,1,1,1,1,1,1,1,1,1,1
140.61703854875284,140.9072879818594,65,76,1,1,1,1,1,1,1,1,1,1,1,1,1,1,1,1,1,1,1,1,1,1,1,1,1
140.11780952380954,140.5705986394558,62,59,1,1,1,1,1,1,1,1,1,1,1,1,1,1,1,1,1,1,1,1,1,1,1,1,1,1,1,1,1,1,1,1,1,1,1,1,1,1,1
139.74629024943312,139.93204988662131,50,60,1,1,1,1,1,1,1,1,1,1,1,1,1,1,1,1
139.32833106575964,139.47926077097506,41,48,1,1,1,1,1,1,1,1,1,1,1,1,1
139.0961315192744,139.27028117913832,53,40,1,1,1,1,1,1,1,1,1,1,1,1,1,0,0
139.07291156462585,139.32833106575964,41,59,0,0,1,1,1,1,1,1,1,1,1,1,1,1,1,1,1,1,1,1,1,1
139.06001768707483,139.25867120181408,69,49,1,1,1,1,1,1,1,1,1,1,1,1,1,1,1,1,1,1
138.93230793650793,139.0961315192744,53,45,1,1,1,1,1,1,1,1,1,1,1,1,1,1,1
138.93230793650793,139.07291156462585,41,76,1,1,1,1,1,1,1,1,1,1,0,0,0
138.79298820861678,139.14257142857144,57,48,1,1,1,1,1,1,1,1,1,1,1,1,1,1,1,2,2,2,1,1,1,1,2,1,1,1,1,1,1,1,1
138.7813782312925,139.06001768707483,69,62,1,1,1,1,1,1,1,1,1,1,1,1,1,1,1,1,1,1,1,1,1,1,1,1
138.7813782312925,138.93230793650793,53,42,1,1,1,1,1,1,1,1,1,1,1,1,1
138.76976825396824,138.93230793650793,41,75,1,1,1,1,1,1,1,1,1,1,1,1,1,1
138.60722857142858,138.758158276644,74,52,1,1,1,1,1,1,1,1,1,1,1,1,1
138.57239863945577,138.7813782312925,69,79,1,1,1,1,1,1,1,1,1,1,1,1,1,1,1,1,1,1
138.22409931972788,138.57239863945577,69,81,1,1,1,1,1,1,1,1,1,1,1,1,1,1,1,1,1,1,1,1,1,1,1,1,1,1,1,1,1,1
138.21248934240361,138.51434875283445,50,64,1,1,0,0,0,0,0,1,1,1,1,1,1,1,1,1,1,1,1,1,1,1,1,1,0,1
138.096389569161,138.76976825396824,41,82,1,1,1,1,1,1,1,1,1,1,1,1,1,1,1,1,1,1,1,1,1,1,1,1,1,1,1,1,1,1,1,1,1,1,1,1,1,1,1,1,1,1,1,1,1,1,1,1,1,1,1,1,1,1,1,1,1,1
138.0615596371882,138.21248934240361,50,80,1,1,1,1,1,1,1,0,0,1,1,1,1
138.03833968253969,138.27053922902493,58,67,1,1,1,1,1,1,1,1,1,1,1,1,1,1,1,1,1,1,0,0
137.92223990929705,138.20087936507937,53,40,1,1,1,1,1,1,1,1,1,1,1,1,0,-1,-8,1,1,1,1,1,1,1,1,1
137.92223990929705,138.096389569161,41,60,2,2,2,1,1,1,1,1,1,1,0,0,1,1,1
137.91062993197278,138.0615596371882,50,65,1,1,1,1,1,1,1,1,1,1,1,1,1
137.81775011337868,138.03833968253969,58,38,1,1,1,1,1,1,1,1,1,1,1,1,1,1,1,1,1,1,1
137.50428072562357,138.01511972789115,70,75,1,1,1,1,1,1,1,1,1,1,1,1,1,1,1,1,1,1,1,1,1,1,1,1,1,1,1,1,1,1,1,1,1,1,1,1,1,1,1,1,1,1,1,1
137.20242131519274,137.8990199546485,34,50,1,1,1,1,1,1,1,1,1,1,1,1,1,1,1,0,0,1,1,1,1,1,1,1,1,1,1,1,1,1,1,1,1,1,1,1,1,1,1,1,1,1,1,1,1,1,1,1,1,1,1,1,1,1,1,1,1,1,1,1
137.07471156462586,137.45784081632652,58,47,1,1,1,1,1,1,1,1,1,1,1,1,1,1,1,1,1,1,1,1,1,1,1,0,0,0,1,1,1,1,1,1,1
137.07471156462586,137.50428072562357,46,64,1,1,1,1,1,1,1,1,1,1,1,1,1,1,1,1,1,1,1,1,1,1,1,1,1,1,1,1,1,1,1,1,1,1,1,1,1
136.9224979591837,137.50428072562357,70,73,1,1,1,1,1,1,1,1,1,1,1,1,1,1,1,1,1,1,1,1,1,1,1,1,1,1,1,1,1,1,1,1,1,1,1,1,1,1,1,1,1,1,1,1,1,1,1,1,1,1,1
136.81800816326532,136.980547845805,58,43,1,1,1,1,1,1,1,1,1,1,1,1,1,1
136.70190839002268,136.980547845805,82,48,1,1,1,1,1,1,1,1,1,1,1,1,1,1,1,1,1,1,1,1,1,1,1,1
136.70190839002268,136.9224979591837,70,66,1,1,1,1,1,1,1,1,1,1,1,1,1,1,1,1,1,1,1
136.5741986394558,136.73673832199546,41,50,1,1,1,1,1,1,1,1,1,1,1,1,1,1
136.539368707483,136.8296181405896,46,51,1,1,1,1,1,1,1,1,1,1,1,1,1,1,1,1,1,1,1,1,1,1,1,1,1
136.42326893424035,136.70190839002268,70,65,1,1,1,1,1,1,1,1,1,1,1,1,1,1,1,1,1,1,1,1,1,1,1,1
136.2607292517007,136.539368707483,46,49,1,1,1,1,1,1,1,1,1,1,1,1,1,1,1,1,1,1,1,1,1,1,1,1
136.10979954648528,136.24911927437643,69,66,1,1,1,1,1,1,1,1,1,1,1,1
135.98208979591837,136.14462947845806,81,50,1,1,1,1,1,1,1,1,1,1,1,1,1,1
135.9472598639456,136.23750929705216,57,71,1,1,1,1,1,1,1,1,1,1,1,1,1,1,1,1,1,1,1,1,1,1,1,1,1
135.84277006802722,135.98208979591837,81,62,1,1,1,1,1,1,1,1,1,1,1,1
135.81955011337868,136.10979954648528,69,90,1,1,1,1,1,1,1,1,1,1,1,1,1,1,1,1,1,1,1,1,1,1,1,1,1
135.68023038548753,135.81955011337868,69,79,1,1,1,1,1,1,1,1,1,1,1,1
135.55252063492065,135.9472598639456,57,55,2,2,2,2,2,1,1,1,1,1,1,1,1,1,1,1,1,1,1,1,0,0,0,0,1,1,1,1,1,1,1,1,1,1
135.45964081632653,135.68023038548753,69,68,1,1,2,2,2,2,2,1,1,1,1,1,1,1,1,1,1,1,1
135.45964081632653,135.61057052154194,50,60,1,1,1,1,1,1,1,1,1,1,1,1,1
135.3783709750567,135.58735056689343,62,43,1,1,1,1,1,1,1,1,1,1,1,1,1,1,1,1,1,1
135.1577814058957,135.36676099773243,77,67,1,1,1,1,1,1,1,1,1,1,1,1,1,1,1,1,1,1
134.84302811791383,135.50608072562358,65,85,1,1,1,1,1,1,1,1,1,1,1,1,1,1,1,1,1,1,1,1,1,1,1,1,1,1,1,1,1,1,1,1,1,1,1,1,1,1,1,1,1,1,1,1,1,1,2,2,2,2,1,1,1,1,1,1,1,1
134.79658820861678,135.1577814058957,77,56,1,1,1,1,1,1,1,1,1,1,1,1,1,1,1,1,1,1,1,1,1,1,1,1,1,1,1,1,1,1,1,1
134.7849782312925,134.9707378684807,53,50,1,1,1,1,1,1,1,1,1,1,1,1,1,1,1,1
134.71531836734692,134.86624807256234,62,49,1,1,1,1,1,1,1,1,1,1,1,1,1
134.71531836734692,135.05200770975057,50,41,1,1,1,1,1,1,1,1,1,1,1,1,1,1,1,1,1,1,1,1,1,1,1,1,1,1,1,1,1
134.6572684807256,134.84302811791383,65,83,1,1,1,1,1,1,1,1,1,1,1,1,1,1,1,1
134.5643886621315,134.7849782312925,53,49,1,1,1,1,1,1,1,1,1,1,1,1,1,1,1,2,1,1,1
134.55277868480724,134.73853832199546,89,44,1,1,1,1,1,1,1,1,1,1,1,1,1,1,1,1
134.541168707483,134.71531836734692,50,40,1,0,0,0,0,0,0,0,0,1,1,1,1,1,1
134.04193968253966,134.36701904761904,65,59,1,1,1,1,1,1,1,1,1,1,1,1,1,1,1,1,1,1,1,1,1,1,1,1,1,1,1,1
133.8445700680272,134.00710975056688,50,39,1,1,1,1,1,1,1,1,1,1,1,1,1,1
133.74008027210883,136.06335963718823,38,67,1,1,1,1,1,1,1,1,1,1,1,1,1,1,1,1,1,1,1,1,1,1,1,1,1,1,1,1,1,1,1,1,1,1,1,1,1,1,1,1,1,1,1,1,1,1,1,1,1,1,1,1,1,1,1,1,1,1,1,1,1,1,1,1,0,0,0,0,0,0,0,1,1,1,1,1,1,1,1,1,1,1,1,1,1,1,1,1,1,1,1,1,1,1,1,1,1,1,1,1,1,1,1,1,1,1,1,1,1,1,1,1,1,1,1,1,1,1,1,1,1,1,1,1,1,1,1,1,1,1,1,1,1,1,1,1,1,1,1,1,1,1,1,1,1,1,1,1,1,1,1,1,1,1,1,1,1,1,1,1,1,1,1,1,1,1,1,1,1,1,1,1,1,1,1,1,1,1,1,1,1,1,1,1,1,1,1,1,1,1,1,0,0,0,0,0,0,1,1,1,1
133.42661088435372,133.61237052154195,65,50,1,1,1,1,1,1,1,1,1,1,1,1,1,1,1,1
132.93770793650793,133.07702766439908,38,42,1,1,1,1,1,1,1,1,1,1,1,1
132.61262857142856,132.8564380952381,55,47,1,1,1,1,1,1,1,1,1,1,1,1,1,1,1,1,1,1,1,1,1
132.43847891156463,132.61262857142856,67,46,1,1,1,1,1,1,1,1,1,1,1,1,1,1,1
132.43847891156463,132.64745850340137,43,58,1,1,1,1,1,1,1,1,1,1,1,1,1,1,1,1,1,1
132.2294993197279,132.43847891156463,43,88,1,1,1,1,1,1,1,1,1,1,1,1,1,1,1,1,0,0
132.03212970521543,132.2294993197279,43,66,1,1,1,1,1,1,1,1,1,1,0,1,1,1,1,1,1
131.98568979591838,132.322379138322,55,63,1,1,1,1,1,1,1,1,1,1,1,1,1,1,1,1,1,1,1,1,1,1,1,1,1,1,1,1,1
131.7534902494331,132.0669596371882,67,60,1,1,1,1,1,1,1,1,1,1,1,1,1,1,1,1,1,1,1,1,1,1,1,1,1,1,1
131.69544036281178,132.03212970521543,43,72,1,1,1,1,1,1,1,1,1,1,1,1,1,1,1,1,1,1,1,1,1,1,1,1,1,1,1,1,1
131.48646077097504,131.69544036281178,43,77,1,1,1,1,1,1,1,1,1,1,1,1,1,1,1,1,1,1
131.3471410430839,131.7534902494331,67,54,1,1,1,1,1,1,1,1,1,1,1,1,1,1,1,1,1,1,1,1,1,1,1,1,1,1,1,1,1,1,1,1,1,1,1
131.20782131519275,131.48646077097504,43,66,1,1,1,1,1,1,1,1,1,1,1,1,1,1,1,1,1,1,1,1,1,1,1,1
130.99755782312926,131.53290068027212,79,42,1,1,1,1,1,1,1,1,1,1,1,1,1,1,1,1,1,1,1,1,1,1,1,1,1,1,1,1,1,1,1,1,1,1,1,1,1,1,1,1,1,1,1,1,1,1,1
130.78857823129252,130.99755782312926,52,38,1,0,0,0,0,0,0,0,0,0,0,0,0,0,0,1,1,1
130.64925850340137,131.1613814058957,36,61,0,0,0,0,0,0,0,0,1,1,1,1,1,1,1,1,1,1,1,1,1,1,1,1,1,1,1,1,1,1,1,1,1,1,1,1,1,1,1,1,1,1,1,1,1
130.57959863945578,131.1846013605442,67,61,1,1,1,1,1,1,1,1,1,1,1,1,1,1,1,1,1,1,1,1,1,1,1,1,1,1,1,1,1,1,1,1,1,1,1,1,1,1,1,1,1,1,1,1,1,1,1,1,1,1,1,1,1
130.37061904761904,131.09043764172336,48,54,1,1,1,1,0,0,0,0,0,0,1,1,1,1,1,1,1,1,1,1,1,0,0,0,0,1,1,1,1,1,1,1,1,1,1,1,1,1,1,1,1,1,1,1,1,1,1,1,1,1,1,1,1,1,1,1,1,1,1,1,1,1
130.34739909297053,130.7305283446712,72,59,1,1,1,1,1,1,1,1,1,1,1,1,1,1,1,1,1,1,1,1,1,1,1,1,1,1,1,1,1,1,1,1,1
130.34739909297053,130.544768707483,36,43,1,1,1,1,1,1,1,1,1,1,1,1,1,1,1,1,1
130.03392970521543,130.2661292517007,52,69,1,1,1,1,1,1,0,0,1,1,1,1,1,1,1,1,1,1,1,1
129.5695306122449,129.77851020408164,48,64,1,1,1,1,1,1,1,1,1,1,1,1,1,1,1,1,0,0
129.5695306122449,129.96426984126984,32,48,1,1,1,1,1,1,1,1,1,1,1,1,1,1,1,1,1,1,1,1,1,1,1,1,0,0,0,1,1,1,1,1,1,1
129.43021088435376,129.5695306122449,48,50,1,1,1,1,1,1,1,1,1,2,1,1
129.2560612244898,129.48826077097507,65,82,1,1,1,1,1,1,1,1,1,1,1,1,1,1,1,1,1,1,1,1
128.6974984126984,129.06901768707482,77,51,1,1,1,1,1,1,1,1,1,1,1,1,1,1,1,1,1,1,1,1,1,1,1,1,1,1,1,1,1,1,1,1
128.68588843537415,129.33733106575966,53,49,0,0,1,1,1,1,1,1,1,1,1,1,1,1,1,1,1,1,1,1,1,1,1,1,1,1,1,1,1,1,1,1,1,1,1,1,1,1,1,1,1,1,1,1,1,1,1,1,1,1,1,1,1,1,1,1,1
128.36080907029478,128.87164807256235,60,71,1,1,1,1,1,1,1,1,1,1,1,1,1,1,1,1,1,1,1,1,1,1,1,1,1,1,1,1,1,1,1,1,1,1,1,1,1,1,1,1,1,1,1,1
128.0705596371882,128.4188589569161,72,50,1,1,1,1,1,1,1,1,1,1,1,1,1,1,1,1,1,1,1,1,1,1,1,1,1,1,1,1,1,1
128.02411972789116,128.45368888888888,57,62,1,1,1,1,1,1,1,1,1,1,1,1,1,1,0,0,0,0,1,1,1,1,1,1,1,1,1,1,1,1,1,1,1,1,1,1,1
127.8499700680272,128.14021950113377,65,53,1,1,1,1,1,1,1,1,1,1,1,1,1,1,1,1,1,1,1,1,1,1,1,1,1
127.82675011337867,128.0705596371882,72,44,1,1,1,1,1,1,1,1,1,1,1,1,1,1,1,1,1,1,1,1,1
127.82675011337867,128.48851882086169,48,48,1,1,1,1,1,1,1,1,1,1,1,1,1,1,1,1,1,1,1,1,1,1,1,1,1,1,1,1,1,1,1,1,1,1,1,1,1,1,1,1,1,1,1,1,1,1,1,1,1,1,1,1,1,1,1,1,1
127.60616054421769,128.0705596371882,53,48,1,1,1,1,1,1,1,1,1,1,1,1,1,1,1,1,1,1,1,1,1,1,1,1,1,1,1,1,1,1,0,0,1,1,1,1,1,1,1,1
127.55972063492064,128.02411972789116,57,68,1,1,1,1,1,1,1,1,1,1,1,1,1,1,1,1,1,1,1,1,1,1,1,1,1,1,1,1,1,1,1,1,1,1,1,1,1,1,1,1
127.40879092970522,127.59455056689342,69,49,1,1,1,1,1,1,1,1,1,1,1,1,1,1,1,1
127.3507410430839,127.67582040816325,60,64,1,1,1,1,1,1,1,1,1,1,1,1,1,1,1,1,1,1,1,1,1,1,1,1,1,1,1,1
127.23464126984126,127.46684081632654,53,45,1,1,1,1,1,1,1,1,1,1,1,1,1,1,1,1,1,1,1,1
127.14047755102041,127.3507410430839,60,61,1,1,1,1,1,1,1,1,1,1,1,1,1,1,1,1,0,0,0
127.03598775510204,127.81514013605442,41,68,1,1,1,1,1,1,1,1,1,1,1,1,1,1,1,1,1,1,1,1,1,1,1,1,1,1,1,1,1,1,1,1,1,1,1,1,1,1,1,1,1,1,1,1,1,1,1,1,1,1,1,1,1,1,1,1,1,1,1,1,1,1,1,1,1,1,1,1
127.00115782312926,127.17659138321994,72,46,1,1,1,1,1,1,1,1,1,1,1,1,1,1,1,1
126.87344807256237,127.01276780045352,57,61,1,1,1,1,1,1,1,1,1,1,1,1
126.69929841269841,127.03598775510204,41,71,1,1,1,1,1,1,1,1,1,1,1,1,1,1,1,1,1,1,1,1,1,1,1,1,1,1,1,1,1
126.58319863945579,126.87344807256237,57,64,1,1,1,1,1,1,1,1,1,1,1,1,1,1,1,1,1,1,1,1,1,1,1,1,1
126.4206589569161,126.55997868480726,53,53,1,1,1,1,1,1,1,1,1,1,1,1
126.4206589569161,126.69929841269841,41,57,1,1,1,1,1,1,1,1,1,1,1,1,1,1,1,1,1,0,0,0,0,0,1,1
126.25811927437643,126.4206589569161,41,49,1,1,1,1,1,1,1,0,0,0,0,0,0,1
126.24650929705216,126.69929841269841,48,51,1,1,1,1,1,1,1,1,1,1,1,1,1,1,1,1,1,1,1,1,1,1,1,1,1,1,1,1,1,1,1,1,1,1,1,1,1,1,1
126.02591972789116,126.17684943310658,55,72,1,1,1,1,1,1,1,1,1,1,1,1,1
125.85177006802722,126.04913968253969,31,56,1,1,1,1,1,1,1,1,1,1,1,1,1,1,1,1,1
125.8285501133787,126.02591972789116,62,64,1,1,1,1,1,1,1,1,1,1,1,1,1,1,1,1,1
125.4802507936508,125.8285501133787,62,51,1,1,1,1,1,1,1,1,1,1,1,1,1,1,1,1,1,1,1,1,1,1,1,1,1,1,1,1,1,1
125.4802507936508,126.02591972789116,55,48,1,1,1,1,1,1,1,0,0,0,0,0,1,1,1,1,1,1,1,1,1,1,1,1,1,1,1,1,1,1,1,1,1,1,1,1,1,1,1,1,1,1,1,1,1,1,1
124.97973786848073,126.10718956916101,43,62,1,1,1,1,1,1,1,1,1,1,1,1,1,1,1,1,1,1,1,1,1,1,1,1,1,1,1,1,1,1,1,1,1,1,1,1,1,1,1,1,1,1,1,1,1,1,1,0,0,0,0,0,0,0,1,1,1,1,1,1,1,1,1,1,1,1,1,1,1,1,1,1,1,1,1,1,1,1,1,1,1,1,1,1,1,1,1,1,1,1,1,1,1,1,1,1,1,1
124.89846802721088,125.03778775510204,55,53,1,1,1,1,1,1,1,1,1,1,1,1
124.59660861678005,124.97973786848073,43,84,1,1,1,1,1,1,1,1,1,1,1,1,1,1,1,1,1,1,1,1,1,1,1,1,1,1,1,1,1,1,1,1,1
124.02771972789115,124.41084897959183,64,59,1,1,1,1,1,1,1,1,1,1,1,1,1,1,1,1,1,1,1,1,1,1,1,1,1,1,1,1,1,1,1,1,1
123.96966984126985,124.28313922902494,76,68,1,1,1,1,1,1,1,1,1,1,1,1,1,1,1,1,1,1,1,1,1,1,1,1,1,1,1
123.84196009070295,124.49211882086168,36,65,1,1,1,1,1,1,1,1,1,1,1,1,1,1,1,1,1,1,1,1,1,1,1,1,1,1,1,1,1,1,1,1,1,1,1,1,1,1,1,1,1,1,1,1,1,1,1,1,1,1,1,1,1,1,1,1
123.83035011337869,124.05093968253968,72,44,1,1,1,1,1,1,1,1,1,1,1,1,1,1,1,1,1,1,1
123.63298049886622,123.96966984126985,76,47,1,1,1,1,1,1,1,1,1,1,1,1,1,1,1,1,1,1,1,1,1,1,1,1,1,1,1,1,1
123.63298049886622,123.83035011337869,72,58,1,1,1,1,1,1,1,1,1,1,1,1,1,1,1,1,1
123.63298049886622,124.02771972789115,64,52,1,1,1,1,1,1,1,1,1,1,1,1,1,1,1,1,1,1,1,1,0,0,0,1,1,1,1,1,1,1,1,1,1,1
123.63298049886622,124.44567891156463,48,54,1,1,1,1,1,1,1,1,1,1,1,1,1,1,1,1,1,1,0,0,0,0,0,0,0,0,0,0,0,0,1,1,1,1,1,1,1,1,1,1,1,1,1,1,1,1,1,1,1,1,1,1,1,1,1,1,1,1,1,1,1,1,1,1,1,1,1,1,1,1
123.62137052154195,123.84196009070295,36,46,1,1,1,1,1,1,1,0,1,1,1,1,1,1,1,1,1,1,1
123.33112108843538,123.63298049886622,64,61,1,1,1,1,1,1,1,1,1,1,1,1,1,1,1,1,1,1,1,1,1,1,1,1,1,1
123.1685814058957,123.5749306122449,76,53,1,1,1,1,1,1,1,1,1,1,1,1,1,1,1,1,1,1,1,1,1,1,1,1,1,1,1,1,1,1,1,1,1,1,1
122.80738820861679,123.63298049886622,48,51,1,1,1,1,1,1,1,1,1,1,1,1,1,0,0,0,1,1,1,1,1,1,1,1,1,1,1,1,1,1,1,1,1,1,1,1,1,1,1,1,1,1,1,1,1,1,1,1,1,1,1,1,1,1,1,1,1,1,1,1,1,1,1,1,1,1,1,1,1,1,1,1
122.59840861678005,122.79577823129252,74,72,1,1,1,1,1,1,1,1,1,1,1,1,1,1,1,1,1
122.5171387755102,122.77255827664399,57,62,1,1,1,1,1,1,1,1,1,1,1,1,1,1,1,1,1,1,1,1,1,0
122.15722947845805,122.78416825396825,62,63,1,1,1,1,1,1,1,1,1,0,0,0,0,0,0,1,1,1,1,1,1,1,1,1,1,1,1,1,1,1,1,1,1,1,1,1,1,1,1,1,1,1,1,1,1,1,1,1,1,1,1,1,1,1
121.99468979591836,122.31976916099774,74,61,1,1,1,1,1,1,1,1,1,1,1,1,1,1,1,1,1,1,1,1,1,1,1,1,1,1,1,1
121.86698004535147,122.00629977324263,60,66,1,1,1,1,1,1,1,1,1,1,1,1
121.68122040816327,121.86698004535147,60,87,1,1,1,1,1,1,1,1,1,1,1,1,1,1,1,1
121.5767306122449,121.75088027210884,57,60,1,1,1,1,1,1,1,1,1,1,1,1,1,1,1
121.47224081632653,121.68122040816327,60,71,1,1,1,1,1,1,1,1,1,1,1,1,1,1,1,1,1,1
121.36775102040816,122.34298911564626,41,50,1,1,1,1,1,1,1,1,1,1,1,1,1,1,1,1,1,1,1,1,1,1,1,1,1,1,1,1,1,1,1,1,1,1,1,1,0,0,0,1,1,1,1,1,1,1,1,1,1,1,1,1,1,1,1,1,0,0,0,0,0,0,0,0,0,0,0,0,0,0,1,1,1,1,1,1,1,1,1,1,1,1,1,0
120.97172789115646,121.16909750566893,41,62,1,1,1,1,1,1,1,1,1,1,1,1,1,1,1,1,1
120.30995918367347,120.97172789115646,41,65,1,1,1,1,1,1,1,1,1,1,1,1,1,1,1,1,1,1,1,1,1,1,1,1,1,1,1,1,1,1,1,1,1,1,1,1,1,1,1,1,1,1,1,1,1,1,1,1,1,1,1,1,1,1,1,1,1
119.7642902494331,120.30995918367347,41,53,1,1,1,1,1,1,1,1,1,1,1,1,1,1,1,1,1,1,0,0,0,0,0,0,0,1,1,1,1,1,1,1,1,1,1,1,1,1,1,1,1,1,1,1,1,1,1
119.450820861678,119.68302040816326,60,47,1,1,1,1,1,1,1,1,1,1,1,1,1,1,1,1,1,1,1,1
119.42760090702947,119.63658049886621,48,41,1,1,1,1,1,1,1,1,1,1,1,1,1,1,1,1,1,1
118.62522857142858,119.3231111111111,60,52,1,1,1,1,1,1,1,1,1,1,1,1,1,1,1,1,1,1,1,1,1,1,1,1,1,1,1,1,1,1,1,1,1,1,1,1,1,1,1,1,1,1,1,1,1,1,1,1,1,1,1,1,1,1,1,1,1,1,1,1,1
118.05633968253969,118.79937823129252,57,82,1,1,1,1,1,1,1,1,1,1,1,1,1,1,1,1,1,1,1,1,1,1,1,1,1,1,1,1,1,1,1,1,1,1,1,1,1,1,1,1,1,1,1,1,1,1,1,1,1,1,1,1,1,1,1,1,1,1,1,1,1,1,1,1
117.75448027210885,118.05633968253969,57,94,1,1,1,1,1,1,1,1,1,1,1,1,1,1,1,1,1,1,1,1,1,1,1,1,1,1
117.62677052154196,118.09116961451248,60,90,1,1,1,1,1,1,1,1,1,1,1,1,1,1,1,1,1,1,1,1,1,1,1,1,1,1,1,1,1,1,1,1,1,1,1,1,1,1,1,1
117.34813106575965,117.62677052154196,60,81,1,1,1,1,1,1,1,1,1,1,1,1,1,1,1,1,1,1,1,1,1,1,1,1
117.20881133786848,117.34813106575965,60,105,1,1,1,1,1,1,1,1,1,1,1,1
116.97532789115647,117.20881133786848,60,69,1,1,1,1,1,1,1,1,1,1,1,1,1,1,1,1,1,1,1,1,1
116.80117823129252,117.06820770975057,57,87,1,1,1,1,1,1,1,1,1,1,1,1,1,1,1,1,1,1,1,1,1,1,1
116.63863854875284,116.80117823129252,57,102,1,1,1,1,1,1,1,1,1,1,1,1,1,1
116.19745941043084,116.63863854875284,57,82,1,1,1,1,1,1,1,1,1,1,1,1,1,1,1,1,1,1,1,1,1,1,1,1,1,1,1,1,1,1,1,1,1,1,1,1,1,1
116.00008979591837,116.16262947845806,62,81,1,1,1,1,1,1,1,1,1,1,1,1,1,1
115.22093741496599,115.46603083900227,57,67,2,2,2,2,2,2,1,1,1,1,1,1,1,1,1,1,1,1,1,1,1,1
114.69848843537414,115.22093741496599,57,103,1,1,1,1,1,1,1,1,1,1,1,1,1,1,1,1,1,1,1,1,1,1,1,1,1,1,1,1,1,1,1,1,1,1,1,1,1,1,1,1,1,3,3,3,3
114.47789886621315,114.69848843537414,57,94,1,1,1,1,1,1,1,1,1,1,1,1,1,1,1,1,1,1,1
114.39662902494331,114.88424807256236,60,73,1,1,1,1,1,1,1,1,1,1,1,1,1,1,1,1,1,1,1,1,1,1,1,1,1,1,1,1,1,1,1,1,1,1,1,1,1,1,1,1,1,1
114.01349977324263,114.39662902494331,60,93,1,1,1,1,1,1,1,1,1,1,1,1,1,1,1,1,1,1,1,1,1,1,1,1,1,1,1,1,1,1,1,1,1
113.21112743764172,113.65359047619047,57,85,1,1,1,1,1,1,1,1,1,1,1,1,1,1,1,1,1,1,1,1,1,1,1,1,1,1,1,1,1,1,1,1,1,1,1,1,1,1,1
112.63062857142857,112.80477823129252,55,52,1,1,1,1,1,1,1,1,1,1,1,1,1,1,1
112.60740861678005,112.89765804988662,43,70,1,1,1,1,1,1,1,1,1,1,1,1,1,1,1,1,1,1,1,1,1,1,1,1,1
112.59579863945578,112.7467283446712,62,55,1,1,1,1,1,1,1,1,1,1,1,1,1
112.57257868480725,112.94409795918367,50,45,1,1,1,1,1,1,1,1,1,1,1,1,1,1,1,1,1,1,1,1,1,1,1,1,1,1,1,1,1,1,1,1
112.3055492063492,112.54935873015873,71,43,1,1,1,1,1,1,1,1,1,1,1,1,1,1,1,1,1,1,1,1,1
112.29393922902494,112.66545850340135,59,64,1,1,1,1,1,1,1,1,1,1,1,1,1,1,1,1,1,1,1,1,1,1,1,1,1,1,1,1,1,1,1,1
112.0849596371882,112.27071927437642,62,59,1,1,1,1,1,1,1,1,1,1,1,1,1,1,1,1
111.91080997732426,112.29393922902494,59,45,1,1,1,1,1,1,1,1,1,1,1,1,1,1,1,1,1,1,1,1,1,1,1,1,1,1,1,1,1,1,1,1,1
111.88759002267574,112.63062857142857,55,48,1,1,1,1,1,1,1,1,1,1,1,1,1,1,1,1,1,1,1,1,1,1,1,1,1,1,1,1,1,1,1,1,1,1,1,1,1,1,1,1,1,1,1,1,1,1,1,1,1,1,1,1,1,1,1,1,1,1,1,1,1,1,1,1
111.7714902494331,111.91080997732426,71,54,1,1,1,1,1,1,1,1,1,1,1,1
111.75988027210884,112.00368979591836,79,44,1,1,1,1,1,1,1,1,1,1,1,1,1,1,1,1,1,1,1,1,1
111.73666031746032,112.60740861678005,43,86,1,1,1,1,1,1,1,1,1,1,1,1,1,1,1,1,1,1,1,1,1,1,1,1,1,1,1,1,1,1,1,1,1,1,1,1,1,1,1,1,1,1,1,1,1,1,1,1,1,1,1,1,1,1,1,1,1,1,1,1,1,1,1,1,1,1,1,1,1,1,1,1,1,1,1
111.46963083900226,111.7714902494331,71,61,1,1,1,1,1,1,1,1,1,1,1,1,1,1,1,1,1,1,1,1,1,1,1,1,1,1
111.26065124716553,111.52768072562358,59,50,1,1,1,1,1,1,1,1,1,1,1,1,1,1,1,1,1,1,1,1,1,1,1
111.17809750566893,111.48124081632653,55,65,1,1,1,1,1,1,1,1,1,1,1,1,1,1,1,1,1,1,1,1,1,1,1,1,1,1,1
111.10843764172336,111.73666031746032,43,78,1,1,1,1,1,1,1,1,1,1,1,1,1,1,1,1,1,1,1,1,1,1,1,1,1,1,1,1,1,1,1,1,1,1,1,1,1,1,1,1,1,1,1,1,1,1,1,1,1,1,1,1,1,1,1
111.09682766439909,111.26065124716553,59,42,1,1,1,1,1,1,1,1,1,0,0,0,0,1,1
111.00394784580499,111.38836099773242,31,47,1,1,1,1,1,1,1,1,1,0,0,0,1,1,1,1,1,1,1,1,1,1,1,1,1,1,1,1,1,1,1,1,1,1
110.8414081632653,111.01555782312924,72,49,1,1,1,1,1,1,1,1,1,1,1,1,1,1,1
110.63242857142856,110.8414081632653,72,55,1,1,1,1,1,1,1,1,1,1,1,1,1,1,1,1,1,1
110.5279387755102,111.03877777777777,64,60,1,1,1,1,1,1,1,1,1,1,1,1,1,1,1,1,1,1,1,1,1,1,1,1,1,1,1,1,1,1,1,1,1,1,1,1,1,1,1,1,1,1,1,1
110.5279387755102,110.72530839002268,60,61,1,1,1,1,1,1,1,1,1,1,1,1,1,1,1,1,1
110.51632879818594,111.06199773242629,48,65,0,0,1,1,1,1,1,1,1,1,1,1,1,1,1,1,1,1,1,1,1,1,1,1,1,1,1,1,1,1,1,1,1,1,1,1,1,1,1,1,1,1,1,1,1,1,1
110.50471882086167,111.21292743764172,36,69,1,1,1,1,1,1,1,1,1,1,1,1,1,1,1,1,1,1,1,1,1,1,1,1,1,1,1,1,1,1,1,1,1,1,1,1,1,1,1,1,1,1,1,1,1,1,1,1,1,1,1,1,1,1,1,1,1,1,1,1,1
110.49310884353741,110.85301814058957,67,48,0,1,1,1,1,1,1,1,1,1,1,1,1,1,1,1,1,1,1,1,1,1,1,1,1,1,1,1,1,1,1
110.23768934240363,110.5279387755102,64,65,1,1,1,1,1,1,1,0,0,0,0,1,1,1,1,1,1,1,1,1,0,0,0,0,1
110.2144693877551,110.5279387755102,60,72,1,1,1,1,1,1,1,1,1,1,1,1,1,1,1,1,1,1,1,1,1,1,1,1,1,1,1
110.08675963718821,110.23768934240363,64,50,1,1,1,1,1,1,1,1,1,1,1,1,1
110.06353968253968,110.33056916099773,48,65,1,1,1,1,1,1,1,1,1,1,1,1,1,1,1,1,1,1,1,1,1,1,0
109.9938798185941,110.20285941043083,67,55,1,1,1,1,1,1,1,1,1,1,1,1,1,1,1,1,1,1
109.78490022675736,110.02870975056689,60,48,1,1,1,1,1,1,1,1,1,1,1,1,1,1,1,1,1,1,1,1,1
109.7732902494331,110.36539909297052,72,57,1,1,1,1,1,1,1,1,1,1,1,1,1,1,1,1,1,1,1,1,1,1,1,1,1,1,1,1,1,1,1,1,1,1,1,1,1,1,1,1,1,1,1,1,1,1,1,1,1,1,1
109.680410430839,109.92421995464852,64,53,1,1,1,1,1,1,1,1,1,1,1,1,1,1,1,1,1,1,1,1,1
109.66880045351473,110.06353968253968,48,64,0,0,1,1,1,1,1,1,1,1,1,1,1,1,1,1,1,1,1,1,0,0,0,0,0,1,1,1,1,1,1,1,1,1
109.65719047619046,109.9938798185941,67,50,1,1,1,1,1,1,1,1,1,1,1,1,1,1,1,1,1,1,1,1,1,1,1,1,1,1,1,1,1
109.64558049886621,110.50471882086167,36,71,1,1,1,1,1,1,1,1,1,1,1,1,1,1,1,1,1,1,1,1,1,1,1,1,1,1,1,1,1,1,1,1,1,1,1,1,1,1,1,1,1,1,1,1,1,1,1,1,1,1,1,1,1,1,1,1,1,1,0,1,1,1,1,1,1,1,1,1,1,1,1,1,1,1
109.62236054421768,109.85456009070295,43,61,1,1,1,1,1,1,1,1,1,1,1,1,1,1,1,1,1,1,1,1
109.52948072562357,109.680410430839,64,59,0,0,1,1,1,1,1,1,1,1,1,1,1
109.459820861678,109.62236054421768,43,39,1,0,0,1,1,1,1,1,1,1,1,1,1,1
109.44821088435374,109.66880045351473,48,42,1,1,1,1,1,1,1,1,1,1,1,0,0,0,0,0,0,0,0
109.43660090702947,109.78490022675736,60,45,1,1,1,1,1,1,1,1,1,1,1,1,1,1,1,1,1,1,1,1,1,1,1,1,1,1,1,1,1,1
109.39016099773242,109.52948072562357,64,59,1,1,1,1,1,1,1,1,1,1,1,0
109.37855102040815,109.51787074829932,81,50,1,1,1,1,1,1,1,1,1,1,1,1
109.16828752834468,109.42499092970522,69,85,1,1,1,1,1,1,1,1,1,1,1,1,1,1,1,1,1,1,1,1,1,1,1
109.14506757369615,109.37855102040815,74,64,1,1,1,1,1,1,1,1,1,1,1,1,1,1,1,1,1,1,1,1,1
109.11023764172336,109.3321111111111,79,52,1,1,1,1,1,1,1,1,1,1,1,1,1,1,1,1,1,1,1,1
108.95930793650794,109.14506757369615,74,68,1,0,1,1,1,1,1,1,1,1,1,1,1,1,1,1
108.85481814058957,109.37855102040815,81,68,1,1,1,1,1,1,1,1,1,1,1,1,1,1,1,1,1,1,1,1,1,1,1,1,1,1,1,1,1,1,1,1,1,1,1,1,1,1,1,1,1,1,1,1,1,1
108.83159818594105,109.16828752834468,69,70,1,1,1,1,1,1,1,1,1,1,1,1,1,1,1,1,1,1,1,1,1,1,1,1,1,1,1,1,1
108.81998820861679,109.26245124716553,57,62,1,1,1,1,1,1,1,1,1,1,1,1,1,1,1,1,1,1,1,1,1,1,1,1,1,1,1,1,1,1,1,1,1,1,1,1,1,1,1
108.72710839002268,109.01735782312926,62,55,1,1,1,1,1,1,1,1,1,1,1,1,1,1,1,1,1,1,1,1,1,1,1,1,1
108.71549841269842,108.97091791383221,50,64,1,1,1,1,1,1,1,1,1,1,1,1,1,1,1,1,1,1,1,1,1,1
108.6922784580499,108.83159818594105,69,31,0,1,1,1,1,1,1,1,1,1,1,1
108.66905850340137,108.81998820861679,57,77,1,1,1,1,1,1,1,1,1,0,1,1,1
108.564568707483,108.71549841269842,50,41,0,0,0,1,1,0,0,0,1,1,1,1,1
108.55295873015874,108.85481814058957,81,59,1,1,1,1,1,1,1,1,1,1,1,1,1,1,1,1,1,1,1,1,1,1,1,1,1,1
108.55295873015874,108.72710839002268,62,67,1,1,1,1,1,1,1,1,1,1,2,1,1,1,1
108.52973877551021,109.21472743764173,38,70,0,0,0,0,0,1,1,1,1,1,1,1,1,1,1,1,1,1,1,1,1,1,1,1,1,1,1,1,1,1,1,1,1,1,1,1,1,1,1,1,1,0,1,1,1,1,1,1,1,1,1,1,1,0,0,0,0,0,1
108.39041904761905,108.55295873015874,62,55,1,1,1,1,1,1,1,1,1,1,1,1,1,1
108.35558911564627,108.58778866213153,65,66,1,1,1,1,1,1,1,1,1,1,1,1,1,1,1,2,1,1,1,1
108.26270929705215,108.48329886621316,79,49,-5,-5,-5,1,1,1,1,-5,-5,-5,-5,-5,1,1,1,1,1,1,1
108.23948934240363,108.59939863945579,69,61,1,1,1,1,1,1,1,1,1,1,1,1,1,1,1,1,1,1,1,1,1,1,1,1,1,1,1,1,1,1,1
108.23948934240363,108.52973877551021,38,83,1,1,1,1,1,1,1,1,1,1,1,1,1,1,1,1,1,1,1,1,1,1,0,0,0
108.22787936507937,108.55295873015874,77,73,1,1,1,1,1,1,1,1,1,1,1,1,1,1,1,1,1,1,1,1,1,1,1,1,1,1,1,1
108.10016961451248,108.95930793650794,74,64,1,1,1,1,1,1,1,1,1,1,1,1,1,1,1,1,1,1,1,1,1,1,1,1,1,1,1,1,1,1,1,1,1,1,1,1,1,1,1,1,1,1,1,1,1,1,1,1,1,1,1,1,1,1,1,1,1,1,1,1,1,1,1,1,1,1,1,1,1,1,1,1,1,1
108.08855963718821,108.22787936507937,77,39,1,1,1,1,1,0,-8,-8,-8,1,1,1
108.04211972789116,108.35558911564627,65,75,1,1,1,1,1,1,1,1,1,1,1,1,1,1,1,1,1,1,1,1,1,1,1,1,1,1,1
108.00728979591837,108.33236916099774,86,47,1,1,1,1,1,1,1,1,1,1,1,1,1,1,1,1,1,1,1,1,1,1,1,1,1,1,1,1
107.86797006802722,108.00728979591837,86,49,1,1,1,1,1,1,1,1,1,1,1,1
107.86797006802722,108.04211972789116,65,61,1,1,1,1,1,1,1,1,1,1,1,1,1,1,1
107.86797006802722,108.07694965986396,57,71,1,1,1,1,1,1,1,1,1,1,1,1,1,1,1,1,1,1
107.86797006802722,108.15821950113379,50,52,1,1,1,1,1,1,0,0,0,0,0,0,0,1,1,1,1,1,1,1,1,1,1,1,1
107.86797006802722,108.23948934240363,38,80,1,1,1,1,1,0,0,1,1,1,1,1,1,1,1,1,1,1,1,1,1,1,1,1,1,1,1,1,1,1,1,1
107.85636009070295,108.39041904761905,62,54,1,1,1,1,1,1,1,1,1,1,1,1,1,1,1,1,1,1,1,1,1,1,1,1,1,1,1,1,1,1,1,1,1,1,1,1,1,1,1,1,1,1,1,1,1,1
107.79831020408164,108.10016961451248,74,77,1,1,1,1,1,1,1,1,1,1,1,1,1,1,1,1,1,1,1,1,1,1,1,1,1,1
107.72865034013606,107.86797006802722,50,51,1,1,1,1,1,1,1,1,1,1,1,1
107.682210430839,107.86797006802722,57,70,1,1,1,1,1,1,1,1,1,1,1,1,1,1,1,1
107.57772063492064,107.85636009070295,62,64,1,1,1,1,1,1,1,1,1,1,1,1,1,1,1,1,1,1,1,1,1,1,1,1
107.53128072562359,107.72865034013606,50,55,1,1,1,1,1,1,1,1,1,1,1,1,1,1,1,1,1
107.42679092970522,107.57772063492064,62,96,1,1,1,1,1,1,1,1,1,1,1,1,1
107.33391111111112,107.86797006802722,86,42,1,1,1,1,1,1,1,1,1,1,1,1,1,1,1,1,1,1,1,1,1,1,1,1,1,1,1,1,1,1,1,1,1,1,1,1,1,1,1,1,1,1,1,1,1,1
107.33391111111112,107.79831020408164,74,84,1,1,1,1,1,1,1,1,1,1,1,1,1,1,1,1,1,1,1,1,1,1,1,1,1,1,1,1,1,1,1,1,1,1,1,1,1,1,1,1
107.22813741496599,107.3687410430839,65,68,1,1,1,1,1,1,1,1,1,1,1,1,1
107.20491746031746,107.42679092970522,62,67,1,1,1,1,1,1,1,1,1,1,1,2,2,2,2,2,1,1,1,1
107.1933074829932,107.33391111111112,77,57,1,1,1,1,1,1,1,1,1,1,1,1,1
107.1933074829932,107.86797006802722,38,78,1,1,1,1,1,1,1,1,1,1,1,1,1,1,1,1,1,1,1,1,1,1,1,1,1,1,1,1,1,1,1,1,1,1,1,1,1,1,1,1,1,1,1,1,1,1,1,1,1,1,1,1,1,1,1,1,1,1,1
107.18169750566894,107.4964507936508,57,51,1,1,1,1,1,1,1,1,1,1,1,2,2,2,1,1,1,1,1,1,1,1,1,1,1,1,1,1
107.04237777777779,107.1933074829932,77,57,1,1,1,1,1,1,1,1,1,1,1,1,1
107.03076780045352,107.22813741496599,65,54,1,1,1,1,1,1,1,1,1,1,1,1,1,1,1,1,1
107.03076780045352,107.20491746031746,62,71,1,1,1,1,1,1,1,1,1,1,1,1,1,1,1
106.96110793650794,107.2758612244898,45,41,1,1,1,1,1,1,1,1,1,1,1,1,1,1,1,1,1,1,1,1,1,1,1,1,2,2,2,1
106.9146680272109,107.33391111111112,74,79,1,1,1,1,1,1,1,1,1,1,1,1,1,1,1,1,1,1,1,1,1,1,1,1,1,1,1,1,1,1,1,1,1,1,1,1,1
106.9146680272109,107.1933074829932,38,72,1,1,1,1,1,1,1,1,1,1,1,1,1,1,1,1,1,1,1,1,1,1,1,1
106.90305804988662,107.18169750566894,57,67,1,1,1,1,1,1,1,1,1,1,1,1,1,1,1,1,1,1,1,1,1,1,1,1
106.89144807256235,107.05398775510204,50,56,1,1,1,1,1,1,1,1,1,1,1,1,1,1
106.70568843537416,107.03076780045352,62,64,1,1,1,1,1,1,1,1,1,1,1,1,1,1,1,1,1,1,1,1,1,1,1,1,1,1,1,1
106.566368707483,106.7521283446712,69,49,1,1,1,1,1,1,1,1,1,1,1,1,1,1,1,1
106.49670884353742,106.77534829931973,79,51,1,1,1,1,1,1,1,1,1,1,1,1,1,1,1,1,1,1,1,1,1,1,1,1
106.4734888888889,106.9146680272109,74,80,1,1,1,1,1,1,1,1,1,1,1,1,1,1,1,1,1,1,1,1,1,1,1,1,1,1,1,1,1,1,1,1,1,1,1,1,1,1
106.45026893424037,106.70568843537416,62,46,1,1,1,1,1,1,1,1,1,1,1,1,1,1,1,1,1,1,1,1,1,1
106.4386589569161,106.89144807256235,50,67,1,1,1,1,1,1,1,1,1,1,1,1,1,1,1,1,1,1,1,1,1,1,1,1,1,1,1,1,1,1,1,1,1,1,1,1,1,1,1
106.33416916099773,106.48509886621315,57,74,1,1,1,1,1,1,1,1,1,1,1,1,1
106.20645941043084,106.40382902494332,81,54,1,1,1,1,1,1,1,1,1,1,1,1,1,1,1,1,1
106.18323945578231,106.45026893424037,62,42,1,1,1,1,1,1,1,1,1,1,1,1,1,1,1,1,1,1,1,1,1,1,1
106.18323945578231,106.4386589569161,50,50,1,1,1,1,1,1,1,1,1,1,1,1,1,1,1,1,1,1,1,0,0,0
106.16001950113379,106.9146680272109,38,88,1,1,1,1,1,1,1,1,1,1,1,1,1,1,1,1,1,1,1,1,1,1,1,1,1,1,1,1,1,1,1,1,1,1,1,1,1,1,1,1,1,1,1,1,1,1,1,1,1,1,1,1,1,1,1,1,1,1,1,1,1,1,1,1,1
106.0323097505669,106.20645941043084,81,34,1,1,1,1,1,1,1,1,1,1,1,1,1,1,1
106.0323097505669,106.74051836734694,45,50,1,1,1,1,1,1,1,1,1,1,1,1,1,1,1,1,1,1,1,1,1,1,1,1,1,1,1,1,1,1,1,1,1,1,1,1,1,1,1,1,1,1,1,1,1,1,1,1,1,1,1,1,1,1,1,1,1,1,1,1,1
106.02069977324264,106.33416916099773,57,78,1,1,1,1,1,1,1,1,1,1,1,1,1,1,1,1,1,1,1,1,1,1,1,1,1,1,1
106.00908979591837,106.16001950113379,38,83,1,1,1,1,1,1,1,1,1,1,1,1,1
105.78850022675738,105.9394299319728,72,51,1,1,0,1,1,1,1,1,1,1,1,1,1
105.52147074829932,105.78850022675738,72,60,1,1,1,1,1,1,1,1,1,1,1,1,1,1,1,1,1,1,1,1,1,1,1
105.50986077097507,105.9394299319728,69,48,1,1,1,1,1,1,1,1,1,1,1,1,1,1,1,1,1,1,1,1,1,1,1,1,1,1,1,1,1,1,1,1,1,1,1,1,1
105.50986077097507,105.95103990929705,65,60,1,1,1,1,1,1,1,1,1,1,1,1,1,1,1,1,1,1,1,1,1,1,1,1,1,1,1,1,1,1,1,1,1,1,1,1,1,1
105.28798730158731,105.50986077097507,69,56,1,1,1,1,1,1,1,1,1,1,1,1,1,1,1,1,1,1,1,1
105.25315736961451,105.62596054421769,57,68,1,1,1,1,1,1,1,1,1,1,1,1,1,1,1,1,1,1,1,1,1,1,1,1,1,1,1,1,1,1,1,1,1
105.22993741496599,105.50986077097507,65,67,1,1,1,1,1,1,1,1,1,0,1,1,1,1,1,1,1,1,1,1,1,1,1,1,1
105.18349750566894,105.63757052154196,60,48,1,1,1,1,1,1,1,1,1,0,1,0,1,1,1,1,1,1,1,1,1,1,1,1,1,1,1,1,1,1,1,1,1,1,1,1,1,1,1,1
105.11383764172335,105.27637732426304,72,58,1,1,1,1,1,1,1,1,1,1,1,1,1,1
105.07900770975057,105.22993741496599,65,54,1,1,1,1,1,1,1,1,1,1,1,1,1
104.7539283446712,105.11383764172335,72,44,1,1,1,1,1,1,1,1,1,1,1,1,1,1,1,1,1,1,1,1,1,1,1,1,1,1,1,1,1,1,1
104.7539283446712,105.98586984126985,41,71,1,1,1,1,1,1,1,1,1,1,1,1,1,1,1,1,1,1,1,1,1,1,1,1,1,1,1,1,1,1,1,1,1,1,1,1,1,1,1,1,1,1,1,1,1,1,1,1,1,1,1,1,1,1,1,1,1,1,1,1,1,1,1,1,1,1,1,1,1,1,1,1,1,1,1,1,1,1,1,1,1,1,1,1,1,1,1,1,1,1,1,1,1,1,1,1,1,1,1,1,1,1,1,1,1,1,1
104.74231836734694,104.90485804988663,60,35,1,1,1,1,1,1,1,1,1,1,1,1,1,1
104.61460861678005,104.99773786848073,53,39,1,1,1,1,1,1,1,1,1,1,1,1,1,1,1,1,1,1,1,1,1,1,1,1,1,1,1,1,1,1,1,1,1
104.60299863945578,104.7539283446712,41,41,1,1,1,1,1,1,1,1,1,1,1,1,1
104.34757913832199,104.48689886621315,41,48,1,1,1,1,1,1,1,1,1,1,1,1
104.24308934240362,104.40562902494331,82,61,1,1,1,1,1,1,1,1,1,1,1,1,1,1
104.0921596371882,104.31274920634921,62,58,1,1,1,1,1,1,1,1,1,1,1,1,1,1,1,1,1,1,1
103.76708027210884,104.35918911564626,70,68,1,1,1,1,1,1,1,1,1,1,1,1,1,1,1,1,1,1,1,1,1,1,1,1,1,1,1,1,1,1,1,1,1,1,1,1,1,1,1,1,1,1,1,1,1,1,1,1,1,1,1
103.74386031746032,104.32435918367347,46,72,1,1,1,1,1,1,1,1,1,1,1,1,1,1,1,1,1,1,1,1,1,1,1,1,1,1,1,1,1,1,1,1,1,1,1,1,1,1,1,1,1,1,1,1,1,1,1,1,1,1
103.56971065759637,103.74386031746032,46,73,1,1,1,1,1,1,1,1,1,1,1,1,1,1,1
103.52327074829932,104.0921596371882,62,53,1,1,1,1,1,1,1,1,1,1,1,1,1,1,1,1,1,1,1,1,1,1,1,1,1,1,1,1,1,1,1,1,1,1,1,1,1,1,1,1,1,1,1,1,1,1,1,1,1
103.5000507936508,104.13859954648527,58,54,1,1,1,1,1,1,1,1,1,1,1,1,1,1,1,1,1,1,1,1,1,1,1,1,1,1,1,1,1,1,1,1,1,1,1,1,1,1,1,1,1,1,1,1,1,1,1,1,1,1,1,1,1,1,1
103.20851746031745,103.76708027210884,70,72,1,1,1,1,1,1,1,1,1,1,1,1,1,1,1,1,1,1,1,1,1,1,1,1,1,1,1,1,1,1,1,1,1,1,1,1,1,1,1,1,1,1,1,1,1,1,1,1,1
103.08080770975056,103.51166077097506,74,60,1,1,1,1,1,1,1,1,1,1,1,1,1,1,1,1,1,1,1,1,1,1,1,1,1,1,1,1,1,1,1,1,1,1,1,1,1,1
103.0691977324263,103.56971065759637,46,61,1,1,1,1,1,1,1,1,1,1,1,1,1,1,1,1,1,1,1,1,1,1,1,1,1,1,1,1,1,1,1,1,1,1,1,1,1,1,1,1,1,1,1,1
102.94148798185941,103.20851746031745,70,69,1,1,1,1,1,1,1,1,1,1,1,1,1,1,1,1,1,1,1,1,1,1,1
102.67445850340135,104.35918911564626,34,68,1,1,1,1,1,1,1,1,1,1,1,1,1,1,1,1,1,1,2,2,2,2,2,2,1,1,1,1,1,1,1,1,1,1,1,1,1,1,1,1,1,1,1,1,1,1,1,1,1,1,1,1,1,1,1,1,1,1,1,1,1,1,1,1,1,1,1,1,1,1,1,1,1,1,1,1,1,1,1,1,1,1,1,1,1,1,1,1,1,1,1,1,1,1,1,1,1,1,1,1,1,1,1,1,1,1,1,1,1,1,1,1,1,1,1,1,1,1,1,1,1,1,1,1,1,1,1,1,1,1,1,1,1,1,1,1,1,1,1,1,1,1,1,1,1,1
102.6628485260771,103.0691977324263,46,72,1,1,1,1,1,1,1,1,1,1,1,1,1,1,1,1,1,1,1,1,1,1,1,1,1,1,1,1,1,1,1,1,1,1,1
102.128789569161,102.37259909297052,57,61,1,1,1,1,1,1,1,1,1,1,1,1,1,1,1,1,1,1,1,1,1
101.93141995464852,102.128789569161,57,48,1,1,1,1,1,1,1,1,2,2,2,1,1,1,1,1,1
101.85015011337869,102.01268979591836,62,37,1,1,1,1,1,1,1,1,1,1,1,1,1,1
101.5947306122449,101.76888027210885,69,71,1,1,1,1,1,1,1,1,1,1,1,1,1,1,1
101.50185079365079,101.74566031746032,77,76,1,1,1,1,1,1,1,1,1,1,1,1,1,1,1,1,1,1,1,1,1
101.49024081632653,101.83854013605442,65,80,1,1,1,1,1,1,1,1,1,1,1,1,1,1,1,1,1,1,1,1,1,1,1,1,1,1,1,1,1,1
101.38575102040816,101.58312063492063,74,52,1,1,1,1,1,1,1,1,1,1,1,1,1,1,1,1,1
101.31609115646258,101.50185079365079,77,75,1,1,1,1,1,1,1,1,1,1,1,1,1,1,1,1
101.31480725623582,101.49024081632653,65,83,1,1,1,1,1,1,1,1,1,1,1,1,1,1,1,1
101.2915873015873,101.467020861678,81,46,1,1,1,1,1,1,1,1,1,1,1,1,1,1,1,1
101.24514739229025,101.51346077097506,62,51,1,1,1,1,1,1,1,1,1,1,1,1,1,1,1,1,1,1,1,1,1,1,1,1
101.12904761904761,101.31609115646258,77,64,1,1,1,1,1,1,1,1,1,1,1,1,1,1,1,1,1
101.07099773242629,101.31480725623582,65,75,1,1,1,1,1,1,1,1,1,1,1,1,1,1,1,1,1,1,1,1,1
101.04777777777777,101.24514739229025,57,63,0,0,0,1,1,1,1,1,0,0,0,0,0,1,1,1,1
101.01294784580499,102.50030884353741,38,72,1,1,1,1,1,1,1,1,1,1,1,1,1,1,1,1,1,1,1,1,1,1,1,1,1,1,1,1,1,1,1,1,1,1,1,1,1,1,1,1,1,1,1,1,1,1,1,1,1,1,1,1,1,1,1,1,1,1,1,1,1,1,1,1,1,1,1,1,1,1,1,1,1,1,1,1,1,1,1,1,1,1,1,1,1,1,1,1,1,1,1,1,1,1,1,1,1,1,1,1,1,1,1,1,1,1,1,1,1,1,1,1,1,1,1,1,1,1,1,1,1,1,1,1,1,1,1,1,1
101.00133786848072,101.24514739229025,62,55,1,1,1,1,1,1,1,1,1,1,1,1,1,1,1,1,1,1,1,1,1
100.89684807256235,101.04777777777777,69,67,1,1,1,1,1,1,1,1,1,1,1,1,1
100.89684807256235,101.07099773242629,65,74,1,1,1,1,1,1,1,1,1,1,1,1,1,1,1
100.83879818594103,101.01294784580499,38,70,1,1,1,1,1,1,1,1,1,1,1,1,1,1,1
100.82718820861678,101.00133786848072,62,74,1,1,1,1,1,1,1,1,1,1,1,1,1,1,1
100.78074829931973,101.07099773242629,74,62,1,1,1,1,1,1,1,1,1,1,1,1,1,1,1,1,1,1,1,1,1,1,1,1,1
100.74591836734693,100.89684807256235,65,36,1,1,1,1,1,1,1,1,1,1,1,1,1
100.73430839002268,100.89684807256235,69,71,1,1,1,1,1,1,1,1,1,1,1,1,1,1
100.59498866213151,100.73430839002268,69,65,1,1,1,1,1,1,1,1,1,1,1,1
100.49049886621314,100.67625850340136,65,71,1,1,1,1,1,1,1,1,1,1,1,1,1,1,1,1
100.45566893424035,100.74591836734693,57,45,1,1,1,1,1,1,1,1,1,1,1,1,1,1,1,1,1,1,1,1,1,1,1,1,1
100.4440589569161,100.59498866213151,69,39,1,1,1,1,1,1,1,1,1,1,1,1,1
100.42083900226757,100.59498866213151,77,51,1,1,1,1,1,1,1,1,1,1,1,1,1,1,1
100.4092290249433,100.82718820861678,62,55,1,1,1,1,1,1,1,1,1,1,1,1,1,1,1,1,1,1,1,1,1,1,1,1,1,1,1,1,1,1,1,1,1,1,1,1
100.25829931972788,100.50210884353741,67,44,1,1,1,1,1,1,1,1,1,-5,-5,-5,-5,-5,-5,-5,-5,-5,-5,-5,-5
100.23507936507936,100.56015873015872,45,59,2,1,1,1,1,1,1,1,1,1,1,1,1,1,1,1,1,1,1,1,1,1,1,1,1,1,1,1
100.2234693877551,100.83879818594103,38,67,1,1,1,1,1,1,1,1,1,1,1,1,1,1,1,1,1,1,1,1,1,1,1,1,1,1,1,1,1,1,1,0,0,0,1,1,1,1,1,1,1,1,1,1,1,1,1,1,1,1,1,1,1
100.14219954648526,100.45566893424035,57,52,1,1,1,1,1,1,1,1,1,1,1,1,1,1,1,1,1,1,1,1,1,1,1,1,1,1,1
100.09575963718821,100.25829931972788,74,73,1,1,1,1,1,1,1,1,1,1,1,1,1,1
100.08414965986394,100.23507936507936,62,50,1,1,1,1,1,1,1,1,1,1,1,1,1
100.06092970521541,100.20024943310656,69,65,1,1,1,1,1,1,1,1,1,1,1,1
99.75907029478458,100.06092970521541,69,75,1,1,1,1,1,1,1,1,1,1,1,1,1,1,1,1,1,1,1,1,1,1,1,1,1,1
99.55009070294784,99.75907029478458,62,39,1,1,1,1,1,1,1,1,1,1,1,1,1,1,1,1,1,1
99.3759410430839,100.2234693877551,38,82,1,1,1,1,1,1,1,1,1,1,1,1,1,1,1,1,1,1,1,1,1,1,1,1,1,1,1,1,1,1,1,1,1,1,1,1,1,1,1,1,1,1,1,1,1,1,1,1,1,1,1,1,1,1,1,1,1,1,1,1,1,1,1,1,1,1,1,1,1,1,1,1,1
99.32950113378685,99.8751700680272,57,63,0,0,1,1,1,1,1,1,1,1,1,1,1,1,1,1,1,1,1,1,1,1,1,1,1,1,1,1,1,1,1,1,1,1,1,1,1,1,1,1,1,1,1,1,1,1,1
99.32950113378685,99.92160997732425,45,55,0,0,0,0,0,0,1,1,1,1,1,1,0,0,0,0,1,1,1,1,1,1,0,0,0,0,0,0,0,0,1,1,1,1,1,1,1,1,1,1,1,1,1,1,1,1,1,1,1,1,1
98.92186802721089,99.07279773242631,62,66,1,1,1,1,1,1,1,1,1,1,1,1,1
98.92186802721089,99.11923764172336,59,57,1,1,1,1,1,1,1,1,1,1,1,1,1,1,1,1,1
98.65483854875283,98.92186802721089,62,75,1,1,1,1,1,1,1,1,1,1,1,1,1,1,1,1,1,1,1,1,1,1,1
98.49229886621316,98.7012784580499,47,58,1,1,1,1,1,1,1,1,1,1,1,1,1,1,1,1,1,1
98.32975918367347,98.65483854875283,62,64,1,1,1,1,1,1,1,1,1,1,1,1,1,1,1,1,1,1,1,1,1,1,1,1,1,1,1,1
98.23687936507937,98.37619909297052,55,51,1,1,1,1,1,1,1,1,1,1,1,1
98.2252693877551,98.41102902494332,67,80,1,1,1,1,1,1,1,1,1,1,1,1,1,1,1,1
98.07433968253969,98.44585895691611,71,60,1,1,1,1,1,1,1,1,1,1,1,1,1,1,1,1,1,1,1,1,1,1,1,1,1,1,1,1,1,1,1,1
98.03950975056689,98.31814920634922,59,58,1,1,1,1,1,1,1,1,1,1,1,1,1,1,1,1,1,1,1,1,1,1,1,1
97.9118,98.2252693877551,67,59,1,1,1,1,1,1,1,1,1,1,1,1,1,1,1,1,1,1,1,1,1,1,1,1,1,1,1
97.76087029478458,98.32975918367347,62,62,1,1,1,1,1,1,1,1,1,1,1,1,1,1,1,1,1,1,1,1,1,1,1,1,1,1,1,1,1,1,1,1,1,1,1,1,1,1,1,1,1,1,1,1,1,1,1,1,1
97.63316054421769,98.02789977324264,79,42,1,1,1,1,1,1,1,1,1,1,1,1,1,1,1,1,1,1,1,1,1,1,1,1,1,1,1,1,1,1,1,1,1,1
97.63316054421769,97.84214013605443,47,44,1,1,1,1,1,1,1,1,1,1,1,1,1,1,1,1,1,1
97.3777410430839,97.54028072562359,67,54,1,1,1,1,1,1,1,1,1,1,1,1,1,1
97.22552743764173,97.60994058956916,72,61,1,1,1,1,1,1,1,1,1,1,1,1,1,1,1,1,1,1,1,1,1,1,1,1,1,1,1,1,1,1,1,1,1,1
97.22552743764173,97.3777410430839,67,52,1,1,1,1,1,1,1,1,1,1,1,1,1,1
97.21391746031746,97.36613106575965,60,70,1,1,1,1,1,1,1,1,1,1,1,1,1,1
96.8888380952381,97.21391746031746,60,78,1,1,1,1,1,1,1,1,1,1,1,1,1,1,1,1,1,1,1,1,1,1,1,1,1,1,1,1
96.8540081632653,97.34291111111112,48,67,1,1,1,1,1,1,1,1,1,1,1,1,1,1,1,1,1,1,1,1,1,1,1,1,1,1,1,1,1,1,1,1,1,0,0,1,1,1,1,1,1,1,1
96.83078820861678,97.09781768707484,52,59,1,1,1,1,1,1,1,1,1,1,1,1,1,1,1,1,1,1,1,1,1,1,1
96.5405387755102,96.8888380952381,60,52,1,1,1,1,1,1,1,1,1,1,1,1,1,1,1,1,1,1,1,1,1,1,1,1,1,1,1,1,1,1
96.37799909297053,96.5405387755102,60,63,1,1,1,1,1,1,1,1,1,1,1,1,1,1
95.9484299319728,96.8540081632653,48,67,0,1,1,1,1,1,1,1,1,1,0,0,1,1,1,1,0,0,0,0,1,1,1,1,1,1,1,1,0,1,1,1,1,1,1,1,1,1,1,1,1,1,1,1,1,0,0,0,1,1,1,1,1,1,1,1,1,1,1,1,1,1,1,1,1,1,1,1,1,1,1,1,1,1,1,1,1,1
95.69301043083901,95.84394013605443,65,60,1,1,1,1,1,0,0,1,1,1,1,1,1
95.56530068027212,95.71623038548753,60,50,1,1,1,1,1,1,1,1,1,1,1,1,1
95.3795410430839,95.51886077097505,81,41,1,1,1,1,1,1,1,1,1,1,1,1
95.3795410430839,96.01808979591837,77,70,1,1,1,1,1,1,1,1,1,1,2,1,1,1,1,1,1,1,1,1,1,1,1,1,1,1,1,1,1,1,1,1,1,1,1,1,1,1,1,1,1,1,1,1,1,1,1,1,1,1,1,1,1,1,1
95.3795410430839,95.62335056689342,69,54,1,1,1,1,1,1,1,1,1,1,1,1,1,1,1,1,1,1,1,1,1
95.3795410430839,95.69301043083901,65,78,1,1,1,1,1,1,1,1,1,1,1,1,1,1,1,1,1,1,1,1,1,1,1,1,1,1,1
95.15766757369614,95.42598095238095,60,65,1,1,1,1,1,1,1,1,1,1,1,1,1,1,1,1,1,1,1,1,1,1,1,1
95.13444761904762,95.36793106575963,48,43,0,0,0,0,0,0,0,0,0,1,1,1,1,1,1,1,1,1,1,1,1
94.83258820861678,95.21571746031746,72,84,1,1,1,1,1,1,1,2,2,1,1,1,1,1,1,1,1,2,2,2,2,2,2,2,2,1,1,1,1,1,1,1,1
94.83258820861678,95.15766757369614,60,51,1,1,1,1,1,1,1,1,1,1,1,1,2,2,2,2,3,2,2,2,2,2,2,2,2,1,1,1
94.69326848072562,95.3795410430839,65,51,1,1,1,1,1,1,1,1,1,1,1,1,1,1,1,1,1,1,1,1,1,1,1,1,1,1,1,1,1,1,1,1,1,1,1,1,1,1,1,1,1,1,1,1,1,1,1,1,1,1,1,1,1,1,1,1,1,1,1,1
94.69326848072562,94.83258820861678,60,71,1,1,1,1,1,1,1,1,1,1,1,1
94.60038866213152,94.83258820861678,72,99,2,2,2,2,1,1,1,1,1,1,1,1,2,2,1,1,1,1,1,1
94.51911882086168,94.85580816326531,69,55,1,1,1,1,1,1,1,1,1,1,1,1,1,1,1,1,1,1,1,1,1,1,1,1,1,1,1,1,1
94.26369931972789,94.60038866213152,72,78,1,1,1,1,1,1,1,1,1,1,1,1,1,1,1,1,1,1,1,1,1,1,1,1,1,1,1,1,2
94.26369931972789,94.69326848072562,60,70,1,1,1,1,1,1,1,1,1,1,1,1,1,1,1,1,1,1,1,1,1,1,1,1,1,1,1,1,1,1,1,1,1,1,1,1,1
94.17081950113379,94.51911882086168,69,68,1,1,1,1,1,1,1,1,1,1,1,1,1,1,1,1,1,1,1,1,1,1,1,1,1,1,1,1,1,1
93.89218004535147,94.17081950113379,69,85,1,1,1,1,1,1,1,1,1,1,1,1,1,1,1,1,1,1,1,1,1,1,1,1
93.64837052154195,93.99666984126983,72,67,2,1,1,1,1,1,1,1,2,2,2,1,1,1,1,1,1,1,1,1,1,1,1,1,1,1,1,1,1,1
93.43939092970521,93.79930022675737,48,49,1,1,1,1,1,1,1,1,1,1,1,1,1,1,1,1,1,1,1,1,1,1,1,1,0,0,0,1,1,1,1
93.42778095238096,93.99666984126983,60,62,1,1,1,1,1,1,1,1,1,1,1,1,1,1,1,1,1,1,1,1,1,1,1,1,1,1,1,1,1,1,1,1,1,1,1,1,1,1,1,1,1,1,1,1,1,1,1,1,1
93.41617097505669,93.64837052154195,72,41,1,1,1,1,1,1,1,1,1,1,1,1,1,1,1,1,1,1,2,2
93.32200725623582,93.46261088435374,53,51,1,1,1,1,1,1,1,1,1,1,1,1,1
93.28717732426304,93.41617097505669,65,69,1,1,1,1,1,1,1,1,1,1,1,1
93.22912743764172,93.53227074829933,69,66,1,1,1,1,1,1,1,1,1,1,1,1,1,1,1,1,1,1,1,1,1,1,1,1,1,1,1
93.2059074829932,93.42778095238096,60,42,1,1,1,1,1,1,1,1,1,1,1,1,1,1,1,1,1,1,1,1
93.04336780045351,93.41617097505669,72,63,1,1,1,1,1,1,1,1,1,1,1,1,1,1,1,1,1,1,1,1,1,1,1,1,1,1,1,1,1,1,1,1,1
93.04336780045351,93.28717732426304,65,49,1,1,1,1,1,1,1,1,1,1,1,1,1,1,1,1,1,1,1,1,1
93.03175782312925,93.2059074829932,60,87,1,1,1,1,1,1,1,1,1,1,1,1,1,1,1
92.99692789115646,93.43939092970521,48,61,1,1,1,1,1,1,1,1,1,1,1,1,1,1,1,1,1,1,1,1,1,1,1,1,1,1,1,1,1,1,1,1,1,1,1,1,1,1,1
92.90404807256236,93.05497777777778,69,62,1,1,1,1,1,1,1,1,1,1,1,1,1
92.8576081632653,93.03175782312925,60,73,1,1,1,1,1,1,1,1,1,1,1,1,1,1,1
92.69506848072562,92.99692789115646,48,64,1,0,0,0,1,1,1,1,1,1,1,0,0,0,0,0,0,1,1,1,1,1,1,1,1,1
92.68345850340135,92.8576081632653,60,91,1,1,1,1,1,1,1,1,1,1,1,1,1,1,1
92.45125895691609,92.64862857142857,62,83,1,1,1,1,1,1,1,1,1,1,1,1,1,1,1,1,1
92.42803900226757,92.57896870748299,67,49,1,1,1,1,1,1,1,1,1,1,1,1,1
91.89398004535147,92.21905941043083,43,39,0,0,1,1,1,1,1,1,1,1,1,1,1,1,1,1,1,1,1,1,1,1,1,2,2,2,2,1
91.80110022675737,91.95202993197279,47,64,2,2,1,1,1,1,1,1,1,1,1,1,1
91.61534058956916,92.45125895691609,62,64,1,1,1,1,1,1,1,1,1,1,1,1,1,1,1,1,1,1,1,1,1,1,1,1,1,1,1,1,1,1,1,1,1,1,1,1,1,1,1,1,1,1,1,1,1,1,1,1,1,1,1,1,1,1,1,1,1,1,1,1,1,1,1,1,1,1,1,1,1,1,1,1
91.53407074829931,91.67339047619048,67,61,1,1,1,1,1,1,1,1,1,1,1,1
91.37024716553287,91.61534058956916,62,79,1,1,1,1,1,1,1,1,1,1,1,1,1,1,1,1,1,1,1,1,1,1
91.33541723356008,91.58051065759636,59,65,1,1,1,1,1,1,1,1,1,1,1,1,1,1,1,1,1,1,1,1,1,1
91.32380725623582,91.66178049886621,71,53,1,1,1,1,1,1,1,1,1,1,1,1,1,1,1,1,1,1,1,1,1,1,1,1,1,1,1,1,1,1
91.20770748299319,91.45280090702947,43,39,1,1,1,1,1,1,1,1,1,1,1,1,1,2,2,2,2,2,2,2,2,1
91.04516780045351,91.37024716553287,62,82,1,1,1,1,1,1,1,1,1,1,1,1,1,1,1,1,1,1,1,1,1,1,1,1,1,1,1,1
90.5459387755102,90.7665283446712,60,57,1,1,1,1,1,1,1,1,1,1,1,1,1,1,1,1,1,1,1
90.49949886621314,90.8245782312925,64,77,1,1,1,1,1,1,1,1,1,1,1,1,1,1,1,1,0,0,0,0,0,1,1,1,1,1,1,1
90.44144897959183,90.83618820861678,48,64,1,1,1,1,1,1,1,1,1,1,1,1,1,1,1,1,1,1,1,1,1,1,1,1,1,1,1,1,1,1,1,1,1,1
90.25568934240363,90.49949886621314,64,97,1,1,1,1,1,1,1,0,1,1,1,1,1,1,1,1,1,1,1,1,1
90.06992970521542,90.44144897959183,48,69,0,0,1,1,1,1,1,1,1,1,1,1,1,1,1,1,1,1,1,1,1,1,1,1,1,1,1,1,1,1,1,1
90.04670975056689,90.5459387755102,60,48,1,1,1,1,1,1,1,1,1,1,1,1,1,1,1,1,1,1,1,1,1,1,1,1,1,1,1,1,1,1,1,1,1,1,1,1,1,1,1,1,1,1,1
89.98865986394557,90.25568934240363,64,91,1,1,1,1,1,1,1,1,1,1,1,1,1,1,1,1,1,1,1,1,1,1,1
89.83773015873015,89.9770498866213,67,66,1,1,1,1,1,1,1,1,1,1,1,1
89.66358049886621,90.04670975056689,60,58,1,1,1,1,1,1,1,1,1,1,1,1,1,1,1,1,1,1,1,1,1,1,1,1,1,1,1,1,1,1,1,1,1
89.64036054421769,90.0118798185941,72,53,1,1,1,1,1,1,1,1,1,1,1,1,1,1,1,1,1,1,1,1,1,1,1,1,1,1,1,1,1,1,1,1
89.50104081632652,89.83773015873015,67,47,-8,1,1,1,1,1,1,1,1,1,1,1,1,1,1,1,1,1,1,1,1,1,1,1,1,1,1,1,1
89.26755736961452,90.06992970521542,48,52,1,1,1,1,1,1,1,1,1,1,1,1,1,1,1,1,1,1,1,1,1,1,1,1,1,1,1,1,1,1,1,1,1,1,1,1,1,1,1,1,1,1,1,1,1,1,1,1,1,1,1,1,1,1,1,1,1,1,1,1,1,1,1,1,1,1,1,0,0,0
89.25594739229025,89.98865986394557,64,72,-5,0,0,-5,-5,-5,1,1,1,1,1,1,1,1,1,1,1,1,1,1,1,1,1,1,1,1,1,1,1,1,1,1,1,1,1,1,1,1,1,1,1,1,1,1,1,1,1,1,1,1,1,1,1,1,1,1,1,1,1,1,1,1,1,1
89.244337414966,89.43138095238095,60,67,1,1,1,1,1,1,1,1,1,1,1,1,1,1,1,1,1
89.01213786848074,89.244337414966,60,42,1,1,1,1,1,1,1,1,1,1,1,7,7,7,7,7,7,7,7,1
88.88442811791384,89.51265079365079,62,74,1,1,1,1,1,1,1,1,1,1,1,1,1,1,1,1,1,1,1,1,1,1,1,1,1,1,1,1,1,1,1,1,1,1,1,1,1,1,1,1,1,1,1,1,1,1,1,1,1,1,1,1,1,1,1
88.87281814058957,89.01213786848074,60,49,1,1,1,1,1,1,1,1,7,7,7,7
88.61739863945579,88.88442811791384,62,73,1,1,1,1,1,1,1,1,1,1,1,1,1,1,1,1,1,1,1,1,1,1,1
88.44324897959184,88.58256870748299,60,62,1,1,1,1,1,1,1,1,1,1,1,1
88.17621950113379,88.44324897959184,60,87,1,1,1,1,1,1,1,1,1,1,1,1,1,1,1,1,1,1,1,1,1,1,1
88.03689977324264,88.17621950113379,60,98,1,1,1,1,1,1,1,1,1,1,1,1
87.96723990929706,88.11816961451248,72,57,1,1,1,1,1,1,1,1,1,1,1,1,1
87.7930902494331,87.93240997732427,65,66,1,1,1,1,1,1,1,1,1,1,1,1
87.7930902494331,88.03689977324264,60,73,1,1,1,1,1,1,1,1,1,1,1,1,1,1,1,1,1,1,1,1,1
87.54928072562359,87.7930902494331,60,88,1,1,1,1,1,1,1,1,1,1,1,1,1,1,1,1,1,1,1,1,1
87.54928072562359,87.75826031746033,48,64,1,1,1,1,1,1,1,1,1,1,1,1,1,0,0,0,0,0
87.31579727891156,87.54928072562359,60,48,2,2,2,1,1,1,1,1,-8,-8,-8,-8,-8,-8,-8,-8,-8,-8,1,1,1
87.31579727891156,87.64216054421769,57,91,1,1,1,1,1,1,1,1,1,1,1,1,1,1,1,1,1,1,1,1,1,1,1,1,1,1,1,1,1
87.13003764172336,87.31579727891156,60,65,1,1,1,1,1,1,1,1,1,1,1,1,1,1,1,1
87.13003764172336,87.31579727891156,57,73,1,1,1,1,1,1,1,1,1,1,1,1,1,1,1,1
86.9558879818594,87.13003764172336,60,91,1,1,1,1,1,1,1,1,1,1,1,1,1,1,1
86.80495827664399,86.9558879818594,60,94,1,1,1,1,1,1,1,1,1,1,1,1,1
86.80495827664399,87.25774739229026,48,52,1,1,1,1,1,1,1,1,1,1,1,1,1,1,1,1,1,1,1,1,1,1,1,1,1,1,1,1,1,1,1,1,1,1,1,1,1,1,1
86.50309886621315,86.80495827664399,60,79,1,1,1,1,1,1,1,1,1,1,1,1,1,1,1,1,1,1,1,1,1,1,1,1,1,1
86.32894920634921,86.50309886621315,60,53,1,1,1,1,1,1,1,1,1,1,1,1,1,1,1
86.0154798185941,86.16640952380952,65,67,1,1,1,1,1,1,1,1,1,1,1,1,1
85.88777006802721,86.03869977324263,60,58,1,1,1,1,1,1,1,2,2,2,2,2,2
85.88777006802721,86.143189569161,48,81,0,0,0,1,1,1,1,1,1,0,0,1,1,1,1,1,1,0,0,0,1,1
84.26108934240362,84.586168707483,56,88,1,1,1,1,1,1,1,1,1,1,1,1,1,1,1,1,1,1,1,1,1,1,1,1,1,1,1,1
84.21464943310657,84.38879909297052,93,39,3,2,1,1,1,1,1,1,1,1,1,1,1,1,1
84.05210975056688,84.26108934240362,56,84,1,1,1,1,1,1,1,1,2,2,2,2,2,2,1,1,1,1
83.87796009070294,84.05210975056688,56,86,1,1,1,1,1,1,1,1,1,1,1,1,1,1,1
83.6689804988662,83.87796009070294,56,69,1,1,1,1,1,1,1,1,1,1,1,1,1,1,1,1,1,1
83.1800775510204,83.36583718820862,56,60,1,1,1,1,1,1,1,1,1,1,1,1,1,1,1,1
82.52991882086167,83.33100725623582,52,78,1,1,1,1,1,1,1,1,1,1,1,1,1,1,1,1,1,1,1,1,1,1,1,1,1,1,1,1,1,1,1,1,1,1,1,1,1,1,1,1,1,1,1,1,1,1,1,1,1,1,1,1,1,1,1,1,1,1,1,1,1,1,1,1,1,1,1,1,1
82.14678956916099,82.47186893424036,68,46,1,1,1,1,1,1,1,1,1,1,1,1,1,1,1,1,1,1,1,1,1,1,1,1,1,1,1,1
82.14678956916099,82.52991882086167,52,96,1,1,1,1,1,1,1,1,1,1,1,1,1,1,1,1,1,1,1,1,1,1,1,1,1,1,1,1,1,1,1,1,1
81.93780997732426,82.14678956916099,52,102,1,1,1,1,1,1,1,1,1,1,1,1,1,1,1,1,1,1
81.705610430839,81.93780997732426,52,93,1,1,1,1,1,1,1,1,1,1,1,1,1,1,1,1,1,1,1,1
81.1586575963719,81.705610430839,52,68,1,1,1,1,1,1,1,1,1,1,1,1,1,1,1,1,1,1,1,1,1,1,1,1,1,1,1,1,1,1,1,1,1,1,1,1,1,1,1,1,1,1,1,1,1,1,1,1
80.75230839002268,80.98450793650794,53,88,1,1,1,1,1,1,1,1,1,2,2,1,1,1,1,1,1,1,1,1
80.50849886621316,80.75230839002268,53,95,1,1,1,1,1,1,1,1,1,1,1,1,1,1,1,1,1,1,1,1,1
80.33434920634922,80.50849886621316,53,106,1,1,1,1,1,1,1,1,1,1,1,1,1,1,1
80.07892970521543,80.45044897959184,60,56,1,1,1,1,1,1,1,1,1,1,1,1,1,1,1,1,1,1,1,1,1,1,1,1,1,1,1,2,2,2,2,2
80.07892970521543,80.33434920634922,53,106,1,1,1,1,1,1,1,1,1,1,1,1,1,1,1,1,1,1,1,1,1,1
79.99765986394559,80.22985941043085,65,34,2,2,2,2,2,2,1,1,1,1,1,1,1,1,2,2,1,1,1,1
79.49843083900227,80.07892970521543,53,103,1,1,1,1,1,1,1,2,2,2,2,2,2,1,1,1,1,1,1,1,1,1,1,1,1,2,2,2,2,2,1,1,1,1,1,1,1,2,2,2,2,2,2,2,2,2,1,1,1,1
79.39265714285715,79.6145306122449,60,63,2,2,1,1,1,1,1,1,1,1,1,1,1,1,1,1,1,1,1,1
79.20689750566893,79.39265714285715,60,79,1,1,1,1,1,1,1,1,1,1,1,1,1,1,1,2
79.13723764172336,79.36943718820862,81,43,1,1,1,1,1,1,1,1,1,1,1,1,1,1,1,1,1,1,1,1
78.88181814058957,79.20689750566893,60,70,1,1,1,1,1,1,1,1,1,1,1,1,1,1,1,1,1,1,1,1,1,1,1,1,1,1,1,1
78.71927845804989,78.88181814058957,60,99,1,1,1,1,1,1,1,1,1,1,1,1,1,1
78.54512879818594,78.71927845804989,60,98,1,1,1,1,1,1,1,1,1,1,1,1,1,1,1
78.4058090702948,78.54512879818594,60,100,1,1,1,1,1,1,1,1,1,1,1,1
78.23165941043084,78.59156870748299,57,80,2,2,2,2,2,2,2,2,2,2,2,2,2,2,2,2,2,2,2,2,2,2,2,2,2,2,2,2,2,1,1
78.03428979591837,78.23165941043084,57,106,2,2,2,2,2,2,2,1,1,1,1,1,1,1,1,2,2
78.01106984126984,78.20843945578231,72,56,1,1,1,1,1,1,1,1,1,1,1,1,1,1,1,1,1
77.99945986394559,78.17360952380953,60,47,1,1,1,1,1,-7,-7,-7,2,2,2,1,1,1,1
77.86014013605443,78.03428979591837,57,94,1,1,1,1,1,1,1,1,1,1,1,1,1,1,1
77.70921043083901,77.86014013605443,57,76,1,1,1,1,1,1,1,1,1,1,1,1,1
77.53506077097506,77.91819002267574,60,61,1,1,1,1,1,1,1,1,1,1,1,1,1,1,2,2,1,1,1,1,1,1,1,1,1,1,1,1,1,1,1,1,1
77.50023083900227,77.76726031746033,69,39,1,1,1,1,1,1,1,1,1,1,1,1,1,1,1,1,1,1,1,1,1,1,1
76.6862485260771,77.35962721088436,62,62,1,1,1,1,1,1,1,1,1,1,1,1,1,1,1,1,1,1,1,1,1,1,1,1,1,1,1,1,1,1,1,1,1,1,1,1,1,1,1,1,1,1,1,1,1,1,1,1,1,1,1,1,1,1,1,1,1,1
76.65141859410431,77.10420770975057,74,66,1,1,1,1,1,1,1,1,1,1,1,1,1,1,1,1,1,1,1,1,1,1,1,1,1,1,1,1,1,1,1,1,1,1,1,1,1,1,1
76.63980861678004,76.84878820861678,93,50,1,1,1,1,1,1,1,1,1,1,1,1,1,1,1,1,1,1
76.40760907029478,76.65141859410431,74,35,0,1,1,1,1,1,1,1,1,1,1,1,1,1,1,1,1,1,1,1,1
76.40760907029478,76.6862485260771,62,84,1,1,1,1,1,1,1,1,1,1,1,1,1,1,1,1,1,1,1,1,1,1,1,1
76.152189569161,76.40760907029478,62,77,1,1,1,1,1,1,1,1,1,1,1,1,1,1,1,1,1,1,1,1,1,1
75.94320997732426,76.10574965986395,69,64,1,1,1,1,1,1,1,1,1,1,1,1,1,1
75.82711020408163,76.152189569161,62,81,1,1,1,1,1,1,1,1,1,1,1,1,1,1,1,1,1,1,1,1,1,1,1,1,1,1,1,1
75.79228027210884,75.94320997732426,69,38,1,1,1,1,1,1,1,1,1,1,1,1,1
75.56008072562358,75.82711020408163,62,58,1,1,1,1,1,1,1,1,1,1,1,1,1,1,1,1,1,1,1,1,1,1,1
75.41947709750566,75.5833006802721,69,78,1,1,1,1,1,1,1,1,1,1,1,1,1,1,1
75.40786712018141,75.56008072562358,62,73,1,1,1,1,1,1,1,1,1,1,1,1,1,1
75.1292276643991,75.41947709750566,69,47,1,1,1,1,1,1,1,1,1,1,1,1,1,1,1,1,1,1,1,1,1,1,1,1,1
74.86219818594104,75.0015179138322,81,46,1,1,1,1,1,1,1,1,1,1,1,1
74.73448843537415,74.95507800453514,57,60,1,1,1,1,1,1,1,1,1,1,1,1,1,1,1,1,1,1,1
74.72287845804989,75.05956780045351,62,59,1,1,1,1,1,1,1,1,1,1,1,1,1,1,1,1,1,1,1,1,1,1,1,1,1,1,1,1,1
74.71126848072562,74.85058820861678,74,74,1,1,1,1,1,1,1,1,1,1,1,1
74.45584897959183,74.72287845804989,62,51,1,1,1,1,1,1,1,1,1,1,1,1,1,1,1,1,1,1,1,1,1,1,1
74.39779909297052,74.73448843537415,57,71,1,1,1,1,1,1,1,1,1,1,1,1,1,1,1,1,1,1,1,1,1,1,1,1,1,1,1,1,1
74.1191596371882,74.27008934240362,74,65,1,1,1,1,1,1,1,1,1,1,1,1,1
74.09593968253968,74.43262902494331,93,49,1,1,1,1,1,1,1,1,1,1,1,1,1,1,1,1,1,1,1,1,1,1,1,1,1,1,1,1,1
74.0262798185941,74.39779909297052,57,81,1,1,1,1,1,1,1,1,1,1,1,1,1,1,1,1,1,1,1,1,1,1,1,1,1,1,1,1,1,1,1,1
73.8056902494331,74.0262798185941,57,85,1,1,1,1,1,1,1,1,1,1,1,1,1,1,1,1,1,1,1
73.57349070294784,74.0262798185941,72,69,1,1,1,1,1,1,1,1,1,1,1,1,1,1,1,1,1,1,1,1,1,1,1,1,1,1,1,1,1,1,1,1,1,1,1,1,1,1,1
73.43288707482992,73.8056902494331,57,84,1,1,1,1,1,1,1,1,1,1,1,1,1,1,1,1,1,1,1,1,1,1,1,1,1,1,1,1,1,1,1,1,1
73.32839727891155,73.70120045351473,60,67,1,1,1,1,1,1,1,1,1,1,1,1,1,1,1,1,1,1,1,1,1,1,1,1,1,1,1,1,1,1,1,1,1
73.23551746031745,73.43288707482992,57,89,1,1,1,1,1,1,1,1,1,1,1,1,1,1,1,1,1
72.94526802721087,73.23551746031745,57,80,1,1,1,1,1,1,1,1,1,1,1,1,1,1,1,1,1,1,1,1,1,1,1,1,1
72.75950839002267,72.89882811791382,72,64,1,1,1,1,1,1,1,1,1,1,1,1
72.7478984126984,72.95687800453514,60,75,1,1,1,1,1,1,1,1,1,1,1,1,1,1,1,1,1,1
72.56213877551019,72.94526802721087,57,72,1,1,1,1,1,1,1,1,1,1,1,1,1,1,1,1,1,1,1,1,1,1,1,1,1,1,1,1,1,1,1,1,1
72.22544943310658,72.7478984126984,60,95,1,1,1,1,1,1,1,1,1,1,1,1,1,1,1,1,1,1,1,1,1,1,1,1,1,1,1,1,1,1,1,1,1,1,1,1,1,1,1,1,1,1,1,1,1
71.9352,72.22544943310658,60,95,1,1,1,1,1,1,1,1,1,1,1,1,1,1,1,1,1,1,1,1,1,1,1,1,1
71.66817052154194,71.9352,60,94,1,1,1,1,1,1,1,1,1,1,1,1,1,1,1,1,1,1,1,1,1,1,1
71.59851065759636,71.74944036281178,81,51,1,1,1,1,1,1,1,1,1,1,1,1,1
71.54046077097505,71.91198004535147,57,62,1,1,1,1,1,1,1,1,1,2,2,2,2,2,2,2,2,2,2,2,2,2,1,1,1,1,1,1,1,1,1,1
71.260537414966,71.54046077097505,57,98,1,1,1,1,1,1,1,1,1,1,1,1,1,1,1,1,1,1,1,1,1,1,1,1,1
70.76130839002268,71.260537414966,57,72,1,1,1,1,1,1,1,1,1,1,1,1,1,1,1,1,1,1,1,1,1,1,1,1,1,1,1,1,1,1,1,1,1,1,1,1,1,1,1,1,1,1,1
70.45944897959184,70.85418820861679,52,54,1,1,1,1,1,1,1,1,1,1,1,1,1,1,1,1,1,1,1,1,1,1,1,1,1,1,1,1,1,1,1,1,1,1
70.43622902494332,70.83096825396827,40,73,0,1,1,1,1,1,1,1,1,1,1,1,1,1,1,1,1,1,1,1,1,1,1,1,1,1,1,1,1,1,1,1,1,1
70.42461904761905,70.7264784580499,56,48,1,1,1,1,1,1,1,1,1,1,1,1,1,1,1,1,1,1,1,1,1,1,1,1,1,1
70.32012925170069,70.7845283446712,68,69,1,1,1,1,1,1,1,1,1,1,1,1,1,1,1,1,1,1,1,1,1,1,1,1,1,1,1,1,1,1,1,1,1,1,1,1,1,1,1,1
70.2504693877551,70.49427891156463,71,51,1,1,1,1,1,1,1,1,1,1,1,1,1,1,1,1,1,1,1,1,1
70.2504693877551,70.45944897959184,52,59,1,1,1,1,1,1,1,1,1,1,1,1,1,1,1,1,1,1
70.23885941043085,70.51749886621316,76,47,1,1,1,1,1,1,1,1,1,1,1,1,1,1,1,1,1,1,1,1,1,1,1,1
70.20402947845805,70.43622902494332,40,92,1,1,1,1,1,1,1,1,1,1,1,1,1,1,1,1,0,0,0,0
70.09953968253969,70.23885941043085,76,37,1,1,1,1,1,1,1,1,1,1,1,1
70.0647097505669,70.20402947845805,40,87,2,2,2,2,2,2,1,1,1,1,1,1
69.96021995464854,70.32012925170069,68,66,1,1,1,1,1,1,1,1,1,1,1,1,1,1,1,1,1,1,1,1,1,1,1,1,1,1,1,1,1,1,1
69.94860997732427,70.12275963718821,56,66,1,1,1,1,1,1,1,1,1,1,1,1,1,1,1
69.93700000000001,70.2504693877551,52,79,1,1,1,1,1,1,1,1,1,1,1,1,1,1,1,1,1,1,1,1,1,1,1,1,1,1,1
69.82090022675737,70.0647097505669,40,70,1,1,1,1,1,1,1,1,1,1,1,1,1,1,1,1,1,1,2,2,2
69.79768027210885,70.09953968253969,76,49,2,1,1,1,1,1,1,1,1,1,1,1,1,1,1,1,1,1,1,1,1,1,1,1,1,1
69.716410430839,69.93700000000001,52,75,1,1,1,1,1,1,1,1,1,1,1,1,1,1,1,1,1,1,1
69.52936689342404,69.716410430839,52,73,1,1,1,1,1,1,1,1,1,1,1,1,1,1,1,1,1
69.51775691609977,69.82090022675737,40,56,1,1,1,1,1,1,1,1,1,1,1,1,1,1,1,0,0,0,0,0,1,1,0,0,0,0,1
69.30877732426305,69.52936689342404,52,41,1,1,1,1,1,1,1,1,1,1,1,1,1,1,1,1,1,1,1
69.30877732426305,69.51775691609977,40,77,1,1,1,1,1,1,1,1,1,1,1,1,1,1,1,1,1,1
69.12301768707484,69.30877732426305,40,74,1,1,1,1,1,1,1,1,1,1,1,1,1,1,1,1
68.6934485260771,69.12301768707484,41,63,1,1,1,1,1,1,1,1,1,1,1,1,1,1,1,1,1,1,1,1,1,1,1,1,1,1,1,2,2,2,2,3,3,3,1,1,1
68.68183854875284,68.92564807256237,60,42,1,1,1,1,1,1,1,1,1,1,1,1,1,1,1,1,1,1,1,1,1
68.67022857142858,69.0069179138322,72,45,1,1,1,1,1,1,1,1,1,1,1,1,1,1,1,1,1,1,1,1,1,1,1,1,1,1,1,1,1
68.67022857142858,69.18106757369615,53,69,1,1,1,1,1,1,1,1,1,1,1,1,1,1,1,1,1,1,1,1,1,1,1,1,1,1,1,1,1,1,1,1,1,1,1,1,1,1,1,1,1,1,1,1
68.53090884353742,68.67022857142858,69,57,1,1,1,1,1,1,1,1,1,1,1,1
68.53090884353742,68.6934485260771,41,64,2,2,2,2,1,1,1,1,1,1,1,1,1,1
68.44963900226757,68.67022857142858,53,53,0,0,0,1,1,1,1,1,1,1,1,1,1,1,1,1,1,1,1
68.32192925170068,68.53090884353742,69,59,1,1,1,1,1,1,1,1,1,1,1,1,1,1,1,1,1,1
68.2522693877551,68.70505850340136,77,64,1,1,1,1,1,1,1,1,1,1,1,1,1,1,1,1,1,1,1,1,1,1,1,1,1,1,1,1,1,1,1,1,1,1,1,1,1,1,1
68.2522693877551,68.55412879818594,65,43,1,1,1,1,1,1,1,1,1,1,1,1,1,1,1,1,1,1,1,1,1,1,1,1,1,1
68.2522693877551,68.40319909297052,60,44,1,1,1,1,1,1,1,1,1,1,1,1,1
68.2522693877551,68.5076888888889,57,58,1,1,1,1,1,1,1,1,1,1,1,1,1,1,1,1,1,1,1,1,1,1
68.2522693877551,68.53090884353742,41,73,1,1,1,1,1,1,1,1,1,1,1,1,1,1,1,1,1,1,1,1,1,1,1,1
68.11294965986394,68.3451492063492,53,45,1,1,1,1,1,1,0,0,0,0,0,1,1,1,1,1,1,1,1,1
68.07811972789116,68.2522693877551,41,91,1,1,1,1,1,1,1,1,1,1,1,1,1,1,1
67.91558004535148,68.07811972789116,41,82,1,1,1,1,1,1,1,1,1,1,1,1,1,1
67.86914013605443,68.32192925170068,69,42,1,1,1,1,1,1,1,1,1,1,1,1,1,1,1,1,1,1,1,1,1,1,1,1,1,1,1,1,1,1,1,1,1,1,1,1,1,1,1
67.86914013605443,68.2522693877551,57,48,0,0,1,1,1,1,1,1,1,1,1,1,1,1,1,2,2,1,1,1,1,1,1,1,1,1,1,2,2,0,0,1,1
67.83431020408163,68.29870929705216,72,54,1,1,1,1,1,1,1,1,1,1,1,1,1,1,1,1,1,1,1,1,1,1,1,1,1,1,1,1,1,1,1,1,1,1,1,1,1,1,1,1
67.83431020408163,68.2522693877551,65,64,1,1,1,1,1,1,1,1,1,1,1,1,1,1,1,1,1,1,1,1,1,1,1,1,1,1,1,1,1,1,1,1,1,1,1,1
67.83431020408163,67.98523990929705,60,70,1,1,1,1,1,1,1,1,1,1,1,1,1
67.55567074829932,67.91558004535148,41,74,1,1,1,1,1,1,1,1,1,1,1,1,1,1,1,1,1,1,1,1,1,1,1,1,1,1,1,1,1,1,1
67.38023718820861,67.55567074829932,41,61,1,1,1,1,1,1,1,1,0,0,0,0,1,1,1,1
67.19447755102041,67.4150671201814,43,65,1,1,1,1,1,1,1,1,1,1,1,1,1,1,1,1,1,1,1
67.0087179138322,67.26413741496599,57,52,0,0,0,1,1,1,0,1,1,1,1,1,1,1,1,1,1,1,1,1,1,1
66.99710793650793,67.4150671201814,69,52,1,1,1,1,1,1,1,1,1,1,1,1,1,1,1,1,1,1,1,1,1,1,1,1,1,1,1,1,1,1,1,1,1,1,1,1
66.9158380952381,67.19447755102041,43,71,1,1,1,1,1,1,1,1,1,1,1,1,1,1,1,1,1,1,1,1,1,1,1,1
66.67202857142857,66.83456825396826,69,48,1,1,1,1,1,1,1,1,1,1,1,1,1,1
66.57914875283447,67.48472698412698,74,64,1,1,1,1,1,1,1,1,1,1,1,1,1,1,1,1,1,1,1,1,1,1,1,1,1,1,1,1,1,1,1,1,1,1,1,1,1,1,1,1,1,1,1,1,1,1,1,1,1,1,1,1,1,1,1,1,1,1,1,1,1,1,1,1,1,1,1,1,1,1,1,1,1,1,1,1,1,1
66.4746589569161,66.67202857142857,69,40,1,1,1,1,1,1,1,1,1,1,1,1,1,1,1,1,1
66.161189569161,66.57914875283447,74,51,1,1,1,1,1,0,0,0,1,1,1,1,1,1,1,1,0,0,0,0,0,1,1,1,1,1,1,1,1,1,0,0,0,1,1,1
66.14957959183674,66.39338911564626,69,53,1,1,1,1,1,1,1,1,1,1,1,1,1,1,1,1,1,1,1,1,1
65.98703990929705,66.99710793650793,50,56,1,1,1,1,1,1,1,1,1,1,1,1,1,1,1,1,1,1,1,1,1,1,1,1,1,1,1,1,1,1,1,1,1,1,1,1,1,1,1,1,1,1,1,1,1,1,1,1,1,1,1,1,1,1,1,1,1,1,1,1,1,1,1,1,1,1,1,1,1,1,1,1,1,1,1,1,1,1,1,1,1,1,1,1,1,1,1
65.76645034013606,66.34694920634921,43,54,2,2,1,1,1,1,1,1,1,1,1,1,1,0,0,0,1,1,1,1,1,1,1,1,1,1,1,1,1,1,1,1,1,1,1,1,1,1,1,1,1,1,1,1,1,1,1,1,1,1
65.53296689342403,65.77806031746032,72,77,1,1,1,1,1,1,1,1,1,1,1,1,1,1,1,1,1,1,1,1,1,1
65.35881723356009,65.73162040816327,57,70,1,1,1,1,1,1,1,1,1,1,1,1,1,1,1,1,1,1,1,1,1,1,1,1,1,1,1,1,1,1,1,1,1
65.3239873015873,65.46330702947846,60,58,1,1,1,1,1,1,1,1,1,1,1,1
65.28915736961451,65.720010430839,45,58,0,0,0,0,0,0,0,0,0,0,0,0,0,1,1,1,1,1,1,1,0,0,0,0,1,1,1,1,1,1,0,0,1,1,1,1,1,1
65.20788752834467,65.53296689342403,72,53,1,1,1,1,0,0,0,1,1,1,1,1,1,1,1,1,1,1,1,1,1,1,1,1,1,1,1,1
65.20788752834467,65.48652698412698,69,45,1,1,1,1,1,1,1,1,1,1,1,1,1,1,1,1,1,1,1,1,1,1,1,1
65.20788752834467,65.35881723356009,57,40,1,1,1,1,1,1,1,1,1,1,1,1,1
64.92924807256236,65.14983764172335,60,57,1,1,1,1,1,1,1,1,1,1,1,1,1,1,1,1,1,1,1
64.91763809523809,65.20788752834467,72,60,1,1,1,1,1,1,1,1,1,1,1,1,1,1,1,1,1,1,1,1,1,1,1,1,1
64.80153832199547,65.28915736961451,45,66,1,1,1,1,1,1,1,1,1,1,1,1,1,1,1,1,1,1,1,1,1,1,1,1,1,1,1,0,0,0,0,0,0,0,0,1,1,1,1,1,1,0
64.6622185941043,64.91763809523809,72,60,1,1,1,1,1,1,1,1,1,1,1,1,1,1,1,1,1,1,2,2,1,1
64.6622185941043,64.80153832199547,45,88,1,1,1,1,1,1,1,1,1,1,1,1
64.55772879818593,65.0105179138322,57,66,1,1,1,1,1,1,1,1,1,1,1,1,1,1,1,1,1,1,1,1,1,1,1,1,1,1,1,1,1,1,1,1,1,1,1,1,1,1,1
64.47645895691609,64.73187845804988,69,61,1,1,1,1,1,1,1,1,1,1,1,1,1,1,1,1,1,1,1,1,1,1
64.44162902494331,64.6622185941043,45,68,1,1,1,1,1,1,1,1,1,1,1,1,1,1,1,1,1,1,1
64.39518911564626,64.55772879818593,57,65,1,1,1,1,1,1,1,1,1,1,1,1,1,1
64.30230929705215,64.44162902494331,45,67,1,1,1,1,1,1,1,1,1,1,1,1
64.26747936507937,64.6622185941043,72,44,1,1,1,1,1,1,1,1,1,1,1,1,1,1,1,1,1,1,1,1,1,1,1,1,1,1,1,1,1,1,1,1,1,1
64.162989569161,64.30230929705215,45,72,1,1,1,1,1,1,1,1,1,1,1,1
64.11654965986395,64.39518911564626,57,53,0,0,1,1,1,1,1,1,1,1,1,1,1,1,1,1,1,1,1,1,1,1,1,1
64.10493968253968,64.32552925170067,60,43,1,1,1,1,1,1,1,1,1,1,1,1,1,1,1,1,1,1,1
63.977229931972786,64.54611882086168,52,58,1,1,1,1,1,1,1,1,1,1,1,1,1,1,1,1,1,1,1,1,1,1,1,1,1,1,1,1,1,1,1,1,1,1,1,1,1,1,1,1,1,1,1,1,1,1,1,1,1
63.94239999999999,64.11654965986395,68,90,1,1,1,1,1,1,1,1,1,1,1,1,1,1,1
63.80308027210884,63.977229931972786,52,80,1,1,1,1,1,1,1,1,1,1,1,1,1,1,1
63.686980498866205,63.94239999999999,68,64,1,1,1,1,1,1,1,1,1,1,1,1,1,1,1,1,1,1,1,1,1,1
63.686980498866205,63.89596009070294,56,70,1,1,1,1,1,1,1,1,1,1,1,1,1,1,1,1,1,1
63.62893061224489,64.10493968253968,40,71,1,1,1,1,1,1,1,1,1,1,1,1,1,1,1,1,1,1,1,1,1,1,1,1,1,1,1,1,1,1,1,1,1,1,1,1,1,1,1,2,2
63.61732063492063,63.80308027210884,52,64,1,1,1,1,1,1,1,1,1,1,1,1,1,1,1,1
63.46510702947846,63.62893061224489,40,89,1,1,1,1,1,1,1,1,1,1,1,1,1,1,1
63.24451746031746,63.46510702947846,40,86,1,1,1,1,1,1,1,1,1,1,1,1,1,1,1,1,1,1,1
63.2329074829932,63.61732063492063,52,48,1,1,1,1,2,2,2,2,2,2,1,1,1,1,1,1,1,1,1,1,1,1,1,1,1,1,1,1,1,1,1,1,1,2
63.221297505668936,63.686980498866205,68,73,1,1,1,1,1,1,1,1,1,1,1,1,1,1,1,1,1,1,1,1,1,1,1,1,1,1,1,1,1,1,1,1,1,1,1,1,1,1,1,1,1
63.07036780045352,63.221297505668936,69,63,1,1,1,1,1,1,1,1,1,1,1,1,1
63.02392789115646,63.24451746031746,40,82,1,1,1,1,1,1,1,1,1,1,1,1,1,1,1,1,1,1,1
63.000707936507936,63.2329074829932,52,57,1,1,1,1,1,1,1,1,1,1,1,1,1,1,1,1,1,1,1,1
62.95426802721089,63.174857596371886,57,40,1,1,1,1,1,1,1,1,1,1,1,1,1,1,1,1,1,1,1
62.74528843537415,63.02392789115646,40,55,1,1,1,1,1,1,1,1,1,1,1,1,1,1,0,0,1,1,1,1,1,1,1,1
62.46664897959184,62.74528843537415,40,72,1,1,1,1,1,1,1,1,1,1,1,1,1,1,1,1,1,1,1,1,1,1,1,1
62.385379138321994,62.71045850340136,71,62,1,1,1,1,1,1,1,1,1,1,1,1,1,1,1,1,1,1,1,1,1,1,1,1,1,1,1,1
62.02546984126984,62.37376916099773,69,61,1,1,1,1,1,1,1,1,1,1,1,1,1,1,1,1,1,1,1,1,1,1,1,1,1,1,1,1,1,1
62.02546984126984,62.18800952380953,57,68,1,1,1,1,1,1,1,1,1,1,1,1,1,2
61.97902993197279,62.118349659863945,60,64,1,1,1,1,1,1,1,1,1,1,1,1
61.86293015873016,62.385379138321994,41,64,0,0,0,0,1,1,1,1,1,1,1,1,1,1,1,1,1,1,1,1,1,1,1,1,1,1,1,1,1,1,1,1,1,1,1,1,1,1,1,1,1,1,1,1,1
61.53656689342404,61.77005034013605,72,62,1,1,1,1,1,1,1,1,1,1,1,1,1,1,1,1,1,1,1,1,1
61.36241723356009,61.86293015873016,41,75,1,1,1,1,1,1,1,1,1,1,1,1,1,1,1,1,1,1,1,1,1,1,1,1,1,1,1,1,1,1,1,1,1,1,2,2,2,1,1,1,1,1,0,0
61.33919727891156,61.52495691609977,53,54,1,1,1,1,1,1,1,1,1,1,1,1,1,1,1,1
61.16504761904762,61.31597732426304,57,37,0,1,1,1,1,1,1,1,1,1,1,1,1
61.130217687074826,61.36241723356009,41,73,1,1,1,1,1,1,1,1,1,1,1,1,1,1,1,1,1,1,1,1
61.11860770975056,61.25792743764172,69,62,1,1,1,1,1,1,1,1,1,1,1,1
60.805138321995464,61.130217687074826,41,78,1,1,1,1,1,1,1,1,1,1,1,1,1,1,1,1,1,1,1,1,1,1,1,1,1,1,1,1
60.39878911564626,60.66581859410431,43,59,1,1,1,1,1,1,1,1,1,1,1,1,1,1,1,1,1,1,1,1,1,1,1
60.32912925170068,60.50327891156462,57,51,1,1,1,1,1,1,1,1,1,1,1,1,1,1,1
60.271079365079366,60.45683900226757,59,58,1,1,1,1,1,1,1,1,1,1,1,1,1,1,1,1
60.247859410430834,60.39878911564626,43,77,1,1,1,1,1,1,1,1,1,1,1,1,1
59.85312018140589,60.06209977324263,74,63,1,1,1,1,1,1,1,1,1,1,1,1,1,1,1,1,1,1
59.74863038548752,59.96921995464852,50,56,1,1,1,1,1,1,1,1,1,1,1,1,1,1,1,1,1,1,1
59.69058049886621,59.89956009070295,43,77,1,1,1,1,1,1,1,1,1,1,1,1,1,1,1,1,1,1
59.4570970521542,59.69058049886621,69,52,1,1,1,1,1,1,1,1,1,1,1,1,1,1,1,1,1,1,1,1,1
59.445487074829934,59.6325306122449,57,61,1,1,1,1,1,1,1,1,1,1,1,1,1,1,1,1,1
59.1436276643991,59.69058049886621,43,59,1,1,1,1,1,1,1,1,1,1,1,1,1,1,1,1,1,1,1,1,1,1,1,1,1,1,1,1,1,1,1,1,1,1,1,1,0,0,0,0,1,1,1,1,1,1,1,1
59.07396780045352,59.24811746031746,60,53,1,1,1,1,1,1,1,1,1,1,1,1,1,1,1
58.76049841269842,59.20167755102041,57,62,1,1,1,1,1,1,1,1,1,1,1,1,1,1,1,1,1,1,1,1,1,1,1,1,0,0,0,0,0,0,0,0,0,0,1,1,1,1
58.65600861678005,58.81854829931973,60,73,1,1,1,1,1,1,1,1,1,1,1,1,1,1
58.60956870748299,58.76049841269842,57,63,1,1,1,1,1,1,1,1,1,1,1,1,1
58.574738775510205,58.99269795918367,45,67,1,1,1,1,1,1,1,1,1,1,1,1,0,0,0,0,1,1,1,1,1,1,1,1,1,1,1,1,1,1,1,1,1,1,1,1
58.44702902494331,58.60956870748299,57,60,1,1,1,1,1,1,1,1,1,1,1,1,1,1
58.354149206349206,58.574738775510205,45,82,1,1,1,1,1,1,1,1,1,1,1,1,1,1,1,1,1,1,1
58.238049433106575,58.42380907029479,60,67,1,1,1,1,1,1,1,1,1,1,1,1,1,1,1,1
58.21482947845805,58.44702902494331,57,62,0,0,1,1,1,1,1,1,1,1,1,1,1,1,1,1,1,1,1,1
58.20321950113379,58.354149206349206,45,59,1,1,1,1,1,1,1,1,1,1,2,2,1
58.17999954648526,58.4818589569161,72,56,1,1,1,1,1,1,1,1,1,1,1,1,1,1,1,1,1,1,1,1,1,1,1,1,1,1
58.029069841269845,58.20321950113379,45,90,1,1,1,1,1,1,1,1,1,1,1,1,1,1,1
57.98262993197279,58.145169614512476,57,66,1,1,1,1,1,1,1,1,1,1,1,1,1,1
57.78526031746032,57.924580045351476,60,51,1,1,1,1,1,1,1,1,1,1,1,1
57.762040362811796,58.01745986394558,69,69,0,1,1,1,1,1,1,1,1,1,1,1,1,1,1,1,1,1,1,1,1,1
57.762040362811796,57.98262993197279,57,70,1,1,1,1,1,1,1,1,1,1,1,1,1,1,1,1,1,1,1
57.762040362811796,58.029069841269845,45,75,0,1,1,1,1,1,1,1,1,1,1,1,1,1,1,1,1,1,1,1,1,1,1
57.586606802721086,57.762040362811796,57,67,1,1,1,1,1,1,1,1,1,1,1,1,1,1,1,1
57.366017233560086,57.62272063492064,60,59,1,1,1,1,1,1,1,1,1,1,1,1,1,1,1,1,1,1,1,1,1,1,1
57.366017233560086,57.61111065759637,52,41,1,1,1,1,1,1,1,1,1,1,1,1,1,1,1,1,1,1,1,1,1,1
57.34279727891156,57.692380498866214,45,75,1,1,1,1,1,1,1,1,1,1,1,1,1,1,1,1,1,1,1,1,1,1,1,1,1,1,1,1,1,1,1
57.21508752834467,57.354407256235824,68,73,1,1,1,1,1,1,1,1,1,1,1,1
57.07576780045351,57.21508752834467,52,38,2,1,1,1,1,1,1,1,1,1,1,1
57.07576780045351,57.307967346938774,40,52,1,1,1,1,1,1,1,1,1,1,1,1,1,1,1,1,1,1,1,1
57.02932789115646,57.31957732426304,56,74,1,1,1,1,1,1,1,1,1,1,1,1,1,1,1,1,1,1,1,1,1,1,1,1,1
56.820348299319726,57.18025759637188,64,48,1,1,1,1,1,1,1,1,1,1,1,1,1,1,1,1,1,1,1,1,1,1,1,1,1,1,1,1,1,1,1
56.820348299319726,57.040937868480725,52,56,1,1,1,1,1,1,1,1,1,1,1,1,1,1,1,1,1,1,1
56.7971283446712,57.07576780045351,40,77,1,1,1,1,1,1,1,1,1,1,1,1,1,1,1,1,1,1,1,1,1,1,1,1
56.495268934240364,56.7971283446712,40,79,0,0,0,1,1,1,1,1,1,1,1,1,1,1,1,1,1,1,1,1,1,1,1,1,1,1
56.34433922902494,56.495268934240364,40,73,1,1,0,0,0,0,0,0,0,0,0,0,0
56.10052970521542,56.23984943310658,57,61,1,1,1,1,1,1,1,1,1,1,1,1
56.007649886621316,56.56492879818594,71,77,1,1,1,1,1,1,1,1,1,1,1,1,1,1,1,1,1,1,1,1,1,1,1,1,1,1,1,1,1,1,1,1,1,1,1,1,1,1,1,1,1,1,1,1,2,2,1,1
55.92638004535147,56.12374965986395,40,68,0,0,1,1,1,1,1,1,1,1,1,1,1,1,1,1,1
55.76384036281179,55.92638004535147,40,73,1,1,1,1,1,1,1,1,1,1,1,1,1,0
55.69418049886621,55.937990022675734,60,58,1,1,1,1,1,1,1,1,1,1,1,1,1,1,1,1,1,1,1,1,1
55.69418049886621,55.90316009070295,57,66,1,1,1,1,1,1,1,1,1,1,1,1,1,1,1,1,1,1
55.518746938775514,55.787060317460316,69,59,1,1,1,1,1,1,1,1,1,1,1,1,1,1,1,1,1,1,1,1,1,1,1,1
55.182057596371884,55.60001678004535,72,53,1,1,1,1,1,1,1,1,1,1,1,1,1,2,2,2,1,1,1,1,1,1,1,1,1,1,1,1,1,2,1,1,1,1,1,1
54.88019818594105,55.05434784580499,41,64,1,1,1,1,1,1,1,1,1,1,1,1,1,-1,-1
54.868588208616785,55.077567800453515,57,50,1,1,1,1,1,1,1,1,1,1,1,1,1,1,1,1,1,1
54.85697823129252,55.47230702947846,60,55,1,1,1,1,1,1,1,1,1,1,1,1,1,1,1,1,1,1,1,1,1,1,1,1,1,1,1,1,1,1,1,2,2,2,2,2,2,2,1,1,1,1,1,1,1,1,1,1,1,1,1,1,1
54.68282857142857,54.99629795918368,69,63,1,1,1,1,1,1,1,1,1,1,1,1,1,1,1,1,1,1,1,1,1,1,1,1,1,1,1
54.67121859410431,54.88019818594105,41,76,1,1,1,1,1,1,1,1,1,1,1,1,1,1,1,1,1,1
54.43901904761905,54.613168707483,60,71,1,1,1,1,1,1,1,1,1,1,1,1,1,1,1
54.00944988662132,54.24164943310658,60,42,1,1,1,1,1,1,1,1,1,1,1,1,1,1,1,1,1,1,1,1
53.997839909297056,54.67121859410431,41,85,1,1,1,1,1,1,1,1,1,1,1,2,1,1,1,1,1,1,1,1,1,1,1,1,1,1,1,1,1,1,1,1,1,1,1,1,1,1,1,1,1,1,1,1,1,1,1,1,1,1,1,1,1,1,1,1,1,1
53.87013015873016,54.148769614512474,69,53,1,1,1,1,1,1,1,1,1,1,1,1,1,1,1,1,1,1,1,1,1,1,1,1
53.62503673469388,53.87013015873016,69,48,1,1,1,1,1,1,1,1,1,1,1,1,1,1,1,1,1,1,1,1,1,1
53.59020680272109,53.77725034013606,57,61,1,1,1,1,1,1,0,1,1,1,1,1,1,1,1,1,1
53.57859682539682,53.77725034013606,60,63,1,1,1,1,1,1,1,1,1,1,1,1,1,1,1,1,1,1
53.39283718820862,53.59020680272109,74,68,1,1,1,1,1,1,1,1,1,1,1,1,2,2,2,2,2
53.36961723356009,53.52054693877551,43,38,1,1,1,1,1,1,-1,1,0,0,0,0,0
52.76589841269841,52.940048072562355,60,64,1,1,1,1,1,1,1,1,1,1,1,1,1,1,1
52.731068480725625,52.940048072562355,57,57,1,1,1,1,1,1,1,1,1,1,1,1,1,1,1,0,1,1
52.614968707482994,53.07936780045352,43,55,0,1,1,1,1,1,1,1,1,1,1,1,1,1,1,1,1,1,1,1,1,1,1,1,1,1,1,1,1,1,1,1,1,1,1,1,0,0,0,0
52.464039002267576,52.614968707482994,43,54,1,1,1,1,1,1,1,1,1,0,0,0,0
52.347939229024945,52.76589841269841,60,49,1,1,1,1,1,1,1,1,1,1,1,1,1,1,1,1,1,1,1,1,1,1,1,1,1,1,1,1,1,1,1,1,3,1,1,1
52.32471927437642,52.510478911564626,57,60,1,1,1,1,1,1,1,1,1,1,1,1,1,1,1,1
51.92998004535147,52.173789569160995,60,63,1,2,2,2,2,2,2,2,2,2,1,1,1,1,1,1,1,1,1,1,1
51.91837006802721,52.127349659863945,45,61,1,1,1,2,2,2,2,2,1,1,1,1,1,1,1,0,0,0
51.906760090702946,52.16217959183673,57,67,1,1,1,1,1,1,1,1,1,1,1,1,1,1,1,1,1,1,1,1,1,2
51.72100045351474,51.92998004535147,72,81,1,1,1,1,1,1,1,1,1,1,1,1,1,1,1,1,1,1
51.72100045351474,51.91837006802721,45,69,1,1,1,1,1,1,1,1,1,1,1,1,1,1,1,1,1
51.510736961451244,51.72100045351474,72,40,1,1,1,1,1,1,1,1,1,1,1,1,1,1,1,1,1,1,1
51.510736961451244,51.92998004535147,60,58,1,1,1,1,1,1,1,1,1,1,1,1,1,1,1,1,1,1,1,1,1,1,1,1,1,1,1,1,1,1,1,1,1,1,1,1,1
51.49912698412698,51.72100045351474,45,48,1,1,1,1,1,1,1,1,1,2,2,2,0,0,0,1,1,1,1,1
51.359807256235825,51.6500566893424,69,63,1,1,1,1,1,1,1,1,1,1,1,1,1,1,1,1,1,1,1,1,1,1,1,1,1
51.34819727891156,51.49912698412698,45,80,1,1,1,1,1,1,1,1,1,1,1,1,1
51.32497732426304,51.63844671201814,57,60,1,1,1,1,1,1,1,1,1,1,1,1,1,1,1,1,1,1,1,1,1,1,1,1,1,1,1
51.03472789115646,51.32497732426304,57,58,1,1,1,1,0,0,0,0,1,1,1,1,1,1,1,1,1,1,1,1,1,1,1,1,1
50.860578231292514,51.34819727891156,45,57,1,1,1,1,1,1,1,1,1,1,1,1,1,1,0,0,0,0,0,0,0,0,1,1,1,1,1,1,1,1,1,1,1,1,1,1,1,1,1,1,1,1
50.65159863945578,50.860578231292514,45,93,1,1,1,1,1,1,1,1,1,1,1,1,1,1,1,1,1,1
50.2684693877551,50.50066893424036,56,61,1,1,1,1,1,1,1,1,1,1,1,1,1,1,1,1,1,1,1,1
50.05948979591837,50.60515873015873,68,61,1,1,1,1,1,1,1,1,1,1,1,1,1,1,1,1,1,1,1,1,1,1,1,1,1,1,1,1,1,1,1,1,1,1,1,1,1,1,1,1,1,1,1,1,1,1,1
50.05948979591837,50.60515873015873,40,82,0,0,0,0,0,0,0,0,0,0,0,0,0,0,1,1,1,1,1,1,1,1,1,1,1,1,1,1,1,1,1,1,1,1,1,1,1,1,1,1,1,1,1,1,1,1,1
49.81568027210884,50.05948979591837,68,55,1,1,1,1,1,1,1,1,1,1,1,1,1,1,1,1,1,1,1,1,1
49.80407029478458,50.02465986394557,56,46,1,1,2,2,2,2,2,2,2,2,1,1,1,1,2,2,1,2,2
49.664750566893424,49.93178004535147,71,68,1,2,2,2,1,1,1,1,1,1,1,1,1,1,1,1,1,1,1,1,1,1,1
49.6518566893424,50.05948979591837,40,71,1,1,1,1,1,1,1,0,1,1,1,1,0,0,0,0,0,0,0,0,0,0,0,2,2,2,2,2,2,2,2,2,1,1,1,0
49.617026757369615,50.02465986394557,59,37,1,1,1,1,1,1,1,1,1,1,1,1,1,1,1,1,1,1,1,1,1,1,1,1,1,2,2,1,1,1,1,1,1,1,1,1
49.43126712018141,49.59380680272109,57,66,1,1,1,1,1,1,1,1,1,1,1,1,1,1
49.41965714285715,49.664750566893424,71,76,2,1,1,1,1,1,1,1,1,1,1,2,2,2,1,1,1,1,1,1,1,1
49.129407709750566,49.41965714285715,71,68,1,1,1,1,1,1,1,1,1,1,1,2,2,2,2,2,2,1,1,1,1,1,1,2,2
49.03652789115646,49.43126712018141,57,48,1,1,1,1,1,1,1,1,1,1,1,1,1,1,1,1,1,1,1,1,1,0,0,0,0,0,0,0,0,0,1,1,1,1
49.0249179138322,49.6518566893424,40,69,1,1,1,1,1,1,1,1,1,1,1,1,1,1,1,1,1,1,1,1,1,1,1,1,1,1,1,1,1,1,1,1,1,1,1,1,1,1,1,1,1,1,1,1,1,1,1,1,1,1,1,1,1,1
49.00169795918367,49.19906757369615,60,64,1,1,1,1,1,1,1,1,1,1,1,1,1,1,1,1,1
48.72305850340136,49.14101768707483,69,79,1,1,1,1,1,1,1,1,1,1,1,1,1,1,1,1,1,1,1,1,1,1,1,1,1,1,1,1,1,1,1,1,1,1,1,1
48.7114485260771,49.00169795918367,60,44,1,1,1,1,1,1,1,1,1,1,1,1,1,1,1,1,1,2,2,2,2,2,1,1,1
48.57212879818594,48.7114485260771,60,64,1,1,1,1,1,1,1,1,1,1,1,1
48.56051882086168,49.03652789115646,57,61,1,1,1,1,1,1,1,1,1,1,1,1,1,1,1,1,1,1,1,1,1,1,1,1,1,1,1,1,2,2,2,2,2,1,1,1,1,1,1,1,1
48.54890884353742,48.72305850340136,69,58,1,1,1,1,1,1,1,1,1,1,1,1,1,1,1
48.43280907029479,48.60695873015873,72,74,1,1,1,1,1,1,1,1,1,1,1,1,1,1,1
48.38636916099773,48.95525804988662,41,71,1,1,1,1,1,1,1,1,1,1,1,1,1,1,1,1,1,1,1,1,1,1,1,1,1,1,1,1,1,1,1,1,1,1,1,1,1,1,1,1,1,1,1,1,1,1,1,1,1
48.28187936507937,48.43280907029479,72,71,1,1,1,1,1,1,1,1,1,1,1,1,1
48.2702693877551,48.40958911564626,60,49,1,1,1,1,1,1,1,1,1,1,1,1
48.14255963718821,48.29348934240363,57,65,1,1,1,1,1,1,1,1,1,1,1,1,2
48.130949659863944,48.38636916099773,41,69,1,1,1,1,1,1,1,1,1,1,1,1,1,1,1,1,1,1,1,1,1,1
47.968409977324264,48.130949659863944,41,78,0,0,0,0,0,0,0,1,1,1,1,1,1,1
47.71299047619048,47.88714013605442,60,53,1,1,1,1,1,1,2,1,1,1,1,1,1,1,1
47.701380498866214,47.85231020408163,57,72,1,1,1,1,1,1,1,1,1,1,1,1,1
47.583996825396824,47.71299047619048,69,69,1,1,1,1,1,1,1,1,1,1,1,1
47.35179727891156,47.583996825396824,69,44,1,1,1,1,1,1,1,1,1,1,1,1,1,1,1,1,1,1,1,1
47.35179727891156,47.968409977324264,41,75,1,1,1,1,1,1,1,1,1,1,1,1,1,1,1,1,1,1,1,1,1,1,1,1,1,1,1,1,1,1,1,1,1,1,1,2,2,2,2,2,1,1,1,1,1,1,1,0,0,0,0,0,0,0
47.3401873015873,47.54916689342404,60,52,1,1,1,1,1,1,1,1,1,1,1,1,1,1,1,1,1,1
47.3401873015873,47.49111700680272,57,69,1,1,1,1,1,1,1,1,1,1,1,1,1
47.166037641723356,47.35179727891156,69,54,1,1,1,1,1,1,1,1,1,1,2,1,1,1,1,1
47.166037641723356,47.3401873015873,57,40,1,1,1,1,1,1,1,1,1,1,1,1,1,1,1
46.91061814058957,47.07315782312925,60,42,0,1,1,1,1,1,1,1,1,1,1,1,1,1
46.74807845804988,46.96866802721088,74,78,1,1,1,1,1,1,1,1,1,1,1,1,1,1,1,1,1,1,1
46.666808616780045,46.980278004535144,43,67,0,0,0,0,0,0,0,0,0,1,1,1,1,1,1,1,1,1,1,1,1,1,1,1,1,1,1
46.48104897959183,46.67841859410431,60,71,1,1,1,1,1,1,1,1,1,1,1,1,1,1,1,1,1
46.46943900226757,46.69002857142857,57,64,0,1,1,1,1,1,1,1,1,1,1,1,1,1,1,1,1,1,1
46.330119274376415,46.5855387755102,69,46,1,1,1,1,1,1,1,1,1,1,1,1,1,1,1,1,1,1,1,1,1,1
46.29528934240363,46.666808616780045,43,51,1,1,1,0,0,0,0,0,0,1,1,1,1,1,0,0,0,0,0,1,1,1,1,1,1,1,1,1,1,0,0,0
46.12113968253968,46.46943900226757,57,55,1,1,1,1,1,1,1,1,1,1,1,1,1,1,1,1,1,1,1,1,1,1,0,0,0,0,0,0,0,0
46.07469977324263,46.24884943310657,60,52,2,2,1,1,1,1,1,1,1,1,1,1,1,1,1
45.66706666666667,45.993429931972784,43,62,1,1,1,1,1,1,1,1,1,1,1,1,1,1,1,1,1,1,1,1,1,1,1,1,1,1,1,1,0
45.643846712018146,45.842500226757366,57,71,1,1,1,1,1,1,1,1,1,1,1,1,1,1,1,1,1,1
45.620626757369614,45.85411020408163,60,61,1,1,1,1,1,1,1,1,1,1,1,1,1,1,1,1,1,1,1,1,1
45.249107482993196,45.574186848072564,69,66,1,1,1,1,1,1,1,1,1,1,1,1,1,1,1,1,1,1,1,1,1,1,1,1,1,1,1,1
45.249107482993196,45.643846712018146,57,51,1,1,1,1,1,1,1,1,1,1,1,1,1,1,1,1,1,1,1,1,1,1,1,1,1,1,1,1,1,1,1,1,1,1
45.22588752834467,45.411647165532884,45,42,0,0,0,0,0,1,1,1,1,1,1,1,1,1,1,1
45.05173786848073,45.249107482993196,72,74,1,1,1,1,1,1,1,1,1,1,1,1,1,1,1,1,1
45.028517913832204,45.20266757369615,45,66,1,1,1,0,0,0,0,0,0,0,0,0,0,1,1
44.865978231292516,45.33037732426304,60,54,2,2,1,1,1,1,1,1,1,1,1,1,1,1,1,1,1,0,1,1,1,1,1,2,2,2,2,1,1,1,1,1,1,1,1,1,1,1,1,1
44.854368253968254,45.00529795918368,57,60,1,1,1,1,1,1,1,1,1,1,1,1,1
44.83114829931973,45.028517913832204,45,68,2,2,2,2,2,1,1,1,1,1,1,1,1,1,1,1,1
44.656998639455786,44.807928344671204,69,78,1,1,1,1,1,1,1,1,1,1,1,1,1
44.64538866213152,44.83114829931973,45,73,1,1,1,1,1,1,1,1,1,1,1,1,1,1,1,1
44.50606893424037,44.64538866213152,45,78,1,1,1,1,1,1,1,1,1,1,1,1
44.424799092970524,44.63377868480726,57,69,1,1,1,1,1,1,1,1,1,1,1,1,1,1,1,1,1,1
44.38996916099774,44.59894875283447,60,62,1,1,1,1,1,1,1,1,1,1,1,1,1,1,1,1,1,1
44.33191927437642,44.50606893424037,45,44,1,1,1,1,1,0,0,0,0,1,1,1,1,1,1
44.041669841269844,44.33191927437642,45,65,1,1,1,1,1,1,1,1,1,1,1,1,1,1,1,1,1,1,1,1,1,1,1,1,1
43.97200997732426,44.13454965986395,60,66,1,1,1,1,1,1,1,1,1,1,1,1,1,1
43.94879002267574,44.424799092970524,57,65,1,1,1,1,1,1,1,1,1,1,1,1,1,1,1,1,1,1,1,1,1,1,1,1,1,1,1,1,1,1,1,1,1,1,1,0,0,1,1,1,1
41.00889795918368,41.17143764172336,62,65,1,1,1,1,1,1,1,1,1,1,1,1,1,1
41.00889795918368,41.14821768707483,56,57,4,4,1,1,1,1,1,1,1,1,1,1
40.42839909297052,40.730258503401366,62,80,1,1,1,1,1,1,1,1,1,1,1,1,1,1,1,1,1,1,1,1,1,1,1,1,1,1
40.41678911564626,40.556108843537416,56,56,1,1,1,1,1,1,1,1,1,1,1,1
40.172979591836736,40.42839909297052,62,60,1,1,1,1,1,1,1,1,1,1,1,1,1,1,1,1,1,1,3,3,4,0
40.010439909297055,40.16136961451247,64,78,1,1,1,1,1,1,1,1,1,1,1,1,1
39.88273015873016,40.172979591836736,62,59,1,1,1,1,1,1,1,1,1,1,1,0,0,7,7,7,7,7,7,7,-2,1,1,1,1
39.83629024943311,40.184589569161,40,64,1,1,1,0,0,0,0,1,1,1,1,1,1,1,1,1,1,1,1,1,1,1,1,1,1,1,1,1,1,1
39.61441678004535,39.88273015873016,62,56,1,1,1,1,1,1,1,1,1,1,2,2,2,2,2,2,2,7,-1,-2,-1,-1,0,1
39.33577732426304,39.61441678004535,62,68,1,1,1,1,1,1,1,1,1,1,1,1,1,1,2,2,2,1,1,1,1,0,0,0
39.05713786848072,39.33577732426304,62,52,1,1,1,1,1,1,1,1,1,1,1,1,1,1,1,0,0,1,1,1,1,1,1,1
38.95264807256236,39.32416734693878,40,73,0,0,0,0,0,0,1,1,1,1,1,1,1,1,1,1,1,1,1,1,1,1,1,1,2,2,2,2,2,2,2,2
38.906208163265305,39.05713786848072,52,75,1,1,1,1,1,1,1,1,1,1,1,1,1
38.77849841269841,39.05713786848072,62,53,1,1,1,1,1,1,1,1,1,1,1,1,6,6,6,6,1,0,1,1,1,1,1,1
38.476639002267575,38.77849841269841,62,56,1,1,1,1,1,1,1,1,1,1,2,2,2,2,-2,-2,-2,-2,-2,-2,-2,-2,-2,1,1,1
38.22121950113379,38.360539229024944,57,50,0,0,0,0,0,0,0,0,0,0,0,0
38.209609523809526,38.476639002267575,62,55,1,1,1,1,1,1,1,1,1,1,1,1,1,6,6,6,6,-7,-2,-2,1,1,1
38.209609523809526,38.406979138321994,52,40,0,1,1,1,1,1,1,1,1,1,2,2,0,0,0,1,1
38.07028979591837,38.209609523809526,52,85,2,1,1,1,1,1,1,1,1,1,0,0
37.930970068027214,38.209609523809526,62,53,1,1,1,1,1,1,1,1,1,1,1,4,5,5,7,7,7,-1,-1,-1,-1,-1,1,1
37.639436734693874,37.76843038548753,62,75,1,1,1,1,1,1,1,1,1,1,1,1
37.51172698412698,37.67426666666666,80,62,1,1,1,1,1,1,1,1,1,1,1,1,1,1
37.39562721088435,37.76843038548753,40,50,1,1,1,1,1,1,1,1,1,1,1,1,1,1,1,1,1,1,1,1,1,1,1,2,2,1,1,1,1,1,1,1,1
37.38401723356009,37.639436734693874,62,46,1,1,1,1,1,1,1,1,1,1,1,-2,-2,-2,-2,1,1,1,-2,-2,1,1
37.372407256235824,37.52333696145124,56,62,1,1,1,1,1,1,1,1,1,1,1,1,1
37.25630748299319,37.86131020408163,68,53,1,1,1,1,1,1,1,1,1,1,1,1,1,1,1,1,1,1,1,1,1,1,1,1,1,1,1,1,1,1,1,1,1,1,1,1,1,1,1,1,1,1,1,1,1,1,1,1,1,1,1,1,1
37.25630748299319,37.39562721088435,40,47,1,1,1,1,1,1,1,1,1,1,1,1
37.24469750566893,37.51172698412698,80,71,1,1,1,2,1,1,1,1,1,1,2,1,1,1,1,1,1,1,1,1,1,1,1
37.24469750566893,37.46528707482993,52,70,1,1,1,1,1,1,1,1,1,1,1,1,1,1,1,1,1,1,1
36.68741859410431,36.89639818594104,62,60,1,1,1,1,1,1,1,1,1,1,1,1,1,1,1,1,1,1
36.49004897959183,36.71063854875283,57,67,1,1,1,1,1,1,1,1,1,1,1,1,1,1,1,1,1,1,1
36.40877913832199,36.57131882086168,81,66,1,1,1,1,1,1,1,1,1,1,1,1,1,1
36.36233922902494,36.54809886621315,50,46,0,0,1,1,1,1,1,1,1,1,1,1,1,1,1,1
36.118529705215416,36.339119274376415,57,66,1,1,1,1,1,1,1,1,1,1,1,1,1,1,1,1,1,1,1
35.525136961451246,35.851500226757366,71,75,1,1,1,1,1,1,1,1,1,1,1,1,1,1,1,1,1,1,1,1,1,1,1,1,1,1,1,1,1
35.525136961451246,35.66445668934241,38,46,1,1,1,1,1,1,1,1,1,1,1,1
35.43225714285715,35.61801678004535,65,31,1,1,1,1,1,1,1,2,1,1,1,1,1,1,1,1
35.142007709750565,35.33937732426304,62,38,2,2,2,2,2,2,1,1,1,1,1,-1,1,1,1,1,1
35.142007709750565,35.49030702947846,57,49,0,0,1,1,1,1,1,1,1,1,1,1,0,0,1,1,1,1,1,1,1,1,1,1,1,1,1,1,1,1
34.99107800453515,35.142007709750565,57,37,0,0,0,1,1,1,1,1,1,0,0,0,0
34.70082857142857,35.095567800453516,72,67,1,1,1,1,1,1,1,1,1,1,1,1,1,1,1,1,1,1,1,1,1,1,1,1,1,1,1,1,1,1,1,1,1,1
34.259649433106574,34.549898866213155,62,61,0,0,1,1,1,1,1,1,1,1,1,1,1,1,1,1,1,1,1,1,1,1,1,1,1
34.259649433106574,34.67760861678005,57,48,1,1,1,1,1,1,1,1,1,1,1,1,1,1,1,1,1,1,1,1,1,1,1,1,1,1,1,0,1,1,1,1,1,1,1,1
34.14354965986395,34.35252925170068,50,46,1,1,1,1,1,1,1,1,1,1,1,1,1,1,1,1,1,1
34.12032970521542,34.259649433106574,62,76,1,1,1,1,1,1,1,1,1,1,1,1
33.992619954648525,34.271259410430844,38,54,1,1,2,2,2,2,1,1,1,1,1,1,1,1,1,1,1,1,1,1,1,1,1,1
33.88813015873016,34.14354965986395,50,53,1,1,1,1,1,1,1,1,1,1,1,1,1,1,0,1,1,1,1,1,1,1
33.876520181405894,34.12032970521542,62,55,1,1,1,1,1,1,1,1,1,1,1,1,1,1,1,1,1,1,1,1,1
33.80686031746032,33.9694,86,43,1,1,1,1,1,1,1,1,1,1,1,1,1,1
33.80686031746032,34.13193968253968,74,77,1,1,1,1,1,1,1,1,1,1,1,1,1,1,1,1,1,1,1,1,1,1,1,1,1,1,1,1
33.608206802721085,33.876520181405894,62,52,1,1,1,1,1,1,1,1,1,1,1,1,1,1,1,1,1,1,1,1,1,1,1,1
33.59659682539682,33.81847029478458,57,52,1,1,1,1,1,1,1,1,1,1,1,1,1,1,1,1,1,1,1,1
33.42244716553288,33.79525034013606,71,77,1,1,1,1,1,1,1,1,1,1,1,1,1,1,1,1,1,1,1,1,1,1,1,1,1,1,1,1,1,1,1,1,1
33.341177324263036,33.59659682539682,57,63,1,1,1,1,1,1,1,1,1,1,1,1,1,2,1,1,1,1,1,1,1,1
33.016097959183675,33.29473741496599,69,78,1,1,1,1,1,1,1,1,1,1,1,1,1,1,1,1,1,1,1,1,1,1,1,1
32.899998185941044,33.341177324263036,57,57,1,1,1,1,1,1,1,1,1,1,1,1,1,0,1,1,1,1,1,1,1,1,1,1,1,1,1,1,1,1,1,1,1,1,1,1,1,1
32.632968707482995,32.80711836734694,69,45,1,1,1,1,1,1,0,0,0,1,1,1,1,1,1
32.621358730158725,32.80711836734694,60,60,1,1,2,2,2,2,2,2,2,-1,-1,0,0,0,0,0
32.621358730158725,32.899998185941044,57,78,0,1,1,1,1,0,0,0,0,1,1,1,1,0,0,1,1,1,1,1,1,1,1,1
32.48203900226757,32.621358730158725,57,79,1,1,1,1,1,1,1,1,1,1,0,0
32.342719274376414,32.48203900226757,57,93,1,1,1,1,1,1,1,1,1,1,1,1
32.20339954648526,32.342719274376414,57,51,1,1,1,1,1,1,1,1,1,1,1,1
32.20339954648526,32.54008888888889,41,51,1,1,1,1,1,1,1,1,1,1,0,0,0,0,0,0,0,0,0,0,0,0,0,0,0,1,1,1,1
32.191789569160996,32.37754920634921,62,80,0,0,0,1,1,1,1,1,1,1,1,1,1,1,1,1
32.05246984126984,32.20339954648526,57,94,1,1,1,1,1,1,1,1,1,1,1,1,0
31.913150113378684,32.05246984126984,57,73,1,1,1,1,1,1,1,1,1,1,1,1
31.77254648526077,31.913150113378684,57,95,1,1,1,1,1,1,1,1,1,1,1,1,1
31.610006802721088,31.77254648526077,62,80,1,1,1,1,1,1,1,1,1,1,1,1,1,1
31.50551700680272,31.77254648526077,57,66,1,1,1,1,1,1,1,1,1,1,1,1,1,1,1,1,1,1,1,1,1,0,0
31.377807256235826,31.517126984126982,46,51,0,0,0,0,0,-1,-1,-1,0,0,0,0
31.366197278911564,31.50551700680272,57,71,1,1,1,1,1,1,1,1,2,2,2,1
31.226877551020408,31.377807256235826,45,44,0,0,0,2,2,2,1,1,1,1,1,2,2
31.20365759637188,31.366197278911564,57,101,1,1,1,1,1,1,1,1,1,1,1,1,1,1
30.95984807256236,31.20365759637188,57,81,1,1,1,1,1,1,1,1,1,1,1,1,1,1,1,1,1,1,1,1,1
30.797308390022675,31.075947845804986,69,59,1,1,1,1,1,1,1,1,1,1,1,1,1,1,1,1,1,1,1,1,1,1,1,2
30.797308390022675,30.948238095238093,62,73,1,1,1,1,1,1,1,1,1,1,1,1,1
30.77408843537415,30.95984807256236,57,55,1,1,1,1,1,1,1,2,2,2,2,2,1,1,0,1
30.58832879818594,30.762478458049884,41,62,1,1,1,1,1,1,1,1,1,1,1,1,1,1,1
30.507058956916097,30.77408843537415,57,47,1,1,1,1,1,1,1,1,1,1,1,1,1,1,1,1,1,1,1,1,1,1,1
30.495448979591835,30.797308390022675,69,74,1,1,1,1,1,1,1,1,1,1,1,1,1,1,1,1,1,1,1,1,1,1,1,1,1,1
30.36773922902494,30.507058956916097,57,84,1,1,1,1,1,1,1,1,1,1,1,1
30.228419501133786,30.36773922902494,57,45,1,1,1,1,1,1,1,1,1,1,1,1
29.961390022675737,30.228419501133786,57,66,1,1,1,1,1,1,1,1,1,1,1,1,1,1,1,1,1,1,1,1,1,1,1
29.669856689342403,30.08909977324263,74,57,1,1,1,1,1,1,1,1,1,1,1,1,1,1,1,1,1,1,1,1,1,1,1,1,1,1,1,1,1,1,1,1,1,1,1,1,1
29.669856689342403,29.90334013605442,62,47,1,1,1,1,1,1,1,1,1,1,1,1,1,1,1,1,1,1,1,1,1
29.553756916099772,29.704686621315194,57,73,1,1,1,1,1,1,1,1,1,1,1,1,1
29.414437188208616,29.553756916099772,57,84,1,1,1,1,1,1,1,1,1,1,1,1
29.402827210884354,29.635026757369612,72,52,1,1,1,1,1,1,1,1,1,1,1,1,1,1,1,1,1,1,1,1
29.402827210884354,29.611806802721087,60,67,1,1,1,1,1,1,1,1,1,1,1,1,1,1,1,1,1,1
29.263507482993198,29.414437188208616,57,76,1,1,1,1,1,1,1,1,1,1,1,1,1
28.950038095238096,29.3563873015873,69,48,1,1,1,1,1,1,1,1,1,1,1,1,1,1,1,1,1,1,1,1,1,1,1,1,1,1,1,1,1,1,1,1,1,1,1
28.950038095238096,29.263507482993198,57,74,1,1,1,1,1,1,1,1,1,1,1,1,1,1,1,1,1,1,1,1,1,1,1,1,1,1,1
28.822328344671202,29.07774784580499,52,41,0,0,2,2,2,1,1,1,1,1,1,0,0,0,0,0,1,1,1,1,1,0
28.799108390022674,29.112577777777776,84,44,2,1,1,1,1,1,1,1,1,1,2,2,2,1,1,1,1,1,1,1,1,1,1,1,1,1,1
28.799108390022674,29.402827210884354,72,65,1,1,1,1,1,1,1,1,1,1,1,1,1,1,1,1,1,1,1,1,1,1,1,1,1,1,1,1,1,1,1,1,1,1,1,1,1,1,1,1,1,1,1,1,1,1,1,1,1,1,1,1
28.65978866213152,28.950038095238096,57,58,1,1,1,1,1,1,1,1,1,1,1,1,1,1,1,1,1,1,1,1,1,1,1,1,1
28.381149206349207,28.950038095238096,69,59,1,1,1,1,1,1,1,1,1,1,1,1,1,1,1,1,1,1,1,1,1,1,1,1,1,1,1,1,1,1,1,1,1,1,1,1,1,1,1,1,1,1,1,1,1,1,1,1,1
28.369539229024944,28.65978866213152,57,73,1,1,1,1,1,1,1,1,1,1,1,1,1,1,1,1,1,1,1,1,1,1,1,1,1
28.276659410430838,28.799108390022674,72,44,2,2,1,1,1,1,1,1,1,1,1,1,1,1,1,1,1,1,1,1,1,1,1,1,1,1,1,1,1,1,1,1,1,1,1,1,1,1,1,1,1,1,1,1,1
28.276659410430838,28.65978866213152,60,67,1,1,1,1,1,1,1,1,1,1,1,1,1,1,1,1,1,1,1,1,1,1,1,1,1,1,1,1,1,1,1,1,1
28.137339682539682,28.369539229024944,57,59,1,1,1,1,1,1,1,1,1,1,1,1,1,1,1,1,1,1,1,1
28.02123990929705,28.218609523809523,45,49,1,1,1,2,2,2,1,1,2,2,2,-1,-1,-1,-1,2,2
27.951580045351474,28.276659410430838,72,70,1,1,1,1,1,1,1,1,1,1,1,1,1,1,1,1,1,1,1,1,1,1,1,1,1,1,1,1
27.881920181405896,28.02123990929705,45,42,1,1,1,1,1,1,1,1,1,1,1,1
27.729706575963718,27.951580045351474,57,58,1,1,1,1,1,1,1,1,1,1,1,1,1,1,1,1,1,1,1,1
27.590386848072562,27.729706575963718,57,75,1,1,1,1,1,1,1,1,1,1,1,1
27.242087528344673,27.404627210884353,52,48,1,1,1,1,1,0,0,0,0,0,0,1,1,1
27.19564761904762,27.47428707482993,45,49,1,1,1,1,1,0,0,0,0,1,1,1,1,1,1,1,2,2,1,1,1,1,1,1
26.99827800453515,27.137597732426304,59,66,1,1,1,1,1,1,1,1,1,1,1,1
26.800908390022677,27.242087528344673,52,66,1,1,1,1,1,1,1,1,1,1,1,1,1,1,1,1,1,1,1,1,1,1,1,1,1,1,1,1,1,1,1,1,1,1,1,1,1,1
26.800908390022677,27.11437777777778,40,58,1,1,1,1,0,1,1,1,1,1,1,1,1,1,1,1,1,1,1,1,1,1,1,1,1,1,1
26.70802857142857,26.951838095238095,68,61,1,1,1,1,1,1,1,1,1,1,1,1,1,1,1,1,1,1,1,1,1
26.684808616780046,26.905398185941042,64,47,1,1,1,1,1,1,1,1,1,1,1,1,1,1,1,1,1,1,1
26.580318820861677,26.800908390022677,52,68,1,1,1,1,1,1,1,1,1,1,1,1,1,1,1,1,1,1,1
26.42938911564626,26.684808616780046,59,67,1,1,1,1,1,1,1,1,1,1,1,1,1,1,1,1,1,1,1,1,1,1
26.35972925170068,26.800908390022677,40,68,1,1,1,1,1,1,1,1,1,1,1,1,1,1,1,1,1,1,1,1,1,1,1,1,1,1,1,1,1,1,1,1,1,1,1,1,1,1
26.34811927437642,26.580318820861677,52,82,1,1,1,1,1,1,1,1,1,1,1,1,1,1,1,1,1,1,1,1
25.930160090702948,26.35972925170068,40,68,1,1,1,1,1,1,1,1,1,1,1,1,1,1,1,1,1,1,1,1,1,1,1,1,1,1,1,0,1,1,1,1,1,1,1,1,1
25.918550113378686,26.34811927437642,52,77,1,1,1,1,1,1,1,1,1,1,1,1,1,1,1,1,1,1,1,1,1,1,1,1,1,1,1,1,1,1,1,1,1,1,1,1,1
25.789556462585036,25.930160090702948,40,59,1,1,1,1,1,1,1,1,1,1,1,1,1
25.650236734693877,25.918550113378686,52,73,1,1,1,1,1,1,1,1,1,1,1,1,1,1,1,1,1,1,1,1,1,1,1,1
25.49930702947846,25.638626757369614,64,63,1,1,1,1,1,1,1,1,1,1,1,1
25.487697052154196,25.650236734693877,52,84,1,1,1,1,1,1,1,1,1,1,1,1,1,1
25.487697052154196,25.789556462585036,40,56,1,1,1,1,1,0,0,0,0,0,1,1,1,1,1,0,1,1,1,1,1,1,1,1,1,1
25.290327437641725,25.487697052154196,52,62,1,1,1,1,1,1,1,1,1,1,1,1,1,1,1,1,1
25.069737868480725,25.290327437641725,52,70,1,1,1,1,1,1,1,1,1,1,1,1,1,1,1,1,1,1,1
25.058127891156463,25.325157369614512,64,64,1,1,1,1,1,1,1,1,1,1,1,1,1,1,1,1,1,1,1,1,1,1,1
25.03490793650794,25.255497505668934,69,50,1,1,1,1,1,1,1,1,1,1,1,1,1,1,1,1,1,1,1
25.03490793650794,25.487697052154196,40,55,1,1,1,1,0,0,0,0,0,0,0,0,1,1,1,1,1,1,1,1,1,1,1,1,1,1,1,1,1,1,1,1,1,1,1,1,1,1,1
24.907198185941045,25.0465179138322,57,65,1,1,1,1,1,1,1,1,1,1,1,1
24.767878458049886,25.069737868480725,52,79,1,1,1,1,1,1,1,1,1,1,1,1,1,1,1,1,1,1,1,1,1,1,1,1,1,1
24.756268480725623,25.03490793650794,40,49,1,1,1,1,1,1,1,1,1,1,1,1,0,1,1,1,1,1,1,1,1,1,1,1
24.47762902494331,24.651778684807258,57,57,1,1,1,1,1,1,1,1,1,1,1,1,1,1,1
24.46601904761905,24.62855873015873,59,62,1,1,1,1,1,1,1,1,1,1,1,1,1,1
24.46601904761905,24.767878458049886,52,78,1,1,1,1,1,1,1,1,1,1,1,1,1,1,1,1,1,1,1,1,1,1,1,1,1,1
24.28025941043084,24.500848979591836,40,65,1,1,1,1,1,1,1,1,1,1,1,1,1,1,1,1,1,1,1
24.210599546485263,24.46601904761905,52,77,1,1,1,1,1,1,1,1,1,1,1,1,1,1,1,1,1,1,1,1,1,1
24.198989569160997,24.5124589569161,69,57,1,1,1,1,1,1,1,1,1,1,1,1,1,1,1,1,1,1,1,1,1,1,1,1,1,1,1
23.920350113378685,24.46601904761905,59,55,1,1,1,1,1,1,1,1,1,1,1,1,1,1,1,1,1,1,1,1,1,1,1,1,1,1,1,1,1,1,1,1,1,1,1,1,1,1,1,1,1,1,1,1,1,1,1
23.920350113378685,24.210599546485263,52,69,1,1,1,1,1,1,1,1,1,1,1,1,1,1,1,1,1,1,1,1,1,1,1,1,1
23.81457641723356,23.94357006802721,64,59,1,1,1,1,1,1,1,1,1,1,1,1
23.779746485260773,24.28025941043084,40,54,1,2,2,2,0,0,1,1,1,1,1,1,1,1,1,1,1,1,1,1,1,1,1,1,1,1,1,1,1,1,1,1,1,1,1,1,1,1,1,1,1,1,1,1
23.419837188208618,23.73330657596372,50,57,1,1,1,1,1,1,1,1,1,1,1,1,1,1,1,1,1,1,1,1,1,1,0,0,1,1,1
23.408227210884355,23.559156916099774,62,73,1,1,1,1,1,1,1,1,1,1,1,1,1
23.385007256235827,23.582376870748302,38,52,1,1,1,1,1,1,1,0,0,0,0,0,0,0,1,1,1
23.094757823129253,23.408227210884355,62,79,1,1,1,1,1,1,1,1,1,1,1,1,1,1,1,1,1,1,1,1,1,1,1,1,1,1,1
23.094757823129253,23.419837188208618,50,74,1,1,1,1,1,1,1,1,1,1,1,1,1,1,1,1,1,1,1,1,1,1,1,1,1,1,1,1
23.001878004535147,23.187637641723356,38,37,1,1,1,1,1,1,1,1,1,1,1,1,1,1,1,1
22.955438095238097,23.094757823129253,62,62,1,1,1,1,1,1,1,1,1,1,1,1
22.792898412698413,22.955438095238097,62,63,1,1,1,1,1,1,1,1,1,1,1,1,1,1
22.792898412698413,23.094757823129253,50,80,1,1,1,1,1,1,1,1,1,1,1,1,1,1,1,1,1,1,1,1,1,1,1,1,1,1
22.653578684807258,22.792898412698413,60,58,7,2,2,2,2,2,2,1,1,1,1,1
22.572308843537417,22.874168253968254,38,54,1,1,1,1,1,1,1,1,1,1,1,1,1,1,1,1,1,1,1,1,1,1,1,1,1,1
22.56069886621315,22.792898412698413,62,71,1,1,1,1,1,1,1,1,1,1,1,1,1,1,1,1,1,-5,1,1
22.54908888888889,22.792898412698413,50,79,1,1,1,1,1,1,1,1,1,1,1,1,1,1,1,1,1,1,1,1,1
22.305279365079365,22.54908888888889,50,85,1,1,1,1,1,1,1,1,1,1,1,1,1,1,1,1,1,1,1,1,1
22.13112970521542,22.38654920634921,62,68,1,1,1,1,1,1,1,1,1,1,1,1,1,1,1,1,1,1,1,1,1,1
22.11951972789116,22.305279365079365,50,95,1,1,1,1,1,1,1,1,1,1,1,1,1,1,1,1
22.11951972789116,22.258839455782315,38,48,1,1,1,1,1,1,1,1,1,1,1,1
21.956980045351475,22.13112970521542,62,67,1,1,1,1,1,1,1,1,1,1,1,1,1,1,1
21.723496598639457,21.956980045351475,62,45,0,0,1,1,1,1,1,1,1,1,1,1,1,1,1,1,1,1,1,1,1
21.711886621315195,22.073079818594106,65,54,1,1,1,1,1,1,1,1,1,1,1,-2,-2,-2,-2,1,-2,1,1,1,1,1,1,1,1,1,1,1,1,1,1,1
21.700276643990932,22.049859863945578,69,46,1,1,1,1,1,1,1,1,1,1,1,1,1,1,1,1,1,1,1,1,1,1,1,1,1,1,1,1,1,1,1
21.700276643990932,22.11951972789116,50,90,1,1,1,1,1,1,1,1,1,1,1,1,1,1,1,1,1,1,1,1,1,1,1,1,1,1,1,1,1,1,1,1,1,1,1,1,1
21.514517006802723,21.700276643990932,50,86,1,1,1,1,1,1,1,1,1,1,1,1,1,1,1,1
21.30553741496599,21.514517006802723,50,94,1,1,1,1,1,1,1,1,1,1,1,1,1,1,1,1,1,1
21.293927437641724,21.560956916099776,62,52,0,1,1,1,1,1,1,1,1,1,1,1,1,1,1,1,1,1,1,1,1,1,1
21.2707074829932,21.526126984126986,38,46,1,1,1,1,1,1,1,1,1,1,1,1,1,1,1,1,1,1,1,1,1,1
20.89918820861678,21.096557823129253,38,45,1,1,1,1,1,1,1,1,1,1,1,1,1,1,1,1,1
20.88757823129252,21.293927437641724,62,52,1,1,1,1,1,1,1,1,1,1,1,1,1,0,0,0,1,1,1,1,1,1,1,1,1,1,1,1,1,1,1,1,1,1,1
20.88757823129252,21.30553741496599,50,88,1,1,1,1,1,1,1,1,1,1,1,1,1,1,1,1,1,1,1,1,1,1,1,1,1,1,1,1,1,1,1,1,1,1,1,1
20.829528344671203,21.224267573696146,69,59,1,1,1,1,1,1,1,1,1,1,1,1,1,1,1,1,1,1,1,1,1,1,1,1,1,1,1,1,1,1,1,1,1,1
20.632158730158732,20.88757823129252,50,87,1,1,1,1,1,1,1,1,1,1,1,1,1,1,1,1,1,1,1,1,1,1
20.481229024943314,20.632158730158732,50,91,0,0,0,0,1,1,1,1,1,1,1,1,1
20.411569160997733,20.80630839002268,38,40,1,1,1,1,1,1,1,2,2,2,1,1,1,1,2,2,2,2,2,2,2,2,2,1,1,1,1,1,1,1,1,1,1,1
20.272249433106577,20.423179138322,60,67,0,0,0,1,1,1,1,1,1,1,1,1,1
20.05165986394558,20.202589569161,69,64,0,0,1,1,1,1,1,1,1,1,-5,-5,-5
20.05165986394558,20.388349206349208,65,43,1,1,1,1,1,1,1,1,1,1,1,1,1,1,7,7,6,6,1,1,1,1,1,1,1,1,1,1,1
20.05165986394558,20.330299319727892,53,70,1,1,1,1,1,1,1,1,1,1,1,1,1,1,1,1,1,1,1,0,0,0,1,1
20.05165986394558,20.388349206349208,41,54,1,1,1,1,1,1,1,1,1,1,1,1,1,1,1,1,1,1,1,1,1,1,1,1,1,1,1,1,1
19.644026757369613,19.78334648526077,53,67,1,1,1,1,1,1,1,1,1,1,1,1
19.644026757369613,20.05165986394558,41,55,0,0,0,1,1,1,1,1,1,1,1,1,1,1,0,0,-1,-1,-1,1,1,1,1,1,1,1,1,1,1,1,1,1,1,1,1,1
19.481487074829932,20.005219954648528,60,61,1,1,1,1,1,1,1,1,1,2,1,2,1,1,1,0,0,1,1,1,1,1,1,1,1,1,1,1,1,1,1,1,1,1,1,1,1,1,1,1,1,1,1,1,1,1
19.469877097505666,19.644026757369613,53,66,1,1,1,1,1,1,1,1,1,1,1,1,1,1,1
19.21445759637188,19.481487074829932,60,45,0,1,1,1,1,1,1,1,1,1,1,1,1,1,1,0,0,1,1,1,1,1,1
19.202847619047617,19.469877097505666,53,68,1,1,1,1,1,1,1,1,1,1,1,1,1,1,1,1,1,1,1,1,1,1,1
19.179627664399092,19.644026757369613,41,63,1,1,1,1,1,1,1,1,1,1,1,1,1,1,1,1,1,1,1,1,1,1,1,1,1,1,1,1,1,1,1,1,1,1,1,2,2,2,0,0
18.94742811791383,19.21445759637188,60,64,1,1,1,1,1,1,1,1,1,1,1,1,1,1,1,1,1,1,1,1,1,1,0
18.796498412698412,19.202847619047617,53,77,0,0,1,1,1,1,1,1,1,1,1,1,1,1,1,1,1,1,1,1,1,1,1,1,1,1,1,1,1,1,1,1,1,1,1
18.796498412698412,19.179627664399092,41,73,1,1,1,1,1,1,1,1,1,1,1,1,1,1,1,1,1,1,1,1,1,1,1,1,1,1,1,1,1,1,1,1,1
18.59912879818594,18.94742811791383,60,86,0,1,1,1,1,1,1,1,1,1,1,1,1,1,1,1,1,1,1,1,1,1,1,1,1,1,1,1,1,1
18.45980907029478,18.796498412698412,41,72,1,1,1,1,1,1,1,1,1,1,1,1,1,1,1,1,1,1,1,1,1,1,1,1,1,1,1,1,1
18.44819909297052,18.610738775510203,64,76,4,1,1,1,1,1,1,1,1,1,1,1,1,4
18.355319274376416,18.796498412698412,53,68,0,0,0,1,1,1,1,1,1,1,1,1,1,1,1,1,1,1,1,1,1,1,1,1,1,1,1,1,1,1,1,1,1,1,1,1,0,0
18.343709297052154,18.59912879818594,60,36,1,1,1,1,1,1,1,1,1,1,1,1,1,1,1,1,1,1,1,1,1,0
18.274049433106576,18.45980907029478,41,83,1,1,1,1,1,1,1,1,1,1,1,1,1,1,1,1
18.192779591836732,18.44819909297052,65,62,1,1,1,1,1,1,1,1,1,1,1,1,1,1,1,1,1,1,1,1,1,1
18.192779591836732,18.355319274376416,53,73,1,1,1,1,1,1,1,1,1,1,1,1,1,1
17.925750113378683,18.192779591836732,53,57,1,1,1,1,1,1,1,1,1,1,1,1,1,1,1,1,1,1,1,1,1,1,1
17.925750113378683,18.274049433106576,41,72,1,1,1,1,1,1,1,1,1,1,1,1,1,1,1,1,1,1,1,1,1,1,1,1,1,1,1,1,1,1
17.77353650793651,17.925750113378683,41,56,1,1,1,1,1,1,1,1,1,1,1,1,1,1
17.761926530612243,18.343709297052154,60,77,1,1,1,1,1,1,1,1,1,1,1,1,1,1,1,1,1,1,1,1,1,1,1,1,1,1,1,1,1,1,1,1,1,1,1,1,1,1,1,1,1,1,1,1,1,1,1,1,1,1,1
17.599386848072562,17.761926530612243,60,67,1,1,1,1,1,1,1,-2,1,1,1,1,1,1
17.599386848072562,17.77353650793651,41,82,1,1,1,1,1,1,1,1,1,1,1,1,1,1,1
17.51811700680272,17.925750113378683,53,66,1,1,1,1,1,1,1,1,1,1,1,1,1,1,1,1,1,1,1,1,1,1,1,1,1,1,1,1,1,1,1,1,1,1,1,1
17.425237188208616,17.599386848072562,41,83,1,1,1,1,1,1,1,1,1,1,1,1,1,1,1
17.3671873015873,17.51811700680272,53,67,1,1,1,1,1,1,1,1,1,1,1,1,1
17.309137414965985,17.599386848072562,60,68,1,1,1,1,1,1,1,1,1,1,1,1,1,1,1,1,1,1,1,1,1,1,1,1,1
17.08854784580499,17.3671873015873,53,48,1,0,1,1,1,1,1,1,1,1,1,1,1,1,1,1,1,1,1,1,1,1,1,1
17.076937868480726,17.425237188208616,41,74,1,1,1,1,1,1,1,1,1,1,1,1,1,1,1,1,1,1,1,1,1,1,1,1,1,1,1,1,1,1
16.926008163265305,17.309137414965985,60,73,1,1,1,1,1,1,1,1,1,1,1,1,1,1,1,1,1,1,1,1,1,1,1,1,1,1,1,1,1,1,1,1,1
16.763468480725624,16.90278820861678,45,63,1,1,1,1,0,0,0,0,0,0,0,0
16.693808616780043,17.378797278911563,64,68,1,1,1,1,1,1,1,1,1,1,1,1,1,1,1,1,1,1,1,1,1,1,1,1,1,1,1,1,1,1,1,1,1,1,1,1,1,1,1,1,1,1,1,1,1,1,1,1,1,1,1,1,1,1,1,1,1,1,1
16.60092879818594,16.763468480725624,45,63,1,1,1,1,2,2,1,1,1,1,1,1,1,1
16.449999092970522,16.60092879818594,45,49,1,0,0,0,0,0,0,0,0,1,1,1,1
16.345509297052153,16.56609886621315,60,75,1,1,1,1,1,1,1,1,1,1,1,1,1,1,1,1,1,1,1
16.264239455782313,16.589318820861678,57,41,1,1,1,1,1,1,1,1,1,1,1,1,1,1,1,1,1,1,1,1,1,1,1,1,1,1,1,1
16.25262947845805,16.473219047619047,64,63,1,1,1,1,1,1,1,1,1,1,1,1,1,1,1,1,1,1,1
16.25262947845805,16.449999092970522,45,79,0,1,1,1,1,0,0,0,0,0,0,0,1,1,1,1,1
16.078479818594104,16.345509297052153,60,73,1,1,1,1,1,1,1,1,1,1,1,1,1,1,1,1,1,1,1,1,1,1,1
15.879826303854875,16.25262947845805,45,61,0,0,1,1,1,1,1,1,1,1,1,1,1,1,1,1,0,0,0,0,1,1,1,1,1,1,1,1,1,1,1,0,0
15.856606349206348,16.25262947845805,64,57,1,1,1,1,1,1,1,1,1,1,1,1,1,1,1,1,1,1,1,1,1,1,1,1,1,1,1,1,1,1,1,1,1,1,1
15.856606349206348,16.078479818594104,60,75,1,1,1,1,1,1,1,1,1,1,1,1,1,1,1,1,1,1,1,1
15.519917006802721,15.856606349206348,60,62,1,1,1,1,1,1,1,1,1,1,1,1,1,1,1,1,1,1,1,1,1,1,1,1,1,1,1,1,1
15.473477097505668,15.879826303854875,45,71,1,1,1,1,1,1,1,1,1,1,1,1,1,1,1,1,1,1,1,1,1,1,1,1,1,1,1,1,0,0,0,0,0,0,0
15.461867120181406,15.856606349206348,64,53,1,1,1,1,1,1,1,1,1,1,1,1,1,1,1,1,1,1,1,1,1,1,1,1,1,1,1,1,1,1,1,1,1,1
15.450257142857142,15.763726530612244,57,73,1,1,1,1,1,1,1,1,1,1,1,1,1,1,1,1,1,1,1,1,1,1,1,1,1,1,1
15.183227664399093,15.461867120181406,64,62,1,1,1,1,1,1,1,1,1,1,1,1,1,1,1,1,1,1,1,1,1,1,1,1
15.125177777777777,15.473477097505668,45,78,0,0,1,1,1,1,1,1,1,1,1,1,1,1,1,1,1,1,1,1,1,1,1,1,1,1,1,1,1,1
14.985858049886621,15.125177777777777,45,75,1,1,1,1,1,1,1,1,1,0,0,0
14.660778684807257,14.985858049886621,45,52,1,1,1,1,1,1,1,1,1,1,1,1,1,1,1,1,1,1,1,0,0,0,0,0,0,0,1,1
14.533068934240363,15.450257142857142,57,56,1,1,1,1,1,1,1,1,1,1,1,1,1,1,1,1,1,1,1,1,1,1,1,1,1,1,1,1,1,1,1,1,1,1,1,1,1,1,1,1,1,1,1,1,1,1,1,1,1,1,1,1,1,1,1,1,1,1,1,1,1,1,1,1,1,1,1,1,1,1,1,1,1,1,1,1,1,1,1
14.475019047619048,14.78848843537415,60,55,1,1,1,1,1,1,1,1,1,1,1,1,1,1,1,1,1,1,1,1,1,1,1,1,1,1,1
14.463409070294784,14.660778684807257,45,68,1,1,1,1,1,1,1,1,1,1,1,1,1,1,1,1,1
14.37052925170068,14.962638095238095,64,60,1,1,1,1,1,1,1,1,1,1,1,1,1,1,1,1,1,1,1,1,1,1,1,1,1,1,1,1,1,1,1,1,1,1,1,1,1,1,1,1,1,1,1,1,1,1,1,1,1,1,1
14.161549659863946,14.37052925170068,64,47,0,1,1,1,1,1,1,1,1,1,1,1,1,1,1,1,1,1
14.161549659863946,14.475019047619048,60,73,0,0,0,1,1,1,1,1,1,1,1,1,1,1,1,1,1,1,1,1,1,1,1,1,1,1,1
14.161549659863946,14.463409070294784,45,74,0,1,1,1,1,1,1,1,1,1,1,1,1,1,1,1,1,1,1,1,1,1,1,1,1,1
13.9874,14.161549659863946,45,60,1,1,1,1,1,1,1,1,1,1,1,1,1,0,0
13.975790022675737,14.161549659863946,64,49,1,1,1,1,1,1,1,1,1,1,1,1,1,1,1,0
13.85840634920635,14.161549659863946,60,77,1,1,1,1,1,1,1,1,1,1,1,1,1,1,1,1,1,1,1,1,1,1,1,1,1,1,0
13.742306575963719,13.9874,45,77,0,0,0,0,0,0,1,1,1,1,1,1,1,1,1,1,1,1,1,1,1,1
13.719086621315194,14.126719727891157,57,68,1,1,1,1,1,1,1,1,1,1,1,1,1,1,1,1,1,1,1,1,1,1,1,1,1,1,1,1,1,1,1,1,1,1,1,1
13.602986848072563,13.742306575963719,45,33,2,1,1,1,1,1,1,1,1,0,0,0
13.28951746031746,13.44044716553288,68,72,1,1,1,1,1,1,1,1,1,1,1,1,1
13.196637641723356,13.602986848072563,64,64,1,1,1,1,1,1,1,1,1,1,1,1,1,1,1,1,1,1,1,1,1,1,1,1,1,1,1,1,1,1,1,1,1,1,1
13.185027664399094,13.579766893424036,59,57,1,1,1,1,1,1,1,1,1,1,1,1,1,1,1,1,1,1,1,1,1,1,1,1,1,1,1,1,1,1,1,1,1,1
12.917998185941043,13.394007256235827,52,69,1,1,1,1,1,1,1,1,1,1,1,1,1,1,1,1,1,1,1,1,1,1,1,1,1,1,1,1,1,1,1,1,1,1,1,1,1,1,1,1,1
12.534868934240363,12.917998185941043,52,77,1,1,1,1,1,1,1,1,1,1,1,1,1,1,1,1,1,1,1,1,1,1,1,1,1,0,2,2,2,2,1,1,1
12.500039002267574,12.720628571428572,59,64,1,1,1,1,1,1,1,1,1,1,1,1,1,1,1,1,1,1,1
11.616396825396826,11.790546485260771,68,50,1,0,0,1,1,1,1,1,1,1,1,1,1,1,1
11.523517006802722,12.25622947845805,52,81,1,1,1,1,1,1,1,1,1,1,1,1,1,1,1,1,1,1,1,1,1,1,1,1,1,1,1,1,1,1,1,1,1,1,1,1,1,1,1,1,1,1,1,1,1,1,1,1,1,1,1,1,1,1,1,0,0,1,1,1,1,1,1,1
11.32614739229025,11.523517006802722,52,89,1,2,2,2,1,1,1,1,1,1,1,1,1,1,1,1,1
11.117167800453515,11.32614739229025,52,90,1,1,1,1,1,1,1,1,1,1,1,1,1,1,1,1,1,1
10.966238095238095,11.117167800453515,52,92,1,1,1,1,1,1,1,1,1,1,1,1,1
10.699208616780046,10.966238095238095,52,81,1,1,1,1,1,1,1,1,1,1,1,1,1,1,1,1,1,1,1,1,1,1,1
10.350909297052155,10.49022902494331,52,38,1,1,0,0,0,0,0,0,1,1,1,0
9.815566439909297,10.339299319727893,45,84,1,1,1,1,1,1,1,1,1,1,1,1,1,1,1,1,1,1,1,1,1,1,1,1,1,1,1,1,1,1,1,1,1,1,1,1,1,1,1,1,1,2,2,2,2,2
9.536926984126984,9.722686621315193,62,56,1,1,1,1,1,1,1,1,1,1,1,1,1,1,1,1
9.525317006802721,9.850396371882086,50,61,1,1,1,1,1,1,1,1,1,1,1,1,1,1,1,1,1,1,1,1,1,1,0,0,0,0,0,1
9.374387301587301,9.525317006802721,50,60,1,1,1,1,1,1,1,1,1,1,1,1,1
8.87515827664399,9.374387301587301,50,57,1,1,1,1,1,1,1,1,0,0,0,0,0,1,1,1,1,1,1,1,1,1,1,1,1,1,1,1,1,1,1,1,2,2,2,2,2,2,2,2,1,1,1
8.701008616780046,8.87515827664399,50,94,1,1,1,1,1,1,1,1,1,1,1,1,1,1,1
8.283049433106575,8.701008616780046,50,81,1,1,1,1,1,1,1,1,1,1,1,1,1,1,1,1,1,1,1,1,1,1,1,1,1,1,1,1,1,1,1,1,1,1,1,1
7.770926530612245,8.283049433106575,50,91,1,1,1,1,1,1,1,1,1,1,1,1,1,1,1,1,1,1,1,1,1,1,1,1,1,1,1,1,1,1,1,1,1,1,1,1,1,1,1,1,1,1,1,1,1
6.876958276643991,7.318137414965986,52,68,1,1,1,1,1,1,1,1,1,1,1,1,1,1,1,1,1,1,1,1,1,1,1,1,1,1,1,1,1,1,1,1,1,1,1,1,1,1
6.6911986394557825,6.876958276643991,52,105,1,1,1,1,1,1,1,1,1,1,1,1,1,1,1,1
6.5286589569161,6.6911986394557825,52,92,2,1,1,1,1,1,1,1,1,1,1,1,1,1
6.342899319727891,6.5286589569161,52,87,1,1,1,1,1,1,1,1,1,1,1,1,1,2,2,2
6.099089795918368,6.284849433106576,53,57,2,2,2,2,1,1,1,1,1,1,1,-2,-2,-2,0,0
5.888826303854875,6.099089795918368,53,78,1,1,1,1,1,1,1,1,1,1,1,1,1,1,1,1,1,1,1
5.4360371882086165,5.888826303854875,53,74,1,1,1,1,1,1,1,1,1,1,1,1,1,1,1,1,1,1,1,1,1,1,1,1,1,1,1,1,1,1,1,1,1,1,1,1,1,1,1
5.192227664399093,5.4360371882086165,53,76,1,1,1,1,1,1,1,1,1,1,1,1,1,1,1,1,1,1,1,1,1
5.18061768707483,5.528917006802721,60,45,1,1,1,1,1,1,1,1,1,1,1,1,1,1,1,1,1,1,1,1,1,1,1,1,1,1,1,1,1,1
4.91358820861678,5.192227664399093,53,52,1,1,1,1,1,1,1,1,1,1,1,1,1,1,1,1,1,1,1,1,1,1,1,1
4.8323183673469385,5.285107482993197,65,39,1,1,1,1,1,1,1,1,1,1,1,1,1,1,1,1,1,1,1,1,1,1,1,1,1,1,1,1,1,1,1,1,1,1,1,1,1,1,1
4.716218594104308,4.91358820861678,53,85,1,1,1,1,1,1,1,1,1,1,1,1,1,1,1,1,1
4.669778684807256,4.9832480725623585,60,59,1,1,1,1,1,1,1,1,1,0,1,1,1,1,1,1,1,1,1,1,1,1,1,1,1,1,1
4.425969160997732,4.716218594104308,53,80,1,1,1,1,1,1,1,1,1,1,1,1,1,1,1,1,1,1,1,1,1,1,1,1,1
4.2634294784580495,4.669778684807256,60,52,1,1,1,1,1,1,1,1,1,1,1,1,1,1,1,1,1,1,1,1,1,1,1,1,1,1,1,1,1,1,1,1,1,1,1
4.2634294784580495,4.425969160997732,53,80,1,1,1,1,1,1,1,1,1,1,1,1,1,1
4.031229931972789,4.356309297052154,65,61,1,1,1,1,1,1,1,1,1,1,1,1,1,1,1,1,1,1,1,1,1,1,1,1,1,1,1,1
3.9963999999999995,4.2634294784580495,53,61,1,1,1,1,1,1,1,1,1,1,1,1,1,1,1,1,1,1,1,1,1,1,1
3.844186394557823,4.2634294784580495,60,66,1,1,1,1,1,1,1,1,1,1,1,1,1,1,1,1,1,1,1,1,1,1,1,1,1,1,1,1,1,1,1,1,1,1,1,1,1
3.6352068027210884,3.9963999999999995,53,57,0,0,0,1,1,1,1,1,1,1,1,1,1,1,1,1,1,1,1,1,1,1,1,1,1,1,1,1,1,1,1,1
3.159197732426304,3.507497052154195,60,48,1,1,1,1,1,1,1,1,1,1,1,1,1,1,1,1,1,1,1,1,1,1,1,1,1,1,1,1,1,1
3.1475877551020406,3.786136507936508,45,86,1,1,1,1,1,1,1,1,1,1,1,1,1,1,1,1,1,1,1,1,1,1,1,1,1,1,1,1,1,1,1,1,1,1,1,1,1,1,1,1,1,1,1,1,1,1,1,1,1,1,1,1,1,1,1
3.1359777777777778,3.577156916099773,57,44,1,1,1,1,1,1,1,1,1,1,1,1,1,1,1,1,1,1,1,1,1,1,1,1,1,1,1,1,1,1,1,1,1,1,1,1,1,1
2.996658049886621,3.1475877551020406,45,83,1,1,1,1,1,1,1,1,1,1,1,1,1
2.369719274376417,2.7644585034013605,57,63,1,1,1,1,1,1,1,1,1,1,1,1,1,1,1,1,1,1,1,1,1,1,1,1,1,1,1,1,1,1,1,1,1,1
2.1026897959183675,2.7760684807256233,60,78,1,1,1,1,1,1,1,1,1,1,1,1,1,1,1,1,1,1,1,1,1,1,1,1,1,1,1,1,1,1,1,1,1,1,1,1,1,1,1,1,1,1,1,1,1,1,1,1,1,1,1,1,1,1,1,1,1,1
2.033029931972789,2.996658049886621,45,81,1,1,1,1,1,1,1,1,1,1,1,1,1,1,1,1,1,1,1,1,1,1,1,1,1,1,1,1,1,1,1,1,1,1,1,1,1,1,1,1,1,1,1,1,1,1,1,1,1,1,1,1,1,1,1,1,1,1,1,1,1,1,1,1,1,1,1,1,1,1,1,1,1,1,1,1,1,1,1,1,1,1,1
2.009809977324263,2.369719274376417,57,87,1,1,1,1,1,1,1,1,1,1,1,1,1,1,1,1,1,1,1,1,1,1,1,1,1,1,1,1,1,1,1
1.8692063492063493,2.009809977324263,57,73,1,1,1,1,1,1,1,1,1,1,1,1,1
1.787936507936508,2.636748752834467,64,51,1,1,1,1,1,1,1,1,1,1,1,1,1,1,1,1,1,1,1,1,1,1,1,1,1,1,1,1,1,1,1,1,1,1,1,1,1,1,1,1,1,1,1,1,1,1,1,1,1,1,1,1,1,1,1,1,1,1,1,1,1,1,1,1,1,1,1,1,1,1,1,1,1,1
1.4164172335600906,1.6370068027210884,57,76,1,1,1,1,1,1,1,1,1,1,1,1,1,1,1,1,1,1,1
1.253877551020408,1.4280272108843537,60,57,1,1,1,1,1,1,1,1,1,1,1,1,1,1,1
1.1493877551020408,1.4164172335600906,57,66,1,1,1,1,1,1,1,1,1,1,1,1,1,1,1,1,1,1,1,1,1,1,1
0.8475283446712019,1.0100680272108844,64,55,1,1,1,1,1,1,1,1,1,1,1,1,1,1
0.8359183673469388,1.0448979591836736,60,52,1,1,1,1,1,1,1,1,1,1,1,1,1,1,1,1,1,1
0.592108843537415,1.1493877551020408,57,75,1,1,1,1,1,1,1,1,1,1,1,1,1,1,1,1,1,1,1,1,1,1,1,1,1,1,1,1,1,1,1,1,1,1,1,1,1,1,1,1,1,1,1,1,1,1,2,1
0.301859410430839,0.592108843537415,57,62,1,1,1,1,1,1,1,1,1,1,1,1,1,1,1,1,1,1,1,1,1,1,1,1,1
23.744916553287982,23.908740136054423,52,90,1,1,1,1,1,1,1,1,1,1,1,1,1,1,1
9.56014693877551,9.803956462585033,45,81,1,1,1,1,1,1,1,1,1,1,1,1,1,1,1,1,1,1,1,1,1
113.676810430839,114.00188979591837,60,64,1,1,1,1,1,1,1,1,1,1,1,1,1,1,1,1,1,1,1,1,1,1,1,1,1,1,1,1
133.85618004535146,134.70370839002265,62,61,1,1,1,1,1,1,1,1,1,1,1,1,1,1,1,1,1,1,1,1,1,1,1,1,1,1,1,1,1,1,1,1,1,1,1,1,1,1,1,1,1,1,1,1,1,1,1,1,1,1,1,1,1,1,1,1,1,1,1,1,1,1,1,1,1,1,1,1,1,1,1,1,1
115.2686612244898,115.98847981859412,62,88,0,0,0,0,0,0,1,1,1,1,1,1,1,1,1,1,1,1,1,1,1,1,1,1,1,1,1,1,1,1,1,1,1,1,1,1,1,1,1,1,1,1,1,1,1,1,1,1,1,1,1,1,1,1,1,1,1,1,1,1,1,1
1.8692063492063493,2.091079818594104,60,44,1,1,1,1,1,1,1,1,1,1,1,1,1,1,1,1,1,1,1,1
128.90647800453513,129.24445124716556,65,57,1,1,1,1,1,1,1,1,1,1,1,1,1,1,1,1,1,1,1,1,1,1,1,1,1,1,1,1,1,1
54.961468027210884,55.17044761904762,72,73,1,1,1,1,1,1,1,1,1,1,1,1,1,1,1,1,1,1
139.87400000000002,142.11600952380954,38,61,1,1,1,1,1,1,1,1,1,1,1,1,1,1,1,1,1,1,1,1,1,1,1,1,1,1,1,1,1,1,1,1,1,1,1,1,1,1,1,1,1,1,1,1,1,1,1,1,1,1,1,1,1,1,1,1,1,1,1,1,1,1,1,1,1,1,1,1,1,1,1,1,1,1,1,1,1,1,1,1,1,1,1,1,1,1,1,1,1,1,1,1,1,1,1,1,1,1,1,1,1,1,1,1,1,1,1,1,1,1,1,1,1,1,1,1,1,1,1,1,1,1,1,1,1,1,1,1,1,1,1,1,1,1,1,1,1,1,1,1,1,1,1,1,1,1,1,1,1,1,1,1,1,1,1,1,1,1,1,1,1,1,1,1,1,1,1,1,1,1,1,1,1,1,1,1,1,1,1,1,1,1,1,1,1,1,1,1,1,1,1,1,1,1
74.81575827664399,74.95507800453514,65,73,-8,1,1,1,1,1,1,1,1,1,1,1
124.4224589569161,124.58499863945579,43,65,1,1,1,1,1,1,1,1,1,1,0,1,1,1
101.42058095238094,101.58312063492063,69,65,1,1,1,1,1,1,1,1,1,0,0,1,1,1
140.87245804988663,141.15238140589568,62,72,1,1,1,1,1,1,1,1,1,1,1,1,1,1,1,1,1,1,1,1,1,1,1,1,1
93.67159047619047,93.88057006802721,69,71,0,0,1,1,1,1,1,1,1,1,1,1,1,1,1,1,1,1
96.5405387755102,97.31840725623583,64,67,1,1,1,1,1,1,1,1,1,1,1,1,1,1,1,1,1,1,1,1,1,1,1,1,1,1,1,1,1,1,1,1,1,1,1,1,1,1,1,1,1,1,1,1,1,1,1,1,1,1,1,1,1,1,1,1,1,1,1,1,1,1,1,1,1,1,1
100.16541950113378,100.47888888888889,65,66,1,1,1,1,1,1,1,1,1,1,1,1,1,1,1,1,1,1,1,1,1,1,1,1,1,1,1
76.23345941043084,76.372779138322,69,71,1,1,1,1,1,1,1,1,1,1,1,1
53.84691020408164,53.986229931972794,41,72,0,0,0,0,0,0,0,0,1,1,1,1
46.51587891156463,46.73646848072562,74,73,1,1,1,1,1,1,1,1,1,1,1,1,1,1,1,1,1,1,1
77.63955056689343,77.90658004535148,72,62,1,1,1,1,1,1,1,1,1,1,1,1,1,1,1,1,1,1,1,1,1,1,1
109.49465079365079,109.63397052154194,36,76,0,0,1,1,1,1,1,1,1,1,1,1
7.341357369614513,7.759316553287982,50,71,1,1,1,1,1,1,1,1,1,1,1,1,1,1,1,1,1,1,1,1,1,1,1,1,1,1,1,1,1,1,1,1,1,1,1,1
106.28772925170068,106.46187891156463,74,64,1,1,1,1,1,1,1,1,1,1,1,1,1,1,1
133.79813015873015,134.0303297052154,65,61,1,1,1,1,1,1,1,1,1,1,1,1,1,1,1,1,1,1,1,1
86.28250929705216,86.79334829931973,48,53,1,1,1,1,1,1,1,1,1,1,1,1,1,1,1,1,1,1,1,1,1,1,1,1,1,1,1,1,1,1,1,1,1,1,1,1,1,1,1,1,1,1,1,1
60.89801814058956,61.1069977324263,69,61,1,1,1,1,1,1,1,1,1,1,1,1,1,1,1,1,1,1
47.18925759637188,47.3401873015873,41,57,0,0,0,1,1,1,1,1,0,0,1,1,1
102.03590975056689,102.61640861678005,81,63,1,1,1,1,1,1,1,1,1,1,1,1,1,1,1,1,1,1,1,1,1,1,1,1,1,1,1,2,2,2,1,1,1,1,1,1,1,1,1,1,2,2,1,1,1,1,1,1,1,1
79.25333741496598,79.48682086167801,53,69,1,1,1,1,1,1,1,1,2,2,2,2,2,2,2,2,2,2,2,2,1
148.087389569161,148.44729886621315,57,65,1,1,1,1,1,1,1,1,1,1,1,1,1,1,1,1,1,1,1,1,1,1,1,1,1,1,1,1,1,1,1
150.44549886621317,151.51490068027212,41,62,1,1,1,1,1,1,1,1,1,1,1,1,1,1,1,1,1,1,1,1,1,1,1,1,1,1,1,1,1,1,1,1,1,1,1,1,1,1,1,1,1,1,1,1,1,1,1,1,1,1,1,1,1,1,1,1,1,1,1,1,1,1,1,1,1,1,1,1,1,1,1,1,1,1,1,1,1,1,1,1,1,1,1,1,1,1,1,1,1,1,1,1,1
135.6918403628118,136.08657959183674,65,45,1,1,1,1,1,1,1,1,1,1,1,1,1,1,1,1,1,1,0,0,0,0,0,0,0,0,0,1,1,1,1,1,1,1
54.40418911564626,54.54350884353742,57,66,0,0,0,1,1,1,1,1,1,1,1,1
74.14237959183673,74.44423900226757,62,50,1,1,1,1,1,1,1,1,1,1,1,1,1,1,1,1,1,1,1,1,1,1,0,0,0,0
61.87454013605442,62.338939229024945,53,54,1,1,0,1,1,1,1,1,1,1,1,2,2,2,2,2,2,1,1,1,1,1,1,1,1,1,1,1,1,1,1,1,1,1,1,1,1,1,1,1
132.39203900226758,132.5661886621315,47,63,0,0,0,0,0,1,1,1,1,1,1,1,1,1,1
102.19844943310657,102.65123854875283,69,63,1,1,1,1,1,1,1,1,1,1,1,1,1,1,1,1,1,1,1,1,1,1,1,1,1,1,1,1,1,1,1,1,1,1,1,1,1,1,1
56.12374965986395,56.2630693877551,60,66,1,1,1,1,1,1,1,1,1,1,1,1
99.85195011337868,100.08414965986394,74,61,1,1,1,1,1,1,1,1,1,1,1,1,1,1,1,1,1,1,1,1
121.36775102040816,121.95985986394558,72,62,1,1,1,1,1,1,1,1,1,1,1,1,1,1,1,1,1,1,1,1,1,1,1,1,1,1,1,1,1,1,1,1,1,1,1,1,1,1,1,1,1,1,1,1,1,1,1,1,1,1,1
48.37475918367347,48.537298866213156,69,61,1,1,1,1,1,1,1,1,1,1,1,1,1,1
140.46610884353743,140.60542857142858,65,58,1,1,1,1,1,1,1,1,1,1,1,1
150.00431972789116,151.09694149659865,48,61,1,1,1,1,1,1,1,1,1,1,1,1,1,1,1,1,1,1,1,1,1,1,1,1,1,1,1,1,1,1,1,1,1,1,1,1,1,1,1,1,1,1,1,1,1,1,1,1,1,1,1,1,1,1,1,1,1,1,1,1,1,1,1,1,1,1,1,1,1,1,1,1,1,1,1,1,1,1,1,1,1,1,1,1,1,1,1,1,1,1,1,1,1,1,1
12.198179591836736,12.488429024943311,59,60,1,1,1,1,1,1,1,1,1,1,1,1,1,1,1,1,1,1,1,1,1,1,1,1,1
69.45970702947847,69.90217006802722,69,53,1,1,1,1,1,1,1,1,1,1,1,1,1,1,1,1,1,1,1,1,1,1,1,1,1,1,1,1,1,1,1,1,1,1,1,1,1,1,1
128.04733968253967,128.3491990929705,60,57,1,1,1,1,1,1,1,1,1,1,1,1,1,1,1,1,1,1,1,1,1,1,1,1,1,1
143.22024126984127,143.82396009070294,48,62,0,0,0,0,0,0,1,1,1,1,1,1,1,1,1,1,1,1,1,1,1,1,1,1,1,1,1,1,1,1,1,1,1,1,1,1,1,1,1,1,1,1,1,1,1,1,1,1,1,1,1,1
63.49993696145125,63.67537052154195,56,47,1,1,1,1,1,1,1,1,1,1,1,1,1,1,1,1
51.03472789115646,51.18565759637188,60,63,2,2,1,1,1,1,1,1,1,1,1,1,1
1.811156462585034,2.021419954648526,45,58,1,1,1,1,1,1,1,1,1,1,1,1,1,1,1,1,1,1,1
138.01511972789115,138.21248934240361,69,59,4,1,1,1,1,1,1,1,1,1,1,1,1,1,1,1,1
68.75149841269841,69.04174784580499,65,58,1,1,1,1,1,1,1,1,1,1,1,1,1,1,1,1,1,1,1,1,1,1,1,1,1
20.550888888888892,20.875968253968257,62,49,1,1,1,1,1,1,1,1,1,1,1,1,1,1,1,1,1,1,1,1,1,1,1,1,1,1,0,1
56.84356825396825,57.203477551020406,76,46,1,1,1,1,1,1,1,1,1,1,1,1,1,1,1,1,1,1,1,1,1,1,1,1,1,1,1,1,1,1,1
143.97488979591836,144.6134385487528,36,57,1,1,1,1,1,1,1,1,1,1,1,1,1,1,1,1,1,1,1,1,1,1,1,1,1,1,1,1,1,1,1,1,1,1,1,1,1,1,1,1,1,1,1,1,1,1,1,1,1,1,1,1,1,1,1
21.444857142857146,21.68866666666667,69,58,1,1,1,1,1,1,1,1,1,1,1,1,1,1,1,1,1,1,1,1,1
25.5805768707483,25.81277641723356,59,63,1,1,1,1,1,1,1,1,1,1,1,1,1,1,1,1,1,1,1,1
66.50948888888888,66.90422811791383,43,58,1,1,1,1,1,1,1,1,1,1,1,1,1,1,1,1,1,1,1,1,1,1,1,1,1,1,1,1,1,1,1,1,1,1
113.02536780045351,113.19951746031745,57,46,1,1,1,1,1,1,1,1,1,1,1,1,1,1,1
60.10853968253968,60.2594693877551,59,60,1,1,1,1,1,1,1,1,1,1,1,1,1
110.44666893424036,111.05038775510204,76,65,1,1,1,1,1,1,1,1,1,1,1,1,1,1,1,1,1,1,1,1,1,1,1,1,1,1,1,1,1,1,1,1,1,1,1,1,1,1,1,1,1,1,1,1,1,1,1,1,1,1,1,1
102.24488934240362,102.74411836734694,62,55,1,1,1,1,1,1,1,1,1,1,1,1,1,1,1,1,1,1,1,1,1,1,1,1,1,1,1,1,1,1,1,1,1,1,1,1,1,1,1,1,1,1,1
137.6900403628118,137.91062993197278,82,54,1,1,1,1,1,1,1,1,1,1,1,1,1,1,1,1,1,1,1
95.14605759637188,95.36793106575963,77,45,1,1,1,1,1,1,1,1,1,1,1,1,1,1,1,1,1,1,1,1
96.575368707483,97.02815782312925,79,55,1,1,1,1,1,1,1,1,1,1,1,1,1,1,1,1,1,1,1,1,1,1,2,2,2,2,2,2,2,1,1,1,1,1,1,1,1,1,1
112.00368979591836,112.29393922902494,50,55,1,1,1,1,1,1,1,1,1,1,1,1,1,1,1,1,1,1,1,1,1,1,1,1,1
129.99909977324265,130.56798866213154,67,51,1,1,1,1,1,1,1,1,1,1,1,1,1,1,1,1,1,1,1,1,1,1,1,1,1,1,1,1,1,1,1,1,1,1,1,1,1,1,1,1,1,1,1,1,1,1,1,1,1
94.4494589569161,94.68165850340137,65,48,1,1,1,1,1,1,1,1,1,1,1,1,1,1,1,1,1,1,1,1
137.0863215419501,137.31852108843538,41,57,1,1,1,1,1,1,1,1,1,1,1,1,1,1,1,1,1,1,1,1
98.72449841269842,99.17728752834468,67,53,1,1,1,1,1,1,1,1,1,1,1,1,1,1,1,1,1,1,1,1,1,1,1,1,1,1,1,1,1,1,1,1,1,1,1,1,1,1,1
59.491926984126984,59.73702040816326,50,54,1,1,1,1,1,1,1,1,1,1,1,1,1,1,1,1,1,1,1,1,1,1
123.95805986394558,124.329579138322,52,60,1,1,1,1,1,1,1,1,1,1,1,0,0,1,1,1,1,1,1,1,1,1,1,1,1,1,1,1,1,1,1,1
43.78625034013606,43.937180045351475,57,52,1,1,1,1,1,1,1,1,1,1,1,1,1
12.476819047619047,12.70901859410431,68,59,1,1,1,1,1,1,1,1,1,1,1,1,1,1,1,1,1,1,1,1
103.5000507936508,104.23147936507937,82,59,1,1,1,1,1,1,1,1,1,1,1,1,1,1,1,1,1,1,1,1,1,1,1,1,1,1,1,1,1,1,1,1,1,1,1,1,1,1,1,1,1,1,1,1,1,1,1,1,1,1,1,1,1,1,1,1,1,1,1,1,1,1,1
119.47404081632652,119.90360997732427,32,56,2,2,2,2,2,2,0,0,0,0,0,1,1,1,1,1,1,1,1,1,1,1,1,1,1,1,1,1,1,1,1,1,1,1,1,1,1
99.84034013605442,100.18863945578231,50,59,1,1,1,1,1,1,1,1,1,1,1,1,1,1,1,1,1,1,1,1,1,1,1,1,1,1,1,1,1,1
46.14435963718821,46.283679365079365,43,64,1,1,1,1,1,1,1,1,1,1,1,1
104.70748843537415,105.27637732426304,69,54,1,1,1,1,1,1,1,1,1,1,1,1,1,1,1,1,1,1,1,1,1,1,1,1,1,1,1,1,1,1,1,1,1,1,1,1,1,1,1,1,1,1,1,1,1,1,1,1,1
95.98325986394558,96.36638911564626,60,46,1,1,1,1,1,1,1,1,1,1,1,1,1,1,1,1,1,1,1,1,1,1,1,1,1,1,1,1,1,1,1,1,1
144.07937959183673,144.60182857142857,48,60,1,1,1,1,1,1,1,1,1,1,1,1,1,1,1,1,1,1,1,1,1,1,1,1,1,1,1,1,1,1,1,1,1,1,1,1,1,1,1,1,1,1,1,1,1
123.01636780045351,123.21502131519274,36,57,0,1,1,1,1,1,1,1,1,1,1,1,1,1,1,1,1,1
65.91738004535148,66.10313968253968,71,58,1,1,1,1,1,1,1,1,1,1,1,1,1,1,1,1
61.408857142857144,62.01385986394558,69,48,1,1,1,1,1,1,1,1,1,1,1,1,1,1,1,1,1,1,1,1,1,1,1,1,1,1,1,1,1,1,1,1,1,1,1,1,1,0,0,1,1,1,1,1,1,1,1,1,1,1,1,1,1
145.00817777777777,145.7408902494331,67,52,1,1,1,1,1,1,1,1,1,1,1,1,1,1,1,1,1,1,1,1,1,1,1,1,1,1,1,1,1,1,1,1,1,1,1,1,1,1,1,1,1,1,1,1,1,1,1,1,1,1,1,1,1,1,1,1,1,1,1,1,1,1,1,1
98.77093832199547,98.91025804988662,59,58,1,1,1,1,1,1,1,1,1,1,1,1
68.08972970521542,68.24065941043084,77,52,1,1,1,1,1,1,1,1,1,1,1,1,1
148.69110839002266,149.02908163265306,53,62,1,1,1,1,1,1,1,1,1,1,1,1,1,1,1,1,1,1,1,1,1,1,1,1,1,1,1,1,1,1
133.98388979591834,134.52955873015873,74,50,1,1,1,1,1,1,1,1,1,1,1,1,1,1,1,1,1,1,1,1,1,1,1,1,1,1,1,1,1,1,1,1,1,1,1,1,1,1,1,1,1,1,1,1,1,1,1
61.21148752834467,61.78166031746032,65,51,1,1,1,1,1,1,1,1,1,1,1,1,1,1,1,1,1,1,1,1,1,1,1,1,1,1,1,1,1,1,1,1,1,1,1,1,1,1,1,1,1,1,1,1,1,1,1,1,1,1
17.78514648526077,18.28565941043084,69,51,1,1,1,1,1,1,1,1,1,1,1,1,1,1,1,0,0,1,1,1,1,1,1,1,1,1,1,1,1,1,1,1,1,1,1,1,1,1,1,1,1,1,1,1
151.2362612244898,151.65422040816327,48,49,1,1,1,1,1,1,1,1,1,1,1,1,1,1,1,1,1,1,1,1,1,1,1,1,1,1,1,1,1,1,1,1,1,1,1,1
111.41158095238094,111.6437804988662,67,57,0,1,1,1,1,1,1,1,1,1,1,1,1,1,1,1,1,1,1,1
90.97550793650792,91.14965759637188,47,60,1,1,1,1,1,1,1,1,1,1,1,1,1,1,1
132.9493179138322,133.4033909297052,32,57,-1,1,1,1,1,1,1,1,1,1,1,1,1,1,1,1,1,1,1,1,1,1,1,1,1,1,1,1,1,1,1,1,1,1,1,1,1,1,1,1
92.89243809523809,93.03175782312925,65,38,1,1,1,1,1,1,1,1,1,1,1,1
130.16163945578234,130.33578911564626,48,55,1,1,1,1,1,1,1,1,1,1,1,1,1,1,1
116.58058866213152,116.88244807256237,81,56,1,1,1,1,1,1,1,1,1,1,1,1,1,1,1,1,1,1,1,1,1,1,1,1,1,1
83.50644081632653,83.65737052154195,56,36,1,1,1,1,1,1,1,1,1,1,1,1,2
121.12265759637188,121.87859002267574,48,54,1,1,1,1,1,1,1,1,1,1,1,1,1,1,1,1,1,1,1,1,1,1,1,1,1,1,1,1,1,1,1,1,1,1,1,1,1,1,1,1,1,1,1,1,1,1,1,1,1,1,1,1,1,1,1,1,1,1,1,1,1,1,1,1,1,1
129.883,130.02231972789116,52,57,1,1,1,0,0,1,1,1,1,1,1,1
135.657010430839,135.83116009070295,81,40,1,1,1,1,1,1,1,1,1,1,1,1,1,1,1
22.734848526077098,22.955438095238097,65,54,1,1,1,1,1,1,1,1,1,1,1,1,1,1,1,1,1,1,1
103.31429115646259,103.48844081632653,58,57,1,1,1,1,1,1,1,1,1,1,1,1,1,1,1
120.87884807256235,121.56512063492063,57,47,1,1,1,1,1,1,1,1,1,1,1,1,1,1,1,1,1,1,1,1,1,1,1,1,1,1,1,1,1,1,1,1,1,1,1,1,1,1,1,1,1,1,1,1,1,1,1,1,1,1,1,1,1,1,1,1,1,1,1,1
21.026897959183675,21.20104761904762,57,57,1,1,1,1,1,1,1,1,1,1,1,1,1,1,1
120.43766893424036,120.72791836734693,60,50,1,1,1,1,1,1,1,1,1,1,1,1,1,1,1,1,1,1,1,1,1,1,1,1,1
142.35981904761906,142.52235873015874,81,38,1,1,1,1,1,1,1,1,1,1,1,1,1,1
133.33373106575962,133.67042040816327,62,54,1,1,1,1,1,1,1,1,1,1,1,1,1,1,1,1,1,1,1,1,1,1,1,1,1,1,1,1,1
60.921238095238095,61.3275873015873,53,47,1,1,1,1,1,1,1,1,1,1,1,1,1,1,1,1,1,1,1,1,1,1,1,1,1,1,1,1,1,1,1,1,1,1,1
114.83780816326531,115.17449750566894,45,55,1,1,1,1,1,1,1,1,1,1,1,1,1,1,1,1,1,1,1,1,1,1,1,1,1,1,1,1,1
149.91143990929706,150.2132993197279,41,52,1,1,1,1,1,1,1,1,1,1,1,1,1,1,1,1,1,1,1,1,1,1,1,1,1,1
140.1642494331066,140.41966893424038,74,53,1,1,1,1,1,1,1,1,1,1,1,1,1,1,1,1,1,1,1,1,1,1
141.3381410430839,141.58195056689343,77,41,1,1,1,1,1,1,1,1,1,1,1,1,1,1,1,1,1,1,1,1,1
62.501478911564625,63.058757823129255,69,43,1,1,1,1,1,1,1,1,1,1,7,7,1,1,1,1,1,1,1,1,1,1,1,1,1,1,1,1,1,1,1,1,1,1,1,1,1,1,1,1,1,1,1,1,1,1,1,1
138.03833968253969,138.24731927437642,46,57,1,1,1,1,1,1,1,1,1,1,1,1,1,1,1,1,1,1
1.4164172335600906,1.6137868480725623,45,56,0,0,0,1,1,1,1,1,1,1,1,1,1,1,1,1,1
97.24874739229026,97.62155056689343,79,45,1,1,1,1,1,1,1,1,1,1,1,1,2,1,1,1,1,1,1,1,1,2,2,2,2,1,1,1,1,1,1,1,1
95.19249750566894,95.35503718820861,89,53,1,1,1,1,1,1,1,1,1,1,1,1,1,1
136.27233922902494,136.4116589569161,70,53,1,1,1,1,1,1,1,1,1,1,1,1
66.67202857142857,66.96227800453515,55,51,1,1,1,1,1,1,1,1,1,1,1,1,1,1,1,1,1,1,1,1,1,1,1,1,1
109.24955736961452,109.37855102040815,64,52,1,1,1,1,1,1,1,1,1,1,1,1
53.35800725623583,53.5553768707483,62,54,1,1,1,1,1,1,1,1,1,1,1,1,1,1,1,1,1
124.96812789115647,125.11905759637189,67,54,1,1,1,1,1,1,1,1,1,1,1,1,1
98.64322857142858,98.78254829931973,43,54,1,1,1,1,1,1,1,1,1,1,1,1
24.071279818594103,24.210599546485263,57,53,7,1,1,1,1,1,1,1,1,1,1,1
61.93259002267574,62.280889342403626,65,54,1,1,1,1,1,1,1,1,1,1,1,1,1,1,1,1,1,1,1,1,1,1,1,1,1,1,1,1,1,1
104.9745179138322,105.1951074829932,29,51,1,1,1,1,1,1,1,1,1,1,1,1,1,1,1,1,1,1,1
68.85598820861678,69.08818775510204,77,55,1,1,1,1,1,1,1,1,1,1,1,1,1,1,1,1,1,1,1,1
130.68408843537415,130.83501814058957,60,54,1,1,1,1,1,1,1,1,1,1,1,1,1
119.54370068027211,119.75268027210883,41,50,1,1,1,1,1,1,1,1,1,1,1,1,1,1,1,1,1,1
87.06037777777777,87.26935736961451,65,54,1,1,1,1,1,1,1,1,1,1,1,1,1,1,1,1,1,1
136.73673832199546,137.19081133786847,34,47,1,1,1,1,1,1,1,1,1,1,1,1,1,1,1,1,1,1,1,1,1,1,1,1,1,1,1,1,1,1,1,1,1,1,1,1,1,1,1,1
143.2318512471655,143.44083083900225,32,52,-2,1,1,1,1,1,1,1,1,1,1,1,1,1,1,1,1,1
33.07414784580499,33.27151746031746,41,53,2,2,1,1,1,1,1,1,1,1,1,1,1,1,1,1,1
149.41221088435375,149.7721201814059,48,51,1,1,1,1,1,1,1,1,1,1,1,1,1,1,1,1,1,1,1,1,1,1,1,1,1,1,1,1,1,1,1
125.23644126984128,125.46864081632654,55,54,1,1,1,1,1,1,1,1,1,1,1,1,1,1,1,1,1,1,1,1
86.18962947845804,86.363779138322,69,55,1,1,1,1,1,1,1,1,1,1,1,1,1,1,1
132.21788934240362,132.35720907029477,50,53,1,1,1,1,1,1,1,1,1,1,1,1
128.43046893424037,129.03418775510204,41,48,1,1,1,1,1,1,0,0,0,0,1,1,1,1,1,1,1,1,1,1,1,1,1,1,1,1,1,1,1,1,1,1,1,1,1,1,1,1,1,1,1,1,1,1,1,1,1,1,1,1,1,1
31.517126984126982,31.749326530612244,69,47,0,1,1,1,1,1,1,1,1,1,1,1,1,1,1,1,1,1,1,1
96.40121904761905,96.55214875283447,67,52,1,1,1,1,1,1,1,1,1,1,1,1,1
94.36818911564626,94.96029795918368,48,49,1,1,1,1,1,1,1,1,1,1,1,1,1,1,1,1,1,1,1,1,1,1,1,1,1,1,1,1,1,1,1,1,1,1,1,1,1,1,1,1,1,0,0,0,1,1,1,1,1,1,1
25.8011664399093,26.266849433106575,68,53,1,1,1,1,1,1,1,1,1,1,1,1,1,1,1,1,1,1,1,1,1,1,1,1,1,1,1,1,1,1,1,1,1,1,1,1,1,1,1,1,1
129.22123129251702,129.46504081632654,41,53,1,1,1,1,1,1,1,1,1,1,1,1,1,1,1,1,1,1,1,1,1
1.172607709750567,1.3815873015873017,64,52,1,1,1,1,1,1,1,1,1,1,1,1,1,1,1,1,1,1
125.56152063492064,125.94464988662132,50,47,1,1,1,1,1,1,1,1,1,1,1,1,1,1,1,1,1,1,1,1,1,1,1,1,1,1,1,1,1,1,1,1,1
79.93960997732427,80.11375963718821,81,49,1,1,1,1,1,1,1,1,1,1,1,1,1,1,1
137.09793151927437,137.3069111111111,74,52,1,1,1,1,1,1,1,1,1,1,1,1,1,1,1,1,1,1
11.535126984126984,11.767326530612246,59,50,1,1,1,1,1,1,1,1,1,1,1,1,1,1,1,1,1,1,1,1
131.3819709750567,131.5909505668934,55,43,1,1,1,1,1,1,1,1,1,1,1,1,1,1,1,1,1,1
96.67985850340136,96.81917823129253,52,43,1,1,1,1,1,1,1,1,1,1,1,1
120.48410884353741,120.68147845804988,53,51,1,1,1,1,1,1,1,1,1,1,1,1,1,1,1,1,1
15.577966893424035,15.892720181405895,72,47,0,1,1,1,1,1,1,1,1,1,1,1,1,1,1,1,1,1,1,1,0,0,0,0,1,1,1,1
129.33733106575966,129.4766507936508,77,50,1,1,1,1,1,1,1,1,1,1,1,1
136.4464888888889,136.6902984126984,58,47,1,1,1,1,1,1,1,1,1,1,1,1,1,1,1,1,1,1,1,1,1
69.16945759637188,69.40165714285715,57,52,1,1,1,1,1,1,1,1,1,1,1,1,1,1,1,1,1,1,1,1
137.26047120181406,137.45784081632652,82,49,1,1,1,1,1,1,1,1,1,1,1,1,1,1,1,1,1
90.42983900226757,90.62720861678004,72,47,1,1,1,1,1,1,1,1,1,1,1,1,1,1,1,1,1
143.51049070294783,143.74269024943308,64,51,1,1,1,1,1,1,1,1,1,1,1,1,1,1,1,1,1,1,1,1
126.96632789115647,127.223031292517,53,44,1,1,1,1,1,1,1,1,1,1,1,1,1,1,1,1,1,1,1,1,1,1,1
59.58480680272109,59.74863038548752,59,50,1,1,1,1,1,1,1,1,1,1,1,1,1,1,1
128.43046893424037,128.56978866213151,65,50,1,1,1,1,1,1,1,1,1,1,1,1
69.48292698412699,69.78607029478458,76,51,1,1,1,1,1,1,1,1,1,1,1,1,1,1,1,1,1,1,1,1,1,1,1,1,1,1,1
58.71405850340136,59.004307936507935,64,47,1,1,1,1,1,1,1,1,1,1,1,1,1,1,1,1,1,1,0,0,1,1,1,1,1
130.81179818594106,130.985947845805,79,42,1,1,1,1,1,1,1,1,1,1,1,1,1,0,1
62.46664897959184,62.62918866213152,57,49,1,1,1,1,1,1,1,1,1,1,1,1,1,1
131.67222040816327,131.8231501133787,47,49,0,0,0,0,-2,-2,1,1,1,1,1,1,1
56.5765387755102,56.80873832199546,56,47,1,1,1,1,1,1,1,1,1,1,1,1,1,2,1,1,1,1,1,1
138.27053922902493,138.5027387755102,57,46,1,1,1,1,1,1,1,1,1,1,1,1,1,1,1,1,1,0,0,1
60.12014965986394,60.271079365079366,50,50,1,1,1,1,1,1,1,1,1,1,1,1,1
124.59660861678005,124.78236825396826,67,47,1,1,1,1,1,1,1,1,1,1,1,1,1,1,1,1
55.298157369614515,55.49552698412699,57,45,0,0,1,1,1,1,1,1,1,1,1,1,1,1,1,1,1
59.95760997732426,60.22463945578231,69,48,1,1,1,1,1,1,1,1,1,1,1,1,1,1,1,1,1,1,1,1,1,1,1
47.85231020408163,48.10772970521542,69,46,1,1,1,1,1,1,1,1,1,1,1,1,1,1,1,1,1,1,1,1,1,1
0.7314285714285714,1.0448979591836736,45,45,1,1,1,1,1,1,1,1,1,1,1,1,1,1,1,1,1,1,1,1,1,1,1,1,1,1,1
88.3968090702948,88.53612879818594,48,48,0,1,1,1,1,1,1,1,1,1,1,1
29.82207029478458,29.961390022675737,45,48,2,2,1,1,1,1,1,1,1,1,1,1
151.46846077097507,151.642610430839,53,47,1,1,1,1,1,1,1,1,1,1,1,1,1,1,1
131.7302702947846,131.9740798185941,55,41,1,1,1,1,1,1,1,1,1,1,1,1,1,1,1,2,2,2,1,1,1
34.78209841269842,34.95624807256236,38,47,2,2,2,2,2,2,2,1,1,1,1,1,1,1,1
131.89280997732428,132.03212970521543,71,48,1,1,1,1,1,1,1,1,1,1,1,1
140.2571292517007,140.48932879818597,45,43,1,1,1,1,1,1,1,1,1,1,1,1,1,1,1,1,1,1,1,1
115.83755011337868,115.97686984126985,33,49,1,1,1,1,1,1,1,1,1,1,1,1
112.00368979591836,112.56096870748298,74,47,1,1,1,1,1,1,1,1,1,1,1,1,1,1,1,1,1,1,1,1,1,1,1,1,1,1,1,1,1,1,1,1,1,1,1,1,1,1,1,1,1,1,1,1,1,1,1,1
18.877768253968252,19.075137868480724,69,44,1,1,1,1,1,1,1,1,1,1,1,1,1,1,1,1,1
130.05714965986397,130.324179138322,79,40,1,1,1,1,1,1,1,1,1,1,1,1,1,1,1,1,1,1,1,1,1,1,1
68.43802902494332,68.65861859410431,72,38,1,1,1,1,1,1,1,1,1,1,1,1,1,1,1,1,1,1,1
63.686980498866205,64.04688979591836,71,43,1,1,1,1,1,1,1,1,1,1,1,1,1,1,1,1,1,1,1,1,1,1,1,1,1,1,1,1,1,1,1
125.32932108843538,125.56152063492064,74,47,1,1,1,1,1,1,1,1,1,1,1,1,1,1,1,1,1,1,1,1
140.96533786848073,141.23365124716554,50,40,1,1,1,1,1,1,1,1,1,1,1,1,1,1,1,1,1,1,1,1,1,1,1,1
112.119789569161,112.67706848072562,31,44,1,1,1,1,1,1,1,1,1,1,1,1,1,1,1,1,1,1,1,1,1,1,1,1,1,1,1,1,1,1,1,1,1,1,1,1,1,1,1,1,1,1,1,1,1,1,1,1
124.80558820861678,125.01456780045352,59,36,1,1,1,1,1,1,1,1,1,1,1,1,1,1,1,1,1,1
122.88865804988662,123.0511977324263,76,44,1,1,1,1,1,1,1,1,1,1,1,1,1,1
122.94670793650793,123.30790113378686,43,43,1,1,1,1,1,1,1,1,1,1,1,1,1,1,1,1,1,1,1,1,1,1,1,1,1,1,0,0,0,0,0,0
144.25352925170066,144.57860861678003,79,42,1,1,1,1,1,1,1,1,1,1,1,1,1,1,1,1,1,1,1,1,1,1,1,1,1,1,1,1
133.63559047619046,133.78652018140588,45,46,1,1,1,1,1,1,1,1,1,1,1,1,1
97.83053015873017,98.09755963718821,43,39,1,1,1,1,1,1,1,1,1,1,1,1,1,1,1,1,1,1,1,1,1,1,1
94.0431097505669,94.25208934240362,65,43,1,1,1,1,1,1,1,1,1,1,1,1,1,1,1,1,1,1
139.76951020408166,140.15263945578232,41,41,1,1,1,1,1,1,1,1,1,1,1,1,1,1,1,1,1,1,1,1,1,1,1,1,1,1,1,1,1,1,1,1,1
132.1946693877551,132.42686893424036,67,39,1,1,1,1,1,1,1,1,1,1,1,1,1,1,1,1,1,1,1,1
55.182057596371884,55.460697052154195,41,42,0,1,1,1,1,1,1,1,1,1,1,1,1,1,0,0,0,0,0,0,1,1,1,1
105.44020090702948,105.5911306122449,53,46,0,0,1,1,1,1,1,1,1,1,1,1,1
66.66041859410431,66.84617823129251,71,44,1,1,1,1,1,1,1,1,1,1,-5,1,1,1,1,1
91.97524988662131,92.16100952380953,67,44,1,1,1,1,1,1,1,1,1,1,1,1,1,1,1,1
87.96723990929706,88.17621950113379,48,43,1,1,1,1,1,1,1,1,1,1,1,1,1,1,1,1,1,1
139.75790022675739,140.15263945578232,32,41,0,0,0,0,0,0,0,0,0,0,1,1,1,1,1,1,1,1,1,1,1,1,1,1,1,1,1,1,1,1,1,1,1,1
60.45683900226757,60.654208616780046,69,42,1,1,1,1,1,1,1,1,1,1,1,1,1,1,1,1,1
123.51688072562358,123.69103038548754,43,44,1,1,1,1,1,1,1,1,1,1,1,1,1,1,1
25.86050022675737,25.999819954648526,64,42,1,1,1,1,1,1,1,1,1,1,1,1
148.0525596371882,148.34280907029478,41,38,1,1,1,1,1,1,1,1,1,1,1,1,1,1,1,1,1,1,1,1,1,1,1,1,1
66.31211927437641,66.52109886621315,71,40,-5,1,1,1,1,1,1,1,1,1,1,1,1,1,1,1,1,1
49.5589768707483,49.74602040816326,52,42,1,1,1,1,1,1,1,1,0,0,1,1,1,1,1,1,1
66.602368707483,66.79973832199546,62,38,1,1,1,1,1,1,1,1,1,1,1,1,1,1,1,1,1
130.15002947845807,130.33578911564626,36,41,1,1,1,1,1,1,1,1,1,1,1,1,1,1,1,1
133.46144081632653,133.61237052154195,50,41,1,1,1,1,1,1,1,1,1,1,1,1,1
151.82837006802723,152.07217959183674,48,41,1,1,1,1,1,1,1,1,1,1,1,1,1,1,1,1,1,1,1,1,1
111.65539047619048,111.87598004535147,55,38,1,1,1,1,1,1,1,1,1,1,1,1,1,1,1,1,1,1,1
129.662410430839,129.8249501133787,43,37,1,1,1,1,1,1,1,1,1,1,1,1,1,1
