start_time_s,end_time_s,pitch_midi,velocity,pitch_bend
618.3403360544218,618.6189755102041,40,41,2,2,2,2,2,0,0,0,0,1,1,1,1,1,1,1,1,1,1,1,1,1,1,1
617.2244943310658,617.4566938775511,64,39,-1,-1,-1,2,2,2,2,2,1,1,1,1,1,1,1,1,1,1,1,1
616.8761950113378,617.0619546485261,45,71,1,1,1,1,1,1,1,1,2,2,2,2,2,2,1,1
616.6439954648527,616.7833151927438,40,58,1,1,1,1,1,1,1,1,1,1,1,1
615.912566893424,616.1563764172336,50,48,1,1,1,1,1,1,1,1,0,0,0,0,0,0,0,0,0,0,0,-2,-2
615.4933238095238,615.8067931972789,40,42,4,2,1,1,1,1,1,1,0,1,1,1,1,1,1,1,1,1,1,1,1,1,1,1,1,1,1
613.8550331065759,614.8896049886621,61,49,1,1,1,1,1,1,1,1,1,1,1,1,1,1,1,1,1,1,1,1,1,1,1,1,1,1,1,1,1,1,1,1,1,1,1,1,1,1,1,1,1,1,1,1,1,1,1,1,1,1,1,1,1,1,1,1,1,1,1,1,1,1,1,1,1,1,1,1,1,1,1,1,1,1,1,1,1,1,1,1,1,1,1,1,1,1,1,1,1,1
613.2280943310657,613.3790240362812,40,60,1,1,1,1,1,1,1,1,1,1,1,1,1
612.9030149659864,613.2280943310657,40,43,1,1,1,1,1,1,1,1,1,1,1,1,1,1,1,1,1,1,1,1,1,1,1,1,1,1,1,1
612.1251464852608,612.310906122449,69,52,1,1,1,1,0,0,0,0,0,0,0,0,1,1,1,1
612.1251464852608,612.2992961451247,41,77,1,1,1,1,1,1,1,1,1,1,1,1,1,0,0
611.9393868480726,612.1251464852608,69,32,1,1,1,0,-2,-2,-2,1,1,1,1,1,1,1,1,1
611.4620938775511,611.636243537415,42,71,1,1,1,1,1,1,1,1,1,1,1,1,1,-1,-1
610.6377854875284,610.8119351473923,42,77,2,1,1,1,1,1,1,1,1,1,1,1,1,1,1
610.045676643991,611.3576040816328,33,56,1,1,1,1,1,1,1,1,1,1,1,1,1,1,1,1,1,1,1,1,1,1,1,1,1,1,1,1,1,1,1,1,1,1,1,1,1,1,1,1,1,1,1,1,1,1,1,1,1,1,1,1,1,1,1,1,1,1,1,1,1,1,1,1,1,1,1,1,1,1,1,1,1,1,1,1,1,1,1,1,1,1,1,1,1,1,1,1,1,1,1,1,1,1,1,1,1,1,1,1,1,1,1,1,1,1,1,1,1,1,1,1,1
609.5799936507937,610.1153365079366,45,48,5,5,5,0,0,0,1,1,1,1,1,1,1,1,1,1,1,1,1,1,1,1,1,1,1,1,1,1,1,1,1,1,1,1,1,1,1,1,1,1,1,1,1,1,1,1,1
609.5451637188208,609.9876267573696,33,57,1,1,1,1,1,1,1,1,1,1,1,1,1,1,1,1,1,1,1,1,1,1,1,1,1,1,1,1,1,1,1,1,1,1,1,1,1,1,1
608.8601750566894,609.0459346938776,54,52,1,1,1,1,1,0,0,0,0,0,0,1,1,1,1,4
608.53509569161,608.6744154195012,43,68,1,1,1,1,1,1,1,1,1,1,1,1
608.5118757369615,609.5451637188208,33,63,1,1,1,1,1,1,1,1,1,1,1,1,1,1,1,1,1,1,1,1,1,1,1,1,1,1,1,1,1,1,1,1,1,1,1,1,1,1,1,1,1,1,1,1,1,1,1,1,1,1,1,1,1,1,1,1,1,1,1,1,1,1,1,1,1,1,1,1,1,1,1,1,1,1,1,1,1,1,1,1,1,1,1,1,1,1,1,1,1
608.360946031746,608.5118757369615,33,71,1,1,1,1,1,1,1,1,1,1,1,1,1
608.2564562358277,608.8485650793651,61,58,1,1,1,1,1,1,1,1,1,1,1,1,1,1,1,1,1,1,1,1,1,1,1,1,1,1,1,1,1,1,1,1,1,1,1,1,1,1,1,1,1,1,1,1,1,1,1,1,1,1,1
608.1867963718821,608.360946031746,33,78,1,1,1,1,1,1,1,1,1,1,1,1,1,1,1
608.0242566893425,608.2564562358277,61,52,1,1,1,1,1,1,1,1,1,1,1,1,1,1,1,1,1,1,1,1
607.3844240362812,607.5237437641723,38,55,2,2,2,2,2,2,2,2,2,1,1,1
607.3263741496598,607.512133786848,59,45,1,1,1,1,1,1,1,1,1,1,1,1,1,1,1,1
607.1522244897959,607.3263741496598,59,36,1,1,1,1,1,1,1,1,1,1,1,1,1,1,1
607.1522244897959,607.3844240362812,41,60,1,1,2,0,0,1,1,1,1,1,1,1,1,1,1,1,1,1,0,0
606.9432448979592,607.1057845804988,44,47,1,1,1,1,0,0,1,1,0,0,0,0,0,-1
606.2118163265307,606.3975759637189,39,39,4,4,3,3,3,0,0,0,1,1,1,1,1,1,1,1
605.734523356009,605.8738430839003,42,45,1,1,1,1,1,2,2,2,2,2,2,1
605.0379247165533,605.3862240362812,57,41,1,1,1,1,1,1,1,1,1,1,1,1,1,1,1,1,1,1,1,1,1,1,1,1,1,1,1,1,1,1
604.8289451247166,604.9682648526077,38,37,3,3,2,1,1,1,1,1,1,1,1,1
604.3877659863946,604.5619156462585,69,37,1,1,1,1,1,-3,-3,-2,1,1,1,1,1,1,1
604.097516553288,604.318106122449,69,49,1,1,1,1,1,1,1,1,1,1,1,1,1,1,1,1,1,1,1
603.8872530612244,604.097516553288,69,40,1,1,1,1,1,1,1,1,1,1,1,1,1,1,1,1,1,1,1
603.6550535147392,603.8059832199547,40,59,3,3,3,1,1,1,1,1,1,1,1,1,1
603.2603142857142,603.4809038548752,68,46,1,1,1,1,1,1,1,1,1,1,1,1,1,1,1,1,1,1,1
603.24870430839,603.4576839002267,40,37,4,4,4,1,1,1,1,1,1,1,2,2,2,2,2,2,2,2
602.0528766439909,602.2154163265305,50,57,1,1,1,1,1,1,1,1,1,1,1,1,1,1
601.6220235827664,601.7845632653061,68,47,1,1,1,1,1,1,1,1,1,1,1,1,1,1
601.4130439909296,601.5755836734694,42,54,2,2,2,2,2,1,1,0,0,0,1,1,1,1
600.0198467120181,600.2636562358276,43,75,1,1,1,0,0,0,0,0,0,0,0,1,1,1,1,1,1,1,-1,-1,-1
599.472893877551,599.693483446712,42,52,2,1,1,1,1,0,0,0,0,0,-1,-1,-1,-1,-1,-1,-1,-1,-1
598.8343451247165,598.9736648526076,49,52,-2,-1,0,0,0,1,1,1,1,1,-2,-2
598.0100367346938,598.2886761904762,44,74,1,1,1,1,1,1,1,1,1,1,1,1,1,1,1,1,1,1,1,0,0,0,0,0
597.5791836734694,597.7301133786849,49,79,3,1,1,1,1,0,0,0,0,0,0,1,1
597.428253968254,597.5791836734694,49,41,1,1,1,1,2,2,2,2,2,3,3,3,3
597.2192743764173,597.4050340136055,45,49,3,1,1,0,0,0,0,0,0,0,0,0,0,0,0,0
596.5807256235828,597.1263945578232,35,69,1,1,1,1,1,1,1,1,1,1,1,1,1,1,1,1,1,1,1,1,1,1,1,1,1,1,1,1,1,1,1,1,1,1,1,1,1,1,1,1,1,1,1,1,1,1,1
596.4065759637189,596.5807256235828,35,41,1,1,1,1,1,1,1,1,1,1,1,1,1,1,1
595.9641129251701,596.1975963718821,35,41,1,1,1,1,1,1,1,1,1,1,1,1,1,1,1,1,1,1,1,1,1
595.8364031746032,596.0234467120182,42,53,1,1,1,1,1,1,1,1,1,1,1,1,1,1,1,1,1
595.4648839002268,595.8364031746032,35,67,1,1,1,1,1,1,1,1,1,1,1,1,1,1,1,1,1,1,1,1,1,1,1,1,1,1,1,1,1,1,1,1
594.6405755102041,594.7798952380953,40,44,1,1,0,0,0,0,0,0,0,0,0,0
594.2458362811792,594.454815873016,41,38,0,0,0,0,0,0,0,0,0,0,0,0,0,0,0,0,0,0
593.8382031746032,594.0252467120182,42,49,-1,-1,0,0,0,0,0,1,1,2,2,2,1,1,1,1,1
593.5363437641723,593.698883446712,43,64,1,1,1,2,2,2,2,2,2,2,1,1,1,1
593.3157541950113,593.5247337868481,32,50,1,1,1,1,1,1,1,1,1,1,1,1,1,1,1,1,1,1
593.2577043083901,593.4899038548753,44,37,1,1,1,1,1,1,0,0,0,0,0,0,1,1,1,2,1,1,1,1
593.0719446712018,593.2577043083901,47,74,2,2,2,1,1,1,1,1,1,1,1,0,0,-2,-2,-2
593.0255047619048,593.2228743764173,59,38,2,0,0,0,0,0,1,1,1,1,1,1,1,1,1,1,1
592.7933052154195,592.9442349206349,49,70,0,0,0,0,0,0,1,1,0,0,0,0,0
591.9677129251701,592.2940761904762,59,49,1,1,1,1,1,1,1,1,1,1,1,1,1,1,1,1,1,1,1,1,1,1,1,1,1,1,1,1,1
591.5149238095238,591.700683446712,40,80,0,0,0,1,1,1,1,1,1,1,1,1,1,0,0,0
591.25950430839,591.4452639455782,51,55,1,1,1,1,1,1,1,1,1,1,1,1,2,2,2,2
591.2014544217687,591.4684839002267,39,78,3,2,1,1,1,1,1,1,1,1,1,1,1,1,1,1,1,1,1,2,2,2,2
591.0621346938775,591.2014544217687,39,39,2,1,1,1,1,2,2,3,4,4,4,3
590.6906154195011,590.9228149659864,40,48,3,3,1,1,1,1,-1,-1,-1,-1,-1,1,1,1,1,1,1,1,1,0
590.4119759637189,590.55129569161,69,44,1,1,1,1,1,1,1,1,1,1,1,1
590.4119759637189,590.5977356009071,41,81,1,1,1,1,2,2,2,1,1,1,1,1,1,1,1,1
590.1913863945579,590.4119759637189,41,64,2,2,1,1,1,1,1,1,1,1,1,1,1,1,1,1,1,1,1
590.0288467120181,590.2610462585034,69,35,2,0,0,0,0,1,1,1,1,1,1,1,1,1,1,1,1,1,1,1
589.9927328798186,590.1913863945579,42,43,1,0,0,0,0,0,0,0,1,1,1,1,1,1,1,-1,-1,-1
589.7489233560091,590.4351959183673,30,62,1,1,1,1,1,1,1,1,1,1,1,1,1,1,1,1,1,1,1,1,1,1,2,2,2,2,2,1,1,1,1,1,1,1,1,1,1,1,1,1,1,1,1,1,1,1,1,1,1,1,1,1,1,1,1,1,1,1,1,1
589.6096036281178,589.923073015873,57,42,1,1,1,1,1,1,-2,-2,-2,-2,1,1,1,1,1,1,1,1,1,1,1,1,1,1,1,1,1
589.6096036281178,589.923073015873,49,51,1,1,1,1,1,1,1,1,1,1,1,1,1,1,1,1,1,1,1,1,1,1,1,1,1,1,1
589.2032544217686,589.4935038548753,68,44,2,2,2,2,1,1,1,1,1,1,1,1,1,1,1,1,1,1,1,1,1,1,1,1,1
589.1916444444445,589.5631637188209,52,42,2,2,2,2,2,2,1,1,1,1,1,1,1,1,1,1,1,1,1,1,1,1,1,1,1,1,1,1,1,1,1,1
589.1568145124717,589.3425741496599,41,52,1,1,1,1,0,0,0,0,0,0,1,1,1,1,1,1
589.0523247165532,589.2032544217686,68,33,1,1,1,1,1,1,1,1,1,1,1,2,2
588.6343655328798,588.7852952380953,40,36,2,2,2,0,0,0,0,0,0,0,0,-1,-1
588.3092861678005,588.4486058956916,43,62,4,4,1,1,1,1,0,0,0,0,0,0
588.0770866213152,588.3092861678005,44,63,1,1,1,1,1,1,1,1,0,0,0,1,1,1,1,1,2,2,2,1
587.576573696145,587.7275034013605,45,64,3,3,2,2,2,2,2,2,0,0,0,0,1
585.8454031746031,586.2298163265306,42,54,0,0,1,1,1,1,2,2,2,2,2,2,2,0,0,0,2,1,1,1,1,1,1,1,1,1,1,1,1,0,0,0,1,1
583.1041646258503,583.3015342403628,40,36,-1,0,0,0,0,0,0,0,0,-2,-2,-2,0,0,0,0,1
582.7326453514739,582.8719650793652,39,61,1,1,1,1,1,1,1,1,1,1,1,1
581.3729941043084,581.5355337868481,51,41,1,1,1,1,1,1,1,1,1,2,2,2,2,2
581.3729941043084,581.6051936507937,39,58,2,1,1,1,1,1,1,1,1,2,2,2,2,2,2,2,2,2,2,3
580.3745360544218,580.5138557823129,49,60,1,1,1,1,1,1,1,1,1,1,1,1
580.0958965986395,580.2700462585034,54,39,2,2,0,0,0,1,1,1,1,1,1,1,1,1,1
579.9552929705216,580.1423365079365,43,80,2,2,2,2,2,2,2,2,2,2,2,2,1,1,1,1,1
579.8972430839002,580.0365628117914,85,45,2,1,1,1,1,0,0,0,0,0,0,0
579.7811433106576,579.9552929705216,44,65,1,0,0,0,0,0,0,0,0,0,0,0,0,0,-1
579.2470843537415,579.4560639455782,54,47,1,1,1,1,1,1,1,1,1,1,1,1,1,1,1,1,1,1
578.7594653061225,578.9103950113379,39,60,2,2,2,2,2,2,2,2,2,2,3,3,3
576.9121950113379,577.051514739229,66,46,1,1,1,1,1,1,1,1,1,1,1,1
576.9121950113379,577.0863446712018,38,72,3,2,1,1,1,1,1,1,1,1,1,1,1,1,1
575.9937229024943,576.122716553288,42,55,-1,-1,1,1,1,1,1,1,1,1,1,1
575.7034734693877,575.8544031746031,41,69,1,1,1,1,1,1,1,1,1,0,0,0,0
575.3435641723356,575.6454235827664,52,46,1,1,1,0,0,1,1,1,1,1,1,1,1,1,1,1,1,1,1,1,1,1,1,1,1,1
575.1926344671201,575.3900040816326,41,67,1,1,1,1,1,1,2,2,2,2,2,2,2,1,1,1,1
574.4147659863945,574.5540857142856,40,59,2,2,2,2,1,1,1,1,1,1,1,1
572.8577451247165,573.0086748299319,41,60,1,1,1,1,1,1,1,1,1,0,0,0,0
571.7419034013606,571.9044430839003,41,68,2,2,2,1,1,1,1,1,1,1,1,1,1,1
571.2426743764173,571.5097038548753,61,35,1,1,1,1,0,0,0,0,0,0,0,1,1,1,1,1,1,1,1,1,1,1,1
571.2426743764173,571.4168240362812,42,74,1,1,1,1,1,1,1,1,1,1,1,1,1,1,1
571.0801346938777,571.2426743764173,42,77,1,1,1,1,1,0,1,1,1,1,1,1,1,1
570.8247151927438,570.964034920635,44,51,-1,0,0,1,2,2,2,2,2,1,1,1
570.476415873016,570.6621755102042,40,72,3,2,2,2,1,1,1,1,1,1,1,1,1,0,0,0
568.8149052154196,568.9542249433107,39,52,3,3,3,2,1,2,2,2,2,2,2,0
568.6755854875283,568.8149052154196,40,33,1,1,1,0,1,1,1,0,0,0,0,0
568.163462585034,568.3621160997733,40,46,3,3,3,3,3,3,3,3,3,3,1,1,0,0,0,0,0,-2
568.1518526077098,568.3040662131519,68,59,2,2,2,2,2,2,2,1,1,1,1,1,1,1
567.8732131519274,568.163462585034,41,61,1,1,1,0,0,0,0,1,1,1,1,1,1,0,1,1,1,1,1,1,1,0,0,0,0
566.793485260771,566.9792448979592,38,41,3,2,2,2,2,2,2,3,3,3,3,3,1,1,1,1
566.1072126984127,566.2826462585034,40,64,1,1,1,0,0,0,0,0,0,0,1,0,0,0,0,0
565.7008634920635,565.8634031746031,41,51,4,3,3,2,2,2,2,2,1,1,1,1,1,1
565.4454439909297,565.6079836734693,44,60,1,1,1,1,1,1,1,1,1,1,1,1,1,1
564.9810448979592,565.2248544217687,54,43,1,1,1,1,1,1,1,1,1,1,1,1,1,1,1,1,1,1,1,1,1
564.8997750566894,565.1203646258504,42,60,1,1,1,1,1,0,0,0,0,0,0,2,2,2,1,1,0,1,1
564.841725170068,564.9810448979592,54,48,1,1,1,1,1,1,1,1,1,1,1,1
563.5749537414965,563.725883446712,43,65,1,1,1,1,1,1,1,1,1,1,1,1,1
562.2398063492063,562.7158154195012,61,50,1,1,-1,-1,-1,1,1,1,1,1,1,1,1,1,1,1,1,1,1,1,1,1,1,1,1,1,1,1,1,1,1,1,1,1,1,1,1,1,1,1,1
562.1340326530612,562.3442961451246,42,72,1,1,1,2,2,2,2,2,2,2,2,1,1,1,1,1,0,0,-2
561.9714929705215,562.1340326530612,42,58,1,1,1,0,0,0,0,0,0,0,0,0,0,0
561.4258240362811,561.5999736961451,41,43,0,0,0,0,0,0,0,0,0,0,0,0,0,0,0
560.1126126984127,560.2416063492063,39,70,1,1,0,0,0,0,0,1,0,0,0,0
560.0081229024943,560.9149850340136,32,56,1,1,1,1,1,1,1,1,1,1,1,1,1,1,1,1,1,1,1,1,1,1,1,1,1,1,1,1,1,1,1,1,1,1,1,1,1,1,1,1,1,1,1,1,1,1,1,1,1,1,1,1,1,1,1,1,1,1,1,1,1,1,1,1,1,1,1,1,1,1,1,1,1,1,1,1,1,1,1
559.7178734693877,560.0081229024943,59,72,1,1,1,1,1,1,1,1,1,1,1,1,1,1,1,1,1,1,1,1,1,1,1,1,1
559.7178734693877,559.99651292517,44,66,1,1,1,1,1,1,1,1,1,1,1,1,1,1,1,1,1,1,1,1,1,1,1,1
558.3943360544217,558.5568757369614,40,59,0,0,1,1,0,0,0,0,0,1,1,2,2,2
557.8822131519274,558.0447528344672,40,72,3,2,2,2,2,2,2,1,1,1,1,1,1,1
557.4990839002268,557.7545034013606,49,60,1,1,1,1,1,1,1,1,1,1,1,1,1,1,1,1,1,1,1,1,1,1
557.1623945578232,557.3249342403628,42,55,0,0,0,0,0,0,-1,0,0,0,1,1,1,1
556.8837551020408,557.0811247165533,40,59,4,1,1,1,1,1,1,1,1,1,1,1,1,1,1,1,1
555.9420630385488,556.1046027210884,48,77,1,1,1,1,1,1,1,0,0,0,0,0,0,1
555.512493877551,555.7098634920635,54,33,1,1,1,1,1,1,1,1,1,1,1,1,1,1,1,1,1
555.512493877551,555.6634235827664,42,72,1,1,1,1,1,1,1,1,1,1,1,2,2
555.3267342403628,555.512493877551,42,47,2,2,2,2,1,0,0,0,0,0,0,0,1,1,1,1
554.58369569161,554.7810653061225,53,42,1,1,1,1,1,1,4,4,4,3,5,5,4,4,1,1,-2
554.4327659863945,554.5953056689343,38,38,1,1,1,1,1,1,1,1,1,1,1,1,1,1
553.909033106576,554.3398861678005,54,59,1,1,1,1,1,1,1,1,1,1,1,1,1,1,1,1,1,1,1,1,1,1,1,1,1,1,1,1,1,1,1,1,1,1,1,1,1,1
552.7944752834467,553.909033106576,54,62,1,1,1,1,1,1,1,1,1,1,1,1,1,1,1,1,1,1,1,1,1,1,1,1,1,1,1,1,1,1,1,1,1,1,1,1,1,1,1,1,1,1,1,1,1,1,1,1,1,1,1,1,1,1,1,1,1,1,1,1,1,1,1,1,1,1,1,1,1,1,1,1,1,1,1,1,1,1,1,1,1,1,1,1,1,1,1,1,1,1,1,1,1,1,1,1
552.7712553287982,552.9454049886622,50,46,1,1,1,1,1,1,1,1,1,1,1,1,1,1,1
552.7712553287982,553.1195546485261,45,53,1,1,1,1,1,1,1,1,1,1,1,1,1,1,1,0,0,0,0,0,0,1,1,1,1,1,1,1,1,1
552.318466213152,552.7248154195012,78,60,1,1,1,1,1,1,1,1,1,1,1,1,1,1,1,1,1,1,1,1,1,1,1,1,1,1,1,1,1,1,1,1,1,1,1
551.5857537414965,552.4926158730159,44,55,1,1,1,1,1,1,1,1,1,1,1,1,1,1,1,1,1,1,1,1,1,1,1,1,1,1,1,1,1,1,1,1,1,1,1,1,1,1,1,1,1,1,1,1,1,1,1,1,1,1,1,1,1,1,1,1,1,1,1,1,1,1,1,1,0,0,0,0,0,0,1,1,1,1,1,1,1,1,1
551.5741437641723,551.7599034013606,49,43,0,0,0,0,0,0,0,0,0,0,0,0,0,1,1,1
551.5625337868481,552.3765160997732,52,57,1,1,1,1,1,1,1,1,1,1,1,1,1,1,1,1,1,1,1,1,1,1,1,1,1,1,1,1,1,1,1,1,1,1,1,1,1,1,1,1,1,1,1,1,1,1,1,1,1,1,1,1,1,1,1,1,1,1,1,1,1,1,1,1,1,1,1,1,1,1,1
550.4247560090703,551.516093877551,50,69,-2,1,1,1,1,1,1,1,1,1,1,1,1,1,1,1,1,1,1,1,1,1,1,1,1,1,1,1,1,1,1,1,1,1,1,1,1,1,1,1,1,1,1,1,1,1,1,1,1,1,1,1,1,1,1,1,1,1,1,1,1,1,1,1,1,1,1,1,1,1,1,1,1,1,1,1,1,1,1,1,1,1,1,1,1,1,1,1,1,1,1,1,1,1
549.4017941043084,549.6339936507936,54,44,1,1,0,0,0,1,1,1,1,1,1,1,1,1,0,0,0,0,1,1
549.1579845804988,549.3785741496598,54,35,1,1,1,1,1,1,1,1,1,1,1,1,1,1,1,1,1,1,1
548.5078258503402,549.2392544217687,49,60,0,0,0,1,1,1,1,1,1,1,1,1,1,1,1,0,0,0,0,0,1,1,1,1,1,1,1,1,1,1,1,1,1,1,1,0,0,0,0,0,0,0,0,0,0,0,0,0,0,0,0,0,0,1,1,1,0,1,1,1,1,1,1
548.1698526077097,548.3336761904761,61,44,1,1,1,1,1,1,1,1,1,1,1,1,1,1,1
548.1118027210885,548.3801160997732,49,51,1,1,1,1,1,1,1,1,1,1,1,1,1,1,1,1,1,1,1,1,1,1,1,1
547.7518934240362,547.9144331065759,59,58,1,1,1,1,1,1,1,1,1,1,1,1,1,1
547.2991043083899,547.4500340136054,44,50,1,1,1,1,1,1,1,1,1,1,1,0,0
547.0088548752834,547.1597845804988,54,54,1,1,1,1,1,1,1,1,1,1,1,1,1
545.5098839002268,545.649203628118,43,57,1,1,0,0,0,0,0,0,0,0,0,-1
544.9409950113379,545.1499746031747,47,42,1,2,1,1,1,1,1,1,1,1,2,2,0,0,0,0,0,0
544.6739655328798,544.8829451247166,54,70,1,1,1,1,1,1,1,1,1,1,1,1,1,1,1,1,1,1
544.3127723356009,544.4649859410431,38,59,1,1,1,1,1,1,1,1,1,1,1,1,1,1
543.8367632653062,544.0573528344671,54,63,1,1,1,1,1,1,1,1,1,1,1,1,1,1,1,1,1,1,1
543.6858335600907,543.9528630385488,40,43,0,0,0,0,0,0,0,-2,-2,-1,-1,-1,0,0,0,0,0,0,0,0,0,0,0
543.5813437641724,543.8367632653062,54,40,1,1,1,1,1,1,1,1,1,1,1,1,0,0,0,1,1,1,1,1,1,1
543.256264399093,543.5929537414967,40,41,0,1,1,1,1,1,1,1,1,1,-1,-1,-1,-1,-1,-1,-1,-1,1,1,1,1,1,1,1,1,0,0,0
542.9776249433107,543.1169446712018,54,56,1,0,0,0,1,1,1,1,1,1,1,1
542.8963551020408,543.035674829932,42,35,0,1,1,1,1,1,1,1,1,0,1,0
542.4783959183674,542.640935600907,54,43,1,1,1,1,1,1,1,1,1,1,1,1,1,1
542.3261823129252,542.4783959183674,44,48,2,3,3,3,3,3,3,3,1,1,1,1,1,0
541.2464544217687,541.5483138321996,52,62,1,1,1,1,1,1,1,1,1,1,1,1,1,1,1,1,1,1,1,1,1,1,1,1,1,1
541.2348444444444,541.5134839002268,49,49,1,1,1,1,1,1,1,1,1,1,1,1,0,0,0,0,0,1,1,1,1,1,1,1
540.8749351473923,541.2116244897959,40,68,3,3,3,3,2,1,0,0,0,1,1,1,1,1,1,1,1,1,1,1,1,1,1,1,1,1,1,1,1
540.7240054421769,540.8749351473923,41,51,0,0,0,0,0,0,0,0,0,0,0,0,0
540.0609528344671,540.3163723356009,40,62,1,1,1,1,1,1,1,1,1,1,1,1,1,1,1,1,1,1,1,1,1,1
540.0377328798186,540.2931523809524,56,57,1,1,1,1,1,1,1,1,1,1,1,1,1,1,1,1,1,1,1,1,1,1
539.3527442176871,539.5617238095239,41,63,1,1,1,1,1,1,0,0,0,0,0,0,0,0,0,0,0,0
539.0044448979592,539.1669845804988,41,60,1,2,2,2,2,2,2,2,2,2,2,2,1,1
537.7144535147393,537.9002131519275,41,38,1,2,2,2,2,2,2,2,2,2,2,2,1,1,1,1
537.3197142857143,537.4706439909297,46,58,1,1,1,2,2,2,3,3,2,2,1,1,0
536.8785351473923,537.0178548752834,40,48,3,3,2,1,2,2,2,2,2,2,1,0
536.192262585034,536.425746031746,41,76,4,3,1,0,0,0,0,0,0,0,1,0,1,1,1,1,0,0,0,0,0
534.4855959183673,534.7061854875283,56,68,1,1,1,1,1,1,1,1,1,1,1,1,1,1,1,1,1,1,1
534.3566022675736,534.694575510204,40,70,1,1,1,1,1,1,1,1,1,1,1,1,1,1,1,1,1,1,1,1,1,1,1,1,1,1,1,1,1,1
534.3449922902494,534.6249156462585,59,42,1,1,1,1,1,1,1,1,1,1,1,1,1,1,1,1,1,1,1,1,1,1,1,1,1
534.3333823129251,534.4855959183673,56,65,1,1,1,1,1,1,1,1,1,1,1,1,1,1
534.1127927437641,534.286942403628,43,38,4,3,0,0,0,0,0,0,0,0,1,1,1,1,0
533.1491646258503,533.7412734693877,61,71,1,1,1,1,1,1,1,1,1,1,1,1,1,1,1,1,1,1,1,1,1,1,1,1,1,1,1,1,1,1,1,1,1,1,1,1,1,1,1,1,1,1,1,1,1,1,1,1,1,1,1
532.2771324263039,532.4177360544218,39,78,1,2,2,2,2,2,2,2,2,2,2,2,2
532.0449328798186,532.2771324263039,39,66,2,2,2,2,2,2,3,3,3,3,2,2,2,2,2,1,1,1,1,1
531.8475632653061,531.9984929705216,40,56,3,2,2,2,1,1,1,1,1,1,1,1,1
530.2441024943311,530.3834222222223,71,36,0,0,0,-1,-2,-2,-2,1,1,1,1,1
529.3965741496598,529.5591138321996,40,73,2,1,0,0,0,0,0,0,0,0,0,0,0,0
528.9902249433106,529.1527646258504,39,75,2,2,2,2,1,1,1,2,2,2,1,1,1,1
528.560655782313,528.7464154195012,41,65,0,0,0,0,0,0,0,0,0,0,0,0,1,1,1,0
528.1762426303856,528.373612244898,40,49,2,2,1,0,0,0,0,0,0,0,0,0,0,0,0,0,0
527.8395532879819,528.0020929705215,41,52,0,0,0,0,0,0,0,0,0,0,0,0,0,0
527.6305736961451,527.8395532879819,40,64,1,1,1,1,1,1,0,0,0,0,0,1,1,1,3,3,3,3
527.3054943310658,527.5144739229025,42,79,1,1,1,1,1,1,1,1,1,1,1,1,1,1,1,1,1,1
526.4450721088435,526.655335600907,44,41,1,1,1,1,1,1,1,1,1,1,1,1,1,1,1,1,1,1,1
526.1548226757369,526.4450721088435,44,56,1,1,1,1,1,1,1,1,1,1,0,0,0,0,0,0,1,1,1,1,1,1,1,1,1
524.8777251700681,525.0983147392291,42,57,1,1,1,1,1,1,0,0,0,0,0,1,1,1,1,1,1,1,1
524.5642557823129,524.7500154195011,42,64,3,3,1,1,1,1,2,2,2,2,1,1,1,1,0,0
523.3555342403628,523.5296839002267,50,78,1,1,1,1,1,1,1,1,1,1,1,1,1,1,1
523.053674829932,523.2046045351474,54,50,-2,1,1,1,0,0,0,0,1,1,1,1,1
522.425452154195,522.5776657596372,39,68,3,1,1,1,1,1,1,1,1,2,2,2,2,0
521.8101233560091,522.1235927437641,52,58,1,1,1,1,1,1,1,1,1,1,1,1,1,1,1,1,1,1,1,1,1,1,1,1,1,1,1
519.4752340136054,519.9164131519274,49,72,0,0,0,0,0,0,0,0,0,0,0,0,0,0,0,0,0,0,0,0,0,0,0,0,0,0,0,0,0,0,0,0,0,0,1,1,0,0
518.6160956916099,519.4752340136054,49,78,1,1,1,1,1,1,1,1,1,1,1,1,1,1,1,1,1,1,1,1,1,1,1,1,1,1,0,0,0,0,1,1,1,1,0,0,0,0,0,0,0,0,0,0,0,0,0,0,0,1,1,0,0,1,1,0,0,1,1,1,1,1,1,1,1,1,1,1,1,0,0,0,0,0
518.5812657596372,518.8366852607709,61,61,1,1,1,1,1,1,1,1,1,1,1,1,1,1,1,1,1,1,1,1,1,1
518.5232158730158,518.7321954648526,65,58,1,1,1,1,1,1,1,1,1,1,1,1,1,1,1,1,1,1
518.3710022675738,518.6160956916099,49,95,1,1,1,1,1,1,1,1,1,1,1,1,1,1,1,1,1,1,1,1,1,1
518.2432925170068,518.5232158730158,65,58,0,0,0,0,0,0,0,1,1,1,1,1,1,1,1,1,1,1,1,1,1,1,1,1,1
518.2316825396825,518.3710022675738,49,86,1,1,1,1,1,1,1,1,1,1,1,1
518.1271927437642,518.5812657596372,61,53,0,0,0,0,0,0,0,0,1,1,1,1,1,1,0,0,1,1,1,1,1,1,0,1,1,1,1,1,1,1,1,1,1,1,1,1,1,1,1,1
517.9994829931974,518.2665124716553,53,62,1,1,1,1,1,1,1,1,1,1,1,1,1,1,1,1,1,1,1,1,1,1,1
517.8021133786848,517.9994829931974,53,67,1,1,1,1,1,1,1,1,1,1,1,1,1,1,1,1,1
517.6047437641723,517.8485532879819,68,47,1,1,1,1,1,1,1,1,1,1,1,1,1,1,1,1,1,1,1,1,1
517.2100045351474,517.8021133786848,53,52,1,1,1,1,1,1,1,1,1,1,1,1,1,1,1,1,1,1,1,1,1,1,1,1,1,1,1,1,1,1,1,1,1,1,1,1,1,1,1,1,1,1,1,1,1,1,1,1,1,1,1
515.2582444444445,515.4091741496599,38,67,2,2,2,2,2,2,2,2,2,1,1,1,1
515.0492648526077,515.2582444444445,38,48,2,2,2,2,2,3,3,3,3,2,2,2,2,2,2,2,2,2
514.3049424036282,514.5023120181406,53,38,1,1,1,1,1,1,1,1,1,1,1,1,1,1,1,1,1
513.6431736961451,513.7941034013605,40,60,1,1,1,1,1,1,1,1,1,1,1,1,1
512.2719124716554,512.4112321995465,39,72,2,1,1,1,1,1,2,2,2,2,3,3
510.4478621315193,510.7277854875283,53,51,1,1,1,1,1,0,0,0,0,0,1,1,1,1,1,1,1,1,1,1,1,1,1,1,1
510.0299029478458,510.23888253968255,68,41,0,0,0,-2,-2,-2,-2,0,0,2,2,2,2,1,1,1,1,1
510.0066829931973,510.3201523809523,40,72,0,0,1,1,0,-1,1,-1,-1,1,1,1,1,1,2,2,1,1,1,1,1,1,1,1,1,1,1
509.33330430839,509.4842340136054,44,71,1,1,1,1,1,1,1,1,0,0,0,1,1
507.4047641723356,507.55569387755105,39,66,1,1,1,1,1,1,1,1,1,1,1,1,1
505.89418321995464,506.07994285714284,68,32,3,3,3,0,0,0,0,3,3,3,1,1,1,1,1,1
505.61554376417234,505.80130340136054,37,63,3,3,2,2,1,1,1,1,1,1,1,1,1,1,1,1
503.779883446712,504.000473015873,39,56,1,1,0,0,0,0,0,-1,-1,0,0,1,1,1,1,1,1,0,0
503.53607392290246,503.67539365079364,66,46,1,1,1,1,1,1,1,1,2,2,2,2
503.5244639455782,503.71022358276645,42,65,2,1,1,1,1,1,1,1,1,2,2,2,2,2,1,1
503.0600648526077,503.4199741496598,53,48,1,1,1,1,1,1,1,1,1,1,1,1,1,1,1,1,1,1,1,1,1,1,1,1,2,2,2,1,1,1,1
502.8046453514739,502.94396507936506,38,55,0,0,2,2,2,2,2,2,2,2,2,2
501.1895746031746,501.3521142857143,38,55,4,4,3,3,1,1,1,1,1,1,1,1,2,2
500.9109351473923,501.1895746031746,39,53,3,1,1,1,1,1,1,1,1,1,1,-1,-1,-1,0,0,0,0,0,0,0,0,0,1
500.71356553287984,500.9109351473923,39,69,1,1,1,1,1,1,1,1,1,1,1,1,1,1,1,3,3
500.4104222222222,500.56135192743767,65,61,1,1,1,1,1,1,1,1,1,1,1,1,1
499.737043537415,499.9111931972789,65,44,1,1,1,1,1,1,1,1,1,1,1,1,1,1,1
499.3887442176871,499.5745038548753,40,46,3,3,3,3,3,3,3,1,1,1,1,1,1,1,1,1
499.05205487528343,499.2029845804989,40,70,1,1,1,0,0,0,1,1,1,1,1,0,0
498.0755328798186,498.2612925170068,39,48,3,3,3,3,3,3,1,1,1,1,1,1,2,2,2,2
496.86809523809524,497.0190249433106,39,53,1,1,1,1,3,3,3,3,3,3,2,2,1
496.54173197278914,497.35571428571427,34,52,1,1,1,1,1,1,1,1,1,1,1,1,1,1,1,1,1,1,1,1,1,1,1,1,1,1,1,1,1,1,1,1,1,1,1,1,1,1,1,1,1,1,1,1,1,1,1,1,1,1,1,1,1,1,1,1,1,1,1,1,1,1,1,1,1,1,1,1,1,1,1
496.2979224489796,496.5069020408163,58,41,1,1,1,1,1,1,1,1,1,1,1,1,1,1,1,1,1,1
496.07733287981864,496.26309251700684,58,42,1,1,1,1,1,1,1,1,1,1,1,1,1,1,1,1
495.7986934240363,495.961233106576,44,41,0,0,0,0,0,0,0,0,0,-1,-1,-1,-1,-1
495.45039410430843,495.6477637188209,46,62,1,1,1,1,1,2,3,3,3,3,3,2,2,2,2,1,1
494.90472517006805,495.0440448979592,51,71,0,0,0,0,0,0,0,0,0,0,0,-2
493.7076136054422,493.9862530612245,39,88,2,1,1,1,1,1,1,1,1,1,1,1,1,1,1,1,1,1,1,1,1,0,-1,-1
493.6611736961451,493.8004934240363,51,38,2,2,2,2,1,1,1,1,1,1,1,1
491.3843342403628,491.570093877551,42,61,1,2,2,2,2,2,2,2,1,1,1,1,1,0,0,0
487.79428344671203,488.04970294784584,58,42,0,0,0,0,0,1,1,1,1,1,1,1,1,1,1,1,1,1,1,1,1,1
487.78267346938776,487.9916530612245,63,35,1,0,0,0,1,1,1,1,-2,1,1,1,1,1,1,1,1,1
485.91218321995467,486.34175238095236,49,35,0,0,0,0,0,0,0,1,1,1,1,1,0,0,0,0,0,0,0,1,1,1,1,1,1,1,0,1,1,1,1,1,1,1,1,1,1
485.8309133786848,485.97023310657596,40,63,2,2,2,2,2,2,2,2,0,0,0,0
484.680241723356,484.87889523809525,38,65,0,1,1,1,1,1,1,1,1,1,1,1,1,-1,-1,-1,1,1
484.52931201814056,484.680241723356,38,83,0,1,1,1,1,1,1,1,1,1,1,1,0
481.48621405895693,481.66036371882086,68,40,1,1,0,0,0,0,0,0,1,1,1,1,1,1,1
480.35876235827664,480.4980820861678,38,38,4,4,2,2,2,2,2,2,2,1,1,1
479.3370843537415,479.53445396825396,42,52,3,3,3,3,2,2,2,2,0,0,0,0,0,0,0,0,0
477.0718548752834,477.2343945578231,39,65,1,1,1,1,1,1,1,1,0,-1,-1,-1,-1,1
476.8048253968254,477.0718548752834,39,61,0,1,1,1,1,1,1,1,1,1,1,1,1,1,1,1,1,1,1,1,0,0,0
475.95601315192744,476.1649927437642,58,44,1,1,1,1,1,1,2,2,2,3,1,1,1,1,1,1,1,1
474.0623029478458,474.21323265306125,43,38,4,3,2,2,2,2,2,2,1,1,1,1,1
472.01766303854873,472.249862585034,43,40,0,0,0,0,0,0,0,0,0,0,0,0,-1,-1,-1,-1,-1,1,2,2
471.82029342403627,471.95961315192744,48,44,-2,-1,0,0,0,0,0,0,0,0,1,1
471.51843401360543,471.6693637188209,48,61,1,1,1,1,0,0,0,1,1,1,1,1,1
470.49547210884356,470.68123174603176,48,63,2,1,1,1,1,1,1,1,1,1,1,1,1,1,1,1
470.44903219954654,470.63479183673473,53,54,1,1,1,1,1,1,1,1,1,1,1,1,1,1,1,1
470.2632725623583,470.49547210884356,48,63,1,1,1,1,1,1,1,1,1,1,1,1,1,1,1,1,1,1,1,2
470.12395283446716,470.692841723356,44,55,0,0,0,0,0,2,1,1,1,1,1,1,1,1,1,1,1,1,1,1,1,1,1,1,1,1,1,1,1,1,1,1,1,2,2,2,1,1,1,1,1,1,1,1,1,1,1,1,1
469.81048344671206,469.99624308390025,39,63,1,1,1,1,1,1,1,1,1,1,1,1,1,1,0,0
469.21837460317465,469.4389641723356,39,72,1,1,1,1,1,1,1,0,0,0,0,0,0,0,0,0,0,0,0
469.0790548752835,469.21837460317465,39,57,3,3,3,3,2,2,2,2,2,2,3,3
468.6714217687075,468.82235147392294,39,45,3,3,2,2,2,2,2,2,2,2,3,1,1
467.9516031746032,468.14897278911565,56,37,1,1,1,1,1,1,1,1,1,1,1,1,1,1,1,1,1
467.9399931972789,468.50888208616783,44,48,1,1,1,1,1,1,1,1,1,1,1,1,1,1,1,1,1,1,1,1,1,1,1,1,1,1,1,0,1,1,1,1,1,1,1,1,1,1,1,1,1,1,1,1,1,1,1,1,1
466.8473714285714,467.0344149659864,56,43,1,1,1,1,1,1,1,1,1,1,1,1,1,1,1,1,1
464.8620653061224,465.814083446712,44,76,1,1,1,1,1,1,1,1,1,1,1,1,1,0,0,0,0,0,1,1,1,1,1,1,1,1,1,1,1,1,1,1,1,1,1,1,1,1,1,1,1,1,1,1,1,1,1,1,1,1,1,0,0,0,0,0,0,0,0,0,0,0,0,0,0,1,1,1,1,1,1,1,1,1,1,1,1,1,1,1,1,1
464.38477233560087,464.8620653061224,44,63,1,1,1,1,1,1,1,1,1,1,0,0,1,0,0,0,0,0,0,0,0,1,1,1,1,1,1,1,1,1,1,1,1,1,1,1,1,1,1,1,1,1
463.79266349206347,463.97842312925167,39,75,1,1,1,1,1,1,1,1,1,1,1,1,1,1,1,1
463.61851383219954,463.79266349206347,39,60,3,3,3,3,3,1,1,1,1,1,1,1,1,1,1
463.3166544217687,463.61851383219954,40,77,1,1,1,1,1,0,0,0,0,1,1,1,1,1,1,1,1,1,0,0,0,0,0,0,0,0
462.933525170068,463.154114739229,44,43,1,1,1,1,1,1,1,1,1,1,1,1,1,1,1,1,1,1,1
462.7348716553288,462.933525170068,44,61,1,1,1,1,1,1,1,1,1,1,1,1,1,1,1,1,1,1
461.96861315192746,462.20081269841273,40,63,4,4,1,1,1,1,0,0,0,0,1,1,1,1,1,1,1,1,1,1
460.701841723356,461.65514376417235,65,59,1,1,1,1,1,1,1,1,1,1,1,1,1,1,1,1,1,1,1,1,1,1,1,1,1,1,1,1,1,1,1,1,1,1,1,1,1,1,1,1,1,1,1,1,1,1,1,1,1,1,1,1,1,1,1,1,1,1,1,1,1,1,1,1,1,1,1,1,1,1,1,1,1,1,1,1,1,1,1,1,1,1,1
460.2722725623583,460.5973519274376,40,82,2,2,1,1,1,1,1,1,1,1,1,1,1,1,1,1,1,1,1,1,1,1,1,1,1,1,1,1
460.1097328798186,460.2722725623583,40,70,2,2,2,2,2,2,2,2,2,2,2,2,2,2
459.52923401360545,459.7266036281179,40,70,1,1,1,1,1,1,1,1,1,1,1,1,1,1,1,1,1
459.4595741496599,459.6105038548753,52,43,2,1,1,1,1,1,1,1,1,1,1,1,1
459.38991428571427,459.52923401360545,40,53,1,1,1,1,1,2,2,2,2,2,1,1
458.9255151927438,459.1344947845805,41,60,0,0,0,0,0,0,0,0,0,0,0,0,0,0,0,0,0,0
458.7268616780045,458.90229523809523,42,50,0,0,-1,-1,-1,-1,0,0,0,0,0,0,0,0,0,-3
458.2972925170068,458.5527120181406,42,47,1,1,1,1,1,1,1,1,1,1,1,1,1,1,1,1,1,0,0,0,0,-2
458.1115328798186,458.25085260770976,43,71,1,1,1,1,1,1,1,1,1,1,1,1
456.1481628117914,456.6009519274377,46,54,1,1,1,1,1,1,1,1,1,1,1,1,1,1,1,1,1,1,1,1,1,1,1,1,1,1,1,1,1,1,1,1,1,1,1,1,1,1,1
455.9275732426304,456.87959138322,34,67,1,1,1,1,1,1,1,1,1,1,1,1,1,1,1,1,1,1,1,1,1,1,1,1,1,1,1,1,1,1,1,1,1,1,1,1,1,1,1,1,1,1,1,1,1,1,1,1,1,1,1,1,1,1,1,1,1,1,1,1,1,1,1,1,1,1,1,1,1,1,1,1,2,2,1,1,1,1,1,1,1,1
455.8579133786848,456.0088430839003,53,50,0,0,0,0,0,1,1,1,1,1,1,1,1
455.8579133786848,456.0901129251701,49,53,0,0,1,1,1,1,1,1,1,1,1,1,1,1,1,1,1,1,1,1
455.823083446712,455.9624031746032,46,59,1,1,1,1,1,1,1,1,1,1,1,1
455.71859365079365,455.98562312925174,65,45,1,1,1,1,1,1,1,1,1,1,1,1,1,1,1,1,1,1,1,1,1,1,1
455.71859365079365,455.8579133786848,53,56,1,1,1,1,1,1,1,0,0,0,0,0
455.56766394557826,455.823083446712,46,51,1,1,1,1,1,1,1,1,1,1,1,1,1,1,1,1,1,1,1,1,1,1
455.56766394557826,455.9275732426304,34,95,1,1,1,1,1,1,1,1,1,1,1,1,1,1,1,1,1,1,1,1,1,1,0,0,0,0,0,1,1,1,1
455.5444439909297,455.78825351473927,49,66,1,1,1,1,1,1,1,1,1,1,2,1,1,1,1,1,1,1,1,1,1
455.5212240362812,455.71859365079365,53,53,1,1,1,1,1,1,1,1,0,0,0,1,1,1,1,1,1
455.28902448979596,455.71859365079365,65,62,1,1,1,1,1,1,1,1,1,1,1,1,1,1,1,1,1,1,1,1,1,1,1,1,1,1,1,1,1,1,1,1,1,1,1,1,1
455.2774145124717,455.5444439909297,49,65,1,1,1,1,1,1,1,1,1,1,1,1,1,1,1,1,1,1,0,1,1,1,1
455.2077546485261,455.4515641723356,46,69,1,1,1,1,1,1,1,1,1,1,1,1,1,1,1,1,1,1,1,1,1
455.0568249433107,455.2077546485261,46,61,1,1,1,1,1,1,1,1,1,1,1,1,1
454.9871650793651,455.2774145124717,49,54,1,1,1,1,1,1,1,1,1,1,1,1,1,2,2,2,2,2,2,2,1,1,1,1,1
454.9523351473923,455.5212240362812,53,51,0,0,0,0,1,1,1,1,1,1,1,1,1,1,1,1,1,1,1,1,1,1,1,-1,-1,-1,-1,-1,-1,-1,-1,1,1,1,0,0,0,0,0,0,0,0,0,0,0,0,0,0,0
454.89300136054425,455.0568249433107,46,48,1,1,1,1,1,0,0,0,0,1,1,1,1,1,1
454.88139138322,455.56766394557826,34,85,1,1,1,1,1,1,1,1,1,1,1,1,1,1,1,1,1,1,1,1,1,1,2,1,1,1,1,1,1,1,1,1,1,1,1,1,1,1,1,1,1,1,1,1,1,1,1,1,1,1,1,1,1,1,1,1,1,1,1,1
454.75368163265307,454.89300136054425,46,62,1,1,1,1,1,1,1,1,1,1,1,1
454.6956317460317,454.9523351473923,53,68,1,1,1,1,1,1,1,1,1,1,1,1,1,1,1,1,1,1,1,1,1,1,1
454.57953197278914,454.75368163265307,46,79,0,1,1,1,1,1,0,0,0,0,1,1,1,1,1
454.48665215419504,454.6956317460317,53,44,2,2,2,2,0,0,1,1,1,1,1,1,0,0,0,1,1,1
454.4634321995465,454.88139138322,34,83,1,1,1,1,1,1,1,1,1,1,1,1,1,1,1,1,1,1,1,1,1,1,1,1,1,1,1,1,1,1,1,1,1,1,1,1
454.3821623582767,454.57953197278914,46,76,1,1,1,1,1,1,1,1,1,1,1,1,0,0,1,1,1
454.3705523809524,454.88139138322,61,49,1,1,1,1,1,1,1,1,1,1,1,1,1,1,0,0,0,0,1,1,1,1,1,1,1,1,1,1,1,1,1,1,1,1,1,1,1,1,1,1,1,1,1,1
454.21962267573696,454.4634321995465,34,59,1,1,1,1,2,2,2,2,1,1,1,1,1,1,1,1,1,1,1,1,1
454.1964027210884,454.3821623582767,46,69,1,1,1,1,1,1,1,1,1,1,1,1,1,0,0,1
453.99903310657595,454.17318276643994,30,65,1,1,1,1,1,1,1,1,1,1,1,1,1,1,1
453.9874231292517,454.1964027210884,46,59,1,1,1,1,1,1,1,1,1,1,1,1,1,1,1,1,1,1
453.4533641723356,453.99903310657595,30,98,1,1,1,0,0,0,0,0,0,0,0,0,1,1,1,1,1,1,1,1,1,1,1,1,1,1,1,1,1,1,1,1,1,1,1,1,1,1,1,1,1,1,1,1,1,1,1
452.6742117913832,453.4533641723356,30,94,1,1,1,1,1,1,1,1,1,1,1,1,1,1,1,1,1,1,1,1,1,1,1,1,1,1,1,0,0,0,0,0,0,0,0,0,1,1,1,1,1,1,1,1,1,1,1,1,1,1,1,1,1,1,1,1,1,1,1,1,1,1,1,1,1,1,1,1
452.03566303854876,452.1982027210884,38,36,3,3,3,3,3,3,3,3,3,2,2,1,1,1
449.13188480725626,449.340864399093,40,53,-1,-1,2,2,2,2,1,1,1,1,1,1,1,1,1,1,1,1
449.03900498866216,449.1899346938776,30,64,1,1,1,1,1,1,1,1,1,1,1,1,1
447.9928231292517,448.2134126984127,38,43,1,2,2,2,2,2,2,1,1,1,1,1,1,1,1,1,1,1,1
446.2152126984127,446.3893623582766,39,51,0,0,1,1,1,1,1,2,2,1,1,1,1,1,1
446.01784308390023,446.2152126984127,39,57,1,1,1,1,1,1,1,1,1,1,-2,-1,-1,-1,0,0,0
445.32124444444446,445.4605641723356,39,66,0,0,1,1,1,1,1,1,1,1,1,2
444.0776929705215,444.21701269841265,58,37,2,1,1,1,1,1,1,1,1,1,1,1
444.06608299319726,444.2634526077097,39,41,3,3,3,2,2,2,1,1,1,1,2,2,2,2,2,2,2
443.53202403628114,443.7061736961451,42,67,0,0,0,1,1,1,1,1,1,1,1,1,1,1,1
441.7776335600907,441.9401732426304,52,78,0,0,0,0,1,1,1,1,1,1,1,0,0,1
441.38289433106576,441.5454340136055,44,45,2,2,2,2,2,2,2,3,3,1,1,1,1,1
441.0810349206349,441.33645442176874,40,60,3,3,3,1,1,1,1,0,0,0,0,0,0,0,1,1,1,1,1,1,1,1
440.5340820861678,440.719841723356,41,55,2,2,2,2,2,2,2,2,2,2,2,2,2,1,1,0
440.10451292517007,440.278662585034,42,43,-1,0,0,0,0,0,0,0,1,1,1,1,1,1,1
439.34986439909295,439.69816371882087,44,50,1,1,1,1,1,0,0,1,1,1,1,1,1,1,1,1,1,1,1,1,1,1,1,1,1,1,1,1,1,1
438.9654512471655,439.1408848072562,42,72,2,2,2,1,1,1,1,0,0,0,0,0,1,1,-1,-1
438.501052154195,438.64037188208613,40,61,0,0,0,0,0,1,1,1,1,0,0,0
438.3385124716553,438.48944217687074,39,45,3,2,2,2,2,2,2,2,2,2,2,2,2
438.1179229024943,438.25724263038546,40,60,0,0,0,1,1,1,0,0,0,0,0,0
437.88572335600907,438.0482630385487,39,62,0,0,0,1,1,1,1,1,1,1,1,1,1,1
434.7832916099773,434.9226113378685,43,63,1,1,1,1,1,1,1,1,1,1,1,1
433.07662494331066,433.21594467120184,41,45,1,1,1,1,2,2,3,3,1,1,1,1
431.2409646258503,431.39189433106577,40,49,1,1,1,1,1,1,1,1,1,1,1,1,1
430.06707301587306,430.21800272108845,40,69,1,1,1,1,1,2,2,2,2,2,2,2,2
429.8697034013606,430.06707301587306,40,73,3,2,2,2,2,2,1,1,1,1,1,1,1,1,1,1,1
428.44039229024946,428.6493718820862,40,63,4,3,3,3,1,1,1,1,1,1,1,1,1,1,1,1,1,0
427.5115941043084,427.6625238095238,41,64,0,0,0,1,1,1,1,1,1,1,1,1,1
427.18651473922904,427.33744444444443,45,70,0,0,1,1,1,1,1,0,0,0,1,1,1
427.0807410430839,427.2561746031746,72,39,1,0,1,1,1,1,1,1,1,1,1,1,1,1,1,1
426.02423310657593,426.1751628117914,45,47,-1,-1,0,0,0,0,0,0,0,1,1,1,1
424.4091623582766,424.8619514739229,41,55,1,1,1,1,1,1,1,1,1,1,1,1,1,1,1,0,0,0,-1,-2,-2,-2,-2,1,1,1,1,1,1,1,1,1,1,1,1,1,1,1,1
422.8521414965987,423.4571442176871,56,60,1,1,1,1,1,1,1,1,1,1,1,1,1,1,1,1,1,1,1,1,1,1,1,1,1,1,1,1,1,1,1,1,1,1,1,1,1,1,1,1,1,1,1,1,1,1,1,1,1,1,1,1,1
422.42257233560093,422.8521414965987,56,61,1,1,1,1,1,1,1,1,1,1,1,1,1,1,1,1,1,1,0,0,1,1,1,1,1,1,1,1,1,1,1,1,1,1,1,1,1
422.19037278911566,422.3413024943311,39,41,1,1,1,1,1,1,1,1,0,0,0,0,0
421.1803047619048,421.5169941043084,39,44,0,1,1,1,0,0,0,0,0,0,0,0,0,1,1,1,1,1,1,1,1,1,1,2,2,2,2,1,3
420.1689528344671,420.3314925170068,44,70,1,1,1,1,1,1,1,2,2,1,1,1,1,1
419.61167392290247,419.80904353741494,42,53,1,1,1,1,1,1,1,1,1,1,1,1,1,1,1,1,1
419.6000639455782,419.78582358276645,70,35,1,0,0,0,0,0,0,0,1,1,1,1,1,1,1,0
419.1343809523809,419.40269433106573,48,52,2,1,1,1,1,1,1,1,1,1,1,1,1,1,1,1,1,1,1,1,1,1,2,2
418.2288027210884,418.5074421768707,39,90,1,1,2,1,1,1,1,1,1,1,1,1,1,1,1,1,1,1,1,1,1,1,1,1
417.7411836734694,417.93855328798185,39,41,2,2,1,1,2,2,2,2,3,3,3,1,1,1,1,1,1
417.14779092970525,417.2767845804988,41,47,1,1,1,1,0,0,0,0,0,0,0,0
416.76466167800453,416.9039814058957,43,48,1,1,1,1,2,2,2,2,2,2,2,2
416.3583124716553,416.4976321995465,40,74,2,2,2,1,1,1,1,0,0,0,0,0
416.1261129251701,416.3118725623583,41,77,2,2,1,1,1,1,1,1,1,1,0,0,0,-1,-1,-2
414.743241723356,414.88256145124717,39,43,4,3,3,3,3,3,2,1,1,1,1,1
414.22079274376415,414.39494240362814,39,63,1,1,1,1,1,0,0,0,0,0,0,0,0,0,0
413.38487437641726,413.640293877551,40,60,0,1,1,1,1,1,2,2,2,2,2,2,2,3,3,3,3,3,3,3,2,2
412.75665170068027,412.90758140589566,41,67,1,1,1,1,1,1,1,1,1,1,3,3,3
412.26903265306123,412.4199623582766,52,38,1,1,1,1,1,2,2,2,1,1,1,0,0
411.6188739229025,411.8394634920635,39,74,2,2,1,1,1,1,1,1,1,1,1,1,1,1,1,1,1,1,1
411.46794421768703,411.6188739229025,39,57,2,2,3,3,3,2,1,1,1,1,1,2,2
411.0022612244898,411.15319092970526,40,58,1,1,1,1,0,0,0,0,0,0,-1,-1,-1
410.2940526077098,410.4449823129252,40,49,1,1,1,1,1,1,1,1,1,0,0,1,1
410.07346303854877,410.2940526077098,40,66,2,2,1,1,1,1,1,1,1,1,1,1,1,1,1,1,1,1,1
409.9689732426304,410.11990294784584,52,35,1,1,1,1,2,2,2,2,2,2,2,1,1
409.86448344671203,410.0502430839002,41,48,0,0,1,1,1,1,0,0,0,0,0,-1,-1,-1,-1,-1
409.58584399092973,409.7483836734694,41,70,1,1,1,1,1,1,1,1,1,1,1,1,1,1
409.35364444444446,409.58584399092973,41,41,0,0,0,0,0,0,0,0,0,0,0,1,1,1,1,1,1,1,1,1
407.26256462585036,407.4018843537415,40,48,2,2,2,3,3,1,1,1,2,2,2,2
406.6227319727891,406.7852716553288,40,67,2,2,1,1,1,1,1,1,1,1,1,1,1,1
406.00740317460316,406.2163827664399,39,46,2,2,2,2,2,2,2,2,2,3,3,2,2,2,2,2,2,2
405.4849541950113,405.6823238095238,40,49,1,1,1,1,1,1,1,0,0,0,0,1,1,1,1,1,1
404.81029160997736,405.3572444444444,41,63,1,1,1,1,1,1,1,1,1,1,1,1,1,1,1,1,1,1,1,1,1,1,1,1,1,1,1,1,1,1,1,1,1,1,1,1,1,1,1,1,1,1,1,1,1,1,1,1
402.533452154195,402.707601814059,42,70,1,0,0,0,0,0,0,1,1,1,1,0,0,0,-1
401.95295328798187,402.15032290249434,42,37,-1,-1,0,0,0,0,-1,-1,-1,-1,-1,0,0,0,0,0,0
401.6162639455782,401.7904136054422,39,45,2,1,1,1,1,1,1,1,1,1,1,1,1,1,1
401.2550707482993,401.41889433106576,43,60,1,1,2,2,2,2,2,2,1,1,0,0,0,0,0
397.18901088435376,397.3180045351474,40,75,2,1,1,1,1,1,2,2,2,1,1,1
397.10774104308393,397.31672063492067,68,65,2,1,1,1,1,1,1,1,1,1,1,1,1,1,1,1,1,1
396.8987614512472,397.0380811791383,42,39,1,1,1,1,1,1,1,1,1,1,0,0
396.37631247165535,396.56207210884355,39,67,2,2,2,2,2,2,2,2,1,1,1,1,1,0,0,0
396.0396231292517,396.3530925170068,41,48,0,0,0,0,1,1,1,1,1,3,3,3,3,3,4,4,2,2,2,2,2,2,2,2,1,1,1
394.8192916099773,394.98183129251703,47,66,2,1,1,1,1,1,1,1,1,1,1,1,1,1
394.5754820861678,394.74963174603175,52,58,-2,-2,0,-2,1,1,1,1,1,1,0,1,1,1,1
393.2971006802721,393.4609242630385,43,64,0,1,1,1,1,1,1,0,0,0,0,1,1,1,0
392.93719138321995,393.0765111111111,39,58,3,3,1,1,1,1,1,1,1,1,1,1
392.68177188208614,392.84431156462585,41,54,-1,-1,1,1,1,1,1,1,0,-1,-1,-1,-1,0
391.3221206349207,391.48594421768706,43,57,1,1,1,1,1,2,2,2,2,2,2,2,0,0,1
389.3703605442177,389.5225741496599,40,69,2,2,2,2,2,2,2,1,1,1,1,1,-1,-1
387.8030136054422,387.9539433106576,44,58,0,0,0,0,0,0,0,0,0,0,0,0,0
384.71219183673475,384.9095614512472,38,40,2,2,2,0,0,0,-1,-1,-1,-1,-1,0,0,0,0,0,0
383.8646634920635,384.07364308390027,39,67,0,1,1,1,1,1,1,0,0,0,0,0,0,0,0,0,0,0
383.2480507936508,383.4583142857143,39,59,0,0,0,0,0,0,0,0,0,0,0,0,0,0,0,0,0,-1,-1
383.00424126984126,383.2480507936508,39,56,1,1,1,0,0,0,0,0,0,0,0,0,0,0,0,0,0,0,0,0,0
382.4934022675737,382.7023818594104,39,78,1,1,1,1,1,1,1,1,1,1,1,1,1,1,0,0,0,0
382.3889124716553,382.55145215419503,51,44,1,1,1,1,1,1,1,1,1,1,1,1,1,1
382.0870530612245,382.28442267573695,40,69,2,2,2,2,1,1,1,1,1,1,1,1,1,1,2,2,2
381.94773333333336,382.0870530612245,40,85,1,1,1,1,1,1,1,1,1,1,2,2
381.5878240362812,381.7503637188209,42,49,1,1,2,2,2,1,1,1,1,1,1,1,1,1
381.11053106575963,381.2498507936508,39,44,3,3,2,2,2,2,2,2,2,1,1,-2
380.34427256235824,380.54164217687077,42,71,1,1,1,1,1,1,1,1,1,1,1,0,0,0,0,0,0
380.15851292517004,380.3094426303855,43,57,2,1,1,1,1,1,2,2,2,2,1,1,1
378.3925124716553,378.53183219954644,42,52,1,1,1,1,-1,-1,-1,-1,-1,-1,-1,-1
378.0442131519274,378.1835328798186,43,63,1,1,1,1,1,1,1,1,1,1,1,1
377.84684353741494,378.0442131519274,43,35,3,2,2,2,2,2,2,2,2,2,2,2,2,2,1,1,1
377.00964126984127,377.14896099773244,43,51,4,4,4,2,1,1,1,1,1,1,1,1
376.42914240362813,376.5800721088435,48,68,0,0,0,0,1,1,1,1,1,1,1,1,1
375.33652063492065,375.5003442176871,40,73,0,0,0,0,0,0,1,1,0,0,0,0,0,0,0
374.89534149659863,375.06949115646256,43,64,2,2,2,2,2,2,2,2,1,1,1,1,1,-1,-1
373.30349070294784,373.45442040816323,40,34,2,2,2,2,2,2,1,0,0,0,0,0,0
372.85070158730156,373.001631292517,41,71,1,1,1,1,1,1,1,1,1,1,1,0,0
372.0147832199546,372.20054285714286,44,42,2,2,1,1,2,3,3,3,3,1,1,1,3,1,1,1
371.5271641723356,371.6897038548753,43,63,3,3,3,3,3,3,1,1,1,1,1,1,0,0
371.3517306122449,371.5271641723356,44,72,0,0,0,0,0,0,0,1,1,1,1,1,1,1,1,1
370.2836126984127,370.43454240362814,40,81,2,2,2,1,1,1,1,1,1,1,1,1,1
370.06302312925175,370.2836126984127,41,93,1,1,1,1,1,1,1,0,0,0,0,0,0,0,0,0,0,0,0
369.0400612244898,369.17938095238094,42,71,2,2,1,1,1,1,1,1,1,0,0,0
368.76142176870746,369.0400612244898,42,49,1,1,1,1,1,1,1,1,1,1,1,1,1,2,2,2,2,2,3,3,3,3,2,2
366.10145306122445,366.2523827664399,39,50,4,3,2,2,2,0,0,0,0,0,0,0,0
365.54417414965985,365.7415437641723,41,49,2,2,2,2,2,2,2,2,1,1,1,1,1,1,1,1,1
365.26425079365083,365.47323038548757,39,77,1,1,1,1,1,2,2,2,2,2,1,1,1,2,2,2,2,2
363.81300362811794,363.9523233560091,41,66,0,1,1,1,1,1,1,0,0,0,0,0
363.5691941043084,363.81300362811794,41,42,1,1,1,1,1,1,1,1,1,1,-2,1,1,1,1,1,1,1,1,0,0
362.26759274376417,362.4881823129252,42,61,2,2,2,2,2,2,2,2,2,2,2,2,1,1,1,1,-2,1,-2
359.43219047619044,359.68889387755104,44,64,0,0,1,1,1,1,1,1,1,1,1,0,0,-1,-1,1,1,1,1,1,1,1,1
357.1785709750567,357.32950068027213,39,41,2,2,2,2,0,0,0,0,0,0,1,1,1
354.37928253968255,354.51860226757367,42,45,1,1,1,1,1,0,0,0,1,1,1,1
353.7291238095238,353.868443537415,43,52,2,2,1,1,1,1,1,0,0,0,1,1
352.39269251700676,352.62489206349204,72,61,1,1,1,0,0,0,0,1,1,1,1,1,1,1,1,1,1,1,1,1
352.2301528344671,352.39269251700676,72,42,2,1,1,1,1,1,1,1,1,1,1,1,1,1
352.21854285714284,352.62489206349204,80,87,0,0,1,1,1,1,1,1,1,1,1,1,1,1,1,1,0,0,0,0,0,0,1,1,1,1,1,1,1,1,1,1,1,1,1
352.1488829931973,352.62489206349204,87,45,1,1,1,1,1,1,1,1,1,0,0,0,0,0,0,1,1,1,1,1,1,1,1,1,1,1,1,1,1,1,1,0,0,1,1,1,1,1,1,1,1
352.09083310657593,352.357862585034,92,39,1,1,1,1,1,1,1,1,1,1,1,1,1,1,1,0,0,1,1,1,1,1,1
351.61354013605444,352.1024430839002,84,66,1,1,2,2,1,1,1,1,1,1,1,1,0,1,1,1,1,1,1,1,1,1,1,1,1,1,1,1,1,1,1,1,0,0,1,1,1,1,1,1,1,1,1
351.61354013605444,352.21854285714284,80,71,1,1,1,1,1,1,1,1,1,1,1,1,0,1,1,1,1,1,1,1,1,1,1,1,1,1,1,1,1,1,1,0,0,0,0,1,1,1,1,1,1,1,1,1,1,1,1,1,1,1,1,1,0
351.56710022675736,352.18371292517,72,81,1,1,1,1,1,1,2,2,2,1,1,1,1,1,1,1,1,1,1,1,1,1,1,1,1,1,1,1,1,1,1,1,1,1,1,1,1,1,1,0,0,1,1,1,1,1,1,1,1,1,1,1,1,1
351.39295056689343,351.61354013605444,80,84,1,1,1,1,1,1,1,1,1,1,1,1,1,1,1,1,1,1,1
351.16075102040816,351.39295056689343,80,87,1,1,1,1,1,1,1,1,1,1,1,1,1,1,1,1,1,1,1,1
350.91694149659867,351.56710022675736,72,80,1,1,1,1,1,1,1,1,1,1,1,1,1,1,1,1,1,1,1,1,1,1,1,1,1,1,1,1,1,1,1,1,1,1,1,1,1,1,1,1,1,1,1,1,1,1,1,1,1,1,1,1,1,1,1,1
350.5918621315193,351.2304108843538,77,61,0,0,0,0,0,0,0,0,1,1,1,1,1,1,1,0,0,0,0,0,0,0,0,0,0,0,0,1,0,1,1,1,1,1,1,1,0,0,0,0,0,0,0,0,0,0,1,1,1,1,1,1,1,1,1
350.5918621315193,350.91694149659867,72,85,0,0,0,1,1,1,1,1,1,1,1,1,1,1,1,1,1,1,1,1,1,1,1,1,1,1,1,1
350.5918621315193,352.62489206349204,65,61,0,0,0,0,0,1,1,1,1,1,1,1,1,1,1,1,1,1,1,1,1,1,1,1,1,1,1,1,1,1,1,1,1,1,1,1,1,1,0,0,0,0,0,0,0,0,0,1,1,1,1,1,1,1,1,1,1,1,1,1,1,1,1,1,1,1,1,1,1,1,1,1,1,1,1,1,1,1,1,1,1,1,1,1,1,1,1,1,1,1,1,1,1,1,1,1,1,1,1,0,0,0,0,0,0,1,1,1,1,1,1,0,0,0,0,0,0,0,0,0,0,1,1,0,0,0,1,1,1,1,1,1,1,1,1,1,1,1,0,0,0,1,1,1,1,1,1,1,1,1,1,1,1,1,1,1,1,1,1,1,1,1,1,1,1,1,1,1,1,1,1,1,1,1,1,1
350.1158530612245,351.16075102040816,80,82,0,0,1,1,1,1,1,1,1,1,1,1,1,1,1,1,0,0,0,0,0,1,1,1,1,1,1,1,1,1,1,1,1,1,1,1,0,0,0,0,0,0,0,0,1,1,1,1,1,1,1,1,1,1,1,1,1,1,1,1,1,1,1,1,1,1,1,1,1,1,1,1,1,1,1,1,1,1,1,1,1,1,0,0,0,0,1,1,1,1
350.0810231292517,350.5918621315193,72,53,1,1,1,1,1,1,1,1,1,1,1,2,2,2,2,1,1,1,1,1,1,1,0,0,0,1,1,1,1,1,1,1,1,1,1,1,1,1,1,1,2,1,1,0
349.7443337868481,350.0810231292517,72,86,2,2,2,1,1,1,1,1,1,1,1,1,1,1,1,1,1,1,1,1,1,1,1,1,1,1,1,1,1
349.61534013605444,350.4641523809524,84,71,1,1,1,1,1,1,1,1,1,1,1,2,2,2,1,1,1,1,1,1,1,1,1,1,1,1,1,1,1,1,1,1,1,1,1,1,1,1,1,1,1,1,1,1,1,1,1,1,1,1,1,1,1,1,1,1,1,1,1,1,1,1,1,1,1,1,1,1,1,1,1,1,1,1
349.6037301587302,349.7443337868481,72,78,1,1,1,1,1,1,1,1,1,1,1,2,2
349.34831065759636,350.1158530612245,80,68,1,1,1,1,1,1,1,1,1,1,1,1,1,1,1,1,1,1,1,1,1,1,1,1,1,1,1,1,1,1,1,1,1,1,1,2,1,1,1,1,1,1,1,1,1,1,1,1,1,1,1,1,1,1,1,1,1,1,1,1,1,1,1,1,1,1,0
349.34831065759636,349.6037301587302,72,69,1,1,1,1,1,1,1,1,1,1,1,1,1,1,1,1,1,1,1,1,1,1
347.58231020408164,347.7345238095238,41,48,0,1,1,3,3,3,3,2,0,0,0,0,0,-3
345.94530340136055,346.18911292517004,40,76,2,2,2,2,2,2,2,2,1,2,1,2,2,1,1,1,1,1,1,1,1
345.421570521542,345.58411020408164,47,85,2,2,2,2,2,2,2,1,1,1,1,2,2,2
344.8759015873016,345.0616612244898,40,68,0,0,0,0,0,0,0,0,0,0,0,0,0,0,-1,-1
343.7381238095238,343.877443537415,39,35,4,4,4,4,2,2,2,2,2,0,1,1
343.26083083900227,343.469810430839,42,52,0,0,0,0,0,0,0,0,0,0,0,0,1,1,1,1,1,1
342.7964317460318,342.94736145124716,41,75,1,1,1,1,1,1,1,1,1,1,1,1,1
342.4597424036281,342.66872199546486,42,66,0,1,1,1,1,1,1,2,2,2,2,2,1,1,1,0,0,2
341.6689800453515,341.8328036281179,41,58,2,0,0,0,0,2,2,2,2,2,2,1,1,1,1
340.38027256235824,340.5660321995465,41,72,0,0,0,1,1,1,1,1,1,1,1,1,1,1,1,1
339.73011383219955,339.88104353741494,42,39,-2,-1,1,1,1,2,3,3,3,3,3,2,2
339.4153605442177,339.5662902494331,40,63,1,1,1,1,1,1,1,1,1,1,1,1,1
338.95096145124717,339.1599410430839,40,71,0,0,0,0,0,0,0,0,0,1,1,1,1,1,1,1,1,-1
338.7071519274377,338.90452154195015,39,71,1,1,1,1,1,1,0,0,0,0,0,0,1,1,1,1,1
338.55622222222223,338.7071519274377,40,64,1,1,1,0,0,0,0,0,0,0,0,0,0
338.35885260770976,338.55622222222223,40,35,4,4,2,2,2,2,1,1,1,1,1,1,1,1,1,1,1
337.23140090702947,337.3939405895692,45,75,0,0,0,0,1,1,1,1,1,1,1,1,1,1
336.4419224489796,336.63929206349206,39,45,7,1,1,1,1,2,2,2,1,1,1,2,2,2,2,2,2
336.32582267573696,336.4767523809524,41,84,1,1,1,1,1,1,1,1,1,1,1,1,1
335.98913333333337,336.15167301587303,40,74,2,2,1,1,1,1,1,1,1,1,1,1,1,1
335.4537904761905,335.59311020408165,39,39,4,4,4,2,2,2,2,2,2,2,2,2
335.20998095238093,335.4537904761905,40,50,1,1,1,1,1,1,1,1,2,2,2,2,2,2,2,1,1,1,1,1,1
333.42076054421767,333.5949102040816,39,69,2,2,2,0,0,0,0,0,0,0,1,1,1,1,1
331.70120000000003,331.934683446712,39,67,3,1,1,1,1,0,0,0,0,0,0,0,0,0,0,0,1,1,1,1,0
329.95970340136057,330.19190294784585,42,39,4,4,1,2,2,3,3,3,3,3,3,3,3,1,1,1,1,1,1,1
329.7739437641724,329.95970340136057,43,72,1,1,1,1,1,1,1,1,1,1,1,1,1,1,1,1
328.80903174603174,328.97157142857145,48,68,1,1,1,1,1,1,1,1,1,1,1,1,0,-1
328.48395238095236,328.6348820861678,52,71,0,1,1,1,1,1,1,1,1,1,1,1,1
325.19576099773246,325.3583006802721,40,71,2,2,2,2,1,1,1,1,1,1,1,2,2,1
322.8028217687075,323.00019138321994,43,78,0,0,0,1,1,1,1,1,1,1,1,0,0,0,0,0,0
322.4313024943311,322.6170621315193,45,71,2,1,1,1,1,1,0,0,0,0,0,0,0,1,1,1
321.4780004535147,321.7102,44,79,1,1,1,1,1,1,1,1,1,1,1,1,2,2,2,2,1,1,1,1
320.9787714285714,321.1645310657596,38,58,0,1,1,1,1,1,1,1,1,1,1,1,1,1,1,1
319.35209070294786,319.5959002267574,41,80,1,1,1,1,1,1,1,1,1,1,1,1,1,1,1,1,1,1,1,1,-1
318.2839727891157,318.48134240362816,46,73,1,1,1,1,0,0,0,0,0,0,0,1,1,1,1,1,1
318.04016326530615,318.2143129251701,41,68,1,1,1,1,1,1,1,1,1,1,1,1,0,0,0
316.66890204081636,316.8894916099773,41,83,1,1,1,1,1,1,1,1,1,1,1,1,1,1,1,0,0,0,0
315.7039900226757,315.8665297052154,39,72,2,2,2,2,1,1,1,1,1,1,1,1,1,1
315.55306031746034,315.7039900226757,40,62,1,1,1,1,1,0,0,0,0,-1,-1,-1,-1
315.495010430839,316.4831424036281,35,55,1,1,1,1,1,1,1,1,1,1,1,1,1,1,1,1,1,1,1,1,1,1,1,1,1,1,1,1,1,1,1,1,1,1,1,1,1,1,1,1,1,1,1,1,1,1,1,1,1,1,1,1,1,1,1,1,1,1,1,1,1,1,1,1,1,1,1,1,1,1,1,1,1,1,1,1,1,1,1,1,1,1,1,1,1,1
314.9957814058957,315.2976408163265,45,82,0,0,0,0,0,1,1,1,0,0,0,0,0,0,0,0,0,0,0,0,1,1,1,1,1,0
314.7984117913832,314.9957814058957,45,39,1,1,1,1,1,1,1,-1,-1,-1,-1,0,0,0,0,0,0
314.2643528344671,314.41528253968255,42,60,0,1,1,1,1,2,2,2,2,1,1,-1,-1
312.9163115646258,313.12529115646254,39,37,2,2,3,3,3,3,3,2,2,2,2,2,2,2,2,1,1,1
312.34742267573694,312.5564022675737,46,68,0,0,0,0,0,0,0,0,0,0,0,0,0,0,0,0,0,0
311.7656399092971,311.92946349206346,40,62,0,0,0,0,0,0,0,0,0,0,0,0,-1,-1,-1
310.86006167800457,310.9993814058957,39,48,4,2,2,2,2,2,2,2,2,1,1,1
310.36083265306127,310.5349823129252,40,50,4,4,2,2,1,0,0,0,1,0,0,0,0,0,1
309.8138798185941,309.9660934240363,46,30,1,1,-1,-1,-1,-1,-1,-1,-1,-1,-1,0,0,0
309.4423605442177,309.60490022675737,50,37,1,1,1,1,1,1,1,1,1,2,2,2,0,0
309.33787074829934,309.4888004535147,44,53,1,1,1,1,2,2,2,3,3,3,3,1,1
308.20009297052155,308.3394126984127,39,70,1,1,1,1,1,1,0,0,0,0,0,0
308.0491632653061,308.20009297052155,39,71,1,1,1,1,0,0,0,0,0,1,1,1,1
307.85050975056686,307.9911133786848,40,66,1,1,1,1,1,1,1,1,1,1,1,1,1
306.50375238095233,306.6430721088435,44,67,0,0,0,0,1,1,0,0,0,1,1,1
305.5852802721089,305.7246,42,77,1,1,2,2,2,2,1,1,1,1,1,1
304.84224172335604,304.99317142857143,43,72,0,0,1,1,1,1,1,1,1,0,0,0,0
302.71633197278913,302.85565170068026,49,33,-2,-2,-2,-1,-1,-1,-1,-1,0,0,0,0
301.6933700680272,302.0545632653061,29,53,1,1,1,1,1,1,1,1,1,1,1,1,1,1,1,1,1,1,1,1,1,1,1,1,1,1,1,1,1,1,1,1
300.8342317460317,301.0199913832199,39,65,2,2,2,2,2,2,2,2,2,2,1,1,1,1,1,1
300.41627256235824,300.5672022675737,43,55,-1,0,1,1,1,1,1,1,1,1,1,1,1
300.04475328798185,300.19568299319724,39,47,1,1,1,0,0,-1,-1,-1,-1,-1,-1,-1,-1
295.78003990929705,295.93096961451243,40,72,1,1,1,1,1,1,1,0,0,0,0,0,0
294.1662530612245,294.3055727891156,45,34,-2,0,1,3,3,3,3,3,3,3,2,1
293.8863297052154,294.0965931972789,42,38,3,3,1,1,1,1,-2,-2,-2,-2,-2,-2,-2,-2,1,1,1,1,1
292.4350825396825,292.57440226757365,40,61,1,1,1,1,1,1,1,1,1,1,2,2
290.8664517006803,291.02899138322,39,63,3,3,2,1,1,1,1,1,1,2,2,2,2,2
289.12367120181403,289.2629909297052,42,58,0,0,0,0,0,0,0,0,0,1,1,0
286.80039183673466,286.93971156462584,39,58,1,0,1,1,1,1,1,0,0,-1,-1,-1
286.7307319727891,286.89327165532876,51,35,4,2,2,2,1,1,1,1,1,1,1,1,1,1
284.69770204081635,284.9879514739229,40,52,1,1,1,2,2,2,2,2,2,2,2,2,2,3,3,3,3,3,3,1,1,1,1,1,1
284.4538925170068,284.69770204081635,40,44,2,2,2,2,1,1,1,1,1,1,1,1,1,1,1,1,1,1,1,1,1
284.2797428571429,284.4538925170068,41,39,2,1,1,1,1,1,1,2,2,2,-1,-1,2,1,1
283.88371972789116,284.2100829931973,36,46,2,2,1,1,1,1,1,1,1,1,1,1,1,1,1,1,1,1,1,1,1,1,1,1,1,1,1,1,1
283.8721097505669,284.01142947845807,67,39,1,1,1,1,0,0,0,0,0,1,1,1
283.5934702947846,283.75600997732425,43,43,0,0,1,1,2,1,1,1,1,1,1,1,1,1
280.41105260770973,280.59681224489793,39,71,2,2,2,2,2,2,2,2,2,2,2,2,2,2,2,0
279.2836009070295,279.48097052154196,40,46,1,1,1,1,1,1,1,1,1,1,1,0,0,0,0,0,0
278.645052154195,278.80759183673473,48,54,-1,-1,-1,2,2,2,1,1,1,1,1,1,1,1
278.1097092970522,278.29675283446716,40,83,1,1,1,1,1,1,1,1,1,1,1,1,1,1,1,1,1
278.0980993197279,278.2503129251701,52,48,1,1,1,1,1,1,1,1,1,1,1,1,1,1
277.80784988662134,277.99360952380954,41,61,0,0,0,0,0,0,0,0,0,0,0,0,0,0,0,0
277.2505709750567,277.5176004535147,41,40,0,1,1,1,1,0,0,0,0,0,0,0,-2,1,1,1,1,1,1,0,0,0,0
277.18091111111113,277.66853015873016,36,51,1,1,1,1,1,1,1,1,1,1,1,1,1,1,1,1,1,1,1,1,1,1,1,1,1,1,1,1,1,1,1,1,1,1,1,1,1,1,1,1,1,1
276.57719229024946,276.7397319727891,41,62,2,2,1,1,1,1,2,2,2,2,2,3,3,3
276.4378725623583,276.57719229024946,41,28,4,4,1,1,1,4,4,4,2,2,2,2
276.2869428571429,276.4378725623583,42,99,1,1,1,1,1,1,1,1,1,2,1,1,1
276.2753328798186,276.4727024943311,36,60,1,1,1,1,1,1,1,1,1,1,1,1,1,1,1,1,1
276.13601315192744,276.2869428571429,42,50,4,4,2,2,1,1,1,1,2,2,2,2,2
276.13472925170066,276.2753328798186,36,44,1,1,1,1,1,1,1,1,1,1,1,1,1
276.1231192743764,276.32177278911564,67,57,1,1,1,1,1,1,1,1,1,1,1,1,1,1,1,1,1,1
275.972189569161,276.1231192743764,67,29,0,1,1,0,0,0,0,1,1,1,1,1,1
275.972189569161,276.13601315192744,43,59,0,0,0,0,0,0,0,0,0,1,1,1,1,1,1
275.6238902494331,276.13472925170066,36,55,1,1,1,1,1,1,1,1,1,1,1,1,1,1,1,1,1,1,1,1,1,1,1,1,1,1,1,1,1,1,1,1,1,1,1,1,1,1,1,1,1,1,1,1
275.0782213151927,275.26398095238096,45,53,3,3,2,2,2,2,1,1,1,1,1,1,0,0,0,-1
274.7415319727891,274.88085170068024,48,54,1,1,1,1,1,1,1,1,0,0,1,1
273.2077310657597,274.6602621315193,31,79,1,1,1,1,1,1,1,1,1,1,1,1,1,1,1,1,1,1,1,1,1,1,1,1,1,1,1,1,1,1,1,1,1,1,1,1,1,1,1,1,1,1,1,1,1,1,1,1,1,1,1,1,1,1,1,1,1,1,1,1,1,1,1,1,1,1,1,1,1,1,1,1,1,1,1,1,1,1,1,1,1,1,1,1,1,1,1,1,1,1,1,1,1,1,1,1,1,1,1,1,1,1,1,1,1,1,1,1,1,1,1,1,1,1,1,1,1,1,1,1,1,1,1,1,1,1
273.04519138321996,273.90432970521545,43,63,1,1,1,1,1,1,1,1,1,1,1,1,1,1,1,1,1,1,1,1,1,1,1,1,1,1,1,1,1,1,1,1,1,1,1,1,1,1,1,1,1,1,1,1,1,1,1,1,1,1,1,1,1,1,1,1,1,1,1,1,1,1,1,1,1,1,1,1,1,1,1,1,1,1
272.9755315192744,273.2077310657597,31,67,1,1,1,1,1,1,1,1,1,1,1,1,1,1,1,1,1,1,1,1
272.9639215419501,273.2309510204082,62,49,1,1,1,1,1,1,1,1,1,1,1,1,1,1,1,1,1,1,1,1,1,1,1
272.49952244897963,272.7317219954649,40,56,1,1,1,1,1,1,1,1,1,1,1,1,1,1,1,1,1,1,1,1
272.48791247165536,272.9407015873016,55,43,1,1,1,1,1,1,1,1,1,1,1,1,1,1,1,1,1,1,1,1,1,1,1,1,1,1,1,1,1,1,1,1,1,1,1,1,1,1,1
272.12671927437646,272.7549419501134,62,51,1,1,1,1,1,1,1,1,1,1,1,1,1,1,1,1,1,1,1,1,1,1,1,1,1,1,1,1,1,1,1,1,1,1,1,1,1,1,1,1,1,1,1,1,-5,1,1,1,1,1,1,1,1,1,1
271.96417959183674,272.99875147392294,33,81,1,1,1,1,1,1,1,1,1,1,1,1,1,1,1,1,1,1,1,1,1,1,1,1,1,1,1,1,1,1,1,1,1,1,1,1,1,1,1,1,1,1,1,1,1,1,1,1,1,1,1,1,1,1,1,1,1,1,1,1,1,1,1,1,1,1,1,1,1,1,1,1,1,1,1,1,1,1,1,1,1,1,1,1,1,1,1,1,1,1
271.59266031746034,272.81299183673474,60,54,1,1,1,1,1,1,1,1,1,1,1,1,1,1,1,1,1,1,1,1,1,1,1,1,1,1,1,1,1,1,1,1,1,1,1,1,1,1,1,1,1,1,1,1,1,1,1,1,1,1,1,1,1,1,1,1,1,1,1,1,1,1,1,1,1,1,1,1,1,1,1,1,1,1,1,1,1,1,1,1,1,1,1,1,1,1,1,1,1,1,1,1,1,1,1,1,1,1,1,1,1,1,1,1,1,1
269.6641201814059,269.9427596371882,60,39,1,1,1,1,1,1,1,1,1,1,1,1,1,1,1,1,-1,-1,-1,0,1,1,1,1
268.9326916099773,269.1648911564626,45,60,1,1,1,1,1,1,1,1,1,1,1,1,1,1,1,1,1,1,1,1
268.56117233560093,268.70049206349205,39,38,0,0,0,0,0,0,0,-1,-1,-1,-1,-1
267.25957097505665,267.57304036281175,57,55,1,1,1,1,1,1,1,1,1,1,1,1,1,1,1,1,1,1,1,1,1,1,1,1,1,1,1
266.88805170068025,267.25957097505665,57,42,1,1,1,1,1,1,1,1,1,1,1,1,1,1,1,1,1,1,1,1,1,1,1,1,1,1,1,1,1,1,1,1
266.3075528344671,266.5861922902494,41,40,0,0,0,0,0,0,1,1,1,1,1,1,1,1,1,1,1,1,1,2,2,2,1,1
265.4006907029479,265.8534798185941,36,59,1,1,1,1,1,1,1,1,1,1,1,1,1,1,1,1,1,1,1,1,1,1,1,1,1,1,1,1,1,1,1,1,1,1,1,1,1,1,1
264.61121224489796,264.75053197278913,40,72,1,1,1,1,1,1,1,1,1,0,0,0
264.4835024943311,264.7157020408163,52,39,-1,-1,-1,0,0,0,0,0,0,0,0,1,1,1,1,1,1,1,1,1
264.4022326530612,264.5415523809524,39,59,2,2,2,2,2,2,2,2,2,3,3,3
264.39062267573695,264.55316235827667,36,43,1,1,1,1,1,1,1,1,1,1,1,1,1,1
263.84366984126984,264.36740272108847,64,51,1,1,1,1,1,1,1,1,1,1,1,1,1,1,1,1,1,1,1,1,1,1,1,1,1,1,1,1,1,1,1,1,1,1,1,1,1,1,1,1,1,1,1,1,1,1
263.70435011337867,263.9249396825397,39,82,1,1,1,1,1,1,1,1,1,1,1,1,1,1,1,1,1,1,1
263.6695201814059,263.80883990929703,51,49,2,1,1,1,1,1,1,1,1,1,1,1
263.51859047619047,263.65791020408165,40,36,0,0,0,0,0,0,-1,-1,0,-1,-1,-1
262.1937691609977,262.33437278911566,39,43,0,3,3,3,3,1,1,1,1,1,0,0,0
261.53200045351474,261.6945401360544,40,30,1,1,1,1,1,-1,-1,-1,-1,1,1,1,1,1
260.2897328798186,260.45227256235825,42,81,1,1,1,1,1,1,1,1,1,1,1,0,0,0
259.97497959183676,260.16073922902495,43,53,1,1,1,1,1,1,1,1,1,1,1,1,1,1,1,1
259.6731201814059,259.8588798185941,40,52,1,0,0,0,0,0,0,0,0,-1,-1,-1,0,0,0,0
259.3944807256236,259.56863038548755,38,48,2,2,2,2,2,2,2,2,2,2,2,2,2,2,2
258.837201814059,259.02296145124717,72,35,1,1,1,1,1,1,1,1,1,1,1,1,1,1,1,1
258.81398185941043,259.16228117913835,60,50,1,1,1,1,1,1,1,1,1,1,1,1,1,1,1,1,1,1,1,1,1,1,1,1,1,1,1,1,1,1
258.80237188208616,259.0113514739229,43,51,1,1,1,1,0,0,0,0,0,1,1,1,1,1,1,1,1,0
258.6978820861678,258.837201814059,40,64,1,1,1,1,1,1,1,1,1,1,1,1
258.1160993197279,258.2799229024944,60,58,1,1,1,1,1,1,1,1,1,1,1,1,1,1,1
257.72136009070294,257.8606798185941,41,61,2,2,2,2,2,2,1,1,1,1,1,0
257.2337410430839,257.3846707482993,41,68,2,1,1,1,1,1,1,1,0,1,1,1,1
257.22213106575964,257.6400902494331,60,38,1,1,1,1,1,0,-1,-1,-1,0,1,1,1,1,1,1,1,1,1,1,1,1,1,1,1,1,1,-1,1,1,1,1,1,1,1,1
256.5139224489796,257.106031292517,60,44,0,0,0,0,-1,-1,0,1,1,1,1,1,1,1,1,1,1,1,1,1,1,1,1,1,1,1,1,1,1,1,1,1,1,1,1,1,1,1,1,1,1,1,1,1,1,1,1,1,1,1,1
256.0482394557823,256.3746027210884,29,59,1,1,1,1,1,1,1,1,1,1,1,1,1,1,1,1,1,1,1,1,1,1,1,1,1,1,1,1,1
255.28198095238093,255.43291065759638,69,30,0,0,1,1,3,3,1,1,1,1,1,1,1
255.24715102040813,256.0482394557823,29,59,1,1,1,1,1,1,1,1,1,1,1,1,1,1,1,1,1,1,1,1,1,1,1,1,0,0,0,0,0,1,1,1,1,1,1,1,1,1,2,2,2,2,2,1,1,1,1,1,1,1,1,1,1,1,1,1,1,1,1,1,1,1,1,1,1,1,1,1,1
255.0149514739229,255.24715102040813,29,74,1,1,1,1,1,1,1,1,1,1,1,1,1,1,1,1,1,1,1,1
254.666652154195,255.0149514739229,29,59,1,1,1,1,1,1,1,1,1,1,1,1,1,1,1,1,1,1,1,1,1,1,1,1,1,1,1,1,1,1
253.8410598639456,254.13130929705216,57,42,0,0,1,1,1,1,1,1,1,1,1,1,1,1,1,1,1,1,1,1,1,1,1,1,1
253.3650507936508,253.5159804988662,43,48,0,0,0,0,1,1,1,1,1,3,3,1,1
252.23759909297053,252.4594725623583,42,49,1,1,2,2,2,3,3,3,3,2,2,2,2,2,2,2,2,2,2,2
251.48295056689344,251.6571002267574,41,66,1,1,1,1,1,0,0,0,0,0,0,0,0,0,0
251.16948117913833,251.30880090702948,43,71,1,0,0,0,0,0,0,0,0,0,-1,-1
250.6818621315193,250.90245170068027,43,75,0,0,0,1,1,1,1,1,1,1,1,1,1,1,1,1,1,1,1
250.5541523809524,250.91406167800454,36,54,1,1,1,1,1,1,1,1,1,1,1,1,1,1,1,1,1,1,1,1,1,1,1,1,1,1,1,1,1,1,1
250.10007936507935,250.2393990929705,43,61,1,0,0,0,1,1,1,1,1,0,0,1
249.97236961451247,250.15812925170067,55,34,1,1,1,1,1,1,1,1,1,1,1,1,1,1,1,1
249.9607596371882,250.10007936507935,43,33,3,3,2,2,0,0,0,0,-1,1,1,1
247.6490902494331,247.97416961451248,55,43,1,1,1,1,1,1,1,1,1,1,1,1,1,1,1,1,1,1,1,1,1,1,1,1,1,1,1,1
247.44011065759636,248.17153922902494,31,75,1,1,1,1,1,1,1,1,1,1,1,1,1,1,1,1,1,1,1,1,1,1,1,1,1,1,1,1,1,1,1,1,1,1,1,1,1,1,1,1,1,1,1,1,1,1,1,1,1,1,1,1,1,1,1,1,1,1,1,1,1,1,1
247.20791111111112,247.66070022675737,59,44,1,1,1,1,1,1,1,1,1,1,1,1,1,1,1,1,1,1,1,1,1,1,1,1,1,1,1,1,1,1,1,1,1,1,1,1,1,1,1
247.20791111111112,247.66070022675737,43,56,1,1,1,1,1,1,1,1,1,1,1,1,1,1,1,1,1,1,1,1,1,1,1,1,1,1,1,1,1,1,1,1,1,1,1,1,1,1,1
247.11503129251702,247.66070022675737,62,48,1,1,1,1,1,1,1,1,1,1,1,1,1,1,1,1,1,1,1,1,1,1,1,1,1,1,1,1,1,1,1,1,1,1,1,1,1,1,1,1,1,1,1,1,1,1,1
246.9292716553288,247.19630113378685,72,44,1,1,1,1,1,1,1,1,1,1,1,1,1,1,1,1,1,1,1,1,1,1,1
246.68546213151927,247.44011065759636,31,87,1,1,1,1,1,1,1,1,1,1,1,1,1,1,1,1,1,1,1,1,1,1,1,1,1,1,1,1,1,1,1,1,1,1,1,1,1,1,1,1,1,1,1,1,1,1,1,1,1,1,1,1,1,1,1,1,1,1,1,1,1,1,1,1,1
246.62741224489795,246.94088163265306,55,56,1,1,1,1,1,1,1,1,1,1,1,1,1,1,1,1,1,1,1,1,1,1,1,1,1,1,1
246.62741224489795,247.20791111111112,43,60,1,1,1,1,1,1,1,1,1,1,1,1,1,1,1,1,1,1,1,1,1,1,1,1,1,1,1,1,1,1,1,1,1,1,1,1,1,1,1,1,1,1,1,1,1,1,1,1,1,1
246.38360272108844,246.73190204081632,60,61,1,1,1,1,1,1,1,1,1,1,1,1,1,1,1,1,1,1,1,1,1,1,1,1,1,1,1,1,1,1
246.08045941043082,246.59258231292517,62,60,1,1,1,1,1,1,1,1,1,1,1,1,1,1,1,1,1,1,1,1,1,1,1,1,1,1,1,1,1,1,1,1,1,-5,1,1,1,1,1,1,1,1,1,1,-5
246.0572394557823,246.51131247165534,72,51,1,1,1,1,1,1,1,1,1,1,1,1,1,1,1,1,1,1,1,1,1,1,1,1,1,1,1,1,1,1,1,1,1,1,1,1,1,1,1,1
246.0572394557823,246.38360272108844,60,51,1,1,1,1,1,1,1,1,1,1,1,1,1,1,1,1,1,1,1,1,1,1,1,1,1,1,1,1,1
245.81342993197276,246.08045941043082,62,60,-5,-5,-5,1,1,1,1,1,1,1,1,1,1,1,1,1,1,1,1,1,1,1,1
245.54640045351474,246.0572394557823,60,68,1,1,1,1,1,1,1,1,1,1,1,1,1,1,1,1,1,1,1,1,1,1,1,1,1,1,1,1,1,1,1,1,1,1,1,1,1,1,1,1,1,1,1,1
245.38386077097505,245.54640045351474,60,83,1,1,1,1,1,1,1,1,1,1,1,1,1,1
245.37225079365078,245.95274965986394,55,63,1,1,1,1,1,1,1,1,1,1,1,1,1,1,1,1,1,1,1,1,1,1,1,1,1,1,1,1,1,1,1,1,1,1,1,1,1,1,1,1,1,1,1,1,1,1,1,1,1,1
243.97776961451248,245.38386077097505,60,67,1,1,1,1,1,1,1,1,1,1,1,1,1,1,1,1,1,1,1,1,1,1,1,1,1,1,1,1,1,1,1,1,1,1,1,1,1,1,1,1,1,1,1,1,1,1,1,1,1,1,1,1,1,1,1,1,1,1,1,1,1,1,1,1,1,1,1,1,1,1,1,1,1,1,1,1,1,1,1,1,1,1,1,1,1,1,1,1,1,1,1,1,1,1,1,1,1,1,1,1,1,1,1,1,1,1,1,1,1,1,1,1,1,1,1,1,1,1,1,1,1,1
241.79380997732426,242.1537192743764,57,50,2,1,1,1,1,1,1,1,1,1,1,1,1,1,1,1,1,1,1,1,1,1,1,1,1,1,1,1,1,1,1
241.49195056689342,241.6312702947846,38,61,1,1,1,1,1,1,1,1,1,1,1,1
241.03916145124717,241.20170113378686,39,47,0,0,1,1,1,1,1,1,1,1,1,1,1,1
240.78374195011338,240.9695015873016,57,51,1,1,1,1,1,1,1,1,1,1,1,1,1,1,1,1
240.7721319727891,240.9114517006803,39,44,1,1,1,1,1,-1,1,1,1,1,1,1
239.9349297052154,240.17873922902493,41,86,1,1,1,1,1,1,1,1,1,1,0,0,0,0,0,0,0,0,0,0,0
239.20350113378683,239.44731065759638,39,70,2,2,2,2,2,2,2,2,2,2,2,2,2,2,2,2,2,2,2,2,2
239.06418140589568,239.20350113378683,40,78,1,0,0,0,0,0,1,1,1,1,1,1
238.4952925170068,238.77393197278911,64,49,1,1,1,1,1,1,1,1,1,1,1,1,1,1,1,1,1,1,1,1,1,1,1,1
238.14570929705215,238.4952925170068,64,61,1,0,0,1,1,1,1,1,1,1,1,1,1,1,1,1,1,1,1,1,1,1,1,1,1,1,1,1,1,1,1
237.32140090702947,237.46072063492065,42,47,2,2,2,2,2,2,1,1,1,1,1,1
236.7873419501134,236.9382716553288,42,42,1,1,1,1,0,0,0,0,0,0,0,0,0
236.57836235827665,236.7176820861678,42,55,1,1,1,1,0,0,0,0,0,0,0,0
235.46252063492065,235.6715002267574,40,78,1,1,1,1,1,1,1,1,1,0,0,0,0,0,0,0,0,0
235.24193106575964,235.46252063492065,40,42,1,1,1,1,1,1,1,1,1,1,1,1,1,1,1,1,1,1,1
234.40472879818594,234.55694240362814,40,63,1,1,1,1,1,1,1,0,0,0,0,0,0,0
234.16091927437643,234.3582888888889,60,52,1,1,1,1,1,1,1,1,1,1,1,1,1,1,1,1,1
233.89388979591837,234.05642947845806,40,60,1,1,1,0,0,0,0,0,0,0,0,0,1,1
233.6268603174603,233.89388979591837,40,44,3,3,2,2,2,2,2,2,2,3,3,1,1,1,1,1,1,1,1,1,1,1,1
233.46432063492063,233.6268603174603,41,89,2,1,1,1,1,1,1,1,1,1,1,1,1,1
233.05797142857142,233.23212108843538,40,65,3,3,2,2,2,2,2,2,2,2,1,1,1,1,1
232.73289206349207,232.907041723356,41,54,1,1,0,0,0,0,0,0,0,0,0,0,0,0,0
231.3151909297052,231.4545106575964,44,53,1,1,2,2,2,2,2,2,1,1,0,1
230.85079183673471,231.01333151927437,46,34,4,3,3,3,3,3,3,3,3,2,2,2,2,1
230.24578911564626,230.59537233560093,60,60,1,1,1,1,1,1,1,1,1,1,1,1,1,1,1,1,1,1,1,1,1,1,1,1,1,1,1,1,1,1,1
229.4447006802721,229.58402040816327,69,46,0,0,1,1,1,1,1,0,0,1,1,1
229.38665079365077,229.72334013605442,29,60,1,1,1,1,1,1,1,1,1,1,1,1,1,1,1,1,1,1,1,1,1,1,1,1,1,1,1,1,1
228.84098185941042,229.04996145124716,57,56,1,1,1,1,1,1,1,1,1,1,1,1,1,1,1,1,1,1
228.51590249433104,229.02674149659862,48,42,0,0,1,1,1,1,1,1,1,1,1,1,1,1,1,1,1,1,1,1,1,1,1,1,1,1,1,1,1,1,1,1,1,1,1,1,1,1,1,1,1,1,1,1
226.40031882086168,226.61058231292517,40,73,1,1,1,1,1,1,1,1,1,1,1,1,1,0,0,0,0,0,-1
226.16811927437644,226.30743900226759,39,51,3,3,3,3,3,1,1,1,1,1,1,1
225.76177006802723,225.91269977324265,40,74,2,1,1,1,1,1,2,2,2,1,1,1,1
225.62245034013606,225.8314299319728,68,36,1,1,1,1,-1,-1,-1,2,2,2,2,1,1,1,1,1,1,1
225.6108403628118,225.76177006802723,41,40,0,-1,-1,-1,-1,-1,-1,0,0,0,0,0,0
225.25093106575966,225.52957052154196,40,65,1,1,1,1,1,2,2,2,3,3,3,3,3,3,3,3,1,1,1,1,1,1,1,1
224.04220952380953,224.22796916099773,41,48,3,1,1,1,1,1,3,3,3,3,3,3,3,2,1,1
222.55613242630386,222.77672199546484,48,47,0,0,0,0,1,1,1,1,1,1,1,1,1,1,2,2,1,1,1
218.48878866213153,218.65261224489794,42,61,1,1,1,1,1,1,1,1,1,1,1,1,1,1,1
218.08243945578232,218.2798090702948,42,39,-1,0,0,0,0,-1,-1,1,1,1,1,1,1,1,1,0,0
215.57340045351475,215.7475501133787,43,57,0,0,0,0,0,0,0,1,1,1,1,1,1,1,1
215.20188117913833,215.364420861678,57,58,1,1,1,1,1,1,1,1,1,1,1,1,1,1
214.94646167800454,215.10900136054423,40,72,1,1,1,1,1,1,1,1,1,1,1,1,1,1
213.79579002267573,214.03959954648525,48,41,1,1,1,1,1,1,1,1,1,1,1,1,1,1,1,1,1,1,1,1,1
213.7145201814059,214.07442947845806,29,59,0,0,0,0,0,0,0,1,1,1,1,1,1,1,1,1,1,1,1,1,1,1,1,1,1,1,1,1,1,1,1
213.22690113378684,213.4242707482993,44,74,1,1,1,1,1,1,2,2,2,2,2,2,2,1,1,1,1
212.86699183673468,213.06436145124715,60,42,1,1,1,1,1,1,1,1,1,1,1,1,1,1,1,1,1
211.64666031746032,211.84402993197278,48,71,0,0,0,1,1,2,2,2,2,1,1,1,1,1,1,1,1
211.32158095238097,211.46090068027212,42,54,1,1,1,1,1,1,1,1,1,1,1,1
210.82235192743764,211.01972154195013,41,72,2,2,2,2,2,1,1,1,1,1,1,1,1,1,1,1,0
209.9619297052154,210.14768934240362,52,31,1,1,1,0,0,0,0,0,1,0,0,0,0,0,1,1
209.95031972789116,210.0896394557823,40,69,1,1,1,1,1,1,1,1,1,1,1,0
209.72973015873015,209.95031972789116,40,42,3,3,3,2,2,2,2,2,2,2,2,1,1,1,1,1,1,1,1
209.13762131519275,209.3349909297052,41,79,1,1,1,1,2,2,1,1,1,1,1,1,1,1,1,1,1
205.14122131519275,205.73333015873018,60,45,1,1,1,1,1,1,1,1,1,1,1,1,1,1,1,1,1,1,1,1,1,1,1,1,1,1,1,1,-2,-2,-2,-2,1,1,1,1,1,1,1,1,1,1,1,1,1,1,1,1,1,1,1
204.64199229024945,204.86258185941045,50,45,1,1,1,1,1,1,1,1,1,1,1,1,1,1,1,1,1,1,1
203.7815700680272,203.95571972789116,40,77,0,1,1,1,1,1,1,1,1,1,1,1,1,1,1
202.64379229024942,202.88760181405894,57,46,1,1,1,1,1,1,1,1,1,1,1,1,1,1,1,1,1,1,1,1,1
202.63089841269843,202.78311201814057,38,33,1,1,1,1,0,0,0,0,0,0,1,1,1,1
201.02872154195012,201.2841410430839,38,69,0,0,1,1,1,1,1,1,1,1,1,1,1,1,1,1,1,1,1,1,1,1
200.62108843537413,200.8081319727891,57,59,1,1,1,1,1,1,1,1,1,1,1,1,1,1,1,1,1
200.33083900226757,200.5398185941043,64,38,1,1,1,1,1,1,3,3,3,3,1,1,1,1,1,1,1,1
200.0986394557823,200.26117913832198,52,42,1,1,1,1,1,1,1,1,1,1,1,2,1,1
199.73873015873014,199.93609977324263,64,46,1,1,1,1,1,1,1,1,1,1,1,1,1,1,1,1,1
199.19306122448978,199.33238095238093,47,80,0,1,1,1,1,1,1,1,1,2,2,2
198.85637188208617,199.01891156462582,42,30,1,1,1,1,1,1,1,1,1,0,3,1,1,1
198.74027210884353,198.91442176870748,64,52,1,1,1,1,1,1,1,1,1,1,1,1,1,1,1
197.97272970521541,198.1352693877551,41,68,0,0,0,1,1,1,1,0,0,0,0,0,0,0
197.4735006802721,197.68248027210885,42,57,1,1,1,1,1,1,0,0,2,2,2,2,2,2,2,2,2,2
196.33443900226757,196.485368707483,44,63,1,1,1,1,1,1,1,1,1,1,1,1,1
196.0209696145125,196.16028934240364,48,31,2,1,1,1,1,1,1,1,3,3,3,1
193.86022993197278,194.03437959183674,60,48,1,1,1,1,1,1,1,1,1,1,1,1,1,1,1
193.72091020408163,193.88344988662132,39,32,0,0,0,0,1,1,1,1,1,1,1,1,1,1
192.40769886621317,192.59345850340137,41,78,1,1,1,1,1,1,1,1,1,1,1,1,1,1,1,1
192.24515918367348,192.40769886621317,41,42,4,4,0,0,0,-1,-1,-1,0,4,1,4,1,1
191.3511909297052,192.07100952380952,60,51,1,1,2,2,2,2,2,1,1,1,1,1,1,1,1,1,1,1,1,1,1,1,1,1,1,1,1,1,1,1,1,1,1,1,1,1,1,1,1,1,1,1,1,1,1,1,1,1,1,1,1,1,1,1,1,1,1,1,1,1,1,1
191.33958095238097,191.50212063492063,41,49,-1,2,2,2,2,2,2,2,2,2,2,1,1,1
190.96806167800455,191.18865124716552,48,46,1,1,1,1,1,1,1,1,1,1,1,1,1,1,1,1,1,1,1
190.944841723356,191.165431292517,60,56,1,1,1,1,1,1,1,1,1,1,1,1,1,1,1,1,1,1,1
190.73586213151927,190.9216217687075,38,67,1,1,1,1,1,1,1,1,1,1,1,1,1,1,1,1
190.2933990929705,190.47915873015873,57,43,-1,1,0,0,0,1,1,1,1,1,1,1,1,1,1,1
189.7245102040816,189.89865986394557,52,38,1,1,1,1,1,1,-2,-2,1,1,1,1,1,1,1
189.43426077097504,189.62002040816324,57,46,1,1,1,1,1,1,1,1,1,1,1,1,1,1,1,1
189.27172108843536,189.6664603174603,29,67,1,1,1,1,1,1,1,1,1,1,1,1,1,1,1,1,1,1,1,1,1,1,1,1,1,1,1,1,1,1,1,1,1,1
189.24850113378685,189.4458707482993,41,45,0,0,0,1,1,1,1,1,1,1,1,1,1,1,0,1,1
188.72476825396825,188.85376190476188,44,56,1,1,1,1,1,1,1,1,1,1,1,1
188.66671836734693,189.27172108843536,29,69,0,1,1,1,1,1,1,1,1,1,1,1,1,1,1,1,1,1,1,1,1,1,1,1,1,1,1,1,1,1,1,1,1,1,1,1,1,1,1,1,1,1,1,1,1,1,1,1,1,1,1,1,1
187.00649160997733,187.28513106575963,55,44,1,1,1,1,1,1,1,1,1,1,1,1,1,1,1,1,1,1,1,1,1,1,1,1
185.40303083900227,185.612010430839,39,73,1,1,1,1,1,1,1,1,1,1,1,0,0,0,0,1,1,1
185.15922131519275,185.3333709750567,40,70,1,1,1,1,1,1,1,1,0,0,0,0,0,0,0
185.08956145124716,185.26371111111112,52,43,1,1,1,1,1,1,1,1,1,1,1,1,1,1,0
184.22913922902492,184.3684589569161,39,53,0,0,1,1,1,1,1,1,1,1,0,0
182.47474875283447,182.69533832199548,60,36,1,1,1,1,1,1,-1,-1,1,1,1,1,1,1,1,1,1,1,1
182.35864897959183,182.497968707483,70,36,1,1,1,1,1,1,-2,-2,0,0,0,0
181.12799138321995,181.27892108843537,38,68,1,1,1,1,1,1,1,2,2,2,1,1,1
180.59264852607708,180.86096190476192,39,60,0,0,0,0,0,0,0,0,0,0,0,-1,-1,-1,0,0,0,0,0,0,0,0,0,0
180.44171882086167,180.59264852607708,38,38,2,2,1,1,1,1,0,0,0,2,2,2,2
180.27917913832198,180.47654875283445,40,77,1,1,1,1,1,1,1,1,1,1,1,1,1,1,0,0,0
179.50131065759635,179.64063038548753,38,61,1,1,1,1,1,1,1,1,1,1,1,1
178.38546893424035,179.22267120181405,60,47,0,0,0,0,0,0,0,-2,0,1,1,1,1,1,1,1,1,1,1,1,1,1,1,1,1,1,1,1,1,1,1,1,1,1,1,1,1,1,1,1,1,1,1,1,1,1,1,1,1,1,1,1,1,1,1,1,1,1,1,1,1,1,1,1,1,1,1,1,1,1,1,1,1
174.8431419501134,175.01729160997732,38,48,4,1,1,1,1,1,1,1,1,1,1,1,1,1,1
174.83153197278912,175.21466122448982,57,48,2,1,1,1,1,0,1,1,1,1,1,1,1,1,1,1,1,1,1,1,1,1,1,1,1,1,1,1,1,1,1,1,1
174.2497492063492,174.44711882086168,40,69,1,1,1,2,2,2,2,2,2,2,2,2,1,1,1,1,1
174.0988195011338,174.2497492063492,40,92,0,1,1,1,1,1,1,1,1,1,1,1,1
174.08720952380952,174.284579138322,52,38,-1,1,1,1,1,1,1,1,1,1,1,1,1,1,1,1,2
173.47188072562358,173.66925034013605,41,41,-1,0,0,0,0,-1,-1,-1,-1,-1,-2,1,2,2,2,1,1
173.04231156462583,173.181631292517,42,64,0,0,0,1,1,1,1,1,1,1,1,1
172.55340861678005,172.70433832199546,40,72,2,1,1,1,1,1,1,1,1,1,1,1,1
172.54179863945578,172.70433832199546,52,44,2,1,1,1,1,1,1,1,1,1,1,1,1,1
172.4140888888889,172.55340861678005,40,51,2,2,2,2,2,2,2,2,2,2,2,2
172.17027936507938,172.3444290249433,64,62,1,1,1,1,1,1,1,1,1,1,1,1,1,1,1
171.49690068027212,172.36764897959185,36,67,1,1,1,1,1,1,1,1,1,1,1,1,1,1,1,1,1,1,1,1,1,1,1,1,1,1,1,1,1,1,1,1,1,1,1,1,1,1,1,1,1,1,1,1,1,1,1,1,1,1,1,1,1,1,1,1,1,1,1,1,1,1,1,1,1,1,1,1,1,1,1,1,1,1,1
171.4388507936508,171.6594403628118,48,49,1,1,1,1,1,1,1,1,1,1,1,1,1,1,1,1,1,1,1
168.964641723356,169.15040136054424,55,32,1,2,2,2,2,1,1,1,1,1,1,1,1,1,1,1
168.67310839002266,168.81242811791384,40,45,1,1,1,1,1,1,1,1,1,1,1,1
168.3131990929705,168.46412879818593,41,56,1,1,1,1,1,2,2,2,2,2,2,1,1
167.89523990929706,168.08099954648526,43,63,2,2,2,2,2,2,2,2,2,2,2,2,2,2,2,2
167.628210430839,167.76753015873015,44,75,0,0,1,1,1,2,2,2,2,2,2,1
166.4543188208617,166.6052485260771,39,47,0,0,0,1,1,1,1,1,1,1,1,1,1
166.25694920634922,166.39626893424037,40,72,2,2,2,1,1,1,1,1,1,1,1,1
165.409420861678,165.54874058956918,40,33,1,2,2,2,2,2,2,3,3,3,3,1
165.10756145124716,165.32815102040817,60,35,1,0,0,-1,-1,-1,-2,-2,1,1,1,1,1,1,1,1,1,1,1
165.10756145124716,165.36298095238095,41,50,1,1,1,1,1,1,1,1,1,1,1,1,1,1,1,1,1,1,1,1,1,1
164.89858185941043,165.10756145124716,41,60,0,0,2,2,2,2,2,2,2,2,1,1,1,1,1,1,1,1
164.21230929705214,164.36323900226756,42,80,0,0,1,1,1,1,1,1,1,0,0,0,0
164.072989569161,164.21230929705214,42,71,4,4,1,1,1,0,0,0,0,0,0,0
163.49249070294783,163.64342040816325,47,44,2,2,2,2,2,2,2,2,2,2,1,1,-1
162.71333832199548,162.89909795918368,39,76,1,1,1,1,1,1,1,1,1,1,1,1,1,1,1,0
162.63206848072562,162.78299818594104,51,42,1,1,1,1,0,0,0,1,1,1,1,1,1
161.65683038548752,161.80776009070294,40,64,1,1,1,1,1,1,1,1,1,1,1,1,1
160.6106485260771,160.7731882086168,39,53,0,0,0,0,0,0,0,0,0,0,0,0,0,0
159.2638911564626,159.4844807256236,40,61,1,1,1,0,0,0,0,0,0,0,0,0,0,0,0,0,0,0,0
159.03169160997734,159.2638911564626,40,54,1,1,1,1,1,1,1,1,1,1,1,1,0,0,0,0,1,1,1,1
158.96203174603176,159.15940136054422,52,50,1,1,1,1,1,1,1,1,1,1,1,1,1,1,1,1,1
158.6472784580499,158.82142811791383,40,52,2,2,2,2,2,2,2,2,2,2,2,2,1,1,0
158.60083854875282,159.43804081632655,36,49,1,1,1,1,1,1,1,1,1,1,1,1,1,1,1,1,1,1,1,1,1,1,1,1,1,1,1,1,1,1,1,1,1,1,1,1,1,1,1,1,1,1,1,1,1,1,1,1,1,1,1,1,1,1,1,1,1,1,1,1,1,1,1,1,1,1,1,1,1,1,1,1,1
158.08999954648525,158.31058911564625,41,63,1,1,1,1,1,1,1,2,2,2,3,3,3,3,3,1,1,1,1
157.46306077097506,157.64882040816326,46,64,0,1,0,0,0,1,1,1,1,1,1,1,1,1,1,1
157.16120136054423,157.30052108843537,40,71,2,2,2,1,1,1,1,1,2,3,3,3
156.4865387755102,156.63746848072563,39,54,2,2,2,2,2,2,2,2,1,1,1,1,1
156.18467936507938,156.3936589569161,40,59,4,4,3,3,-1,-1,1,1,1,0,1,1,1,1,1,1,1,0
154.41867891156463,154.77858820861678,40,62,1,1,1,1,1,1,1,1,1,0,0,0,0,1,1,3,3,3,3,3,3,3,3,3,3,3,3,3,2,2,2
154.27935918367345,154.41867891156463,41,82,3,1,1,1,1,1,1,1,1,1,1,1
153.68725034013605,153.83818004535146,40,67,3,1,1,1,1,1,1,1,1,1,1,1,1
153.0719215419501,153.24607120181406,46,58,-1,0,2,2,2,3,3,3,3,3,1,1,1,1,1
152.304379138322,152.49013877551022,39,57,4,0,0,0,0,0,0,0,0,1,1,1,1,1,1,1
152.15344943310657,152.304379138322,40,55,1,1,1,1,2,2,2,2,2,1,1,1,1
151.88641995464852,152.083789569161,41,58,1,1,1,1,1,1,1,1,1,1,1,1,1,1,1,1,1
151.70066031746032,152.07217959183674,60,43,1,1,1,1,1,1,1,1,1,1,1,1,1,1,1,1,1,1,0,0,1,1,1,1,1,1,1,1,1,1,1,1
151.49168072562358,151.642610430839,46,64,-1,0,1,1,1,1,2,2,2,2,1,1,1
151.2943111111111,151.43363083900226,44,60,0,0,0,1,1,0,0,0,0,0,0,0
151.1433814058957,151.2943111111111,43,52,0,1,1,1,1,1,1,1,1,1,1,1,1
150.17846938775511,150.35261904761907,43,60,0,0,1,1,1,1,1,1,1,2,1,1,1,1,1
149.73729024943313,149.8998299319728,50,29,-2,-2,1,1,3,4,4,4,4,3,3,3,1,1
149.26128117913834,149.40060090702949,46,63,1,1,1,1,1,1,1,1,2,2,2,2
148.0525596371882,148.2731492063492,48,41,1,1,1,1,1,1,1,1,1,1,1,1,1,1,1,1,1,1,1
148.04094965986394,149.15679138321997,57,58,1,1,1,1,1,1,1,1,1,1,1,1,1,1,1,1,1,1,1,1,1,1,1,1,1,1,1,1,1,1,1,1,1,1,1,1,1,1,1,1,1,1,1,1,1,1,1,1,1,1,1,1,1,1,1,1,1,1,1,1,1,1,1,1,1,1,1,1,1,1,1,1,1,1,1,1,1,1,1,1,1,1,1,1,1,1,1,1,1,1,1,1,1,1,1,1,1
148.0177297052154,149.53992063492063,29,79,0,0,0,1,1,1,1,1,1,1,1,1,1,1,1,1,1,1,1,1,1,1,1,1,1,1,1,1,1,1,1,1,1,1,1,1,1,1,1,1,1,1,1,1,1,1,1,1,1,1,1,1,1,1,1,1,1,1,1,1,1,1,1,1,1,1,1,1,1,1,1,1,1,1,1,1,1,1,1,1,1,1,1,1,1,1,1,1,1,1,1,1,1,1,1,1,1,1,1,1,1,1,1,1,1,1,1,1,1,1,1,1,1,1,1,1,1,1,1,1,1,1,1,1,1,1,1,1,1,1,1,1
147.48367074829932,147.98289977324262,64,69,1,1,1,1,1,1,1,1,1,1,1,1,1,1,1,1,1,1,1,1,1,1,1,1,1,1,1,1,1,1,1,1,1,1,1,1,1,1,1,1,1,1,1
147.21664126984126,147.98289977324262,72,56,1,1,1,1,1,1,1,1,1,1,1,1,1,1,1,1,1,1,1,1,1,1,1,1,1,1,1,1,1,1,1,1,1,1,1,1,1,1,1,1,1,1,1,1,1,1,1,1,1,1,1,1,1,1,1,1,1,1,1,1,1,1,1,1,1,1
147.0192716553288,147.48367074829932,64,80,1,1,1,1,1,1,1,1,1,1,1,1,1,1,1,1,1,1,1,1,1,1,1,1,1,1,1,1,1,1,1,1,1,1,1,1,1,1,1,1
147.00637777777777,147.21664126984126,72,50,1,1,1,1,1,1,1,1,1,1,1,1,1,1,1,1,1,1,1
146.83222811791384,147.0192716553288,64,76,1,1,1,1,1,1,1,1,1,1,1,1,1,1,1,1,1
146.44909886621315,146.83222811791384,64,78,1,1,1,1,1,1,1,1,1,1,1,1,1,1,1,1,1,1,1,1,1,1,1,1,1,1,1,1,1,1,1,1,1
146.17045941043085,149.0523015873016,36,80,1,1,1,1,1,1,1,1,1,1,1,1,1,1,1,1,1,1,1,1,1,1,1,1,1,1,1,1,1,1,1,1,1,1,1,1,1,1,1,1,1,1,1,1,1,1,1,1,1,1,1,1,1,1,1,1,1,1,1,1,1,1,1,1,1,1,1,1,1,1,1,1,1,1,1,1,1,1,1,1,1,1,1,1,1,1,1,1,1,1,1,1,1,1,1,1,1,1,1,1,1,1,1,1,1,1,1,1,1,1,1,1,1,1,1,1,1,1,1,1,1,1,1,1,1,1,1,1,1,1,1,1,1,1,1,1,1,1,1,1,1,1,1,1,1,1,1,1,1,1,1,1,1,1,1,1,1,1,1,1,1,1,1,1,1,1,1,1,1,1,1,1,1,1,1,1,1,1,1,1,1,1,1,1,1,1,1,1,1,1,1,1,1,1,1,1,1,1,1,1,1,1,1,1,1,1,1,1,1,1,1,1,1,1,1,1,1,1,1,1,1,1,1,1,1,1,1,1,1,1,1,1,1,1,1,1,1,1,1,1,1,1,1,1,1,1,1,1,1,1
146.0311396825397,146.44909886621315,64,73,1,1,1,1,1,1,1,1,1,1,1,1,1,1,1,1,1,1,1,1,1,1,1,1,1,1,1,1,1,1,1,1,1,1,1,1
146.00791972789116,146.17045941043085,36,94,1,1,1,1,1,1,1,1,1,1,1,1,1,1
145.60157052154196,146.0311396825397,64,72,1,1,1,1,1,1,1,1,1,1,1,1,1,1,1,1,1,1,1,1,1,1,1,1,1,1,1,1,1,1,1,1,1,1,1,1,1
145.28810113378685,145.60157052154196,64,72,1,1,1,1,1,1,1,1,1,1,1,1,1,1,1,1,1,1,1,1,1,1,1,1,1,1,1
145.18361133786848,145.45064081632654,48,58,1,1,1,1,1,1,1,1,1,1,1,1,1,1,1,1,1,1,1,1,1,1,1
145.13717142857143,146.00791972789116,36,93,1,1,1,1,1,1,1,1,1,1,1,1,1,1,1,1,1,1,1,1,1,1,1,1,1,1,1,1,1,1,1,1,1,1,1,1,1,1,1,1,1,1,1,1,1,1,1,1,1,1,1,1,1,1,1,1,1,1,1,1,1,1,1,1,1,1,1,1,1,1,1,1,1,1,1
145.00817777777777,145.13717142857143,36,70,1,1,1,1,1,1,1,1,1,1,1,1
144.85724807256236,145.00817777777777,36,76,1,1,1,1,1,1,1,1,1,1,1,1,1
144.82241814058955,145.18361133786848,48,46,1,1,1,1,1,1,1,1,1,1,1,0,0,1,1,1,1,0,0,0,0,1,1,1,1,1,1,1,1,1,1,1
144.79919818594104,144.9385179138322,64,57,1,1,1,1,1,1,1,1,1,1,1,1
144.6598784580499,144.79919818594104,64,30,1,1,1,1,1,1,1,-2,-2,1,1,1
144.6598784580499,144.82241814058955,48,41,1,1,1,1,1,1,1,1,1,1,1,1,1,1
144.64826848072562,144.85724807256236,36,46,1,1,1,1,1,1,1,1,1,1,1,1,1,1,1,1,1,1
144.39284897959183,144.60182857142857,40,38,-2,-2,-2,-2,-2,-2,-2,-2,-2,1,1,1,1,1,1,1,1,1
144.39284897959183,144.6598784580499,31,61,1,1,1,1,1,1,1,1,1,1,1,1,1,1,1,1,1,1,1,1,1,1,1
143.97488979591836,144.12581950113378,39,77,2,1,1,1,1,1,1,1,1,1,1,1,1
143.60337052154193,143.76591020408162,39,67,0,0,1,1,1,1,1,1,2,1,1,2,1,1
143.45244081632652,143.88200997732426,31,59,1,1,1,1,1,1,1,1,1,1,1,1,1,1,1,1,1,1,1,1,1,1,1,1,1,1,1,1,1,1,1,1,1,1,1,1,1
143.24346122448978,143.3943909297052,40,73,1,1,1,1,1,1,1,1,1,1,1,1,1
141.64000045351474,141.82576009070294,41,71,1,1,1,1,0,0,0,0,0,1,2,2,2,1,1,1
140.53576870748302,141.1175514739229,33,51,1,1,1,1,1,1,1,1,1,1,1,1,1,1,1,1,1,1,1,1,1,1,1,1,1,1,1,1,1,1,1,1,1,1,1,1,1,1,1,1,1,1,1,1,1,1,1,1,1,1,1
139.46765079365082,139.7230702947846,48,43,-2,-2,-2,-2,1,1,1,1,1,1,1,1,1,1,0,0,0,0,0,0,0,0
139.4096009070295,139.57214058956916,60,66,1,1,1,1,1,1,1,1,1,1,1,1,1,1
138.86264807256237,139.04840770975056,40,44,1,1,0,0,0,0,0,0,0,0,0,0,0,0,0,0
138.3518090702948,138.6884984126984,45,53,1,1,1,1,1,1,1,1,1,1,1,1,1,1,1,1,1,1,1,1,1,1,1,1,1,1,1,1,1
138.1892693877551,138.83942811791383,60,54,1,1,1,1,1,1,1,1,1,1,1,1,1,1,1,1,1,1,1,1,1,1,1,1,1,1,1,1,1,1,1,1,1,1,1,1,1,1,1,1,1,1,1,1,1,1,1,1,1,1,1,1,1,1,1,1
136.42326893424035,136.5741986394558,41,39,1,1,0,0,0,0,0,0,0,0,0,0,0
135.3087111111111,135.4712507936508,42,69,0,1,1,1,1,1,0,0,0,0,0,0,-1,-1
134.8778580498866,135.07522766439908,57,57,1,1,1,1,1,1,1,1,1,1,1,1,1,1,1,1,1
134.83141814058956,135.05200770975057,41,61,4,4,3,3,3,3,3,2,2,2,2,1,1,1,1,1,1,0,0
134.18125941043084,134.33218911564626,64,42,1,1,1,1,1,1,1,1,1,1,1,1,1
133.96066984126983,134.11159954648525,47,43,4,2,0,0,0,0,0,0,0,0,0,0,0
133.85618004535146,134.09998956916098,36,50,1,1,1,1,1,1,1,1,1,1,1,1,1,1,1,1,1,1,1,1,1
133.42661088435372,133.76330022675737,64,48,1,1,1,1,1,1,1,1,1,1,1,1,1,1,1,1,1,1,1,1,1,1,1,1,1,1,1,1,1
133.42661088435372,133.5891505668934,52,56,0,1,1,1,1,1,1,1,1,-2,-2,1,1,1
133.01897777777776,133.1828013605442,64,60,1,1,1,1,1,1,1,1,1,1,1,1,1,1,1
132.99575782312925,133.14797142857142,36,68,1,1,1,1,1,1,1,1,1,1,1,1,1,1
132.64745850340137,133.01897777777776,64,52,1,1,1,1,1,1,1,1,1,1,1,1,1,1,1,1,1,1,1,1,1,1,1,1,1,1,1,1,1,1,1,1
132.64745850340137,132.79838820861679,52,41,1,1,1,1,1,1,1,1,1,1,1,1,1
132.42686893424036,132.99575782312925,36,68,1,1,1,1,1,1,1,1,1,1,1,1,1,1,1,1,1,1,1,1,1,1,1,1,1,1,1,1,1,1,1,1,1,1,1,1,1,1,1,1,1,1,1,1,1,1,1,1,1
132.3804290249433,132.5661886621315,64,53,1,1,1,1,1,1,1,1,1,1,1,1,1,1,1,1
132.02051972789116,132.2294993197279,41,78,1,2,2,2,2,2,2,2,2,2,2,1,1,1,1,1,1,1
132.02051972789116,132.42686893424036,36,68,1,1,1,1,1,1,1,1,1,1,1,1,1,1,1,1,1,1,1,1,1,1,1,1,1,1,1,1,1,1,1,1,1,1,1
131.92763990929706,132.17144943310657,69,50,1,1,0,0,0,0,0,0,1,1,1,1,1,1,1,1,1,1,1,1,0
131.0207777777778,131.1613814058957,41,50,1,1,0,0,0,0,0,1,1,1,1,1,1
130.60281859410432,130.82340816326533,38,51,2,2,2,2,2,2,2,2,3,3,3,3,3,3,1,1,1,1,1
130.27773922902495,130.46349886621317,39,52,1,1,1,1,1,1,0,0,0,0,1,1,1,1,1,1
129.87139002267574,130.03392970521543,45,53,-2,-2,1,0,0,0,0,0,0,0,0,0,1,1
128.7555482993197,128.9180879818594,40,44,1,1,0,0,0,0,0,0,0,0,0,0,0,0
128.04733968253967,128.37241904761905,40,43,3,3,2,2,2,2,1,1,1,1,1,4,4,4,3,1,1,1,3,3,0,0,0,0,0,0,1,1
127.71065034013606,127.86158004535147,60,48,1,1,1,1,1,1,1,0,0,0,0,1,1
127.71065034013606,127.8499700680272,40,65,1,1,1,1,1,1,1,1,1,1,1,1
126.80378820861678,126.97793786848074,40,72,1,1,1,1,1,1,1,1,1,1,1,1,1,1,2
126.07235963718821,126.24650929705216,40,70,1,1,1,1,1,0,1,1,1,1,1,1,1,1,1
125.80533015873016,125.96786984126985,41,54,1,1,-1,-1,-1,0,1,1,1,1,1,4,4,1
125.65440045351474,125.7937201814059,60,26,2,1,1,1,-1,-1,-1,0,0,0,1,1
125.65440045351474,125.80533015873016,41,47,2,1,1,1,1,1,1,-1,-1,-1,-1,1,1
125.4802507936508,125.65440045351474,41,35,1,1,1,1,1,1,1,1,1,0,0,0,1,1,1
124.15542947845805,124.29474920634921,39,76,2,1,1,1,1,1,1,2,2,2,2,1
122.93509795918368,124.29474920634921,29,55,1,1,1,1,1,1,1,1,1,1,1,1,1,1,1,0,0,0,0,0,1,1,1,1,1,1,1,1,1,1,1,1,1,1,1,1,1,1,1,1,1,1,1,1,1,1,1,1,1,1,1,1,1,1,1,1,1,1,1,1,1,1,1,1,1,1,1,1,1,1,1,1,1,1,1,1,1,1,1,1,1,1,1,1,1,1,1,1,1,1,1,1,1,1,1,2,2,2,2,2,2,1,1,1,1,1,1,1,1,1,1,1,1,1,1,1,1,1
122.27332925170067,122.71450839002267,57,46,1,1,1,1,1,1,1,1,1,1,1,1,1,1,1,1,1,1,1,1,1,1,1,1,1,1,1,1,1,1,1,1,1,1,1,1,1,1
122.27332925170067,122.4242589569161,46,50,0,0,0,0,0,0,0,0,0,0,0,-2,-2
121.7973201814059,121.93663990929706,36,25,0,0,1,1,1,1,1,1,1,1,1,1
120.93689795918367,121.08782766439909,67,42,1,1,1,1,1,1,1,1,1,1,1,1,1
120.333179138322,120.50732879818594,40,64,1,0,0,0,0,0,0,0,0,0,1,1,1,1,1
119.7642902494331,119.93843990929705,43,51,0,0,1,1,1,0,0,0,1,1,1,0,0,0,0
119.03157777777778,119.20701133786848,42,74,1,1,1,1,1,1,1,1,1,1,1,1,1,1,1,1
115.38476099773243,115.55891065759637,40,50,1,1,1,1,1,1,1,1,1,1,0,0,0,0,1
113.76969024943311,113.94383990929705,46,65,1,1,1,1,1,1,1,1,0,0,0,0,0,0,0
112.1778394557823,112.37520907029479,41,62,2,1,1,1,1,2,2,2,2,3,3,3,3,2,2,1,1
112.15461950113378,112.35198911564626,69,37,1,1,1,1,1,1,1,1,1,2,2,2,2,1,1,1,1
110.92267800453514,111.12004761904761,39,53,2,2,2,2,2,2,2,2,2,2,2,2,2,2,3,3,3
110.64403854875283,110.79496825396825,57,62,1,1,1,1,1,1,1,1,1,1,1,1,1
110.42344897959183,110.64403854875283,57,37,1,1,1,1,1,1,1,1,1,1,1,1,1,1,1,1,1,1,1
109.63397052154194,109.92421995464852,41,51,0,1,1,1,1,2,2,2,2,2,2,2,2,2,1,1,2,2,2,2,1,1,1,1,1
109.35533106575963,109.63397052154194,40,79,1,1,1,1,1,1,1,1,1,1,1,1,1,0,0,-1,0,0,0,1,1,1,1,1
108.8780380952381,109.17989750566895,40,48,2,2,2,1,1,1,1,2,2,2,2,1,1,1,1,1,1,2,2,2,1,1,1,1,1,1
108.30914920634922,108.54134875283448,64,62,1,1,1,1,1,1,1,1,1,1,1,1,1,1,1,1,1,1,1,1
107.94923990929706,108.14660952380953,40,58,2,2,2,2,2,1,1,1,1,1,0,0,1,1,1,1,1
107.65899047619048,107.9376299319728,41,70,0,0,0,0,0,0,0,0,0,0,0,0,0,0,0,0,0,0,0,0,0,0,0,0
107.18169750566894,107.34552108843538,42,73,1,1,1,1,1,1,1,1,1,1,1,1,1,1,1
106.69407845804989,106.85661814058957,45,45,-2,0,1,1,2,2,2,3,3,1,1,1,1,1
106.68246848072563,106.89144807256235,64,60,1,1,1,1,1,1,1,2,1,1,1,1,1,1,1,1,1,1
105.4982507936508,105.66079047619048,43,52,0,0,0,1,1,1,1,2,1,1,0,0,0,0
104.26630929705216,104.45206893424036,41,75,1,1,1,1,1,1,1,1,1,1,1,1,1,1,1,0
103.60454058956915,103.75547029478459,43,71,2,2,2,2,2,2,2,2,2,2,1,1,1
102.30293922902494,102.55835873015873,42,44,4,2,2,2,2,2,2,3,3,3,3,2,2,2,2,2,1,1,1,1,1,1
98.17882947845806,98.41102902494332,45,47,2,2,2,2,2,2,2,2,2,1,1,1,1,1,1,1,2,2,1,1
97.56350068027211,97.71443038548753,57,40,1,1,1,1,1,1,1,1,1,1,1,1,1
97.07459773242631,97.21391746031746,40,65,2,2,2,2,2,2,2,2,-1,-1,-1,-1
96.42443900226758,96.56375873015874,57,40,1,1,1,1,1,1,1,1,1,1,1,1
96.15740952380952,96.37799909297053,40,75,1,1,1,1,1,1,2,2,2,2,2,1,1,1,1,1,1,1,1
95.57691065759637,95.71623038548753,64,58,1,1,1,1,1,1,1,1,1,1,1,1
95.53047074829932,95.69301043083901,48,45,-2,1,1,1,1,1,1,1,1,1,1,1,1,1
95.43759092970522,95.57691065759637,64,32,2,-1,-1,0,1,1,1,1,0,0,1,1
95.23893741496599,95.3795410430839,39,52,-1,-1,-1,-1,-1,-1,-1,-1,-1,0,0,1,1
94.41462902494331,94.55394875283447,40,74,3,1,1,1,1,1,1,1,1,1,0,0
92.95048798185941,93.67159047619047,36,58,1,1,1,1,1,1,1,1,1,1,1,1,1,1,1,1,1,1,1,1,1,1,1,1,1,1,1,1,1,1,1,1,1,1,1,1,1,1,1,1,1,1,1,1,1,1,1,1,1,1,1,1,1,1,1,1,1,1,1,1,1,1,1
92.91565804988662,93.12463764172335,40,49,0,0,0,-1,-1,-1,0,0,0,0,0,0,0,0,0,0,0,0
92.60218866213151,92.88082811791382,36,55,1,1,1,1,1,1,1,1,1,1,1,1,1,1,1,1,1,1,1,1,1,1,1,1
92.40481904761904,92.60218866213151,36,49,1,1,1,1,1,1,1,1,1,1,1,1,1,1,1,1,1
92.36998911564625,92.62540861678004,51,40,1,0,0,0,0,0,0,0,0,0,-1,0,0,0,1,1,1,1,1,1,1,1
92.36998911564625,92.62540861678004,39,56,1,0,0,0,0,0,0,0,0,0,0,0,0,0,0,1,1,1,1,1,1,1
92.12617959183673,92.3235492063492,39,76,0,0,0,1,1,1,1,1,1,2,2,2,2,2,1,1,1
90.91745804988662,91.11482766439909,40,75,1,2,2,2,2,2,2,2,2,2,2,2,2,2,2,1,1
89.41977097505668,89.55909070294784,51,43,1,1,1,1,1,1,2,2,2,2,2,2
89.40816099773242,89.5707006802721,39,69,1,1,1,1,1,1,1,1,2,2,2,1,1,1
89.13984761904763,89.31399727891157,40,48,1,1,1,2,2,2,1,1,0,0,0,0,0,-1,-1
88.90764807256237,89.07018775510204,39,67,2,2,1,1,1,1,1,1,1,1,1,1,1,1
88.54773877551021,88.68705850340136,69,42,1,1,1,1,1,1,4,4,1,1,1,1
88.54773877551021,88.74510839002268,60,30,1,1,1,1,1,1,1,1,1,1,1,1,1,1,1,1,1
87.61894058956916,87.78148027210885,39,73,0,0,0,1,1,1,1,0,0,0,0,0,0,0
87.37384716553288,87.53767074829932,40,49,0,0,0,0,0,0,0,0,0,0,0,0,0,0,0
87.09520770975057,87.37384716553288,40,44,1,1,1,1,2,2,2,2,2,2,2,2,2,2,2,1,1,1,1,1,1,1,1,-1
86.94427800453515,87.09520770975057,39,65,0,1,1,1,1,1,2,2,2,2,1,1,1
86.80495827664399,87.06037777777777,51,43,2,2,1,1,1,1,1,1,1,1,1,-1,-1,1,1,1,1,2,2,2,2,2
86.79334829931973,87.03715782312925,67,37,1,1,1,1,1,1,1,1,0,0,0,0,0,0,0,0,1,1,1,1,1
86.38699909297053,86.60758866213152,40,62,1,1,1,1,1,1,0,0,0,0,0,0,0,0,0,0,0,1,1
85.62074058956917,85.87616009070295,60,58,1,1,1,1,1,1,1,1,1,1,1,1,1,1,1,1,1,1,1,1,1,1
85.6091306122449,85.77167029478458,45,44,1,1,1,1,1,1,1,1,1,1,1,1,1,1
84.21464943310657,84.82997823129251,57,53,1,1,1,1,1,1,1,1,1,1,1,1,1,1,1,1,1,1,1,1,1,1,1,1,1,1,1,1,1,1,1,1,1,1,1,1,1,1,1,1,1,1,1,1,1,1,1,1,1,1,1,1,1
83.52966077097506,84.21464943310657,57,54,1,1,1,1,1,1,1,1,1,1,1,1,1,1,1,1,1,1,1,1,1,1,1,1,1,1,1,1,1,1,1,1,1,1,1,1,1,1,1,1,1,1,1,1,1,1,1,1,1,1,1,1,1,1,1,1,1,1,1
83.34261723356009,83.64576054421768,36,66,1,1,1,1,1,1,1,1,1,1,1,1,1,1,1,1,1,1,1,1,1,1,1,1,1,1,1
83.15685759637188,83.52966077097506,57,62,1,1,1,1,1,1,1,1,1,1,1,1,1,1,1,1,1,1,1,1,1,1,1,1,1,1,1,1,1,1,1,1,1
82.93626802721089,85.31759727891156,29,93,1,1,1,1,1,1,1,1,1,1,1,1,1,1,1,1,1,1,1,1,1,1,1,1,1,1,1,1,1,1,1,1,1,1,1,1,1,1,1,1,1,1,1,1,1,1,1,1,1,1,1,1,1,1,1,1,1,1,1,1,1,1,1,1,1,1,1,1,1,1,1,1,1,1,1,1,1,1,1,1,1,1,1,1,1,1,1,1,1,1,1,1,1,1,1,1,1,1,1,1,1,1,1,1,1,1,1,1,1,1,1,1,1,1,1,1,1,1,1,1,1,1,1,1,1,1,1,1,1,1,1,1,1,1,1,1,1,1,1,1,1,1,1,1,1,1,1,1,1,1,1,1,1,1,1,1,1,1,1,1,1,1,1,1,1,1,1,1,1,1,1,1,1,1,1,1,1,1,1,1,1,1,1,1,1,1,1,1,1,1,1,1,1,1,1,1,1,1,1,1,1,1,1,1,1,1
82.75050839002267,83.15685759637188,57,70,1,1,1,1,1,1,1,1,1,1,1,1,1,1,1,1,1,1,1,1,1,1,1,1,1,1,1,1,1,1,1,1,1,1,1
82.50669886621314,82.75050839002267,57,67,1,1,1,1,1,1,1,1,1,1,1,1,1,1,1,1,1,1,1,1,1
82.34415918367347,82.48347891156462,67,42,1,1,1,1,1,1,1,1,1,1,1,1
82.34415918367347,82.50669886621314,57,48,1,1,1,1,1,1,1,1,1,1,1,1,1,1
82.32093922902494,82.95948798185941,41,42,1,1,1,1,1,1,1,1,1,1,1,1,1,1,1,1,1,1,1,1,1,1,1,1,1,1,1,1,1,1,1,1,1,1,1,1,1,1,1,1,1,1,1,1,1,1,1,1,1,1,1,1,1,1,1
82.28610929705215,82.93626802721089,29,91,1,1,1,1,1,1,1,1,1,1,1,1,1,1,1,1,1,1,1,1,1,1,1,1,1,1,1,1,1,1,1,1,1,1,1,1,1,1,1,1,1,1,1,1,1,1,1,1,1,1,1,1,1,1,1,1
81.50824081632652,83.04075782312924,36,74,1,1,1,1,1,1,1,1,1,1,1,1,1,1,1,1,1,1,1,1,1,1,1,1,1,1,1,1,1,1,1,1,1,1,1,1,1,1,1,1,1,1,1,1,1,1,1,1,1,1,1,1,1,1,1,1,1,1,1,1,1,1,1,1,1,1,1,1,1,1,1,1,1,1,1,1,1,1,1,1,1,1,1,1,1,1,1,1,1,1,1,1,1,1,1,1,1,1,1,1,1,1,1,1,1,1,1,1,1,1,1,1,1,1,1,1,1,1,1,0,0,0,0,0,1,1,1,1,1,1,1,1
81.485020861678,81.78688027210885,72,57,1,1,1,1,1,1,1,1,1,1,1,1,1,1,1,1,1,1,1,1,1,1,1,1,1,1
81.22831746031747,81.50824081632652,36,90,1,1,1,1,1,1,1,1,1,1,1,1,1,1,1,1,1,1,1,1,1,1,1,1,1
80.148589569161,80.29951927437642,38,43,4,3,1,1,1,0,0,0,0,0,0,0,0
79.20689750566893,79.46231700680272,64,36,1,1,1,1,1,1,1,1,1,1,1,1,1,1,1,1,1,1,1,1,1,1
79.05596780045352,80.148589569161,36,49,1,1,1,1,1,1,1,1,1,1,1,1,1,1,1,1,1,1,1,1,1,1,1,1,1,1,1,1,1,1,1,1,1,1,1,1,1,1,1,1,1,1,1,1,1,1,1,1,1,1,1,1,1,1,1,1,1,1,1,1,1,1,1,1,1,1,1,1,1,1,1,1,1,1,1,1,1,1,1,1,1,1,1,1,1,1,1,1,1,1,1,1,1,1,1
78.53351882086169,78.91664807256237,40,76,1,1,1,1,1,1,1,1,1,1,1,1,1,1,1,1,1,1,1,1,1,1,0,1,1,1,1,1,1,1,1,1,1
78.52190884353742,78.67283854875284,52,38,1,1,1,1,1,1,1,1,1,1,1,1,1
77.88336009070295,78.0575097505669,55,54,1,1,1,1,1,1,1,1,1,1,1,1,1,1,1
77.68599047619048,77.8717501133787,40,65,1,1,1,1,1,1,1,1,1,1,1,1,0,0,0,0
76.52370884353742,76.75590839002268,41,42,1,1,1,1,2,2,2,3,3,3,3,3,3,3,3,3,3,3,2,2
75.83872018140589,76.00125986394558,55,36,1,1,1,1,1,1,1,1,1,1,1,1,1,1
75.73423038548754,75.9316,40,39,1,1,1,1,1,1,1,1,1,1,1,1,1,-1,0,0,0
74.58355873015873,74.80414829931972,60,34,1,1,1,-1,-1,-2,0,0,-2,1,1,1,1,1,1,1,1,1,1
73.97983990929706,74.16559954648525,40,81,2,2,1,1,1,1,1,1,1,1,1,1,1,0,0,0
73.8056902494331,73.96822993197279,41,64,1,0,0,0,0,0,0,0,0,-1,-1,-1,-1,-1
73.35161723356009,73.51544081632653,40,57,1,1,1,1,2,2,2,2,2,1,1,1,1,0,0
72.91043809523809,73.0961977324263,45,60,3,3,3,2,2,2,2,2,1,1,1,1,0,0,0,-1
72.55052879818594,72.70145850340135,50,51,0,0,0,0,0,0,0,0,0,0,0,0,0
71.70300045351473,71.8423201814059,38,62,3,3,3,1,1,1,1,1,2,2,2,2
70.71486848072563,70.88901814058957,38,44,3,3,3,2,2,2,1,0,0,0,1,1,1,1,1
70.12275963718821,70.54071882086168,57,49,1,1,1,1,1,1,1,0,1,1,1,1,1,1,1,1,1,1,1,1,1,1,1,1,1,1,1,1,1,1,1,1,1,1,1,1
69.72802040816327,70.05309977324264,57,46,1,1,1,1,1,1,1,1,1,1,1,1,1,1,1,1,1,1,1,1,1,1,1,1,1,1,1,1
68.67022857142858,68.80954829931973,46,70,-1,-1,2,2,2,2,1,1,1,1,1,1
68.63539863945579,68.821158276644,64,42,1,1,1,1,1,1,1,1,1,1,1,1,1,1,1,1
67.34540725623583,67.53116689342404,40,79,1,1,1,1,1,1,1,1,1,1,1,1,1,1,-1,-1
67.26413741496599,67.43828707482993,52,41,1,1,1,1,1,1,1,1,1,1,1,1,1,1,1
66.86939818594104,67.0087179138322,39,64,1,1,1,1,1,1,1,1,1,1,1,1
66.73007845804989,66.86939818594104,39,43,2,2,2,1,1,1,1,1,1,1,1,1
66.57914875283447,66.73007845804989,39,35,4,4,3,2,2,1,1,1,2,2,2,2,2
66.39338911564626,68.63539863945579,36,53,1,1,1,1,1,1,1,1,1,1,1,1,1,1,1,1,1,1,1,1,1,1,1,1,1,1,1,1,1,1,1,1,1,1,1,1,1,1,1,1,1,1,1,1,1,1,1,1,1,1,1,1,1,1,1,1,1,1,1,1,1,1,1,1,1,1,1,1,1,1,1,1,1,1,1,1,1,1,1,1,1,1,1,1,1,1,1,1,1,1,1,1,1,1,1,1,1,1,1,1,1,1,1,0,1,1,1,1,1,1,1,1,1,1,1,1,1,1,1,1,1,1,1,1,1,1,1,1,1,1,1,1,1,1,1,1,1,1,1,1,1,1,1,1,1,1,1,1,1,1,1,1,1,1,1,1,1,1,1,1,1,1,1,1,1,1,1,1,1,1,1,1,1,1,1,1,1,1,1,1,1,1,1,1,1,1,1,1,1,1,1,1,1,1
65.3239873015873,65.47491700680271,39,71,2,2,2,2,2,2,2,1,1,1,1,1,3
65.18466757369615,65.3239873015873,40,56,1,1,0,0,0,0,0,0,0,0,0,0
64.7899283446712,65.76645034013606,31,49,1,1,1,1,1,1,1,1,1,1,1,1,1,1,1,1,1,1,1,1,1,1,1,1,1,1,1,1,1,1,1,1,1,1,1,1,1,1,1,1,1,1,1,1,1,1,1,1,1,1,1,1,1,1,1,1,1,1,1,1,1,1,1,1,1,1,1,1,1,1,1,1,1,1,1,1,1,1,1,1,1,1,1,1,1
64.1281596371882,64.33713922902494,55,36,1,1,1,1,1,1,1,1,1,1,1,1,1,1,1,1,1,1
64.1281596371882,64.32552925170067,38,48,2,2,2,2,2,2,2,2,2,2,2,1,2,2,2,2,2
64.10493968253968,64.7899283446712,31,77,1,1,1,1,1,1,1,1,1,1,1,1,1,1,1,1,1,1,1,1,1,1,1,1,1,1,1,1,1,1,1,1,1,1,1,1,1,1,1,1,1,1,1,1,1,1,1,1,1,1,1,1,1,1,1,1,1,1,1
63.04714784580499,63.2329074829932,40,49,1,2,2,3,1,1,1,1,1,1,1,1,1,0,0,1
62.75689841269841,62.89621814058957,55,50,1,1,1,1,1,1,1,1,1,1,1,1
62.6988485260771,62.89621814058957,40,45,1,1,1,1,0,0,0,0,-1,-1,1,1,1,1,1,1,1
61.93259002267574,62.071909750566896,67,40,2,2,2,2,2,2,2,1,0,3,1,1
61.88615011337868,62.08351972789116,40,54,3,2,2,2,1,0,0,0,0,0,0,0,0,0,0,0,0
61.09538775510204,61.36241723356009,42,52,3,2,1,1,1,1,1,-2,-2,-2,-2,2,2,2,2,1,1,1,1,1,1,1,1
60.8864081632653,61.19987755102041,60,45,1,1,1,1,1,1,1,1,1,1,1,1,1,1,1,1,1,1,1,1,1,1,1,1,1,1,1
60.7935283446712,61.09538775510204,43,45,3,2,2,2,1,1,1,1,1,1,1,1,1,1,1,1,1,1,1,1,2,2,2,1,1,1
59.92278004535147,60.07370975056689,52,86,2,2,2,2,1,1,1,1,1,1,1,1,1
59.713800453514736,59.92278004535147,53,37,-1,0,0,0,-1,-2,-2,-2,-2,-2,-2,-2,-2,0,0,0,0,-1
57.65755056689343,57.83170022675737,43,59,1,1,1,1,2,2,2,2,1,1,1,1,1,1,1
55.62323673469388,55.775450340136054,39,81,2,2,2,2,2,2,2,2,2,2,2,1,1,1
55.22849750566894,55.367817233560096,41,53,0,1,0,0,0,0,0,0,0,1,1,1
53.63664671201814,53.765640362811794,41,65,0,1,1,1,1,1,1,1,1,1,1,1
53.29995736961451,53.439277097505666,52,38,1,2,2,2,2,1,1,1,1,1,1,1
53.28834739229025,53.47410702947846,40,56,2,2,2,2,2,3,3,1,1,1,1,1,1,1,1,1
52.59174875283447,52.731068480725625,39,71,1,1,1,1,1,1,1,1,1,1,1,1
51.87193015873016,52.02285986394558,39,64,0,0,0,0,0,0,0,0,1,1,1,1,1
51.54556689342403,51.68617052154195,41,50,0,0,0,0,0,-1,-1,-1,-1,0,0,0,0
50.477448979591834,50.709648526077096,67,34,1,1,1,1,1,1,1,1,1,1,1,1,1,-1,-1,1,1,1,1,1
49.0249179138322,49.187457596371885,62,46,0,1,1,1,1,1,1,1,1,1,1,1,1,1
48.81593832199547,49.10618775510204,38,74,2,1,1,1,1,1,1,1,1,1,1,1,1,1,1,1,1,1,1,1,1,1,1,1,1
48.66500861678005,48.81593832199547,39,62,0,0,0,0,-1,-1,-1,-1,-1,-1,1,1,1
48.32831927437642,48.50246893424036,38,69,1,1,1,1,1,1,1,1,1,1,1,1,1,1,1
48.038069841269845,48.32831927437642,60,51,1,1,1,1,1,1,1,1,1,1,1,1,1,1,1,1,1,1,1,1,1,1,1,1,1
47.79426031746032,48.00323990929705,39,42,0,0,0,0,0,0,0,0,0,0,0,0,0,0,0,0,0,0
47.44467709750567,47.595606802721086,39,46,1,1,3,3,1,1,1,1,1,1,1,1,1
47.17764761904762,47.363407256235824,39,55,2,2,2,2,2,2,2,2,2,2,1,1,1,1,1,1
46.85256825396825,47.01510793650793,60,31,1,1,1,1,1,1,1,1,1,1,1,1,1,1
46.56231882086168,46.8061283446712,60,66,1,1,1,1,1,1,1,1,1,1,1,1,1,1,1,1,1,1,1,1,1
46.53909886621315,46.69002857142857,57,54,1,1,1,1,1,1,1,1,1,1,1,1,1
46.42299909297052,46.56231882086168,60,59,1,1,1,1,1,1,1,1,1,1,1,1
45.59740680272109,45.77284036281179,38,49,2,2,2,2,1,1,1,1,1,1,1,1,1,1,1,1
44.66860861678005,44.807928344671204,67,36,0,0,0,0,0,0,1,1,1,1,1,1
44.656998639455786,44.88919818594105,39,82,1,1,1,1,1,1,1,1,2,2,2,2,1,1,1,1,1,1,1,0
44.36674920634921,44.59894875283447,57,53,1,1,1,1,1,1,1,1,1,1,1,1,1,1,1,1,1,1,1,1
42.79811836734694,42.97226802721088,42,55,3,3,2,2,2,2,2,2,2,1,1,1,1,1,1
42.48464897959184,42.65879863945578,64,61,1,1,1,1,1,1,1,1,1,1,1,1,1,1,1
41.98541995464853,42.136349659863946,76,36,-1,2,2,2,2,2,1,1,1,1,1,1,1
41.02050793650794,41.159827664399096,67,40,1,2,2,2,2,2,1,1,1,1,1,1
41.00889795918368,41.14821768707483,39,48,1,1,1,2,2,2,2,2,2,2,2,1
40.64898866213152,40.78830839002268,41,68,1,1,1,1,1,1,1,1,1,1,1,1
39.59119682539683,39.743410430839006,41,56,0,2,2,2,2,2,2,2,2,2,2,3,3,3
39.27772743764172,39.41704716553288,46,63,0,1,1,1,1,1,1,1,1,1,1,1
37.51172698412698,37.69748662131519,43,73,1,1,1,1,1,1,1,1,1,1,2,1,1,1,1,0
36.87317823129251,37.01249795918367,51,55,-2,-1,1,1,1,3,3,3,3,1,1,1
36.722248526077095,36.87317823129251,50,47,1,1,1,1,1,1,1,1,1,1,1,1,1
36.42038911564626,36.559708843537415,60,58,1,1,1,1,1,1,1,1,1,1,1,1
36.281069387755096,36.75707845804988,43,58,1,1,1,1,1,1,1,1,1,1,1,1,1,1,1,1,1,1,1,1,1,1,1,1,1,1,1,1,1,1,1,1,1,1,1,1,1,1,1,1,1
35.97920997732426,36.42038911564626,60,69,1,1,1,1,1,1,1,1,1,1,1,1,1,1,1,1,1,1,1,1,1,1,1,1,1,1,1,1,1,1,1,1,1,1,1,1,1,1
35.75733650793651,36.25784943310657,72,49,1,1,1,1,1,1,1,1,1,1,1,1,1,1,1,1,1,1,1,1,1,1,1,1,1,1,1,1,1,1,1,1,1,1,1,1,1,1,1,1,1,1,1,1
35.75733650793651,35.97920997732426,60,85,1,1,1,1,1,1,1,1,1,1,1,1,1,1,1,1,1,1,1,1
35.629626757369614,36.08369977324263,67,54,1,1,1,1,1,1,1,1,1,1,1,1,1,1,1,1,1,1,1,1,1,1,1,1,1,1,1,1,1,1,1,1,1,1,1,1,1,1,1,1
35.50191700680272,35.75733650793651,60,86,1,1,1,1,1,1,1,1,1,1,1,1,1,1,1,1,1,1,1,1,1,1
35.467087074829934,35.75733650793651,72,58,1,1,1,1,1,1,1,1,1,1,1,1,1,1,1,1,1,1,1,1,1,1,1,1,1
35.3509873015873,35.50191700680272,60,83,1,1,1,1,1,1,1,1,1,1,1,1,1
35.32776734693878,35.536746938775515,69,39,-5,1,1,1,1,1,1,-5,-5,-5,-5,-5,1,1,1,1,1,1
35.258107482993196,35.467087074829934,72,62,1,1,1,1,1,1,1,1,1,1,1,1,1,1,1,1,1,1
35.15361768707483,36.23462947845805,45,55,1,1,1,1,1,1,1,1,1,1,1,1,1,1,1,1,1,1,1,1,1,1,1,1,1,1,1,1,1,1,1,1,1,1,1,1,1,1,1,1,1,1,1,1,1,1,1,1,1,1,1,1,1,1,1,1,1,1,1,1,1,1,1,1,1,1,1,1,1,2,2,2,2,1,1,1,1,1,1,1,1,1,1,1,1,1,1,1,1,1,1,1,1,1
35.00268798185941,35.258107482993196,72,63,1,1,1,1,1,1,1,1,1,1,1,1,1,1,1,1,1,1,1,1,1,1
34.73565850340136,35.15361768707483,45,68,1,1,1,1,1,1,1,1,1,1,1,1,1,1,1,1,1,1,1,1,1,1,1,1,1,1,1,1,1,1,1,1,1,1,1,1
34.654388662131524,34.84014829931973,67,52,1,1,1,1,1,1,1,1,1,1,1,1,1,1,1,1
34.654388662131524,35.3509873015873,60,78,1,1,1,1,1,1,1,1,1,1,1,1,1,1,1,1,1,1,1,1,1,1,1,1,1,1,1,1,1,1,1,1,1,1,1,1,1,1,1,1,1,1,1,1,1,1,1,1,1,1,1,1,1,1,1,1,1,1,1,1
34.480239002267574,34.654388662131524,67,56,1,1,1,1,1,1,1,1,1,1,1,1,1,1,1
34.375749206349205,35.00268798185941,72,71,1,1,1,1,1,1,1,1,1,1,1,1,1,1,1,1,1,1,1,1,1,1,1,1,1,1,1,1,1,1,1,1,1,1,1,1,1,1,1,1,1,1,1,1,1,1,1,1,1,1,1,1,1,1
34.23642947845805,34.654388662131524,60,77,1,1,1,1,1,1,1,1,1,1,1,1,1,1,1,1,1,1,1,1,1,1,1,1,1,1,1,1,1,1,1,1,1,1,1,1
34.22481950113379,34.375749206349205,72,50,1,1,1,1,1,1,1,1,1,1,1,1,1
34.213209523809525,34.42218911564626,69,43,-5,1,1,1,1,1,1,1,1,1,-5,1,1,1,1,1,1,1
34.06227981859411,34.23642947845805,60,82,1,1,1,1,1,1,1,1,1,1,1,1,1,1,1
33.9694,34.22481950113379,72,65,1,1,1,1,1,1,1,1,1,1,1,1,1,1,1,1,1,1,1,1,1,1
33.830080272108844,34.06227981859411,60,72,1,1,1,1,1,1,1,1,1,1,1,1,1,1,1,1,1,1,1,1
33.68947664399093,33.830080272108844,60,69,1,1,1,1,1,1,1,1,1,1,1,1,1
33.67786666666667,34.480239002267574,67,47,1,1,1,1,1,1,1,1,1,1,1,1,1,1,1,1,1,1,1,1,1,1,1,1,1,1,1,1,1,1,1,1,1,1,1,1,1,1,1,1,1,1,1,1,1,1,1,1,1,1,1,1,1,1,1,1,1,1,1,1,1,1,1,1,1,1,1,1,1,1
33.52693696145125,33.9694,72,69,1,1,1,1,1,1,1,1,1,1,1,1,1,1,1,1,1,1,1,1,1,1,1,1,1,1,1,1,1,1,1,1,1,1,1,1,1,1,1
33.51532698412698,34.06227981859411,69,47,1,1,1,1,1,1,1,1,1,1,1,1,1,1,1,1,1,1,1,1,1,1,1,1,1,-5,-5,1,-5,1,1,1,1,1,1,1,1,1,1,1,1,1,1,1,1,1,1,1
33.445667120181405,33.68947664399093,60,76,1,1,1,1,1,1,1,1,1,1,1,1,1,1,1,1,1,1,1,1,1
33.0393179138322,33.445667120181405,60,80,1,1,1,1,1,1,1,1,1,1,1,1,1,1,1,1,1,1,1,1,1,1,1,1,1,1,1,1,1,1,1,1,1,1,1
33.016097959183675,33.341177324263036,69,62,1,1,1,1,1,1,1,1,1,1,1,1,1,1,1,1,1,1,1,1,1,1,1,1,1,1,1,1
33.004487981859405,33.52693696145125,72,54,1,1,1,1,1,1,1,1,1,1,1,1,1,1,1,1,1,1,1,1,1,1,1,1,1,1,1,1,1,1,1,1,1,1,1,1,1,1,1,1,1,1,1,1,1
33.004487981859405,34.34091927437642,45,68,1,1,1,1,1,1,1,1,1,1,1,1,1,1,1,1,1,1,1,1,1,1,1,1,1,1,1,1,1,1,1,1,1,1,1,1,1,1,1,1,1,1,1,1,1,1,1,1,1,1,1,1,1,1,1,1,1,1,1,1,1,1,1,1,1,1,1,1,1,1,1,1,1,1,1,1,1,1,1,1,1,1,1,1,1,1,1,1,1,1,1,1,1,1,1,1,1,1,0,1,1,1,1,1,1,1,1,1,1,1,1,1,1,1,1,1
32.80711836734694,33.02770793650794,74,51,1,1,1,1,1,1,1,1,1,1,1,1,1,1,1,1,1,1,1
32.574918820861676,33.016097959183675,69,73,1,1,1,1,1,1,1,1,1,1,1,1,1,1,1,1,1,1,1,1,1,1,1,1,1,1,1,1,1,1,1,1,1,1,1,1,1,1
32.342719274376414,32.528478911564626,76,56,-5,1,1,1,1,1,1,1,1,1,1,1,1,1,1,1
32.22661950113378,32.55169886621315,74,66,1,1,1,1,1,1,1,1,1,1,1,1,1,1,1,1,1,1,1,1,1,1,1,1,1,1,1,1
32.12212970521542,32.574918820861676,69,87,1,1,1,1,1,1,1,1,1,1,1,1,1,1,1,1,1,1,1,1,1,1,1,1,1,1,1,1,1,1,1,1,1,1,1,1,1,1,1
31.90154013605442,32.12212970521542,69,74,1,1,1,1,1,1,1,1,1,1,1,1,1,1,1,1,1,1,1
31.88993015873016,32.342719274376414,76,61,1,1,1,1,1,1,1,1,1,1,1,1,1,1,1,1,1,1,1,1,1,1,1,1,1,1,1,1,1,1,1,-5,-5,-5,-5,-5,-5,-5,-5
31.679666666666666,31.878320181405897,74,58,1,1,1,1,1,1,1,1,1,1,1,1,1,1,1,1,1,1
31.679666666666666,31.90154013605442,69,83,1,1,1,1,1,1,1,1,1,1,1,1,1,1,1,1,1,1,1,1
31.679666666666666,32.075689795918365,62,52,1,1,1,1,1,1,1,1,1,1,1,1,1,1,1,1,1,1,1,1,1,1,1,1,1,1,1,1,1,1,1,1,1,1,1
31.34297732426304,31.679666666666666,74,64,1,1,1,1,1,1,1,1,1,1,1,1,1,1,1,1,1,1,1,1,1,1,1,1,1,1,1,1,1
31.331367346938773,31.679666666666666,62,51,1,1,1,1,1,1,1,1,1,1,1,1,1,1,1,1,1,1,1,1,1,1,1,1,1,1,1,1,1,1
31.23848752834467,31.38941723356009,45,56,1,1,1,1,1,1,1,1,1,1,1,1,1
31.226877551020408,31.679666666666666,69,79,1,1,1,1,1,1,1,1,1,1,1,1,1,1,1,1,1,1,1,1,1,1,1,1,1,1,1,1,1,1,1,1,1,1,1,1,1,1,1
31.029507936507937,31.30814739229025,43,55,1,1,1,1,1,1,1,1,1,1,1,1,1,1,1,1,1,1,1,1,1,1,1,1
30.994678004535146,31.331367346938773,62,42,1,1,1,1,1,1,1,1,1,1,1,1,1,1,1,1,1,1,1,1,1,1,1,1,0,0,1,1,1
30.994678004535146,31.145607709750564,57,67,1,1,1,1,1,1,1,1,1,1,1,1,1
30.785698412698412,30.994678004535146,57,66,1,1,1,1,1,1,1,1,1,1,1,1,1,1,1,1,1,1
30.77408843537415,31.226877551020408,69,54,1,1,1,1,1,1,1,1,1,1,1,1,1,1,1,1,1,1,1,1,1,1,1,1,1,1,1,1,1,1,1,1,1,1,1,1,1,1,1
30.762478458049884,30.994678004535146,45,51,1,1,1,1,1,1,1,1,1,1,1,0,0,0,0,0,1,1,0,1
30.55349886621315,30.785698412698412,57,70,1,1,1,1,1,1,1,1,1,1,1,1,1,1,1,1,1,1,1,1
30.44900907029478,30.599938775510203,43,76,1,1,1,1,1,1,1,1,1,1,0,0,-1
30.425789115646257,30.843748299319728,33,45,1,1,1,1,1,1,1,1,1,1,1,1,1,1,1,1,2,2,2,1,1,1,1,1,1,1,1,1,1,1,1,1,1,1,1,1
30.309689342403626,30.55349886621315,57,54,1,1,1,1,1,1,1,1,1,1,1,1,1,1,1,0,0,0,1,1,1
30.158759637188208,30.43739909297052,69,54,1,1,1,1,1,1,1,1,1,1,1,1,1,1,1,1,1,1,1,1,1,1,1,1
30.112319727891155,30.425789115646257,33,42,1,1,1,1,1,1,1,1,1,1,1,1,1,1,1,1,1,1,1,1,1,1,1,1,1,1,1
30.042659863945577,30.240029478458048,38,42,1,1,1,1,1,1,1,3,3,3,3,3,3,3,3,3,3
29.949780045351474,30.112319727891155,33,48,1,1,1,1,1,1,1,1,1,1,1,1,1,1
29.86851020408163,30.17036961451247,74,49,1,1,1,1,1,1,1,1,1,1,1,1,1,1,1,1,1,1,1,1,1,1,1,1,1,1
29.856900226757368,30.042659863945577,64,47,1,1,1,1,-5,-5,-5,1,1,1,1,1,1,1,1,1
29.856900226757368,30.17036961451247,62,47,1,1,1,1,1,1,1,1,1,1,1,1,1,1,1,1,1,1,1,1,1,1,1,1,1,1,1
29.856900226757368,30.0658798185941,57,61,1,1,1,1,1,1,1,1,1,1,1,1,1,1,1,1,1,1
29.716296598639456,29.856900226757368,64,57,1,1,1,1,1,1,1,1,1,1,1,1,1
29.62341678004535,29.810460317460315,69,53,1,1,1,1,1,1,1,1,1,1,1,1,1,1,1,1,1
29.530536961451247,29.716296598639456,64,52,1,1,1,1,1,1,1,1,1,1,1,1,1,1,1,1
29.066137868480727,29.27511746031746,41,38,1,1,1,1,0,0,0,0,0,2,2,2,1,1,1,1,1,1
28.85715827664399,29.00808798185941,44,38,-2,1,1,1,1,0,1,0,0,0,0,0,0
28.09089977324263,28.253439455782313,64,27,1,1,1,1,1,1,1,1,1,1,1,1,1,1
28.079289795918367,28.230219501133785,40,64,4,4,1,1,1,1,1,1,1,1,1,-1,1
27.752926530612246,27.881920181405896,69,52,1,1,1,1,1,1,1,1,1,1,1,1
27.68326666666667,27.812260317460318,42,53,1,1,1,2,2,2,2,2,2,0,0,1
27.137597732426304,27.27691746031746,69,57,1,1,1,1,1,1,1,1,1,1,1,1
26.951838095238095,27.137597732426304,69,45,1,1,1,1,1,1,1,1,1,1,1,1,1,1,1,1
26.74285850340136,26.99827800453515,38,42,3,3,2,1,1,1,1,1,1,1,1,1,1,1,1,1,1,1,1,1,1,1
25.31354739229025,25.452867120181406,69,53,1,1,1,1,1,1,1,1,1,1,1,1
25.31354739229025,25.69667664399093,40,47,2,2,2,2,2,2,2,2,2,1,1,1,1,1,1,3,3,3,3,3,3,3,3,3,3,2,2,1,1,1,1,1,1
25.11617777777778,25.31354739229025,69,40,1,1,1,1,1,1,0,-1,0,0,0,0,0,0,1,1,1
24.860758276643992,25.11617777777778,69,54,0,1,1,1,1,1,1,1,1,1,1,1,1,1,1,1,1,1,1,1,1,1
24.558898866213152,24.709828571428574,44,73,2,2,1,1,1,1,1,1,1,1,1,1,1
23.9784,24.117719727891156,50,50,1,1,1,1,1,1,1,1,-1,-1,-1,-1
23.385007256235827,23.570766893424036,69,38,1,1,1,1,1,1,1,1,1,1,1,0,0,0,0,1
23.338567346938778,23.501107029478458,42,57,2,2,2,2,2,1,1,0,1,1,1,1,1,-1
22.804508390022676,22.955438095238097,81,47,1,1,1,1,1,1,1,1,1,1,1,1,1
22.711628571428573,22.897388208616782,69,49,1,1,1,2,3,3,3,1,1,1,1,1,1,1,1,1
22.36332925170068,22.54908888888889,69,46,0,0,0,0,0,1,1,1,1,1,1,1,1,1,1,1
21.910540136054422,22.200789569161,43,82,1,1,1,1,1,1,1,0,0,0,0,0,1,1,1,0,0,0,0,0,1,1,1,1,-1
21.68866666666667,21.875710204081635,69,61,1,1,1,1,1,1,1,1,1,1,1,1,1,1,1,1,1
21.537736961451248,21.68866666666667,69,52,1,1,1,1,1,1,1,1,1,1,1,1,1
21.46807709750567,21.630616780045354,41,46,3,3,3,3,3,3,2,2,2,2,2,2,2,2
21.224267573696146,21.398417233560092,62,45,1,1,1,1,1,1,1,1,1,1,1,1,1,1,1
20.7366485260771,20.945628117913834,48,35,-2,2,2,2,2,3,4,4,4,4,3,1,1,1,1,1,1,1
20.31868934240363,20.492839002267576,69,42,1,1,1,1,1,1,1,1,1,1,1,1,1,1,1
19.52792698412698,19.725296598639453,69,48,1,1,1,1,1,1,1,1,1,1,1,1,1,1,1,1,1
19.21445759637188,19.388607256235826,39,76,1,1,1,1,1,1,1,1,1,1,1,1,1,1,2
19.0519179138322,19.21445759637188,39,66,2,2,2,2,2,2,2,1,1,1,1,1,1,1
18.993868027210883,19.1447977324263,31,40,1,1,1,1,1,1,1,1,1,1,1,1,1
18.622348752834466,18.8313283446712,39,56,3,3,3,3,2,2,2,2,2,2,2,2,2,1,1,1,1,0
18.355319274376416,18.622348752834466,40,57,3,3,2,2,1,1,1,1,1,1,1,1,1,1,1,1,1,1,1,1,1,0,0
17.843196371882087,18.06506984126984,40,55,1,1,1,1,1,1,2,2,2,2,1,1,0,0,1,1,1,1,0,1
17.657436734693878,17.843196371882087,40,61,2,1,1,1,1,1,1,1,1,1,1,1,1,1,1,1
17.55294693877551,17.727096598639456,52,41,1,1,1,1,2,2,2,2,2,1,1,1,1,1,1
17.16981768707483,17.413627210884354,69,39,1,1,1,1,0,0,0,0,0,0,0,0,-2,1,1,1,1,1,1,1,1
17.16981768707483,17.309137414965985,41,69,2,2,1,1,1,1,1,1,0,0,0,0
16.926008163265305,17.16981768707483,41,43,0,0,0,0,0,0,0,0,0,0,0,0,0,1,1,1,1,1,1,1,2
15.601186848072562,15.798556462585033,40,39,-1,-1,-1,-1,-1,-1,-1,-1,-1,-1,-1,0,0,1,1,1,1
15.10195782312925,15.392207256235828,40,45,0,0,0,1,1,1,1,1,1,0,0,0,0,0,-1,-1,-1,-1,-1,0,0,0,0,0,0
14.951028117913832,15.10195782312925,40,42,0,0,0,1,1,1,1,1,1,1,1,0,0
14.625948752834466,14.927808163265306,57,53,1,1,1,1,1,1,1,1,1,1,1,1,1,1,1,1,1,1,1,1,1,1,1,1,1,1
14.428579138321995,14.625948752834466,57,68,1,1,1,1,1,1,1,1,1,1,1,1,1,1,1,1,1
14.312479365079366,14.5214589569161,69,53,1,1,1,1,1,1,1,1,1,1,1,1,1,1,1,1,1,1
14.312479365079366,14.475019047619048,41,80,1,1,1,1,1,1,1,1,1,1,1,1,1,0
14.057059863945579,14.207989569160997,64,44,0,0,1,1,1,1,1,1,1,1,1,1,1
13.904846258503401,14.045449886621315,62,46,1,1,1,1,1,1,1,1,1,1,1,1,1
13.742306575963719,13.906130158730159,64,50,1,1,1,1,1,1,1,1,1,1,1,1,1,1,1
13.742306575963719,13.904846258503401,57,55,1,1,1,1,1,1,1,1,1,1,1,1,1,1
13.62620680272109,13.85840634920635,69,65,1,1,1,1,1,1,1,1,1,1,1,1,1,1,1,1,1,1,1,1
13.428837188208616,13.62620680272109,69,44,1,1,1,1,1,1,1,1,1,1,1,1,1,1,1,1,1
13.428837188208616,13.742306575963719,64,46,1,1,1,1,1,1,1,1,1,1,1,1,1,1,1,1,1,1,1,1,1,1,1,1,1,1,1
13.254687528344672,13.428837188208616,69,44,1,1,1,1,1,1,1,1,1,1,1,1,1,1,1
13.208247619047619,13.370787301587303,50,44,1,1,1,1,1,1,1,1,1,1,1,1,1,1
12.767068480725625,12.917998185941043,52,38,1,1,1,1,1,1,1,1,1,1,1,1,1
12.035639909297052,12.209789569160998,42,70,2,0,0,0,0,0,0,1,1,1,1,1,0,0,-1
11.465467120181406,11.662836734693878,42,32,-1,-1,-1,-1,-1,-1,-1,-1,-1,-1,-1,-1,0,0,0,0,0
11.233267573696146,11.430637188208618,62,66,1,1,1,1,1,1,1,1,1,1,1,1,1,1,1,1,1
11.012678004535148,11.546736961451249,69,51,1,1,1,1,1,1,1,1,1,1,1,1,1,1,1,1,1,1,1,1,1,1,1,1,1,1,1,1,1,1,1,1,1,1,1,1,1,1,1,1,1,1,1,1,1,1
9.757516553287982,9.896836281179137,40,32,1,1,0,0,0,0,0,0,0,0,0,0
7.898636281179138,8.062459863945579,45,80,2,2,1,1,1,1,1,2,2,2,2,2,2,2,1
7.062717913832199,7.202037641723356,50,70,0,0,0,0,0,0,0,1,1,1,-3,-3
6.49382902494331,6.772468480725624,40,55,3,3,3,1,1,1,1,1,1,1,0,0,0,1,1,1,1,1,1,1,1,1,1,1
6.250019501133787,6.49382902494331,40,62,1,1,1,1,1,1,1,1,1,1,1,1,1,1,2,2,2,2,2,1,1
6.226799546485261,6.447389115646259,78,55,1,1,1,1,1,1,1,1,1,1,1,1,1,1,1,1,1,1,1
5.900436281179138,6.029429931972789,50,42,1,1,1,1,1,1,1,1,1,1,1,1
5.795946485260771,5.9946,69,53,1,1,1,1,1,1,1,1,1,1,1,1,1,1,1,1,1,1
5.099347845804989,5.366377324263039,76,55,1,1,1,1,1,1,1,1,1,1,1,1,1,1,1,1,1,1,1,1,1,-5,-5
4.8671482993197275,5.099347845804989,78,75,1,1,1,1,1,1,1,1,1,1,1,1,1,1,1,1,1,1,1,1
4.251819501133786,4.391139229024943,40,65,1,1,1,1,1,1,1,1,1,1,0,0
3.507497052154195,3.7977464852607707,62,42,1,1,1,1,1,1,1,1,1,1,1,1,1,1,1,1,1,1,1,1,1,1,1,1,1
3.159197732426304,3.3449573696145123,41,76,2,2,2,2,1,1,1,1,1,1,1,1,1,1,1,1
3.1475877551020406,3.3565673469387756,69,50,1,1,1,1,1,0,0,0,0,0,0,0,0,0,1,1,1,1
2.4858190476190476,2.64835873015873,42,73,2,2,2,2,2,2,2,1,1,1,1,1,1,1
2.1491297052154192,2.4277691609977325,69,42,1,1,1,1,1,1,1,1,1,1,1,1,1,1,1,1,1,1,1,1,1,1,1,1
1.9272562358276644,2.1491297052154192,69,48,1,1,1,1,1,1,1,1,1,1,1,1,1,1,1,1,1,1,1,1
1.9272562358276644,2.334889342403628,62,49,1,1,1,1,1,1,1,1,1,1,1,1,1,1,1,1,1,1,1,1,1,1,1,1,1,1,1,1,1,1,1,1,1,1,1,1
1.6718367346938776,1.811156462585034,42,79,1,1,1,1,1,1,1,1,3,1,1,1
1.230657596371882,1.3699773242630386,69,44,1,1,1,1,1,1,1,1,1,1,1,1
0.7778684807256235,0.9868480725623583,74,59,1,1,1,1,1,1,1,1,1,1,1,1,1,1,1,1,1,1
0.603718820861678,1.0797278911564625,69,50,1,1,1,1,1,1,1,1,1,1,1,1,1,1,1,1,1,1,1,1,1,1,1,1,1,1,1,1,1,1,1,1,1,1,1,1,1,1,1,1,1
243.8152299319728,246.8363918367347,33,87,1,1,1,1,1,1,1,1,1,1,1,1,1,1,1,1,1,1,1,1,1,1,1,1,1,1,1,1,1,1,1,1,1,1,1,1,1,1,1,1,1,1,1,1,1,1,1,1,1,1,1,1,1,1,1,1,1,1,1,1,1,1,1,1,1,1,1,1,1,1,1,1,1,1,1,1,1,1,1,1,1,1,1,1,1,1,1,1,1,1,1,1,1,1,1,1,1,1,1,1,1,1,1,1,1,1,1,1,1,1,1,1,1,1,1,1,1,1,1,1,1,1,1,1,1,1,1,1,1,1,1,1,1,1,1,1,1,1,1,1,1,1,1,1,1,1,1,1,1,1,1,1,1,1,1,1,1,1,1,1,1,1,1,1,1,1,1,1,1,1,1,1,1,1,1,1,1,1,1,1,1,1,1,1,1,1,1,1,1,1,1,1,1,1,1,1,1,1,1,1,1,1,1,1,1,1,1,1,1,1,1,1,1,1,1,1,1,1,1,1,1,1,1,1,1,1,1,1,1,1,1,1,1,1,1,1,1,1,1,1,1,1,1,1,1,1,1,1,1,1,1,-5,-5,-5,-5,-5,-5,-5,-5,-5,-5,-5
121.80893015873016,122.92348798185941,29,67,1,1,1,1,1,1,1,1,1,1,1,1,1,1,1,1,1,1,1,1,1,1,1,1,1,1,1,1,1,1,1,1,1,1,1,1,1,1,1,1,1,1,1,1,1,1,1,1,1,1,1,1,1,1,1,1,1,1,1,1,1,1,1,1,1,1,1,1,1,1,1,1,1,1,1,1,1,1,1,1,1,1,1,1,1,1,1,1,1,1,1,1,1,1,1,1
610.486855782313,610.6261755102041,42,78,1,1,1,1,1,1,1,1,1,1,2,2
447.2381746031746,449.0273950113379,30,70,1,1,1,1,1,1,1,1,1,1,1,1,1,1,1,1,1,1,1,1,1,1,1,1,1,1,1,1,1,1,1,1,1,1,1,1,1,1,1,1,1,1,1,1,1,1,1,1,1,1,1,1,1,1,1,1,1,1,1,1,1,1,1,1,1,1,1,1,1,1,1,1,1,1,1,1,1,1,1,1,1,1,1,1,1,1,1,1,1,1,1,1,1,1,1,1,1,1,1,1,1,1,1,1,1,1,1,1,1,1,1,1,1,1,1,1,1,1,1,1,1,1,1,1,1,1,1,1,1,1,1,1,1,1,1,1,1,1,1,1,1,1,1,0,0,0,0,0,0,0,0,1,1,1,1
459.598893877551,461.6087038548753,34,65,1,1,1,1,1,1,1,1,1,1,1,1,1,1,1,1,1,1,1,1,1,1,1,1,1,1,1,1,1,1,1,1,1,1,1,1,1,1,1,1,1,1,1,1,1,1,1,1,1,1,1,1,1,1,2,2,2,2,1,1,1,1,1,1,1,1,1,1,1,1,1,1,1,1,1,1,1,1,1,1,1,1,1,1,1,1,1,1,1,1,1,1,1,1,1,1,1,1,1,1,1,1,1,1,1,1,1,1,1,1,1,1,1,1,1,1,1,1,1,1,1,1,1,1,1,1,1,1,1,1,1,1,1,1,1,1,1,1,1,1,1,1,1,1,1,1,1,1,1,1,1,1,1,1,1,1,1,1,1,1,1,1,1,1,1,1,1,1,1,1,1,1,1,1
226.93566167800455,229.0731814058957,29,56,1,1,1,1,1,1,1,1,1,1,1,1,1,1,1,1,1,1,1,1,1,1,1,1,1,1,1,1,1,1,1,1,1,1,1,1,1,1,1,1,1,1,1,1,1,1,1,1,1,1,1,1,1,1,1,1,1,1,1,1,1,1,1,1,1,1,1,1,1,1,1,1,1,1,1,1,1,1,1,1,1,1,1,1,1,1,1,1,1,1,1,1,1,1,1,1,1,1,1,1,1,1,1,1,1,1,1,1,1,1,1,1,1,1,1,1,1,1,1,1,1,1,1,1,1,1,1,1,1,1,1,1,1,1,1,1,1,1,1,1,1,1,1,1,1,1,1,1,1,1,1,1,1,1,1,1,1,1,1,0,0,0,0,1,1,1,1,1,1,1,1,1,1,1,1,1,1,1,1,1,1,1,1,1,1
550.4944158730159,551.5393138321996,35,71,1,1,1,1,1,1,1,1,1,1,1,1,1,1,1,1,1,1,1,1,1,1,1,1,1,1,1,1,1,1,1,1,1,1,1,1,1,1,1,1,1,1,1,1,1,1,1,1,1,1,1,1,1,1,1,1,1,1,1,1,1,1,1,1,1,1,1,1,1,1,1,1,1,1,1,1,1,1,1,1,1,1,1,1,1,1,1,1,1,1
1.5209070294784581,1.6602267573696146,42,77,2,1,1,1,1,1,1,1,1,2,2,2
613.9259768707483,614.4019859410431,33,76,1,1,1,1,1,1,1,1,1,1,1,1,1,1,1,1,1,1,1,1,1,1,1,1,1,1,1,1,1,1,1,1,1,1,1,1,1,1,1,1,1
269.0023514739229,269.4087006802721,29,75,1,1,1,1,1,1,1,1,1,1,1,1,1,1,1,1,1,1,1,1,1,1,1,1,1,1,1,1,1,1,1,1,1,1,1
450.30449251700685,451.14169478458047,30,67,1,1,1,1,1,1,1,1,1,1,1,1,1,1,1,1,1,1,1,1,1,1,1,1,1,1,1,1,1,1,1,1,1,1,1,1,1,1,1,1,1,1,1,1,1,1,1,1,1,1,1,1,1,1,1,1,1,1,1,1,1,1,1,2,2,1,1,1,1,1,1,1,1
491.7326335600907,492.40601224489797,30,62,1,1,1,1,1,1,1,1,1,1,1,1,1,1,1,1,1,1,1,1,1,1,1,1,1,1,0,0,0,0,0,0,0,1,1,1,1,1,1,1,1,1,1,1,1,1,1,1,1,1,1,1,1,1,1,1,1,1
296.00062947845805,296.9307115646259,26,78,1,1,1,1,1,1,1,1,1,1,1,1,1,1,1,1,1,1,1,1,1,1,1,1,1,1,1,1,1,1,1,1,1,1,1,1,1,1,1,1,1,1,1,1,1,1,1,1,1,1,1,1,1,1,1,1,1,1,1,1,1,1,1,1,1,1,1,1,1,1,1,1,1,1,1,1,1,1,1,1,1
463.9203732426304,464.3499424036281,44,75,1,1,1,1,1,1,1,1,1,1,0,0,0,0,0,0,0,0,1,1,0,0,1,1,1,1,1,1,1,1,1,1,1,1,1,1,1
170.07919954648528,170.6713083900227,31,73,1,1,1,1,1,1,1,1,1,1,1,1,1,1,1,1,1,1,1,1,1,1,1,1,1,1,1,1,1,1,1,1,1,1,1,1,1,1,1,1,1,1,1,1,1,1,1,1,1,1,1
537.9350430839003,538.4587759637188,44,72,2,1,1,1,1,1,1,1,1,1,1,1,1,1,1,1,1,1,1,1,1,1,1,1,1,1,1,1,1,1,1,1,1,1,1,1,1,1,1,1,1,1,1,1,1,1
515.6645936507937,517.8485532879819,29,75,1,1,1,1,1,1,1,1,1,1,1,1,1,1,1,1,1,1,1,1,1,1,1,1,1,1,1,1,1,1,1,1,1,1,1,1,1,1,1,1,1,1,1,1,1,1,1,1,0,0,1,1,1,1,1,1,1,1,1,1,1,1,1,1,1,1,1,1,1,1,1,1,1,1,1,1,1,1,1,1,1,1,1,1,1,1,1,1,1,1,1,1,1,1,1,1,1,1,1,1,1,1,1,1,1,1,1,1,1,1,1,1,1,1,1,1,1,1,1,1,1,1,1,1,1,1,1,1,1,1,0,0,0,0,0,0,1,1,1,1,1,1,1,1,1,1,1,1,1,1,1,1,1,1,1,1,1,1,1,1,1,1,1,1,1,1,1,1,1,1,1,1,1,1,1,1,1,1,1,1,1,1,1,1,1,1,1,1,1
260.8237918367347,261.6364902494331,31,61,1,1,1,1,1,1,1,1,1,1,1,1,1,1,1,1,1,1,1,1,1,1,1,1,1,1,1,1,1,1,1,1,1,1,1,1,1,1,1,1,1,1,1,1,1,1,1,1,1,1,1,1,1,1,1,1,1,1,1,1,1,1,1,1,1,1,1,1,1,1
52.42920907029478,52.58013877551021,39,77,1,2,2,2,2,2,2,1,1,1,1,1,1
393.9485433106576,394.540652154195,34,74,1,1,1,1,1,1,1,1,1,1,1,1,1,1,1,1,1,1,1,1,1,1,1,1,1,1,1,1,1,1,1,1,1,1,1,1,1,1,1,1,1,1,1,1,1,1,1,1,1,1,1
65.97542993197278,66.38177913832199,36,69,1,1,1,1,1,1,1,1,1,1,1,1,1,1,1,1,1,1,1,1,1,1,1,1,1,1,1,1,1,1,1,1,1,1,1
187.62182040816327,188.50417868480724,29,66,1,1,1,1,1,1,1,1,1,1,1,1,1,1,1,1,1,1,1,1,1,1,1,1,1,1,1,1,1,1,1,1,1,1,1,1,1,1,1,1,1,1,1,1,1,1,1,1,1,1,1,1,1,1,1,1,1,1,1,1,1,1,1,1,1,1,1,1,1,1,1,1,1,1,1,1
184.3916789115646,185.24049115646258,36,56,0,1,1,1,1,1,1,1,1,1,1,1,1,1,1,1,1,1,1,1,1,1,1,1,1,1,1,1,1,1,1,1,1,1,1,1,1,1,1,1,1,1,1,1,1,1,1,1,1,1,1,1,1,1,1,1,1,1,1,1,1,1,1,1,1,1,1,1,1,1,1,1,1,1
88.98891791383221,90.55754875283446,31,66,1,1,1,1,1,1,1,1,1,1,1,1,1,1,1,1,1,1,1,1,1,1,1,1,1,1,1,1,1,1,1,1,1,1,1,1,1,1,1,1,1,1,1,1,1,1,1,1,1,1,1,1,1,1,1,1,1,1,1,1,1,1,1,1,1,1,1,1,1,1,1,1,1,1,1,1,1,1,1,1,1,1,1,1,1,1,1,1,1,1,1,1,1,1,1,1,1,1,1,1,1,1,1,1,1,1,1,1,1,1,1,1,1,1,1,1,1,1,1,1,1,1,1,1,1,1,1,1,1,1,1,1,1,1,1,1
279.3648707482993,280.2485129251701,29,70,1,1,1,1,1,1,1,1,1,1,1,1,1,1,1,1,1,1,1,1,1,1,1,1,1,1,1,1,1,1,1,1,1,1,1,1,1,1,1,1,1,1,1,1,1,1,1,1,1,1,1,1,1,1,1,1,1,1,1,1,1,1,1,1,1,1,1,1,1,1,1,1,1,1,1,1,1
112.86282811791384,113.46783083900227,33,70,1,1,1,1,1,1,1,1,1,1,1,1,1,1,1,1,1,1,1,1,1,1,1,1,1,1,1,1,1,1,1,1,1,1,1,1,1,1,1,1,1,1,1,1,1,1,1,1,1,1,1,1,1
223.8912798185941,225.1464412698413,36,55,1,1,1,1,1,1,1,1,1,1,1,1,1,1,1,1,1,1,1,1,1,1,1,1,1,1,1,1,1,1,1,1,1,1,1,1,1,1,1,1,1,1,1,1,1,1,1,1,1,1,1,1,1,1,1,1,1,1,1,1,1,1,1,1,1,1,1,1,1,1,1,1,1,1,1,1,1,1,1,1,1,1,1,1,1,1,1,1,1,1,1,1,1,1,1,1,1,1,1,1,1,1,1,1,1,1,1,1,1
456.95053514739226,457.1014648526077,48,71,1,1,1,1,1,1,1,1,1,1,1,1,1
241.0972113378685,242.14210929705217,29,58,1,1,1,1,1,1,1,1,1,1,1,1,1,1,1,1,1,1,1,1,1,1,1,1,1,1,1,1,1,1,1,1,1,1,1,1,1,1,1,1,1,1,1,1,1,1,1,1,1,1,1,1,1,1,1,1,1,1,1,1,1,1,1,1,1,1,1,1,1,1,1,1,1,1,1,1,1,1,1,1,1,1,1,1,1,1,1,1,1,1
353.40276054421764,353.56530022675736,50,69,1,1,1,1,1,2,2,2,2,2,2,2,2,2
62.4782589569161,62.617578684807256,42,69,1,1,1,1,1,1,1,1,1,1,1,1
107.61255056689343,108.58778866213153,36,69,1,1,1,1,1,1,1,1,1,1,1,1,1,1,1,1,1,1,1,1,1,1,1,1,1,1,1,1,1,1,1,1,1,1,1,1,1,1,1,1,1,1,1,1,1,1,1,1,1,1,1,1,1,1,1,1,1,1,1,1,1,1,1,1,1,1,1,1,1,1,1,1,1,1,1,1,1,1,1,1,1,1,1,1
160.84284807256236,161.38980090702947,36,65,1,1,1,1,1,1,1,1,1,1,1,1,1,1,1,1,1,1,1,1,1,1,1,1,1,1,1,1,1,1,1,1,1,1,1,1,1,1,1,1,1,1,1,1,1,1,1,1
498.08714285714285,498.4818820861678,34,60,1,1,1,1,1,1,1,1,1,1,1,1,1,1,1,1,1,1,1,1,1,1,1,1,1,1,1,1,1,1,1,1,1,1
345.1313210884354,345.27064081632653,41,70,0,3,1,1,1,1,1,1,1,0,0,0
362.49979229024945,363.231220861678,44,69,0,0,0,0,1,1,1,1,1,1,1,1,1,1,1,1,1,1,1,1,2,2,2,1,1,1,1,1,1,1,1,1,1,1,1,1,1,1,1,0,0,0,0,0,0,0,0,0,0,0,0,1,1,1,1,1,1,1,1,1,1,1,1
425.583053968254,425.74559365079364,51,70,1,1,1,1,1,1,1,2,2,2,1,1,1,1
96.91205804988662,97.06298775510204,40,71,1,1,1,1,1,1,1,1,1,2,2,2,2
548.7400253968253,549.2856943310658,33,67,1,1,1,1,1,1,1,1,1,1,1,1,1,1,1,1,1,1,1,1,1,1,1,1,1,1,0,1,1,1,1,1,1,1,1,1,1,1,1,1,1,1,1,1,1,1,1
102.43064897959184,103.1969074829932,31,62,1,1,1,1,1,1,1,1,1,1,1,1,1,1,1,1,1,1,1,1,1,1,1,1,1,1,1,1,1,1,1,1,1,1,1,1,1,1,1,1,1,1,1,1,1,1,1,1,1,1,1,1,1,1,1,1,1,1,1,1,1,1,1,1,1,1
293.5960802721088,293.73539999999997,51,68,-1,-1,1,1,1,1,1,1,1,1,1,1
174.79541814058956,175.2494911564626,29,63,1,1,1,1,1,1,1,1,1,1,1,1,1,1,1,1,1,1,1,1,1,1,1,1,1,1,1,1,1,1,1,1,1,1,1,1,1,1,1,1
446.273262585034,446.95825124716555,30,64,1,1,1,1,1,1,1,1,1,1,1,1,1,1,1,1,1,1,1,1,1,1,1,1,1,1,0,0,0,0,1,1,1,1,1,1,1,1,1,1,1,1,1,1,1,1,1,1,1,1,1,1,1,1,1,1,1,1,1
364.1032530612245,365.15976099773246,44,60,1,1,1,1,1,1,1,1,1,1,1,1,1,1,1,1,1,1,1,0,0,0,0,0,0,1,1,1,1,1,1,1,1,1,1,1,1,1,1,1,1,1,1,1,1,1,1,1,1,1,1,1,1,1,1,1,1,1,1,1,0,0,0,0,1,1,1,1,1,1,1,1,1,1,1,1,1,1,1,1,1,1,1,1,1,1,1,1,1,1,1
176.35243900226757,177.14320136054423,29,54,1,1,1,1,1,1,1,1,1,1,1,1,1,1,1,1,1,1,1,1,1,1,1,1,1,1,1,1,1,1,1,1,1,1,1,1,1,1,1,1,1,1,1,1,1,1,1,1,1,1,1,1,1,1,1,1,1,1,1,1,1,1,1,1,1,1,1,1,1
270.51293242630385,271.95256961451247,33,67,1,1,1,1,1,1,1,1,1,1,1,1,1,1,1,1,1,1,1,1,1,1,1,1,1,1,1,1,1,1,1,1,1,1,1,1,1,1,1,1,1,1,1,1,1,1,1,1,1,1,1,1,1,1,1,0,0,0,0,0,0,1,1,1,1,1,1,1,1,1,1,1,1,1,1,1,2,0,0,0,0,0,0,0,0,0,1,1,1,1,1,1,1,1,1,1,1,1,1,1,1,1,1,1,1,1,1,1,1,1,1,1,1,1,1,1,1,1,1,1,1,1,1,1
532.149422675737,532.7312054421768,47,55,1,1,1,1,1,1,1,1,1,1,1,1,1,1,1,1,1,1,1,1,1,1,1,1,1,1,1,1,1,1,1,1,1,1,1,1,1,1,1,1,1,1,1,1,1,1,1,1,1,1,1
253.39988072562358,254.65504217687072,29,54,1,1,1,1,1,1,1,1,1,1,1,1,1,1,1,1,1,1,1,1,1,1,1,1,1,1,1,1,1,1,1,1,1,1,1,1,1,1,1,1,1,1,1,1,1,1,1,1,1,1,1,1,1,1,1,1,1,1,1,1,1,1,1,1,1,1,1,1,1,1,1,1,1,1,1,1,1,1,1,1,1,1,1,1,1,1,1,1,1,1,1,1,1,1,1,1,1,1,1,1,1,1,1,1,1,1,1,1,1
520.1718326530612,520.3227623582766,50,69,1,1,1,1,1,1,1,1,1,1,1,1,1
213.45910068027212,213.95832970521542,36,61,1,1,1,1,1,1,1,1,1,1,1,1,1,1,1,1,1,1,1,1,1,1,1,1,1,1,1,1,1,1,1,1,1,1,1,1,1,1,1,1,1,1,1
397.0729111111111,398.47900226757366,34,66,1,1,1,1,1,1,1,1,1,1,1,1,1,1,1,1,1,1,1,1,1,1,1,1,1,1,1,1,1,1,1,1,1,1,1,1,1,1,1,1,1,1,1,1,1,1,1,1,1,1,1,1,1,1,1,1,1,1,1,1,1,1,1,1,1,1,1,1,1,1,1,1,1,1,1,1,1,1,1,1,1,1,1,1,1,1,1,1,1,1,1,1,1,1,1,1,1,1,1,1,1,1,1,1,1,1,1,1,1,1,1,1,1,1,1,1,1,1,1,1,1,1
466.37136235827666,466.80093151927434,44,70,0,0,0,0,0,0,0,0,0,1,1,1,1,1,1,1,1,1,1,1,1,1,1,1,1,1,1,1,1,1,1,1,1,1,1,1,1
142.6268485260771,143.44083083900225,31,59,1,1,1,1,1,1,1,1,1,1,1,1,1,1,1,1,1,1,1,1,1,1,1,1,1,1,1,1,1,1,1,1,1,1,1,1,1,1,1,1,1,1,1,1,1,1,1,0,1,1,1,1,1,1,1,1,1,1,1,1,1,1,1,1,1,1,1,1,1,2,2
263.5766403628118,264.37901269841274,36,67,0,1,1,1,1,1,1,1,1,1,1,1,1,1,1,1,1,1,1,1,1,1,1,1,1,1,1,1,1,1,1,1,1,1,1,1,1,1,1,1,1,1,1,1,1,1,1,1,1,1,1,1,1,1,1,1,1,1,1,1,1,1,1,1,1,1,1,1,1,1
80.2762993197279,80.88001814058957,36,59,1,1,1,1,1,1,1,1,1,1,1,1,1,1,1,1,1,1,1,1,1,1,1,1,1,1,1,1,1,1,1,1,1,1,1,1,1,1,0,0,1,1,1,1,1,1,1,1,1,1,1,1
91.96363990929704,92.11456961451246,39,57,1,1,1,1,1,1,1,1,0,0,0,0,0
239.58663038548752,239.784,36,65,1,1,1,1,1,1,1,1,1,1,1,1,1,1,1,1,1
294.86285170068027,295.55945034013604,26,66,1,1,1,1,1,1,1,1,1,1,1,1,1,1,1,1,1,1,1,1,1,1,1,1,1,1,1,1,1,1,1,1,1,1,1,1,1,1,1,1,1,1,1,1,1,1,1,1,1,1,1,1,1,1,1,1,1,1,1,1
214.8651918367347,215.38764081632655,29,54,1,1,1,1,1,1,1,1,1,1,1,1,1,1,1,1,1,1,1,1,1,1,1,1,1,1,1,1,1,1,1,1,1,1,1,1,1,1,1,1,1,1,1,1,1
331.7837537414966,332.48035238095235,29,61,1,1,1,1,1,1,1,1,1,1,1,1,1,1,1,1,1,1,1,1,1,1,1,1,1,1,1,1,1,1,1,1,1,1,1,1,1,1,1,1,1,1,1,1,1,1,1,1,1,1,1,1,1,1,1,1,1,1,1,1
301.39151065759637,301.68176009070294,29,71,1,1,1,1,1,1,1,1,1,1,1,1,1,1,1,1,1,1,1,1,1,1,1,1,1
270.29234285714284,271.5810503401361,60,60,1,1,1,1,1,1,1,1,1,0,0,0,0,1,1,1,1,1,1,1,1,1,1,1,1,1,1,1,1,1,1,1,1,1,1,1,1,1,1,1,1,1,1,1,1,1,1,1,1,1,1,1,1,1,1,1,1,1,1,1,1,1,1,1,1,1,1,1,1,1,1,1,1,1,1,1,1,1,1,1,1,1,1,1,1,1,1,1,1,1,1,1,1,1,1,1,1,1,1,1,1,1,1,1,1,1,1,1,1,1,1
129.3837709750567,131.4051909297052,31,54,1,1,1,1,1,1,1,1,1,1,1,1,1,1,1,1,1,1,1,1,1,1,1,1,1,1,1,1,1,1,1,1,1,1,1,1,1,1,1,1,1,1,1,1,1,1,1,1,1,1,1,1,1,1,1,1,1,1,1,1,1,1,1,1,1,1,1,1,1,1,1,1,1,1,1,1,1,1,1,1,1,1,1,1,1,1,1,1,1,1,1,1,1,1,1,1,1,1,1,1,1,1,1,1,1,1,1,1,1,1,1,1,1,1,1,1,1,1,1,1,1,1,1,1,1,1,1,1,1,1,1,1,1,1,1,1,1,1,1,1,1,1,1,1,1,1,1,1,1,1,1,1,1,1,1,1,1,1,1,1,1,1,1,1,1,1,2,0,0,1,1,1,1,1,1
351.10270113378687,352.61328208616777,60,60,1,1,1,1,1,1,1,1,1,1,1,1,1,1,1,1,1,1,1,1,1,1,1,1,1,1,1,2,2,2,2,2,1,1,1,1,1,1,1,1,1,1,1,1,1,1,2,2,2,2,2,1,1,1,1,1,1,1,1,1,1,1,1,1,1,1,1,1,1,1,1,1,1,1,1,1,1,1,1,1,1,1,1,1,1,1,1,1,1,1,1,1,1,1,1,1,1,1,2,1,1,1,1,1,1,1,1,1,1,1,1,1,1,1,1,1,1,1,1,1,1,1,1,1,1,1,1,1,2,2,2
395.1327609977324,395.52878412698414,34,68,1,1,1,1,1,1,1,1,1,1,1,1,1,1,1,1,1,1,1,1,1,1,1,1,1,1,1,1,1,1,1,1,1,1,1
420.5404721088435,420.84233151927435,56,56,1,1,1,1,1,1,1,1,1,1,1,1,1,1,1,1,1,0,0,0,0,0,0,0,1,1
96.52892879818594,98.44585895691611,29,54,1,1,1,1,1,1,1,1,1,1,1,1,1,1,1,1,1,1,1,1,1,1,1,1,1,1,1,1,1,1,1,1,1,1,1,1,1,1,1,1,1,1,1,1,1,1,1,1,1,1,1,1,1,1,1,1,1,1,1,1,1,1,1,1,1,1,1,1,1,1,1,1,1,1,1,1,1,1,1,1,1,1,1,1,1,1,1,1,1,1,1,1,1,1,1,1,1,1,1,1,1,1,1,1,1,1,1,1,1,1,1,1,1,1,1,1,1,1,1,1,1,1,1,1,1,1,1,1,1,1,1,1,1,1,1,1,1,1,1,1,1,1,1,1,1,1,1,1,1,1,1,1,1,1,1,1,1,1,1,1,1,1,1,1,1,1
321.5708802721088,321.9669034013605,26,54,1,1,1,1,1,1,1,1,1,1,1,1,1,1,1,1,1,1,1,1,1,1,1,1,1,1,1,1,1,1,1,1,1,1,1
488.5837619047619,489.5951138321995,30,51,1,1,1,1,1,1,1,1,1,1,1,1,1,1,1,1,1,1,1,1,1,1,1,1,1,1,1,1,1,1,1,1,1,1,1,1,1,1,1,1,1,1,1,1,1,1,1,1,1,1,1,1,1,1,1,1,1,1,1,1,1,1,1,1,1,1,1,1,1,1,1,1,1,1,1,1,1,1,1,1,1,1,1,1,1,1,1,1
88.55934875283447,88.69866848072563,42,64,-1,-1,-1,-1,0,0,1,1,1,1,1,1
487.2137845804989,488.3399523809524,30,51,1,1,1,1,1,1,1,1,1,1,1,1,1,1,1,1,1,1,1,1,1,1,1,1,1,1,1,1,1,1,1,1,1,1,1,1,1,1,1,1,1,1,1,1,1,1,1,1,1,1,1,1,1,1,1,1,1,1,1,1,1,1,1,1,1,1,1,1,1,1,1,1,1,1,0,0,0,1,1,1,1,1,1,1,1,1,1,1,1,1,1,1,1,1,1,1,1
501.96744308390026,502.1067628117914,53,66,1,1,1,1,1,1,1,1,1,1,1,1
462.47945215419503,462.7232616780046,44,69,2,1,1,1,1,1,1,1,1,1,1,1,1,1,1,1,1,1,1,1,1
442.718041723356,443.2649945578231,44,56,1,1,1,1,1,1,1,1,1,1,1,1,1,1,0,0,0,0,0,1,1,1,1,1,1,1,1,1,1,1,1,1,1,1,1,1,1,1,1,1,1,1,1,1,1,1,1,1
576.3549160997733,576.5058458049887,54,64,0,0,1,1,1,1,1,1,1,1,1,1,1
537.7841133786848,538.4819959183674,59,58,1,1,1,1,1,1,1,1,1,1,1,1,1,1,1,1,1,1,1,1,1,1,1,1,1,1,1,1,1,1,1,1,1,1,1,1,1,1,1,1,1,1,1,1,1,1,1,1,1,1,1,1,1,1,1,1,1,1,1,1,1
349.34831065759636,349.6746739229025,24,61,1,1,1,1,1,1,1,1,1,1,1,1,1,1,1,1,1,1,1,1,1,1,1,1,1,1,1,1,0
570.0339528344672,570.3719260770976,38,64,1,1,1,1,0,0,0,1,1,1,1,1,1,1,1,1,1,1,1,1,1,1,1,1,1,1,1,1,1,1
462.52589206349205,462.7232616780046,37,61,2,2,1,1,1,1,1,1,1,1,1,1,1,1,1,1,1
535.0196548752834,535.263464399093,40,65,1,1,1,1,1,1,1,1,1,1,1,1,1,1,1,1,1,1,1,1,1
133.48466077097504,133.79813015873015,36,58,1,1,1,1,1,1,1,1,1,1,1,1,1,1,1,1,1,1,1,1,1,1,1,1,1,1,1
551.7482934240363,552.7132054421769,37,64,0,1,1,1,1,1,1,1,1,1,1,1,1,1,1,1,1,1,1,1,1,1,1,1,1,1,1,1,1,1,1,1,1,1,1,0,0,0,1,1,1,1,1,1,1,1,1,1,1,1,1,1,1,1,1,1,1,1,1,1,1,1,1,1,1,1,1,1,1,1,1,1,1,1,1,1,1,1,1,1,1,1,1,1
603.7479333333333,604.3064961451247,30,59,1,1,1,1,1,1,1,1,1,1,1,1,1,1,1,1,1,1,1,1,1,1,1,1,1,1,1,1,1,1,1,1,1,1,1,1,1,1,1,1,1,1,1,1,1,1,1,1,1
484.35516235827663,484.90211519274374,31,61,1,1,1,1,1,1,1,1,1,1,1,1,1,1,1,1,1,1,1,1,1,1,1,1,1,1,1,1,1,1,1,1,1,1,1,1,1,1,1,1,1,1,1,1,1,1,1,1
178.73376825396826,179.18784126984124,33,70,1,1,1,1,1,1,1,1,1,1,1,1,1,1,1,1,1,1,1,1,1,1,1,1,1,1,1,1,1,1,1,1,1,1,1,1,1,1,1,1
213.43588072562358,213.69130022675736,64,63,0,1,1,1,1,1,1,1,1,1,1,1,1,1,1,1,1,1,1,1,1,1
118.6484485260771,119.78751020408163,36,58,1,1,1,1,1,1,1,1,1,1,1,1,1,1,1,1,1,1,1,1,1,1,1,1,1,1,1,1,1,1,1,1,1,1,1,1,1,1,1,1,1,1,1,1,1,1,1,1,1,1,1,1,1,1,1,1,1,1,1,1,1,1,1,1,1,1,1,1,1,1,1,1,1,1,1,1,1,1,1,1,1,1,1,1,1,1,1,1,1,1,1,1,1,1,1,1,1,1,1
506.11477278911565,506.6385056689343,29,65,1,1,1,1,1,1,1,1,1,1,1,1,1,1,1,1,1,1,1,1,1,1,1,1,1,1,1,1,1,1,1,1,1,1,1,1,1,1,1,1,1,1,1,1,1,1
360.23456281179136,361.00082131519275,44,57,0,1,1,1,1,1,1,1,1,1,1,1,1,1,1,1,1,1,1,1,1,1,1,1,1,1,1,1,1,1,1,1,0,0,0,0,0,0,0,0,0,0,0,0,0,0,0,1,1,1,1,1,1,1,1,1,1,1,1,1,1,1,1,1,1,1
155.09334149659864,155.7435002267574,31,67,1,1,1,1,1,1,1,1,1,1,1,1,1,1,1,1,1,1,1,1,1,1,1,1,1,1,1,1,1,1,1,1,1,1,1,1,1,1,1,1,1,1,1,1,1,1,1,1,1,1,1,1,1,1,1,1
377.18379092970525,377.83523356009067,44,60,0,0,0,0,0,0,0,0,1,1,1,1,1,1,1,1,1,1,1,1,1,1,1,1,1,1,1,1,1,1,1,1,1,1,1,1,1,1,1,1,1,1,1,1,1,0,1,1,1,0,0,0,1,1,1,1,1
565.1435845804989,565.3641741496599,35,64,1,1,1,1,1,1,1,1,1,1,1,1,1,1,1,1,1,1,1
161.1692113378685,161.5755605442177,29,62,1,1,1,1,1,1,1,1,1,1,1,1,1,1,1,1,1,1,1,1,1,1,1,1,1,1,1,1,1,1,1,1,1,1,1
215.85203990929708,215.99135963718822,41,64,-1,-1,0,1,1,1,1,1,1,1,1,1
195.5449605442177,195.7655501133787,31,62,1,1,1,1,1,1,1,1,1,1,1,1,1,1,1,1,1,1,1
495.26463446712023,495.43878412698416,46,63,1,1,1,1,1,1,1,1,1,1,1,1,1,1,1
137.34174104308389,137.8061401360544,29,56,1,1,1,1,1,1,1,1,1,1,1,1,1,1,1,1,1,1,1,1,1,1,1,1,1,1,1,1,1,1,1,1,1,1,1,1,1,1,1,1
388.49961224489795,389.06850113378687,48,52,1,1,1,1,1,1,1,1,1,1,1,1,1,1,1,0,0,0,0,0,0,0,0,0,0,0,1,1,1,1,1,1,1,1,1,1,1,1,1,1,1,1,1,1,1,1,1,1,1
227.42328072562358,227.60904036281178,57,62,1,1,1,1,1,1,1,1,1,1,1,1,1,1,1,1
196.6840222222222,197.19486122448978,31,66,1,1,1,1,1,1,1,1,1,1,1,1,1,1,1,1,1,1,1,1,1,1,1,1,1,1,1,1,1,1,1,1,1,1,1,1,1,1,1,1,1,1,1,1
75.90838004535148,76.83717823129251,31,59,1,1,1,1,1,1,1,1,1,1,1,1,1,1,1,1,1,1,1,1,1,1,1,1,1,1,1,1,1,1,1,1,1,1,1,1,1,1,1,1,1,1,1,1,1,1,1,1,1,1,1,1,1,1,1,1,1,1,1,1,1,1,1,1,1,1,1,1,1,1,1,1,1,1,1,1,1,1,1,1
90.7665283446712,90.90584807256235,40,59,4,2,2,2,2,2,1,1,1,1,1,1
570.0920027210884,570.3138761904762,54,59,1,1,1,1,1,1,1,1,1,1,1,1,1,1,1,1,1,1,1,1
87.80470022675738,88.33875918367347,60,62,1,1,1,1,1,1,1,1,1,1,1,1,1,1,1,1,1,1,1,1,1,1,1,1,1,1,1,1,1,1,1,1,1,1,1,1,1,1,1,1,1,1,1,1,1,1
431.9723931972789,432.6922117913832,32,54,1,1,1,1,1,1,1,1,1,1,1,1,1,1,1,1,1,1,1,1,1,1,1,1,1,1,1,1,1,1,1,1,1,1,0,1,1,1,1,1,1,1,1,1,1,1,1,1,1,1,1,1,1,1,1,1,1,1,1,1,1,1
418.49583219954644,418.99506122448975,65,58,1,1,1,1,1,1,1,1,1,1,1,1,1,1,1,1,1,2,2,2,1,1,1,1,1,1,1,1,1,1,1,1,1,1,1,0,0,0,1,1,1,1,1
518.9760049886621,519.9744630385487,61,53,1,1,1,1,1,1,1,1,1,1,1,1,1,1,1,1,1,1,1,1,1,1,1,1,1,1,1,1,1,1,1,1,1,1,1,1,1,1,1,1,1,1,1,1,1,1,1,1,1,1,1,1,1,1,1,1,1,0,0,1,1,1,1,1,1,1,1,1,1,1,1,1,0,0,1,1,1,1,1,1,1,1,1,1,1,1
272.7433319727891,273.03358140589575,43,63,1,1,1,1,1,1,1,1,1,1,1,1,1,1,1,1,1,1,1,1,1,1,1,1,1
38.91781814058957,39.080357823129255,39,60,0,1,1,2,0,0,0,0,0,1,1,1,1,1
580.6647854875283,581.001474829932,49,51,1,1,1,1,1,1,1,1,1,1,1,1,1,1,1,0,0,0,1,1,1,1,1,1,1,1,1,1,1
103.56971065759637,105.22993741496599,31,57,1,1,1,1,1,1,1,1,1,1,1,1,1,1,1,1,1,1,1,1,1,1,1,1,1,1,1,1,1,1,1,1,1,1,1,1,1,1,1,1,1,1,1,1,1,1,1,1,1,1,1,1,1,1,1,1,1,1,1,1,1,1,1,1,1,1,1,1,1,1,1,1,1,1,1,1,1,1,1,1,1,1,1,1,1,1,1,1,1,1,1,1,1,1,1,1,1,1,1,1,1,1,1,1,1,1,1,1,1,1,1,1,1,1,1,1,1,1,1,1,1,1,1,1,1,1,1,1,1,1,1,1,1,1,1,1,1,1,1,1,1,1,1
61.77005034013605,62.39698911564626,33,51,1,1,1,1,1,1,1,1,1,1,1,1,1,1,1,1,1,1,1,0,0,0,0,0,0,0,0,1,1,1,1,1,1,1,1,1,1,1,1,1,1,1,1,1,1,1,1,1,1,1,1,1,1,1
289.2629909297052,289.8667097505669,35,64,1,1,1,1,1,1,1,1,1,1,1,1,1,1,1,1,1,1,1,1,1,1,1,1,1,1,1,1,1,1,1,1,1,1,1,1,1,1,1,1,1,1,1,1,1,1,1,1,1,1,1,1
212.63479229024944,212.925041723356,36,62,1,1,1,1,1,1,1,1,1,1,1,1,1,1,1,1,1,1,1,1,1,1,1,1,1
259.97497959183676,260.19556916099776,31,60,1,1,1,1,1,1,1,1,1,1,1,1,1,1,1,1,1,1,1
106.13679954648526,107.4035709750567,36,46,1,1,1,1,1,1,1,1,1,1,1,1,1,1,1,1,1,1,1,1,1,1,1,1,1,1,1,1,1,1,1,1,1,1,1,1,1,1,1,1,1,1,1,1,1,1,1,1,1,1,1,1,1,1,1,1,1,1,1,1,1,1,1,1,1,1,1,1,1,1,1,1,1,0,0,1,1,1,1,1,1,1,1,1,1,1,1,1,1,1,1,1,1,1,1,1,1,1,1,1,1,1,1,1,1,1,1,1,1,1
516.1986526077097,517.1983945578231,53,52,1,1,1,1,1,1,1,1,1,1,1,1,1,1,1,1,1,1,1,1,1,1,1,1,1,1,1,1,1,1,1,1,1,1,1,1,1,1,1,1,1,1,1,1,1,1,1,1,1,1,1,1,1,1,1,1,1,1,1,1,1,1,1,1,1,1,1,1,1,1,1,1,1,1,1,1,1,1,1,1,1,1,1,1,1,1,1
401.73236371882086,401.91812335600906,56,59,1,1,1,1,1,1,1,1,1,1,1,1,1,1,1,1
397.5269841269841,398.7344217687075,53,53,0,1,1,1,1,1,1,1,1,1,1,1,1,1,1,1,1,1,1,1,1,1,1,1,1,1,1,1,1,1,1,1,1,1,1,1,1,1,1,1,1,1,1,1,1,1,1,1,1,1,1,1,1,1,1,1,1,1,1,1,1,1,1,1,1,1,1,1,1,0,0,0,0,0,0,0,0,0,0,0,0,1,1,1,1,1,1,1,1,1,1,1,1,1,1,1,1,1,1,1,1,1,1,1
145.648010430839,146.13562947845804,43,59,1,1,1,1,1,1,1,1,1,1,1,1,1,1,1,1,1,1,1,1,1,1,1,1,1,1,1,1,1,1,1,1,1,1,1,1,1,1,1,1,1,1
615.3075641723356,615.8184031746032,28,54,1,1,1,1,1,1,1,1,1,1,1,1,1,1,1,1,1,1,1,1,1,1,1,1,1,1,1,1,1,1,1,1,1,1,1,1,1,1,1,1,1,1,1,1
452.7438716553288,453.7436136054422,53,51,1,1,1,1,1,1,1,1,1,1,1,1,1,1,1,1,1,1,1,1,1,1,1,1,3,3,0,0,1,1,1,1,1,1,1,1,1,1,1,1,1,1,1,1,1,1,1,1,1,1,1,1,1,1,1,1,1,1,1,1,1,1,1,1,1,1,1,1,1,1,1,1,1,1,1,1,1,1,1,1,1,1,1,1,1,1,2
139.17740136054422,139.39799092970523,60,54,1,1,1,1,1,1,1,1,1,1,1,1,1,1,1,1,1,1,1
210.71786213151927,211.98334965986396,36,53,1,1,1,1,1,1,1,1,1,1,1,1,1,1,1,1,1,1,1,1,1,1,1,1,1,1,1,1,1,1,1,1,1,1,1,1,1,1,1,1,1,1,1,1,1,1,1,1,1,1,1,1,1,1,1,1,1,1,1,1,1,1,1,1,1,1,1,1,1,1,1,1,1,1,1,1,1,1,1,1,1,1,1,1,1,1,1,1,1,1,1,1,1,1,1,1,1,1,1,1,1,1,1,1,1,1,1,1,1
318.50456235827664,319.1198911564626,35,63,1,1,1,1,1,1,1,1,1,1,1,1,1,1,1,1,1,1,1,1,1,1,1,1,1,1,1,1,1,1,1,1,1,1,1,1,1,1,1,1,1,1,1,1,1,1,1,1,1,1,1,1,1
385.11854104308395,385.35074058956917,48,58,0,0,0,0,0,1,1,1,1,1,1,1,1,1,1,1,1,1,1,1
234.18413922902494,235.36964081632655,31,47,1,1,1,1,1,1,1,1,1,1,1,1,1,1,1,1,1,1,1,1,1,1,1,1,1,1,1,1,1,1,1,1,1,1,1,1,1,1,1,1,1,1,1,1,1,1,1,1,1,1,1,1,1,1,1,1,1,1,1,1,1,1,1,1,1,1,1,1,1,1,1,1,1,1,1,1,1,1,1,1,1,1,1,1,1,1,1,1,1,1,1,1,1,1,1,1,1,1,1,1,1,1,1
572.5326657596371,572.7880852607709,49,60,0,0,0,1,1,1,1,1,1,1,1,1,1,1,1,1,1,1,1,1,1,1
572.1366426303855,572.3352961451246,49,60,1,1,1,1,1,1,1,1,1,1,1,1,1,1,1,1,1,1
592.0038267573697,592.8397451247166,32,52,1,1,1,1,1,1,1,1,1,1,1,1,1,1,1,1,1,1,1,1,1,1,1,1,1,1,1,1,1,1,1,1,1,1,1,1,1,1,1,1,1,1,1,1,1,1,1,1,1,1,1,1,1,1,1,1,1,1,1,1,1,1,1,1,1,1,1,1,1,1,1,1
336.9411514739229,337.0804712018141,38,62,1,0,0,0,1,1,1,1,1,1,0,1
128.53495873015873,128.83681814058957,31,55,1,1,1,1,1,1,1,1,1,1,1,1,1,1,1,1,1,1,1,1,1,1,1,1,1,1
418.5074421768707,418.89057142857143,37,59,1,1,1,1,1,1,1,1,1,1,1,1,1,1,1,1,1,1,1,1,1,1,1,1,1,1,1,1,1,1,1,1,1
329.20377097505667,329.5404603174603,29,61,1,1,1,1,1,1,1,1,1,1,1,1,1,1,1,1,1,1,1,1,1,1,1,1,1,1,1,1,1
412.8959714285714,413.2919945578231,65,50,1,1,1,1,1,1,1,1,1,1,1,1,1,0,0,0,0,0,0,0,0,0,1,1,1,1,1,1,1,1,1,1,1,1,1
53.10258775510204,53.28834739229025,48,63,1,1,1,1,1,1,1,1,1,1,1,1,1,1,1,1
129.61597052154195,129.75529024943313,40,60,0,0,0,0,0,1,1,1,1,1,1,1
169.32455102040817,169.64963038548754,31,60,1,1,1,1,1,1,1,1,1,1,1,1,1,1,1,1,1,1,1,1,1,1,1,1,1,1,1,1
444.29828253968253,444.7278517006802,31,53,1,1,1,1,1,1,2,2,2,2,2,2,2,1,1,1,1,1,1,1,1,1,1,1,1,1,1,1,1,1,1,1,1,1,1,1,1
366.612292063492,366.7516117913832,40,60,1,1,1,1,0,0,0,0,0,0,0,0
347.89706349206347,348.03638321995464,41,59,1,1,1,1,1,1,1,1,1,1,1,1
388.5112222222222,388.6505419501134,44,60,1,1,1,1,1,1,1,1,1,1,1,1
202.05039954648527,202.3290390022676,29,55,1,1,1,1,1,1,1,1,1,1,1,1,1,1,1,1,1,1,1,1,1,1,1,1
513.8173233560091,514.0146929705215,53,57,0,0,1,1,1,1,1,1,1,1,1,1,1,1,1,1,1
77.1274276643991,77.51184081632654,31,61,1,1,1,1,1,1,1,1,1,1,1,1,1,1,1,1,1,1,1,1,1,1,1,1,1,1,1,1,1,1,1,1,1,1
93.54388072562358,93.99666984126983,64,50,0,1,1,1,1,1,1,1,1,1,1,1,1,1,1,1,1,1,1,1,1,1,1,1,1,1,1,1,1,1,1,1,1,1,1,1,1,1,1
207.39484081632654,207.9405097505669,31,62,1,1,1,1,1,1,1,1,1,1,1,1,1,1,1,1,1,1,1,1,1,1,1,1,1,1,1,1,1,1,1,1,1,1,1,1,1,1,1,1,1,1,1,1,1,1,1
47.57238684807256,47.771040362811796,60,59,1,1,1,1,1,1,1,1,1,1,1,1,1,1,1,1,1,1
109.15667755102041,109.32050113378685,57,59,1,1,1,1,1,1,1,1,1,1,1,1,1,1,1
594.3154961451247,595.209464399093,33,57,1,1,1,1,1,1,1,1,1,1,1,1,1,1,1,1,1,1,1,1,1,1,1,1,1,1,1,1,1,1,1,1,1,1,1,1,1,1,1,1,1,1,1,1,1,1,1,1,1,1,1,1,1,1,1,1,1,1,1,1,1,1,1,1,1,1,1,1,1,1,1,1,1,1,1,1,1
201.1332113378685,201.8762498866213,57,60,1,1,1,1,1,1,1,1,1,1,1,1,1,1,1,1,1,1,1,1,1,1,1,1,1,1,1,1,1,1,1,1,1,1,1,1,1,1,1,1,1,1,1,1,1,1,1,1,1,1,1,1,1,1,1,1,1,1,1,1,1,1,1,1
453.6159038548753,454.06869297052157,49,56,1,1,1,1,1,1,1,1,1,1,1,1,1,1,1,1,1,1,1,1,1,1,1,1,1,1,1,1,1,1,1,1,1,1,1,1,1,1,1
500.2014426303855,500.4800820861678,53,55,1,1,1,1,1,1,1,1,1,1,1,1,1,1,1,1,1,1,0,0,0,1,1,1
6.633148752834467,6.853738321995465,78,60,1,1,1,1,1,1,1,1,1,1,1,1,1,1,1,1,1,1,1
513.1787746031746,513.4225841269841,53,59,1,1,1,1,1,1,1,0,0,1,1,1,1,1,1,1,1,1,1,1,1
567.1301746031746,567.3855941043084,54,54,1,1,1,1,1,1,1,1,1,1,1,1,1,1,1,1,1,1,1,1,1,1
391.85746349206346,392.1941528344671,34,57,1,1,1,1,1,1,1,1,1,1,1,1,1,1,1,1,1,1,1,1,1,1,1,1,1,1,1,1,1
45.92377006802721,46.09791972789115,41,61,1,1,1,1,1,1,1,1,1,1,1,1,1,1,1
466.9879750566894,467.15051473922904,44,56,0,0,0,1,1,1,1,1,1,1,1,1,1,1
516.6295056689343,516.8733151927438,68,56,1,1,1,1,1,1,1,1,1,1,1,1,1,1,1,1,1,1,1,1,1
111.87598004535147,112.01529977324263,60,58,1,1,1,1,1,1,1,1,1,1,1,1
452.68582176870746,453.4649741496599,49,47,1,1,1,1,1,1,1,1,1,1,1,1,1,1,1,1,1,1,1,1,1,1,1,1,1,1,1,0,0,0,0,0,0,0,0,0,0,0,1,1,1,1,1,1,1,1,1,1,1,1,1,1,1,2,2,1,1,1,1,1,1,1,1,1,1,1,1,1
460.5160820861678,460.78311156462587,46,47,1,1,1,1,1,1,1,1,1,1,1,1,1,2,2,2,2,2,2,1,1,1,1
562.5532757369614,562.7738653061224,33,58,1,1,1,1,1,1,1,1,1,1,1,1,1,1,1,1,1,1,1
324.7429718820862,325.06805124716556,26,59,1,1,1,1,1,1,1,1,1,1,1,1,1,1,1,1,1,1,1,1,1,1,1,1,1,1,1,1
238.1921492063492,238.63461224489794,36,57,1,1,1,1,1,1,1,1,1,1,1,1,1,1,1,1,1,1,1,1,0,0,0,0,0,0,0,0,1,1,1,1,1,1,1,1,1,1,1
513.3529242630385,514.0146929705215,29,52,1,1,1,1,1,1,1,1,1,1,1,1,1,1,1,1,1,1,1,1,1,1,1,1,1,1,1,1,1,1,1,1,1,1,1,1,1,1,1,1,1,1,1,1,1,1,1,1,1,1,1,1,1,1,1,1,1
369.446410430839,369.633453968254,44,57,0,0,0,1,1,1,1,1,1,1,1,1,1,1,1,1,1
199.30916099773242,199.44848072562357,36,59,0,0,0,0,1,1,1,1,1,1,1,1
468.05609297052155,468.3811723356009,37,58,1,1,1,1,1,1,1,1,1,1,1,1,1,1,1,1,1,1,1,1,1,1,1,1,1,1,1,1
19.098357823129252,19.376997278911563,62,45,1,1,1,1,1,1,1,1,1,1,1,1,1,1,1,1,1,1,1,1,1,1,1,1
398.58349206349203,398.7344217687075,44,59,1,1,1,1,1,1,1,1,1,1,1,1,1
334.4901623582766,335.0822712018141,29,61,1,1,1,1,1,1,1,1,1,1,1,1,1,1,1,1,1,1,1,1,1,1,1,1,1,1,1,1,1,1,1,1,1,1,1,1,1,1,1,1,1,1,1,1,1,1,1,1,1,1,1
50.047879818594105,50.19880952380952,43,59,1,1,1,1,1,1,1,1,1,1,1,1,1
200.6572022675737,201.84141995464853,29,54,1,1,1,1,1,1,1,1,1,1,1,1,1,1,1,1,1,1,1,1,1,1,1,1,1,1,1,1,1,1,1,1,1,1,1,1,1,1,1,1,1,1,1,1,1,1,1,1,1,1,1,1,1,1,1,1,1,1,1,1,1,1,1,1,1,1,1,1,1,1,1,1,1,1,1,1,1,1,1,1,1,1,1,1,1,1,1,1,1,1,1,1,2,1,1,1,1,1,1,1,1,1
125.09583764172336,125.50347074829932,60,61,1,1,1,1,1,1,1,1,1,1,1,1,1,1,1,1,1,1,1,1,1,1,1,1,1,1,1,1,1,1,1,1,1,1,1,1
108.785158276644,111.3651410430839,29,53,1,1,1,1,1,1,1,1,1,1,1,1,1,1,1,1,1,0,0,1,1,1,1,1,1,1,1,1,1,1,1,1,1,1,1,1,1,1,1,1,1,1,1,1,1,1,1,1,1,1,1,1,1,1,1,1,1,1,1,1,1,1,1,1,1,1,1,1,1,1,1,1,1,1,1,1,1,1,1,1,1,1,1,1,1,1,1,1,1,1,1,1,1,1,1,1,1,1,1,1,1,1,1,1,1,1,1,1,1,1,1,1,1,1,1,1,1,1,1,1,1,1,1,1,1,1,1,1,1,1,1,1,1,1,1,1,1,1,1,1,1,1,1,1,1,1,1,1,1,1,1,1,1,1,1,1,1,1,1,1,1,1,0,0,0,1,1,1,1,1,1,1,1,1,1,1,1,1,1,1,1,1,1,1,1,1,1,1,1,1,1,1,1,1,1,1,1,1,1,1,1,1,1,1,1,1,1,1,1,1,1,1,1,1,1,1,1,1,1,1,1,1,1,1
233.60364036281177,234.03320952380952,31,48,1,1,1,1,1,1,1,1,1,1,1,1,1,1,1,1,1,1,1,1,1,1,1,1,1,1,1,1,1,1,1,1,1,1,1,1,1
551.5741437641723,552.2475224489796,85,47,1,1,1,1,1,1,1,1,1,1,1,1,1,1,1,1,1,1,1,1,1,1,1,1,1,1,1,1,1,1,1,1,1,1,1,1,1,1,1,1,1,1,1,1,1,1,1,1,1,1,1,1,1,1,1,1,1,1
159.5773605442177,159.90243990929707,36,52,1,1,1,1,1,1,1,1,1,1,1,1,1,1,1,1,1,1,1,1,1,1,1,1,1,1,1,1
489.8505333333333,491.0476448979592,30,58,1,1,1,1,1,1,1,1,1,1,1,1,1,1,1,1,1,1,1,1,1,1,1,1,1,1,1,1,1,1,1,1,1,1,1,1,1,1,1,1,1,1,1,1,1,1,1,1,1,1,1,1,1,1,1,1,1,1,1,1,1,1,1,1,1,1,1,1,1,1,1,1,1,1,1,1,1,1,1,1,1,1,1,1,1,1,1,1,1,1,1,1,1,1,1,1,1,1,1,1,1,1,1,1
552.852525170068,553.1776045351475,78,48,1,1,1,1,1,1,1,1,1,1,1,1,1,1,1,1,1,1,1,1,1,1,1,1,1,1,1,1
127.26947120181406,127.69904036281179,60,51,1,1,1,1,1,1,1,1,1,1,1,1,1,1,1,1,1,1,1,1,1,1,1,1,1,0,1,1,1,1,1,1,1,1,1,1,1
81.07738775510205,82.12356961451246,64,48,1,1,1,1,1,1,1,1,1,1,1,1,1,1,1,1,1,1,1,1,1,1,1,1,1,1,1,1,1,1,1,1,1,1,1,1,1,1,1,1,1,1,1,1,1,1,1,1,1,1,1,1,1,1,1,1,1,1,1,1,1,1,1,1,1,1,1,1,1,1,1,1,1,1,1,1,1,1,1,1,1,1,1,1,1,1,1,1,1,1,1
244.1867492063492,245.3606408163265,55,55,1,1,1,1,1,1,1,1,1,1,1,1,1,1,1,1,1,1,1,1,1,1,1,1,1,1,1,1,1,1,1,1,1,1,1,1,1,1,1,1,1,1,1,1,1,1,1,1,1,1,1,1,1,1,1,1,1,1,1,1,1,1,1,1,1,1,1,1,1,1,1,1,1,1,1,1,1,1,1,1,1,1,1,1,1,1,1,1,1,1,1,1,1,1,1,1,1,1,1,1,1,1
550.4363659863945,550.8659351473923,78,53,1,1,1,1,1,1,1,1,1,1,1,1,1,1,1,1,1,1,1,1,1,1,1,1,1,1,1,1,1,1,1,1,1,1,1,1,1
179.617410430839,179.90765986394555,60,56,1,1,1,1,1,1,1,1,1,1,1,1,1,1,1,1,1,1,1,1,1,1,1,1,1
396.318262585034,396.84071156462585,34,53,1,1,1,1,1,1,1,1,1,1,1,1,1,1,1,1,1,1,1,1,1,1,0,0,0,1,1,1,1,1,1,1,1,1,1,1,1,1,1,1,1,1,1,1,1
240.63281224489796,240.7721319727891,57,59,1,1,1,1,1,1,1,1,1,1,1,1
535.0660947845805,535.2286344671202,56,58,1,1,1,1,1,1,1,1,1,1,1,1,1,1
215.8404299319728,216.06101950113379,29,56,1,1,1,1,1,1,1,1,1,1,1,1,1,1,1,1,1,1,1
22.827728344671204,23.025097959183675,74,53,1,1,1,1,1,1,1,1,1,1,1,1,1,1,1,1,1
406.28604263038545,406.46019229024944,41,57,0,1,1,1,1,1,1,1,1,1,1,1,1,1,1
391.880683446712,392.21737278911564,46,48,1,1,1,1,1,1,1,0,0,0,0,0,0,1,1,1,1,1,1,1,1,1,1,1,1,2,2,2,2
244.37379274376417,245.10522131519272,72,48,1,1,1,1,1,1,1,1,1,1,1,1,1,1,1,1,1,1,1,1,1,1,1,1,1,1,1,1,1,1,1,1,1,1,1,1,1,1,1,1,1,1,1,1,1,1,1,1,1,1,1,1,1,1,1,1,1,1,1,1,1,1,1
212.89021179138322,213.02953151927437,42,58,1,1,1,1,1,1,1,1,1,1,1,1
251.51778049886622,252.0866693877551,36,55,1,1,0,0,1,1,1,1,1,1,1,1,1,1,1,1,1,1,1,1,1,1,1,1,1,1,1,1,1,1,1,1,1,1,1,1,1,1,1,1,1,1,1,1,1,1,1,1,1
452.1633727891156,452.6626018140589,30,53,0,0,1,1,1,1,1,1,1,1,1,1,1,1,1,1,1,1,1,1,1,1,1,1,1,1,1,1,1,1,1,1,1,1,1,1,1,1,1,1,1,1,1
453.62751383219955,454.35894240362813,61,48,1,1,1,1,1,1,1,1,1,1,1,1,1,1,1,1,1,1,1,1,1,1,1,1,1,1,1,1,1,1,1,1,1,1,1,1,1,1,1,1,0,0,0,0,0,0,1,1,1,0,0,0,0,1,1,1,1,1,1,1,1,1,1
607.0593446712019,607.5469637188208,32,53,1,1,1,1,1,1,1,1,1,1,1,1,1,1,1,1,1,1,1,1,1,1,1,1,1,1,1,1,1,1,1,1,1,1,1,1,1,1,1,1,1,1
404.972831292517,405.38046439909294,53,48,-2,1,1,1,1,1,1,1,1,1,1,1,1,1,1,1,1,1,1,0,0,0,0,0,0,0,0,0,0,0,0,0,0,0,0,1
62.08351972789116,62.385379138321994,60,58,1,1,1,1,1,1,1,1,1,1,1,1,1,1,1,1,1,1,1,1,1,1,1,1,1,1
187.69148027210883,188.19070929705217,57,53,1,1,1,1,1,1,1,1,1,1,1,1,1,1,1,1,1,1,1,1,1,1,1,1,1,1,1,1,1,1,1,1,1,1,1,1,1,1,1,1,1,1,1
187.08776145124716,187.3664009070295,36,58,1,1,1,1,1,1,1,1,1,1,1,1,1,1,1,1,1,1,1,1,1,1,1,1
69.18106757369615,71.09799773242631,29,54,0,0,1,1,2,2,2,1,1,1,1,1,1,1,1,1,1,1,1,1,1,1,1,1,1,1,1,1,1,1,1,1,1,1,1,1,1,1,1,1,1,1,1,1,1,1,1,1,1,1,1,1,1,1,1,1,1,1,1,1,1,1,1,1,1,1,1,1,1,1,1,1,1,1,1,1,1,1,1,1,1,1,1,1,1,1,1,1,1,1,1,1,1,1,1,1,1,1,1,1,1,1,1,1,1,1,1,1,1,1,1,1,1,1,1,1,1,1,1,1,1,1,1,1,1,1,1,1,1,1,1,1,1,1,1,1,1,1,1,1,1,1,1,1,1,1,1,1,1,1,1,1,1,1,1,1,1,1,1,1,1,1,1,1,1,1
253.91071972789115,254.06164943310657,48,57,1,1,1,1,1,1,1,1,1,1,1,1,1
478.53471201814057,478.84946530612245,68,47,1,1,1,1,1,1,1,1,1,1,1,1,1,1,1,1,1,1,1,1,1,1,1,1,1,1,1,1
63.52315691609977,64.09332970521541,31,52,1,1,1,1,1,1,1,1,1,1,1,1,1,1,1,1,1,1,1,1,1,1,1,1,1,1,1,1,1,1,1,1,1,1,1,1,1,1,1,1,1,1,1,1,1,1,1,1,1,1
40.08009977324264,40.21941950113379,48,56,1,1,1,1,1,1,1,1,1,1,1,1
302.3680326530612,302.6582820861678,29,55,1,1,1,1,1,1,1,1,1,1,1,1,1,1,1,1,1,1,1,1,1,1,1,1,1
466.4526321995465,466.6383918367347,53,55,0,0,0,1,1,1,1,1,1,1,1,1,1,1,1,1
404.94961133786853,405.3920743764172,56,54,1,1,1,1,1,1,1,1,1,1,1,1,1,1,1,1,1,1,1,1,1,1,1,1,1,1,1,0,0,0,0,0,0,0,0,1,1,1,1
182.61406848072562,182.90560181405894,31,53,1,1,1,1,1,1,1,1,1,1,1,1,1,1,1,1,1,1,1,1,1,1,1,1,1,1
138.0615596371882,138.34019909297052,45,53,1,1,1,1,1,1,1,1,1,1,1,1,1,1,1,1,1,1,1,1,1,1,1,1
454.8697814058957,455.2774145124717,65,50,1,1,1,1,1,1,1,1,1,1,1,1,1,1,1,1,1,1,1,1,1,1,1,1,1,1,1,1,1,1,1,1,1,1,1,1
563.458853968254,564.2263963718821,35,49,1,1,1,1,1,1,1,1,1,1,1,1,1,1,1,1,1,1,1,1,1,1,1,1,1,1,1,1,1,1,1,1,1,1,1,1,1,1,1,1,1,1,1,1,1,1,1,1,1,1,1,1,1,1,1,1,1,1,1,1,1,1,1,1,1,1,1
383.7137337868481,383.85305351473926,39,54,1,1,1,1,1,1,0,0,0,0,0,0
200.715252154195,200.85457188208616,64,56,1,1,1,1,1,1,1,1,1,1,1,1
89.73324036281178,90.31373922902493,43,45,1,1,1,1,1,1,1,1,1,1,1,1,1,1,1,1,1,1,1,1,1,1,1,1,1,1,1,1,1,1,1,1,1,1,1,1,1,1,1,1,1,1,1,1,1,1,1,1,1,1
265.4471306122449,265.74899002267574,64,60,1,1,1,1,1,1,1,1,1,1,1,1,1,1,1,1,1,1,1,1,1,1,1,1,1,1
551.028474829932,551.6321936507936,78,53,1,1,1,1,1,1,1,1,1,1,1,1,1,1,1,1,1,1,1,1,1,1,1,1,1,1,1,1,1,1,1,1,1,1,1,1,1,1,1,1,1,1,1,1,1,1,1,1,1,1,1,1
483.49602403628114,483.9488131519274,37,52,1,1,1,1,1,1,1,1,1,1,1,1,1,1,1,1,1,1,1,1,1,1,1,1,1,1,0,0,0,0,1,1,0,0,0,1,1,1,1
397.35283446712015,398.30485260770973,46,52,1,1,1,1,1,1,1,1,1,1,1,1,1,1,1,1,1,1,1,1,1,1,1,1,1,1,1,1,1,1,1,2,2,2,2,1,1,1,1,1,1,1,1,1,1,1,1,1,1,1,1,1,1,1,1,1,1,1,1,1,1,1,1,1,1,1,1,1,1,1,2,2,2,1,1,1,1,1,1,1,1,1
80.2762993197279,80.49688888888889,64,54,1,1,1,1,1,1,1,1,1,1,1,1,1,1,1,1,1,1,1
3.519107029478458,3.809356462585034,69,48,1,1,1,1,1,1,1,1,1,1,1,1,1,1,1,1,1,1,1,1,1,1,1,1,1
486.16760272108843,486.4462421768707,30,57,1,1,1,1,1,1,1,1,1,1,1,1,1,1,1,1,1,1,1,1,1,1,1,1
243.6526902494331,243.9661596371882,60,45,1,1,1,1,1,1,1,1,1,1,1,1,1,1,1,1,1,1,1,1,1,1,1,1,1,1,1
94.18242947845805,95.19249750566894,36,47,1,1,1,1,1,1,1,1,1,1,1,1,1,1,1,1,1,1,1,1,1,1,1,1,1,1,1,1,1,1,1,1,1,1,1,1,1,1,1,1,1,1,1,1,1,1,1,1,1,1,1,1,1,1,1,1,1,1,1,1,1,1,1,1,1,1,1,1,1,1,1,1,1,1,1,1,1,1,1,1,1,1,1,1,1,1,1
258.84881179138324,259.61507029478463,33,51,1,1,1,1,1,1,1,1,1,1,1,1,1,1,1,1,1,1,1,1,1,1,1,1,1,1,1,1,1,1,1,1,1,1,1,1,1,1,1,1,1,1,1,1,1,1,1,1,1,1,1,1,1,1,1,1,1,1,1,1,1,1,1,1,1,1
247.335620861678,247.63748027210886,55,51,1,1,1,1,1,1,1,1,1,1,1,1,1,1,1,1,1,1,1,1,1,1,1,1,1,1
82.84338820861677,83.86635011337869,48,45,1,1,1,1,1,1,1,1,1,1,1,1,1,1,1,1,1,1,1,1,1,1,1,1,1,1,1,1,1,1,1,1,1,1,1,1,1,1,1,1,1,1,1,1,1,1,1,1,1,1,1,1,1,1,1,1,1,1,1,1,1,1,1,1,1,1,1,1,1,1,1,1,1,1,1,1,1,1,1,1,1,1,1,1,1,1,1,1,1
418.5074421768707,419.0415011337868,53,49,0,0,1,1,1,1,1,1,1,1,1,1,1,1,1,1,1,1,1,1,1,1,1,1,1,1,1,1,1,1,1,1,1,1,0,0,0,0,0,0,0,0,0,1,1,1
232.1046693877551,232.66323219954648,33,51,1,1,1,1,1,1,1,1,1,1,1,1,1,1,1,1,1,1,1,1,1,1,1,1,1,1,1,1,1,1,1,1,1,1,1,1,1,1,1,1,1,1,1,1,1,1,1,1,1
108.06533968253969,108.29753922902495,64,53,1,1,1,1,1,1,1,1,1,1,1,1,1,1,1,1,1,1,1,1
68.12455963718821,68.40319909297052,64,57,1,1,1,1,1,1,1,1,1,1,1,1,1,1,1,1,1,1,1,1,1,1,1,1
437.0136911564626,437.1426848072562,54,56,1,2,2,2,2,2,1,1,1,1,1,1
580.0958965986395,580.4558058956916,78,52,1,1,1,1,1,1,1,1,1,1,1,1,1,1,1,1,1,1,1,1,1,1,1,1,1,1,1,1,1,1,1
519.5216739229024,519.9048031746031,65,42,1,1,1,1,1,1,1,1,1,1,1,1,1,1,1,1,1,1,1,1,1,1,1,1,0,0,0,0,0,0,1,1,1
451.37389433106574,452.00083310657595,30,52,1,1,1,1,1,1,1,1,1,1,1,1,1,1,1,1,1,1,1,1,1,1,1,1,1,1,1,1,1,1,1,1,1,1,1,1,1,1,1,1,1,1,1,1,1,1,1,1,1,1,1,1,1,1
287.4621605442177,287.6014802721088,40,57,3,3,1,1,1,1,1,1,1,1,1,1
92.62540861678004,92.7647283446712,48,57,1,1,1,1,1,1,1,1,1,1,1,1
456.1365528344671,456.6822217687075,65,44,1,1,1,1,1,1,1,1,1,1,1,1,1,1,1,1,1,1,1,1,1,1,1,1,1,1,1,1,1,1,1,1,1,1,1,1,1,1,1,1,1,1,1,1,1,1,1
161.78454013605443,161.93546984126985,57,55,1,1,1,1,1,1,1,1,1,1,1,1,1
279.5390204081633,279.8292698412699,57,53,1,1,1,1,1,1,1,1,1,1,1,1,1,1,1,1,1,1,1,1,1,1,1,1,1
87.65377052154196,88.35036916099774,33,53,0,0,0,1,1,1,1,1,1,1,1,1,1,1,1,1,1,1,1,1,1,1,1,1,1,1,1,1,1,1,1,1,1,1,1,1,1,1,1,1,1,1,1,1,1,1,1,1,1,1,1,1,1,1,1,1,1,1,1,1
145.20683129251702,145.41581088435376,43,54,0,0,0,1,1,1,0,0,0,0,1,1,1,1,1,1,1,1
454.3937723356009,455.1497047619048,58,47,1,1,1,1,1,1,1,1,1,1,1,1,1,1,1,1,1,1,1,1,1,1,1,1,1,1,1,1,1,1,1,1,1,1,1,1,1,1,1,1,1,1,1,1,1,1,1,1,1,1,1,1,1,1,1,1,1,1,1,1,1,1,1,1,1,1
422.3645224489796,423.0379011337869,41,58,1,1,1,1,1,1,1,1,1,1,1,1,1,1,0,0,0,0,0,0,0,1,1,1,1,1,1,1,1,1,1,1,1,1,1,1,1,1,1,1,1,1,1,1,1,1,1,1,1,1,1,1,1,1,1,1,1,1
14.67238866213152,14.86975827664399,69,50,1,1,1,1,1,1,1,1,1,1,1,1,1,1,1,1,1
142.8822680272109,143.05770158730158,43,55,1,1,1,1,1,1,1,1,1,1,1,1,1,1,1,1
113.03697777777778,113.456220861678,60,54,1,1,1,1,1,1,1,1,1,1,1,1,1,1,1,1,1,1,1,1,1,1,1,1,1,1,1,1,1,1,1,1,1,1,1,1,1
360.4435424036281,360.9427714285714,48,47,1,1,1,1,1,1,1,1,1,1,1,1,1,1,1,1,1,1,0,0,0,0,0,0,0,1,1,1,1,1,1,1,1,1,1,1,1,1,1,1,1,1,1
34.166769614512475,34.5034589569161,57,53,1,1,1,1,1,1,1,1,1,1,1,1,1,1,1,1,1,1,1,1,1,1,1,1,1,1,1,1,1
424.6297519274376,424.8503414965986,56,56,1,1,1,1,1,1,1,1,1,1,1,1,1,1,1,1,1,1,1
75.97803990929705,76.40760907029478,43,55,1,1,1,1,1,1,1,1,1,1,1,1,1,1,1,1,1,1,1,1,1,1,1,1,1,1,1,1,1,1,1,1,1,1,1,1,1
258.0232195011338,258.1857591836735,33,55,1,1,1,1,1,1,1,1,1,1,1,1,1,1
81.11221768707483,82.37898911564625,55,47,1,1,1,1,1,1,1,1,1,1,1,1,1,1,1,1,1,1,1,1,1,1,1,1,1,1,1,1,1,1,1,1,1,1,1,1,1,1,1,1,1,1,1,1,1,1,1,1,1,1,1,1,1,1,1,1,1,1,1,1,1,1,1,1,1,1,1,1,1,1,1,1,1,1,1,1,1,1,1,1,1,1,1,1,1,1,1,1,1,1,1,1,1,1,1,1,1,1,1,1,1,1,1,1,1,1,1,1,1,1
483.27543446712014,483.9836430839002,44,48,1,1,1,1,1,1,1,0,0,0,0,0,0,0,1,1,1,1,1,1,1,1,1,1,1,1,1,1,1,1,1,1,1,1,1,1,1,1,1,1,1,1,1,1,1,1,1,1,0,0,1,1,1,1,1,1,1,1,1,1,1
126.4206589569161,126.75734829931973,60,54,0,1,1,1,1,1,1,1,1,1,1,1,1,1,1,1,1,1,1,1,1,1,1,1,1,1,1,1,1
251.0882113378685,251.30880090702948,36,54,1,1,1,1,1,1,1,1,1,1,1,1,1,1,1,1,1,1,1
122.4242589569161,122.59840861678005,48,55,1,1,1,1,1,1,1,1,1,1,1,1,1,1,1
359.8398235827664,360.06041315192743,44,54,1,1,1,1,1,1,1,1,1,1,1,1,1,1,1,1,1,1,1
349.6037301587302,349.9533133786848,65,54,1,0,1,1,1,1,1,1,0,0,0,0,0,1,1,1,1,1,1,1,0,0,0,0,1,1,1,1,1,1,1
232.39491882086168,232.66323219954648,60,54,1,1,1,1,1,1,1,1,1,1,1,1,1,1,1,1,1,1,1,1,1,1,1,1
273.2425609977325,274.09008934240364,55,52,1,1,1,1,1,1,1,1,1,1,1,1,1,1,1,1,1,1,1,1,1,1,1,1,1,1,1,1,1,1,1,1,1,1,1,1,1,1,1,1,1,1,1,1,1,1,1,1,1,1,1,1,1,1,1,1,1,1,1,1,1,1,1,1,1,1,1,1,1,1,1,1,1
442.9850712018141,443.1488947845805,53,54,0,0,1,1,1,1,1,1,1,1,1,1,1,1,1
328.01955328798186,328.3214126984127,29,56,1,1,1,1,1,1,1,1,1,1,1,1,1,1,1,1,1,1,1,1,1,1,1,1,1,1
62.81494829931973,63.30256734693878,31,50,1,1,1,1,1,1,1,1,1,1,1,1,1,1,1,1,1,1,1,1,1,1,1,1,1,1,1,1,1,1,1,1,1,1,1,1,1,1,1,1,1,1
226.63380226757369,226.77312199546486,36,54,1,1,1,1,1,1,1,1,1,1,1,1
618.4680458049887,618.6073655328798,59,55,1,1,1,1,1,1,1,1,1,1,1,1
205.8146,205.95391972789116,41,54,1,1,1,1,1,1,1,1,1,1,1,1
494.21845260770976,494.7073555555556,58,45,1,1,1,1,1,1,1,1,1,1,1,1,1,1,1,1,1,1,1,1,1,1,1,1,1,1,1,1,1,1,1,1,1,1,1,1,1,1,1,1,1,1,1
520.6491256235827,520.8464952380953,50,56,1,1,1,1,1,1,1,1,1,1,1,1,1,1,1,1,1
137.05020770975057,137.1792013605442,43,54,1,1,1,1,0,0,0,0,0,0,0,0
111.10843764172336,111.24904126984127,57,54,1,1,1,1,1,1,1,1,1,1,1,1,1
561.2516743764172,561.6231936507936,32,53,1,1,1,1,1,1,1,1,1,1,1,1,1,1,1,1,1,1,1,1,1,1,1,1,1,1,1,1,1,1,1,1
449.48018412698417,450.08390294784584,30,56,1,1,1,1,1,1,1,1,1,1,1,1,1,1,1,1,1,1,1,1,1,1,1,1,1,1,1,0,0,0,0,1,1,1,1,1,1,1,1,1,1,1,1,1,1,1,1,1,1,1,1,1
538.6909755102041,538.8302952380952,44,55,1,1,1,1,1,1,1,1,1,1,1,1
261.5668303854875,261.71776009070294,52,54,1,1,1,1,1,1,1,1,1,1,1,1,1
94.56555873015873,94.79775827664399,64,50,1,1,1,1,1,1,1,1,1,1,1,1,1,1,1,1,1,1,1,1
211.73954013605442,211.91368979591837,64,56,1,1,1,1,1,1,1,1,1,1,1,1,1,1,1
239.09901133786846,239.42409070294784,36,55,1,1,1,1,1,1,1,1,1,1,1,1,1,1,1,1,1,1,1,1,1,1,1,1,1,1,1,1
553.5491238095238,554.2573324263038,26,52,1,1,1,1,1,1,1,1,1,1,1,1,1,1,1,1,1,1,1,1,1,1,1,1,1,1,1,1,1,1,1,1,1,1,1,1,1,1,1,1,1,1,1,1,1,1,1,1,1,1,1,1,1,1,1,1,1,1,1,1,1
235.55540045351475,236.42743265306123,31,49,1,1,1,1,1,1,1,1,1,1,1,1,1,1,1,1,1,1,1,1,1,1,1,1,1,1,1,1,1,1,1,1,1,1,1,1,1,1,1,1,1,1,1,1,1,1,1,1,1,1,1,1,1,1,1,1,1,1,1,1,1,1,1,1,1,1,1,1,1,1,1,1,1,1,1,1
510.38981224489794,510.75100544217685,29,46,1,1,1,1,1,1,1,1,1,1,1,1,1,1,1,1,1,1,1,1,1,1,1,1,1,1,1,1,1,1,1,1
194.1736993197279,195.35920090702948,31,46,1,1,1,1,1,1,1,1,1,1,1,1,1,1,1,1,1,1,1,1,1,1,1,1,1,1,1,1,1,1,1,1,1,1,1,1,1,1,1,1,1,1,1,1,1,1,1,1,1,1,1,1,1,1,1,1,1,1,1,1,1,1,1,1,1,1,1,1,1,1,1,1,1,1,1,1,1,1,1,1,1,1,1,1,1,1,1,1,1,1,1,1,1,1,1,1,1,1,1,1,1,1,1
268.5263424036281,268.7817619047619,29,51,1,1,1,1,1,1,1,1,1,1,1,1,1,1,1,1,1,1,1,1,1,1
377.2534507936508,377.66108390022674,37,56,0,0,1,1,1,1,1,1,1,1,1,1,1,1,1,1,1,1,1,1,1,1,1,1,1,1,1,1,1,1,1,1,1,1,1,1
116.51092879818594,116.97532789115647,31,55,1,1,1,1,1,1,1,1,1,1,1,1,1,1,1,1,1,1,1,1,1,1,1,1,1,1,1,1,1,1,1,1,1,1,1,1,1,1,1,1
71.59851065759636,71.85393015873015,29,52,1,1,1,1,1,1,1,1,1,1,1,1,1,1,1,1,1,1,1,1,1,1
433.5642439909297,433.85449342403626,32,54,1,1,1,1,1,1,1,1,1,1,1,1,1,1,1,1,1,1,1,1,1,1,1,1,1
131.7534902494331,132.0089097505669,36,51,1,1,1,1,1,1,1,1,1,1,1,1,1,1,1,1,1,1,1,1,1,1
146.7161283446712,147.425620861678,48,52,1,1,1,1,1,1,1,1,1,1,1,1,1,1,1,1,1,1,1,1,1,1,1,1,1,1,1,1,1,1,1,1,1,1,1,1,1,1,1,1,1,1,1,1,1,1,1,1,1,1,1,1,1,1,1,1,1,1,1,1,1,1
550.2144925170068,550.3783160997732,33,53,1,1,1,1,1,1,1,1,1,1,1,1,1,1,1
568.4085560090704,568.6407555555556,45,55,1,1,1,1,1,1,1,1,1,1,1,1,1,1,1,1,1,1,1,1
1.9981999999999998,2.1723496598639453,43,53,1,1,1,1,1,1,1,1,1,1,1,1,1,1,1
313.7290099773242,314.05537324263037,24,55,1,1,1,1,1,1,1,1,1,1,1,1,1,1,1,1,1,1,1,1,1,1,1,1,1,1,1,1,1
93.10141768707483,93.36844716553287,64,53,1,1,1,1,1,1,1,1,1,1,1,1,1,1,1,1,1,1,1,1,1,1,1
136.1330195011338,136.5974185941043,29,53,1,1,1,1,1,1,1,1,1,1,1,1,1,1,1,1,1,1,1,1,1,1,1,1,1,1,1,1,1,1,1,1,1,1,1,1,1,1,1,1
464.67502176870744,465.38451428571426,53,47,1,1,1,1,1,1,1,1,1,1,1,1,1,1,0,1,1,1,1,1,1,1,1,1,1,1,1,1,0,0,0,0,0,0,0,1,1,1,1,1,1,1,1,1,1,1,1,1,1,1,1,1,1,1,1,1,1,1,1,1,1,1
512.4576721088436,513.0510648526077,29,43,1,1,1,1,1,1,1,1,1,1,1,1,1,1,1,1,1,1,1,1,1,1,1,1,1,1,1,1,1,1,1,1,1,1,1,1,1,1,1,1,1,1,1,1,1,1,1,1,1,1,1,1
47.57238684807256,47.71299047619048,45,54,1,1,1,1,1,1,1,1,1,1,1,1,1
460.48125215419503,460.6786217687075,68,56,0,1,1,1,1,1,1,1,1,1,1,1,1,1,1,1,1
191.54856054421768,191.9897396825397,33,55,1,1,1,1,1,1,1,1,1,1,1,1,1,1,1,1,1,1,1,1,1,1,1,1,1,1,1,1,1,1,1,1,1,1,1,1,1,1
350.2435628117914,350.580252154195,65,46,0,1,1,1,1,1,1,1,0,0,0,0,1,1,1,1,1,1,1,1,1,1,1,0,0,0,1,1,1
494.1952326530612,494.71896553287985,34,53,1,1,1,1,1,1,1,1,1,1,1,1,1,1,1,1,0,0,0,0,1,1,1,1,1,1,1,1,1,1,1,1,1,1,1,1,1,1,1,1,1,1,1,1,1,1
437.4677641723356,437.7347936507936,46,48,1,1,1,1,1,1,1,1,1,1,1,1,1,1,1,1,1,1,1,1,1,1,1
35.00268798185941,35.61801678004535,67,44,1,1,1,1,1,1,1,1,1,1,1,1,1,1,1,1,1,1,1,1,1,1,1,1,1,1,1,1,1,1,1,1,1,1,1,1,1,1,1,1,1,1,1,1,1,1,1,1,1,1,1,1,1
135.61057052154194,135.7847201814059,57,53,1,1,1,1,1,1,1,1,1,1,1,1,1,1,1
155.1049514739229,155.27910113378687,43,57,1,1,1,1,1,1,1,1,1,1,1,1,1,1,1
124.43406893424036,124.75914829931973,29,49,1,1,1,1,1,1,1,1,1,1,1,1,1,1,1,1,1,1,1,1,1,1,1,1,1,1,1,1
328.4607324263039,328.71615192743764,29,54,1,1,1,1,1,1,1,1,1,1,1,1,1,1,1,1,1,1,1,1,1,1
190.14246938775509,190.49076870748297,29,45,1,1,1,1,1,1,1,1,1,1,1,1,1,1,1,1,1,1,1,1,1,1,1,1,1,1,1,1,1,1
465.2684145124716,465.767643537415,37,50,1,1,1,1,1,1,1,1,1,1,1,1,1,1,1,1,1,0,0,0,0,1,1,1,1,1,1,1,1,1,1,1,1,1,1,1,1,1,1,1,1,1,1
447.7025736961451,447.92316326530613,58,52,1,1,1,1,1,1,1,1,1,1,1,1,1,1,1,1,1,1,1
223.07858140589568,223.577810430839,43,52,1,1,1,1,1,1,1,1,1,1,1,1,1,1,1,1,1,1,1,1,1,1,1,1,1,1,1,1,1,1,1,1,1,1,1,1,1,1,1,1,1,1,1
539.0973247165533,539.2830843537415,57,55,1,1,1,1,1,1,1,1,1,1,1,1,1,1,1,1
95.472420861678,95.70462040816327,57,51,2,2,1,1,1,1,1,1,1,1,1,1,1,1,1,1,1,1,1,1
222.99731156462585,223.53137052154196,31,50,1,1,1,1,1,1,1,1,1,1,1,1,1,1,1,1,1,1,1,1,1,1,1,1,1,1,1,1,1,1,1,1,1,1,1,1,1,1,1,1,1,1,1,1,1,1
616.4814557823129,616.6323854875284,40,52,1,1,1,1,1,1,1,1,1,1,1,1,1
171.7174902494331,172.1586693877551,64,49,1,1,1,1,1,1,1,1,1,1,1,1,1,1,1,1,1,1,1,1,1,1,1,1,1,1,1,1,1,1,1,1,1,1,1,1,1,1
388.75503174603176,388.99884126984125,60,49,1,1,1,1,1,1,1,1,1,1,1,1,1,1,1,1,1,1,1,1,1
98.78254829931973,99.22372743764173,45,51,1,1,1,1,1,1,1,1,1,1,1,1,1,1,1,1,1,1,1,1,1,1,1,1,1,1,1,1,1,1,1,1,1,1,1,1,1,1
139.17740136054422,139.35155102040818,33,52,0,1,1,1,1,1,1,1,1,1,1,1,1,1,1
452.72065170068026,452.94252517006805,42,53,0,0,1,1,1,1,1,1,1,1,1,1,1,1,1,1,1,1,1,1
518.4058321995466,518.8715151927437,53,54,1,1,1,1,1,1,1,1,1,1,1,1,1,1,1,1,1,1,1,1,1,1,1,1,1,1,1,1,1,1,1,1,1,1,1,1,1,1,1,1,1
551.9804929705215,552.3068562358277,78,51,1,1,1,1,1,1,1,1,1,1,1,1,1,1,1,1,1,1,1,1,1,1,1,1,1,1,1,1,1
532.4525659863945,532.60349569161,62,53,1,1,1,1,1,1,1,1,1,1,1,1,1
179.66385034013604,179.88443990929704,55,50,1,1,1,1,1,1,1,1,1,1,1,1,1,1,1,1,1,1,1
284.9531215419501,285.16210113378685,36,52,1,1,1,1,1,1,1,1,1,1,1,1,1,1,1,1,1,1
259.498970521542,259.6382902494331,60,55,1,1,1,1,1,1,1,1,1,1,1,1
116.8360081632653,117.01015782312926,60,54,1,1,1,1,1,1,1,1,1,1,1,1,1,1,1
527.5028639455783,527.7815034013605,61,52,1,1,1,1,1,1,1,1,1,1,1,1,1,1,1,1,1,1,1,1,1,1,1,1
568.4317759637189,568.5943156462586,78,52,1,1,1,1,1,1,1,1,1,1,1,1,1,1
270.98894149659867,272.05705941043084,55,43,1,1,1,1,1,1,1,1,1,1,1,1,1,1,1,1,1,1,0,0,0,0,1,1,1,1,1,1,1,1,1,1,1,1,1,1,1,1,1,1,1,1,1,1,1,1,1,1,1,0,0,0,0,1,1,1,1,1,1,1,1,1,1,1,1,1,1,1,1,1,1,1,1,1,1,1,1,1,1,1,1,1,1,1,1,1,1,1,1,1,1,1
98.74771836734695,99.4339909297052,60,53,1,1,1,1,1,1,1,1,1,1,1,1,1,1,1,1,1,1,1,1,1,1,1,1,1,1,1,1,1,1,1,1,1,1,1,1,1,1,1,1,1,1,1,1,1,1,1,1,1,1,1,1,1,1,1,1,1,1,1,1
493.13872471655327,493.55668390022674,30,50,1,1,1,1,1,1,1,1,1,1,1,1,1,1,1,1,1,1,1,1,1,1,1,1,1,1,1,1,1,1,1,1,1,1,1,1
217.87345986394558,218.0476095238095,60,51,1,1,1,1,1,1,1,1,1,1,1,1,1,1,1
533.4045841269841,533.5439038548752,45,52,1,1,1,1,1,1,1,1,1,1,1,1
136.07496961451247,136.2839492063492,69,50,1,1,1,1,1,1,1,1,1,1,1,1,1,1,1,1,1,1
461.02820498866214,461.65514376417235,46,48,1,1,1,1,1,1,1,1,1,1,1,1,1,1,1,1,1,1,1,1,1,1,1,1,1,1,1,1,1,1,1,1,1,1,1,1,1,1,1,1,1,1,1,1,1,1,1,1,1,1,1,1,1,1
468.1721927437642,468.474052154195,61,44,1,1,1,1,1,1,1,1,1,1,1,1,1,1,1,1,1,1,1,1,1,1,1,1,1,1
67.043547845805,67.25252743764172,64,43,1,1,1,1,1,1,1,1,1,1,1,1,1,1,1,1,1,1
150.14363945578233,150.37583900226758,29,49,1,1,1,1,1,1,1,1,1,1,1,1,1,1,1,1,1,1,1,1
176.2479492063492,176.4453188208617,57,54,1,1,1,1,1,1,1,1,1,1,1,1,1,1,1,1,1
577.8293832199546,578.5853156462586,54,43,0,1,1,1,1,1,1,1,1,1,1,1,1,1,1,1,1,1,1,1,1,1,1,1,1,1,1,1,1,1,1,1,1,1,1,1,1,1,1,1,1,1,1,1,1,1,1,1,1,1,1,1,1,1,1,1,1,1,1,1,1,1,1,1,1,1
28.543688888888887,28.752668480725625,57,52,1,1,1,1,1,1,1,1,1,1,1,1,1,1,1,1,1,1
223.32239092970522,223.49654058956915,60,53,1,1,1,1,1,1,1,1,1,1,1,1,1,1,1
364.4283324263039,365.07849115646263,48,43,1,1,1,1,1,1,1,1,1,1,1,1,1,1,1,1,1,1,1,1,1,1,1,1,1,1,1,1,1,1,1,1,1,1,0,0,0,1,1,1,1,1,1,1,1,1,1,1,1,1,1,1,1,1,1,1
220.47537868480725,220.97589160997734,31,49,1,1,1,1,1,1,1,1,1,1,1,1,1,1,1,1,1,1,1,1,1,1,1,1,1,1,1,1,1,1,1,1,1,1,1,1,1,1,1,1,1,1,1,1
584.2200063492063,584.3593260770974,52,54,1,1,1,1,1,1,1,1,1,1,1,1
188.9118117913832,189.21367120181404,57,46,1,1,1,1,1,1,1,1,1,1,1,1,1,1,1,1,1,1,1,1,1,1,1,1,1,1
568.4317759637189,568.6523655328798,38,45,1,1,1,1,1,0,0,0,0,0,0,0,0,0,1,1,1,1,1
511.9236131519274,512.1325927437641,53,50,1,1,1,1,1,1,1,1,1,1,1,1,1,1,1,1,1,1
273.09163129251704,273.45154058956916,60,44,1,1,1,1,1,1,1,1,1,1,1,1,1,1,1,1,1,1,1,1,1,1,1,1,1,1,1,1,1,1,1
66.0334798185941,66.30050929705216,64,52,1,1,1,1,1,1,1,1,1,1,1,1,1,1,1,1,1,1,1,1,1,1,1
267.35245079365075,267.57304036281175,48,45,1,1,1,1,1,1,1,1,1,1,1,1,1,1,1,1,1,1,1
472.6678217687075,472.95935510204083,41,49,1,1,1,1,1,1,1,1,1,1,1,1,1,1,1,1,1,1,1,1,1,1,1,1,1,1
396.62012199546484,396.8523215419501,46,54,1,1,1,1,1,1,1,1,1,1,1,1,1,1,1,2,1,1,1,1
148.26153922902495,148.54017868480724,64,52,1,1,1,1,1,1,1,1,1,1,1,1,1,1,1,1,1,1,1,1,1,1,1,1
74.69965850340135,74.87380816326531,33,50,1,1,1,1,1,1,1,1,1,1,1,1,1,1,1
127.29269115646258,127.76870022675737,33,48,1,1,1,1,1,1,1,1,1,1,1,1,1,1,1,1,1,1,1,1,1,1,1,1,1,1,1,1,1,1,1,1,1,1,1,1,1,1,1,1,1
508.6367056689342,508.79924535147387,29,51,1,1,1,1,1,1,1,1,1,1,1,1,1,1
423.2249446712018,423.43392426303853,48,49,1,1,1,1,1,1,1,1,1,1,1,1,1,1,1,1,1,1
518.1271927437642,518.2781224489796,72,51,1,1,1,2,1,1,1,1,1,1,1,1,1
77.39445714285715,77.55828072562359,60,53,1,1,1,1,1,1,1,1,1,1,1,1,1,1,1
270.95411156462586,271.09343129251704,69,52,1,1,1,1,1,1,1,1,1,1,1,1
164.06137959183673,164.2587492063492,29,52,1,1,1,1,1,1,1,1,1,1,1,1,1,1,1,1,1
67.6253306122449,67.8459201814059,64,46,1,1,1,1,1,1,1,1,1,1,1,1,1,1,1,1,1,1,1
245.4535206349206,245.73216009070293,72,41,1,1,1,1,1,1,1,1,1,1,1,1,1,1,1,1,1,1,1,1,1,1,1,1
460.5160820861678,460.69023174603177,65,52,1,1,1,1,1,1,1,1,1,1,1,1,1,1,1
456.3223124716553,456.47324217687077,53,52,1,1,1,1,1,1,1,1,1,1,1,1,1
102.5351387755102,102.83699818594104,60,51,1,1,1,1,1,1,1,1,1,1,1,1,1,1,1,1,1,1,1,1,1,1,1,1,1,1
3.4958870748299318,3.820966439909297,74,51,1,1,1,1,1,1,1,1,1,1,1,1,1,1,1,1,1,1,1,1,1,1,1,1,1,1,1,1
151.85159002267574,152.82682811791383,33,46,1,1,1,1,1,1,1,1,1,1,1,1,1,1,1,1,1,1,1,1,1,1,1,1,1,1,1,1,1,1,1,1,1,1,1,1,1,1,1,1,1,1,1,1,1,1,1,1,1,1,1,1,1,1,1,1,1,1,1,0,0,0,1,1,1,1,1,1,1,1,1,1,1,1,1,1,1,1,1,1,1,1,1,1
461.0514249433107,461.330064399093,68,45,1,1,1,1,1,1,1,1,1,1,1,1,1,1,1,1,1,1,1,1,1,1,1,1
498.2496825396825,498.4354421768707,46,52,1,1,1,1,1,1,1,1,1,1,1,1,1,1,1,1
42.10151972789116,42.298889342403626,64,50,1,1,1,1,1,1,1,1,1,1,1,1,1,1,1,1,1
364.3935024943311,364.97400136054426,41,50,1,1,1,1,1,1,1,1,1,1,1,1,1,1,1,1,1,1,1,1,1,1,1,1,1,1,1,1,1,1,1,1,1,1,1,1,1,1,1,1,1,1,1,1,1,1,1,1,1,1
381.33112063492064,381.5181641723356,44,54,1,1,1,1,1,1,1,1,1,1,1,1,1,1,1,1,1
444.2402326530612,444.5885319727891,46,47,2,2,2,2,1,1,1,1,1,1,1,1,1,0,1,1,1,1,1,1,1,1,1,1,1,1,1,1,1,1
614.6457954648525,614.9244349206349,69,43,1,1,1,1,1,1,1,1,1,1,1,1,1,1,1,1,1,1,1,1,1,1,1,1
458.90101133786845,459.03000498866214,34,51,1,1,1,1,1,1,1,1,1,1,1,1
181.0815514739229,181.31375102040818,31,52,1,1,1,1,1,1,1,1,1,1,1,1,1,1,1,1,1,1,1,1
562.0759827664399,562.3791260770975,33,53,1,1,1,1,1,1,1,1,1,1,1,1,1,1,1,1,1,1,1,1,1,1,1,1,1,1,1
577.0979546485261,577.3185442176871,54,50,1,1,1,1,1,1,1,1,1,1,1,1,1,1,1,1,1,1,1
448.3759523809524,448.86357142857145,58,43,1,1,1,1,1,1,1,1,1,1,1,1,1,1,1,1,1,1,1,1,1,1,1,1,1,1,1,1,1,1,1,1,1,1,1,1,1,1,1,1,1,1
351.11431111111114,351.3697306122449,84,52,1,1,1,1,1,1,1,1,1,1,1,1,1,1,1,1,1,1,1,1,1,1
162.736558276644,163.13258140589568,29,49,1,1,1,1,1,1,1,1,1,1,1,1,1,1,1,1,1,1,1,1,1,1,1,1,1,1,1,1,1,1,1,1,1,1,1
515.722643537415,516.0361129251701,53,48,1,1,1,1,1,1,1,1,1,1,1,1,0,0,1,1,1,1,1,1,1,1,1,1,1,1,2
443.75261360544215,443.93837324263035,58,49,1,1,1,1,1,1,1,1,1,1,1,1,1,1,1,1
495.75225351473927,495.961233106576,34,53,1,1,1,1,1,1,1,1,1,1,1,1,1,1,1,1,1,1
605.1772444444445,605.3397841269841,42,51,1,1,1,1,1,1,1,1,1,1,1,1,1,1
454.26606258503404,454.4286022675737,49,49,0,1,1,1,1,1,1,1,1,1,1,1,1,1
529.7913133786849,530.0931727891157,45,43,1,1,1,1,1,1,1,1,1,1,1,1,1,1,1,1,1,1,1,1,1,1,1,1,1,1
468.82235147392294,468.95134512471657,44,53,1,1,1,1,1,1,1,1,1,1,1,1
500.2362725623583,500.3755922902494,49,51,1,1,1,1,1,1,1,1,1,1,1,1
559.7875333333333,559.99651292517,32,49,1,1,1,1,1,1,1,1,1,1,1,1,1,1,1,1,1,1
465.5818839002267,465.767643537415,53,54,1,1,1,1,1,1,1,1,1,1,1,1,1,1,1,1
607.7791632653061,607.9662068027211,59,50,1,1,1,1,1,1,1,1,1,1,1,1,1,1,1,1,1
437.29361451247166,437.6419138321995,54,46,1,1,1,1,1,1,1,1,1,1,1,1,1,1,1,1,1,1,1,1,1,1,1,1,1,1,1,1,1,1
517.3261043083901,517.5931337868482,68,46,1,1,1,1,1,1,1,1,1,1,1,1,1,1,1,1,1,1,1,1,1,1,1
515.9316231292518,516.1406027210885,65,50,1,1,1,1,1,1,1,1,1,1,1,1,1,1,1,1,1,1
340.77501179138324,341.1233111111111,24,50,1,1,1,1,1,1,1,1,1,1,1,1,1,1,1,1,1,1,1,1,1,1,1,1,1,1,1,1,1,1
10.165149659863946,10.44378911564626,67,51,1,1,1,1,1,1,1,1,1,1,1,1,1,1,1,1,1,1,1,1,1,1,1,1
553.4446340136054,554.3282761904762,78,48,1,1,1,1,1,1,1,1,1,1,1,1,1,1,1,1,1,1,1,1,1,1,1,1,1,1,1,1,1,1,1,1,1,1,1,1,1,1,1,1,1,1,1,1,1,1,1,1,1,1,1,1,1,1,1,1,1,1,1,1,1,1,1,1,1,1,1,1,1,1,1,1,1,1,1,1,1
492.5685519274376,492.8949151927438,30,45,1,1,1,1,1,1,1,1,1,1,1,1,1,1,1,1,1,1,1,1,1,1,1,1,1,1,1,1,1
71.05155782312926,71.37663718820862,57,45,1,1,1,1,1,1,1,1,1,1,1,1,1,1,1,1,1,1,1,1,1,1,1,1,1,1,1,1
77.06937777777777,77.5234507936508,55,42,1,1,1,1,1,1,1,1,1,1,1,1,1,1,1,1,1,1,1,1,1,1,1,1,1,1,1,1,1,1,1,1,1,1,1,1,1,1,1,1
606.2466462585035,606.4091859410431,66,53,1,1,1,1,1,1,1,1,1,1,1,1,1,1
175.4933006802721,175.95769977324264,29,49,1,1,1,1,1,1,1,1,1,1,1,1,1,1,1,1,1,1,1,1,1,1,1,1,1,1,1,1,1,1,1,1,1,1,1,1,1,1,1,1
423.190114739229,423.41070430839,53,47,1,1,1,1,1,1,1,1,1,1,1,1,1,1,2,2,1,1,1
398.58349206349203,398.7228117913832,48,49,1,1,1,1,1,1,1,1,1,1,1,1
280.58520226757366,281.3398507936508,29,48,1,1,1,1,1,1,1,1,1,1,1,1,1,1,1,1,1,1,1,1,1,1,1,1,1,1,1,1,1,1,1,1,1,1,1,1,1,1,1,1,1,1,1,1,1,1,1,1,1,1,1,1,1,1,1,1,1,1,1,1,1,1,1,1,1
169.0343015873016,169.17362131519275,31,49,1,1,1,1,1,1,1,1,1,1,1,1
609.6844834467121,609.8238031746032,61,50,1,1,1,1,1,1,1,1,1,1,1,1
136.12140952380952,136.2607292517007,57,49,1,1,1,1,1,1,1,1,1,1,1,1
499.7602634920635,499.9111931972789,34,51,1,1,1,1,1,1,1,1,1,1,1,1,1
41.34558730158731,41.647446712018144,48,42,1,1,1,1,1,1,1,1,1,1,1,1,1,1,1,1,1,1,1,1,1,1,1,1,1,1
482.55433197278916,482.75298548752835,44,52,1,1,1,1,1,1,1,1,1,1,1,1,1,1,1,1,1,1
469.40413424036285,469.54345396825397,44,49,1,1,1,1,1,1,1,1,1,1,1,1
138.24731927437642,138.52595873015872,72,40,1,1,1,1,1,1,1,1,1,1,1,1,1,1,1,1,1,1,1,1,1,1,1,1
278.48251247165535,278.7495419501134,29,46,1,1,1,1,1,1,1,1,1,1,1,1,1,1,1,1,1,1,1,1,1,1,1
350.5918621315193,350.9633814058957,60,47,1,1,1,1,1,1,1,1,1,1,1,1,1,1,1,1,1,1,1,1,1,2,1,1,1,1,1,1,1,1,1,1
381.37756054421766,381.50655419501135,37,51,1,1,1,1,1,1,1,1,1,1,1,1
212.75089206349205,212.90182176870746,64,50,1,1,1,1,1,1,1,1,1,1,1,1,1
571.8231732426304,571.9857129251701,49,52,1,1,1,1,1,1,1,1,1,1,1,1,1,1
109.65719047619046,110.09836961451246,57,43,1,1,1,1,1,0,0,0,1,1,1,1,1,1,1,1,1,1,1,1,1,1,1,1,1,1,1,1,1,1,1,1,1,1,1,1,1,1
68.10133968253969,68.379979138322,48,52,1,1,1,1,1,1,1,1,1,1,1,1,1,1,1,1,1,1,1,1,1,1,1,1
241.86346984126985,242.1304993197279,48,52,1,1,1,1,1,1,1,1,1,1,1,1,1,1,1,1,1,1,1,1,1,1,1
349.1509410430839,349.3367006802721,80,50,0,0,0,0,1,1,1,1,1,1,1,1,1,1,1,1
473.35409433106577,473.7023936507937,48,48,1,1,1,1,1,1,1,1,1,1,1,1,1,1,1,1,2,2,2,1,1,1,1,1,1,1,1,1,1,1
271.3488507936508,271.6623201814059,72,49,1,1,1,1,1,1,1,1,1,1,1,1,1,1,1,1,1,1,1,1,1,1,1,1,1,1,1
483.5540739229025,483.71661360544215,53,50,1,1,1,1,1,1,1,1,1,1,1,1,1,1
612.7404752834467,613.1352145124716,35,44,1,1,1,1,1,1,1,1,1,1,1,1,1,1,1,1,1,1,1,1,1,1,1,1,1,1,1,1,1,1,1,1,1,1
251.83124988662132,252.04022947845806,64,52,1,1,1,1,1,1,1,1,1,1,1,1,1,1,1,1,1,1
587.1586145124717,587.3559841269841,45,48,1,1,1,1,1,1,1,1,1,1,1,1,1,1,1,1,1
188.92342176870747,189.0743514739229,48,49,1,1,1,1,1,1,1,1,1,1,1,1,1
153.9542798185941,154.1168195011338,33,50,1,1,1,1,1,1,1,1,1,1,1,1,1,1
204.17630929705214,204.43172879818593,60,50,1,1,1,1,1,1,1,1,1,1,1,1,1,1,1,1,1,1,1,1,1,1
447.63291383219956,447.78384353741495,65,50,1,1,1,1,1,1,1,1,1,1,1,1,1
240.69086213151928,240.95789160997734,29,48,1,1,1,1,1,1,1,1,1,1,1,1,1,1,1,1,1,1,1,1,1,1,1
73.2239074829932,74.01466984126984,33,42,0,0,0,0,1,1,1,1,1,1,1,1,1,1,1,1,1,1,1,1,1,1,1,1,1,1,1,1,1,1,1,1,1,1,1,1,1,1,1,1,1,1,1,1,1,1,1,1,1,1,1,1,1,1,1,1,1,1,1,1,1,1,1,1,1,1,1,1,1
262.07766938775507,262.4040326530612,31,50,1,1,1,1,1,1,1,1,1,1,1,1,1,1,1,1,1,1,1,1,1,1,1,1,1,1,1,1,1
90.7316984126984,91.41797097505669,31,43,1,1,1,1,1,1,1,1,1,1,1,1,1,1,1,1,1,1,1,1,1,1,1,1,1,1,1,1,1,1,1,1,1,1,1,1,1,1,1,1,1,1,1,1,1,1,1,1,1,1,1,1,1,1,1,1,1,1,1,1
142.1624494331066,142.46430884353742,31,48,1,1,1,1,1,1,1,1,1,1,1,1,1,1,1,1,1,1,1,1,1,1,1,1,1,1
601.7613433106576,601.9599968253968,28,49,2,2,2,2,2,1,1,1,1,1,1,1,1,1,1,1,1,1
246.03401950113377,246.17333922902492,69,49,1,1,1,1,1,1,1,1,1,1,1,1
362.72038185941045,363.18478095238095,41,45,1,1,1,2,1,1,1,1,1,1,1,1,1,1,1,1,1,1,1,1,1,1,1,1,1,1,1,1,1,0,1,1,1,1,1,1,1,1,1,1
82.52991882086167,82.6808485260771,48,51,1,1,1,1,1,1,1,1,1,1,1,1,1
112.14300952380952,112.57257868480725,33,47,1,1,1,1,1,1,1,1,1,1,1,1,1,1,1,1,1,1,1,1,1,1,1,1,1,1,1,1,1,1,1,1,1,1,1,1,1
529.6984335600907,529.9886829931974,54,45,1,1,1,1,1,1,1,1,1,1,1,1,1,1,1,1,1,1,1,1,1,1,1,1,1
464.1525727891156,464.2918925170068,53,50,1,1,1,1,1,1,1,1,1,1,1,1
115.90720997732427,116.31355918367348,31,42,1,1,1,1,1,1,1,1,1,1,1,1,1,1,1,1,1,1,1,1,1,1,1,1,1,1,1,1,1,1,1,1,1,1,1
596.3485260770975,596.987074829932,62,39,1,1,1,1,1,1,1,1,1,1,1,1,1,1,1,1,1,1,1,1,1,1,1,1,0,0,0,1,1,1,1,1,1,1,1,1,1,1,1,1,1,1,1,1,1,1,1,1,1,1,1,1,1,1,1
111.16648752834466,111.31870113378685,48,49,1,1,1,1,1,1,1,1,1,1,1,1,1,1
146.75095827664398,147.2398612244898,76,43,1,1,1,1,1,1,1,1,1,1,1,1,1,1,1,1,1,1,1,1,1,1,1,1,1,1,1,1,1,1,1,1,1,1,1,1,1,1,1,1,1,1,1
112.99053786848073,113.3633410430839,55,44,1,1,1,1,1,1,1,1,1,1,1,1,1,1,1,1,1,1,1,1,1,1,1,1,1,1,1,1,1,1,1,1,1
117.77770022675737,118.03311972789116,31,50,1,1,1,1,1,1,1,1,1,1,1,1,1,1,1,1,1,1,1,1,1,1
477.45498412698413,477.59430385487525,68,49,1,1,1,1,1,1,1,1,1,1,1,1
448.45722222222224,448.9680612244898,65,46,1,1,0,0,1,1,1,1,1,1,1,1,1,1,1,1,1,1,1,1,1,1,1,1,1,1,1,1,1,1,1,1,1,1,1,1,1,1,1,1,1,1,1,1
241.16687120181408,241.30619092970522,57,49,1,1,1,1,1,1,1,1,1,1,1,1
412.94241133786846,413.2094408163265,37,50,1,1,1,1,1,1,1,1,1,1,1,1,1,1,1,1,1,1,1,1,1,1,1
146.8090081632653,146.971547845805,43,49,1,1,1,1,1,1,1,1,1,1,1,1,1,1
145.06751156462585,145.27649115646258,64,48,1,1,1,1,1,1,1,1,1,1,1,1,1,1,1,1,1,1
442.671601814059,442.8573614512472,65,46,1,1,1,2,2,2,1,1,1,1,1,1,1,1,1,1
460.5393020408163,461.6319238095238,53,44,1,1,1,1,1,1,1,1,1,1,1,1,1,1,1,1,1,1,1,1,1,1,1,1,1,1,1,0,0,0,0,0,0,0,1,1,1,1,1,1,1,1,1,1,1,1,1,1,1,1,1,1,1,1,1,1,1,1,1,1,1,1,1,1,1,1,1,1,1,1,1,1,1,1,1,1,1,1,1,1,1,1,1,1,1,1,1,1,1,1,1,1,1,1,1
26.04625986394558,26.278459410430838,62,47,1,1,1,1,1,1,1,1,1,1,1,1,1,0,1,1,1,1,1,1
10.339299319727893,10.571498866213153,52,42,1,1,1,1,1,1,1,1,1,1,1,1,1,1,1,1,1,1,1,1
168.5686185941043,168.8717619047619,31,44,1,1,1,1,1,1,1,1,1,1,1,1,1,1,1,1,1,1,1,1,1,1,1,1,1,1,1
329.29665079365077,329.5752902494331,72,44,1,1,1,1,1,1,1,1,1,1,1,1,1,1,1,1,1,1,1,1,1,1,1,1
296.5243623582767,296.6985120181406,38,48,1,1,1,1,1,1,1,1,1,1,1,1,1,1,1
606.5252857142857,606.8735850340137,69,46,1,1,1,1,1,1,1,1,1,1,1,1,1,1,1,1,1,1,1,1,1,1,1,1,1,1,1,1,1,1
148.41246893424037,148.57500861678005,48,49,1,1,1,1,1,1,1,1,1,1,1,1,1,1
468.032873015873,468.2882925170068,53,49,1,1,1,1,1,1,1,1,1,1,1,1,1,1,1,1,1,1,1,1,1,1
551.2142344671201,551.6554136054422,54,45,1,1,1,1,1,1,1,1,1,1,1,1,1,1,1,1,1,1,1,1,1,1,1,1,1,1,1,1,1,1,1,1,1,1,1,1,1,1
598.4744358276644,598.636975510204,64,48,1,1,1,1,1,1,1,1,1,1,1,1,1,1
472.3427424036281,472.9709650793651,48,45,1,0,0,0,0,0,1,1,1,1,1,1,1,1,1,1,1,1,1,1,1,1,1,1,1,1,1,1,1,1,1,1,1,1,1,1,1,1,1,1,1,1,1,1,1,1,1,1,1,1,1,1,1,1,1
212.18071927437643,212.33164897959185,36,49,1,1,1,1,1,1,1,1,1,1,1,1,1
29.205457596371883,29.367997278911563,69,47,1,1,1,1,1,1,1,1,1,1,1,1,1,1
246.2778290249433,246.6158022675737,55,45,1,1,1,1,1,1,1,1,1,1,1,1,1,1,1,1,1,1,1,1,1,1,1,1,1,1,1,1,1,1
516.966195011338,517.1983945578231,65,48,1,1,1,1,1,1,1,1,1,1,1,1,1,1,1,1,1,1,1,1
95.64657052154195,95.9484299319728,29,44,1,1,1,1,1,1,1,1,1,1,1,1,1,1,1,1,1,1,1,1,1,1,1,1,1,1
613.4022439909297,613.7389333333333,35,47,1,1,1,1,1,1,1,1,1,1,1,1,1,1,1,1,1,1,1,1,1,1,1,1,1,1,1,1,1
193.163631292517,193.604810430839,60,38,1,1,1,1,1,1,1,1,1,1,1,1,1,1,2,2,2,2,1,1,1,1,1,1,1,1,1,1,1,1,1,1,1,1,0,1,1,1
96.19223945578231,96.354779138322,29,48,1,1,1,1,1,1,1,1,1,1,1,1,1,1
465.5006140589569,465.7792535147392,56,46,1,1,1,1,1,1,1,1,1,1,1,1,1,1,1,1,1,1,1,1,1,1,1,1
81.18187755102042,81.33280725623584,43,50,1,1,1,1,1,1,1,1,1,1,1,1,1
534.3217723356008,534.4972058956915,61,47,1,1,1,1,1,1,1,1,1,1,1,1,1,1,1,1
240.06263945578232,240.5283224489796,29,46,1,1,1,1,1,1,1,1,1,1,1,1,1,1,1,1,1,1,1,1,1,1,1,1,1,1,1,1,1,1,1,1,1,1,1,1,1,1,1,1,1
466.5106820861678,466.74288163265305,37,45,1,1,1,1,1,1,1,1,1,1,1,1,1,1,1,1,1,1,1,1
179.66385034013604,179.82639002267572,33,49,1,1,1,1,1,1,1,1,1,1,1,1,1,1
569.6508235827665,569.9178530612245,66,42,1,1,1,1,1,1,1,1,1,1,1,1,1,1,1,1,1,1,1,1,1,1,1
385.9441333333333,386.22277278911565,41,42,1,1,1,1,1,1,1,1,1,1,1,1,1,1,1,1,1,1,1,1,1,1,1,1
493.742443537415,493.90498321995466,30,49,1,1,1,1,1,1,1,1,1,1,1,1,1,1
27.09115782312925,27.31174739229025,81,49,1,1,1,1,1,1,1,1,1,1,1,1,1,1,1,1,1,1,1
2.044639909297052,2.26522947845805,31,49,1,1,1,1,1,1,1,1,1,1,1,1,1,1,1,1,1,1,1
420.59852199546486,420.84233151927435,41,48,1,1,1,1,1,1,1,1,1,1,1,1,0,0,0,0,0,1,1,1,1
204.15308934240363,204.40850884353742,45,50,1,1,1,1,1,1,1,1,1,1,1,1,1,1,1,1,1,1,1,1,1,1
46.56231882086168,46.70163854875283,69,47,1,1,1,1,1,1,1,1,1,1,1,1
159.6702403628118,159.86760997732426,64,46,1,1,1,1,1,1,1,1,1,1,1,1,1,1,1,1,1
464.65180181405896,465.01299501133786,37,44,1,1,1,1,1,1,1,1,1,1,1,1,1,1,1,1,1,1,1,1,1,1,1,1,1,1,1,1,1,1,1,1
564.9462149659864,565.0855346938775,70,48,1,1,1,1,1,1,1,1,1,1,1,1
101.12904761904761,101.53668072562358,33,44,1,1,1,1,1,1,1,1,1,1,1,1,1,1,1,1,1,1,1,1,1,1,1,1,1,1,1,1,1,1,1,1,1,1,1,1
610.045676643991,610.2778761904763,61,45,1,1,1,1,1,1,1,1,1,1,1,1,1,1,1,1,1,1,1,1
506.1263827664399,506.2773124716553,53,48,1,1,1,1,1,1,1,1,1,1,1,1,1
274.0552594104309,274.5906022675737,43,48,1,1,1,1,1,1,1,1,1,1,1,1,1,1,1,1,1,1,1,1,1,1,1,1,1,1,1,1,1,1,1,1,1,1,1,1,1,1,1,1,1,1,1,1,1,1,1
563.7374934240363,563.8768131519274,59,48,1,1,1,1,1,1,1,0,0,0,0,1
270.68708208616783,270.8380117913832,55,48,1,1,1,1,1,1,1,1,1,1,1,1,1
14.126719727891157,14.300869387755101,69,43,0,0,0,0,1,1,1,1,1,1,1,1,1,1,1
64.26747936507937,64.5693387755102,43,49,1,1,1,1,1,1,1,1,1,1,1,1,1,1,1,1,1,1,1,1,1,1,1,1,1,1
28.32309931972789,28.77588843537415,74,40,1,1,1,1,1,1,1,1,1,1,1,1,1,1,1,1,1,1,1,1,1,1,1,1,1,1,1,1,1,1,1,1,1,1,1,1,1,1,1
501.4449941043084,501.58431383219954,53,48,1,1,1,1,1,1,1,1,1,1,1,1
578.3182861678005,578.5156557823129,26,49,1,1,1,1,1,1,1,1,1,1,1,1,1,1,1,1,1
115.33832108843538,115.72145034013606,31,43,1,1,1,1,1,1,1,1,1,1,1,1,1,1,1,1,1,1,1,1,1,1,1,1,1,1,1,1,1,1,1,1,1
565.8053532879819,566.0491628117913,44,41,1,1,1,1,1,1,1,1,1,1,1,1,1,1,1,1,1,1,1,1,1
82.80855827664399,83.09880770975056,67,39,1,1,1,1,1,1,1,1,1,1,1,1,1,1,1,1,1,1,1,1,1,1,1,1,1
612.5082757369614,612.7288653061224,57,40,1,1,1,1,1,1,1,1,1,1,1,1,1,1,1,1,1,1,1
10.223199546485262,10.374129251700682,28,47,1,1,1,1,1,1,1,1,1,1,1,1,1
466.95314512471657,467.1272947845805,37,48,1,1,1,1,1,1,1,1,1,1,1,1,1,1,1
70.30851927437642,70.47105895691611,48,49,1,1,1,1,1,1,1,1,1,1,1,1,1,1
453.1979446712018,453.337264399093,65,48,1,1,1,1,1,1,1,1,1,1,1,1
294.87446167800454,295.292420861678,38,42,1,1,1,1,1,1,1,1,1,1,1,1,1,1,1,1,1,1,1,1,1,1,1,1,1,1,1,1,1,1,1,1,1,1,1,1
270.8031818594104,271.2095310657596,40,43,1,1,1,1,1,1,1,1,1,1,1,2,2,1,1,1,1,1,1,1,1,1,1,1,2,2,2,2,2,2,2,1,1,1,1
272.9755315192744,273.2541709750567,71,40,4,4,1,1,1,1,1,1,1,1,1,1,1,1,1,1,1,1,1,1,1,1,1,1
422.70121179138323,422.9450213151928,48,47,1,1,1,1,1,1,1,1,1,1,2,2,2,2,2,2,2,1,1,1,1
303.6103002267574,303.74961995464855,29,48,1,1,1,1,1,1,1,1,1,1,1,1
160.78479818594104,161.23887120181405,55,44,1,1,1,1,1,1,1,1,1,1,1,1,1,1,1,1,1,1,1,1,1,1,1,1,1,1,1,1,1,1,1,1,1,1,1,1,1,1,1,1
423.1785047619047,423.42231428571426,41,49,1,1,1,1,1,1,1,1,1,1,1,1,1,1,1,1,1,1,1,1,1
604.7360653061224,605.0030947845805,30,45,1,1,1,1,1,1,1,1,1,1,1,1,1,1,1,1,1,1,1,1,1,1,1
18.041849886621314,18.18116961451247,69,49,1,1,1,1,1,1,1,1,1,1,1,1
480.91732517006807,481.2656244897959,44,43,1,1,1,1,1,1,1,1,0,0,0,0,0,0,0,0,0,0,1,1,1,1,1,1,1,1,1,1,1,1
117.90540997732427,118.04472970521543,43,49,1,1,1,1,1,1,1,1,1,1,1,1
406.309262585034,406.50663219954646,56,46,1,1,1,1,1,1,1,1,1,1,2,2,2,1,1,1,1
196.78851201814058,196.92783174603176,59,45,1,1,1,1,1,1,1,1,1,1,1,1
362.55784217687074,362.790041723356,65,44,1,1,1,1,1,1,1,1,1,1,1,1,1,1,1,1,1,1,1,1
600.8673750566893,601.076354648526,66,48,1,1,1,1,1,1,1,1,1,1,1,1,1,1,1,1,1,1
559.7991433106575,559.9849029478457,52,45,1,1,1,1,1,1,1,1,1,1,1,1,1,1,1,1
294.8860716553288,295.15310113378683,35,46,1,1,1,1,1,1,1,1,1,1,1,1,1,1,1,1,1,1,1,1,1,1,1
420.62174195011335,420.8307215419501,48,45,1,1,1,1,1,1,1,1,1,0,0,0,0,0,0,1,1,1
276.63524217687075,276.7745619047619,36,46,1,1,1,1,1,1,1,1,1,1,1,1
362.53462222222225,363.21961088435376,48,45,0,1,1,1,1,1,1,1,1,1,1,1,1,1,1,1,1,2,2,2,2,2,2,1,1,1,1,1,1,1,1,1,1,1,1,1,1,1,1,1,1,1,1,0,0,0,0,0,0,1,1,1,1,1,1,1,1,1,1
84.6442185941043,84.92285804988661,48,40,1,1,1,1,1,1,1,1,1,1,1,1,1,1,1,1,1,1,1,1,1,1,1,1
394.0065931972789,394.4477723356009,46,42,2,2,2,2,2,2,2,2,2,2,2,1,1,1,1,1,1,1,1,1,1,1,1,1,1,1,1,1,1,1,1,1,1,2,2,2,2,1
44.90080816326531,45.05173786848073,57,49,1,1,1,1,1,1,1,1,1,1,1,1,1
51.01150793650793,51.18565759637188,43,46,1,1,1,1,1,1,1,1,1,1,1,1,1,1,1
509.03144489795915,509.21720453514735,29,46,1,1,1,1,1,1,1,1,1,1,1,1,1,1,1,1
146.07757959183675,146.2865591836735,55,46,1,1,1,1,1,1,1,1,1,1,1,1,1,1,1,1,1,1
170.45071882086168,170.62486848072564,59,47,1,1,1,1,1,1,1,1,1,1,1,1,1,1,1
11.12877777777778,11.291317460317462,74,42,1,1,1,1,1,1,1,1,1,1,1,1,1,1
258.0232195011338,258.16253922902496,55,47,1,1,1,1,1,1,1,1,1,1,1,1
601.9599968253968,602.1573664399093,68,39,1,1,1,1,1,1,1,1,1,3,4,1,1,1,1,1,1
31.087557823129252,31.273317460317458,50,47,1,1,1,1,1,1,1,1,1,1,1,0,0,1,1,1
159.54253061224492,159.7979501133787,55,40,1,1,1,1,0,0,0,0,0,0,0,0,0,0,0,0,1,1,1,1,1,1
265.24976099773244,265.3890807256236,36,43,1,1,1,1,1,1,1,1,1,1,1,1
455.6837637188209,455.9043532879819,61,46,1,1,1,1,1,1,1,1,1,1,1,1,1,1,1,1,0,0,1
232.25559909297053,232.46586258503402,55,43,1,1,1,1,1,1,1,1,1,1,1,1,1,1,1,1,1,1,1
492.0809328798186,492.22025260770977,58,46,1,1,1,1,1,1,1,1,1,1,1,1
28.613348752834465,28.764278458049887,64,44,1,1,1,1,1,1,1,1,1,1,1,1,1
148.7375482993197,149.07552154195014,48,42,1,1,1,1,1,1,1,1,1,1,1,1,1,1,1,1,1,1,1,1,1,1,1,1,1,1,1,1,1,1
519.103714739229,519.3939641723356,52,40,1,1,1,1,1,1,1,1,1,1,1,1,1,1,1,4,4,4,1,1,1,1,1,1,1
191.76915011337869,191.97812970521542,55,45,1,1,1,1,1,1,1,1,1,1,1,1,1,1,1,1,1,1
25.638626757369614,25.883720181405895,62,45,1,1,1,1,1,1,1,1,1,1,1,1,1,1,1,1,1,1,1,1,1,1
146.20528934240363,146.55358866213152,48,43,1,1,1,1,1,1,1,1,1,1,1,1,1,1,1,1,1,1,1,1,1,1,1,1,1,1,1,1,1,1
511.79590340136053,512.1093727891156,29,44,1,1,1,1,1,1,1,1,1,1,1,1,1,1,1,1,1,1,1,1,1,1,1,1,1,1,1
84.9925179138322,85.2131074829932,57,43,1,1,1,1,1,1,1,1,1,1,1,1,1,1,1,1,1,1,1
108.49490884353742,108.63422857142858,48,44,1,1,1,1,1,1,1,1,1,1,1,1
473.3773142857143,473.5282439909297,56,47,1,1,1,1,1,1,1,1,1,1,1,1,1
83.29617732426303,83.56449070294785,69,42,1,1,1,1,1,1,1,1,1,1,1,1,1,1,1,1,1,1,1,1,1,1,1,1
89.74485034013605,90.29051927437641,55,44,1,1,1,1,1,1,1,1,1,1,1,1,1,1,1,1,1,1,1,1,1,1,1,1,1,1,1,1,1,1,1,1,1,1,1,1,1,1,1,1,1,1,1,1,1,1,1
220.2780090702948,220.49859863945576,55,42,1,1,1,1,1,1,1,1,1,1,1,1,1,1,1,1,1,1,1
503.26904444444443,503.40836417233555,60,47,1,1,1,1,1,1,1,1,1,1,1,2
499.1913746031746,499.34230430839,65,46,0,1,1,1,1,1,1,1,1,1,1,1,1
192.54701859410432,192.69794829931973,33,45,1,1,1,1,1,1,1,1,1,1,1,1,1
446.51707210884354,446.6563918367347,58,45,1,1,1,1,1,1,1,1,1,1,1,1
139.1890113378685,139.32833106575964,55,46,1,1,1,1,1,1,1,1,1,1,1,1
152.67589841269842,152.82682811791383,60,47,1,1,1,1,1,1,1,1,1,1,1,1,1
527.9440430839003,528.0949727891157,61,45,1,1,1,1,1,1,1,1,1,1,1,1,1
126.8618380952381,127.04759773242631,33,44,1,1,1,1,1,1,1,1,1,1,1,1,1,1,1,1
598.2306263038548,598.4047759637187,52,46,1,1,1,1,1,1,1,1,1,1,1,1,1,1,1
532.1842526077098,532.3932321995466,67,45,1,1,1,1,1,1,1,1,1,1,1,1,1,1,1,1,1,1
385.87447346938774,386.3040426303855,48,45,1,1,1,1,1,1,1,1,1,1,1,1,1,1,1,1,1,1,1,1,1,1,1,1,1,1,2,2,2,2,2,2,2,1,1,1,1
44.13454965986395,44.35513922902494,57,37,1,1,1,1,1,1,1,1,1,1,1,1,1,1,1,1,1,1,1
454.0106430839002,454.3241124716553,53,43,1,1,1,1,1,1,1,1,1,1,1,1,1,1,1,1,1,2,2,2,1,1,1,1,1,1,1
135.34354104308392,135.7847201814059,29,43,1,1,1,1,1,1,1,1,1,1,1,1,1,1,1,1,1,1,1,1,1,1,1,1,1,1,1,1,1,1,1,1,1,1,1,1,1,1
454.54470204081633,454.6840217687075,73,45,1,1,1,1,1,1,1,1,1,1,1,1
26.02303990929705,26.24362947845805,74,40,1,1,1,1,1,1,1,1,1,1,1,1,1,1,1,1,1,1,1
201.24931111111113,201.81820000000002,48,43,1,1,1,1,1,1,1,1,1,1,1,1,1,1,1,1,1,1,1,1,1,1,1,1,1,1,1,1,1,1,1,1,1,1,1,1,1,1,1,1,1,1,1,1,1,1,1,1,1
464.93172517006803,465.23358458049887,61,41,1,1,1,1,1,1,1,1,1,1,1,1,1,1,1,1,1,1,1,1,1,1,1,1,1,1
158.18287936507937,158.519568707483,36,41,1,1,1,1,1,1,1,1,1,1,1,1,1,1,1,1,1,1,1,1,1,1,1,1,1,1,1,1,1
284.860241723356,285.0576113378685,24,44,1,1,1,1,1,1,1,1,1,1,1,1,1,1,1,1,1
31.250097505668933,31.65644671201814,38,39,1,1,1,1,1,1,1,1,1,1,1,1,1,1,1,1,1,1,1,1,1,1,1,1,1,1,1,1,1,1,1,1,1,1,1
178.87437188208617,179.15301133786846,55,39,1,1,1,1,1,1,1,1,1,1,1,1,1,1,1,1,1,1,1,1,1,1,1,1
116.54575873015874,117.01015782312926,55,40,1,1,1,1,1,1,1,1,1,1,1,1,1,1,1,1,1,1,1,1,1,1,1,1,1,1,1,1,1,1,1,1,1,1,1,1,1,1,1,1
432.42518231292513,432.6689918367347,60,43,1,1,1,1,1,1,1,1,1,1,1,1,1,1,1,1,1,1,1,1,1
56.35594920634921,56.63458866213152,57,44,1,1,1,1,1,1,1,1,1,1,1,1,1,1,1,1,1,1,1,1,1,1,1,1
17.506507029478456,17.66904671201814,31,46,1,1,1,1,1,1,1,1,1,1,1,1,1,1
46.492658956916095,46.72485850340136,45,40,1,1,1,1,1,1,1,2,1,1,1,1,1,1,1,1,1,1,1,1
105.50986077097507,105.95103990929705,36,42,0,1,1,1,1,1,1,1,1,1,1,1,1,1,1,1,1,1,1,1,1,1,1,1,1,1,1,1,1,1,1,1,1,1,1,1,1,1
247.01054149659865,247.20791111111112,67,43,1,1,1,1,1,1,1,1,1,1,1,1,1,1,1,1,1
589.0987646258503,589.2380843537414,28,44,1,1,1,1,1,1,1,1,1,1,1,1
74.22364943310657,74.47906893424036,33,43,1,1,1,1,1,1,1,1,1,1,1,1,1,1,1,1,1,1,1,1,1,1
210.0896394557823,210.33344897959182,31,41,1,1,1,1,1,1,1,1,1,1,1,1,1,1,1,1,1,1,1,1,1
435.29541451247167,435.5043941043084,60,43,1,1,1,1,1,1,1,1,1,1,1,1,1,1,1,1,1,1
464.11774285714284,464.2802825396825,56,42,1,1,1,1,1,1,1,1,1,1,1,1,1,1
214.32984897959184,214.60977233560092,29,40,1,1,1,1,1,1,1,1,1,1,1,1,1,1,1,1,1,1,1,1,1,1,1,1,1
97.34291111111112,97.49384081632654,57,44,1,1,1,1,1,1,1,1,1,1,1,1,1
138.4679088435374,138.67688843537414,69,38,1,1,1,1,1,1,1,1,1,1,1,1,1,1,1,1,1,1
125.28288117913833,125.42220090702948,33,44,1,1,1,1,1,1,1,1,1,1,1,1
503.08328480725623,503.2342145124716,29,45,1,1,1,1,1,1,1,1,1,1,1,1,1
34.52667891156463,34.7240485260771,45,44,1,1,1,1,1,1,1,1,1,1,1,1,1,1,1,1,1
318.4349024943311,318.7135419501134,55,44,1,1,1,1,1,1,1,1,1,1,1,1,1,1,1,1,1,1,1,1,1,1,1,1
247.01054149659865,247.19630113378685,59,41,1,1,1,1,1,1,1,1,1,1,1,1,1,1,1,1
264.78536190476194,265.01756145124716,64,37,1,1,1,1,1,1,1,1,0,0,1,1,1,1,1,1,1,1,1,1
166.8606680272109,167.07093151927438,60,36,1,1,1,1,1,1,1,1,1,1,1,1,1,1,1,1,1,1,1
244.46667256235827,244.675652154195,69,41,1,1,1,1,1,1,1,1,1,1,1,1,1,1,1,1,1,1
69.06496780045352,69.21589750566893,48,43,1,1,1,1,1,1,1,1,1,1,1,1,1
589.5283337868481,589.7489233560091,45,44,1,1,1,1,1,1,1,1,1,1,1,1,1,1,1,1,1,1,1
236.24038911564628,236.37970884353743,59,42,1,1,1,1,1,1,1,1,1,1,1,1
589.6328235827664,589.8069732426304,61,45,1,1,1,1,1,1,1,1,1,1,1,1,1,1,1
453.6391238095238,453.8713233560091,68,40,1,1,1,1,1,1,1,1,1,1,1,1,1,1,1,1,1,1,1,1
141.6864403628118,141.86059002267575,31,43,1,1,1,1,1,1,1,1,1,1,1,1,1,1,1
66.17279954648527,66.34694920634921,48,43,1,1,1,1,1,1,1,1,1,1,1,1,0,0,0
491.7674634920635,491.96483310657595,49,41,1,1,1,1,1,1,1,1,2,2,2,1,1,1,1,1,1
75.05956780045351,75.26854739229024,33,43,1,1,1,1,1,1,1,1,1,1,1,1,1,1,1,1,1,1
614.7735052154195,614.9244349206349,33,43,1,1,1,1,1,1,1,1,1,1,1,1,1
418.5538820861678,418.7628616780045,44,43,1,1,1,1,1,1,1,1,1,1,1,1,1,1,1,1,1,1
180.47654875283445,180.72035827664396,33,41,1,1,1,1,1,1,1,1,1,1,1,1,1,1,1,1,1,1,1,1,1
91.84754013605442,91.98685986394557,31,44,1,1,1,1,1,1,1,1,1,1,1,1
62.7917283446712,62.95426802721089,60,41,1,1,1,1,1,1,1,1,1,1,1,1,1,1
269.04879138321996,269.23455102040816,48,41,1,1,1,1,1,1,1,1,1,1,1,1,1,1,1,1
244.72209206349206,245.29098095238095,57,40,-5,1,1,1,1,1,1,1,1,1,1,1,1,-5,-5,-5,-5,-5,-5,-5,1,1,1,1,1,-5,-5,-5,-5,1,1,1,1,1,1,1,1,1,1,1,1,1,-5,-5,-5,1,1,1,1
454.3705523809524,454.63758185941043,65,40,1,1,1,1,1,1,1,1,1,1,1,1,1,1,1,1,1,1,1,1,1,1,1
204.96707165532882,205.12961133786848,60,42,1,1,1,1,1,1,1,1,1,1,1,1,1,1
385.9209133786848,386.2576027210884,44,44,1,1,1,1,1,1,1,1,1,1,1,1,1,1,1,1,1,1,1,1,1,1,1,2,2,2,2,1,1
606.1305464852608,606.3279160997732,30,42,1,1,1,1,1,1,1,1,1,1,1,1,1,1,1,1,1
381.29629070294783,381.44850430839006,56,44,1,1,1,1,1,1,1,1,1,1,1,1,1,1
593.1532145124717,593.304144217687,32,37,1,1,1,1,1,1,1,1,1,1,1,1,1
456.35714240362813,456.54290204081633,61,42,1,1,1,1,1,1,1,1,1,1,1,1,1,1,1,1
126.4554888888889,126.67607845804989,55,42,1,1,1,1,1,1,1,1,1,1,1,1,1,1,1,1,1,1,1
491.2682344671202,491.55848390022675,30,39,1,1,1,1,1,1,1,1,1,1,1,1,1,1,1,1,1,1,1,1,1,1,1,1,1
247.50977052154195,247.6490902494331,67,43,1,1,1,1,1,1,1,1,1,1,1,1
462.038273015873,462.2240326530612,44,40,1,1,1,1,1,1,2,2,2,1,1,1,1,1,1,1
456.6241718820862,456.76349160997734,53,43,1,1,1,1,1,1,1,1,1,1,1,1
508.24068253968255,508.4496621315193,29,41,1,1,1,1,1,1,1,1,1,1,1,1,1,1,1,1,1,1
103.12724761904762,103.30139727891157,48,42,1,1,1,1,1,1,1,1,1,1,1,1,1,-1,-1
57.16864761904762,57.366017233560086,57,39,1,1,1,1,1,1,1,1,1,1,1,1,1,1,1,1,1
104.9745179138322,105.17188752834467,43,41,1,1,1,1,1,1,1,1,1,1,1,1,1,1,1,1,1
394.25040272108845,394.4477723356009,53,35,0,0,0,0,0,0,0,0,0,0,0,0,2,1,1,1,1
161.84259002267575,162.15605941043083,29,39,1,1,1,1,1,1,1,1,1,1,1,1,1,1,1,1,1,1,1,1,1,1,1,1,1,1,1
246.63902222222222,246.82478185941042,72,40,1,1,1,1,1,1,1,1,1,1,1,1,1,1,1,1
284.9531215419501,285.19693106575966,72,37,1,1,1,1,1,1,1,1,1,1,1,1,1,1,1,1,1,1,1,1,1
34.70082857142857,35.00268798185941,57,39,1,1,1,1,1,1,1,1,1,1,1,1,1,1,1,1,1,1,1,1,1,1,1,1,1,1
270.5361523809524,270.8496217687075,72,39,1,1,1,1,1,1,1,1,1,1,1,1,1,1,1,1,1,1,1,1,1,1,1,1,1,1,1
201.30736099773245,201.58600045351474,64,38,1,1,1,1,1,1,1,1,1,1,1,1,1,1,1,1,1,1,1,1,1,1,1,1
271.1166512471655,271.26758095238097,36,41,1,1,1,1,1,1,1,1,1,1,1,1,1
433.68034376417233,433.85449342403626,56,41,1,1,1,1,1,1,1,1,1,1,1,1,1,1,1
273.26578095238096,273.48637052154197,33,37,-5,-5,-5,-5,-5,-5,-5,-5,-5,-5,-5,-5,-5,-5,-5,-5,-5,-5,-5
161.80776009070294,161.97029977324263,60,35,1,1,1,1,1,1,1,1,1,1,1,1,1,1
18.111509750566892,18.274049433106576,62,41,1,1,1,1,1,1,1,1,1,1,1,1,1,1
410.1431229024943,410.34049251700685,68,36,0,0,0,0,1,1,1,1,1,1,1,1,1,1,1,1,1
495.34590430839006,495.53166394557826,34,40,1,1,1,1,1,1,1,1,1,1,1,1,1,1,1,1
246.37199274376417,246.5577523809524,69,38,1,1,1,1,1,1,1,1,1,1,1,1,1,1,1,1
102.60479863945578,102.86021814058957,55,39,1,1,1,1,1,1,1,1,1,1,1,1,1,1,1,1,1,1,1,1,1,1
13.17341768707483,13.382397278911565,33,39,0,1,1,1,1,1,1,1,1,1,1,1,1,1,1,1,1,1
220.52310249433108,220.6740321995465,40,40,1,1,1,1,1,1,1,1,1,1,1,1,1
202.09683945578232,202.259379138322,57,40,1,1,1,1,1,1,1,1,1,1,1,1,1,1
472.70265170068024,472.9941850340136,53,35,1,1,1,1,1,1,1,1,1,1,1,1,1,1,1,1,1,1,1,1,1,1,1,1,1,1
515.281464399093,515.5136639455783,29,37,1,1,1,1,1,1,1,1,1,1,1,1,1,1,1,1,1,1,1,1
212.65801224489795,212.80894195011336,55,39,1,1,1,1,1,1,1,1,1,1,1,1,1
273.46315056689343,273.8230598639456,71,36,1,1,1,1,1,1,1,1,1,1,1,1,1,1,1,1,1,1,1,1,1,1,1,1,1,1,1,1,1,1,1
81.14704761904763,81.28636734693879,48,36,0,0,0,0,1,1,1,1,1,1,1,1
294.14303310657596,294.29396281179135,35,37,1,1,1,1,1,1,1,1,1,1,1,1,1
