stem,start_seconds,end_seconds,mfcc_1_mean,mfcc_1_std,mfcc_2_mean,mfcc_2_std,mfcc_3_mean,mfcc_3_std,mfcc_4_mean,mfcc_4_std,mfcc_5_mean,mfcc_5_std,mfcc_6_mean,mfcc_6_std,mfcc_7_mean,mfcc_7_std,mfcc_8_mean,mfcc_8_std,mfcc_9_mean,mfcc_9_std,mfcc_10_mean,mfcc_10_std,mfcc_11_mean,mfcc_11_std,mfcc_12_mean,mfcc_12_std,mfcc_13_mean,mfcc_13_std,chroma_0,chroma_1,chroma_2,chroma_3,chroma_4,chroma_5,chroma_6,chroma_7,chroma_8,chroma_9,chroma_10,chroma_11,rms_mean,rms_std,spectral_centroid_mean,spectral_centroid_std,spectral_bandwidth_mean,spectral_bandwidth_std,spectral_rolloff_mean,spectral_rolloff_std,zero_crossing_rate_mean,zero_crossing_rate_std,spectral_contrast_0_mean,spectral_contrast_0_std,spectral_contrast_1_mean,spectral_contrast_1_std,spectral_contrast_2_mean,spectral_contrast_2_std,spectral_contrast_3_mean,spectral_contrast_3_std,spectral_contrast_4_mean,spectral_contrast_4_std,spectral_contrast_5_mean,spectral_contrast_5_std,spectral_contrast_6_mean,spectral_contrast_6_std
no_vocals,0.0,5.0,-185.82493591308594,68.78468322753906,205.13612365722656,31.89695167541504,-26.978059768676758,29.44266128540039,42.10832977294922,28.162351608276367,3.3077831268310547,13.395480155944824,15.560906410217285,8.92856216430664,1.6213440895080566,6.928074836730957,3.0793204307556152,8.096348762512207,0.11518580466508865,6.129611968994141,1.715541958808899,7.040282726287842,-5.549375534057617,7.453454494476318,0.5043365955352783,6.371635437011719,-2.395440101623535,5.391666889190674,0.3739486038684845,0.3212366998195648,0.3160387873649597,0.47963109612464905,0.9038979411125183,0.6469817757606506,0.3362923860549927,0.2950325310230255,0.43540725111961365,0.5420495271682739,0.447702556848526,0.5098899006843567,0.1588338572281281,0.03324778516680096,1494.6586851115553,736.96079377163,2120.1241626268147,666.0069057689549,3043.2761066197795,1715.877319305634,0.02982480785962877,0.016384629635488885,18.101063828000523,4.86119902701629,11.57348507803532,3.2816105527228956,14.762622797773616,3.4385566655237403,16.66012389009203,3.672755698788528,17.04503219940087,3.0518225196194524,18.19964204985222,2.8568792459172445,27.062398754895728,4.122875152532119
no_vocals,2.5,7.5,-181.35476684570312,32.64684295654297,217.150634765625,15.059680938720703,-34.4884033203125,10.077055931091309,36.739158630371094,9.612817764282227,9.122091293334961,9.92171859741211,13.427480697631836,7.3219075202941895,1.9382262229919434,6.139094352722168,0.5246021151542664,6.361571788787842,2.495560646057129,5.108584403991699,2.3137240409851074,5.326782703399658,-1.4916621446609497,4.580419063568115,0.47550687193870544,4.49507474899292,-0.7373995780944824,4.717177391052246,0.44978344440460205,0.47434887290000916,0.4766862690448761,0.4981463551521301,0.7510730624198914,0.5720694065093994,0.4254681468009949,0.37355393171310425,0.5241968035697937,0.6211322546005249,0.5038965344429016,0.570578396320343,0.15823919307051568,0.03400491339393289,1267.8932549300646,271.6730148204139,1945.3317510032305,315.76014965171504,2467.675101508121,623.6307082518073,0.024987311484918794,0.006449023790100028,17.660103587394953,4.707381326024883,9.98052777070003,3.133225278272785,13.91404507275544,3.2686270927383743,16.440620986721072,3.490973801073707,17.110885955483145,2.385294839380511,18.86765480854025,2.8855764195908207,26.682932163041496,2.180453406153999
no_vocals,5.0,10.0,-285.65863037109375,118.31219482421875,187.16123962402344,43.11952590942383,-8.504036903381348,31.4409236907959,28.092132568359375,13.770548820495605,12.885180473327637,10.873745918273926,12.454022407531738,8.355448722839355,3.88775372505188,6.8219990730285645,1.304918885231018,7.081155776977539,3.580336332321167,5.874406337738037,2.6334445476531982,5.285374164581299,-0.20313529670238495,4.673303604125977,0.9448923468589783,5.047090530395508,0.3005080819129944,5.742934226989746,0.431170254945755,0.5766021609306335,0.5216166973114014,0.4728337228298187,0.6071690320968628,0.49190500378608704,0.43061843514442444,0.3932342231273651,0.5277923941612244,0.6700551509857178,0.5298956036567688,0.49302351474761963,0.08796335616486099,0.06688666234016949,1530.248614900546,624.3051367484078,2746.4037555201535,1370.1896040831944,2857.8207701928654,1474.5457740683482,0.03932193481728538,0.042554448843275125,13.967300281387365,4.917337228065773,9.885657039985217,3.184860439890485,14.143607380127975,3.2299352453197323,15.5382461498604,3.492153767228842,16.50017795165717,2.7245080039918923,17.92864162775183,2.995750411688599,26.110577032193376,2.9355377446734026
no_vocals,7.5,12.5,-443.423095703125,86.11285400390625,174.7516632080078,27.725502014160156,7.806264877319336,22.445178985595703,20.442230224609375,16.44022560119629,15.047439575195312,14.06869888305664,9.62963581085205,10.222419738769531,4.445664405822754,7.806984901428223,0.46509426832199097,7.4628520011901855,1.5032057762145996,7.600811004638672,-0.07408025115728378,6.6325507164001465,-2.2101075649261475,6.045095920562744,-0.581780195236206,6.0656561851501465,0.9062288403511047,6.123242378234863,0.45536112785339355,0.4361875355243683,0.35325583815574646,0.4512575566768646,0.6268777847290039,0.4492120146751404,0.35878878831863403,0.3337545692920685,0.4480587840080261,0.4853683114051819,0.488786518573761,0.6183485984802246,0.017189384180687266,0.021012436305780306,1732.9213851889638,649.6851217282531,3435.467210103188,1189.9235477070877,2969.9333173216355,1776.3538199048267,0.04230713457076566,0.04219309154735747,10.653575962864306,3.2634236279945408,10.767447266010933,3.1595194668707767,14.685672301262782,3.5330945424877918,16.138388040085637,3.536036342991551,16.475596826930687,3.0031032413847045,17.042980839390133,2.707489759973264,22.958375532180447,3.630537939999027
no_vocals,10.0,15.0,-469.2015686035156,50.8419303894043,116.96278381347656,28.99796485900879,46.28276062011719,30.84506607055664,14.885358810424805,19.870025634765625,15.414592742919922,11.073477745056152,13.182330131530762,11.09797477722168,1.4510067701339722,6.692032337188721,-3.399444580078125,6.8549346923828125,-2.898900270462036,6.946605205535889,-4.288303852081299,7.221949100494385,-6.29595947265625,8.449821472167969,-3.508425235748291,5.556542873382568,-3.3251986503601074,6.555093288421631,0.3967026472091675,0.3824059069156647,0.3414139449596405,0.41201165318489075,0.5903920531272888,0.4002615511417389,0.31093284487724304,0.3001207709312439,0.43545928597450256,0.488153874874115,0.47828301787376404,0.5703712701797485,0.015127359503197317,0.036186000060624744,2047.5121885066046,810.510391080317,3983.0967991705575,1126.3373417011849,3776.8039216574825,2924.4565912391563,0.030147685252320186,0.014402773385217962,12.84605631474003,4.163473219310717,10.269932109195166,3.293547042676457,16.200611943804066,4.143859533202425,16.47888030589892,4.046956224381027,16.55218357453319,3.0065128956062273,16.848034456218926,2.7815391821894155,19.48396714925205,3.009004967570017
no_vocals,12.5,17.5,-488.96881103515625,60.57826614379883,92.29222869873047,24.07836151123047,49.906822204589844,28.75419807434082,28.60444450378418,17.067615509033203,19.789342880249023,8.441821098327637,15.936108589172363,10.411327362060547,8.027071952819824,8.537555694580078,1.0831955671310425,8.814287185668945,1.2532798051834106,8.629372596740723,-0.7882536053657532,8.089632034301758,-4.051034927368164,9.293867111206055,-2.2726972103118896,6.0804548263549805,1.4705026149749756,9.843844413757324,0.6102115511894226,0.6131085753440857,0.5614535808563232,0.47626790404319763,0.47095438838005066,0.3859388530254364,0.34719616174697876,0.36392098665237427,0.46726319193840027,0.551697850227356,0.5651998519897461,0.6149647235870361,0.016022710672530006,0.03622981020384545,3081.469548069041,1013.3489510783687,5429.276890267841,1100.835555787724,7411.818445475638,3949.0117895218473,0.041435932062064966,0.029457755348769796,14.588227893947037,3.8685948423590903,9.7753960008569,3.2697847748286,15.45291446407968,4.510041356627998,14.782272716812704,3.3379433536473946,15.744638550533958,2.912628581337778,16.83842008831781,2.854869047356484,20.254804271705567,3.179401154366554
no_vocals,15.0,20.0,-509.87310791015625,52.88152313232422,78.29316711425781,23.820032119750977,41.540855407714844,12.409730911254883,31.9176025390625,7.0168352127075195,21.39980697631836,6.542159080505371,15.442682266235352,6.9233317375183105,13.887368202209473,4.53975772857666,8.657906532287598,4.495341777801514,7.6826300621032715,3.8713998794555664,4.201006889343262,3.8406174182891846,0.1905815303325653,4.737555027008057,0.9459375739097595,5.258555889129639,8.443707466125488,5.761236190795898,0.8020370602607727,0.7800242900848389,0.7242867946624756,0.6481810808181763,0.5174949765205383,0.4674137532711029,0.39317095279693604,0.3819235563278198,0.42787015438079834,0.4779607057571411,0.5351738333702087,0.6701042652130127,0.007846396340256051,0.015654511510121497,3544.281456805782,924.770688865372,5987.894907147147,862.7311193897345,9298.646633918213,3276.5579250372484,0.05269925500290023,0.046133220357124,13.637710163421952,3.8698394269659375,9.62480850868589,3.1504191284705585,13.165033262425732,3.6425420539172486,13.988199037459605,3.3662634548785735,14.664504995326348,2.6168587595584425,16.959284647408683,2.952878534160993,21.666054250534604,2.2912621349692075
no_vocals,17.5,22.5,-535.5405883789062,39.435665130615234,69.13017272949219,23.30232810974121,41.502052307128906,11.837191581726074,29.564863204956055,7.760949611663818,20.087146759033203,6.36068868637085,15.35255241394043,5.707218170166016,13.48941421508789,4.282548904418945,9.751604080200195,4.191229343414307,8.048490524291992,4.01774787902832,4.885691165924072,3.5913991928100586,1.3483057022094727,4.313910007476807,2.262589931488037,4.183943748474121,6.512782573699951,5.578538417816162,0.7258654832839966,0.707313060760498,0.6955752372741699,0.67644202709198,0.5846153497695923,0.5788772702217102,0.4620687961578369,0.4395802617073059,0.4616251587867737,0.4952467679977417,0.5334627032279968,0.6338523030281067,0.0054968483405719295,0.015298092662223569,3737.3537491191873,991.8136946517847,6251.592815985033,993.077969358727,10249.604843387471,3818.0192227816574,0.07166745214617169,0.06810242372849326,14.389608733851775,4.461088655963158,9.715452405573172,3.5280284078126183,12.109462873032761,3.3925427491133995,13.588778723791632,3.136481788707121,14.203974672842095,2.3934864008393255,15.736094098202662,2.908992464753359,21.4188189448211,2.5208825064986127
no_vocals,20.0,25.0,-581.6544799804688,48.522953033447266,104.2964859008789,20.14833641052246,28.75722312927246,10.782294273376465,34.05390167236328,10.0872220993042,17.596223831176758,6.981717586517334,13.78464412689209,6.442167282104492,17.29482650756836,5.690475940704346,6.088810920715332,5.229072093963623,11.63115406036377,5.308791160583496,2.740173816680908,4.125,2.3530383110046387,4.921618938446045,1.8319875001907349,5.292242527008057,8.963356018066406,5.919040679931641,0.7232398390769958,0.6875569820404053,0.6557691097259521,0.6394712924957275,0.5586490035057068,0.5639134645462036,0.4653153419494629,0.4549889862537384,0.48798683285713196,0.5363554954528809,0.5579074621200562,0.6495030522346497,0.0035226221040772867,0.0022925491095876034,3792.5603443728446,1067.394973312004,6236.683987157463,925.4743304374446,10369.01170062355,3728.4229904098984,0.06549313007540604,0.07014392303463048,14.763155511981061,4.105128884380468,10.143464321866302,3.6511232609580326,11.935527027191355,3.340113922075241,13.941909934239426,3.1652579655843787,14.38736303663211,2.2810180828336537,15.707400067031333,2.597800894133302,21.400336046033523,2.412066653836158
no_vocals,22.5,27.5,-572.0675048828125,55.211029052734375,102.92466735839844,21.56075668334961,26.24013900756836,10.466075897216797,33.24079895019531,11.721320152282715,18.908151626586914,8.015443801879883,13.378280639648438,6.569159507751465,17.638071060180664,5.577505588531494,5.886479377746582,4.945218563079834,10.905627250671387,4.917433261871338,3.063750982284546,4.433268070220947,2.0884108543395996,5.046907424926758,2.055253744125366,5.687906265258789,10.081825256347656,6.538315773010254,0.7687147259712219,0.7212796211242676,0.6656641960144043,0.6166098713874817,0.5298447608947754,0.530153214931488,0.4313530921936035,0.425563782453537,0.46799328923225403,0.520383358001709,0.5576143264770508,0.6741254329681396,0.004205472389475946,0.002933926725584641,3730.178360536415,1111.648995535116,6120.121180813623,908.7183240192494,9931.353094185035,3718.792250473909,0.04796371991009281,0.05332450583965307,14.837544087900207,4.21227319699196,9.381196590025477,3.30096653009267,12.206609946647967,3.194711325299242,13.888252445707362,3.2277724467456226,14.43883594867921,2.271465211468044,16.478759031764312,2.8032442070989605,20.97349336001041,2.41190300292819
no_vocals,25.0,30.0,-558.865478515625,54.84678649902344,104.4012451171875,17.38357925415039,28.29397964477539,9.883588790893555,32.88058853149414,10.897000312805176,22.304855346679688,6.784775733947754,13.972455978393555,6.613785743713379,18.331296920776367,4.904722213745117,5.576969623565674,5.1056084632873535,11.061129570007324,5.014346122741699,2.7359962463378906,4.395756721496582,1.2080228328704834,4.875781059265137,0.6259787678718567,6.021768093109131,10.316317558288574,6.661470413208008,0.8006349802017212,0.7458444833755493,0.6987685561180115,0.6365436315536499,0.5307918190956116,0.5075892210006714,0.39369460940361023,0.38213035464286804,0.41972288489341736,0.46673738956451416,0.5431094765663147,0.6946541666984558,0.004818242158051451,0.0032834789264103554,3753.514325083178,964.4535101205341,6257.274059602749,753.581055422246,10061.001962188226,3534.015968187579,0.056824155307424594,0.052584414585791925,14.133586387221147,3.8775207635733153,9.354771384226053,3.0685074492125293,12.50876218335093,3.1122974138900465,13.691600553773549,3.115679792279031,14.602477494723791,2.3208293214274436,16.75260506594558,2.8967995092966308,21.18373382738507,2.5414577042929825
no_vocals,27.5,32.5,-549.3421020507812,56.79671859741211,100.70863342285156,18.835603713989258,29.004100799560547,10.85883617401123,31.50762939453125,10.723197937011719,20.41364860534668,7.865424156188965,14.730403900146484,6.42964506149292,15.96562385559082,6.040094375610352,6.678905963897705,5.8084282875061035,10.461787223815918,5.603142738342285,3.1136865615844727,4.9735260009765625,1.7715240716934204,5.040475845336914,1.526028037071228,5.978598117828369,10.094465255737305,6.115081310272217,0.7679663300514221,0.7370112538337708,0.6980970501899719,0.6548420190811157,0.5465474724769592,0.535423755645752,0.4266503155231476,0.39285364747047424,0.4242728352546692,0.47276169061660767,0.5225253105163574,0.6550936698913574,0.005327898691345672,0.005528512393599253,3799.7112714894656,1121.0191701810052,6170.37994370479,796.4363358128494,9933.90110661978,3547.720271124284,0.05477133483178654,0.04873756337805778,14.47794745955877,3.8649997151087145,9.341831479261254,3.3722085728249094,12.274758872662876,3.3297012935643027,13.58051230406243,3.031763482518684,14.58338085501964,2.5972368728695594,16.411513551744022,2.7877813832883445,21.182491149279414,2.379351504512758
no_vocals,30.0,35.0,-543.0579223632812,61.97562789916992,95.73113250732422,20.23225975036621,27.939693450927734,11.611092567443848,30.601945877075195,10.60352611541748,18.24152946472168,7.864925384521484,15.336005210876465,6.4672136306762695,14.214914321899414,6.268154144287109,7.323841571807861,5.920736789703369,11.908044815063477,5.834610462188721,2.3072454929351807,5.44285249710083,4.231812000274658,4.816318035125732,1.6315382719039917,5.625555038452148,10.627120971679688,5.747280597686768,0.7241647243499756,0.6778608560562134,0.6553795337677002,0.5797514915466309,0.6040052771568298,0.54975426197052,0.4322212338447571,0.4355037808418274,0.46200695633888245,0.48601317405700684,0.5787420272827148,0.7086273431777954,0.005831384370935402,0.006353406384656238,4162.108655602119,1109.6599955914126,6418.2348568321195,749.7388799036705,11121.374823267111,3324.2562571770186,0.058577889356148494,0.041491299423465265,15.198919763654994,3.920780046712255,9.998508802598456,3.5391837442564587,12.30511819422225,3.2743304382666887,13.60020380166413,3.1060490518026906,14.59066430687253,2.725043293025094,16.20516661289521,2.828390582006523,21.165449943229248,1.8179621037105356
no_vocals,32.5,37.5,-548.3236694335938,61.34888458251953,97.95293426513672,21.430173873901367,27.261686325073242,12.095440864562988,32.78219223022461,10.760053634643555,17.858198165893555,7.311738014221191,15.032774925231934,7.1626200675964355,15.512311935424805,5.500595569610596,8.09493637084961,5.748012542724609,12.474720001220703,5.397523880004883,2.3294661045074463,4.777758598327637,4.650306224822998,4.874495029449463,1.4266592264175415,5.5743584632873535,11.96684741973877,5.8179802894592285,0.7357966303825378,0.7185000777244568,0.6686656475067139,0.6148943901062012,0.515841543674469,0.5415733456611633,0.42242345213890076,0.3686830401420593,0.39814457297325134,0.42831894755363464,0.4720492959022522,0.6001932621002197,0.005937840993756001,0.0048746501610632854,3992.9926030738593,1255.6711195979713,6293.907566938471,963.737006131028,10677.920737565255,3975.358523330795,0.0505909222737819,0.03792287532773591,15.903073850449939,4.20271678806823,10.128671628221154,3.538494008245484,12.505883322316508,3.5000701254997892,14.180125687184113,3.5363936591901948,14.807005580354303,2.913310962332503,16.731207693494056,3.2247348547837302,21.73192776014047,1.7074135446189085
no_vocals,35.0,40.0,-553.8011474609375,61.89468765258789,98.02985382080078,20.90475845336914,27.547672271728516,10.912617683410645,32.633052825927734,12.364065170288086,18.70424461364746,7.288848400115967,14.198873519897461,7.1373748779296875,15.909025192260742,5.5145487785339355,8.424933433532715,5.412585258483887,12.298343658447266,5.125668048858643,2.4371774196624756,4.911383628845215,4.779324054718018,4.59214448928833,1.480108380317688,5.70199728012085,12.512611389160156,5.490228652954102,0.7634596228599548,0.693889319896698,0.6389995217323303,0.5239777565002441,0.5121551156044006,0.4389130175113678,0.3437989354133606,0.3911447823047638,0.43985649943351746,0.4800460934638977,0.5929424166679382,0.7472342848777771,0.005821649947532144,0.004125567602880789,4010.0400701792933,1270.917639315012,6380.848284843178,1005.265611750852,10848.487687608758,4153.514980932097,0.05085828741299304,0.042008251045456996,16.04196495301593,3.9305909734364106,9.845852757585973,3.2443477137709906,12.176028636850267,3.41293616410362,14.007323290557697,3.56243569886214,14.616840682944453,2.7461768514074003,16.985184304591325,3.118130103880556,22.13753457166716,1.6841769806353022
no_vocals,37.5,42.5,-550.7039794921875,73.50264739990234,95.6420669555664,21.754175186157227,28.704647064208984,10.04129695892334,32.93524169921875,11.64413070678711,18.426219940185547,8.129728317260742,15.19732666015625,7.72564697265625,14.946914672851562,6.105157375335693,7.397446155548096,4.992428779602051,11.048566818237305,5.408091068267822,2.1591248512268066,5.102537155151367,5.064023971557617,4.748055458068848,0.8976516723632812,6.78873872756958,13.360347747802734,5.666224479675293,0.7554503679275513,0.7009596228599548,0.6615923643112183,0.5579463243484497,0.5389714241027832,0.4653821587562561,0.4039762020111084,0.44192737340927124,0.4811280071735382,0.5133995413780212,0.6147822141647339,0.7492944002151489,0.005742999644552438,0.0044538197773707905,4071.4287281124853,971.4602824059843,6445.466182204647,684.2927133918361,11030.99532337587,3186.7004701456326,0.058324119054524365,0.04491335633329157,15.591681014022074,4.048990711246492,9.832814462601878,3.416959384654456,11.912672944317904,3.079544914788479,13.736994273574098,3.1930061245360677,14.772897994701886,2.5039009495885622,16.870239393708673,2.914480333415862,21.71573687625968,2.2488198888104134
no_vocals,40.0,45.0,-539.4127197265625,74.14796447753906,98.73948669433594,22.617935180664062,29.26074981689453,10.179459571838379,32.82135772705078,9.275774955749512,17.773202896118164,7.380670070648193,14.807992935180664,7.647558689117432,15.480587005615234,6.055324077606201,7.55592679977417,5.017934322357178,10.626338005065918,5.3377227783203125,2.8447933197021484,4.518847942352295,4.843591213226318,5.0897650718688965,0.12235905975103378,6.441988468170166,12.413298606872559,5.7655487060546875,0.7679107785224915,0.7038607001304626,0.6658641695976257,0.557715117931366,0.5193452835083008,0.45186081528663635,0.4010305404663086,0.4321373701095581,0.47243309020996094,0.5159875154495239,0.6271851062774658,0.7678655982017517,0.006582289041730893,0.0059634704115371145,3870.890467244025,828.8143829795896,6296.160359264069,609.1531350695868,10432.262362238978,2798.0308526904014,0.060277244054524365,0.041449021290511555,15.641983625932667,4.027555327611309,9.778554949926605,3.070444367763554,12.214962261257124,3.1128791816960133,14.051693731615623,3.231155584187908,14.98397716574619,2.6304965929083557,16.936191426879795,3.062359868707566,21.851631023400216,2.302057989435674
no_vocals,42.5,47.5,-535.2957153320312,64.88999938964844,101.70116424560547,17.516857147216797,28.710922241210938,10.596446990966797,31.547996520996094,10.915752410888672,17.445775985717773,7.03400993347168,12.233264923095703,6.556066989898682,15.774703025817871,6.047224044799805,8.137089729309082,5.347092628479004,11.92199993133545,5.307043552398682,2.3851983547210693,4.657022476196289,4.571218013763428,4.936539173126221,-0.40504130721092224,5.275016784667969,10.71270751953125,5.60858678817749,0.7952429056167603,0.7296019196510315,0.656919002532959,0.5869187712669373,0.46312716603279114,0.4693925678730011,0.36728450655937195,0.378383070230484,0.4086529016494751,0.4481053054332733,0.5263645052909851,0.6864957809448242,0.006848517370198501,0.006639266058764408,4037.823697479762,1001.4020369429338,6443.699868154155,750.7725029353643,10929.624397295534,3426.0730581264734,0.0644599224187935,0.042427064482580386,15.919506493053621,3.8101955999017947,9.983821143012287,3.367144044140158,12.032835033081385,2.9698017701108586,14.114485108555389,3.0889810740344035,14.755672311930322,2.7103523780525047,16.71485415753739,3.2068279570057068,22.2141477399934,1.3565208881681743
no_vocals,45.0,50.0,-557.1326293945312,64.95906829833984,97.030517578125,22.96638298034668,24.37118911743164,12.654501914978027,30.685264587402344,12.72271728515625,17.392343521118164,7.589791774749756,12.80077075958252,7.791282653808594,14.263790130615234,6.67628288269043,7.827051639556885,5.249088287353516,11.007665634155273,5.73583984375,2.792715072631836,4.8125128746032715,4.853024482727051,5.534673690795898,1.2149773836135864,6.273561477661133,11.288634300231934,5.785772323608398,0.7947386503219604,0.7614825963973999,0.6742097735404968,0.6130837798118591,0.5046266317367554,0.5056073665618896,0.42632433772087097,0.40508905053138733,0.4344703257083893,0.4751555621623993,0.5295913815498352,0.6656994819641113,0.005262426790789963,0.004806451598791432,3984.947589810833,1180.4215748538109,6220.387530457034,893.3681620790865,10579.297668032192,3728.3808042329233,0.041063206931554526,0.03794493438505223,16.23104225625615,4.552397574152867,9.881555919191028,3.195312747400292,11.96433370820946,3.182842594285271,13.88373103676703,3.2725223474818113,14.64571357248182,2.873673470244853,16.908049125113084,3.1137710532107965,20.94482946473839,1.8728667652347122
no_vocals,47.5,52.5,-560.8970336914062,60.18330001831055,95.39173126220703,23.45720672607422,25.537185668945312,12.255599975585938,31.604480743408203,12.282719612121582,19.155305862426758,6.557281970977783,14.866604804992676,8.035093307495117,15.401102066040039,6.732552528381348,7.650813102722168,5.093286991119385,10.463808059692383,5.983645439147949,3.2555012702941895,4.641363620758057,5.011176109313965,5.6658220291137695,1.1174464225769043,6.449906826019287,12.585479736328125,5.1473541259765625,0.8065584301948547,0.733156681060791,0.6783178448677063,0.596767783164978,0.5176277756690979,0.5015284419059753,0.41372209787368774,0.4242565631866455,0.46431928873062134,0.5114850997924805,0.5944461822509766,0.7347255349159241,0.004450790880662832,0.002742012541518539,3880.468530833919,1118.0836722290444,6123.43990185881,752.7435689536231,10258.148179198086,3258.091169928955,0.03658823955916473,0.03517612564146134,15.395030681767762,4.906588380750125,9.508242320989275,3.317415770221033,12.210204280886424,3.3361163926884196,13.394409656206985,3.0910837028964417,14.648056896889646,2.54038735890608,16.936111187241732,3.0698677992389127,20.541525838794545,2.049549057235051
no_vocals,50.0,55.0,-564.6033935546875,57.413089752197266,93.70042419433594,23.910717010498047,25.126571655273438,11.507787704467773,32.99760055541992,12.964824676513672,17.623960494995117,7.412193298339844,15.849767684936523,7.302389621734619,14.332411766052246,6.7926411628723145,7.987973690032959,5.069525718688965,10.473458290100098,5.73676061630249,2.17375111579895,5.082672595977783,5.026500701904297,4.919989109039307,0.9361926317214966,6.050923824310303,11.888689994812012,5.223453998565674,0.7713266611099243,0.7463201880455017,0.7245725393295288,0.6788076758384705,0.5764358639717102,0.5589222311973572,0.45821326971054077,0.43903037905693054,0.4556840658187866,0.49459683895111084,0.5536211729049683,0.670265793800354,0.004098029108718038,0.002410351197944869,3954.7253109989892,1088.6985512755455,6139.821270747453,723.6590258821622,10421.670624274942,3107.491293646556,0.03978529219837587,0.037437742957985076,15.54075705902157,5.132390002579874,9.478204019101323,3.176070487045556,12.158481858484786,3.3075049786005484,13.411741650843556,3.361398219920567,14.221954378486716,2.399361196444549,16.23531393990198,2.7781222398387886,20.217915112047415,2.0093103548905527
no_vocals,52.5,57.5,-559.8851318359375,53.56003189086914,92.47171020507812,22.848209381103516,24.049055099487305,11.91568660736084,33.91151428222656,10.658568382263184,18.14695930480957,7.662588119506836,16.239103317260742,6.916842460632324,14.377241134643555,6.704017639160156,7.933133125305176,5.080693244934082,11.735960960388184,5.370140552520752,1.839059829711914,5.1998748779296875,4.634766101837158,4.863743305206299,1.369073510169983,5.740749835968018,11.871441841125488,5.684380531311035,0.7826369404792786,0.7186207175254822,0.6731798052787781,0.5774747729301453,0.5532783269882202,0.4816700518131256,0.4240225553512573,0.44505801796913147,0.4893299639225006,0.537429690361023,0.6507128477096558,0.7856869697570801,0.004220201008307062,0.0024721520970388392,3957.7516494754846,1002.5233590982124,6114.974528257648,637.2080372550428,10377.555036434165,2764.928200393307,0.03933666255800464,0.03301684064281141,15.568545175092162,4.82010709251784,9.224704909947745,3.1694021933578727,11.780904098863084,3.03226987217403,13.82293704263863,3.456734657785443,14.368515089073892,2.2816308020095897,16.581777029367355,2.8723524955595905,20.27386685294279,2.08625811422279
no_vocals,55.0,60.0,-538.8013916015625,52.24164581298828,99.74329376220703,19.316024780273438,27.250797271728516,11.03666877746582,35.69437789916992,9.070558547973633,18.8319034576416,7.005201816558838,17.106351852416992,7.184144496917725,16.390329360961914,5.197387218475342,8.636359214782715,5.059532642364502,12.905985832214355,5.469322204589844,2.537982940673828,4.783763408660889,4.200276851654053,5.298226356506348,-0.12308447062969208,5.4670281410217285,12.750981330871582,5.538534164428711,0.8673343658447266,0.7763695120811462,0.6819062829017639,0.5777900218963623,0.4502921402454376,0.4043927490711212,0.3240887224674225,0.34305599331855774,0.41126877069473267,0.47258254885673523,0.5761670470237732,0.7635214924812317,0.00592853730380224,0.0035227700941076554,3583.4178440023784,986.430262885536,5889.167343391806,739.3197697499039,9281.060352015662,2974.2293191035205,0.03716715305974478,0.028228584015460665,14.905383972781811,4.090091563582228,8.973262097794974,3.232045320374465,12.334424421261506,3.343502387520088,14.041286499315435,3.1670878861744085,15.17220777269688,2.477430463189643,17.239544199809128,2.862024824787004,20.694777580624024,1.9112449957800002
no_vocals,57.5,62.5,-528.549072265625,61.32322692871094,102.8156509399414,17.961137771606445,29.277076721191406,9.450594902038574,36.19707107543945,10.730600357055664,19.158615112304688,6.798354148864746,16.74897575378418,7.690896511077881,16.364654541015625,5.392958164215088,8.486440658569336,4.843616485595703,12.57382869720459,5.545928001403809,2.929914712905884,5.196357250213623,4.082454204559326,5.068573474884033,-1.2686474323272705,6.014976978302002,11.959066390991211,5.761983394622803,0.8278172612190247,0.7608894109725952,0.6864014863967896,0.5887500047683716,0.44402071833610535,0.39077186584472656,0.31313052773475647,0.3322872221469879,0.3953733444213867,0.44892144203186035,0.5408586263656616,0.7206627726554871,0.007570878080721175,0.004880592023854296,3542.520094764783,1039.0018190016924,5959.840560970121,864.8889763799997,9193.528630727958,3375.2854987686537,0.0438467499274942,0.03572099343991961,15.322559229395141,4.002930159196544,9.277728257716175,3.118114317078158,13.008047482529102,3.4097779898949456,14.371606279221742,3.219668885017651,15.244582286066729,2.5555977768951643,17.346688440403625,2.784614402540917,21.452246569423433,2.082525254476019
no_vocals,60.0,65.0,-523.5210571289062,57.39748764038086,101.99824523925781,16.815404891967773,31.310020446777344,9.638174057006836,35.54034423828125,8.968805313110352,21.33856201171875,6.613369941711426,15.263413429260254,7.133798599243164,18.31513214111328,5.557523250579834,8.010174751281738,4.983485698699951,13.075857162475586,5.35873556137085,3.4635703563690186,5.239739894866943,4.304667949676514,4.29040002822876,-0.8069085478782654,5.6570563316345215,12.151034355163574,5.4566802978515625,0.8119431734085083,0.7813984155654907,0.7005783915519714,0.619202733039856,0.47135311365127563,0.4121919572353363,0.3291066884994507,0.3160749673843384,0.3690609931945801,0.4222816824913025,0.48985838890075684,0.6575640439987183,0.008673374527868687,0.006774949038121999,3727.7951610322907,1012.3437494814301,6276.046798583803,757.3578413127922,9829.082869598318,3480.5504685047126,0.061103130437935034,0.03786655109785672,15.512843288307177,3.760731650919672,9.722261134712808,3.3884013473525187,12.650085781712374,3.4003902967159814,14.431416211114097,3.2568401909629956,15.164986965593025,2.4861387430728925,17.50557893959179,3.012059711818158,22.77683079577759,1.688579604759329
no_vocals,62.5,67.5,-582.7998046875,73.86344909667969,86.29660034179688,28.164281845092773,26.16890525817871,13.930475234985352,30.55547523498535,11.101181983947754,20.525901794433594,10.12594985961914,11.481904983520508,7.6403727531433105,14.30964183807373,7.983392715454102,7.343384265899658,5.3155059814453125,9.794727325439453,6.156180381774902,4.5141096115112305,5.297800064086914,2.8309171199798584,5.712452411651611,2.4721760749816895,6.040372848510742,11.075164794921875,5.733263969421387,0.7863999605178833,0.7802385091781616,0.7445011734962463,0.7009302973747253,0.6217868328094482,0.6175412535667419,0.549467146396637,0.52578204870224,0.5442306399345398,0.5616562366485596,0.5879095196723938,0.6760894060134888,0.005663560674765651,0.006597266844457244,3697.0951491745964,815.4407984531849,6188.558811516362,694.0140382603117,9902.275775812064,3142.4997279815057,0.0313440309599768,0.039077840859419094,18.332886235940354,4.712352156545389,9.423823067810622,3.2022475089048896,11.785447497067521,3.0766408992753838,13.845251124899264,3.405415202235694,14.252916870868729,2.6119502259691627,16.76316412886791,2.8341207875408077,20.718193398558192,2.405487020803868
no_vocals,65.0,70.0,-647.3677978515625,44.77668380737305,88.4186782836914,23.10005760192871,17.58060073852539,13.060945510864258,27.257627487182617,13.422441482543945,17.835697174072266,10.930157661437988,6.015654563903809,7.403112888336182,10.34105396270752,7.662727355957031,5.292130470275879,5.834081649780273,6.470017910003662,5.920797348022461,2.9662528038024902,6.827414512634277,0.49145570397377014,7.236483573913574,3.619074821472168,6.82512903213501,8.772407531738281,6.354650497436523,0.7091135382652283,0.7412184476852417,0.7763551473617554,0.7913808226585388,0.7869159579277039,0.8195835947990417,0.7499752044677734,0.7210120558738708,0.7022696137428284,0.6926697492599487,0.6717677712440491,0.6590361595153809,0.0020563303249328466,0.000263521660431423,3692.587456491911,546.8554655673521,6108.37768301531,457.7885566455894,9966.375774905742,2230.531392911124,0.0019485933874709978,0.004914541883592405,20.752443598894402,4.334909310932859,8.400574406130959,2.7820386160619806,11.93083227355423,3.2195689737384137,13.24587276977888,3.059118439867793,13.282859959182495,2.290458461229569,15.401423561951171,2.050088541438195,18.690392912951346,2.0216968184506574
no_vocals,67.5,72.5,-643.7265014648438,52.3434944152832,95.3796615600586,24.467321395874023,17.38215446472168,11.70694637298584,26.81778907775879,11.860671043395996,15.244380950927734,8.89038372039795,5.369335651397705,8.900253295898438,9.571272850036621,7.685924053192139,5.185131072998047,5.7003560066223145,6.098867416381836,6.111823558807373,1.2212450504302979,6.69364070892334,-0.00821896456182003,7.589499473571777,2.563056468963623,6.686935901641846,7.173943519592285,6.289289951324463,0.7024295330047607,0.7315002083778381,0.7712142467498779,0.7988451719284058,0.7860864996910095,0.7906609773635864,0.7403951287269592,0.7034589052200317,0.6868261098861694,0.6890101432800293,0.672784149646759,0.66142737865448,0.0021242589310023355,0.0002758567346721951,3373.727154835995,571.1228796296051,5821.254428996956,538.005110741934,8906.502524108178,2170.553812272616,0.0025456333381670532,0.006558928374875171,20.723821840326472,4.945441255583898,8.47879277443809,2.872683821807819,11.994787934785943,3.1884047459455465,13.115355606882506,3.1528470319855106,13.055310742960849,2.325712387898536,15.074537176951228,1.8494289797623786,18.501509584435727,2.14787121850828
no_vocals,70.0,75.0,-629.0003662109375,56.464637756347656,97.40580749511719,23.824771881103516,12.078651428222656,12.23117733001709,25.524932861328125,12.815315246582031,18.631141662597656,11.257207870483398,7.511185169219971,9.674816131591797,9.03689956665039,8.056737899780273,3.041639804840088,6.515456676483154,6.522921085357666,5.372113227844238,0.16683535277843475,6.5796051025390625,-0.022179270163178444,6.903219223022461,0.8450686931610107,7.0177226066589355,6.85722017288208,6.7648024559021,0.7158202528953552,0.7479742169380188,0.7623874545097351,0.7735778093338013,0.762808084487915,0.7794563174247742,0.7173982858657837,0.6908540725708008,0.6752502918243408,0.6608301401138306,0.6556320786476135,0.6559329032897949,0.0021626511477949553,0.00024593463692092145,3518.9831167219,668.93956543096,5908.505700955362,558.3863491399192,9097.603456714038,2297.8826254758046,0.004958717009860789,0.010364218287597439,20.58433780134375,5.143305420622085,8.56088881292057,2.9793371184393114,12.222960234995599,3.134792006026274,13.229019643700196,3.215238969408925,13.197868211910038,2.064666519399474,15.19830088053385,1.9648390987202708,19.17173007546211,1.997173302235635
no_vocals,72.5,77.5,-643.6565551757812,58.861915588378906,92.38404846191406,25.197185516357422,11.330863952636719,13.044690132141113,26.852115631103516,14.426210403442383,21.72707176208496,11.954791069030762,9.36548900604248,7.997162818908691,8.719740867614746,7.546573638916016,3.046898126602173,7.216501235961914,6.731916427612305,5.740028381347656,1.0674293041229248,6.763139724731445,0.7683398723602295,6.530269145965576,1.4890122413635254,7.4451751708984375,6.798508644104004,5.910972595214844,0.7506348490715027,0.7759102582931519,0.7944599986076355,0.8020653128623962,0.79708331823349,0.8038367033004761,0.7227717638015747,0.7074838280677795,0.6913215517997742,0.6830605268478394,0.6739585995674133,0.6747488975524902,0.002114114548207159,0.00019692701873274998,3548.77125864992,677.0821997993518,5994.494743037589,589.636921413833,9256.929175427784,2390.048009369186,0.0039039841937354987,0.009377246381606518,21.28947305416487,4.84098454290538,8.556854064459293,3.122373368852998,11.962033033189414,3.479361254623488,12.716172457834745,3.2449192871776993,13.241355867296294,2.4712603232021775,15.168419145212757,2.1223431736955187,19.89830749961905,1.9321563567548763
no_vocals,75.0,80.0,-676.6055908203125,57.63401794433594,85.42203521728516,27.018712997436523,13.927605628967285,15.236894607543945,28.758750915527344,14.626202583312988,21.050085067749023,11.24602222442627,8.378252983093262,7.260919094085693,7.3402628898620605,7.899497985839844,4.197051048278809,6.55210018157959,6.750395774841309,6.460851669311523,1.7575734853744507,7.023645877838135,1.9597231149673462,6.824704647064209,3.9992971420288086,6.596036434173584,6.139267921447754,5.507898807525635,0.7480169534683228,0.7843050360679626,0.8248445391654968,0.838179349899292,0.8461929559707642,0.8629806041717529,0.8010711073875427,0.7761988043785095,0.7648122906684875,0.7568730115890503,0.7235509157180786,0.7002554535865784,0.001992653091351681,0.00016777084443600918,3310.3152290676253,606.6509317875029,5855.8331074141515,613.9375576092904,8790.493016785093,2351.883351349812,0.001294908280162413,0.004957120412851912,23.2907297522741,5.516602584289139,8.296447697358735,2.674349192477201,11.633386411859771,3.0482089529840968,12.767635176108273,3.2188048961675833,13.073570188132727,2.549207614211372,15.138791889238329,2.3061649401680278,19.030527984582008,2.08004237365146
no_vocals,77.5,82.5,-662.7888793945312,58.72739028930664,88.25980377197266,24.42787742614746,10.870685577392578,14.876903533935547,29.998279571533203,14.21888542175293,21.802757263183594,13.085748672485352,7.6992573738098145,8.619144439697266,8.805865287780762,8.265830993652344,3.29231595993042,6.06297492980957,7.580883502960205,6.061532020568848,1.6614513397216797,7.4088335037231445,0.34653571248054504,6.475259304046631,2.763983726501465,5.322350025177002,4.805278301239014,5.672513961791992,0.7436266541481018,0.7783631086349487,0.812645673751831,0.8187244534492493,0.8245183825492859,0.8024305701255798,0.7640928626060486,0.7604969143867493,0.7545396685600281,0.7360503077507019,0.710709810256958,0.7120654582977295,0.0019491595529957638,0.00017098148029279976,3284.7631638035973,572.3434214748262,5697.236837162261,447.48641665742645,8322.25826112964,2007.7188829365693,0.0031902552204176333,0.008619610227799003,22.045965628474583,5.4484290310003916,8.436498060446755,3.1245807285956535,12.181385771393519,3.5353789083275498,12.891045394302319,3.000305546440456,13.324661493773887,2.463393166098459,15.160387726747668,2.181473351019696,18.229180514885382,2.007475372418738
no_vocals,80.0,85.0,-660.472900390625,72.3877944946289,88.72367858886719,27.19459342956543,10.268375396728516,12.182215690612793,28.10890769958496,13.73580265045166,22.02070426940918,13.175103187561035,9.22357177734375,8.713176727294922,7.848784446716309,7.345259189605713,2.7156214714050293,5.891865253448486,7.433644771575928,6.4663496017456055,1.3670247793197632,7.399615287780762,-0.05888543650507927,6.4553327560424805,3.4333043098449707,5.850754737854004,6.761227607727051,6.785667896270752,0.7574940323829651,0.7660194039344788,0.7984505295753479,0.8039268851280212,0.7808818817138672,0.7504110336303711,0.7233629822731018,0.7383068203926086,0.7322704195976257,0.7161362767219543,0.7054135799407959,0.7198432683944702,0.001950690620027811,0.00020582614004448685,3198.537432380886,746.3492412848892,5540.538473480716,541.0181334938243,8007.603705952726,2518.8007477665774,0.005478719547563805,0.01110881232100529,21.769911806625583,5.67672460211521,8.668759376906381,3.210065621766408,12.30597061022879,3.6197451052352743,12.74823212651093,3.1316759139130124,13.578753370064776,2.249433083506942,15.22070424879751,2.0604818692044917,17.58058784505652,1.975917685572839
no_vocals,82.5,87.5,-663.4730224609375,78.42410278320312,86.38810729980469,27.763643264770508,12.61650562286377,12.180924415588379,26.07797622680664,13.994694709777832,20.74106788635254,10.6155366897583,9.524505615234375,7.349761009216309,9.029078483581543,9.032431602478027,3.2703304290771484,5.742422103881836,5.950396537780762,7.005555629730225,0.20056837797164917,6.971047878265381,0.9564855694770813,6.555751800537109,4.141132354736328,6.090355396270752,7.837965488433838,6.08973503112793,0.7412062883377075,0.7563442587852478,0.7773104906082153,0.8089770674705505,0.7823757529258728,0.7666611671447754,0.7293281555175781,0.7223888635635376,0.7359678745269775,0.7440589070320129,0.7213094830513,0.7075483202934265,0.0019530194907140185,0.00022881011267695688,3350.0953002991037,754.3714204864227,5753.162221451986,600.5532370876072,8683.826221722738,2673.880980623929,0.006179986586426914,0.011973739118144864,22.248545613858308,6.221735402687194,8.715954180492519,3.1058232972074076,12.143385488956223,3.4117342651885276,12.9547005651811,3.1752305184365803,13.523200988468083,2.2911060459875783,15.177808290008004,1.962564484444871,17.687331218471797,2.0813670007692773
no_vocals,85.0,90.0,-651.1898193359375,54.85544204711914,97.37376403808594,22.35477638244629,10.522948265075684,12.869564056396484,27.798900604248047,13.558073997497559,20.323287963867188,11.39599323272705,8.182973861694336,8.407294273376465,9.961773872375488,9.228228569030762,3.4353413581848145,6.104820251464844,5.997615337371826,6.540656089782715,-0.12719857692718506,6.712024211883545,0.07889707386493683,6.113546848297119,2.3983395099639893,5.459164619445801,5.735836505889893,5.853435039520264,0.7390814423561096,0.7658973336219788,0.7942530512809753,0.7966647148132324,0.7737529873847961,0.7656095623970032,0.7189636826515198,0.7224660515785217,0.7588483691215515,0.7722023725509644,0.7317244410514832,0.7024382948875427,0.0019473468413762317,0.0001727363636720799,3210.5054290767,667.0192221296413,5577.881527489731,611.6070478810725,7958.691859411253,2374.8533288416306,0.003568644866589327,0.009232244707473839,21.016051377513573,4.810104728664948,8.140635866137838,3.0110826960699613,12.147667173172927,3.1050586541063994,12.94573592029058,3.163342432750789,13.224842575128186,2.165451497333298,15.217127225600121,1.961211229437009,18.326755945047342,2.0838285874620412
no_vocals,87.5,92.5,-649.9817504882812,47.98566818237305,97.51127624511719,23.01401710510254,10.623787879943848,12.444079399108887,29.991594314575195,13.349367141723633,22.128938674926758,11.911314964294434,7.384835720062256,8.085975646972656,7.541688442230225,7.355345249176025,3.331949472427368,5.9070844650268555,7.547176361083984,7.137380123138428,-0.24894338846206665,7.046075820922852,-0.48442527651786804,5.738825798034668,1.9758204221725464,5.305548667907715,4.421667098999023,5.93876314163208,0.7348852157592773,0.7606648802757263,0.7806681990623474,0.7805578112602234,0.7625589370727539,0.7614840865135193,0.7317311763763428,0.7377942204475403,0.7544918656349182,0.7632580399513245,0.7315158843994141,0.7031054496765137,0.0019351106410923904,0.00013590052112009057,3165.575976972638,622.7748084792196,5499.397099917933,513.2234587558866,7764.543304089327,2050.2192331075494,0.00234397658062645,0.005681881596992561,20.716145632187153,4.452080987645901,8.43502188957419,2.875292997366759,12.204331465656576,3.189107615257234,12.935163249119418,3.2341096790766466,13.449798499747988,2.2557483657507387,15.410947944426589,2.0455948438900453,17.76367665940957,2.0947819416047624
no_vocals,90.0,95.0,-648.6693115234375,54.09635543823242,93.51774597167969,23.083696365356445,11.147428512573242,12.318354606628418,31.96194839477539,14.373902320861816,23.041006088256836,11.11383056640625,8.025530815124512,6.746518611907959,8.234846115112305,7.045044898986816,2.9873087406158447,5.776290416717529,7.508457660675049,7.04935884475708,-0.1101667508482933,7.252490997314453,0.2224629670381546,5.817245960235596,2.5745415687561035,5.999720573425293,4.4656219482421875,5.713711738586426,0.7361921668052673,0.7482789754867554,0.763111412525177,0.7672781944274902,0.7455179691314697,0.7432585954666138,0.7201659679412842,0.7259216904640198,0.7311504483222961,0.7348138689994812,0.7221250534057617,0.7069525122642517,0.0019438891785582334,0.00016233414976275646,3294.7499651245325,653.1355412932405,5606.238546090959,508.04571614546194,8182.667148528132,2003.4182527899843,0.0038326112964037124,0.008951677955188484,20.777421017037227,4.631652140168964,8.612955047358478,3.0621007705640344,12.192218006935923,3.3137761843420934,12.62416321025621,3.067610609273476,13.754946713592132,2.1793787520539847,15.310879356173704,1.9424080026926223,17.874960743937518,2.310986571548558
no_vocals,92.5,97.5,-636.7665405273438,54.20876693725586,97.54078674316406,21.170530319213867,9.857327461242676,12.764647483825684,28.998382568359375,14.391544342041016,20.492210388183594,11.391451835632324,8.559357643127441,6.575118541717529,9.421534538269043,7.368225574493408,2.084657907485962,5.971830368041992,6.870206832885742,6.028017044067383,-0.32684651017189026,6.771533012390137,0.08866000920534134,5.807020664215088,2.512233257293701,7.289891719818115,6.056136608123779,6.309344291687012,0.7403060793876648,0.7579082250595093,0.7722992300987244,0.7680211067199707,0.7281261682510376,0.7142412066459656,0.6827797293663025,0.7023885846138,0.7206956148147583,0.7157589793205261,0.689063310623169,0.6868906617164612,0.0019573373177138496,0.0001505937262709509,3334.921560341944,715.0753622901565,5604.052938682649,537.2342852200685,8242.070810977379,2179.445425206467,0.005307651174593968,0.009917630988129695,20.374888839319137,4.512727751170821,8.511360139460733,2.8692578623683693,12.185351775163168,3.120898210805633,12.677488575117074,3.2046835529525146,13.657723079001672,2.16414682326612,15.110470440257254,1.928532183619691,18.157311145794466,2.3477338608930274
no_vocals,95.0,100.0,-644.9042358398438,61.15994644165039,92.26557159423828,23.350479125976562,12.690813064575195,16.037248611450195,25.837785720825195,14.551788330078125,18.202783584594727,10.581836700439453,6.851219654083252,6.893972396850586,10.169021606445312,7.898042678833008,3.3000996112823486,5.9695844650268555,6.706817626953125,6.104748725891113,-0.21562042832374573,6.147306442260742,0.3711024522781372,5.83149528503418,3.1985507011413574,7.227705955505371,6.852809906005859,6.442174434661865,0.7338681817054749,0.7758394479751587,0.8076515793800354,0.7967153787612915,0.75437992811203,0.7455240488052368,0.7122673392295837,0.7236738801002502,0.7379187345504761,0.7362411022186279,0.6967739462852478,0.6740947365760803,0.0019489314948400946,0.00017647413303840452,3488.4175631723933,611.2882044288441,5839.040984089891,358.2368889444422,8975.099015733758,1866.203255333358,0.0049077363689095125,0.009875489896026483,21.22391101922981,5.408906039719056,8.592147783820893,3.2835457427918024,11.79312875477896,3.147363688383531,12.48552892343049,2.924386938929814,13.062316896152241,2.4904228219681634,14.713369320310282,1.9668029361997754,17.878327987872897,2.2559105832025397
no_vocals,97.5,102.5,-665.1882934570312,62.27574157714844,90.21222686767578,25.274856567382812,14.029289245605469,15.10978889465332,27.215822219848633,15.829854965209961,17.54488754272461,11.69540786743164,5.969247341156006,8.140318870544434,8.863166809082031,7.772885799407959,4.980844974517822,6.361053943634033,6.835718154907227,7.263328552246094,0.9773528575897217,6.437429904937744,1.1308903694152832,6.383448600769043,4.123341083526611,6.741467475891113,6.065213203430176,6.211419582366943,0.7671999931335449,0.7912684679031372,0.817100465297699,0.8080515265464783,0.7866629362106323,0.784177839756012,0.752871572971344,0.7441124320030212,0.7445028424263,0.7472879886627197,0.7330353260040283,0.7142543792724609,0.0019354057828344733,0.00019493094478855672,3233.657255066537,643.1388487707302,5648.4328653734565,531.3942369605783,8353.78366988109,2085.3169427398484,0.00275408751450116,0.007867860627330798,21.917444444323507,5.181033847231677,8.547490750155559,3.34196307055587,11.54266606421221,3.300606652490303,13.425629103770763,3.3978526610939417,13.286700590705037,2.444707360759169,15.021147124755446,1.9837399773591946,17.812163489055074,2.2199856957919155
no_vocals,100.0,105.0,-666.8468627929688,62.63182830810547,90.02899932861328,26.24559211730957,13.615395545959473,13.43957233428955,27.04102325439453,15.568869590759277,17.440305709838867,12.970780372619629,6.2656660079956055,9.894225120544434,7.96757173538208,8.265948295593262,4.549215316772461,6.591827392578125,7.445441722869873,7.430108547210693,2.49056077003479,6.134749412536621,1.6513657569885254,7.1857733726501465,3.4716062545776367,6.448080539703369,4.450114727020264,5.703128814697266,0.7635486721992493,0.7914015650749207,0.8246764540672302,0.8120072484016418,0.7896042466163635,0.7782679200172424,0.7445127964019775,0.7512364387512207,0.7559717297554016,0.7471821904182434,0.7252709865570068,0.7093979120254517,0.001907665689536338,0.0001776906905702929,3204.3344518301733,661.8591673549774,5596.417018694109,559.1887231037535,8297.727396316704,2270.1222746403932,0.0020652824100928073,0.00473723143338375,22.252092702048564,5.581796435164093,8.293506030805359,3.1350246932901413,11.479511987104107,3.429925346126141,13.467585693446592,3.3838727405467686,13.389533789859257,2.3449158160919623,15.06800872114008,2.114230825916434,17.598065506562033,2.2960367396919015
no_vocals,102.5,107.5,-652.2862548828125,61.391014099121094,95.26653289794922,25.999086380004883,13.01419734954834,13.116947174072266,27.599061965942383,13.715865135192871,17.05731773376465,11.976223945617676,7.582363128662109,8.667586326599121,9.649496078491211,8.713847160339355,3.930976152420044,5.820389747619629,7.882972240447998,5.866823196411133,2.125682830810547,6.081729412078857,0.39264383912086487,7.469698429107666,1.7995679378509521,6.033267021179199,4.294100761413574,5.535006523132324,0.7411054372787476,0.7838343381881714,0.794797420501709,0.7880709171295166,0.7518118023872375,0.7374308705329895,0.7049577832221985,0.7184151411056519,0.7300037741661072,0.7252686023712158,0.701310932636261,0.6782801747322083,0.0019355989612310502,0.00017927247746394042,3238.8794110611543,672.7539842116729,5599.100262314772,611.1068622897827,8351.735267727669,2398.787847254135,0.003746510658352668,0.007373893217221623,21.327389483557862,5.3268725869635505,8.560684212386375,3.164735430593508,11.965898148739443,3.4111455793821985,13.479800776369235,3.316471062290215,13.074664519093782,2.09220266874073,14.797042477715458,1.8853969877155958,17.904064733899453,2.1952989310800763
no_vocals,105.0,110.0,-635.3189086914062,52.56370544433594,97.11238098144531,22.727766036987305,9.139423370361328,9.394488334655762,30.145435333251953,12.173645973205566,20.26497459411621,11.952030181884766,8.32512378692627,6.614901542663574,9.618996620178223,7.919022083282471,2.986541986465454,5.945523738861084,8.170720100402832,5.506721496582031,0.5914245247840881,7.082317352294922,-0.7340563535690308,6.635194301605225,1.7539756298065186,6.300421714782715,4.596972465515137,5.751665115356445,0.7317700386047363,0.7547516822814941,0.7573743462562561,0.7623182535171509,0.7354152798652649,0.725030243396759,0.6990721821784973,0.7013712525367737,0.7094034552574158,0.7122121453285217,0.7022798657417297,0.6910961270332336,0.0019554617358782177,0.00018411050313191338,3343.105316836643,712.1521149248737,5587.276349911183,601.8414269814903,8336.597076203596,2348.2757965577757,0.005111658932714617,0.009185009612020732,20.192450857067332,4.690772008433822,8.438368310866093,3.166890882923521,12.308001861903488,3.3294700480311623,12.774550732135973,2.8908813298298885,13.436696841766453,2.238304258741978,15.124203897602488,1.9242565497716178,18.162646456578127,2.1696812299911037
no_vocals,107.5,112.5,-640.547607421875,55.64696502685547,93.09508514404297,23.238862991333008,9.639129638671875,12.148289680480957,31.60832405090332,13.145040512084961,22.266372680664062,11.738187789916992,7.775628566741943,6.468329429626465,8.13105297088623,7.500965595245361,2.5090172290802,6.126373291015625,8.062325477600098,6.364192008972168,0.8771092295646667,7.009005546569824,0.23598507046699524,6.425442218780518,2.301347494125366,6.536201477050781,3.8919148445129395,6.324523448944092,0.7230187654495239,0.7508559823036194,0.7851144671440125,0.7983731031417847,0.764748215675354,0.7507546544075012,0.7137376070022583,0.7118427157402039,0.7093766927719116,0.7087838649749756,0.7040525078773499,0.6887591481208801,0.0019379175897998836,0.0001971401195676706,3401.0664162811554,632.2051025902031,5648.368812104873,524.0782076659136,8458.352101761891,1986.9125454594907,0.0051309182859628774,0.01022859296567369,20.651963723741748,4.891010465070683,8.348922401110693,3.205922212527089,12.176264448251057,3.0850639687599104,12.455988313350367,3.1134229034231153,13.598890813871721,2.2598497919046374,15.408862588102021,1.8700316836819055,17.90168400786284,2.0799832616549754
no_vocals,110.0,115.0,-652.6621704101562,61.839576721191406,91.22211456298828,26.478282928466797,11.937941551208496,14.156298637390137,29.320796966552734,13.311149597167969,18.09040641784668,11.687419891357422,6.025578498840332,7.995518207550049,9.148530006408691,8.716229438781738,4.318206787109375,5.410772800445557,9.076173782348633,6.405296802520752,2.5190412998199463,6.27759313583374,0.2850920557975769,7.509605407714844,2.6604793071746826,6.475853443145752,5.530544281005859,6.103919506072998,0.745943546295166,0.776487410068512,0.8137157559394836,0.8227479457855225,0.7735059857368469,0.7665287852287292,0.7182318568229675,0.7079669833183289,0.7101880311965942,0.7020995616912842,0.6835345029830933,0.6815463304519653,0.0019340481727412122,0.0002042576636263893,3342.096028807278,566.0658976871391,5689.699679923166,535.0223364144501,8503.866598390372,1992.161105189426,0.00496211571925754,0.010830158487540193,21.459989253250555,4.9248981950290895,8.447475627575823,2.9227907522260037,12.023114613738363,3.39752370513672,12.720254603260697,3.0675461429736584,13.380199362284952,2.243426301616684,15.229529758837115,1.9635426292117732,18.02761196742618,2.2558896470029195
no_vocals,112.5,117.5,-650.7892456054688,65.16412353515625,90.00299072265625,26.925384521484375,12.173588752746582,13.663043022155762,25.358016967773438,12.793745040893555,18.366243362426758,11.012579917907715,6.850951194763184,8.310306549072266,9.398239135742188,8.300027847290039,4.228097438812256,5.316475868225098,8.565766334533691,6.3097639083862305,1.6636056900024414,7.000186443328857,1.1794978380203247,7.424824237823486,3.0006237030029297,6.460194110870361,6.442757606506348,5.494640350341797,0.7878907918930054,0.7992536425590515,0.8054482340812683,0.7812435030937195,0.7499028444290161,0.7494053840637207,0.6943303942680359,0.6979555487632751,0.6972516179084778,0.7048903703689575,0.701374351978302,0.715065062046051,0.001951739100983535,0.00020150813386234033,3496.1618685026647,578.6368108930991,5898.284799988173,415.8809073469074,9081.316161542924,2093.911448427862,0.006005519504060325,0.012909506403818348,21.3873153938761,4.996844264877391,8.411215380709944,2.9809088727161877,11.826150316712114,3.2678786073231785,12.840198486184876,3.3074066867833887,13.376100183125413,2.269735620122532,15.009856167098992,2.0065747139114984,18.300518648962203,2.71079133065949
no_vocals,115.0,120.0,-636.4237060546875,61.030487060546875,94.95750427246094,25.471149444580078,7.189079761505127,15.804646492004395,26.92886734008789,12.567689895629883,20.83710289001465,11.033825874328613,9.908751487731934,7.629464149475098,9.646112442016602,7.364849090576172,2.065150260925293,6.994184494018555,7.089430809020996,6.415375709533691,1.3831676244735718,6.708630084991455,0.4350908398628235,6.377025604248047,1.4700175523757935,6.581421375274658,4.7984724044799805,5.998562812805176,0.7739349007606506,0.8143355846405029,0.8082348108291626,0.785844087600708,0.7167556881904602,0.7006518840789795,0.6596494913101196,0.6621493697166443,0.6677852869033813,0.6725851893424988,0.6733213067054749,0.6909145712852478,0.001981783860034618,0.00020759880196804324,3414.270014552658,695.3461289420769,5673.738716473803,583.6787137105576,8562.321001305105,2300.579243871096,0.007555330988979118,0.013139303469134566,20.79596786964812,5.254079620518429,8.455771271675145,3.1272922729413892,12.01938203310376,3.184548720880385,12.937380744118862,3.1375081640928735,13.598894212861108,2.0626432795046163,14.994568120193806,1.946639017112966,18.35496000457383,2.2065955899102083
no_vocals,117.5,122.5,-635.4973754882812,57.77471160888672,95.99549865722656,22.03217887878418,6.304183006286621,15.98756217956543,29.68801498413086,13.363595008850098,23.25909423828125,11.81984806060791,11.042181015014648,7.575594902038574,10.06119441986084,7.5982890129089355,0.5053023099899292,7.57668924331665,6.481427192687988,6.519503593444824,1.1772843599319458,5.804528713226318,-0.19739368557929993,5.847476959228516,0.6608741283416748,6.260751247406006,4.501424789428711,5.764839172363281,0.7609207034111023,0.7916969060897827,0.7923433780670166,0.7730990648269653,0.7191040515899658,0.7172515988349915,0.67560875415802,0.6800547242164612,0.6970030665397644,0.7024489641189575,0.6829468607902527,0.6868485808372498,0.002002584803071556,0.00023621301142568333,3414.303926036556,658.9538617668591,5695.709350163721,596.7911103233172,8393.053037993039,2226.7364581494817,0.007164479408352668,0.011509150040291,20.880291911140613,4.948018370809218,8.442434360028878,3.067467253264595,12.51536042553345,3.2841220166759464,13.098923119941018,3.3895140863161473,13.591101187000465,2.290917315218264,14.912373102606871,2.111190344991072,19.310885054062613,2.1536150179743703
no_vocals,120.0,125.0,-597.5767211914062,91.45218658447266,85.64733123779297,39.0783576965332,19.604202270507812,15.727036476135254,29.557161331176758,15.524487495422363,25.520082473754883,12.657712936401367,16.234516143798828,8.081496238708496,9.810215950012207,8.164164543151855,5.871139049530029,8.09952449798584,6.082202434539795,7.881657600402832,3.0204243659973145,6.334286689758301,2.411085844039917,6.283995151519775,4.960213661193848,6.700704574584961,4.938416481018066,5.330782890319824,0.7290641069412231,0.7269837260246277,0.7434514164924622,0.7352967858314514,0.7549194097518921,0.7540484070777893,0.6946753263473511,0.697263777256012,0.7030454277992249,0.6969133019447327,0.6812883019447327,0.6994354128837585,0.006095580521402686,0.010969735619558612,3152.918402690862,1252.3819291879017,5473.925159657735,1240.847274928509,7682.6571789805685,3866.2393479247794,0.011805983541183295,0.017864544054249393,18.4766988611296,6.558889522377795,9.13067296432453,3.3648680316474904,11.755973359804472,3.061341441070383,12.680010728165247,3.0259949127133217,13.40151813349633,2.240362973665706,15.225624656026703,2.119672473242011,20.856898232968867,3.334838262060523
no_vocals,122.5,127.5,-594.1544189453125,86.52974700927734,87.18932342529297,36.6988410949707,21.729894638061523,15.170767784118652,28.199604034423828,15.134389877319336,24.44887924194336,11.966120719909668,16.853012084960938,9.270157814025879,12.355834007263184,8.475420951843262,8.791245460510254,7.576512336730957,7.381112098693848,7.404204368591309,2.9161245822906494,6.8615570068359375,2.76178240776062,6.010375499725342,6.282383918762207,5.978752136230469,5.108536243438721,5.359841346740723,0.6933848857879639,0.6976687908172607,0.7266851663589478,0.7516632676124573,0.7297302484512329,0.7600931525230408,0.684654176235199,0.6559538245201111,0.6607052087783813,0.6781001687049866,0.6632851958274841,0.6612428426742554,0.005979875801401234,0.011013230370664111,3220.863507580336,1396.6645036704845,5503.963034627739,1268.2195218038933,7695.247358069895,4209.199696810514,0.012063152552204177,0.01764712150593473,17.22385402997867,5.989058222597222,9.308967835572306,3.4300912577096367,11.55412570723736,3.0847220404631854,12.644229769074148,3.0899302618170865,13.483956284692024,2.1072181478242813,15.779750441234487,2.166058443827979,21.43075588415413,3.167670163097268
no_vocals,125.0,130.0,-663.3986206054688,59.112220764160156,98.37981414794922,25.088930130004883,11.912222862243652,12.357264518737793,28.07941436767578,13.588264465332031,23.718509674072266,9.041159629821777,11.2493314743042,8.756115913391113,14.092639923095703,8.625923156738281,4.635732173919678,6.706357955932617,10.44619369506836,6.149148941040039,0.9091258645057678,6.532333850860596,2.2235050201416016,5.918656349182129,4.149033069610596,5.1745476722717285,5.510490894317627,5.724255084991455,0.7063552141189575,0.726291835308075,0.7578352093696594,0.7846839427947998,0.7572444677352905,0.7909311056137085,0.7280337810516357,0.6941753625869751,0.6980069875717163,0.7047239542007446,0.6812751889228821,0.6694173216819763,0.001766000244995523,0.000180420330771254,3393.913961249382,973.7007745875363,5868.551868144149,653.3230067691479,8333.449531431264,3062.904274367303,0.005320113109048724,0.009995014625871155,20.025533092185213,4.3510066057977035,8.649950871199794,3.119686473791145,11.703117443505516,3.292350808761529,12.670341294797948,3.002878275736214,13.471377712534347,2.3428901217199356,16.052293427818334,2.1239845080687685,20.78829605929438,2.065848085917548
no_vocals,127.5,132.5,-670.7989501953125,64.87612915039062,96.8819808959961,22.060644149780273,11.522444725036621,13.048972129821777,26.254133224487305,13.376623153686523,24.31234359741211,8.40888500213623,11.258981704711914,7.6161603927612305,11.86938762664795,7.418597221374512,5.273557662963867,6.78798246383667,11.157503128051758,6.615490913391113,2.3938815593719482,6.0467915534973145,2.7627270221710205,6.083547115325928,3.3288638591766357,5.797438621520996,4.761227130889893,5.773597240447998,0.6940566897392273,0.717252790927887,0.7519071102142334,0.7769243717193604,0.7674335241317749,0.8182343244552612,0.7594457268714905,0.7243938446044922,0.7133702635765076,0.6949034929275513,0.6625626683235168,0.6519562005996704,0.001726941097519099,0.0001632344236211724,3380.5608986499196,923.9341921541894,5903.340961621386,664.2023044446041,8501.518430068156,2948.9030391851315,0.005434536325406032,0.01090194196977281,20.74828795712993,4.759349160210645,8.817622699212428,3.3908266496625554,11.676081440068918,3.1356860991806124,12.784501770274797,3.071019665620051,13.229239624572594,2.0542589951434285,15.932830772224174,2.0109419933695722,20.573800534986667,1.8785964197938572
no_vocals,130.0,135.0,-649.1187133789062,71.07586669921875,97.92694854736328,22.458362579345703,11.125079154968262,12.318887710571289,24.551132202148438,14.175679206848145,22.87403678894043,10.486715316772461,9.729589462280273,8.009638786315918,12.082301139831543,7.7428202629089355,5.747115135192871,7.364823818206787,10.501726150512695,6.4597392082214355,0.6688233017921448,6.528874397277832,2.725558280944824,6.410277843475342,2.5031001567840576,5.648385524749756,5.333719253540039,6.034825801849365,0.6995260715484619,0.7120556235313416,0.731386661529541,0.7492282390594482,0.7364050149917603,0.801471471786499,0.7388498783111572,0.697734534740448,0.6857356429100037,0.6831573247909546,0.6641411185264587,0.653041422367096,0.0017450598877230162,0.00018846281686603177,3723.992842947223,932.1142637732848,6152.194340809386,565.9472246281928,9550.400254676624,3036.795387447195,0.010148546258700696,0.017760939623110268,19.555816538006123,4.778865733912989,8.945470397513269,3.4257360683775984,11.837360897412168,3.251894730931815,12.598352027402386,2.9593452353528344,13.294931541418809,2.17826528084507,15.866510772492775,2.11683311648174,20.879866035653908,2.1697081986089257
no_vocals,132.5,137.5,-649.7520141601562,68.68699645996094,88.09452819824219,27.255510330200195,18.993261337280273,15.630345344543457,22.358142852783203,14.638002395629883,18.597373962402344,10.341018676757812,8.92677116394043,7.55902099609375,13.114860534667969,8.23618221282959,7.993906021118164,7.139845371246338,7.999234199523926,6.383962154388428,1.5278877019882202,6.015361309051514,2.4036991596221924,5.917058944702148,4.845913410186768,5.61616325378418,8.019231796264648,6.09575891494751,0.7199993133544922,0.7332948446273804,0.7589125037193298,0.7836322784423828,0.7665389776229858,0.82915198802948,0.7640992403030396,0.7246675491333008,0.7038690447807312,0.6985095739364624,0.6799874901771545,0.6674624085426331,0.0017685892112799455,0.0002553037133165915,4110.185197507198,1020.4004177003454,6356.273415095847,678.475886126811,11045.284177421694,3429.450134045153,0.010499746229698376,0.018976720217912576,19.967109214523855,5.129941541563992,8.713422198631614,3.242365831366412,11.019089006114367,3.426655515018918,12.62786317964573,2.887996129527001,12.99177379565929,2.255009014855722,16.10263593799961,2.324768576714888,19.11612741463683,3.2566371028826158
no_vocals,135.0,140.0,-598.0343017578125,77.17074584960938,91.8902816772461,23.770631790161133,28.733434677124023,11.656781196594238,26.276752471923828,11.148499488830566,16.811140060424805,7.083887100219727,13.412884712219238,8.403374671936035,13.9787015914917,6.223348617553711,8.574910163879395,5.635410308837891,9.38539981842041,6.609868049621582,2.5808582305908203,4.77443790435791,3.5993030071258545,5.0922393798828125,1.8856849670410156,7.130988597869873,10.407455444335938,5.29840087890625,0.7417177557945251,0.7281540632247925,0.7316624522209167,0.7132317423820496,0.6650357842445374,0.6828113198280334,0.6086927652359009,0.5929991602897644,0.5697469711303711,0.5626207590103149,0.5832260251045227,0.6560648679733276,0.0035312643705212496,0.0033276570199393734,4060.224060298095,963.3855834474934,6336.427531653222,697.4010422682784,11051.129617713166,3219.8388393608757,0.027511419663573084,0.03355435966417783,17.19808266412918,5.371727574124468,9.52683371549141,3.381148810240545,11.874259888595866,3.7967997611683453,13.839640975714714,3.4258935428514903,14.01924301208722,2.4793304877299454,16.509364889267445,2.613553048368293,18.966844606575386,3.0972492684467547
no_vocals,137.5,142.5,-547.707275390625,60.93511199951172,104.42876434326172,12.186954498291016,29.67013168334961,9.837057113647461,33.4206657409668,9.631704330444336,17.498994827270508,6.035254955291748,17.209922790527344,7.095823764801025,13.216012954711914,5.958755016326904,7.360875606536865,4.89565896987915,12.584863662719727,4.9983696937561035,1.1411832571029663,4.624067306518555,4.936861038208008,4.993217468261719,-1.1534100770950317,5.775655746459961,11.600479125976562,5.644641399383545,0.7348542213439941,0.679496169090271,0.6534305810928345,0.5940628051757812,0.5456534624099731,0.5531945824623108,0.4575253129005432,0.44630807638168335,0.43141990900039673,0.4418940246105194,0.5185241103172302,0.6639242768287659,0.005033080587909058,0.003975337195140684,3700.6436195044603,842.5697737510893,6100.393560631055,708.7031091618429,9812.945457511601,2841.333877327745,0.04971858686194896,0.035855616330600686,14.51701065098693,3.1984697597840417,9.982099335705772,3.388707878313141,12.670154345799993,3.2141736968050005,13.963765715482587,3.123074135655991,14.965485947227117,2.522903589195787,16.28317579316001,2.72761730160097,21.151594058673272,1.9596696709361114
no_vocals,140.0,145.0,-554.2147827148438,65.82910919189453,95.18269348144531,20.01787757873535,27.18846893310547,10.265303611755371,32.24143600463867,13.72330093383789,17.251026153564453,7.297309875488281,15.4256591796875,6.1834845542907715,11.883980751037598,7.104531764984131,6.702858924865723,5.232857704162598,11.23773193359375,4.895822525024414,0.6124282479286194,5.223671913146973,4.525426864624023,4.79941987991333,1.3530579805374146,5.393362045288086,9.575583457946777,6.073904514312744,0.6541808247566223,0.6200249195098877,0.6346734166145325,0.5887184143066406,0.6456354260444641,0.6396253705024719,0.501752495765686,0.4785352647304535,0.4686281085014343,0.4814954996109009,0.5479997396469116,0.6369556784629822,0.004509106463981736,0.004113768326536045,4322.510227432732,1206.3821751322434,6470.3670004927135,831.1124790113483,11439.726494525812,3508.1314352313925,0.05879200804814385,0.04157840403720522,15.517782237209829,4.1451931925776355,9.972900218304,3.4332221778429375,12.578840485115727,3.350591356278828,13.564234547883029,3.3471313699810086,14.203356877648263,2.5624567299793184,15.979533327409623,2.6458806658093263,20.936782341274935,1.4899886686436234
no_vocals,142.5,147.5,-555.4136352539062,60.94117736816406,92.60726928710938,20.985689163208008,27.046613693237305,10.351157188415527,30.569496154785156,14.36013126373291,15.406773567199707,8.001920700073242,13.722962379455566,6.6496968269348145,11.423666954040527,7.61501932144165,6.177820682525635,5.815337657928467,11.025250434875488,5.210595607757568,0.7910663485527039,5.287562847137451,3.958462953567505,4.662231922149658,2.09001088142395,5.06960391998291,8.828926086425781,5.306041240692139,0.5975501537322998,0.5766648054122925,0.594326913356781,0.621206521987915,0.5978887677192688,0.7369611263275146,0.6242104172706604,0.531628429889679,0.49928268790245056,0.49042046070098877,0.49691241979599,0.5553128123283386,0.004328127665468978,0.004673019348174243,4558.763933140404,1186.74963005329,6614.837192259538,807.6620899385406,12154.06927476073,3432.4014647557333,0.05755601073085847,0.045134463872913054,15.969628039053251,4.25563039724666,10.393093041985013,3.5839319951132027,12.210822170593952,3.3224101976711378,13.27719746019042,3.1057100120395718,13.66586471604824,2.3584992407832006,15.794924104195148,2.5957666984104693,20.84344360491245,1.5131208683596518
no_vocals,145.0,150.0,-530.4282836914062,67.21592712402344,96.80656433105469,17.978195190429688,28.261478424072266,10.081321716308594,31.816205978393555,11.167000770568848,16.963008880615234,7.0740132331848145,13.389732360839844,6.9254631996154785,12.913459777832031,6.970187187194824,6.461543560028076,5.6186017990112305,10.680158615112305,5.308480262756348,2.1644368171691895,4.339770793914795,3.8114893436431885,4.6496782302856445,1.5963413715362549,5.512407302856445,9.86644458770752,5.773940086364746,0.6665384769439697,0.6364482045173645,0.6340085864067078,0.6158314943313599,0.5628962516784668,0.6436291933059692,0.5007092952728271,0.46221980452537537,0.4605904817581177,0.4662320017814636,0.5002197027206421,0.608234167098999,0.007074768352214238,0.009237668429348981,4126.172394294273,1040.433365620789,6379.187602295553,821.467312053321,11069.465315037703,3368.1204500786007,0.0577089526537123,0.04191784921117035,16.048519187933632,4.045133655330895,10.238168940430004,3.5385797579597447,12.162562186998933,3.015616821666515,13.93193490290163,3.269196374009384,14.196192271063925,2.546399309169938,15.98242824044533,2.854160062774574,21.4592365322405,1.8178610542558433
no_vocals,147.5,152.5,-531.3228149414062,64.46173095703125,95.1729965209961,17.843124389648438,29.9831600189209,9.490242958068848,32.66338348388672,9.672618865966797,17.91803741455078,7.500858306884766,13.709003448486328,7.661309719085693,13.218392372131348,5.924225807189941,6.876534938812256,4.978822708129883,10.828587532043457,5.159238815307617,2.5421066284179688,4.278417587280273,5.248589515686035,4.358678817749023,1.0207111835479736,4.967196464538574,10.42758560180664,5.924343109130859,0.6800251007080078,0.6457322835922241,0.6424713730812073,0.5725900530815125,0.5964300036430359,0.5606541633605957,0.4339170455932617,0.4580104649066925,0.4987749755382538,0.5241261720657349,0.594724178314209,0.6783482432365417,0.007090116231140449,0.00890887558641363,4361.441077977381,1025.6428370908911,6647.732191639854,740.8228703693046,11988.848154727379,3298.9794886096997,0.06994090777262181,0.04294689991669868,15.627956595756265,3.966659940206234,10.413150999239601,3.577081977493955,12.519408058285697,3.195927622204331,14.114207053204828,3.1729213199213815,14.286599823396642,2.559196154455124,15.948401418004641,2.9352511342019607,21.497444732314396,1.2908629411980528
no_vocals,150.0,155.0,-536.8213500976562,65.3969955444336,97.02416229248047,19.344165802001953,27.31873321533203,11.334413528442383,32.68092727661133,11.399480819702148,16.80655860900879,7.956036567687988,14.265949249267578,8.063495635986328,13.038220405578613,5.773678779602051,6.456157207489014,5.003836154937744,10.417354583740234,5.553558349609375,2.6122686862945557,4.805098056793213,5.66636323928833,4.480530738830566,1.3559479713439941,5.539575576782227,11.169208526611328,5.746635437011719,0.686317503452301,0.6479129791259766,0.6435866951942444,0.5962901711463928,0.5514321327209473,0.5668544769287109,0.429247111082077,0.4407089948654175,0.4848368763923645,0.5269505381584167,0.5852203369140625,0.6533117890357971,0.00648431057945594,0.007053007075048808,4162.35638428217,1062.0331375988058,6412.92693895493,830.0829192157188,11207.557596795243,3391.1831692033998,0.059812753770301624,0.045427954841021294,15.874779666193627,4.081339955313167,10.651962675295819,3.6794832824384236,12.56496809209206,3.3983703129618448,14.111446665002509,3.324422444995891,14.746990808864224,2.7645488482308256,16.117585654970863,3.0953051136226493,21.449088356271066,1.8967746744760476
no_vocals,152.5,157.5,-545.0527954101562,68.94629669189453,93.21449279785156,22.914350509643555,25.954280853271484,12.408278465270996,29.534399032592773,14.272893905639648,16.586191177368164,7.4928059577941895,13.34294605255127,7.878683090209961,12.147390365600586,6.532058238983154,6.590617656707764,5.573599338531494,10.018101692199707,5.477160453796387,2.3125827312469482,5.6500749588012695,5.437878608703613,4.393671989440918,2.4314074516296387,5.813442230224609,10.477090835571289,5.885560989379883,0.6463146805763245,0.6262234449386597,0.6383794546127319,0.5774139165878296,0.6172447204589844,0.6173088550567627,0.45766955614089966,0.45489701628685,0.45628175139427185,0.46761655807495117,0.5271192193031311,0.6212077736854553,0.006068084955381839,0.00692982704984823,4432.430077784759,1385.5600489145183,6525.744806053646,956.3398547832838,11804.891649144432,4004.080450663702,0.055532645736658934,0.04881990384712187,16.5260732569674,4.56095767173154,10.585267785654038,3.4007585182399485,12.053579446884566,3.3011076630118024,13.799568461387246,3.4202626427793295,14.20342694902692,2.779579580854714,16.099341145847095,2.7044378047218127,21.108341012716554,1.8062006576580423
no_vocals,155.0,160.0,-554.1443481445312,73.68238067626953,91.05695343017578,23.77835464477539,27.818988800048828,10.858689308166504,29.869815826416016,13.808714866638184,17.144968032836914,7.243701934814453,12.680974006652832,7.689807891845703,11.876123428344727,6.771835803985596,7.184596538543701,5.315389633178711,10.29267692565918,5.5820631980896,2.049076557159424,5.773983478546143,5.143889427185059,4.617176055908203,2.3432891368865967,6.59816312789917,10.771563529968262,6.503337383270264,0.6422032713890076,0.6268460154533386,0.62895268201828,0.6123377084732056,0.5548458099365234,0.6512060165405273,0.5096185803413391,0.44547614455223083,0.4253970682621002,0.430397093296051,0.46822553873062134,0.5650500059127808,0.005700068798709203,0.006443716210628172,4471.50081116488,1382.034594551694,6599.111974097257,972.9794199230132,12125.141839472159,4042.6660276934153,0.052139600855568444,0.04618292389989895,16.814271460047223,4.674718345599721,10.352480218957274,3.6469615057717157,12.08785568948654,3.191123082945873,13.945180275222388,3.4107610263652504,14.261436453576405,2.8851433933640442,16.548480702822236,2.814902491333966,20.84709012850263,1.8140511789324212
no_vocals,157.5,162.5,-533.2946166992188,77.61485290527344,96.27737426757812,21.17761993408203,27.162363052368164,9.687993049621582,32.4818115234375,11.563276290893555,16.989591598510742,7.341757774353027,12.4592924118042,6.819546699523926,14.592184066772461,6.808143615722656,7.767899513244629,4.963891506195068,11.397724151611328,5.371917247772217,2.501166343688965,5.222312927246094,4.839057445526123,4.808435916900635,1.301337480545044,6.951061725616455,12.61212158203125,6.102263450622559,0.739284873008728,0.7033343315124512,0.6511452794075012,0.5956662893295288,0.5027920603752136,0.5244590044021606,0.4220040440559387,0.39217567443847656,0.41756802797317505,0.4532439410686493,0.5184005498886108,0.6423383951187134,0.007394128136029964,0.007783986327432083,4052.426205642943,1022.7669665720514,6373.239277411407,821.4464915359183,10977.037412993039,3360.0749782163975,0.054070067792923435,0.03812738099891594,16.440621501946143,4.170263931366582,10.079875957654766,3.3545043514331674,12.338498727098681,3.201132216585867,14.391288740867774,3.363381164730828,14.872486969256736,3.119090007617416,17.10561350186429,2.937917353746805,21.66729434891218,2.1105647874469633
no_vocals,160.0,165.0,-530.7916259765625,74.01107025146484,90.38872528076172,24.634458541870117,28.147260665893555,9.805402755737305,30.747661590576172,11.370257377624512,17.6221866607666,7.723850727081299,12.92154598236084,7.27692985534668,14.396801948547363,6.7701897621154785,8.202309608459473,5.288321495056152,11.2404146194458,4.902464389801025,3.020974636077881,5.088068962097168,4.527608394622803,4.779217720031738,2.5870449542999268,6.754124164581299,12.457303047180176,5.93380069732666,0.758578360080719,0.7149359583854675,0.6502871513366699,0.5819365382194519,0.4982277750968933,0.5484939217567444,0.44429054856300354,0.43326523900032043,0.46875351667404175,0.4973723590373993,0.5477930903434753,0.6653285026550293,0.007803551550185321,0.010431884585277341,4198.178256787308,1064.3998007810585,6460.089279261968,772.6527067610899,11348.89734538138,3356.58731888284,0.05575356184744779,0.041361165032377786,16.292341748696522,4.28905264209074,10.04508650295335,3.3473356458687524,12.167103028520211,3.346260218944508,13.916132436757104,3.3223804744784045,14.70104599082887,2.909389425128695,16.796425520598,2.9261780060186533,21.40272015161186,1.826177616484313
no_vocals,162.5,167.5,-553.929931640625,66.21666717529297,91.3246841430664,21.803375244140625,33.911590576171875,11.318185806274414,29.371658325195312,9.55248737335205,19.030908584594727,6.814154624938965,15.105208396911621,6.581033229827881,12.478626251220703,6.137106895446777,7.981687545776367,5.248930931091309,8.540549278259277,5.310198783874512,2.308013677597046,4.820956707000732,3.8512802124023438,4.882528305053711,2.3435206413269043,5.931933403015137,9.939387321472168,6.860132217407227,0.7637443542480469,0.69621741771698,0.6650899052619934,0.5940888524055481,0.588949978351593,0.566347062587738,0.46745017170906067,0.47046372294425964,0.5069453120231628,0.5376288294792175,0.6284614205360413,0.747718870639801,0.005938156632427774,0.0095510262233436,3895.8602435068506,962.9448290109203,6220.224713184488,758.6657855855293,10584.843342154873,3130.752879861607,0.03998581605278422,0.03607061674410709,15.583702460598952,3.9972690610606034,9.760150508992071,3.383166429861487,12.028798944571557,3.2088195152448282,13.750201379604613,3.16493775651061,14.283522488751784,2.5180098251086545,16.373229799483653,2.895632432215223,20.33909506689411,2.102794505423469
no_vocals,165.0,170.0,-584.6777954101562,39.83316421508789,99.20703887939453,15.013775825500488,31.896392822265625,10.856720924377441,32.66357421875,10.7219820022583,16.373701095581055,7.327353000640869,15.941912651062012,7.21577262878418,13.0255708694458,5.570998191833496,7.637915134429932,5.004058361053467,10.340229034423828,5.3788018226623535,0.7601108551025391,5.070644378662109,5.913859844207764,4.996070861816406,0.259914755821228,5.748394012451172,10.77582836151123,5.7389702796936035,0.7721214890480042,0.7353354096412659,0.6999778151512146,0.6800093650817871,0.5998977422714233,0.5904284119606018,0.4852965474128723,0.4372231066226959,0.4578830301761627,0.5128626227378845,0.5554061532020569,0.6747579574584961,0.0031912977393422698,0.0018740374066502081,3806.3792454012573,735.0185561370217,6180.809840831994,570.345969752655,10471.431808294663,2419.8556221241606,0.034738208744199535,0.02910698055353137,15.214266021102361,4.056349159770328,9.369142940746066,3.1599126596737017,11.909258321965385,3.3176336190439617,13.374892745325953,3.160354204165579,13.993155282917112,2.2645780141832503,15.332525844940928,2.514184196690919,19.655182056740564,1.8964029115506025
no_vocals,167.5,172.5,-577.5717163085938,55.59921646118164,96.90328979492188,19.962039947509766,28.282470703125,10.947245597839355,33.29203796386719,13.150167465209961,16.226308822631836,7.478063583374023,16.1003475189209,7.775761127471924,12.8543701171875,5.9879302978515625,7.484253883361816,5.267638206481934,11.04406452178955,5.5348429679870605,1.5557496547698975,5.54215145111084,5.173059940338135,4.631137371063232,0.3897669315338135,6.597283840179443,11.6185884475708,5.6522955894470215,0.7730799317359924,0.7366660237312317,0.6910532116889954,0.6454309225082397,0.5631281137466431,0.5673460960388184,0.46197402477264404,0.42644232511520386,0.4505073130130768,0.5056416392326355,0.5727592706680298,0.6887649297714233,0.0038499410821691052,0.002835312224772302,3861.255372649328,971.631076849889,6151.791494538707,851.2123126309084,10519.74412249855,3225.106789416757,0.03733368982018562,0.034911073818388136,15.754682624058375,4.12714540656171,9.740219979382536,3.174674250850658,12.520176612070875,3.4491956369697525,13.55067024216498,3.0936916515281094,14.182294707461192,2.4976765220255217,16.157456216820087,2.8679655718143167,20.005653649059063,2.1508307866952197
no_vocals,170.0,175.0,-558.3864135742188,67.17146301269531,97.97744750976562,20.214370727539062,28.132905960083008,8.782892227172852,31.889156341552734,12.374505996704102,17.39288902282715,7.9920268058776855,15.496975898742676,7.591699123382568,13.755439758300781,6.370936870574951,7.329579830169678,5.820982456207275,11.463343620300293,6.138088226318359,1.9343255758285522,5.617262840270996,4.364490509033203,4.567502498626709,-0.19957447052001953,5.996452808380127,10.666177749633789,6.088241100311279,0.7496938109397888,0.7213121056556702,0.6773030161857605,0.6203885078430176,0.523195743560791,0.55367112159729,0.42792320251464844,0.3874923586845398,0.411357045173645,0.4629334509372711,0.5480987429618835,0.6661322712898254,0.00536249190371207,0.004944041281607016,4072.324253674402,1144.4121160090733,6402.611977423953,963.2075761909181,11079.457520664153,3748.6121565067574,0.05738380945475638,0.04792225626930336,16.128695404779176,4.1715702348849595,10.104672272934584,3.5788923076864188,12.784340829985014,3.158715128067095,13.92437259511748,3.200879016653425,14.617627808210429,2.7622534699761814,16.609710790772482,2.8400127217973874,21.82314823834353,2.1067669125036215
no_vocals,172.5,177.5,-553.459228515625,69.16062927246094,98.34361267089844,19.919918060302734,27.852514266967773,10.512331008911133,32.38759231567383,12.819015502929688,17.750444412231445,7.794832229614258,13.792224884033203,7.508243560791016,15.166305541992188,5.772160530090332,7.809069633483887,6.403502464294434,12.196794509887695,6.044846057891846,2.8907742500305176,5.368714809417725,4.077219009399414,4.528855323791504,0.5459147095680237,5.577485084533691,10.767486572265625,5.909304141998291,0.7764593362808228,0.7494247555732727,0.6962477564811707,0.6284159421920776,0.5213178396224976,0.5418555736541748,0.42059385776519775,0.38175782561302185,0.42150408029556274,0.4713250398635864,0.54049152135849,0.6668184399604797,0.005852400146429092,0.005427695564750253,4053.09675260727,1173.8697222918893,6386.469854226187,909.344357747726,10828.153549158933,3793.7157907880664,0.05673125725058004,0.04675368818402525,16.111032994297453,3.73271194726471,9.8485124033431,3.2569107877587333,12.345366372446543,3.037138209174848,14.277398073963234,3.1214954732723506,14.700692661014081,2.7564077187241267,16.785800189343373,3.068320479138161,21.83903770796429,1.6727400235464245
no_vocals,175.0,180.0,-555.3660888671875,62.21215057373047,99.38085174560547,19.995458602905273,28.256969451904297,10.333909034729004,32.83738708496094,11.92606258392334,17.577896118164062,7.409239768981934,14.643070220947266,7.575782775878906,15.106425285339355,6.146259784698486,7.35781192779541,5.9696502685546875,12.2006196975708,5.494089126586914,2.6295039653778076,5.195964336395264,4.745008945465088,4.495453834533691,-0.10539496690034866,5.267264366149902,10.11229133605957,5.637780666351318,0.743004322052002,0.7305916547775269,0.6959977746009827,0.6620906591415405,0.5639685392379761,0.5766889452934265,0.4605390727519989,0.3920014202594757,0.4119373857975006,0.45435360074043274,0.49948829412460327,0.6219637989997864,0.005613519336915901,0.005406518360839685,4056.634353320707,1143.0168075799327,6416.423349580593,899.9126592211444,10862.626658570185,3798.645269691375,0.0658216719837587,0.050750402989552454,15.773782401988878,3.9370343262050116,9.587955603865849,3.4175661628177676,12.377663182335661,2.943959387059661,13.844405913654265,2.9851836624330828,14.810854008880005,2.722958085315929,16.489232618715036,2.9205282822009098,21.92408417359222,1.8257730956339615
no_vocals,177.5,182.5,-553.761962890625,50.376708984375,98.59895324707031,18.222261428833008,27.457988739013672,10.307686805725098,32.79182815551758,9.793100357055664,17.147220611572266,8.102520942687988,17.96820640563965,7.403921604156494,14.07402229309082,7.18882942199707,7.578195095062256,5.666878700256348,11.07227611541748,5.341480731964111,0.9625938534736633,5.423060417175293,5.701150894165039,4.6535210609436035,-1.1135907173156738,4.990965843200684,10.209901809692383,5.861019134521484,0.7165473699569702,0.6893682479858398,0.6786876916885376,0.6520458459854126,0.5651611089706421,0.5868440866470337,0.4529697000980377,0.40884923934936523,0.40890374779701233,0.4462644159793854,0.5081117749214172,0.6368736624717712,0.004992943889409598,0.004706530325418341,4109.249670209635,1086.980852497477,6382.436935740881,836.1520851149703,10947.060796113688,3399.097660789656,0.06491988109048724,0.048043310381561365,15.372733638314807,3.9475051293849726,9.451082223333742,3.07268808605125,12.219742667120553,3.0168211857631695,13.452196330695134,3.18679642322567,14.25594634969615,2.6214834557582973,15.847567428422732,2.7321948124713193,21.67616890715493,1.9248680336951367
no_vocals,180.0,185.0,-545.1295776367188,59.36934280395508,99.0528564453125,16.78760528564453,28.80283546447754,10.528246879577637,31.111196517944336,9.342684745788574,17.452320098876953,7.616914749145508,16.99418067932129,7.379117012023926,14.146474838256836,6.853316307067871,9.002630233764648,5.18831205368042,10.459939002990723,5.436830520629883,0.9650578498840332,4.994683265686035,4.32839822769165,4.675268173217773,0.5683583617210388,5.738994598388672,10.48805046081543,6.332514762878418,0.7123108506202698,0.6776896119117737,0.6754714250564575,0.596181333065033,0.5764614939689636,0.5239643454551697,0.4323550760746002,0.4206881523132324,0.4261082708835602,0.4607629179954529,0.5725380778312683,0.6975961923599243,0.005599980683361986,0.00621897341694719,3927.269430041051,974.3905395401559,6233.590786634256,754.4388391095797,10401.086680684455,2986.221969533969,0.051974196998259864,0.037736037719405424,15.20109412416661,4.214807294262822,9.719197313580253,3.2287128221880033,12.194438535650676,3.210272179438074,13.356264851034721,3.0232113360181336,14.215436514235565,2.579087029881029,15.765815651111597,2.62714261665718,21.204548846870527,1.7688682620754694
no_vocals,182.5,187.5,-557.08837890625,71.24288940429688,94.67671203613281,21.40562629699707,28.184011459350586,9.382331848144531,25.577234268188477,11.955018997192383,16.91847801208496,7.645296096801758,13.45685863494873,7.434970378875732,13.716819763183594,7.080057144165039,8.397918701171875,5.010800361633301,10.523981094360352,5.225899696350098,1.6748297214508057,4.791693687438965,4.5884575843811035,4.706269264221191,1.6916948556900024,5.502507209777832,9.778116226196289,6.017135143280029,0.6611127257347107,0.6453173160552979,0.6467071771621704,0.630547285079956,0.5510038137435913,0.6091499924659729,0.4789489209651947,0.4345954358577728,0.43254995346069336,0.4471447467803955,0.4909592270851135,0.58721524477005,0.005495810231113949,0.006420619521551627,4319.325432377808,1038.3238035816037,6686.75197521355,707.696566978117,11898.618537920534,3384.7790219560184,0.054152769721577725,0.041577759803335466,16.430409670763073,4.273366293323037,9.85752201453999,3.4565091901502494,12.090887813264853,3.0612475085951285,13.896476535331244,3.1435535665091803,14.266392861494042,2.5337253726182514,16.27388269335942,2.7247772964660264,21.80548421747546,1.9977276866525187
no_vocals,185.0,190.0,-569.789306640625,70.02870178222656,92.61526489257812,23.159650802612305,23.498291015625,11.5411958694458,25.962799072265625,13.956154823303223,14.046488761901855,8.51857852935791,12.50166130065918,7.908600330352783,12.941266059875488,6.716391086578369,7.286726951599121,6.292163372039795,10.531149864196777,5.543982028961182,2.3795006275177,4.981540203094482,5.144850254058838,5.100403308868408,1.348525047302246,5.542819976806641,10.1040620803833,5.776841640472412,0.6869466304779053,0.6625562906265259,0.6481062769889832,0.6254686117172241,0.5547802448272705,0.6522310972213745,0.5286557078361511,0.4855218231678009,0.48754969239234924,0.5013502240180969,0.5343046188354492,0.6228203773498535,0.00414189521905052,0.0036003820730977965,4428.296255249652,1183.0563498201466,6577.479550436919,854.3353154938324,11956.323525413283,3623.389595421949,0.04361337188225058,0.03751896819103963,17.13515213058752,4.3237775142568236,9.773731610967216,3.3528224761241576,12.163524292627338,3.313733158206876,14.052951192076911,3.382401344061698,14.17284917487133,2.5777324668452386,16.225812057411098,2.8312948902967143,21.09684715839938,2.0137771697435602
no_vocals,187.5,192.5,-533.3630981445312,82.40486145019531,97.18804168701172,20.595762252807617,24.007328033447266,10.622530937194824,30.055461883544922,11.13045883178711,14.68683910369873,8.254040718078613,11.586342811584473,7.5703959465026855,15.121134757995605,6.084792137145996,8.064854621887207,5.704531669616699,12.128952026367188,5.174256801605225,2.6184988021850586,4.372554302215576,4.242033958435059,5.089805603027344,0.15182724595069885,6.174642562866211,11.281257629394531,5.8000922203063965,0.7714996933937073,0.7309192419052124,0.6754818558692932,0.6229172945022583,0.529330849647522,0.5761672258377075,0.46209898591041565,0.42912524938583374,0.44950735569000244,0.4768589437007904,0.5251712799072266,0.6590666770935059,0.006830882690814507,0.006841543945882987,4177.499202116733,1115.431877378174,6373.21574937438,781.0399330518628,11098.442711354408,3430.3005906054627,0.04741992640661253,0.03786789909379876,16.18617946239436,4.049062434580805,9.95317849211632,3.1197033065534976,11.990960192704092,2.9359885304248277,14.219497203007954,3.4692303439059766,14.698529946588195,2.8355726972269775,16.66433364305522,3.0916405156335713,21.25697342897146,1.8737839201839384
no_vocals,190.0,195.0,-529.0496826171875,79.23583984375,100.56964111328125,17.975013732910156,24.654829025268555,9.853816986083984,30.075927734375,11.949679374694824,16.531131744384766,8.056365013122559,12.427271842956543,7.39700174331665,14.969135284423828,6.749666213989258,8.476265907287598,5.449103832244873,11.833784103393555,5.27271032333374,2.185380220413208,4.806796550750732,3.929001569747925,5.127017974853516,0.06693209707736969,6.096179485321045,11.272546768188477,5.3884148597717285,0.7869594097137451,0.7357689142227173,0.6646793484687805,0.6038261651992798,0.5024034976959229,0.5254884958267212,0.41288554668426514,0.3910271227359772,0.42769309878349304,0.47464483976364136,0.5337817072868347,0.6771082878112793,0.00757269282704284,0.0070697708216263064,3999.0096068466773,1159.2929780876998,6275.632490015907,899.1464186727673,10572.203202037414,3731.0657791070385,0.044163962804524365,0.03686815148819759,16.265877856382396,4.236752753165335,10.008531505199018,3.3469248234194415,12.405563838292911,3.335883968297183,14.026295019330389,3.2161201531687063,14.862347866888618,3.0244664170467055,16.826055652339676,3.115146609463848,21.790528795689557,2.091648042043929
no_vocals,192.5,197.5,-556.9786987304688,64.90499877929688,94.21034240722656,21.467058181762695,24.709270477294922,10.067352294921875,29.546669006347656,13.484298706054688,16.28089714050293,8.734261512756348,14.605289459228516,6.528833866119385,13.072263717651367,7.078665256500244,7.657558917999268,5.3985185623168945,11.740294456481934,5.2788472175598145,1.4865723848342896,5.947352409362793,4.458736896514893,4.655276298522949,1.0027412176132202,5.910862445831299,8.433156967163086,6.4496636390686035,0.7132140398025513,0.6739668846130371,0.6556710600852966,0.5966055989265442,0.5627827048301697,0.5920751690864563,0.44339409470558167,0.44623157382011414,0.4669353663921356,0.5013374090194702,0.5697722434997559,0.6683531999588013,0.004765070258507941,0.004343742292044816,4392.516196813699,1298.9071744497737,6499.309903694991,950.0167361301542,11624.58229861514,3872.221085701246,0.04907962949535963,0.04016655739564996,16.154675026006473,4.117933083162046,9.4996291898531,3.052345310646447,12.681635411485802,3.1721385670929068,13.8686734988974,3.3535174766008824,14.25245104036262,2.907713670060626,16.430503760378162,2.8867683807231224,20.976029744482588,1.7759029851480013
no_vocals,195.0,200.0,-551.8821411132812,75.572265625,95.54792022705078,21.202009201049805,28.9818172454834,9.509061813354492,29.391254425048828,13.153759956359863,17.184288024902344,7.513171672821045,13.85063362121582,7.0572123527526855,13.72485065460205,6.810462951660156,8.816158294677734,5.7258148193359375,13.058799743652344,5.163585186004639,1.939258098602295,5.942878723144531,3.8587117195129395,4.128401756286621,0.1510678231716156,5.735328674316406,8.768224716186523,6.718862533569336,0.7284792065620422,0.695950984954834,0.673976480960846,0.5994966626167297,0.5599092245101929,0.5546185374259949,0.4120517075061798,0.4084436595439911,0.43099114298820496,0.4632868468761444,0.5410458445549011,0.6683173179626465,0.005714466437976159,0.005449715395370882,4306.762087868981,1283.2750497313798,6516.740929224679,911.0418504637241,11519.61417850928,3838.650058555399,0.05433743293213457,0.043480742339834275,16.13583926510185,4.391588499905923,9.173531008955292,3.137733326377474,12.799598813852178,3.522559459893515,13.844260217803507,3.062760074344887,14.240636486554994,2.7105617319328914,16.876110342323514,2.6834292556518458,21.303071563754635,1.7632338333227333
no_vocals,197.5,202.5,-545.513671875,84.21431732177734,100.48809814453125,20.32369613647461,29.823801040649414,9.32006549835205,28.847490310668945,11.98600959777832,17.543004989624023,6.6851019859313965,13.762110710144043,7.627762317657471,13.940418243408203,6.212789535522461,8.454011917114258,5.803524494171143,12.429694175720215,5.748990058898926,2.7212259769439697,5.334517478942871,3.810853958129883,4.682748317718506,-0.46734264492988586,6.05073356628418,10.922133445739746,5.809695720672607,0.7690376043319702,0.7365365028381348,0.6883842945098877,0.6265472173690796,0.5184048414230347,0.5243070125579834,0.4077208936214447,0.37763696908950806,0.4069257080554962,0.44566187262535095,0.5045669078826904,0.6426915526390076,0.007162387175982486,0.006990228636283176,3949.8612107108747,1211.950846152583,6318.807200179072,930.4621543727161,10618.616997172274,3907.189767670416,0.044192285382830626,0.0410100122644169,16.218867420116045,4.279699883930483,9.38326409925865,3.269205318147993,12.269113595820585,3.474535121336817,14.102682677723813,3.2500015217636777,14.531833581554183,2.96140617798232,16.872190507254604,2.923997579685236,21.29346113981847,1.9318600925187588
no_vocals,200.0,205.0,-550.0049438476562,79.37591552734375,95.74174499511719,20.737049102783203,28.880586624145508,8.887226104736328,29.908180236816406,12.905434608459473,17.505422592163086,7.621220111846924,14.143664360046387,7.066440105438232,14.593290328979492,6.275292873382568,7.446109294891357,4.667280197143555,12.410378456115723,5.969266891479492,1.9232231378555298,5.445693016052246,4.5534186363220215,4.713988304138184,-0.36247673630714417,5.7582011222839355,11.238582611083984,5.539243698120117,0.7526112198829651,0.7216452956199646,0.6697468161582947,0.6141241192817688,0.5206918120384216,0.5577859282493591,0.44186559319496155,0.40101733803749084,0.4253906011581421,0.45850318670272827,0.5097727179527283,0.634390652179718,0.006485602069427875,0.007206594183895257,4260.175854879874,1146.6813185507278,6561.1977885364795,787.4266542723196,11455.963828668793,3598.008858666723,0.05181219185034803,0.040461757381638375,16.3600494055242,4.43877306281153,9.495749474078385,3.124885120437415,12.205426494807755,3.095280582619698,13.752569859808247,3.109419712249565,14.505112401916703,2.7459617657918405,16.439459729720184,2.8716453613348496,21.265596696917665,1.5851578256854955
no_vocals,202.5,207.5,-546.5510864257812,83.37286376953125,95.57553100585938,22.417091369628906,22.57820701599121,12.951248168945312,29.384357452392578,12.663853645324707,17.151159286499023,7.544060707092285,11.490741729736328,8.183842658996582,12.523186683654785,7.3919477462768555,8.018905639648438,4.9229278564453125,10.572917938232422,5.893467426300049,1.9453117847442627,5.598857879638672,2.7949600219726562,5.494012355804443,1.4806588888168335,6.532393455505371,11.163142204284668,6.420969486236572,0.7682881951332092,0.7195702195167542,0.6693824529647827,0.5869064331054688,0.576090931892395,0.5190407633781433,0.4345397353172302,0.46706026792526245,0.518324077129364,0.5461019277572632,0.6296872496604919,0.754828155040741,0.006800603756266203,0.008612127834092567,3889.6032685274463,1032.0692508907189,6116.015652597586,854.4765932407929,10182.407260549595,3333.8762819597027,0.03759199173433875,0.03852396500727663,17.261123317910183,4.487282062563126,9.280782529579806,3.204452431303724,12.282090749398678,3.1435003294311454,13.788513419793892,3.258902609955031,14.743340476459268,2.789499217847855,16.773263738529245,2.843388524179135,20.829737044598232,2.532178651204081
no_vocals,205.0,210.0,-580.9146118164062,76.9334945678711,88.84173583984375,23.292606353759766,16.898448944091797,12.702596664428711,25.409420013427734,12.286336898803711,18.85268783569336,9.990006446838379,9.242175102233887,7.822089195251465,9.221905708312988,6.9592742919921875,6.970027446746826,6.043556213378906,6.039703369140625,5.911197185516357,2.8072378635406494,6.389073848724365,0.8900409936904907,5.926018238067627,3.952756404876709,6.424027919769287,9.483105659484863,6.754905700683594,0.7577534317970276,0.7442628145217896,0.7250843644142151,0.6959366798400879,0.6510320901870728,0.6636078953742981,0.6066854000091553,0.6115702986717224,0.6367766857147217,0.6556192636489868,0.648395836353302,0.688624918460846,0.004734904529081697,0.007603115490394689,3754.360069001826,713.8528866497754,5925.3266503268405,612.6780590529874,9896.680140661252,2484.4210244736823,0.008176161905452436,0.01258968576952612,18.857360684551143,4.13747059769604,8.923736598244512,3.4213574554237876,12.21589389786015,2.971142217112801,13.489153586792003,3.090203838430576,14.091690794766917,2.525436764824129,15.996661674240565,2.5309997584383077,18.78620211008715,2.42195085835868
no_vocals,207.5,212.5,-629.0040893554688,39.902442932128906,91.46440887451172,22.71497917175293,12.64112377166748,12.603670120239258,27.260496139526367,12.41429328918457,18.741884231567383,11.56840991973877,7.668107986450195,9.322403907775879,9.126694679260254,8.614295959472656,4.676523685455322,6.31119966506958,6.097750186920166,6.5041823387146,2.3537609577178955,6.415175914764404,0.7780351042747498,6.642054080963135,4.341286659240723,5.654878616333008,7.839761257171631,5.178706169128418,0.7557572722434998,0.7528631091117859,0.7584774494171143,0.7464693188667297,0.7278993725776672,0.7345708012580872,0.6958999633789062,0.7118170857429504,0.7113524675369263,0.7025483250617981,0.6769483685493469,0.6949177980422974,0.0020249621605548116,0.00019819517393276418,3717.542711702012,677.6210852689187,5919.3879162677395,585.0561041994317,9790.912644105278,2485.583641480658,0.0030871610353828305,0.007052695709897419,20.213150853261734,4.209373495345169,8.50351049091699,3.0210257688705644,11.899269057674706,3.2351383945046175,13.158274612427043,3.248617907428776,13.349072036428966,2.1883088724060977,15.068082985337487,1.8222161239183976,17.747433803638277,1.8615884769152167
no_vocals,210.0,215.0,-645.6430053710938,54.894935607910156,91.19434356689453,26.885122299194336,12.941654205322266,13.595842361450195,26.911821365356445,13.162749290466309,18.52925682067871,11.420275688171387,6.932235240936279,9.656534194946289,8.13160514831543,9.645967483520508,4.957061767578125,6.091822147369385,6.946717739105225,6.20853328704834,0.9242249727249146,5.9812397956848145,0.5867820978164673,6.890410423278809,2.5667471885681152,6.550851345062256,6.651865482330322,5.1122331619262695,0.7388700842857361,0.7656065821647644,0.7935006618499756,0.8033066391944885,0.7824791073799133,0.7756784558296204,0.7079001665115356,0.673855721950531,0.6763342022895813,0.6817998886108398,0.6750659346580505,0.6788792610168457,0.002042126471799066,0.000216187929533753,3522.0104095146335,645.6098378797752,5905.649503852461,598.20821595429,9195.177344656322,2463.6839517195845,0.004581460266821346,0.010290601488072374,21.378321011472874,5.296530671633776,8.70477596478614,3.310939107759243,11.620162175508836,3.427895972606835,13.226572081132947,3.283481603612633,13.136795100040587,2.2664150811500203,15.190740744835376,1.896804688551976,18.861744759531646,2.6307079007722134
no_vocals,212.5,217.5,-658.599609375,60.71445846557617,90.5235824584961,27.042776107788086,11.77575969696045,15.714578628540039,24.263504028320312,15.51116943359375,17.827730178833008,11.862417221069336,7.184596538543701,8.745305061340332,8.717203140258789,9.95700454711914,5.0716753005981445,7.0975751876831055,6.782822132110596,6.776655673980713,-0.21554242074489594,5.878430366516113,0.16701717674732208,6.309084415435791,1.279353141784668,6.722228527069092,6.23677921295166,5.815661430358887,0.7164403200149536,0.7558044791221619,0.8099052309989929,0.828120768070221,0.8140466809272766,0.8154608607292175,0.7586631774902344,0.7102784514427185,0.7042944431304932,0.6992741227149963,0.6804366111755371,0.6733934283256531,0.0020546876334341076,0.0003773400659770394,3450.6889289991373,582.5085792728706,5949.968017609038,617.9098105690406,9112.441882069315,2321.5327597086484,0.004663029292343387,0.010802030625828199,22.479008364600805,5.292881912667509,8.408199117585221,3.267924886961439,11.633705605233986,3.2692264639976045,13.063649591036825,3.3729449753384952,12.904960358280876,2.454748085845339,14.858438682143365,1.9550220334552835,19.258823820815458,2.278558166464039
no_vocals,215.0,220.0,-656.4400634765625,56.276790618896484,95.6891860961914,25.51838493347168,10.154144287109375,14.531204223632812,23.933801651000977,14.805427551269531,15.76189136505127,10.998833656311035,6.813323497772217,8.753068923950195,9.206562042236328,9.788087844848633,3.7965285778045654,7.60872745513916,6.381145000457764,6.565928936004639,0.04738420620560646,6.511585712432861,-0.11159949004650116,6.399781703948975,2.4073169231414795,6.0867919921875,6.206880569458008,5.995343208312988,0.7413018941879272,0.7835135459899902,0.8136128187179565,0.8072390556335449,0.7855566143989563,0.800376832485199,0.746030330657959,0.7282437086105347,0.7316369414329529,0.7339349985122681,0.709346354007721,0.6897994875907898,0.0019958943772516507,0.00036137123011598826,3245.981632637314,647.0510318168106,5653.002320754303,654.2198493375589,8201.402534077726,2422.734973183886,0.0029761365284222737,0.007170883969248676,22.10045492604302,4.894129408629333,8.13180787249309,3.1571382406426127,11.579066473184977,3.30828828781943,13.012995354210481,3.9101167615652495,13.059876650345876,2.324309678719193,14.887735523189109,1.905141635894335,18.539869535940458,2.404276445571413
no_vocals,217.5,222.5,-647.679931640625,63.171451568603516,92.02483367919922,27.21279525756836,8.86175537109375,10.875570297241211,24.36178970336914,13.37249755859375,15.565690040588379,10.231229782104492,6.985965728759766,8.250574111938477,9.847281455993652,7.961470127105713,3.071873188018799,6.386770248413086,6.308610916137695,5.892029285430908,0.17136026918888092,7.007073402404785,1.000234603881836,6.1170477867126465,3.625929355621338,5.9947404861450195,6.720341205596924,5.5661468505859375,0.7594517469406128,0.776451587677002,0.8021970391273499,0.7959820628166199,0.8061072826385498,0.787296712398529,0.7435213327407837,0.7347490191459656,0.733335018157959,0.7082734704017639,0.6866199970245361,0.719855010509491,0.001961012867607799,0.00018595991545172427,3416.8482845534145,721.0061912437981,5740.220558513906,511.87854916185955,8630.118116480568,2340.6943656008534,0.0047921802494199535,0.011745417247479992,22.09668787528312,5.676598811778885,8.430320231754214,3.3578416717031745,11.563678816761024,3.270807570116045,12.790651840560699,3.217033768358301,13.360603363914246,2.30133545128642,14.982352543884362,1.9674994020026673,17.951374560738635,2.568225576563389
no_vocals,220.0,225.0,-643.1463012695312,64.34559631347656,95.91415405273438,27.240129470825195,8.900635719299316,12.959044456481934,25.84275245666504,12.918940544128418,18.616750717163086,11.260885238647461,8.422026634216309,7.796331405639648,9.09154224395752,7.42212438583374,3.6182150840759277,6.060564994812012,6.572547912597656,5.9039459228515625,0.19935135543346405,6.576230525970459,0.723324179649353,6.105898380279541,2.5761735439300537,6.393503189086914,5.916390419006348,5.63704776763916,0.7493739724159241,0.7793751955032349,0.7886427640914917,0.7894715070724487,0.7647455930709839,0.7639924883842468,0.7155465483665466,0.7121735215187073,0.7116219401359558,0.6937021017074585,0.6730077862739563,0.6815152168273926,0.0020229994333424797,0.00026163611078815923,3295.9282844051236,782.3188871782586,5616.321993173273,655.0279644573146,8302.173927820475,2623.7407384792327,0.005732489849187935,0.0123866992753684,21.318031272590684,5.452314906786114,8.247887889475857,2.9613919578556183,12.190816308054185,3.146616537371868,12.833275580720343,3.107019628024983,13.210174690585779,2.381944835442196,15.02047561293652,1.9341327298402853,18.086003141258608,2.233845190594185
no_vocals,222.5,227.5,-655.5975952148438,64.70076751708984,95.01524353027344,26.725162506103516,13.335332870483398,14.361448287963867,25.44074249267578,14.071754455566406,19.5550594329834,12.506041526794434,7.022830486297607,7.895018100738525,6.943519115447998,8.593124389648438,4.151514530181885,6.589210033416748,6.713108062744141,6.025822162628174,0.28871193528175354,5.772848606109619,0.5671811103820801,6.375041961669922,1.5627869367599487,5.913795471191406,5.479494571685791,5.603515625,0.7525317072868347,0.7820231318473816,0.7937593460083008,0.7909705638885498,0.7636275291442871,0.7810590267181396,0.7280457615852356,0.7142828106880188,0.70994633436203,0.6939385533332825,0.6826246976852417,0.6951724886894226,0.002032692872610142,0.0002533700301493602,3317.0537391437692,698.4913793435082,5794.737055988677,726.776579816048,8688.372675282773,2700.942427019538,0.0040308693445475635,0.00803953195498087,22.154365136736395,5.206816960387259,8.561613128250295,3.1872749041091573,12.052206535249379,3.430958395338316,12.902954582840394,3.356624126868299,13.120193046413101,2.5252172800206765,15.043598019973016,1.9401619409749333,19.093163425441908,2.353009230321648
no_vocals,225.0,230.0,-655.6917114257812,62.64556121826172,96.06786346435547,25.70498275756836,16.205598831176758,12.603863716125488,27.421140670776367,14.848340034484863,17.838802337646484,11.826842308044434,6.439063549041748,7.4955902099609375,8.07637882232666,7.976097583770752,4.753769874572754,6.169741630554199,6.5075883865356445,6.441650390625,-0.47117558121681213,6.2577080726623535,0.8175901770591736,5.661970615386963,3.246687173843384,5.668030261993408,7.282658100128174,5.459598064422607,0.7497058510780334,0.7651425004005432,0.7911235094070435,0.781116247177124,0.7856405377388,0.7582827806472778,0.720526933670044,0.7289799451828003,0.7337238788604736,0.7059638500213623,0.6800550818443298,0.7202755212783813,0.0019978714419157176,0.00019005574386215434,3293.024793800257,670.8906470536258,5785.515728659077,708.9824385281664,8678.33050862819,2540.026306879457,0.003968559672273782,0.007612095774771018,21.617910609832993,5.471383783524381,8.573009245111272,2.9428799507469443,11.776596565274698,3.3228252916262004,12.894020609306756,3.081951969083724,13.065549976544906,2.3831067207569885,15.008859871890792,1.9349917351212178,18.843697550935758,2.2326584614506126
no_vocals,227.5,232.5,-644.3465576171875,52.014366149902344,100.49113464355469,20.415645599365234,12.627031326293945,12.45451545715332,29.12442398071289,13.949812889099121,19.194671630859375,11.654682159423828,8.337401390075684,7.956363201141357,9.997756958007812,7.075734615325928,3.7062525749206543,6.236971378326416,7.165635108947754,5.537075519561768,-0.36098557710647583,6.182565689086914,0.2740410268306732,5.003559112548828,3.7208096981048584,5.521621227264404,6.643545150756836,5.819920063018799,0.7140446305274963,0.7411590814590454,0.763972818851471,0.783811092376709,0.7685470581054688,0.7712815999984741,0.7408037781715393,0.7310172319412231,0.7437397241592407,0.7420421242713928,0.7035790085792542,0.6723252534866333,0.001956380352166129,0.00017320669247526612,3203.513324544658,688.1624512548149,5569.180622168836,612.7767883681316,7979.025997861079,2227.002446155743,0.003541455191415313,0.00724243609474734,20.654024705147165,4.801718357636417,8.289520730853477,3.012014543915156,12.10559664824998,3.0833217044516497,12.788214938852029,2.902612439171216,13.432534318864276,2.4609261192807415,15.090027283328881,1.7652951325835045,18.511206549790995,2.099703037339347
no_vocals,230.0,235.0,-659.6892700195312,59.768524169921875,92.57523345947266,24.60753059387207,11.061422348022461,12.337674140930176,24.49350357055664,14.661542892456055,18.98548698425293,12.011824607849121,7.443361759185791,9.054773330688477,7.6973066329956055,8.619544982910156,4.0760498046875,6.238741874694824,7.927075386047363,5.61846399307251,1.6199288368225098,5.739657402038574,1.6149861812591553,6.788325309753418,3.737302303314209,6.347748279571533,5.177796840667725,6.0934529304504395,0.733360767364502,0.7669042348861694,0.7958370447158813,0.802351176738739,0.798336923122406,0.8029301762580872,0.7698936462402344,0.770393967628479,0.7626588344573975,0.748568594455719,0.7218804359436035,0.6932225823402405,0.0019010947231233569,0.00013363874992953072,3288.6962550371672,640.8329412658256,5699.058605709132,510.5585574310203,8402.095984084977,2103.7486951281267,0.0019633211281902554,0.0049389543205619725,22.253023776873754,5.046501384843575,8.47829886246587,3.056819117418848,11.917452645461115,3.5049336529635906,12.95026774699077,3.1053947801930977,13.35163715628192,2.24959306305428,15.036669419397837,1.8814110124484333,18.048746330832127,2.3785849769802105
no_vocals,232.5,237.5,-664.6048583984375,63.567012786865234,92.11256408691406,28.44101905822754,13.282796859741211,11.785614967346191,24.125064849853516,13.205683708190918,15.7291259765625,9.992517471313477,5.587581157684326,8.36215877532959,7.3523268699646,8.9105863571167,4.766305923461914,6.249332427978516,7.377447128295898,5.9437689781188965,2.2397520542144775,5.688662052154541,1.6714786291122437,7.530043125152588,4.178274154663086,6.4017229080200195,6.417418003082275,5.807058334350586,0.755973756313324,0.7756970524787903,0.8044474720954895,0.8163692355155945,0.8128213882446289,0.8016602396965027,0.7533583641052246,0.7541086077690125,0.7443637847900391,0.7322998046875,0.7156241536140442,0.7138408422470093,0.0019181333863113742,0.00016514085208806366,3217.370424033033,600.0886440145925,5653.809895292787,572.2887286731976,8361.277824100927,2289.9530307837817,0.003042977813225058,0.007800552832502351,22.630859127925056,5.498645638479169,8.733265823642647,3.380580886039439,11.360429805340607,3.3224267155261025,13.472792178590092,3.3156086525879696,13.222655021549226,2.1991620716885545,14.86964331770802,1.858543724758088,17.782130571086686,2.204460848822321
no_vocals,235.0,240.0,-651.0299682617188,60.181949615478516,91.13056182861328,26.338953018188477,13.219866752624512,12.228314399719238,28.50786018371582,14.560323715209961,14.943090438842773,9.70473861694336,5.634410858154297,7.84697961807251,12.232573509216309,10.187691688537598,3.566093683242798,7.098512172698975,6.512353897094727,6.029657363891602,2.607586145401001,6.212947368621826,0.04691822826862335,6.996069431304932,2.8222177028656006,6.480928897857666,7.076022148132324,5.363883018493652,0.7412294745445251,0.776664674282074,0.8102531433105469,0.814926266670227,0.7796218991279602,0.7719686627388,0.714371919631958,0.7189975380897522,0.7036962509155273,0.6810089349746704,0.6676059365272522,0.6791231632232666,0.0019767804178268825,0.00022920330248396312,3439.655386514307,594.1258401668289,5785.999063741007,529.2393411364603,8760.766205046404,2232.9133809013806,0.005767609846287703,0.012066714053502887,21.530759469724657,5.071636758335899,8.311973162915633,3.0472091695429073,11.888799298724669,3.7084966329173112,13.039417364498572,3.2014302331727604,13.400693597617162,2.234593901056476,14.857184541070277,2.075328200720516,19.141304547227293,2.6798956063171255
no_vocals,237.5,242.5,-645.8208618164062,56.42620086669922,92.5008544921875,24.976545333862305,11.048624038696289,13.44404125213623,31.66451644897461,13.917598724365234,18.89202117919922,11.142105102539062,8.460474967956543,7.824087142944336,13.250419616699219,10.140458106994629,2.798861026763916,6.56963586807251,6.631234169006348,5.727072238922119,3.8141307830810547,6.155117988586426,-0.4401484429836273,6.873420238494873,1.5180189609527588,6.790990352630615,7.034085273742676,5.609362602233887,0.7339701056480408,0.7648475170135498,0.7934694886207581,0.8022337555885315,0.7507786750793457,0.752170741558075,0.7105916142463684,0.7149316072463989,0.7214491367340088,0.7188987135887146,0.6917843818664551,0.6906945109367371,0.001995800407398103,0.00022181992091724125,3374.936791683884,622.592688102825,5688.07994983761,486.77492589929284,8310.417497462297,2000.5527391673866,0.006721514283642691,0.013410288317098019,20.889679910990992,5.367827018552916,8.66692228786072,2.9607336113836316,12.37121833556876,3.480714062660714,13.108398299521106,3.0930049799505777,13.476224473283727,2.2745392504430257,14.864581257466975,1.971139393934427,19.12957265970293,2.626374549391445
no_vocals,240.0,245.0,-647.0255126953125,62.65052032470703,90.90556335449219,24.959136962890625,10.648360252380371,11.526484489440918,29.115840911865234,11.74703598022461,21.61372947692871,10.797867774963379,9.23310375213623,6.711416244506836,9.592986106872559,8.155741691589355,3.626340866088867,5.333079814910889,7.848726749420166,5.662708282470703,2.245802402496338,6.290087699890137,0.784679651260376,6.284897804260254,2.9276063442230225,6.07138204574585,6.566051483154297,5.297863006591797,0.7616358399391174,0.7592676877975464,0.7670691013336182,0.7631040811538696,0.7511352896690369,0.7571099996566772,0.7158154845237732,0.7317366003990173,0.7592675089836121,0.7610474824905396,0.7415697574615479,0.7333733439445496,0.001967477793167853,0.0001910413221981772,3420.988800057247,676.759963613375,5768.930109363155,503.3205559211831,8659.495201022331,2282.4558515395674,0.0069424303944315546,0.0136152643451366,21.138548671351334,5.826987273751238,8.211572975246014,2.8471497375274244,11.753182318484194,3.1741169536446,12.933836437055016,3.2232246381712595,13.459929370806623,2.352951559985012,15.185884138194297,2.003197496409448,18.52617820925773,2.326087405756065
no_vocals,242.5,247.5,-641.3087158203125,62.63616943359375,95.00082397460938,24.70299530029297,11.556525230407715,10.52804183959961,27.39248275756836,11.800922393798828,18.810007095336914,11.28964900970459,6.930788516998291,7.503089427947998,8.99426555633545,7.370390892028809,4.268704414367676,5.019847393035889,7.955632209777832,6.128554344177246,1.3926383256912231,6.0239386558532715,1.2187387943267822,5.9027323722839355,4.197573661804199,5.368346214294434,6.7415547370910645,5.596890449523926,0.733589768409729,0.7444146275520325,0.7668527960777283,0.7757952213287354,0.7513431906700134,0.7371675372123718,0.6919865608215332,0.7099454402923584,0.7208410501480103,0.7213049530982971,0.7124118208885193,0.6942278742790222,0.0019794377931037143,0.00019269468288548114,3353.4143209866997,658.2699299266287,5697.348480504028,548.5265142992205,8475.938383664443,2282.48072981616,0.007209795533642691,0.012307633859460895,20.616186633925587,5.294741922213857,8.427820668638237,2.9737276927114835,11.622113613656618,3.2560960679122233,13.214584131949675,3.310726594790774,13.374812532179124,2.2902363397506442,15.22547015570034,1.9832027135688255,18.238148840094794,2.2845332190778618
no_vocals,245.0,250.0,-644.1389770507812,66.65504455566406,96.70193481445312,25.32703971862793,14.265460014343262,12.544404029846191,25.788841247558594,13.273332595825195,16.342653274536133,11.477985382080078,6.352237701416016,8.518275260925293,9.146198272705078,7.518581867218018,4.999967098236084,6.132501602172852,7.928216934204102,5.529810905456543,1.7543625831604004,5.652963161468506,1.2607532739639282,5.805147647857666,3.2988369464874268,5.943261623382568,7.555042266845703,5.664646625518799,0.7261155843734741,0.7553595304489136,0.7828260660171509,0.8045310974121094,0.7736481428146362,0.7508227825164795,0.7130417227745056,0.7296132445335388,0.7242345213890076,0.7104212045669556,0.6916502714157104,0.6704451441764832,0.0019621300125351984,0.00018343557121661044,3301.5474110549476,607.1818090644691,5670.113872767374,537.1267332757681,8416.13503299014,2187.8086520424054,0.005929614994199536,0.011749182774581488,20.797678425556605,5.3527135444204585,8.725922416139985,2.855080038341455,11.626368755321073,3.3332480603053476,13.141329150874643,3.2329173719104314,13.282913034405391,2.093315315964029,15.044248315623596,1.8069802985842545,17.885809473049427,2.1544294579280243
no_vocals,247.5,252.5,-647.1488037109375,63.35774230957031,97.27154541015625,24.13831901550293,15.234756469726562,13.060905456542969,25.23990821838379,12.306816101074219,17.560264587402344,11.222784042358398,7.82913064956665,8.462413787841797,8.481472969055176,8.345377922058105,4.4787516593933105,6.386050224304199,8.131330490112305,5.768392086029053,1.035952091217041,5.836282730102539,1.6963825225830078,4.81598424911499,2.450523853302002,6.11323356628418,6.943447589874268,5.67950439453125,0.748511552810669,0.7701094746589661,0.7953883409500122,0.7785382270812988,0.768088698387146,0.739924967288971,0.7179878354072571,0.7404237389564514,0.7465974688529968,0.7119045853614807,0.662611186504364,0.69757080078125,0.0019394579597936808,0.0001594702791200045,3314.5636838691416,649.3109785398368,5712.23468875777,538.5966106491331,8492.07579575116,2312.807205471574,0.004856755727958237,0.011124827952079013,20.763839045499598,4.7417468024429255,8.547127154082036,2.971885014274352,11.650392948964246,3.2684558342896106,13.01351469865242,3.111235439239066,13.403570449401768,2.375928694615746,15.048996295552577,1.746864774969052,18.17962638461535,2.1821457147305683
no_vocals,250.0,255.0,-649.6287231445312,58.4951171875,98.89201354980469,25.07097625732422,13.69130802154541,12.355179786682129,24.26139259338379,11.042183876037598,17.034408569335938,10.944375038146973,8.404351234436035,9.785636901855469,8.585092544555664,8.47314739227295,3.7362680435180664,5.744464874267578,7.634817600250244,6.96370267868042,1.730002999305725,6.324279308319092,1.986433744430542,5.162728786468506,3.3498220443725586,6.62189245223999,6.641156196594238,6.092066764831543,0.7161800265312195,0.7649984955787659,0.8038896322250366,0.8198211193084717,0.7811794877052307,0.7532992362976074,0.6963708996772766,0.6943756341934204,0.7138434052467346,0.7256829142570496,0.6896039843559265,0.6625930070877075,0.0019595988290362805,0.00014986018233922676,3176.2215541250876,622.5964688733025,5594.149895496335,516.5568172962583,7998.660681917054,2192.440404920046,0.0041147041763341064,0.007946779203062177,21.121776170507435,5.204880387883186,8.485322516564164,2.962364763915831,11.75066995173703,3.0170431897010825,13.46322491737019,3.346454327525128,13.552310786590734,2.4348183472884037,15.165141612692286,1.9365067020223092,17.994972640295398,2.192604451381088
no_vocals,252.5,257.5,-651.6661987304688,62.371212005615234,93.1524429321289,26.15070915222168,14.050982475280762,11.895901679992676,22.117456436157227,12.941266059875488,15.82244873046875,11.08761215209961,8.281986236572266,10.324281692504883,9.9534273147583,7.115054607391357,4.672348499298096,6.023792743682861,7.280119895935059,6.846724033355713,1.2347335815429688,6.714481830596924,1.428066372871399,6.169024467468262,3.077624797821045,6.10441255569458,6.349491596221924,5.746449947357178,0.726250946521759,0.7795946598052979,0.8236849308013916,0.8465282917022705,0.7968623042106628,0.7556983828544617,0.6894963979721069,0.6783480048179626,0.6812034249305725,0.6873432397842407,0.6747994422912598,0.6698904633522034,0.0019865405592924793,0.00019653792579874685,3369.4044929558277,573.3287673281118,5809.6408999130945,421.1039582740508,8778.152642836427,2053.577020196264,0.00509693119199536,0.011192603401859217,21.47032764549802,5.310473320856281,8.400238181845394,2.9712023170987005,11.764140008748553,3.44241788897074,13.587794669509979,3.462279434744153,13.470008101815099,2.2525809862063544,14.972447180224812,1.8723613266444992,17.774953953138063,2.4911270640223666
no_vocals,255.0,260.0,-651.4497680664062,64.5965347290039,95.90518188476562,25.980161666870117,10.927144050598145,16.619327545166016,21.703664779663086,13.863332748413086,16.908084869384766,10.104460716247559,10.064322471618652,10.176033020019531,10.95292854309082,8.42149543762207,4.461374759674072,6.663527965545654,6.3616132736206055,6.300741672515869,0.09158837050199509,6.5943474769592285,0.18787714838981628,7.107247352600098,2.2780275344848633,5.9095587730407715,6.5852484703063965,6.59845495223999,0.7188431620597839,0.7448439002037048,0.7665701508522034,0.7945521473884583,0.7929036021232605,0.7822028398513794,0.7277746796607971,0.6862747073173523,0.6713764071464539,0.6747610569000244,0.6649953126907349,0.674861490726471,0.002043967901268788,0.0003777339246445514,3239.1406343397834,555.566917399406,5664.611481721535,583.6866284402008,8291.082579575115,2218.3550751589005,0.0041996719112529,0.011635643865753666,21.442164432274616,5.1664950649436205,8.550015804462175,2.869808512404508,12.171114015662656,3.303159084491549,12.934945155406131,3.3993039644244143,13.37185804331962,2.4277430279658243,15.050975291529843,1.9917411436494081,18.41018560955391,2.595051420597432
no_vocals,257.5,262.5,-663.0458374023438,69.07413482666016,89.5953598022461,29.193016052246094,11.02333927154541,17.48584747314453,24.395217895507812,14.788209915161133,18.274398803710938,10.775025367736816,9.732090950012207,9.441451072692871,10.329244613647461,9.240796089172363,4.18780517578125,6.001235008239746,7.420222759246826,5.891219615936279,2.3493711948394775,6.294808864593506,0.7918674349784851,7.242545127868652,2.8665637969970703,6.388748645782471,7.615260601043701,6.1355390548706055,0.7401237487792969,0.766270637512207,0.7793869972229004,0.7911202907562256,0.8019865155220032,0.8069925308227539,0.7573941946029663,0.7232832908630371,0.7172948122024536,0.7169367671012878,0.7027536034584045,0.6988137364387512,0.002007923685089877,0.0003796714087895503,3270.9777726123707,534.795920744245,5715.509656881873,632.6979111297442,8535.042279944895,2370.9853011606433,0.00324236876450116,0.008089240303290515,22.146136131484873,5.937881345259676,8.541612500196907,3.1319353513782557,11.872427810916895,3.252113892217369,12.887057041637041,3.5082026819943266,13.245812580447453,2.5772740602053332,15.045047353997838,1.9071029488852835,18.213426592048535,2.38602303457609
no_vocals,260.0,265.0,-665.2908935546875,70.028076171875,83.50172424316406,27.289636611938477,11.300738334655762,14.349037170410156,30.143888473510742,14.887283325195312,20.42832374572754,11.353949546813965,7.789047718048096,7.1461944580078125,9.47959041595459,8.404499053955078,4.810609817504883,5.052894592285156,9.188294410705566,4.964822292327881,3.360941171646118,6.378939628601074,1.3445141315460205,6.733819484710693,3.9435508251190186,6.394054889678955,8.31077766418457,4.898705005645752,0.7388190031051636,0.780712366104126,0.8118635416030884,0.8203137516975403,0.8072755336761475,0.8117066025733948,0.7644198536872864,0.7508978247642517,0.7421336770057678,0.7371342778205872,0.7179901003837585,0.6956971883773804,0.0019526096779892,0.00017515130110863403,3398.196231882512,691.7173995573681,5782.31007668041,631.9736394834596,8889.965423796404,2455.064570891622,0.004437581569025522,0.009357660272166498,21.789046200011697,5.580769762570898,8.331105735184016,2.7785003561764388,12.370592226869716,3.36181794209165,12.815626382054305,3.234320572037582,13.253970414741387,2.2116414847375636,15.0050573435251,1.8347795598695935,18.36044634073841,2.340138775835761
no_vocals,262.5,267.5,-633.8583984375,59.7268180847168,95.28955078125,22.723960876464844,10.575864791870117,13.523345947265625,31.292949676513672,13.135977745056152,21.246366500854492,10.095580101013184,7.966342926025391,6.116275310516357,10.772658348083496,7.384092807769775,4.227564334869385,5.408082485198975,8.744562149047852,5.8319411277771,0.9965340495109558,6.832461833953857,0.11685995012521744,5.744174957275391,2.59718918800354,6.2536420822143555,8.896218299865723,5.39956521987915,0.7200994491577148,0.747580349445343,0.7682440876960754,0.7511386871337891,0.7218939661979675,0.7262553572654724,0.6822778582572937,0.7035420536994934,0.7102570533752441,0.705839216709137,0.6885790824890137,0.6823415160179138,0.002049067235398355,0.0001877098869562494,3504.490780990737,732.2075814308798,5851.222706790761,631.5585490625989,8832.810007613109,2373.938596087334,0.008451457366589327,0.013231402813151046,19.95360315338747,4.655970565212236,8.939183039367515,3.2613833864922284,12.354277479008195,3.455757104859324,12.596602959339007,3.053375707666652,13.566935357563514,2.344166360132814,15.21476277807147,1.9823750563825089,19.639938418106965,2.155050649656722
no_vocals,265.0,270.0,-624.7218627929688,54.10268783569336,97.9994888305664,22.329687118530273,12.211813926696777,12.520237922668457,27.324522018432617,13.490443229675293,19.142751693725586,10.645214080810547,7.723005771636963,7.455875396728516,9.858746528625488,6.663450717926025,3.731764793395996,5.8092732429504395,9.033744812011719,5.987837314605713,0.8034235835075378,7.137162208557129,-0.14308024942874908,5.692142009735107,0.5168673992156982,6.201434135437012,8.005084991455078,5.855649471282959,0.7241553068161011,0.7457327842712402,0.7555087208747864,0.7459627389907837,0.6914272308349609,0.7014279365539551,0.6464251279830933,0.6543533802032471,0.6627858877182007,0.6629337072372437,0.66385418176651,0.6789036989212036,0.0021209292005198704,0.0002070673066964341,3628.5882155162267,603.3368421912857,6035.6635174791345,459.12699741970414,9303.792619815835,2182.935659534132,0.009346450841067286,0.014138484937965582,20.16437512654174,4.54004786927701,9.033186308581767,3.1556544978989196,12.077016623486495,3.1862804992808327,13.234077327861973,3.1239765409064746,13.885865189122608,2.309588281825733,14.897648668019515,1.789063533982827,19.83674577231707,2.3984135178000217
no_vocals,267.5,272.5,-657.8089599609375,64.54434967041016,91.49453735351562,26.992450714111328,13.684232711791992,14.862643241882324,25.163877487182617,14.70458698272705,17.741130828857422,11.47675609588623,7.0349907875061035,8.294109344482422,7.85153341293335,8.083951950073242,4.167596340179443,6.473724842071533,8.068559646606445,6.034911632537842,1.260886311531067,7.794373512268066,-0.12458595633506775,7.018675804138184,1.3085901737213135,6.117906093597412,6.954619884490967,6.055558681488037,0.7478063702583313,0.7607343196868896,0.7838745713233948,0.8111689686775208,0.7947575449943542,0.8127403259277344,0.7608338594436646,0.7401123046875,0.7201191186904907,0.7104160785675049,0.6897078156471252,0.6927847266197205,0.002063736848948035,0.0002104809860053453,3424.341921507139,621.7637142907924,5927.407328341623,587.741793185898,8982.793014066125,2440.1044190985895,0.0037861622679814387,0.010461788806804774,22.22793899374012,4.959692966157232,8.688823306332562,3.20001113355661,11.97516473073969,3.3586463727675606,13.172997646952881,3.096989821365591,13.655226420396401,2.2364480153554296,15.33336981759616,2.1422139748717894,19.54250191388217,2.596557469717086
no_vocals,270.0,275.0,-658.9501342773438,64.53627014160156,91.07808685302734,24.92471694946289,15.722542762756348,15.449145317077637,25.847909927368164,13.823921203613281,18.67511749267578,11.658041000366211,8.420626640319824,7.237753391265869,9.284311294555664,8.879733085632324,3.209186315536499,6.04667329788208,6.9728803634643555,6.104650974273682,1.3321807384490967,7.155685901641846,0.061584435403347015,6.996530532836914,1.8772660493850708,5.659531116485596,6.825835227966309,6.0245161056518555,0.7433519959449768,0.7685373425483704,0.7896119356155396,0.8102393746376038,0.7930501103401184,0.807013213634491,0.7551955580711365,0.7588997483253479,0.7542366981506348,0.7428972721099854,0.7013084888458252,0.6824609637260437,0.002030062234232293,0.00019990390384838538,3449.3493299322745,574.9811061781562,5965.055211150818,554.727447711514,9120.33572451421,2337.1331418035147,0.005265733758700696,0.017067979829086796,22.19588931907532,5.394867146095302,8.59382062358378,3.0494577400071776,12.008773409172308,3.5895942161633014,12.945260176473413,3.1071309426782485,13.059768580284992,2.2328776733547038,14.992337767104274,2.04521631142669,19.114585298184156,2.2802249339897447
no_vocals,272.5,277.5,-649.9580688476562,62.614952087402344,93.79900360107422,23.82232666015625,12.292411804199219,15.223464012145996,27.341978073120117,13.613314628601074,17.90147590637207,12.242058753967285,10.087122917175293,6.948040962219238,11.1661376953125,8.622361183166504,3.098214864730835,5.8821821212768555,8.031336784362793,6.1016645431518555,2.7723238468170166,6.395046710968018,0.6877795457839966,6.452234268188477,1.5171676874160767,6.279206275939941,6.545485973358154,6.165268898010254,0.7441784143447876,0.7717781662940979,0.7873181104660034,0.7890258431434631,0.7564542889595032,0.7549087405204773,0.7238736152648926,0.7326777577400208,0.7450793981552124,0.7404695749282837,0.708629310131073,0.693815290927887,0.0020071531056043996,0.0001953197753472324,3287.1897574548393,646.3212290710103,5674.0955556602,565.0871507094665,8333.499492459398,2255.692345309604,0.006996809744779582,0.018349167835573128,21.152251552799573,5.032882714201608,8.371464272786373,2.8611361343125106,12.071127070101422,3.352417846271139,12.633629156034846,3.0227756529895657,13.409049602499723,2.3673861297897703,14.844098028004348,1.792243783638243,18.489226405383235,2.260040540144541
no_vocals,275.0,280.0,-649.1026611328125,61.84075927734375,96.4181900024414,24.09721565246582,10.3353853225708,13.449152946472168,24.12936782836914,15.37743091583252,14.575989723205566,14.837664604187012,8.2283353805542,8.66413402557373,12.480819702148438,9.021100044250488,5.608067512512207,8.161314964294434,9.760939598083496,7.174152374267578,2.67246150970459,6.795566082000732,-0.746070921421051,7.141543388366699,-0.3816021978855133,7.380803108215332,5.326035976409912,6.786808490753174,0.731406033039093,0.7629261612892151,0.7973513007164001,0.78691166639328,0.740754246711731,0.7278348803520203,0.7068669199943542,0.7102553248405457,0.7257738709449768,0.7289026379585266,0.7056756615638733,0.702605128288269,0.0020496033112088483,0.0005091778278630318,3197.046131058219,627.2011750919041,5565.120749300897,605.9176877059768,7962.0892093242455,2247.1241143494194,0.006552711716937355,0.014258377939346213,21.40863537758274,4.99588762206077,8.614700425510495,3.101755607679004,12.249106380344468,3.136125498893758,13.246622189274667,3.8758763228866076,13.867764133307414,2.3744806409056687,15.016654462840586,2.023438423058338,18.43626245285177,2.2938369600368644
no_vocals,277.5,282.5,-646.6170043945312,61.51691436767578,98.5759506225586,21.769458770751953,10.68285846710205,14.188135147094727,20.186241149902344,14.419750213623047,12.495026588439941,13.931767463684082,6.439031600952148,9.791152954101562,11.008410453796387,8.76530647277832,5.719247341156006,7.836672306060791,8.692757606506348,7.326436996459961,1.0875873565673828,6.676490783691406,-0.9130387306213379,6.7201361656188965,0.6584643721580505,7.534665107727051,5.64505672454834,6.977162837982178,0.752327561378479,0.7887592911720276,0.8078058362007141,0.7920739650726318,0.7471657395362854,0.7275770902633667,0.7002679705619812,0.707856297492981,0.7104074358940125,0.7123115658760071,0.70185786485672,0.6992099285125732,0.0020282843264723045,0.00051216701734037,3232.3111378270096,668.3710176313581,5577.8282294405835,605.4442375759395,8106.826307823376,2403.819908747283,0.00529179053074246,0.011589037671949692,21.7767852897892,5.063951132536438,8.315660257773756,3.003905078562376,11.706837561352515,3.1949913062632045,13.429878501118505,3.8248556358182277,13.42389427585497,2.319953057676213,15.036133631396474,1.9419848365207661,17.628955391071237,2.2418000080515728
no_vocals,280.0,285.0,-646.9393920898438,67.74333953857422,95.03797149658203,22.71417236328125,10.76701545715332,13.087423324584961,22.3446102142334,13.66235637664795,16.021682739257812,11.041996002197266,8.334654808044434,8.863091468811035,8.635520935058594,7.501977443695068,3.554013967514038,5.662265777587891,6.661429405212402,5.878841876983643,-0.6368066668510437,6.43477725982666,0.6097301840782166,6.016631603240967,3.152351140975952,5.977748394012451,7.150576591491699,6.298862457275391,0.7692093849182129,0.7713844776153564,0.7778606414794922,0.7887370586395264,0.7806465029716492,0.7829419374465942,0.7319109439849854,0.7235939502716064,0.7260060906410217,0.7284412980079651,0.720343828201294,0.7207303047180176,0.0019493068124355614,0.00014757055166334695,3318.474586248857,805.3508548920463,5623.7767024944915,569.8988458855745,8429.424666473318,2521.2224303086464,0.0056792434019721574,0.014439442993602012,21.339294230102748,5.232747228089616,8.150853391312692,2.979268891146892,11.589453267872432,3.1293977756373197,13.037218669995118,3.0778772001646173,13.389194294361799,2.3074019837582154,15.062160114283428,1.9445523113068108,17.60817158385768,2.4167278185773995
no_vocals,282.5,287.5,-656.430419921875,67.73709869384766,89.20606994628906,24.406198501586914,11.25832462310791,12.208405494689941,25.221416473388672,14.317410469055176,18.288658142089844,12.74402141571045,7.407670021057129,9.816347122192383,7.017087459564209,7.755032062530518,3.7189924716949463,5.934798240661621,8.75051498413086,6.105218887329102,1.5679365396499634,6.505387783050537,1.2433099746704102,6.355103015899658,3.3259477615356445,6.193087100982666,6.672941207885742,6.240411281585693,0.760626494884491,0.7717541456222534,0.7893509864807129,0.7951008081436157,0.791652262210846,0.8020166754722595,0.7545931339263916,0.7394118905067444,0.7429661154747009,0.7321388125419617,0.7292130589485168,0.71671462059021,0.0019343028081637177,0.00015142080926145812,3356.9623915956836,671.5873287858769,5727.489444469755,466.4190268245176,8663.492083272911,2106.633100097449,0.005082203451276102,0.01423498659806302,21.845437688763337,5.331168208036955,8.239104508285484,2.825941961068894,11.571237961101128,3.35972129618881,13.07421318000389,3.217379101285547,13.392226694527576,2.410381466060756,15.02710379694879,1.8662088021971872,17.67839669263515,2.374817435328028
no_vocals,285.0,290.0,-661.5297241210938,52.10099792480469,91.35328674316406,24.905826568603516,9.561952590942383,14.768718719482422,28.230249404907227,15.713257789611816,16.19736671447754,13.533604621887207,5.2168474197387695,9.887285232543945,8.930235862731934,8.231212615966797,3.9097373485565186,6.780528545379639,8.145174026489258,6.945815086364746,3.148825168609619,6.12182092666626,1.1813325881958008,6.551583290100098,3.1857407093048096,5.979297161102295,6.589019775390625,6.052623271942139,0.7769461274147034,0.8065171837806702,0.8195405602455139,0.8131265640258789,0.7936082482337952,0.7931997179985046,0.7654659748077393,0.7543696165084839,0.7485927939414978,0.7384482026100159,0.7286911010742188,0.7172101140022278,0.0019352868379778694,0.00015292439289576006,3192.57264684582,446.5731038223089,5565.4196805949805,478.6782127482918,8024.690377573956,1590.847431238185,0.0012688515081206496,0.003461914706827266,22.224382622636345,5.013024370871231,8.376293253566192,2.997410263580378,11.41418292250987,3.430835155932009,13.289181072680552,3.235031912025348,13.608695417079007,2.4058876742324347,15.018014679796599,1.8585338044130153,17.90039167868584,2.311256822542398
no_vocals,287.5,292.5,-645.8306884765625,56.713226318359375,88.87654876708984,25.032285690307617,7.635432720184326,15.89254093170166,31.008682250976562,16.43886947631836,18.18768310546875,12.343793869018555,6.331143856048584,8.100300788879395,12.069535255432129,9.234832763671875,2.744243621826172,6.819902420043945,5.924099922180176,6.997734546661377,2.5161423683166504,7.084991455078125,0.7256714701652527,6.3426313400268555,0.8972128033638,6.15065336227417,6.421176910400391,5.937484264373779,0.7397853136062622,0.7668159604072571,0.7942270040512085,0.8039454221725464,0.7907710075378418,0.7945926189422607,0.7445633411407471,0.7230027914047241,0.7131909728050232,0.6997538805007935,0.6778527498245239,0.6818516254425049,0.001999505522462114,0.000245444793577639,3477.74250872537,670.3007865869591,5708.110457373267,542.91145271541,8653.399955590197,2070.2596220066603,0.004155488689095128,0.013543776822891183,21.43693837507254,4.6991666761669935,8.287627500523575,2.911480115653235,11.84048203738272,3.3894355370670444,12.625808773063074,3.125961424143875,13.570094606235068,2.510469091124738,14.915029620651293,2.3564254142825196,18.757323468102083,2.693105243678613
no_vocals,290.0,295.0,-647.2780151367188,65.54206848144531,90.9537582397461,25.886194229125977,10.273524284362793,15.798466682434082,28.78931999206543,14.68193244934082,19.24553108215332,12.364409446716309,8.980964660644531,8.056634902954102,11.129304885864258,9.418313026428223,2.8941233158111572,6.811032295227051,6.946956157684326,6.65814733505249,3.8405580520629883,6.997594833374023,0.5002122521400452,6.335888862609863,0.6471877694129944,6.973201274871826,7.339916706085205,6.300126552581787,0.7493771314620972,0.7790437340736389,0.794313371181488,0.787642776966095,0.7825644016265869,0.7696903347969055,0.7225341796875,0.718948483467102,0.7053188681602478,0.6722604036331177,0.6662498712539673,0.7025583982467651,0.0020059142599374987,0.00025731450086187576,3387.1224001316687,690.4069550794734,5685.297690616872,545.2528069768233,8520.903308983468,2080.214578563925,0.006195847230278422,0.014228344000164227,21.29197720444391,5.276535889244192,8.427032144832188,3.2805995155044982,12.119999369082645,3.3079299000191487,13.205871888703086,3.384168764264623,13.433286960873438,2.336917113727986,14.761144804692513,2.178325539218328,18.35884024376427,2.8387160462898886
no_vocals,292.5,297.5,-652.4390258789062,61.36369323730469,95.71782684326172,25.21867561340332,13.678108215332031,14.086210250854492,24.966556549072266,12.360142707824707,17.000743865966797,11.377100944519043,8.267036437988281,7.788186550140381,9.1611967086792,6.942043781280518,4.280970096588135,6.536011695861816,7.70259952545166,6.23842716217041,2.2592763900756836,6.640293121337891,1.2455918788909912,6.2895917892456055,1.7405303716659546,6.343814849853516,6.332316875457764,6.617999076843262,0.7682172060012817,0.7976698875427246,0.792449951171875,0.7850120663642883,0.7709351181983948,0.7776975035667419,0.7348025441169739,0.7260140180587769,0.7189086675643921,0.7059579491615295,0.6913205981254578,0.7020685076713562,0.001967043101057203,0.00018829702817992397,3269.8928344026663,577.4040422953964,5703.03553245117,528.7983901928407,8408.291151573376,2013.6921235805808,0.004071653857308585,0.007098446118683534,21.500342395871733,5.0094065853307255,8.225683876825176,3.0154838780895608,11.842274204933764,3.451618984133354,12.968017409933266,2.999489890246848,13.314012714210287,2.233560407535,14.987869307708111,1.9684298232124775,18.35027742093253,2.515640925021227
no_vocals,295.0,300.0,-648.0277709960938,52.484107971191406,99.09514617919922,21.805830001831055,15.989380836486816,15.523754119873047,25.478673934936523,12.009621620178223,16.10472297668457,11.217290878295898,5.910961627960205,7.943014621734619,8.344319343566895,8.200108528137207,4.57419490814209,6.713685989379883,7.604703903198242,6.4321112632751465,0.45020681619644165,5.944672107696533,-0.05542353168129921,6.729494094848633,1.3702040910720825,5.560344696044922,4.799966812133789,5.816018104553223,0.7555989623069763,0.7600465416908264,0.7594329714775085,0.7749859094619751,0.7628809213638306,0.7708979845046997,0.7270945906639099,0.7173348665237427,0.7178959250450134,0.7221885919570923,0.6994154453277588,0.6975380778312683,0.0019500155383807428,0.00018397714209058777,3318.0999037832953,860.7109498812948,5694.195344430716,539.716541027377,8365.924199717227,2314.7500702829184,0.0033805829466357308,0.007838953581009554,21.532653320661087,4.803186395652974,8.23576457737553,3.146076661660525,11.609428126641257,3.2435311493681374,13.260811817748841,3.099748335715341,13.177432713299927,2.13623766768961,15.142613828703405,2.209263107890079,18.38202629809834,2.207802586705364
no_vocals,297.5,302.5,-645.5210571289062,53.72112274169922,102.3384017944336,20.429237365722656,18.952762603759766,15.46415901184082,26.205869674682617,11.668011665344238,15.086398124694824,10.901153564453125,6.795915603637695,8.207239151000977,10.78498649597168,10.173847198486328,4.933446407318115,6.627532005310059,7.804527282714844,6.665894508361816,0.2584356367588043,5.409390926361084,-0.33799806237220764,6.5553297996521,1.2806328535079956,5.853052616119385,5.203260898590088,5.264505863189697,0.7211962342262268,0.7230114340782166,0.7379409670829773,0.7678090929985046,0.7553131580352783,0.766727864742279,0.7116522192955017,0.6937851905822754,0.6962695717811584,0.7014522552490234,0.680679202079773,0.6818938851356506,0.0019335011549708877,0.00020532841939045318,3318.088680994467,896.0942686899665,5739.950145175866,551.225021523938,8350.286397911834,2395.6811000350713,0.007895201928654292,0.014293709743311227,20.914342570398038,5.144033317012828,8.2508536076263,3.067984637175283,12.185593709488074,3.543907844991888,13.338529557507993,2.8653026466873937,13.26440832932584,2.186087190408423,14.786294321217817,1.960520072869637,18.828882325357377,2.2157048911868285
no_vocals,300.0,305.0,-644.7730712890625,60.62848663330078,99.04582977294922,24.079959869384766,15.511698722839355,13.503129959106445,25.167356491088867,13.865222930908203,15.033263206481934,10.551189422607422,7.720853328704834,7.661662578582764,13.431879997253418,9.854974746704102,5.343928813934326,5.838982105255127,7.219966888427734,6.161473274230957,0.19265489280223846,5.889023780822754,0.6689570546150208,6.347009658813477,1.7221195697784424,6.500457286834717,6.000402927398682,5.322267055511475,0.7297881841659546,0.7415730953216553,0.7759215235710144,0.7735937237739563,0.7679812908172607,0.739495575428009,0.689017117023468,0.7024227976799011,0.7113564014434814,0.6927396655082703,0.6676910519599915,0.6918042302131653,0.0019196764079274786,0.00023632634555700884,3403.0322759240885,636.9740087320538,5858.386806996343,506.2314638187511,8698.264958852958,2314.969451788057,0.012355441560324826,0.021287262034145785,20.562744106640448,5.354356211996685,8.482473240888078,3.1475991575277456,12.251372115246978,3.5766809054263855,13.138908386435652,3.027434927605927,13.476136890310705,2.176273684460221,14.737011034884038,2.060982770527811,19.42008220036201,2.418938187110744
no_vocals,302.5,307.5,-609.7453002929688,73.79125213623047,89.45694732666016,40.922847747802734,22.717988967895508,14.566866874694824,24.959178924560547,15.801115989685059,19.435596466064453,13.31352424621582,10.790162086486816,9.897931098937988,12.647218704223633,9.678214073181152,8.715580940246582,7.027770042419434,8.071269989013672,6.638811111450195,3.143871784210205,6.150742053985596,2.9728331565856934,7.737278461456299,5.300320148468018,6.823210716247559,6.855234146118164,5.703500270843506,0.6793692708015442,0.6904850006103516,0.72066730260849,0.7625545263290405,0.755682647228241,0.7869006395339966,0.7110754251480103,0.6859906315803528,0.684752345085144,0.678521454334259,0.6464772820472717,0.6458427309989929,0.0057217588557984915,0.010162433166031123,3129.2429281109944,1103.3529117619246,5637.667783314783,1115.979353543026,7778.032781685035,4063.6608525624874,0.023298152914733177,0.03959424754381956,18.425504532175157,7.426111191569635,9.333645609987284,3.6544709456836704,11.9940387703259,3.5055338107717553,13.440887224104932,3.3650674654288766,13.765395283593591,2.2462495951863497,15.58928813062685,2.087853101566158,20.985429437361383,3.604625832647532
no_vocals,305.0,310.0,-610.9092407226562,73.06697845458984,87.67668151855469,39.4354133605957,22.574472427368164,15.644038200378418,27.50594711303711,15.743898391723633,21.92027473449707,13.497671127319336,11.638907432556152,9.787703514099121,12.263871192932129,10.092434883117676,7.78233528137207,7.288370132446289,8.972905158996582,7.165428638458252,3.5297439098358154,6.557862758636475,4.048834800720215,6.67255163192749,6.905159950256348,5.750247001647949,6.869152069091797,5.821218967437744,0.6461109519004822,0.668977677822113,0.7208482623100281,0.7373581528663635,0.8275483250617981,0.7831037640571594,0.6997509598731995,0.6839790344238281,0.6750328540802002,0.6388821005821228,0.6220923066139221,0.6334751844406128,0.005592895715212203,0.010210577131655046,3403.602029536561,1293.056232221764,5826.2860730315415,1150.0088261342357,8518.605101689385,4451.154976480873,0.02111504857888631,0.037412732625877056,17.662248761528758,6.89043782740066,9.528294102405745,3.5939405153924775,11.446585873567985,3.165011669512062,13.424672608370157,3.4016562210829826,13.641511780061332,2.3973222811523067,15.938506021240082,2.13849501861895,21.825788290524503,3.303908909647532
no_vocals,307.5,312.5,-648.9013671875,74.5545425415039,95.17695617675781,24.782800674438477,9.684860229492188,12.138477325439453,26.092546463012695,15.55170726776123,20.46290397644043,11.981813430786133,8.591386795043945,7.7509355545043945,9.990735054016113,10.16127872467041,3.136924982070923,5.945818901062012,8.684469223022461,7.557016849517822,0.05021911859512329,7.116305828094482,3.817155361175537,5.974337577819824,6.120307922363281,6.177665710449219,7.466187477111816,6.343585968017578,0.6947900652885437,0.7075972557067871,0.7410025000572205,0.7505037188529968,0.7914104461669922,0.8051732182502747,0.7249053716659546,0.7246302366256714,0.7332276701927185,0.7159578204154968,0.6683861017227173,0.6592419743537903,0.0017017534282490645,0.0001818482917661003,3619.5381353857865,1065.7529149976663,5873.958911839298,612.8396801928886,8908.500965233468,3177.4236659798253,0.008060605785962877,0.014890274468336424,19.512182832958374,5.146542758856281,9.044763370789266,3.374840768302233,11.534455151339804,3.060852704139634,13.085884427048258,3.060571991268839,13.466360224499072,2.1276997582186086,16.03681577732049,2.3605984823585215,19.90975180111753,2.3556720558548827
no_vocals,310.0,315.0,-659.776123046875,80.03221130371094,95.69634246826172,25.090641021728516,11.741080284118652,13.05346393585205,21.964767456054688,13.203307151794434,19.939250946044922,11.675437927246094,8.79226303100586,8.910573959350586,7.8092498779296875,9.704968452453613,4.651201248168945,6.378909111022949,9.141473770141602,6.4703521728515625,0.3919812738895416,6.593689918518066,4.418581485748291,5.703557968139648,4.674792766571045,6.2791290283203125,6.37344217300415,6.77414083480835,0.7168152928352356,0.7256441116333008,0.7554819583892822,0.7704414129257202,0.7752891182899475,0.7963399887084961,0.7072995901107788,0.702744722366333,0.713474452495575,0.7150847911834717,0.684453010559082,0.6747385263442993,0.0017197876153060012,0.00018170431157150534,3559.787341860539,968.3153393544063,5971.598025436881,634.9139269207329,9042.246637543503,3032.1569895438097,0.006020247244779582,0.013472060013137114,20.2687703914118,5.068990455880192,8.833027251691663,3.0996093516498977,11.788116784128976,3.399429092017695,13.242939256070372,3.128320133238056,13.287100912598127,2.378720933115274,15.989465707905397,2.3134301320703186,20.003519248809166,2.157379912687629
no_vocals,312.5,317.5,-660.8157348632812,63.94340515136719,99.03501892089844,23.54471206665039,12.6049222946167,12.921379089355469,25.151958465576172,12.800679206848145,21.16395378112793,10.961394309997559,10.158547401428223,9.794784545898438,10.855582237243652,8.905717849731445,5.925232887268066,6.766783714294434,10.303664207458496,5.429652690887451,1.4899157285690308,6.335575103759766,2.8241477012634277,5.719677448272705,2.906893253326416,5.532476425170898,5.3653340339660645,5.606350421905518,0.7105981707572937,0.7171019315719604,0.7420798540115356,0.7763819098472595,0.7538586258888245,0.779915452003479,0.702991783618927,0.6605560779571533,0.6654576659202576,0.6737018823623657,0.659173309803009,0.6632041335105896,0.0017446819317403948,0.00020580216755459855,3502.8023163589633,945.5299257305027,5981.940538211661,785.6147283584679,9028.657237891532,3227.3232388198626,0.00931586245649652,0.021987534008810625,19.71762967262325,4.502886252587659,8.766987783276726,3.2675490177015094,11.84972666828256,3.3856732327413197,12.864774174473686,3.1974127689187855,13.036169108728382,2.3134166423757874,16.045128861971307,2.11960082315233,20.78469120273862,2.294956418033143
no_vocals,315.0,320.0,-662.4982299804688,62.3171272277832,100.16613006591797,21.729978561401367,13.676204681396484,12.751431465148926,27.016952514648438,12.334823608398438,23.028186798095703,10.487272262573242,11.25049877166748,8.313715934753418,13.47983455657959,8.025812149047852,5.9130048751831055,6.393172264099121,10.770855903625488,5.834086894989014,0.7884191274642944,6.405603408813477,1.574900507926941,5.940713882446289,4.148249626159668,5.6778082847595215,5.985034942626953,6.4915361404418945,0.7047883868217468,0.719970703125,0.7434869408607483,0.7635131478309631,0.72835773229599,0.7572793364524841,0.6799622178077698,0.6401957869529724,0.6496812701225281,0.6593600511550903,0.649704098701477,0.6592810153961182,0.0017796348471933513,0.00020983542225082929,3429.457873085631,944.9057690726083,5954.040210315513,820.3005881582882,8843.50166763341,3304.918680966758,0.011458182279582367,0.02305129364487471,19.41072224568746,4.526142054547805,8.834558670890098,3.5102353250252327,11.975890034157624,3.301922379645037,12.894627952523628,2.99154600896605,13.185254923458821,2.235254021250101,16.176255328138335,2.2581822748889206,20.890774479490105,2.450828468844116
no_vocals,317.5,322.5,-672.2234497070312,66.42255401611328,92.71199798583984,23.787464141845703,14.452703475952148,13.30504035949707,25.781997680664062,15.055313110351562,21.90345001220703,10.464899063110352,10.096723556518555,8.784378051757812,12.679755210876465,9.405906677246094,5.615419387817383,6.824977397918701,11.297772407531738,6.074821472167969,0.8905221819877625,6.862265586853027,2.1662893295288086,5.618833065032959,4.985990524291992,5.81601095199585,6.658721446990967,6.231429576873779,0.7007913589477539,0.7250103950500488,0.7604934573173523,0.7692429423332214,0.7483187913894653,0.8070095777511597,0.7003679275512695,0.6611081957817078,0.6591611504554749,0.6606270670890808,0.6454148888587952,0.6478015184402466,0.0017730803531432512,0.00018288266019704567,3594.7494360110663,765.9429675262438,6178.86053475869,633.0096799034825,9580.92644286543,2774.5463035366333,0.006649008483178654,0.01375380208917393,20.476094186261633,4.928082634065771,8.81719778383125,3.031997179008654,11.554719928339544,3.1587417629983503,12.648265497413751,3.0496834086078937,13.077344258866642,2.189869986074687,15.99586238482584,2.150526554040498,21.22592025821588,2.097559407937015
no_vocals,320.0,325.0,-653.3485107421875,61.7933235168457,99.62419891357422,22.638240814208984,20.233360290527344,13.17796802520752,27.049362182617188,15.00948429107666,16.420024871826172,10.127931594848633,8.032318115234375,8.931241989135742,7.86724853515625,9.14665412902832,6.758762836456299,6.8910813331604,12.865945816040039,6.313056468963623,2.3960862159729004,7.093472957611084,4.803653240203857,5.551581859588623,4.013017654418945,5.8326873779296875,7.814888000488281,5.454606533050537,0.7422938346862793,0.7596288323402405,0.7610527873039246,0.7208089232444763,0.7317091822624207,0.6648997068405151,0.623369038105011,0.6479585766792297,0.675796389579773,0.6640586256980896,0.6663302183151245,0.7205055952072144,0.0020315306846769806,0.00048158156355479134,3346.5533312111443,709.8030249224233,5886.329057736222,647.8194940459165,8803.033234846287,2404.3685816392426,0.008000561919953596,0.017518231876936186,19.86073875653511,4.823581682286788,8.880619135511385,3.0190256118979084,11.291621529807447,3.201370906456663,13.82698201672256,3.38397596816891,13.503351576460455,2.346800262975101,16.013564814619077,2.131649654100433,20.325792495432413,2.036752671291106
no_vocals,322.5,327.5,-626.74658203125,58.570579528808594,104.30208587646484,15.587828636169434,28.600862503051758,8.249465942382812,29.351938247680664,11.174781799316406,15.611536979675293,8.14327335357666,7.152205467224121,7.685563087463379,6.51499605178833,6.659605026245117,7.785304546356201,5.633584022521973,12.28608512878418,6.362735271453857,2.646308660507202,5.780129432678223,6.597043514251709,4.751553535461426,2.624647617340088,5.4083452224731445,9.904349327087402,5.829866886138916,0.7922769784927368,0.7760301232337952,0.7385375499725342,0.6941006183624268,0.640643835067749,0.6451795697212219,0.5672976970672607,0.6051012873649597,0.6769028306007385,0.7186217904090881,0.7122588753700256,0.7336306571960449,0.0024017489206244664,0.0006148366686905619,3469.5019065742467,633.9914957612017,6088.615122041198,623.1746835098606,9486.200333526682,2207.1024736157883,0.020591647331786544,0.03300857279882182,18.352168620846697,4.369111779772245,9.334460842766312,3.46708388858442,11.672276817856343,3.3519881238521103,14.385525596731705,3.0409394341826963,13.59499223477465,2.1171735304380728,16.23622957906336,2.3713805231012692,20.775263909061373,2.082954980719403
no_vocals,325.0,330.0,-620.6170043945312,80.28388977050781,99.51026153564453,20.799453735351562,27.039098739624023,9.475839614868164,30.306907653808594,11.885553359985352,15.720444679260254,8.921847343444824,7.767266750335693,8.21023941040039,8.377723693847656,6.749855995178223,8.202251434326172,5.220548629760742,10.461891174316406,6.440022945404053,3.045646905899048,6.008566379547119,5.332870960235596,4.818079471588135,2.8440685272216797,6.105637073516846,12.632153511047363,5.216723442077637,0.8029603362083435,0.7655969858169556,0.7142285704612732,0.6567591428756714,0.6338817477226257,0.6704504489898682,0.5808829069137573,0.6225372552871704,0.6955909729003906,0.7404593825340271,0.7455390691757202,0.7594411969184875,0.0026763846048125845,0.001001362417522935,3540.43095498134,589.2441886024828,6124.807316180362,626.128767568706,9758.388014791184,2130.5165709376597,0.024682560542343388,0.03281027152320341,18.622240728267325,5.18828990772423,9.225505082932482,3.2649643042055794,12.088683285185965,3.503397293918506,14.23808580104297,3.42600047388326,13.960401111575841,2.373421296153459,16.60806975654226,2.4053229355618093,21.437794396053842,2.1392697162396668
no_vocals,327.5,332.5,-619.3798828125,73.68856048583984,99.21734619140625,23.33925437927246,26.98390007019043,9.987492561340332,29.32918930053711,13.150327682495117,15.125380516052246,10.895753860473633,7.940146446228027,8.414629936218262,6.4984002113342285,7.80020809173584,8.030146598815918,5.342487812042236,11.445212364196777,6.294437408447266,2.5633625984191895,6.65573263168335,4.9209489822387695,5.511403560638428,2.925861358642578,6.530392646789551,11.390575408935547,5.582760334014893,0.7376470565795898,0.7199887633323669,0.7063273787498474,0.6698727607727051,0.6348752379417419,0.6585896611213684,0.5641772150993347,0.5812444686889648,0.6375072002410889,0.6685384511947632,0.6691417098045349,0.6910994648933411,0.002706367388776052,0.000998877134803065,3533.346329022498,675.0075699740356,6084.017278324409,655.0733381404982,9645.875779437354,2447.4032873341575,0.022587822650812064,0.026793581050880793,19.170379326421546,5.567474422503616,8.89790800237125,3.154317730366836,12.119922373992024,3.494097423303761,14.176315166948697,3.5004711880199983,13.713298380128427,2.5525020365903583,16.420321766254077,2.4957436560573396,20.904335113392456,2.064944292356094
no_vocals,330.0,335.0,-622.4605102539062,49.3496208190918,100.88420867919922,19.847856521606445,28.393543243408203,8.973322868347168,31.133342742919922,12.298803329467773,16.583141326904297,10.496689796447754,9.278961181640625,8.23282241821289,5.652173042297363,7.400650978088379,8.232698440551758,5.635644435882568,13.117748260498047,5.386591911315918,2.1931869983673096,6.449568271636963,5.2262983322143555,5.89085054397583,2.2003865242004395,6.229213714599609,9.57152271270752,5.204751491546631,0.7273902297019958,0.713750422000885,0.7104809284210205,0.6711542010307312,0.6152719259262085,0.6291907429695129,0.5601760149002075,0.5708469748497009,0.5916934013366699,0.6096929907798767,0.6185247302055359,0.6706351637840271,0.00253854093969456,0.000635076172227804,3534.2809071826555,731.8081106070472,6114.440505384046,683.9020669122201,9627.240315944025,2533.527097204726,0.02056785636600928,0.02407099357555082,18.435813610950976,4.782118455259694,9.041768245964246,3.153867930601554,11.985556450905404,3.4196163477517327,14.477807608756066,3.8820336303462746,13.603649907774386,2.2834857718570216,15.988003512514037,2.3532364070846032,20.740886405002687,1.4942378454639305
no_vocals,332.5,337.5,-613.2747802734375,62.52192306518555,100.16580200195312,19.78325843811035,26.879060745239258,7.910307884216309,30.62244415283203,12.477778434753418,15.078964233398438,9.20844554901123,8.585951805114746,7.5474853515625,6.1002020835876465,6.261605262756348,8.308043479919434,5.765500068664551,12.508848190307617,5.504630088806152,2.2163448333740234,6.876339912414551,5.514403820037842,5.23917293548584,1.6935116052627563,5.766866207122803,10.06594181060791,5.316132545471191,0.7277010083198547,0.7083006501197815,0.6791592240333557,0.6450501084327698,0.608937680721283,0.648323655128479,0.6354870200157166,0.632149875164032,0.6360350847244263,0.6519956588745117,0.6555438041687012,0.680164635181427,0.0025577686790251575,0.0006591542448150476,3581.376072430052,677.5830712464684,6071.10495246976,625.4359806871372,9743.699472520302,2252.1523154921665,0.021674702726218097,0.023098391818051074,17.934284714032987,4.846908079291054,9.220309575405294,3.1920326452612096,12.12883580069231,3.5169268046071704,13.948482255123436,3.3130066663757387,13.533014121371481,2.181648263625987,16.11281732623977,2.2313577435305287,20.622415479869655,1.7457001399691172
no_vocals,335.0,340.0,-617.2843017578125,72.88275146484375,94.08739471435547,24.30832862854004,26.90078353881836,8.453261375427246,26.311080932617188,11.908835411071777,14.064626693725586,8.881503105163574,6.869239330291748,7.509945392608643,6.561903476715088,6.2631025314331055,7.551388263702393,6.118278980255127,11.25032901763916,6.207886695861816,3.2215793132781982,6.462026596069336,6.646315097808838,4.870359897613525,3.0276336669921875,5.866617202758789,10.398836135864258,5.673432350158691,0.6900573968887329,0.6746664047241211,0.6588742733001709,0.634606659412384,0.6214040517807007,0.6990470886230469,0.6593510508537292,0.6492302417755127,0.6952504515647888,0.7124416828155518,0.6914310455322266,0.6769883632659912,0.0025274823908640067,0.0007674885202952691,3931.4802713734434,622.5191883991782,6429.28929335828,508.11205339398015,11019.104598680395,2214.8698851784993,0.02169962659512761,0.025300073562235972,18.843947887034133,5.170197751358452,9.266272823736116,3.1972799487119854,11.425771604080303,3.369254911006512,14.046509772552156,3.525125593558076,13.432854949426703,2.6044064932876894,16.325297970153663,2.38617560168329,20.957284876143575,1.8234467252197548
no_vocals,337.5,342.5,-654.50927734375,77.28602600097656,88.76577758789062,27.70671844482422,26.954729080200195,8.97951889038086,25.495386123657227,13.301836967468262,13.366764068603516,8.779082298278809,8.627738952636719,7.119406700134277,7.928213596343994,6.284542083740234,9.492183685302734,6.098582744598389,11.5806884765625,6.411341190338135,3.822927713394165,5.896185874938965,4.818952560424805,5.460911750793457,3.071017265319824,5.41167688369751,10.414549827575684,5.332283020019531,0.7501247525215149,0.743014395236969,0.7399269342422485,0.7081863284111023,0.6745402812957764,0.7131751179695129,0.6329326033592224,0.6675406694412231,0.7218310236930847,0.7332873940467834,0.7182201743125916,0.7111946940422058,0.002545259948041973,0.0015109671059372765,3614.4403923627815,792.2405322509896,6232.192837274059,776.9291994989125,10307.95932424594,3026.734476313404,0.012213828668793503,0.020391141132758545,20.999552661510666,5.743559011010916,9.15802212833801,3.1033631213392496,11.681079452765543,3.2895373189490296,14.056909264527214,3.7959554575990806,13.471368705945082,2.6699734313548813,16.33102356112114,2.4149663825414596,20.585404615844116,1.975156778185184
no_vocals,340.0,345.0,-640.8853759765625,85.6514663696289,95.31964874267578,25.32234001159668,28.493099212646484,7.751062870025635,26.220703125,12.515183448791504,13.416829109191895,7.529153347015381,7.7361931800842285,6.839601993560791,8.718460083007812,5.83203125,10.09156608581543,5.361479759216309,11.788069725036621,5.917597770690918,2.4838550090789795,6.095437049865723,3.94466233253479,5.053119659423828,1.336893916130066,5.8177289962768555,10.382262229919434,4.733133316040039,0.7762816548347473,0.7701724767684937,0.7621707916259766,0.728767991065979,0.6698077321052551,0.6903809905052185,0.6423053741455078,0.6478266716003418,0.7030751705169678,0.7406150102615356,0.7336445450782776,0.735366940498352,0.002686990804758502,0.0015897625790163073,3522.529407405895,624.8795904724642,6179.905151715608,652.4739464936954,9936.748885223318,2433.388594541698,0.01867477523201856,0.027377048511228626,20.21240693449853,6.697922488904416,9.592267253072702,3.3243610489290663,11.885954443992789,3.2456169066879443,13.75743402136866,3.2968431431355403,13.578796409583667,2.7322685555752257,16.420972474952695,2.4915395802348113,21.047678754269917,2.021783981608475
no_vocals,342.5,347.5,-636.18603515625,88.15764617919922,96.78072357177734,27.368000030517578,26.29019546508789,9.592799186706543,23.013341903686523,18.076797485351562,10.68326473236084,13.463177680969238,7.847414016723633,7.084664344787598,9.541853904724121,9.416444778442383,11.752720832824707,9.465361595153809,11.950352668762207,7.520301342010498,2.7621803283691406,6.287445068359375,3.593919038772583,7.16986083984375,0.5472418665885925,7.629244327545166,10.366479873657227,5.315464019775391,0.743617057800293,0.7584089636802673,0.7570119500160217,0.6999722123146057,0.6463747620582581,0.6411336660385132,0.5892034769058228,0.6191685199737549,0.6573328375816345,0.6732645630836487,0.6743298768997192,0.7104203104972839,0.0027098110061259876,0.001227122593997162,3427.1746897773446,670.0821293693081,6002.496014861832,786.0324368673716,9472.16128462152,2653.342342357216,0.019148328741299302,0.026455667030627517,19.71305465371593,6.360211462320184,9.2082130530501,3.2662547289315222,12.182284049754983,3.4681728293304825,14.615315020882043,4.417028330437357,13.46301308957398,2.5539510584905134,16.290793657675064,2.2108918401720796,20.46275373005398,2.1762553132116027
no_vocals,345.0,350.0,-650.1262817382812,78.52975463867188,93.40286254882812,28.146108627319336,26.226442337036133,9.81081771850586,22.348983764648438,18.60002326965332,11.019489288330078,14.46042537689209,8.818400382995605,7.241413116455078,9.94661808013916,9.765192985534668,12.267965316772461,9.513948440551758,12.88302993774414,7.717803478240967,3.990248441696167,6.271860599517822,3.102126121520996,7.151946067810059,0.9204350709915161,7.187229156494141,10.017921447753906,5.6651105880737305,0.7792201638221741,0.7736507654190063,0.7629523277282715,0.7070537805557251,0.661453366279602,0.6412106156349182,0.583993673324585,0.6077117323875427,0.6366749405860901,0.6502625942230225,0.6770901679992676,0.7423288226127625,0.0025890375986660718,0.001131109907680885,3317.4811290497432,631.6824503599819,5903.574398027676,749.8769296219226,9194.627773346867,2704.6802638433437,0.014756063297563805,0.020646609785806607,20.231597478050375,6.25410420291164,8.599602739986425,2.9640335530513893,12.172272545478277,3.0755380925575984,14.49451591824755,4.40283713389331,13.600095000936756,2.6432133704147143,16.52642171455454,2.4931846993521143,19.974275254909916,2.035973669317966
no_vocals,347.5,352.5,-643.604248046875,61.70144271850586,94.23258972167969,24.70499038696289,26.87221336364746,9.369406700134277,27.212106704711914,13.74029541015625,11.471632957458496,10.470444679260254,7.539793014526367,8.35252857208252,6.347447872161865,8.368202209472656,9.701427459716797,5.46893835067749,13.108345031738281,6.834566116333008,4.125355243682861,5.93191385269165,5.166550159454346,5.3550591468811035,1.5928047895431519,6.065426826477051,9.71676254272461,5.343135356903076,0.7727510929107666,0.7523327469825745,0.7320120334625244,0.7132635712623596,0.692007839679718,0.7313374876976013,0.6707231402397156,0.6618161201477051,0.6967777609825134,0.6982268691062927,0.6860359907150269,0.7126200795173645,0.00229956064343003,0.0006223682372495865,3482.645435938519,615.3235340729466,5992.27842284175,639.8822812573768,9651.421453560035,2339.102699390576,0.011938533207656612,0.018557678682078235,19.60937690035026,5.016511502335371,9.38087640615496,3.356978907267243,11.986508265839085,2.8476527676555348,14.59216573073223,3.3873153820422397,13.508448103509977,2.594257963862827,16.120024016620988,2.315538897287703,19.909002522834825,1.9621919112790285
no_vocals,350.0,355.0,-644.5282592773438,54.80784225463867,96.4896469116211,24.44474983215332,27.321182250976562,9.822005271911621,27.18757438659668,13.975346565246582,11.89181137084961,9.91160774230957,6.88395881652832,7.959557056427002,3.979588031768799,7.460791110992432,8.798933982849121,5.376797676086426,12.70102596282959,6.771482467651367,3.7381582260131836,6.109551906585693,6.283583641052246,5.220805644989014,2.3852133750915527,6.130062580108643,8.564362525939941,5.834278583526611,0.7584700584411621,0.758154571056366,0.7593265771865845,0.7543356418609619,0.7261344194412231,0.7472606897354126,0.6869693994522095,0.6772853136062622,0.7028623223304749,0.6968199610710144,0.66783207654953,0.686504065990448,0.0022043776077168655,0.0003655386479964677,3489.522615415405,792.7292119165353,5996.0564552733085,654.0298808482196,9682.59713511456,2364.2982949825314,0.010474822360788862,0.018707015691175204,20.048788974379406,5.11548776724041,9.338483320905196,3.4341174473791627,11.58165460680553,3.233479746903723,14.726327402164447,3.5760732646239632,13.270575243849729,2.453779731067175,15.57717960125399,2.0696753994111035,19.63841734050271,1.9396978975889474
no_vocals,352.5,357.5,-633.0039672851562,48.94694137573242,101.14030456542969,16.555538177490234,28.831069946289062,7.495011806488037,28.34417152404785,11.550975799560547,16.298357009887695,10.031176567077637,6.703137397766113,6.846190452575684,5.104030609130859,5.928737640380859,7.647754192352295,5.2535319328308105,13.248048782348633,6.307701110839844,2.2424514293670654,5.778059959411621,6.522834777832031,4.592731952667236,4.043264865875244,5.597212314605713,9.832653999328613,6.0644683837890625,0.7800421118736267,0.7803246974945068,0.7608929872512817,0.7448763251304626,0.6978055834770203,0.7013794779777527,0.6394857168197632,0.6223518252372742,0.6627493500709534,0.6793287992477417,0.6655771732330322,0.6976227164268494,0.0023402659267861303,0.0005993663369576974,3520.680962426066,698.9317469903754,6136.063356140242,460.39859269504836,9737.754110172564,1905.368447985942,0.014050264646171694,0.020916113496186262,19.015656906229133,4.718213422663493,8.866822230605797,3.1131089312127176,11.710837183425488,3.4295318550999285,14.401299504255807,3.3587347379155417,13.221399792941904,2.1528785935296217,16.05867476841073,2.077776270021407,20.330405847452646,1.9139643753544628
no_vocals,355.0,360.0,-630.5675659179688,64.89999389648438,98.03421020507812,18.651838302612305,26.00058364868164,6.797826766967773,31.5122127532959,10.96102237701416,19.416748046875,10.61270523071289,8.062317848205566,6.905722141265869,5.574428558349609,5.8642048835754395,7.351076602935791,5.381258487701416,11.989402770996094,6.700043678283691,0.4768214821815491,5.310454845428467,5.299722194671631,4.6223835945129395,4.668366432189941,6.06413459777832,11.731025695800781,5.15459680557251,0.8007915616035461,0.770156741142273,0.7569249868392944,0.7179683446884155,0.6829188466072083,0.684647798538208,0.6184254288673401,0.6523703932762146,0.6847763657569885,0.6847825050354004,0.6967149376869202,0.7549962997436523,0.0024306956406362924,0.0007533693412990216,3506.722478701423,625.0056343832221,6079.05316144309,538.5554146997414,9575.730495939675,2023.9693934404545,0.02191827689965197,0.03141183968813195,18.856622282857376,5.046037884101153,9.068088599591261,3.0931491448169166,11.757153189778306,3.261336689701901,14.076785030758902,3.066355594825589,13.514299428628798,2.115775746220849,16.38698796561494,2.031447142068259,20.317239209227964,2.1708667823267103
no_vocals,357.5,362.5,-627.3419799804688,69.0826416015625,97.24124145507812,20.7360897064209,27.993776321411133,8.387664794921875,33.01408767700195,11.2919282913208,18.7182559967041,9.147924423217773,8.564725875854492,7.209877014160156,7.6424689292907715,5.601918697357178,7.926185131072998,5.125051498413086,12.78847599029541,6.907684326171875,1.8720003366470337,5.772428512573242,4.888614177703857,5.10090446472168,2.9848527908325195,6.115528106689453,11.812586784362793,5.072861194610596,0.8403806090354919,0.7928900718688965,0.7591096758842468,0.685531735420227,0.6299724578857422,0.6028966307640076,0.5540722608566284,0.5939184427261353,0.6279149651527405,0.6397834420204163,0.6923007369041443,0.7975845336914062,0.002635290462139069,0.0010128488715253831,3524.785075314112,632.1784098678907,6129.660682764084,495.713044415691,9555.696123658643,2025.5044702202795,0.02750462224477958,0.03417383811012185,18.347022038562358,5.073453386442616,8.817481089113326,3.0194536702574184,11.594777393222149,3.1427600962101994,14.041225087783163,3.300606843513983,13.69384104802237,2.085910378515074,16.248562968704803,2.3195675777443707,20.915001781586952,2.302289916742365
no_vocals,360.0,365.0,-628.2506103515625,56.21818923950195,102.57368469238281,20.426870346069336,27.870132446289062,9.678159713745117,33.003665924072266,11.990012168884277,15.683298110961914,7.9566545486450195,8.996814727783203,7.107074737548828,7.371129035949707,5.475161552429199,7.934330940246582,5.381887912750244,13.201323509216309,6.552881240844727,2.075688600540161,5.124622821807861,4.840327262878418,4.99989128112793,2.235779285430908,6.241200923919678,11.808266639709473,4.815752029418945,0.789560854434967,0.7875715494155884,0.7601296901702881,0.7196709513664246,0.6365956664085388,0.6031932234764099,0.5406214594841003,0.5443131327629089,0.5935576558113098,0.6400408744812012,0.6445536017417908,0.7001799941062927,0.0025436003368862164,0.0009183819973119465,3268.0423915754945,607.6934915925764,5850.534199403612,573.7648754921302,8605.73713475203,2189.1746359541235,0.019069025522041764,0.02447861802806772,18.149077152917776,4.6621064968745305,9.021036926186676,3.2382768238409243,11.67277629522207,3.2046131637534905,14.39428464122796,3.4895535871795906,13.91685795325498,2.332154264959977,16.288575416634117,2.104347116634105,20.422251905453432,2.0168093719655573
no_vocals,362.5,367.5,-642.1678466796875,62.10108947753906,100.88784790039062,24.460432052612305,28.259973526000977,9.107110023498535,30.224456787109375,11.92956256866455,17.14251136779785,6.94801664352417,9.572068214416504,6.75810432434082,7.064346790313721,5.88739538192749,8.253031730651855,5.7548604011535645,11.454310417175293,6.688359260559082,1.465689778327942,5.285891532897949,4.507119655609131,4.796119689941406,2.7545166015625,6.413557529449463,10.455084800720215,4.995040416717529,0.7654609680175781,0.7611016035079956,0.7548685073852539,0.7046588063240051,0.6508104801177979,0.6300719976425171,0.5806252360343933,0.6219290494918823,0.68707674741745,0.7082964777946472,0.6894274950027466,0.7191023230552673,0.002346094599935786,0.0005514509216874268,3221.800461464754,537.4566053908533,5871.491726493785,582.7693581550371,8712.453890842517,2272.819902717179,0.017783180466937356,0.02239519433116155,19.197474204570415,5.327688506571215,8.776723876876607,3.0163542054245145,12.12615591087029,3.6521898525195446,14.22792374791593,3.020255170895927,13.37615296505422,2.239955053365657,16.242446861126506,2.185062834776624,19.877135934730518,2.250440962275725
no_vocals,365.0,370.0,-643.031494140625,62.1689338684082,97.26557922363281,23.991806030273438,28.190853118896484,7.544612407684326,33.42490005493164,11.890599250793457,17.69801139831543,9.091987609863281,10.426560401916504,7.167549133300781,9.810808181762695,5.718043327331543,9.778857231140137,5.193256855010986,12.251152992248535,7.349085330963135,1.9301519393920898,5.324238300323486,4.362977027893066,4.811243534088135,2.0263442993164062,6.04888916015625,10.462295532226562,5.084096908569336,0.7929432392120361,0.7967235445976257,0.7791351079940796,0.7414607405662537,0.6649180054664612,0.6400200128555298,0.5839797854423523,0.5887611508369446,0.6463577151298523,0.6845133304595947,0.6860717535018921,0.7210547924041748,0.0024334270279668703,0.0006743508078917729,3273.668942238363,598.1882877769166,5894.297883379943,601.8915408034215,8868.881869924595,2190.499769219254,0.018081133990719256,0.02259229779422459,18.879453143285716,5.011503299576861,8.906182441590923,3.185356825050248,12.168518053178982,3.52289499704921,14.17473211759518,3.3307558936636803,13.398321444593883,2.141249266037124,16.072852197471935,2.1274705568486376,20.352051870999194,2.211457433908763
no_vocals,367.5,372.5,-642.0478515625,63.80955123901367,96.50054168701172,22.112632751464844,26.850971221923828,8.324212074279785,33.26961898803711,12.214409828186035,17.378293991088867,9.6298828125,9.327503204345703,7.409607410430908,9.486332893371582,5.9415974617004395,10.01303768157959,5.668679714202881,11.963274955749512,7.451846122741699,2.3674802780151367,5.075045108795166,5.406003952026367,4.705633163452148,3.040954113006592,5.998291969299316,11.405259132385254,5.094862937927246,0.7865491509437561,0.7839197516441345,0.7693262100219727,0.7419587969779968,0.682105541229248,0.6781814694404602,0.6273462176322937,0.632439911365509,0.6833881735801697,0.717413604259491,0.7031813859939575,0.7235420942306519,0.0024763427449502654,0.0010500305916223975,3311.3093554166267,578.0134761315283,5904.921320182969,558.1164373887054,8986.140402950987,2021.44510391145,0.013393180829466358,0.01836255395901101,18.92244990474432,4.778308880171834,9.012906309297247,3.3059800555012484,11.809357857323855,3.25034307224367,13.94399564563871,3.024243817147839,13.324705078369133,2.254410171770392,16.26966433983865,2.1061433938308585,20.23782868069155,1.8959534656759227
no_vocals,370.0,375.0,-647.2199096679688,74.41117095947266,93.62934875488281,24.233135223388672,29.15062713623047,8.68714427947998,30.146240234375,11.972612380981445,18.492130279541016,8.31629467010498,9.429305076599121,7.560978889465332,9.001944541931152,6.674522399902344,9.089962005615234,5.633400917053223,11.045705795288086,7.08302640914917,3.2415997982025146,4.940279006958008,6.339626312255859,4.832703590393066,4.576300621032715,6.414379596710205,12.380664825439453,5.293270587921143,0.8175731897354126,0.7922693490982056,0.7584368586540222,0.711611807346344,0.6521658897399902,0.6507685780525208,0.6019903421401978,0.6328197121620178,0.6924110054969788,0.7266710996627808,0.721634566783905,0.7525030374526978,0.002562105904977224,0.0011225526760021169,3384.544294195712,456.2743712903235,6089.554978619673,408.7644845333914,9456.873210013051,1955.676092119418,0.0154324064675174,0.02003593707004218,19.350738790320563,5.4220099119820535,9.171540305329724,3.159171113014513,11.742519736249754,3.170248276947529,13.950392265057575,3.5612756180622247,13.553677553213042,2.4959953956049272,16.378879784922937,2.3908908100511614,20.610480987147785,1.8786200294303745
no_vocals,372.5,377.5,-655.12939453125,83.48538208007812,88.90042877197266,29.795440673828125,27.83808135986328,8.578614234924316,29.606184005737305,12.711091995239258,18.64484977722168,9.7727689743042,10.356612205505371,7.238086223602295,7.549170970916748,6.846042633056641,8.3016357421875,5.20524787902832,9.988602638244629,6.95969820022583,3.687347173690796,5.827532768249512,5.38883113861084,4.974158763885498,5.347341537475586,7.01447057723999,13.109243392944336,5.297749996185303,0.8152281045913696,0.7862300872802734,0.7576391696929932,0.7163091897964478,0.6513814330101013,0.6325635313987732,0.5975984930992126,0.6330181360244751,0.6803919076919556,0.7024412155151367,0.7084517478942871,0.7533298134803772,0.0027029571075342473,0.001646915215705126,3262.3234939134245,568.3507449732392,5933.399946769135,537.4977315880277,9077.46916237674,2395.0514245170766,0.01616992640661253,0.020704856873745424,20.49225877778357,6.482145554815931,9.467425837405285,3.2045981593575426,12.172134178157618,3.3647637262097057,13.572966803433465,3.336194307620787,13.244569905620475,2.760099001785755,16.375406947208468,2.239730670105833,20.153626975159636,2.2671748112884975
no_vocals,375.0,380.0,-643.10595703125,79.00607299804688,94.20071411132812,26.894168853759766,29.546875,9.06441593170166,27.231351852416992,12.463724136352539,15.255938529968262,10.87428092956543,7.012515068054199,7.813398361206055,6.940017223358154,7.098721981048584,8.114751815795898,6.314586162567139,10.419644355773926,6.915098190307617,4.012189865112305,5.982917785644531,5.572521209716797,5.116617679595947,4.172486305236816,6.725923538208008,11.913373947143555,5.311867713928223,0.7853931188583374,0.7732855677604675,0.7524687647819519,0.7373208999633789,0.6818049550056458,0.664334237575531,0.6214212775230408,0.6512088179588318,0.6992147564888,0.7290838956832886,0.7054153084754944,0.7210761308670044,0.002634270552096331,0.0016256837147034528,3404.5019473736984,547.0036424145777,6049.085239016382,470.9773948571334,9519.973988544083,2041.0927891581052,0.014651836209396751,0.02040463380780235,19.809247225030315,6.064779747973767,9.292038976014627,3.091625697823428,11.801345040778758,3.079598616006334,14.254627194144792,3.302768258519209,13.298247537027327,2.572193893838184,16.236566418545372,2.4209269307145185,19.870372298830297,2.1212587860794816
no_vocals,377.5,382.5,-646.0780029296875,73.44883728027344,90.71668243408203,28.215051651000977,26.873218536376953,11.815733909606934,28.975095748901367,12.268600463867188,12.778826713562012,10.507235527038574,7.460453987121582,9.191390991210938,7.553647041320801,7.954432487487793,8.564181327819824,6.715249538421631,11.300846099853516,7.832446098327637,3.5402092933654785,6.245617866516113,5.51092004776001,6.132325172424316,4.253139495849609,7.1863789558410645,12.349432945251465,5.602394104003906,0.8155524730682373,0.7956240177154541,0.7656866908073425,0.7329588532447815,0.6889976859092712,0.6899946331977844,0.6510133147239685,0.6865535974502563,0.7395715713500977,0.7719886302947998,0.7496527433395386,0.7566320300102234,0.002384990650626751,0.0007634666510133053,3450.308148961739,571.3210048203142,6003.302299842961,453.1943901581945,9489.397839327146,1926.2894897659469,0.013981157555104408,0.021026332067030414,19.914014797316753,5.719667381157399,9.320582933255224,3.3292206758754617,11.909846097811034,3.2236325103205012,14.745934294630656,3.428629746678889,13.800723745005286,2.4658598000773355,16.088537416304057,2.411120438047455,20.014697981314495,2.1019995588117037
no_vocals,380.0,385.0,-644.9533081054688,78.30612182617188,87.37621307373047,30.176570892333984,25.125539779663086,10.575176239013672,28.657596588134766,12.764533996582031,14.16446590423584,9.41707706451416,9.313275337219238,9.191761016845703,7.148324012756348,7.882111549377441,7.7218756675720215,6.2434186935424805,10.847171783447266,7.576803207397461,3.033510208129883,6.48253059387207,4.839634895324707,6.134526252746582,4.43049955368042,7.111910820007324,12.370882987976074,5.666833400726318,0.7904459238052368,0.7767035365104675,0.7512722611427307,0.7245140671730042,0.6880563497543335,0.6991843581199646,0.6616087555885315,0.6620268225669861,0.7127395272254944,0.754601001739502,0.7570884227752686,0.7539696097373962,0.00239238512092929,0.0007747360793324078,3536.100008818447,604.8039514397625,6043.492439974294,478.4822576882537,9756.039846468968,2078.6369182747903,0.01705245794663573,0.024982179558035052,20.42377276542183,6.526792427694779,9.250105296643715,3.402798591284547,11.938889932271566,3.2114515735281643,13.855818337775371,3.3361274704622734,13.747031054642239,2.650793097159494,16.152886618045844,2.547630652655624,19.967459549288698,2.204082058870711
no_vocals,382.5,387.5,-640.3630981445312,75.66085815429688,92.67610931396484,26.915237426757812,27.714553833007812,9.718598365783691,25.524545669555664,12.303709983825684,14.21248722076416,7.904925346374512,7.7109375,7.808990955352783,5.14857816696167,7.103270530700684,7.23935079574585,6.128541469573975,10.40439224243164,6.3857102394104,2.5911238193511963,6.534904479980469,5.533182144165039,5.338818550109863,4.848554611206055,7.179392337799072,12.430889129638672,6.816982269287109,0.7424916625022888,0.738584578037262,0.7422873377799988,0.7288640141487122,0.6961106061935425,0.6910598874092102,0.6385090351104736,0.6576119661331177,0.7019487023353577,0.7182408571243286,0.7112675309181213,0.7040309906005859,0.002315530523748554,0.0006378455170198386,3567.5494198553442,645.5098166576835,6095.58103199555,424.26211745485074,9960.13064638921,1961.421216868351,0.015713366444315546,0.024494658829595707,19.68932977009981,5.943186768788198,9.112057902066654,3.00980767186941,11.8549808888912,3.398586766114964,14.079903389818346,3.259946192616374,13.64862421184273,2.5427827716337994,16.653117981316928,2.501960831063977,19.776600901562357,2.2270739242572968
no_vocals,385.0,390.0,-630.2916259765625,79.00496673583984,93.40312957763672,26.544084548950195,26.667236328125,9.579487800598145,28.72071075439453,12.195363998413086,16.41642189025879,8.991164207458496,8.866883277893066,6.778846263885498,6.417065143585205,6.647435188293457,8.357560157775879,6.02359676361084,11.143468856811523,6.442168712615967,1.6777722835540771,6.311643123626709,5.677428722381592,4.523530006408691,4.840226173400879,7.245309352874756,12.571198463439941,6.274229049682617,0.7477275133132935,0.7504336833953857,0.7360230088233948,0.7203590869903564,0.6618414521217346,0.6453952193260193,0.5885825157165527,0.5799503326416016,0.6219781637191772,0.6444032192230225,0.6490869522094727,0.6758939623832703,0.002758608184800226,0.001651907087436756,3459.7256463344434,669.4273159829628,5986.9275457342965,490.7453025398584,9489.747566524073,2177.9560555828193,0.018951203596287703,0.025300921193477103,19.017664148300227,5.680986635691177,9.091667219761536,3.0895946409289206,11.63208753237314,3.220981335812181,13.672426625452406,3.2208292942360988,13.9450014378597,2.6855457443885187,16.588382967116175,2.3559125668769862,20.00875941908162,2.1983718983123866
no_vocals,387.5,392.5,-618.8129272460938,69.00695037841797,96.4581069946289,21.919523239135742,28.239219665527344,7.56281852722168,30.09112548828125,12.349650382995605,19.68877410888672,9.22828483581543,9.082185745239258,7.208413600921631,7.525737762451172,7.737864017486572,8.300578117370605,5.82064151763916,12.143839836120605,6.166158676147461,2.3388285636901855,6.217874050140381,5.545930862426758,4.434541702270508,3.639724016189575,5.769558906555176,11.3573637008667,5.630214214324951,0.7900536060333252,0.7597712874412537,0.7141090631484985,0.6915619969367981,0.6185757517814636,0.6075897812843323,0.534852921962738,0.5288659930229187,0.5844293832778931,0.6285670399665833,0.6511710286140442,0.7052534222602844,0.0028455536229116734,0.001646011118853929,3612.334735591321,540.183296590206,6184.601788548897,470.21780762839,10011.190817140372,2122.709483781139,0.02285178908062645,0.0267425160018624,18.149944743613037,4.82774044677135,9.140643512056068,3.2927155676318898,11.512845691757802,3.252785217257939,14.060200951863226,3.3070315407256143,13.862507897664168,2.598442643527674,16.4902889918736,2.4038432612883645,20.461532337337143,1.661032497355405
no_vocals,390.0,395.0,-636.727783203125,56.43973922729492,95.03347778320312,21.580324172973633,26.515525817871094,9.467251777648926,30.69614601135254,12.533918380737305,16.39010238647461,11.173873901367188,7.275609493255615,7.216794490814209,5.412039279937744,7.758577823638916,7.939108371734619,5.487140655517578,11.379016876220703,6.317292213439941,2.0331621170043945,6.6267523765563965,5.270102024078369,5.20853328704834,4.166950225830078,5.569217681884766,10.58335018157959,5.835865020751953,0.7867658138275146,0.7567270994186401,0.7612425684928894,0.7520470023155212,0.7195891737937927,0.6825619339942932,0.6063318848609924,0.6338396072387695,0.669762372970581,0.6776304841041565,0.689242422580719,0.7285993099212646,0.0022870177163239005,0.0005998584140816494,3555.47547897871,542.62468553542,6070.647533925574,590.2905861441856,9853.413890298723,2082.053690688129,0.0133761872824826,0.021671939337026835,19.258310847794803,4.759857896422951,9.018435676705034,2.986387409956902,11.581123672784052,3.2044911672026704,14.265044479990612,3.3424881504861506,13.655900581575414,2.453525615074809,16.082802813374986,2.3814078838479396,20.099789478893967,1.6428490247495975
no_vocals,392.5,397.5,-626.8191528320312,62.64125061035156,96.7535629272461,22.22657012939453,27.383974075317383,9.47205638885498,31.476938247680664,12.311336517333984,16.05125617980957,10.85791015625,8.368338584899902,6.757951259613037,7.6744489669799805,7.11159086227417,8.238015174865723,4.985616207122803,11.527681350708008,6.26358699798584,2.3272705078125,6.214222431182861,5.144392013549805,5.171499729156494,2.93050217628479,6.024331092834473,10.934369087219238,5.827919960021973,0.7643771767616272,0.7491499185562134,0.711390495300293,0.6889564394950867,0.6604407429695129,0.6571891903877258,0.5888160467147827,0.5749785900115967,0.6239545941352844,0.652411162853241,0.6668097972869873,0.7077676653862,0.002589612849177728,0.0010670668961099434,3524.477625152473,562.2070478126178,6065.218395233027,589.4285838758328,9655.268452726217,2163.8256008859776,0.01970684998549884,0.025117777024912875,18.5913493724612,5.22621528863771,9.031761627622107,3.3037674105110946,11.743616775116895,3.510416933395812,13.5925178766473,3.159830124519558,13.580167629361908,2.4445666895397364,16.063915604147763,2.369666954448697,20.530821605553154,1.6948868326377182
no_vocals,395.0,400.0,-628.0036010742188,72.2423095703125,100.6236801147461,24.13462257385254,27.214752197265625,10.005043983459473,27.648754119873047,13.155241966247559,15.951391220092773,10.657598495483398,8.676634788513184,7.325138092041016,7.703067302703857,7.562917232513428,9.52286434173584,5.467650890350342,12.463570594787598,7.306262969970703,3.453441619873047,6.9680094718933105,6.281657695770264,6.01771354675293,3.007770538330078,6.321527004241943,11.3096284866333,5.798464775085449,0.7826631665229797,0.7296013832092285,0.6683196425437927,0.6178449392318726,0.5772368311882019,0.590156078338623,0.5483212471008301,0.5883733034133911,0.6508055925369263,0.6815599203109741,0.6884691119194031,0.7296006679534912,0.0027262282235279954,0.0011557170130914582,3345.431489425843,693.8488353978973,5938.125462463429,656.6503707819104,8989.737596976509,2649.8823724858585,0.020300491226798143,0.024088439212373795,18.59175962279814,5.560124449243863,9.301260842657475,3.0869560494561328,11.881074258011157,3.231525261722705,14.03799796113869,3.3575017111239545,13.80891855759052,2.449253754828337,16.436961415188694,2.358272982724684,20.299561993507215,1.8221533669018455
no_vocals,397.5,402.5,-634.3945922851562,81.9413070678711,105.63528442382812,25.54122543334961,26.621610641479492,10.664953231811523,28.419490814208984,16.791820526123047,16.651798248291016,12.577540397644043,10.16565990447998,9.106598854064941,7.870822429656982,9.223511695861816,10.700104713439941,5.977319240570068,12.290949821472168,8.0321626663208,3.4585959911346436,7.098374366760254,7.771275997161865,6.4036030769348145,4.1772894859313965,6.189852714538574,11.111257553100586,5.149175643920898,0.6981579065322876,0.6925855875015259,0.6828732490539551,0.6805452704429626,0.6686355471611023,0.7153242230415344,0.6604627966880798,0.6826797127723694,0.711668074131012,0.7164241671562195,0.679556667804718,0.6621358394622803,0.0037329467164737167,0.004146975578547218,3159.485118549475,969.4440870529334,5848.353179913869,926.4751438975183,8478.73620123985,3953.624895889345,0.030981501957656612,0.07511311251678793,18.327448594373674,6.072670137426294,9.701711130500593,3.2636477587420947,11.398726427697436,3.1553810905837283,14.042527811370698,3.379491609660297,13.583447131775738,2.236190999993707,16.007340773292192,2.2554533855789574,21.37441362162577,3.217879636593369
no_vocals,400.0,405.0,-643.1679077148438,73.14389038085938,100.01051330566406,24.166460037231445,20.532142639160156,13.048504829406738,32.99709701538086,15.533829689025879,22.181747436523438,12.01853084564209,10.295673370361328,9.352672576904297,11.465693473815918,10.215973854064941,8.849634170532227,6.824613094329834,12.202607154846191,6.904451847076416,3.4608449935913086,5.616580963134766,5.431551456451416,6.78006649017334,6.037146091461182,6.194997787475586,9.696737289428711,5.65200138092041,0.6429445743560791,0.656020998954773,0.6927700638771057,0.725810170173645,0.7296484708786011,0.8147360682487488,0.7026422619819641,0.6981536746025085,0.6926004886627197,0.6772038340568542,0.6395594477653503,0.6170380115509033,0.003405377121313784,0.004195791434462076,3435.5996901429107,1145.2787899418254,6050.9644457124405,1015.6906819903013,9218.559105822216,4590.797406565464,0.029113344692575406,0.07579120921765413,17.531250641660773,5.397160963925835,9.582396660571371,3.3509240026395934,11.514863591811151,3.386844327238812,13.163384919810229,3.1078652194551757,13.38820604995138,2.1893631165722125,15.928641816359358,2.4186316712729177,21.912518847645302,3.372585660696549
no_vocals,402.5,407.5,-658.0064086914062,48.415130615234375,99.82625579833984,18.032880783081055,15.473859786987305,11.151841163635254,31.360000610351562,12.449899673461914,21.348352432250977,10.547423362731934,7.750660419464111,8.534271240234375,13.36481761932373,9.232656478881836,6.09597110748291,6.708885669708252,11.97672176361084,6.2935638427734375,2.359877109527588,5.922082901000977,2.338876247406006,5.459871768951416,5.42584753036499,6.044951915740967,7.446206569671631,6.039758682250977,0.6842599511146545,0.6984338164329529,0.7272078990936279,0.7529760599136353,0.7229366302490234,0.7908505797386169,0.6753722429275513,0.6501085162162781,0.6380024552345276,0.6374882459640503,0.6196960210800171,0.6267791986465454,0.0017980616447880967,0.0002276956390456186,3557.883502115889,918.6596402558797,6086.0921400349325,812.8825588904381,9257.428785709108,3581.5039119003113,0.009747498549883991,0.017340264563416044,18.052196837514952,3.739476691600103,8.937336294153512,3.1333026592430304,11.463737180631504,3.311270474067594,13.333323280931188,3.3358623765181434,13.44734126126733,2.3046189795186716,15.897926519481087,2.229942324381965,21.31665412821495,2.6451428413786866
no_vocals,405.0,410.0,-665.4293823242188,53.090152740478516,101.07901000976562,16.99445915222168,16.328401565551758,12.767451286315918,25.68886947631836,12.097966194152832,19.629636764526367,8.978190422058105,8.041594505310059,8.271672248840332,12.917048454284668,8.235054969787598,5.5936808586120605,6.248273849487305,10.608357429504395,6.143166542053223,1.8453021049499512,6.778080940246582,2.9305038452148438,4.8767409324646,3.183751106262207,5.291835308074951,5.470027923583984,6.185715675354004,0.6831660866737366,0.7006798386573792,0.7351843118667603,0.7443030476570129,0.740932822227478,0.8099172711372375,0.6754946112632751,0.6470999121665955,0.6331189274787903,0.6368348598480225,0.6157307028770447,0.6240696310997009,0.0016890769962679482,0.00015364862837333393,3623.8789923278932,717.4702559744044,6272.761608296506,653.9721776787325,9680.498771933004,2966.2535298930075,0.009771289515661252,0.01742703465410587,18.928090815498624,4.645621946539206,8.939402621799367,3.5687166034275055,11.60948310576513,3.1391781001191466,13.754486472553904,3.1008071856124713,13.149934768745846,2.21731767066185,15.876142830166831,2.181456075862922,21.749004134593054,2.5715945137696705
no_vocals,407.5,412.5,-668.221435546875,52.62141036987305,98.64668273925781,18.845888137817383,11.689729690551758,11.81067180633545,25.334169387817383,12.260516166687012,20.0484561920166,9.774097442626953,9.224456787109375,8.75232219696045,12.611063957214355,8.23026180267334,5.210219383239746,6.234473705291748,9.9613676071167,6.047901630401611,1.9978808164596558,6.481074333190918,2.7728934288024902,5.2983317375183105,3.5562186241149902,5.358067989349365,5.334593772888184,5.609776973724365,0.6812627911567688,0.7011613249778748,0.7469074130058289,0.7433755397796631,0.7973426580429077,0.8328137993812561,0.6821297407150269,0.6545649766921997,0.6519153714179993,0.6386831402778625,0.6182740926742554,0.6379329562187195,0.001667491687308314,0.00015300128575312098,3587.404391028488,868.2053835600169,6133.0099922047,829.9359895919858,9529.016934636022,3383.2205838463087,0.006302340124709977,0.013164389384362079,19.19797227276953,4.657410441933748,8.60984480033331,2.978876126325647,11.930729860904842,3.0320344631785483,13.14058538611795,2.9766936434950684,13.24406948358385,2.2107272387520274,15.772339045552965,2.0239306062183897,21.27351122844362,2.795901287994699
no_vocals,410.0,415.0,-660.023193359375,60.270450592041016,100.60839080810547,20.54650115966797,14.443033218383789,11.391246795654297,24.701669692993164,11.963912963867188,18.97020149230957,10.305932998657227,9.649726867675781,9.202313423156738,12.25390625,8.30551815032959,4.964797496795654,6.7926859855651855,9.653778076171875,6.060581207275391,0.8226484060287476,6.063019275665283,2.3509631156921387,5.592280864715576,2.6570050716400146,5.8296332359313965,6.472353935241699,5.7528252601623535,0.6736162304878235,0.6890918016433716,0.724811851978302,0.7286221981048584,0.7166898250579834,0.7694249749183655,0.6520522832870483,0.6469294428825378,0.6455932259559631,0.6462658643722534,0.6227901577949524,0.621286928653717,0.0016843451056283685,0.00015931426544968868,3606.0171560673357,862.806980117945,6141.384790076106,793.9789711916278,9574.131743039443,3281.991704191138,0.010997090704756381,0.019440997492728387,18.882735079107807,4.995616238355443,8.783242288263708,3.010302786470143,11.97572496832472,2.9202620414990017,13.217943627984853,3.3121269231660273,13.187369721595866,2.1550192965933928,15.984454547586795,2.142501038027998,21.18780062146466,2.8921386074452005
no_vocals,412.5,417.5,-656.6332397460938,59.23550796508789,98.62509155273438,18.876197814941406,16.13492774963379,11.390990257263184,24.305774688720703,11.396836280822754,20.69809913635254,10.21202564239502,8.868794441223145,7.922760963439941,12.60106086730957,7.4077959060668945,5.113236904144287,6.707896709442139,9.921051025390625,5.888636112213135,0.6482892036437988,5.897364616394043,2.2953994274139404,5.545456886291504,4.931570529937744,7.438380241394043,6.57991361618042,6.302767753601074,0.6833490133285522,0.6986038684844971,0.7314011454582214,0.7475694417953491,0.7425166368484497,0.7743663191795349,0.6700044274330139,0.6759206056594849,0.6751505136489868,0.6699792146682739,0.6431018710136414,0.6324364542961121,0.001721306358250139,0.00018377867805873945,3640.065022615398,684.093522848814,6187.827053970323,604.1317254540593,9775.574608468678,2860.2982741572823,0.012416618329466358,0.021064963950019354,18.968575042724154,4.836976487392419,8.827989638855193,3.0737714340692315,11.716097782695003,3.129585076278697,12.795500284291023,2.9291180306256495,13.26136975774909,2.1785851054032066,16.11700788057184,2.120252010735432,20.50244461582074,2.72777253339711
no_vocals,415.0,420.0,-623.3948364257812,70.19195556640625,96.52185821533203,20.520994186401367,24.106863021850586,13.54744815826416,28.38979148864746,13.399970054626465,19.204370498657227,9.0101957321167,10.872122764587402,7.369354248046875,13.937658309936523,6.305066108703613,6.633868217468262,5.600036144256592,11.187414169311523,5.572569370269775,2.230724573135376,5.5004496574401855,3.040274143218994,5.131991386413574,4.042952537536621,8.047699928283691,8.95460033416748,6.186819553375244,0.7221754789352417,0.7313542366027832,0.7403655052185059,0.7461845278739929,0.7053412199020386,0.71510910987854,0.6277158260345459,0.5824018120765686,0.5725039839744568,0.5719026327133179,0.5785939693450928,0.6343324184417725,0.0028432710128652662,0.0022133424613504484,3670.891203138019,862.4161826069779,6102.277074670488,651.4230883520221,9838.525503915313,3186.9874351600297,0.02197378915313225,0.028825946881507806,17.30528608640156,4.687305542971353,9.104699969309966,3.3263762085562716,11.676972129213432,3.2758244389184297,13.50724130445065,3.1617466096388736,13.781750827437898,2.39953704995683,16.24625574196688,2.3718979038090837,19.887104207462517,2.4815437965855494
no_vocals,417.5,422.5,-609.2026977539062,79.35720825195312,89.29557037353516,29.107528686523438,28.292497634887695,11.943328857421875,28.717649459838867,15.933171272277832,14.250727653503418,6.516396522521973,14.172212600708008,7.875100135803223,13.442535400390625,6.123826503753662,7.194223880767822,5.146876811981201,10.542431831359863,6.4396891593933105,3.9401113986968994,5.461845397949219,5.608555793762207,5.242658615112305,1.8509770631790161,8.74178409576416,11.464095115661621,5.235953330993652,0.7643813490867615,0.7639588117599487,0.7494552135467529,0.7130416035652161,0.63469398021698,0.6263903379440308,0.5592056512832642,0.5191654562950134,0.5053706765174866,0.5049421191215515,0.548557698726654,0.6583005785942078,0.0037613260422524265,0.0033215936257056456,3746.1817303722055,1049.9313730353258,6061.929554575161,784.236716816605,10301.414429560615,3550.304769506209,0.02531245468387471,0.028793218202134346,17.84923613192954,5.246487650526828,9.509103070684821,3.3988182131749043,12.074407718960012,3.7377998298935955,13.593700025053485,3.3833446531399836,14.289630859301424,2.6049233342135762,16.02170321982994,2.4598008988395486,19.52419089122136,2.5649637264740215
no_vocals,420.0,425.0,-602.9911499023438,83.0329818725586,90.82662200927734,27.4764404296875,27.02328872680664,11.868739128112793,29.412342071533203,14.338997840881348,15.777595520019531,6.791393280029297,15.500822067260742,7.743379592895508,13.750638008117676,5.958442687988281,7.194621562957764,5.200201988220215,10.052034378051758,6.627951145172119,2.556166410446167,5.308409214019775,6.070407867431641,5.395266056060791,2.1393136978149414,8.913859367370605,11.798447608947754,5.888726711273193,0.7959170341491699,0.7659150958061218,0.7399394512176514,0.6666135191917419,0.602433443069458,0.5803503394126892,0.5191434025764465,0.5154612064361572,0.5204467177391052,0.5295425653457642,0.5957047343254089,0.73073410987854,0.003967108837547096,0.0036582783000880205,3761.343908260073,996.0709151267406,6097.35997451541,804.4008102415283,10492.765167307134,3603.4071556330273,0.029703587224477957,0.05678820808635358,17.20084703274684,5.296729754631509,9.278597058650313,3.3278090019623465,11.664580316866887,3.4127362943811153,13.387906581896598,3.1808283147805874,14.316183409116569,2.501918073857181,16.109569019548033,2.668513409035606,19.345201411362304,2.5647519693077023
no_vocals,422.5,427.5,-586.526611328125,62.18794631958008,95.56742858886719,18.659114837646484,29.29273796081543,9.656621932983398,33.379981994628906,12.165657043457031,18.53649139404297,6.141898155212402,16.226709365844727,7.684421539306641,14.91497802734375,5.469307899475098,8.72567081451416,4.733829498291016,11.965245246887207,5.841307640075684,1.4131932258605957,4.8234944343566895,4.820516586303711,4.91417932510376,0.39571473002433777,6.455170154571533,10.610822677612305,6.337707996368408,0.8126774430274963,0.7703059911727905,0.7230269908905029,0.6555103659629822,0.5620332360267639,0.5303763747215271,0.4431109130382538,0.4448785185813904,0.4581708014011383,0.47930094599723816,0.5481815338134766,0.7092984914779663,0.0037133824442169712,0.002677837181917007,3823.525026701153,878.4763541850674,6194.619334438777,699.2799603439341,10543.875299086427,3176.638468532207,0.0372034059599768,0.056947401913280425,15.730543712566137,4.519058218617038,9.390885402367507,3.284326187644198,11.881507200044673,3.311028742238938,13.604801853053903,3.0574566500240756,14.408093085791174,2.535992256496907,15.712046232596613,2.5302990605789657,20.00725867847776,2.2532330652348613
no_vocals,425.0,430.0,-588.4451293945312,41.541343688964844,96.49414825439453,19.461952209472656,27.81834602355957,9.219457626342773,34.57498550415039,12.911623001098633,16.57324981689453,7.87109899520874,17.23737335205078,7.764582633972168,14.443649291992188,6.3324689865112305,8.998826026916504,4.976576328277588,12.5487642288208,5.665432453155518,2.116942882537842,5.542266845703125,4.94162654876709,4.926814079284668,0.6901965141296387,5.609847068786621,10.047581672668457,5.747544288635254,0.7929401993751526,0.7547212243080139,0.6988958716392517,0.6492425799369812,0.5631143450737,0.5468659400939941,0.464472234249115,0.4401080012321472,0.4581598937511444,0.496888130903244,0.5605908632278442,0.6926093697547913,0.003211350263671176,0.0016311689876701667,3721.228537159374,928.5099960964701,6006.9168748181555,699.9377511952862,9961.479594148783,2849.9347819089085,0.02994036397911833,0.025367667367908173,15.79321673773136,3.9779014004578173,9.639273076808808,3.4144577070053446,11.936481868450375,3.095189120647347,13.570548345324045,3.196314589695522,14.117374849600335,2.3361882434946177,15.877447656905305,2.368612590899386,20.044833598288026,1.851647841835783
no_vocals,427.5,432.5,-574.4655151367188,55.48584747314453,98.6141357421875,20.63527488708496,27.707725524902344,10.526639938354492,32.75941848754883,10.883502960205078,17.020204544067383,8.067606925964355,15.755544662475586,7.701289653778076,15.439654350280762,6.445329189300537,7.975039482116699,4.6978349685668945,11.65252685546875,5.0192108154296875,2.423340082168579,4.9882965087890625,4.879123210906982,4.925386428833008,0.3517991304397583,5.678228855133057,11.85164737701416,5.733006000518799,0.7903566956520081,0.7613710761070251,0.7075625658035278,0.6569709777832031,0.5530411601066589,0.5312367677688599,0.4477985203266144,0.4083363711833954,0.4390158951282501,0.49446237087249756,0.5541563630104065,0.681978702545166,0.0038110276704692993,0.0022835239822395067,3746.2992967703303,892.5564911792244,6093.138870019254,679.6427601416971,10057.954339472159,2761.7876660123384,0.03701194533062645,0.029347498843175182,15.29363750865578,4.322315935848351,9.121030115642961,3.1649459285648462,12.159485749415175,3.209852674680792,13.667133021141439,3.19095285348062,14.358542212741446,2.414180513438645,16.603416433117165,2.783713549994682,20.555614629158505,1.8958484030452862
no_vocals,430.0,435.0,-573.4815063476562,62.719139099121094,99.86845397949219,20.885759353637695,26.499835968017578,10.87798023223877,31.85201644897461,10.961954116821289,16.30597686767578,8.10493278503418,16.037086486816406,7.825690269470215,15.45194149017334,5.835156440734863,8.159658432006836,5.241690635681152,10.884432792663574,5.216573715209961,2.2043943405151367,4.238165855407715,4.480155944824219,4.863037109375,0.039724063128232956,5.929849147796631,13.022334098815918,5.532163619995117,0.8037970662117004,0.7786346673965454,0.7219973206520081,0.6653532981872559,0.5515992045402527,0.5187938213348389,0.4375363886356354,0.4195595979690552,0.4560742974281311,0.5008532404899597,0.550347626209259,0.6799174547195435,0.00409928518601341,0.0027300094897954154,3637.7486953282055,877.8753393439781,5988.053176776571,693.0545574857878,9676.801655851217,2726.107492591211,0.03369140625,0.02853696215366049,15.677192378787096,4.489580401287574,9.196035046202296,3.1527488662112177,12.160711032820345,3.2627370474439923,13.633322871939047,2.992631185116644,14.403044098249426,2.4268954736321797,16.562536404030883,2.870108763358738,20.73763570148297,1.9393516561036455
no_vocals,432.5,437.5,-570.0167236328125,65.3060073852539,100.16675567626953,18.650522232055664,26.885210037231445,9.606060981750488,31.509353637695312,10.370556831359863,16.22126579284668,7.889028072357178,16.352828979492188,7.382279396057129,14.670050621032715,6.1000590324401855,7.722477436065674,5.626868724822998,10.040741920471191,5.330125331878662,1.671359658241272,4.346687316894531,4.440170764923096,5.033391952514648,-0.07053826749324799,5.559196472167969,11.793082237243652,5.829722881317139,0.8039407730102539,0.7391678690910339,0.6769646406173706,0.5947909355163574,0.5177215337753296,0.5184509754180908,0.45071709156036377,0.46092960238456726,0.48891276121139526,0.5289315581321716,0.6036147475242615,0.736380934715271,0.0044910618146717235,0.004241567592260022,3712.488927126915,937.4365361629461,6021.533865611125,715.7012082282199,9840.174217843678,2867.9811542737657,0.03103134969547564,0.027000127567160855,15.760219547107116,4.094607470883186,9.579033727550053,3.4008554693061868,11.985732431962058,3.1935860630799326,13.367912517156123,3.075282226820506,14.201914347123271,2.4381534778190237,16.206795549904864,2.738782648638322,20.397918057956915,1.6538491040227192
no_vocals,435.0,440.0,-569.5394897460938,65.79930114746094,99.1798324584961,18.51108169555664,26.418472290039062,11.43400764465332,31.559537887573242,10.037480354309082,17.09225082397461,7.3097662925720215,15.15845775604248,7.010087966918945,14.454928398132324,6.537003040313721,6.839737415313721,5.367599964141846,10.626368522644043,5.344481468200684,1.057790994644165,4.948217391967773,4.165725231170654,4.674891471862793,0.25925013422966003,5.6427812576293945,10.51259994506836,5.868046760559082,0.7483465075492859,0.7128624320030212,0.6773483157157898,0.6102558374404907,0.5390076637268066,0.5692471861839294,0.46814435720443726,0.44855746626853943,0.44924312829971313,0.47268146276474,0.5359181761741638,0.6672254800796509,0.004678361477889985,0.004791831112459205,3921.463102068211,1196.3539982519026,6201.647138261921,906.173027933456,10471.831496519722,3532.3287108108534,0.04779831605278422,0.11564878573174153,15.619022803099368,4.39428473804508,9.407522279096842,3.3566333359681284,11.984770669022591,3.2260715179170965,13.55766916255995,3.0555914926677787,13.984959291819996,2.3149744042970215,15.950478621293138,2.750663362780893,20.574965333042275,2.1268556824913967
no_vocals,437.5,442.5,-584.70458984375,66.91703033447266,96.14427185058594,22.58746910095215,25.831483840942383,11.433548927307129,31.092411041259766,11.421003341674805,16.886112213134766,7.167720794677734,15.031881332397461,7.466105937957764,13.775612831115723,6.0989251136779785,8.270665168762207,5.5943169593811035,10.022055625915527,6.17421817779541,0.9728649854660034,5.593304634094238,4.956681728363037,4.992864608764648,0.6535502672195435,6.290140628814697,11.28831672668457,5.710759162902832,0.7309074401855469,0.7175256609916687,0.699838399887085,0.6531013250350952,0.563958466053009,0.5933170914649963,0.4701804220676422,0.44386643171310425,0.43437644839286804,0.4463646709918976,0.5023477673530579,0.6283947229385376,0.00435384615754445,0.0040087233149955735,3933.0464687918047,1283.2013546645317,6219.954224975004,1000.8076000396306,10579.397590088458,3934.41886182158,0.041314711426914154,0.1157588444383932,16.979855894651898,5.004974579956712,9.278236189161099,3.493641953232287,12.180696263007052,3.1582199328353995,13.568359195497276,3.4213493011953524,14.025202809320385,2.585116850564286,16.066898855945567,2.567975848607765,20.666273696522936,2.329234181132758
no_vocals,440.0,445.0,-527.7401733398438,59.83992385864258,70.68279266357422,31.597362518310547,35.54694747924805,13.836764335632324,28.11903190612793,8.469412803649902,19.291749954223633,6.464850425720215,13.560956954956055,6.655361175537109,14.226570129394531,5.672125339508057,9.648676872253418,4.389209270477295,7.688656330108643,4.322127342224121,5.559340000152588,3.720418691635132,2.6135494709014893,4.247466087341309,2.2232260704040527,4.9908928871154785,9.921027183532715,6.770377159118652,0.7813664078712463,0.7662897109985352,0.7134896516799927,0.6668370962142944,0.5654981136322021,0.5679241418838501,0.4693918526172638,0.4195895195007324,0.4297713041305542,0.4587259590625763,0.5163528919219971,0.6511549353599548,0.006147247087102375,0.011065060484242852,3872.952329917728,1007.5189155701562,6277.492584529314,753.1768040664258,10424.868130075405,3408.4158602721727,0.03763730785962877,0.03562580361438039,15.80140772305702,5.164898101018505,9.247749669142221,3.152979875365299,12.193012029670903,3.1305229962187533,13.954896826193472,3.3185440412399356,14.201319367308184,2.6074567594891813,16.20624709736759,2.6183576286193415,20.867783441407536,1.9666271734901497
no_vocals,442.5,447.5,-517.2332153320312,52.45424270629883,70.19712829589844,32.53934860229492,37.12441635131836,14.199787139892578,27.913484573364258,10.007683753967285,18.757965087890625,6.932182788848877,13.62627124786377,6.362629413604736,13.746644020080566,5.5169196128845215,9.793862342834473,4.175827980041504,7.542739391326904,4.164917945861816,5.868078708648682,3.6500535011291504,3.358214855194092,4.31931209564209,3.1174228191375732,5.171532154083252,9.319149017333984,6.467222690582275,0.7377323508262634,0.7151356339454651,0.6679097414016724,0.6281062364578247,0.5582554936408997,0.6154985427856445,0.48277655243873596,0.41654759645462036,0.42878633737564087,0.46166497468948364,0.5092505216598511,0.6248478293418884,0.008512160385604473,0.021033243433214818,3877.724275021516,1286.8268454673184,6131.2738601891415,1013.7675387451325,10215.781227341937,3916.7574071914237,0.04337886093387471,0.040295396834743515,15.268940204446464,4.498079604225072,9.64716773147246,3.319469226779476,12.16096670379728,2.984469228270356,14.035720661529082,3.1133294233679276,14.274306423548666,2.398078630213883,16.23228361152443,2.3510286238631926,20.831381462650693,2.1657580535470067
no_vocals,445.0,450.0,-520.107177734375,61.01411437988281,75.98045349121094,28.91670799255371,35.660980224609375,12.991219520568848,26.893394470214844,10.31387996673584,18.783708572387695,6.648671627044678,13.598090171813965,5.674996852874756,12.942001342773438,4.989587306976318,9.808089256286621,4.217184066772461,9.372559547424316,4.6751179695129395,5.458745956420898,4.045994281768799,3.345820426940918,4.570437908172607,3.397468090057373,5.9138898849487305,9.579957962036133,5.374771595001221,0.6951509118080139,0.6705815196037292,0.6668558120727539,0.6046130061149597,0.6361321806907654,0.5641086101531982,0.3971363604068756,0.3920365869998932,0.42153945565223694,0.4483172297477722,0.5318587422370911,0.6599351763725281,0.007711169529779708,0.016546895432332103,4149.173315388555,1251.8506686258809,6346.442326462151,967.1972853636288,11123.223381308004,3868.0997135559796,0.05743479009570766,0.04459063947999593,15.599334964832149,4.312331264160755,9.87770512810921,3.245284645071041,12.36759577811792,3.3006628210896407,13.946107151412424,3.3168509233629178,14.418306677333064,2.604303539117522,16.339916731027316,2.8406891662160674,21.008465598073684,2.355978736500255
no_vocals,447.5,452.5,-515.0834350585938,78.81221771240234,99.62582397460938,19.400548934936523,25.914134979248047,11.35004711151123,33.63767623901367,9.904191970825195,18.418519973754883,6.497712135314941,13.206116676330566,7.100072860717773,14.532635688781738,5.511364936828613,7.777172565460205,4.955635070800781,12.16212272644043,5.415893077850342,3.2459545135498047,4.421617031097412,4.284269332885742,5.317063808441162,-0.07484737038612366,7.121869087219238,14.001036643981934,5.210324764251709,0.7686511278152466,0.7171730399131775,0.6712629199028015,0.6053032279014587,0.5050652027130127,0.48113560676574707,0.3651403784751892,0.35622638463974,0.396034836769104,0.43711990118026733,0.5123770833015442,0.6638683676719666,0.0077561970444702975,0.0064957949395296095,3862.499191670715,936.9739306990261,6167.445000073707,696.214906176558,10177.710923905162,3071.839101017298,0.05885884933294663,0.039589434611101114,15.211587983695477,3.9872515741287082,10.187250763245462,3.129476739277236,12.610689344968849,3.2314862159895283,14.585371975765629,3.238691225178178,15.337289955298148,2.705256800287369,17.442185607229852,3.0590142631319073,21.76764496583553,1.9487465903705181
no_vocals,450.0,455.0,-535.3839721679688,81.00504302978516,98.45801544189453,21.796504974365234,27.997493743896484,11.39389705657959,32.82242965698242,11.259085655212402,17.80831527709961,7.183965682983398,13.896018028259277,7.150261402130127,14.033872604370117,5.661098480224609,7.778720378875732,5.1637749671936035,11.605950355529785,5.337084770202637,2.0592689514160156,5.209547519683838,3.8511979579925537,5.022414207458496,-0.24057871103286743,7.262165546417236,12.939724922180176,6.051919460296631,0.7829699516296387,0.7458140850067139,0.6883752942085266,0.6214415431022644,0.5139589905738831,0.5169583559036255,0.4211767017841339,0.3954032361507416,0.4116906225681305,0.4407225549221039,0.5077133774757385,0.6568366885185242,0.0069823524103826235,0.006060487223790819,3873.179483932369,1118.821929131321,6188.24050939762,855.9110991487053,10224.974056518271,3672.881266730505,0.04885078306264501,0.05214643065250633,15.876844239182201,4.589537325357495,9.51909118874897,3.3656087088869295,12.657433333939649,3.287663148073237,14.42029557212524,3.4145167800374967,14.943805470633714,2.632688216763924,17.18504422042859,2.8967677632108146,21.531498790153577,2.092917917036937
no_vocals,452.5,457.5,-551.4229125976562,64.1319351196289,98.81526184082031,20.418588638305664,29.757278442382812,12.959132194519043,31.929750442504883,10.446767807006836,18.28752899169922,7.848154544830322,15.014925956726074,8.368070602416992,13.822851181030273,6.034574508666992,8.471837997436523,4.944593906402588,11.102428436279297,5.584153652191162,1.9996782541275024,5.723284721374512,4.760588645935059,5.077556133270264,-0.024703731760382652,6.23935604095459,11.616507530212402,6.233729362487793,0.7762488126754761,0.7476502060890198,0.7289985418319702,0.6725881695747375,0.5631662011146545,0.5555356740951538,0.44174709916114807,0.408508837223053,0.4238739609718323,0.46111100912094116,0.5360378623008728,0.6738420128822327,0.005389367298032924,0.004391400930895623,3926.4724363323016,1123.861065679515,6243.860581798709,817.158713321106,10489.417778422274,3516.1451107251523,0.04675491226798144,0.051909271287792186,15.185283579178197,4.8171427495636605,9.322599203774772,3.30991752446817,11.876561727784914,3.0967913418541966,13.934406663876768,3.286902162860342,14.12853498352649,2.3420700657822837,16.36159411344135,2.661291294652587,20.556550680619196,2.038500973557151
no_vocals,455.0,460.0,-546.318603515625,49.58049774169922,97.5193099975586,20.011154174804688,27.314847946166992,13.029930114746094,34.42323303222656,9.693204879760742,17.953433990478516,7.892181396484375,17.155317306518555,8.442788124084473,14.1558837890625,5.757173538208008,8.90534496307373,4.948507785797119,11.43433666229248,5.882129669189453,2.8553593158721924,5.142331600189209,5.352619647979736,5.526750087738037,-0.010150882415473461,5.485212326049805,11.246683120727539,5.9838175773620605,0.75114506483078,0.7326325178146362,0.7180628776550293,0.6891936659812927,0.5720895528793335,0.5606311559677124,0.43870171904563904,0.40128010511398315,0.415406733751297,0.44689756631851196,0.4987910985946655,0.6314972043037415,0.005110683134355066,0.00411610618223875,4021.753396384792,1086.837517689077,6277.262292858545,768.1136568030824,10772.247158678945,3375.414839022502,0.06772041763341068,0.06854216712442611,15.19084667064982,4.3405527361374086,9.504520643138774,3.240023049564407,11.791291458455786,3.0197196539176336,13.87495354926794,3.201267298026708,14.257537057508772,2.4774932759501564,15.804124513822089,2.7155168434937584,21.097739041510454,2.3906689925692834
no_vocals,457.5,462.5,-528.34619140625,58.610904693603516,98.54620361328125,16.870216369628906,28.25556755065918,10.781599998474121,33.89847946166992,9.426030158996582,19.071144104003906,6.538680076599121,16.809690475463867,7.513296127319336,14.715502738952637,4.974020004272461,9.355020523071289,5.17737340927124,12.502869606018066,5.369380950927734,1.2407739162445068,4.69537878036499,4.394808769226074,5.314107894897461,-1.5303000211715698,5.144248008728027,11.168416023254395,5.8944315910339355,0.7149547934532166,0.7053210139274597,0.709089457988739,0.6697050929069519,0.5528804063796997,0.5647149682044983,0.396613746881485,0.36139488220214844,0.383475661277771,0.40827587246894836,0.4645980894565582,0.6035066246986389,0.006079545399344801,0.005592488619106324,4333.6570327867585,996.2133208306955,6654.255387238682,723.2710551408437,11971.411755909223,3451.359344035925,0.10022794011020882,0.08433646487402482,14.765561282821437,3.292384680001276,9.567996913074587,3.2992702132531324,12.517311741726669,3.085324492571291,14.234893319137104,3.5009547505488947,14.8793269853027,2.648733848300715,16.20666807243364,3.0809287048865923,22.692388002047007,2.038884255916917
no_vocals,460.0,465.0,-526.6959838867188,69.2678451538086,101.50148010253906,17.921052932739258,25.963220596313477,12.248628616333008,33.33455276489258,11.099284172058105,18.623165130615234,6.109122276306152,15.14119815826416,7.2342610359191895,15.29349422454834,4.817651748657227,9.41997241973877,5.337616443634033,12.491507530212402,5.17678689956665,2.1695516109466553,4.76124382019043,3.862173318862915,5.28714656829834,-0.40473225712776184,5.930899620056152,12.347286224365234,5.222055435180664,0.7700074315071106,0.7460283041000366,0.7172004580497742,0.6452926397323608,0.5014829635620117,0.48364725708961487,0.3475417494773865,0.3353009819984436,0.377745121717453,0.41942930221557617,0.49530336260795593,0.6523278951644897,0.007145576397272523,0.006474824833184376,4002.06757289552,1122.4932753257976,6342.050553380293,960.1386333907194,10885.908497679815,3949.2154250707417,0.07427879386600927,0.0759842882830307,15.179187272530083,3.413751533501495,9.343470646138117,3.00217942805003,12.630971349049872,3.087133802652757,14.398449670093115,3.3157136602485227,15.237291894216368,2.9086134836017288,16.843609187491996,3.1352353543634166,22.343859857103087,2.004948346157437
no_vocals,462.5,467.5,-549.6295776367188,55.74801254272461,98.55367279052734,18.664926528930664,26.018104553222656,11.497122764587402,34.48472213745117,11.226418495178223,17.373218536376953,7.147876739501953,15.394640922546387,6.673743724822998,14.776507377624512,5.566943168640137,9.291441917419434,5.263119220733643,13.652864456176758,5.175984859466553,2.43179988861084,4.540035724639893,4.3647966384887695,4.905868053436279,0.43500885367393494,5.696292877197266,12.55958366394043,4.701465129852295,0.8141223192214966,0.743179440498352,0.6936508417129517,0.5751953125,0.5141517519950867,0.45417407155036926,0.35940271615982056,0.37238609790802,0.40555378794670105,0.4549897611141205,0.5951032042503357,0.7745493650436401,0.005515787601384514,0.004854288955240166,3886.805655747354,1082.7317244426913,6177.980623470293,843.0150703692253,10273.78598100348,3393.630414185038,0.0504832964762181,0.04491677981834639,15.20637647183219,3.8007143965411725,9.652093132875166,3.3002036340846006,12.211200277242957,3.233731537579188,13.782912215737078,3.087844015791319,14.771851401812729,2.6459091204590477,16.39548387618713,2.875617230162856,21.436400511395433,2.0848480197724184
no_vocals,465.0,470.0,-556.7245483398438,63.67961502075195,98.73446655273438,19.586917877197266,27.42291259765625,10.019744873046875,33.732059478759766,11.293489456176758,17.05633544921875,8.009994506835938,14.525383949279785,6.749538421630859,15.371105194091797,6.006907939910889,9.084271430969238,4.956882953643799,13.203330993652344,5.409755706787109,2.3618900775909424,4.520680904388428,5.120062828063965,4.481491565704346,-0.2260044366121292,5.814922332763672,13.459007263183594,5.397620677947998,0.8390887975692749,0.7940785884857178,0.7249822616577148,0.6540046334266663,0.5412343144416809,0.51530522108078,0.4153658449649811,0.3936629593372345,0.41521045565605164,0.4526166021823883,0.5342861413955688,0.7028517723083496,0.005308274598360027,0.0038823398314274103,3712.038929169744,962.6256851082895,6056.369427224457,754.9521872796696,9761.385676479118,3023.289206520164,0.03717508338167053,0.032534733730696576,15.078306858636436,4.96090343874004,9.489618030477244,3.3114610620267584,12.035398848359568,3.1756260829873035,14.01788084638099,3.285044850750104,14.593419093484009,2.412022917524273,16.62231139060439,2.79792322366896,20.575673651098427,1.8819440343942575
no_vocals,467.5,472.5,-552.5894775390625,71.88106536865234,102.24566650390625,21.404624938964844,29.77999496459961,11.820740699768066,33.97991180419922,11.29151439666748,18.02117919921875,8.521944999694824,13.938623428344727,7.112035274505615,16.3799991607666,5.936779975891113,8.193497657775879,6.027924537658691,11.68320369720459,6.416409015655518,2.7758214473724365,4.855984687805176,3.7521207332611084,5.4562087059021,-1.057712435722351,6.745810031890869,12.824641227722168,6.8271002769470215,0.819272518157959,0.7291309833526611,0.6541318893432617,0.5546301007270813,0.48818594217300415,0.4683256447315216,0.4182334244251251,0.40395650267601013,0.4310401380062103,0.4785350561141968,0.596048891544342,0.77399742603302,0.006265840657906749,0.004534017658454901,3482.4180420311473,967.9298498255413,5897.454387260467,796.7331362153437,9026.758718822506,3484.3790274253247,0.03119335484338747,0.0245204391935947,15.11233711408922,4.735942901820526,9.53531702757105,3.4768712678114064,12.425011045107906,3.457102037758898,14.03879806901009,3.2453893186760836,14.754136881555329,2.424674312646067,17.000554647044023,2.8098037415922397,20.750049673745373,2.0196281629931896
no_vocals,470.0,475.0,-568.8743896484375,68.3668212890625,100.80816650390625,21.13683319091797,29.78310203552246,13.471116065979004,33.93681716918945,9.216461181640625,18.609739303588867,8.834615707397461,15.69946002960205,6.951430320739746,15.305598258972168,6.123589992523193,6.810690879821777,6.189603805541992,10.761364936828613,6.375835418701172,1.435713529586792,4.918483257293701,3.4526264667510986,5.754151344299316,-1.2307794094085693,6.777486801147461,10.83133316040039,7.617146968841553,0.7728515267372131,0.7295727133750916,0.6733214855194092,0.6092860698699951,0.523640513420105,0.5338451862335205,0.49059978127479553,0.4279681146144867,0.42487215995788574,0.4658658504486084,0.5399243235588074,0.676677405834198,0.004866488208495115,0.00395697844978957,3594.4419845433918,844.0570748898009,6016.822640315228,682.0203764999941,9436.239305394432,2958.5781014479257,0.03546326674883991,0.029908809493771206,15.35112320805109,4.444810193266606,9.372863386768497,3.5793462693515834,12.884458278088344,3.6816647569213803,13.845593643350801,3.268664474106912,14.155982152654392,2.4133113975515728,16.174997536120944,2.9579906058176655,20.882589706685632,2.220760152920763
no_vocals,472.5,477.5,-575.8297119140625,67.901611328125,96.66753387451172,19.91046142578125,28.473737716674805,10.847421646118164,32.040069580078125,10.679512977600098,18.52629852294922,8.345316886901855,16.919260025024414,6.668850421905518,14.353949546813965,5.440141201019287,8.439513206481934,5.665075778961182,10.756878852844238,5.145294666290283,2.482712507247925,4.705301284790039,4.039854526519775,5.179687023162842,0.5735489726066589,6.155050754547119,10.311463356018066,6.924356937408447,0.790224552154541,0.7502638101577759,0.7120332717895508,0.6437159776687622,0.5551302433013916,0.5540477633476257,0.46703967452049255,0.43481016159057617,0.4517698287963867,0.4923883080482483,0.5783096551895142,0.7108073830604553,0.00464559317347129,0.005576801127529172,3655.0958724891684,801.6309529784955,6055.955626004846,679.3892828096539,9754.99066487819,2582.1990695739732,0.03425899071925754,0.03035526715047273,15.927425915913815,4.347979276300938,9.371553170254693,3.436352346231666,12.245228333647407,3.2671495736732674,13.877919447636433,3.4139699304376396,14.095884605979359,2.6390059930355116,15.784188866392984,2.666858399162014,20.372810102588524,1.9217204809592399
no_vocals,475.0,480.0,-560.7359619140625,73.26248168945312,94.38070678710938,20.27988624572754,27.842144012451172,10.317193984985352,32.654541015625,11.523484230041504,18.288522720336914,8.017557144165039,16.305652618408203,7.835012912750244,14.52678108215332,5.813432693481445,8.976846694946289,5.467763423919678,11.782938957214355,4.9912309646606445,2.8456501960754395,4.655011177062988,4.921414852142334,4.9897942543029785,0.5824810862541199,5.775785446166992,11.812146186828613,6.347994804382324,0.8214845061302185,0.7696772813796997,0.7053614854812622,0.6345115900039673,0.5279359817504883,0.5130022764205933,0.4139913320541382,0.40752139687538147,0.4403906464576721,0.48040229082107544,0.5588895678520203,0.7115111947059631,0.005438526042438871,0.006038747611614123,3872.9489016924667,1011.6239834865085,6162.979420841397,664.5279252965408,10213.732825188516,3054.641844099403,0.03615093895011601,0.02622147331938577,15.75600483831258,4.499460761565627,9.65946089917711,3.317574643424007,11.656118935581,3.0888676749990895,13.633717415460763,3.322427165609846,14.356471252959711,2.6349960490720643,16.20542792559096,2.7249910649265576,20.687638128305736,1.9368427766938254
no_vocals,477.5,482.5,-572.7077026367188,71.38936614990234,97.44718170166016,23.231979370117188,26.180322647094727,11.47619915008545,30.723371505737305,13.192893981933594,16.753389358520508,7.104519844055176,15.730087280273438,8.33247184753418,14.694723129272461,6.0027031898498535,7.97576904296875,5.8187456130981445,11.138171195983887,5.435678958892822,2.4471242427825928,4.7622904777526855,5.494028091430664,4.947364807128906,0.7099542021751404,6.2799248695373535,12.06549072265625,6.143562316894531,0.8134942054748535,0.7313349843025208,0.6744102835655212,0.5933473706245422,0.5752838850021362,0.5193998217582703,0.4496549963951111,0.46186959743499756,0.4775463342666626,0.5109123587608337,0.6260913610458374,0.7909305095672607,0.004710012629818336,0.0041776989333412815,3767.586644725555,1152.8716863776644,6037.532512069765,898.1699203162947,10001.048728429525,3652.0264800452037,0.030169210411832948,0.02583998807645678,15.634804536645982,4.960496101700748,9.2549444428447,3.3252737343358216,11.690261862230809,3.176145730524288,13.691385911025902,3.3843958387363644,14.484745070777285,2.5694175166601774,16.411423952246153,2.798476524558162,20.404915876151414,1.884137833052454
no_vocals,480.0,485.0,-592.2760009765625,54.21603775024414,98.42851257324219,19.75690460205078,26.861730575561523,9.827216148376465,29.964778900146484,13.078965187072754,17.044748306274414,7.821958065032959,16.503196716308594,7.971626281738281,14.561870574951172,5.243711948394775,8.03097152709961,5.223391532897949,11.245461463928223,4.914757251739502,2.5310585498809814,4.906989097595215,5.539762020111084,4.92432165145874,0.96147221326828,6.394689559936523,10.152917861938477,5.648568630218506,0.774419367313385,0.7289895415306091,0.7061085104942322,0.6379611492156982,0.6217848658561707,0.5863904356956482,0.46384134888648987,0.44925156235694885,0.4479764997959137,0.4688574969768524,0.5678504109382629,0.7188246250152588,0.0035697219903060083,0.00290658482907681,3758.6298769499276,1014.2891094060521,6116.898877963121,918.8854390359658,10270.388631090487,3534.642918578435,0.027237257105568447,0.026658864987611147,16.306977697908078,4.521635873045487,9.286334063331068,3.204147992461948,12.232373899312732,3.404992766209522,13.627901114314298,3.3997319111700914,14.134081987875891,2.4714341594039118,16.001749068675725,2.602630964016528,20.12117078806244,1.6877949678950452
no_vocals,482.5,487.5,-580.3258056640625,48.8599853515625,99.78915405273438,17.429750442504883,28.58493995666504,9.184218406677246,33.850547790527344,12.34744930267334,17.832605361938477,7.949374198913574,18.453330993652344,8.099998474121094,14.528301239013672,5.928580284118652,8.6630220413208,4.88472318649292,11.481592178344727,4.96364688873291,1.1626100540161133,5.117952346801758,4.3457417488098145,5.579220294952393,-0.0842672809958458,6.156891822814941,10.189876556396484,5.793759346008301,0.7528717517852783,0.7531198263168335,0.7331458926200867,0.6942787170410156,0.5740804672241211,0.5504037141799927,0.45082589983940125,0.39797377586364746,0.4014230966567993,0.4276570975780487,0.47960346937179565,0.6191468834877014,0.0037264621866815086,0.0025501004407292764,3684.6307713339534,1009.7178151999406,6005.479759103796,810.3396006310526,9804.651926841647,3192.2609555355275,0.03130211354408353,0.024435613160193537,15.805292259720243,3.9850649763679002,8.88828859793544,2.9500819353700534,12.28996241439145,3.320446709290687,13.623032737931393,3.2126087138545976,13.979409936881344,2.457478245338829,15.839069510869141,2.494666333538447,20.287526568890026,1.9517738281076682
no_vocals,485.0,490.0,-560.753173828125,57.829959869384766,105.54279327392578,16.232927322387695,30.79691505432129,9.323563575744629,33.35870361328125,11.43051815032959,18.315858840942383,7.0536417961120605,17.182533264160156,8.100112915039062,15.886012077331543,6.408566951751709,8.600008010864258,5.493938446044922,10.701640129089355,5.604197978973389,0.953912079334259,4.816535949707031,3.113569498062134,5.196977138519287,-0.868120014667511,5.627046585083008,12.027982711791992,6.167919158935547,0.7906392812728882,0.7817273736000061,0.7339854836463928,0.6822318434715271,0.5506528615951538,0.49828627705574036,0.409453809261322,0.3726077973842621,0.3944851756095886,0.4372873604297638,0.49510282278060913,0.6439141631126404,0.005003200602996446,0.003898660880701522,3587.8218826726816,1021.6015772057629,5995.146644389585,877.7267221838036,9543.555593822506,3543.9960435967955,0.04719334578016241,0.06225232304327038,14.654634597585218,3.8606812170150837,8.95352588065917,2.8105765297470557,12.743367844268729,3.4807400579442804,13.689449686508222,3.0563066138363997,14.4127673889098,2.399384633903958,16.5276806084901,2.8130149433614506,20.705684730626242,2.5024029606115876
no_vocals,487.5,492.5,-570.5097045898438,60.36344528198242,102.1697998046875,18.77832794189453,29.127822875976562,9.768310546875,30.93684196472168,14.890389442443848,16.91324234008789,7.483730792999268,15.684659957885742,7.745213031768799,16.199665069580078,5.873729705810547,8.266118049621582,5.2281494140625,10.268095970153809,5.415772914886475,2.0549771785736084,4.858723163604736,3.3354930877685547,5.1491923332214355,0.07465434819459915,5.3906941413879395,11.619962692260742,5.665497303009033,0.7850508689880371,0.7259083986282349,0.7030850052833557,0.6040748953819275,0.568852424621582,0.49190494418144226,0.4082055389881134,0.4119299650192261,0.43740659952163696,0.4803750813007355,0.6059567928314209,0.7613849639892578,0.004535873946431255,0.0037150334971976437,3722.014586442213,989.0559924301488,6107.120131251875,905.7688396574713,10151.88107236079,3565.88917764314,0.04398496410962877,0.06379465227947284,15.478780940446986,4.35321542430963,9.359750116290089,3.1880697632150614,12.334015226318002,3.0924297600352766,13.736364907344193,3.266312304941507,14.203344348372868,2.2553948480481623,16.203228058056066,2.8617267376023716,20.634629839433288,2.448616606662959
no_vocals,490.0,495.0,-584.1753540039062,53.256324768066406,99.11912536621094,19.49717140197754,27.678855895996094,10.901691436767578,30.663618087768555,16.15601921081543,16.224143981933594,7.03090763092041,16.798490524291992,7.914028167724609,15.087020874023438,5.871729373931885,8.486013412475586,5.043185234069824,10.598422050476074,5.354160785675049,2.3608591556549072,5.512017726898193,3.925295829772949,5.579591751098633,0.6491861939430237,5.683748245239258,10.838292121887207,5.701807975769043,0.7643544673919678,0.7534389495849609,0.7140744924545288,0.6920426487922668,0.5903082489967346,0.5653185844421387,0.47362828254699707,0.4299279451370239,0.4311256408691406,0.45206597447395325,0.504786491394043,0.6343072056770325,0.0037414027135408636,0.0024156725056015014,3684.786438646821,1013.1610466107833,6031.146840497893,891.7498321677986,10014.138517800175,3360.9369374823727,0.032067956061484916,0.028341990746161658,16.138156989880905,4.568103529055033,9.320080035288257,3.176213267495462,12.088481580261606,3.3467739866164856,13.430539538294477,3.2013538879229726,14.18020561958352,2.375941595031824,16.028589077043947,2.628230254870303,20.253910478847263,1.7838780818729616
no_vocals,492.5,497.5,-573.27197265625,66.8725357055664,97.63943481445312,20.16318130493164,28.079212188720703,12.18364429473877,29.311655044555664,11.842856407165527,18.581708908081055,7.3673295974731445,14.433670997619629,7.456998348236084,16.102676391601562,6.0185017585754395,7.124954700469971,4.6372151374816895,10.946940422058105,5.380291938781738,3.475971221923828,5.093167304992676,4.2359442710876465,4.917442321777344,0.19866546988487244,5.871131896972656,12.90943431854248,6.247990608215332,0.8088604211807251,0.7381392121315002,0.6976111531257629,0.6034628748893738,0.5415224432945251,0.49711570143699646,0.4141271412372589,0.43189093470573425,0.4715660512447357,0.5167639255523682,0.6190616488456726,0.7652816772460938,0.004311019325685059,0.0029531051110537514,3826.356455140439,865.6019345077032,6264.4624465473535,676.8815225880165,10495.163296657483,2981.6334363983874,0.03770981366009281,0.02936669438090483,15.759229639732123,5.083802011426744,8.984374535554412,3.2086435819391186,11.751313354470375,3.099481763780976,13.431467897217065,3.0153986933315844,14.590516012744155,2.4246712129338155,16.54879976377497,2.782307337762566,20.588955018516128,1.9401443259114268
no_vocals,495.0,500.0,-564.4065551757812,68.4381103515625,98.72761535644531,24.144393920898438,25.98795509338379,11.812132835388184,32.00407791137695,11.402581214904785,16.980424880981445,8.489714622497559,14.144742965698242,7.729305267333984,15.499058723449707,6.140645980834961,7.6335248947143555,4.846749305725098,11.215848922729492,5.545447826385498,3.5384812355041504,5.601819038391113,4.803554534912109,4.599398136138916,0.05974578857421875,5.549323081970215,13.013028144836426,6.112272262573242,0.8037398457527161,0.7658249735832214,0.7076799869537354,0.6614501476287842,0.5481133460998535,0.5228006839752197,0.4257570207118988,0.3988167345523834,0.44260209798812866,0.4995711147785187,0.557793378829956,0.688417911529541,0.004640113667146305,0.003670369964018025,3780.3278227685933,1117.6652097201713,6043.358302561037,833.5116050401357,9985.66073176479,3331.4367269996674,0.040107036687935034,0.04921129681748987,15.341111478077146,4.739053518284257,8.990662336549867,3.1113677134915734,11.855813830676391,3.217026690072863,13.621960894383305,3.3017707962080958,14.75193026194873,2.5994928236522203,16.68303171199172,2.7040657092525477,20.72967266840475,2.151969511969313
no_vocals,497.5,502.5,-563.877685546875,72.27726745605469,98.79004669189453,23.37257957458496,28.011343002319336,10.778440475463867,33.305721282958984,11.626514434814453,17.466358184814453,7.7614874839782715,14.522618293762207,7.55905818939209,14.722810745239258,5.776273250579834,8.57385540008545,4.7169013023376465,10.960511207580566,5.329294204711914,2.6598243713378906,5.7557244300842285,4.682854175567627,4.646531581878662,-0.08967084437608719,6.163415908813477,10.941292762756348,6.533573150634766,0.8048129081726074,0.7211266756057739,0.6793278455734253,0.5859483480453491,0.544319212436676,0.49333298206329346,0.40994003415107727,0.41925349831581116,0.46580931544303894,0.5078554153442383,0.6205947995185852,0.7790403962135315,0.005139931595318123,0.004869832340490703,3791.2921489617665,1168.7045936243953,6042.338812672136,884.6246035428163,10025.479671186195,3585.45821690754,0.037815173651392114,0.049258456560863945,15.533373158397303,4.483647312794315,9.065796222756136,3.1795931381661977,12.0994447641828,3.3704560314746774,13.629183686954383,3.3027530194311856,14.218490756673404,2.3886955706008295,16.28089621420255,2.611637706285815,20.374070168172118,2.0749759291126524
no_vocals,500.0,505.0,-566.1534423828125,77.02894592285156,100.2071304321289,22.553129196166992,28.494598388671875,12.251087188720703,30.895021438598633,11.81717300415039,17.622663497924805,7.454593658447266,13.804177284240723,6.436889171600342,15.615059852600098,5.436712265014648,8.666587829589844,4.656787395477295,10.995609283447266,5.304812431335449,3.0600483417510986,5.0786566734313965,4.253780841827393,5.297958850860596,-0.12473277747631073,6.90168571472168,11.501490592956543,6.09322452545166,0.8370190858840942,0.7944759130477905,0.7257344126701355,0.6551374793052673,0.5385339260101318,0.5033257603645325,0.4171973764896393,0.39121007919311523,0.4157877564430237,0.45472151041030884,0.5297124981880188,0.6956221461296082,0.005352805764846538,0.004782350073914346,3594.6311690323946,902.289798417362,6006.583344826384,749.8326795132124,9637.832053908063,3166.580714285804,0.030264374274941996,0.02767129961472378,15.303176769016336,4.552985565344123,8.877913391102739,3.135379585624481,12.047419340031881,3.169728237594479,13.903386319581681,3.0190539152611016,14.55624865138009,2.44669875590452,16.877770978891277,2.4627526530600847,20.095867584220642,2.134016113429609
no_vocals,502.5,507.5,-571.36083984375,60.07878112792969,103.01286315917969,18.86958122253418,28.856199264526367,11.918013572692871,30.808452606201172,10.269440650939941,16.266130447387695,7.933075428009033,15.593628883361816,6.958707332611084,15.758566856384277,5.350540637969971,9.14764404296875,4.6750335693359375,12.19365406036377,5.392721176147461,3.3259716033935547,5.327158451080322,4.910897254943848,5.512674331665039,-0.774166464805603,6.058282375335693,11.109590530395508,5.520177841186523,0.8064864277839661,0.7883469462394714,0.7453470230102539,0.6951507925987244,0.5672340393066406,0.5113109946250916,0.41903457045555115,0.3778529465198517,0.39465710520744324,0.4316500127315521,0.5001707673072815,0.6592109799385071,0.004451154765247296,0.0032760393361439648,3518.360974205762,813.5677893336193,5963.339781167703,695.865126154646,9413.556998622389,2816.0306046421692,0.037926198158352666,0.031006529496819018,15.178010088537482,4.348513079311778,9.245607115361608,3.598179351710237,12.191142225903457,3.195193168957771,13.83902304299601,3.0984366871910303,14.356539354688516,2.346207572671422,16.340284430365628,2.612740727714762,20.247047497338592,2.2067208603164308
no_vocals,505.0,510.0,-571.3497924804688,63.814884185791016,98.48716735839844,20.162935256958008,27.683197021484375,12.410245895385742,31.83028221130371,10.77568531036377,17.6652889251709,7.742860317230225,16.050891876220703,7.67155122756958,15.233794212341309,5.815443992614746,7.8160786628723145,4.735306739807129,11.590802192687988,5.498291015625,2.452929973602295,4.97249174118042,4.984335422515869,5.445008754730225,-0.39389315247535706,6.995686054229736,11.463159561157227,6.143070220947266,0.7957726716995239,0.7595206499099731,0.728977620601654,0.6657310128211975,0.5650805234909058,0.5395463109016418,0.4298691153526306,0.41612133383750916,0.4458967447280884,0.4818653464317322,0.5515956878662109,0.6945292949676514,0.00449902615445102,0.0034622438771949207,3724.801671742518,834.7457193120885,6142.586365711406,650.6319010036401,10023.431269032773,2852.404224333576,0.04047183149651972,0.029216038741162756,15.705799200278044,4.851685552080697,9.069241419311195,3.313699337726851,12.572066694654671,3.3534504783113475,13.53831689933097,3.1982126753244375,14.183285273161939,2.2953063250553987,16.058120507701638,2.6426744700125147,20.43171908718746,2.0603651984012425
no_vocals,507.5,512.5,-569.57958984375,73.7215805053711,95.83595275878906,23.704198837280273,24.610145568847656,12.446274757385254,30.569059371948242,14.352237701416016,15.762687683105469,7.7878899574279785,14.223848342895508,8.081731796264648,14.15211009979248,6.565726280212402,7.439952373504639,5.087074279785156,10.670217514038086,5.6091532707214355,2.7976815700531006,4.839275360107422,4.589715003967285,5.032014846801758,0.6814860701560974,7.423921585083008,11.810105323791504,6.100589275360107,0.7950153946876526,0.7815324664115906,0.7290949821472168,0.6692585349082947,0.576998770236969,0.5840439200401306,0.5012006759643555,0.4620386064052582,0.4738021790981293,0.4970456659793854,0.5351362824440002,0.6599544286727905,0.004768557410596453,0.004094744828518103,3845.8715090915834,986.6253769943999,6131.145284428559,737.997348607665,10235.016223172854,3154.041097268372,0.03374125398781903,0.028140995231305276,16.487800134338773,5.113489958771079,8.904732843563716,3.36760777590776,12.21515820241288,3.2738047908575036,13.77990354003936,3.2429729845371686,14.20282917564653,2.2503420731185457,16.021181481541092,2.58813779662805,20.609779960336795,2.069887471841904
no_vocals,510.0,515.0,-567.9598999023438,65.8266372680664,98.20328521728516,18.460634231567383,28.592540740966797,8.966712951660156,30.02584457397461,12.4960298538208,16.207569122314453,8.27745246887207,14.229472160339355,7.726288318634033,14.387430191040039,6.359935760498047,8.309026718139648,4.848676681518555,11.183079719543457,5.270936489105225,2.96189022064209,4.5860185623168945,5.083360195159912,4.81329870223999,-0.30584460496902466,6.058220386505127,11.27442741394043,5.77665376663208,0.7922888398170471,0.7365598082542419,0.67143315076828,0.5684787631034851,0.5593404173851013,0.47975295782089233,0.4222913384437561,0.426678866147995,0.45794975757598877,0.5079058408737183,0.6471202373504639,0.7981135249137878,0.004596736252128542,0.0039569898766255,3920.7009356907797,895.7540316566981,6255.374206273965,662.0169641542367,10633.755188696347,2950.369297171708,0.03452748876160093,0.02656302234678033,16.069017557242404,4.559294364254206,9.233176790778682,3.3102218583114036,11.71485298284778,3.015327900582398,13.862382441076587,3.348197606630859,14.23910571845728,2.4835250801500677,16.096782640149343,2.79495238909084,20.648960961257004,1.9570040854572661
no_vocals,512.5,517.5,-581.3201904296875,65.05518341064453,98.85433959960938,19.8424129486084,27.736433029174805,9.804503440856934,30.495452880859375,11.06235122680664,16.03837776184082,8.162453651428223,15.326568603515625,7.557898998260498,13.523913383483887,5.545337200164795,8.012642860412598,4.178145408630371,10.490138053894043,4.999364376068115,1.9987722635269165,4.84769868850708,5.164182186126709,5.131524562835693,-0.24354125559329987,6.237002372741699,11.437283515930176,5.554713249206543,0.7847002744674683,0.7773369550704956,0.7433581948280334,0.6910995244979858,0.5948905348777771,0.572873592376709,0.4823301136493683,0.43094000220298767,0.44572436809539795,0.49917376041412354,0.5522505044937134,0.6676254868507385,0.003995221355344383,0.0032026892553904006,3725.8343913655885,909.8107269812035,6069.959302756615,800.3945828404464,10174.11372987964,3208.9519751490275,0.025512978538283063,0.02287454182754064,16.107371862852034,4.59993910864963,9.40664986643682,3.228836346172471,12.110199503133058,3.2480040917590514,13.671666443295678,3.0540074813327207,14.167328362675576,2.4931688936370593,16.01122156646397,2.72701252040449,19.93320736287224,1.8795410483865163
no_vocals,515.0,520.0,-585.5218505859375,53.30731201171875,100.03486633300781,18.966171264648438,27.55678367614746,10.383124351501465,30.98668098449707,10.843945503234863,15.661336898803711,8.307479858398438,16.33305549621582,7.83557653427124,13.954910278320312,5.596701622009277,8.092315673828125,4.854280948638916,10.535844802856445,5.365068435668945,0.8012505769729614,5.301080226898193,4.461381912231445,5.084835052490234,0.07224402576684952,5.835816383361816,10.296740531921387,5.539498329162598,0.7638298869132996,0.7365186214447021,0.7095702290534973,0.6587641835212708,0.5711266398429871,0.5625417828559875,0.4766539931297302,0.4539960026741028,0.46854260563850403,0.5117606520652771,0.5684356093406677,0.6771520376205444,0.003453208653800829,0.002273247033980393,3686.7688418049943,874.9797365086323,6048.114754927338,751.8171186546173,9932.901886057134,2901.39519671373,0.02818323122099768,0.024158307172371146,16.20887094417724,4.285832889628377,9.499780889899853,3.279171102778173,12.287588423237837,3.3292391333751477,13.683129043345447,3.2350693378977766,14.159656626020649,2.342392050227972,15.785694532464705,2.833411091009349,20.210074276612314,1.778515824815978
no_vocals,517.5,522.5,-575.7649536132812,53.94249725341797,99.19623565673828,19.30293846130371,27.15266227722168,10.87235164642334,32.98958969116211,11.76518440246582,15.5709810256958,8.708451271057129,16.145980834960938,7.409919738769531,14.50980281829834,6.426248073577881,8.663509368896484,5.608852863311768,11.485931396484375,5.52998161315918,1.0229367017745972,5.415241718292236,4.527525424957275,5.474534034729004,0.020695803686976433,5.669399261474609,10.533536911010742,5.916006088256836,0.7566110491752625,0.700093150138855,0.6724141240119934,0.5839815139770508,0.5495772361755371,0.5192367434501648,0.4767972230911255,0.4793287515640259,0.49269619584083557,0.5118467807769775,0.6066585779190063,0.7382093667984009,0.0037405166114310964,0.0026714267948834405,3728.512208603492,888.4973915518474,6036.370583817598,649.1689818147,9886.887779147331,2561.8634937691827,0.0322288283062645,0.024484947200482183,15.86863898305989,4.081108254705928,9.815189411294543,3.182158287848429,12.24779628424501,3.209341652052372,13.502985839031165,2.961108768442057,14.198355223787582,2.349433187649182,15.807520212331381,2.7626464342231807,20.03025126053013,1.7385228809635478
no_vocals,520.0,525.0,-577.7632446289062,57.820133209228516,96.03834533691406,24.295177459716797,26.464691162109375,13.90160083770752,32.60739517211914,12.82364559173584,14.760376930236816,8.00688362121582,14.793224334716797,7.166358947753906,13.325725555419922,6.558190822601318,8.275531768798828,5.244941234588623,11.616215705871582,5.234910488128662,2.0343286991119385,5.470067501068115,5.5284810066223145,5.4832539558410645,0.11223883926868439,6.4900312423706055,10.504759788513184,5.582293510437012,0.7232120633125305,0.707390308380127,0.6741145253181458,0.6376938819885254,0.5552657842636108,0.5933881998062134,0.4888503849506378,0.4552566409111023,0.4599743187427521,0.4781720042228699,0.5058227181434631,0.6215319037437439,0.004093457136536557,0.003300928634655235,4095.6148317429747,1716.2488731496119,6212.280698837027,1029.1082005843934,10682.117463928364,3879.4995001333887,0.06424693662993039,0.16397719507692676,15.93473551346813,4.428165285656083,9.907503180481424,3.3767396760771926,12.145920233890624,3.196156882156212,13.706949500806536,3.0417439115870306,14.065747830473505,2.3688410479892417,15.67294049135276,2.589516194725065,20.56628152775465,2.8342966823438682
no_vocals,522.5,527.5,-575.2626953125,55.8439826965332,95.12007141113281,23.033340454101562,27.593320846557617,14.136266708374023,32.1905403137207,10.736662864685059,16.203847885131836,7.798113822937012,14.94032096862793,6.991497993469238,13.930052757263184,6.907200336456299,8.180975914001465,5.13287878036499,11.323464393615723,5.27384090423584,1.3546878099441528,5.045522212982178,5.724798679351807,5.965335369110107,-0.4737603962421417,6.804811477661133,10.618367195129395,6.220357418060303,0.7307169437408447,0.71759033203125,0.6869872212409973,0.6477960348129272,0.5611119866371155,0.591123104095459,0.4714393615722656,0.4222117066383362,0.4245627522468567,0.4546903669834137,0.497117280960083,0.6198270916938782,0.004366608947815845,0.0037344057851914163,4178.463238458456,1661.436788658918,6340.868644205547,956.7543735833481,10922.879658497679,3790.9955759258887,0.06582280488689095,0.16306543817598965,15.977286230750293,4.397793399925976,9.546372608818581,3.2901050740273017,12.542783497831186,3.5296227171295866,13.683495600503184,3.1815444146268446,14.032311602434199,2.357669076322835,15.8408987759774,2.545196549212529,20.96816220408028,2.6546366317158
no_vocals,525.0,530.0,-569.380859375,52.327518463134766,97.13127136230469,21.157922744750977,27.416614532470703,11.783110618591309,34.0106086730957,10.772826194763184,16.9891357421875,7.768832206726074,17.624954223632812,7.83755350112915,14.218990325927734,6.628576755523682,8.863137245178223,5.2815165519714355,11.271049499511719,5.241164684295654,1.0455727577209473,4.728273391723633,4.9445977210998535,5.90941858291626,-0.8295840620994568,6.496216297149658,10.366023063659668,6.507433891296387,0.7792579531669617,0.7682867646217346,0.7138623595237732,0.6588901877403259,0.556837260723114,0.5264740586280823,0.4673086702823639,0.43075454235076904,0.43889135122299194,0.46673038601875305,0.509956419467926,0.643731415271759,0.0040936823885697705,0.0032050256678829467,3776.5402155888455,941.6588155737468,6028.725798366817,598.5477071215954,9940.34607924884,2562.1655810845746,0.0353465777262181,0.02683720750755434,15.44358409060454,4.402788871133127,9.394773122240222,3.241571112584209,12.46721382892529,3.331704519891588,13.66390979947742,3.1161516642914098,14.161035514024348,2.2553689662702823,15.852527287737647,2.331420101344959,20.161494622938175,1.6821104873558206
no_vocals,527.5,532.5,-561.6585083007812,55.51502227783203,96.15440368652344,23.063980102539062,27.275644302368164,11.265894889831543,33.50308609008789,12.289949417114258,17.53500747680664,8.480060577392578,17.05919647216797,8.663102149963379,15.060798645019531,5.928197860717773,8.380569458007812,4.942577838897705,11.697734832763672,4.871294975280762,1.6148592233657837,5.052967548370361,4.511531829833984,4.959053039550781,-0.5970640182495117,6.594635486602783,9.701478004455566,5.933795928955078,0.7792826294898987,0.7278552055358887,0.6909338235855103,0.5950061082839966,0.5227333903312683,0.4765542149543762,0.42053136229515076,0.4482574760913849,0.503864049911499,0.5332505106925964,0.6245019435882568,0.7490203380584717,0.004431705618290157,0.0039056597034472103,3897.704865746844,1158.4126112125664,6096.696149736239,593.7803333346769,10219.128616226799,2841.201537402295,0.04250879132830626,0.03209106350669248,15.230559746795103,3.8510852063270975,9.302293700813284,3.2122224920120543,12.186805545898403,3.0190229394794694,13.76920856100783,3.3171760854424095,14.110077340211992,2.3834574491601517,15.939495148943129,2.5187559743455514,20.548573602425012,1.765979937037925
no_vocals,530.0,535.0,-561.1026611328125,63.99282455444336,100.7232666015625,23.60540771484375,26.348630905151367,11.436400413513184,31.584564208984375,12.645094871520996,15.503482818603516,8.866791725158691,14.22704029083252,7.854035377502441,15.094082832336426,6.462059020996094,8.672966003417969,4.668680191040039,11.717475891113281,5.039149761199951,2.675899028778076,5.503265857696533,4.676234245300293,5.1861796379089355,-0.40904492139816284,6.240080833435059,10.377059936523438,6.081422328948975,0.7462074756622314,0.7223091721534729,0.7214220762252808,0.6549042463302612,0.5673571228981018,0.5276076197624207,0.44502755999565125,0.45933228731155396,0.5049950480461121,0.5321947932243347,0.5862902402877808,0.6886367201805115,0.004901533924246298,0.004229521932313214,3699.8979608187356,1201.3230085177684,5947.474009193179,808.1975155741918,9662.712645917924,3456.037715664018,0.034164959759280744,0.0299364473881036,15.160544269618875,4.082563438573161,9.630215507218264,3.0933532230785388,11.96371539894506,3.220003176434289,13.716051412559592,2.8789691878756383,14.34198630554118,2.3832928809106693,16.08043328653131,2.573597292158467,20.13978011766475,1.7091325477002675
no_vocals,532.5,537.5,-569.909423828125,65.9207763671875,100.53153991699219,21.814477920532227,27.509511947631836,11.398496627807617,30.76752281188965,11.981232643127441,15.86112117767334,8.146721839904785,13.223669052124023,7.574812889099121,13.812612533569336,6.964354038238525,8.481792449951172,4.966220855712891,11.004877090454102,5.08125638961792,2.7679576873779297,4.817061424255371,4.988043308258057,5.333074569702148,0.16571512818336487,5.881371021270752,10.390632629394531,5.730479717254639,0.7175620198249817,0.7082334160804749,0.7148129940032959,0.6902719140052795,0.6248537302017212,0.6198185086250305,0.4926321506500244,0.4627744257450104,0.46674567461013794,0.4790288209915161,0.525272011756897,0.6326456665992737,0.004370349906914351,0.0033560120241592647,3784.282976817335,1063.3363282554694,6090.035746661658,878.8325486308958,10144.037190944025,3538.993645179885,0.036864667923433875,0.039193722902688695,15.608535232781296,5.055007580367002,9.703066832524927,3.24845655362587,11.90125466133935,3.025161211524744,13.54446789457923,3.0730652700885,14.234545998621833,2.401422491539041,16.068618617558087,2.4444894624031757,20.157478559375757,1.9864898992497166
no_vocals,535.0,540.0,-566.1648559570312,63.92548751831055,81.1808853149414,30.021039962768555,32.97523498535156,13.209587097167969,29.10256576538086,10.902715682983398,18.48630714416504,7.797203540802002,13.544594764709473,6.726442813873291,13.376928329467773,6.669917106628418,8.713040351867676,5.199437618255615,8.491414070129395,4.567159175872803,4.672958850860596,4.09011697769165,3.339015007019043,5.266256332397461,2.992363214492798,5.713928699493408,9.09099006652832,5.75622034072876,0.7277595400810242,0.7011684775352478,0.6992092132568359,0.6389142870903015,0.6604752540588379,0.5961521863937378,0.4878579378128052,0.47727665305137634,0.4901168942451477,0.5062232613563538,0.5940566658973694,0.7094748616218567,0.004969606148197884,0.00870614838697774,4010.6929281266575,1042.8092954777644,6265.855616287046,832.5633654599004,10888.606393198956,3426.889747247834,0.04704833417923434,0.05950162401496266,16.02977436634563,5.077651708113582,9.44416940130043,3.475327179441355,12.308952405016772,3.1846218875277392,13.326969588503463,3.151734176235679,14.171395786165057,2.486661869416138,15.893481057824173,2.3465052117565595,20.46366443003292,2.250623290321511
no_vocals,537.5,542.5,-568.623779296875,63.177310943603516,78.77088928222656,32.53618240356445,33.31660842895508,14.293656349182129,29.2014217376709,12.4866361618042,17.99259376525879,7.742973327636719,14.917585372924805,7.256136894226074,14.309504508972168,6.163155555725098,9.118030548095703,4.928930759429932,8.92072582244873,4.8633246421813965,5.38215970993042,4.397435665130615,3.5559513568878174,5.553980827331543,3.2410943508148193,6.136860370635986,9.603866577148438,5.272808074951172,0.7478327751159668,0.7133076786994934,0.7028709650039673,0.6318522691726685,0.6513559818267822,0.5725169777870178,0.4693177342414856,0.4659593105316162,0.4854632019996643,0.506413459777832,0.5996137857437134,0.7285763621330261,0.005122078689065893,0.008743313437166762,4022.66524835362,1156.3472451570487,6304.693883955241,887.0647056355049,10957.75245613399,3770.2122236375158,0.04454121954756381,0.05463119030591824,16.59897602415222,5.214268007270344,9.694427915332055,3.366138958994769,12.40395255756295,3.1230311576275116,13.44471826620527,3.254524853919771,14.238161571432693,2.3801012268795194,16.010925572399653,2.254304366541747,20.396932694714508,2.278407683421119
no_vocals,540.0,545.0,-571.3776245117188,68.20513153076172,94.89246368408203,25.546987533569336,29.253938674926758,11.598013877868652,32.96760940551758,14.104591369628906,17.32944107055664,7.848729133605957,15.23298168182373,7.801469326019287,15.072893142700195,5.749077320098877,8.371764183044434,4.815451145172119,11.998032569885254,5.132184028625488,3.7239058017730713,4.821583271026611,4.3684587478637695,5.4582414627075195,0.056494906544685364,6.850728511810303,12.273317337036133,5.050667762756348,0.7609601020812988,0.7153889536857605,0.6865581274032593,0.5892240405082703,0.5692458152770996,0.48694002628326416,0.4102041721343994,0.42750945687294006,0.46210458874702454,0.4959811568260193,0.6071532368659973,0.7460604906082153,0.004802797476949036,0.0035615086710712274,3861.1320833062177,1146.1170852363844,6223.284228534548,835.6250586709027,10272.087306046984,3646.5968196348053,0.04054660310324826,0.03242831151555642,16.464635809472142,4.851715033806832,9.98450117415631,3.266062862243103,12.665918170650329,3.3896381036483376,13.932586211445715,3.213573055046571,14.638058408984099,2.6945758654376646,16.383013215912104,2.887894892560931,21.22255960755575,2.093425749341433
no_vocals,542.5,547.5,-565.7188110351562,72.2407455444336,103.0896987915039,31.758285522460938,28.189697265625,12.698177337646484,34.00675964355469,9.512001037597656,20.762189865112305,9.327009201049805,15.41032886505127,8.164071083068848,14.975234031677246,5.953804016113281,6.825949668884277,7.429847717285156,10.234832763671875,7.261847496032715,4.306232929229736,4.46931791305542,3.7829933166503906,5.332698345184326,1.3452796936035156,7.185204029083252,10.341683387756348,7.035499095916748,0.7150331139564514,0.6758620142936707,0.6609398126602173,0.6030158996582031,0.5369651913642883,0.5373846888542175,0.43721720576286316,0.45723283290863037,0.5027849674224854,0.5310596823692322,0.5730764269828796,0.6671839356422424,0.006080667200074758,0.006514973065043331,3504.3834947789383,1260.7305259481484,5945.8576056842,1188.2946968066644,9369.691215922274,4818.341234240871,0.060873151102088165,0.09758770670215919,15.962201790959826,4.417893869653725,10.194940238101,3.539826512065706,12.746927251706134,3.5601741430456233,14.267310698462667,3.056524696895526,15.051652376779618,2.6532076587370232,16.71618135939827,2.9293024421960476,22.03372767818127,2.973275531248854
no_vocals,545.0,550.0,-598.147705078125,70.58914184570312,93.20143127441406,32.921932220458984,23.0598087310791,14.350199699401855,29.258926391601562,9.979016304016113,24.140708923339844,11.029093742370605,13.510319709777832,8.867030143737793,12.436118125915527,7.4546709060668945,6.02956485748291,7.85836124420166,8.771720886230469,7.297286510467529,4.52882194519043,5.847502708435059,3.5065114498138428,5.3999738693237305,5.730457782745361,6.521751403808594,6.998635292053223,6.987919807434082,0.6708704233169556,0.6700054407119751,0.7023943066596985,0.7116622924804688,0.6780098676681519,0.7312462329864502,0.6056647300720215,0.5844777822494507,0.5820751190185547,0.5808824300765991,0.5761922597885132,0.6108872890472412,0.004368824702244589,0.006411734942448213,3723.6660763233003,1161.7630844842797,6119.015787578355,1113.9205383836095,10195.447088892111,4576.858808826882,0.046537394866589324,0.10072287595387314,16.66514305781585,4.36490773449593,9.62422042722022,3.6525791103155605,11.556330500044682,3.437530893991976,13.654385749368444,3.5642215551398357,14.06506662147309,2.5433777469248806,16.187853240405577,2.532713494920959,20.976233056511187,3.664608155502728
no_vocals,547.5,552.5,-645.295654296875,49.7982177734375,95.69329833984375,19.747243881225586,12.873135566711426,12.624720573425293,29.06191062927246,12.037272453308105,22.478744506835938,12.761213302612305,9.185098648071289,8.852567672729492,11.916178703308105,7.825313568115234,5.079875469207764,6.628303050994873,10.902444839477539,6.833864688873291,2.420315742492676,6.309624671936035,3.820856809616089,5.443625450134277,7.293092250823975,5.561273097991943,7.065483570098877,7.0663275718688965,0.7033782601356506,0.724391520023346,0.7671786546707153,0.7877469658851624,0.7654834389686584,0.7978609800338745,0.6908904314041138,0.660317599773407,0.6368277072906494,0.6187818050384521,0.6153374910354614,0.6356073021888733,0.0018170892699619456,0.0002080406369542101,3630.3679615584365,738.274481918317,6021.304002130435,624.7084470899468,9422.500022658063,2676.133732382946,0.009364577291183295,0.016945194996858804,17.909678031756467,3.7683298384420016,9.058503301010537,3.18429491810109,10.874982527985354,3.18252281505872,13.060521280525652,3.092918459880552,13.615452828993288,2.114007771085267,16.00090854999939,2.1669365858078473,19.942405789582388,2.6693098183305493
no_vocals,550.0,555.0,-651.48876953125,63.69662094116211,99.46966552734375,19.792266845703125,14.401680946350098,12.840340614318848,24.950124740600586,14.075421333312988,19.019161224365234,10.694363594055176,7.717183589935303,8.778658866882324,10.417445182800293,8.195380210876465,5.216903209686279,6.58853816986084,9.607945442199707,7.072066783905029,0.660354733467102,5.965022087097168,4.581975936889648,5.859842300415039,5.361380100250244,5.904177188873291,7.691864013671875,7.313290119171143,0.6979693174362183,0.718574583530426,0.7393373847007751,0.7532126307487488,0.7427776455879211,0.8010234236717224,0.6815171241760254,0.6590216755867004,0.657419741153717,0.6473717093467712,0.6281259655952454,0.633291482925415,0.0017163286187087473,0.00020964473546101372,3709.9230882327442,790.9414830476785,6200.656495086177,694.2912204916893,9939.646624854988,2924.7594813930104,0.0143527497824826,0.02699849229014231,18.55069519277889,4.735627619281985,8.691695734072699,3.156655899009098,11.192348541574074,3.2377496710458935,13.304777515967839,3.4698966331479175,13.542512373509789,2.099585466587383,15.941308376807605,1.9374430807057592,20.685454658888144,2.8055646317772704
no_vocals,552.5,557.5,-651.8381958007812,65.82421875,96.79676818847656,21.039588928222656,10.622238159179688,14.114411354064941,26.899532318115234,13.709539413452148,21.37405776977539,9.186014175415039,9.61982250213623,8.839277267456055,10.685295104980469,8.841033935546875,4.4409565925598145,6.87748908996582,9.746081352233887,6.647913455963135,0.14066444337368011,6.332331657409668,3.205960750579834,6.137723922729492,4.190507888793945,5.603057384490967,6.253859996795654,6.855895519256592,0.6736171841621399,0.6965925097465515,0.7312953472137451,0.7408604025840759,0.7383061647415161,0.7911713123321533,0.6721283197402954,0.6560224294662476,0.6570006608963013,0.6406664848327637,0.6143497824668884,0.6188445687294006,0.001702311070605663,0.000252323537997653,3717.694645894591,865.6741786378964,6099.651227151112,846.5965888211849,9918.36322687065,3123.281089560891,0.012750824753480279,0.025179148836787183,19.23552031950075,4.448190126465538,8.678986358229638,3.068118121695745,11.80173906827895,3.5445387552289187,12.77714480590639,2.9775359685304577,13.291107903723676,2.1073638608018768,15.650866098363954,2.0150595616367477,20.711464533384973,2.59401085360958
no_vocals,555.0,560.0,-656.697021484375,60.06306838989258,93.31998443603516,21.726604461669922,8.945130348205566,12.876559257507324,28.73848533630371,12.383216857910156,23.36785316467285,9.357205390930176,11.403085708618164,7.803547382354736,11.779159545898438,8.248626708984375,6.258121967315674,7.015992641448975,11.070661544799805,6.683806419372559,0.5320166945457458,6.141063690185547,1.784493088722229,5.620993614196777,3.2250614166259766,5.488106727600098,5.576262474060059,6.403507232666016,0.670485258102417,0.6901372075080872,0.7315006852149963,0.7706702947616577,0.7537505030632019,0.7913220524787903,0.7177920341491699,0.6735978722572327,0.6661478281021118,0.665748119354248,0.6452686190605164,0.6379764080047607,0.0017155135329164513,0.0002225555593123771,3565.114551110744,772.8735568710554,5921.776390993649,748.4064976233582,9233.397531177494,2757.8317959665424,0.006799684599767981,0.011841256802219334,19.615771338590314,4.878746837489844,8.7864368976039,3.1311624356594474,11.982149711193427,3.2976364167160557,12.52705881348622,3.0971176623455343,13.414345448734915,2.196110286401569,15.808154426097978,2.0391633194796217,20.245002793853022,2.088845259994177
no_vocals,557.5,562.5,-658.4089965820312,63.94032287597656,95.34386444091797,23.393905639648438,14.636463165283203,11.332279205322266,25.1854190826416,12.052292823791504,21.168041229248047,9.118234634399414,10.452136993408203,6.536203861236572,10.35161018371582,8.156466484069824,7.472355365753174,6.32022762298584,9.98654556274414,6.783382892608643,-0.6295220255851746,6.476747035980225,1.9760777950286865,5.771723747253418,3.3921620845794678,6.060441493988037,6.176823616027832,6.383601665496826,0.6937594413757324,0.7154634594917297,0.7558523416519165,0.7745745182037354,0.7494555115699768,0.7745863795280457,0.695088267326355,0.6635282039642334,0.6601817607879639,0.6662167310714722,0.6494626402854919,0.6501851677894592,0.0017665174066925338,0.0002097850747036156,3584.0356908683793,647.9003287708144,6089.406707682126,692.0750458971366,9620.795343314965,2675.927253925933,0.007896334831786542,0.01396897337670154,19.83793956294587,4.993864235492963,8.678057318382503,2.9863375869944067,12.002306938218828,3.0208555965997617,12.637342730114995,3.157423771681803,13.064179876830075,2.1865528777300858,15.745773478640405,2.1021316803018912,19.99596199098028,1.9915779135184755
no_vocals,560.0,565.0,-655.401123046875,56.38650894165039,99.92772674560547,22.893043518066406,12.231075286865234,12.79492473602295,27.171979904174805,11.941731452941895,21.229339599609375,11.403288841247559,10.633529663085938,7.651658058166504,10.190133094787598,7.729689121246338,5.078711986541748,6.3585686683654785,7.776961803436279,6.476792335510254,0.38498562574386597,7.0013813972473145,0.5763171315193176,5.872580051422119,3.544416666030884,6.02347993850708,8.298124313354492,6.3033576011657715,0.7318227887153625,0.7515026330947876,0.7747007012367249,0.790316641330719,0.7594639658927917,0.7551763653755188,0.7019118666648865,0.6851949691772461,0.680754542350769,0.6798712611198425,0.6631168127059937,0.6690815687179565,0.0018413257155796457,0.00019699207430038835,3204.8733389811186,612.460103916457,5641.7756547884965,729.6722660826063,8140.699884897042,2484.791757200011,0.005533098897911833,0.012187269988636102,20.203136396779495,4.865079555963112,8.860064481294533,3.1693726971069904,12.02305428999624,2.886144837153718,12.667152107494228,2.9551663068043466,13.416546292987025,2.443970245072998,15.052543351433757,1.9040080615655322,19.013504083432316,2.510975003661399
no_vocals,562.5,567.5,-667.7499389648438,51.49946594238281,94.57571411132812,23.197290420532227,11.79593276977539,13.28464126586914,27.0255126953125,13.125946998596191,21.197174072265625,11.996611595153809,10.317638397216797,8.223373413085938,10.90548324584961,8.621862411499023,3.6695899963378906,5.904331684112549,6.507461071014404,6.322692394256592,0.5915900468826294,6.595447540283203,-0.14950448274612427,5.718653202056885,3.381409168243408,5.839565753936768,7.777298450469971,5.6660943031311035,0.7656638026237488,0.7777400612831116,0.8009172081947327,0.8114383220672607,0.794658362865448,0.7871342897415161,0.7496533393859863,0.7552038431167603,0.7534507513046265,0.7406935095787048,0.7129920125007629,0.7042655348777771,0.0018462888953727594,0.0001205717954585713,3116.74369012865,519.0508599114373,5563.687341794527,544.8023434072012,7842.432546947506,1991.380418865837,0.001689158570185615,0.004894752264372498,21.817379943567694,5.473986924783986,8.45625143605772,3.194619525584512,12.04345441441644,3.1490576470559257,12.89785461119966,3.1360748936025797,13.538164837413227,2.437413841998373,14.604787661943943,1.8033209066485587,17.73993029643707,1.9348943085345598
no_vocals,565.0,570.0,-678.45703125,56.68468475341797,92.003173828125,23.986507415771484,12.348535537719727,13.15926742553711,27.586795806884766,14.512444496154785,21.056625366210938,11.044856071472168,9.886012077331543,7.745663166046143,10.187520027160645,9.493772506713867,5.289380073547363,6.345192909240723,5.616631031036377,6.483592510223389,-1.1179745197296143,6.868904113769531,0.7876401543617249,6.167873382568359,3.943403482437134,5.798847675323486,5.750448703765869,5.488733291625977,0.7520443201065063,0.7752895355224609,0.7934789657592773,0.8069283962249756,0.8032822608947754,0.8198738098144531,0.7901701927185059,0.7855154275894165,0.7858989238739014,0.7787622809410095,0.7667737603187561,0.7257921099662781,0.0018427472760395218,0.00013270364685121177,3054.293701258937,587.3525868893514,5511.95308300732,633.2233164822374,7703.1911615429235,2357.7589191784946,0.0012416618329466357,0.004497425103621413,21.880893254367514,4.618891750963277,8.337300319857967,2.8610819140498,11.874039812540339,3.215516788926263,12.841644216111902,3.0933288978059927,13.342446918870035,2.551074821326615,15.160828697288329,2.2032733611585726,17.68989417966968,2.0127806485800503
no_vocals,567.5,572.5,-680.0216064453125,48.47966766357422,96.29576110839844,19.66398811340332,13.336912155151367,14.580239295959473,27.794876098632812,15.360329627990723,20.52646255493164,13.018004417419434,8.731500625610352,7.163250923156738,10.175457000732422,8.185277938842773,6.107686996459961,6.536998748779297,6.099405288696289,6.898216247558594,-1.1427807807922363,6.737391471862793,0.1626216173171997,5.825263023376465,3.5250370502471924,5.908493518829346,5.516637802124023,5.919027328491211,0.7692431807518005,0.7918054461479187,0.8177681565284729,0.8247041702270508,0.8255113959312439,0.8256369829177856,0.796370267868042,0.7992154359817505,0.7990084886550903,0.7909924983978271,0.7664581537246704,0.7331188917160034,0.0018514202315610966,0.0001120742880451838,2893.2318624226923,563.8401379987793,5369.586347041552,535.2720365200324,7048.751654038573,2042.1266832104468,0.0010241444315545244,0.0038294421773565424,21.945470047859114,4.4985077614556666,8.613037078272205,3.1426804239592077,12.322159658092788,3.560602765249129,12.842976979802884,3.043518082429913,13.639032205504561,2.2631197425242666,15.198201071583936,2.207081774600078,17.762740200654232,2.0729219522747324
no_vocals,570.0,575.0,-684.3134155273438,51.31550598144531,94.16584777832031,23.115522384643555,12.326282501220703,16.386550903320312,25.345548629760742,14.46579647064209,19.829669952392578,12.77751636505127,10.570125579833984,6.671451091766357,10.138812065124512,6.9513750076293945,4.355119228363037,5.8398919105529785,5.861156940460205,6.546269416809082,0.2461564838886261,6.643472194671631,0.5964173674583435,6.049518585205078,4.461151599884033,7.094616889953613,6.230932235717773,7.021829128265381,0.7880274057388306,0.8178243041038513,0.8449549078941345,0.8439025282859802,0.8363784551620483,0.8106927275657654,0.8060661554336548,0.807655394077301,0.8023431897163391,0.7691417932510376,0.7247403860092163,0.7579947113990784,0.001865940428881316,0.0001342258935161398,2848.934750962019,480.5534782820814,5365.642908757409,452.4322387138412,7016.6766739776685,1634.360467631832,0.001160092807424594,0.004163920695039182,22.69418873517833,4.8683237347445,8.454908042189265,2.980631994644966,12.199319482519178,3.300487529968004,12.854240677699835,3.0547436226449993,13.344687327132643,2.037347487032872,14.9221989204298,1.8925441437700832,17.471622187047025,1.8802694429655205
no_vocals,572.5,577.5,-669.33154296875,53.60275650024414,95.66398620605469,22.63998031616211,9.648911476135254,14.042813301086426,24.047550201416016,13.534439086914062,20.44544792175293,11.765708923339844,12.391480445861816,7.772806644439697,10.294835090637207,6.87421989440918,3.5638837814331055,6.138203144073486,6.25138521194458,6.20017147064209,0.48176711797714233,6.213809490203857,1.485013484954834,6.154850482940674,4.854528427124023,6.974013805389404,6.774016857147217,7.155900478363037,0.7730090618133545,0.788433313369751,0.8060070276260376,0.8208680748939514,0.7988466024398804,0.7903476357460022,0.7679083943367004,0.765272319316864,0.7686846852302551,0.7628641128540039,0.7417319416999817,0.7212862968444824,0.0019009234229742339,0.00013929536431651177,2967.87358393333,520.6949886856825,5430.932566007796,490.6070626242243,7317.392102305685,1748.12972904688,0.002181971432714617,0.005589046451262105,21.763633560811304,5.224293763179801,8.098793754531147,2.8419452805160357,12.41412154733632,3.268067326844626,12.901596599503481,3.1721271953315835,13.68629935375995,2.231483063669044,15.034023266967221,1.9163737930325726,17.874881852385045,2.1289857606062172
no_vocals,575.0,580.0,-655.1686401367188,54.1025390625,97.73307037353516,21.297016143798828,12.399163246154785,11.226922988891602,23.795230865478516,12.326059341430664,19.013525009155273,10.921830177307129,10.397080421447754,7.886615753173828,9.060455322265625,6.688148498535156,3.5439085960388184,7.016383171081543,7.081380367279053,6.74713659286499,-0.3144465386867523,6.752279758453369,0.981997013092041,6.465178489685059,2.7648470401763916,6.397796630859375,6.427280426025391,5.834590435028076,0.7729800343513489,0.786116361618042,0.7851917743682861,0.7809821963310242,0.7508293986320496,0.7582309246063232,0.7277624607086182,0.7215840220451355,0.7327700853347778,0.7386623024940491,0.7383992075920105,0.7266194224357605,0.0019305231497491215,0.00014501470609373405,3181.309944372849,602.4535093925956,5628.95861147103,477.679551321285,8041.827010223318,2013.2351614989868,0.004855622824825986,0.010311888932275012,21.348247682775337,4.965420144516848,8.38394052566575,3.1612441708756247,12.300669335639036,3.1982438931523656,12.776670483681679,3.151907469598577,13.496316879356565,2.162462884674389,15.071243875156252,2.0684547240071027,18.076778544646963,2.2206163816609967
no_vocals,577.5,582.5,-668.24755859375,71.54209899902344,89.4702377319336,27.98164939880371,14.56107234954834,12.435155868530273,27.347606658935547,12.2693452835083,18.203248977661133,9.812052726745605,8.98192310333252,7.105512619018555,8.273418426513672,7.12791109085083,3.7344799041748047,6.803581714630127,6.158877372741699,7.090210914611816,0.33062973618507385,7.37749719619751,1.5185195207595825,7.004685401916504,2.8557145595550537,7.050896167755127,6.239792346954346,5.624720096588135,0.7723566293716431,0.7899662852287292,0.7881209254264832,0.7883301973342896,0.7672401070594788,0.7702140808105469,0.7364952564239502,0.7430326342582703,0.7565892338752747,0.7706084847450256,0.7589185237884521,0.7267056107521057,0.0019287651349636974,0.00018048406714094798,3183.3388877139705,639.7035949309878,5634.630828573967,517.1552461789066,8262.404949427204,2137.027227429603,0.006296675609048724,0.014252194630672203,22.122215440172308,5.124603270290771,8.762909258495412,3.1277328340782016,12.38660764558698,3.3454059996152994,12.895255652912176,3.178473409026158,13.43522207383803,2.3488522005234844,14.81133002709419,1.9670837468303397,17.767673135074382,2.344306126085083
no_vocals,580.0,585.0,-664.608154296875,69.90633392333984,89.06233978271484,26.53676986694336,16.038358688354492,12.911260604858398,28.36697769165039,13.215292930603027,18.806655883789062,9.947052955627441,9.196500778198242,6.811607837677002,10.359635353088379,7.4545698165893555,3.956735610961914,6.177464962005615,6.508993148803711,6.396954536437988,0.43050992488861084,6.424491882324219,2.0318124294281006,6.331956386566162,4.0223798751831055,6.5838704109191895,7.017653465270996,5.5326972007751465,0.7640910744667053,0.7707372307777405,0.7824358940124512,0.7946984767913818,0.7764071822166443,0.7774845957756042,0.7409796714782715,0.744787871837616,0.7632322907447815,0.7712274789810181,0.7450780868530273,0.716341495513916,0.0019460108845328302,0.0001877455481340142,3304.005668139192,655.3141765746877,5784.0193849877505,476.8242320449325,8595.395201928653,2100.9356456540563,0.006575369779582367,0.014376571905294117,21.697840772254256,5.074650851167501,8.372534611817075,2.87682352743148,11.937195219018479,3.20905205532737,12.72003314263924,3.0663925496654523,13.2841780866093,2.252346405579673,14.663468887515286,1.936472123688609,18.28000943230335,2.820817734859692
no_vocals,582.5,587.5,-653.9235229492188,60.12113571166992,98.55455780029297,23.856529235839844,16.517047882080078,12.280556678771973,29.015663146972656,13.029930114746094,19.348037719726562,10.508672714233398,9.46059799194336,5.6451311111450195,11.616552352905273,6.671648979187012,5.3110175132751465,5.901403903961182,6.877708435058594,6.384222030639648,-0.17789311707019806,5.8495893478393555,0.5117130875587463,5.839962482452393,2.982896089553833,6.275805950164795,7.910679817199707,5.841061592102051,0.7677148580551147,0.7591038942337036,0.756560206413269,0.7628171443939209,0.7325466275215149,0.7193064093589783,0.6897823810577393,0.7057906985282898,0.7268643975257874,0.7473173141479492,0.733454704284668,0.7186310291290283,0.001976721043041594,0.00017367901279259399,3147.7389283756315,687.3559713367295,5625.212699534178,545.8156476391918,7907.082117350638,2199.3544639948273,0.00621170787412993,0.011002801763600674,20.806584433870775,5.190202293640342,8.48872560746449,2.7852384793284792,12.324063169966099,3.3646568906051613,12.79128241141067,3.2093898885429977,13.235833251484367,2.170682318493692,14.86274244401835,1.9695777621127686,18.374429833046108,2.6812332340350644
no_vocals,585.0,590.0,-670.8377075195312,59.44743347167969,96.47660064697266,25.424394607543945,16.01128578186035,11.625876426696777,28.124269485473633,13.567973136901855,19.14688491821289,10.847461700439453,8.52879810333252,6.395997047424316,10.760773658752441,6.74843692779541,5.973221778869629,6.175846099853516,6.728889465332031,6.3926191329956055,0.20129667222499847,5.916145324707031,0.7806001305580139,6.250825881958008,3.1621592044830322,6.369181156158447,7.824240684509277,6.212210655212402,0.7646512985229492,0.7701646089553833,0.7928486466407776,0.7951263785362244,0.7732791900634766,0.7677990198135376,0.7291605472564697,0.7369357347488403,0.7500579357147217,0.7570371031761169,0.7401129007339478,0.7309170961380005,0.0019251150535549233,0.00014826132549543967,2991.0441298936935,522.9742516802993,5528.468773287812,530.7925984617885,7497.351725638051,1951.5200577011722,0.0031358758700696055,0.006420448218576123,21.327588984500274,4.873781874638353,8.688250657243568,2.8332226412443937,12.068681536823801,3.4631012640641976,12.67839701588362,3.078494915494914,13.476044323284846,2.3226986797720754,15.262263947943586,1.7024429034510564,18.272763514908817,2.159883193857992
no_vocals,587.5,592.5,-669.0451049804688,59.99953842163086,92.12336730957031,23.843013763427734,12.05685806274414,13.556729316711426,28.738096237182617,13.340547561645508,20.609289169311523,11.063945770263672,8.449222564697266,7.612166881561279,10.622207641601562,6.782281398773193,5.770071983337402,6.246362686157227,7.8285627365112305,5.830414772033691,1.724182367324829,6.436042785644531,2.539970636367798,6.58630895614624,4.572473049163818,6.286102294921875,7.812255382537842,5.861212253570557,0.7401880621910095,0.7655516266822815,0.8060060739517212,0.8378673791885376,0.8160622715950012,0.8161101341247559,0.7772417664527893,0.7637473344802856,0.7656729817390442,0.7583210468292236,0.7280195355415344,0.7058239579200745,0.0019193094760166555,0.00015309783512171052,3101.9089495812837,597.622820259327,5556.89506403948,529.5685088546342,7736.86489450406,2077.692278871555,0.003822415168213457,0.009737638859772744,21.404675998244148,4.906317282986393,8.847371749053071,2.8977521687960817,11.30751057599777,2.8994935166399243,12.591121909804755,3.0980618049894497,13.416176839812644,2.230100943214338,15.229545911151332,1.8976047770964106,18.16523177873932,2.3237672104130014
no_vocals,590.0,595.0,-658.9942016601562,53.727813720703125,95.2244873046875,19.09162139892578,13.823862075805664,15.182348251342773,31.312389373779297,12.18635368347168,19.528934478759766,11.16547966003418,7.101670265197754,7.7246270179748535,11.476093292236328,7.438020706176758,5.880061149597168,5.454765796661377,8.15560245513916,6.358369827270508,1.2926325798034668,6.698694705963135,0.40243056416511536,6.9453277587890625,2.594670295715332,6.898800849914551,6.606351375579834,6.786245822906494,0.7520696520805359,0.7756540179252625,0.7978767156600952,0.8201350569725037,0.7885158658027649,0.774519145488739,0.7426540851593018,0.7403650879859924,0.7500174045562744,0.7562829256057739,0.7227162718772888,0.6963719129562378,0.0019543090478134646,0.00017691767158743268,3127.083211999666,638.798138795731,5535.92480422665,460.49284387780045,7663.971754459107,1921.0787053053405,0.004223462877030163,0.010443164367004813,21.282380421155523,4.800192864249928,8.593698145547123,3.1014631222480586,11.920008037081766,3.2135846842147604,13.288423856835069,3.406005762385565,13.319325683261365,2.253283741479583,14.997836159174229,1.8826173326654114,17.91418098185461,2.321552600330404
no_vocals,592.5,597.5,-664.8355102539062,61.30302429199219,90.953125,24.62396812438965,14.346174240112305,13.355807304382324,26.139324188232422,12.695160865783691,15.880098342895508,10.923190116882324,5.821328639984131,6.977632522583008,10.316401481628418,8.215929985046387,5.261665344238281,5.591528415679932,6.744108200073242,6.30293607711792,0.6442937850952148,6.90957498550415,0.318830668926239,7.557650089263916,2.0860583782196045,7.081800937652588,5.840057849884033,6.587706565856934,0.7563904523849487,0.7808600068092346,0.8068897724151611,0.8241642117500305,0.7989113926887512,0.7924997210502625,0.7437726259231567,0.7336779236793518,0.753764271736145,0.7594020366668701,0.7164507508277893,0.695816159248352,0.0019423728938411117,0.00017138440168470672,3262.446672195206,646.7652797738008,5722.477954652226,502.56601308629234,8429.27478338892,2228.311691946912,0.0028639791183294665,0.0072858713598373285,22.162497505057715,4.958256550534893,8.599632810472006,2.9559295339053184,11.859899237002415,3.4824750004598277,12.912301887536781,3.2753524095978883,13.418859564690251,2.321166090271575,14.940581648504583,1.8926324144508018,18.13575811548376,2.4325987872040757
no_vocals,595.0,600.0,-664.2495727539062,59.9390869140625,87.13667297363281,28.13642120361328,8.655779838562012,13.349538803100586,27.51542091369629,13.507980346679688,18.971654891967773,12.281538009643555,7.041476726531982,8.022224426269531,9.358736991882324,8.274748802185059,4.662413120269775,5.916120529174805,7.4652934074401855,6.914031028747559,3.1472158432006836,7.231814861297607,1.9247618913650513,6.736128330230713,3.91550874710083,6.401280403137207,6.537014007568359,5.650858402252197,0.7275216579437256,0.7574384212493896,0.8093962669372559,0.8254263997077942,0.8063085675239563,0.7978646159172058,0.7573623061180115,0.7520715594291687,0.7582526206970215,0.7429488301277161,0.6964641213417053,0.680681049823761,0.0019415124954781096,0.0001603007147812139,3283.406271656749,678.3109314153778,5649.6852119225805,608.3255889813807,8440.56597574681,2366.1890770315727,0.0023111223897911834,0.005908371913229485,22.27673298893823,5.447813806069943,8.541276601380064,2.7871005654847,11.685548687268406,3.4059870261075593,12.64940996163464,3.1322640035512923,13.327019564402757,2.248050315111314,14.992791623270909,2.0406054864918337,18.007610061316377,2.21071889397363
no_vocals,597.5,602.5,-654.12109375,50.05984115600586,91.56188201904297,24.640819549560547,10.798543930053711,14.054403305053711,28.818771362304688,12.10183334350586,19.3784122467041,11.132050514221191,6.592621803283691,8.187387466430664,10.223349571228027,8.142857551574707,4.780670642852783,6.599049091339111,8.4505615234375,6.741875171661377,2.3865373134613037,7.4220709800720215,0.9817395806312561,5.809235572814941,3.5208799839019775,6.009350299835205,5.7664337158203125,6.096669673919678,0.693764865398407,0.726403534412384,0.7731349468231201,0.7926523685455322,0.796398401260376,0.8060187101364136,0.7685271501541138,0.755391538143158,0.7467312216758728,0.7350538969039917,0.6875029802322388,0.6541427969932556,0.0019496767525074964,0.0001526707578737703,3353.421438900615,611.7085863262076,5721.705421702193,520.4493491753084,8491.17649724478,2010.525690124746,0.0016755637325986078,0.0046033566790268906,21.517786593179824,4.735469144423541,8.597774201497257,2.9014754994344285,12.049536635728108,3.612335064459302,13.24477486946306,3.3413401205333546,13.49060838646653,2.2584965485512747,14.884383010308786,2.1173612741146486,18.194969704888237,2.3645526037915436
no_vocals,600.0,605.0,-651.5068359375,61.75282287597656,96.04488372802734,25.729000091552734,14.994929313659668,12.079444885253906,24.53872299194336,10.94059944152832,14.804469108581543,8.751364707946777,6.926210403442383,7.4120025634765625,9.751423835754395,7.549004077911377,5.90314245223999,6.361721992492676,7.832440376281738,5.632312774658203,0.2983036935329437,6.6539106369018555,0.49911853671073914,6.781869411468506,3.1954078674316406,6.206696033477783,5.728011608123779,5.923160076141357,0.7264741063117981,0.757651686668396,0.7904105186462402,0.781041145324707,0.7789747714996338,0.7514312863349915,0.7273867130279541,0.7357503175735474,0.7389541268348694,0.7046204209327698,0.6684780716896057,0.6854718327522278,0.0019798849900026227,0.0002057564646516256,3260.157088580528,630.1255492939061,5681.802136055267,557.2539405275974,8462.448906068736,2152.189395137789,0.0038326112964037124,0.008491653341774551,21.367933558057935,5.1224029622710665,8.504051425864148,3.162849983239443,12.13290160565173,3.229517982674199,13.046457782826678,2.923807131456814,13.270717218724233,2.2023026248393096,14.968113060282635,2.2497241448022494,17.960254469920944,2.6451028773209715
no_vocals,602.5,607.5,-651.5347900390625,61.42854309082031,94.29004669189453,27.11602020263672,13.992018699645996,13.246166229248047,24.820600509643555,12.014874458312988,15.226994514465332,10.829508781433105,7.531484603881836,8.195673942565918,10.391798973083496,8.120201110839844,6.0274529457092285,6.680509090423584,8.669245719909668,6.339334011077881,1.7171123027801514,6.700328826904297,0.36233973503112793,6.568631172180176,2.0351521968841553,6.486333847045898,4.860398769378662,6.04362154006958,0.7634350061416626,0.7883493304252625,0.7890275120735168,0.7659471035003662,0.7254704236984253,0.6933635473251343,0.6685400009155273,0.6934630274772644,0.7221732139587402,0.716167688369751,0.6848593354225159,0.7087030410766602,0.0020170783723451697,0.00028603173795901384,3271.8259283967195,629.8761462683807,5681.873333084706,566.7473553941295,8521.452880292924,2212.615489885375,0.0073230858468677495,0.014918987524406067,21.6136123693527,5.4768108641652935,8.203874201678177,2.808060798441938,12.2332486527711,3.322610215862946,13.794627394294295,3.8572913319252247,13.420908974126695,2.082747578113221,14.914709827099472,1.9047187699841432,17.836784095566284,2.485258058666926
no_vocals,605.0,610.0,-648.3262329101562,54.17121887207031,95.43760681152344,24.297348022460938,11.58559799194336,13.532885551452637,24.980392456054688,11.64573860168457,15.696126937866211,12.061615943908691,5.759176731109619,9.440226554870605,11.093700408935547,8.765199661254883,6.225703239440918,6.838445663452148,7.78701114654541,6.522576808929443,1.865114450454712,6.936225891113281,0.02594843879342079,5.824225902557373,1.465472936630249,6.2492899894714355,4.768835067749023,6.662738800048828,0.75096195936203,0.77936851978302,0.7915458679199219,0.7671777009963989,0.744773805141449,0.7344419956207275,0.6970959305763245,0.7039372324943542,0.7207781672477722,0.7131529450416565,0.68107670545578,0.7003058195114136,0.0019853084848917104,0.0002518347602296715,3292.565205782496,637.3778115732357,5644.517249388469,550.1184811397201,8341.543217988688,2252.3127767066335,0.0054673905162413,0.013605524876300436,21.311239776294826,4.9534389747627925,8.319918633088188,2.881947750381368,11.888794553756172,3.0558226421679926,13.453158755677007,3.789983211516477,13.301362882344295,2.219559025113724,15.11790550931617,1.876302289276844,17.889780763043344,2.347413804634376
no_vocals,607.5,612.5,-647.5043334960938,58.8289909362793,98.1477279663086,22.933408737182617,13.994672775268555,12.324888229370117,24.941747665405273,12.151995658874512,16.737825393676758,11.007140159606934,5.440124988555908,9.98293685913086,7.805158615112305,9.25328254699707,5.241509914398193,6.694348335266113,6.591860294342041,5.648118019104004,0.3414919078350067,6.702319622039795,0.6787319183349609,6.276357650756836,2.299441337585449,5.76273775100708,5.733526229858398,6.431742191314697,0.7275484204292297,0.7578007578849792,0.7944136261940002,0.8162432312965393,0.7781680822372437,0.7763916850090027,0.7269680500030518,0.6971635222434998,0.699722170829773,0.714555561542511,0.6919752359390259,0.678193211555481,0.001963035413658294,0.00017308764737727312,3252.4030560119854,653.5867717003337,5625.045021008529,544.3262651585171,8299.725837441996,2348.109700190019,0.004232526102088167,0.010250845728145615,21.243921301207592,5.163713210712921,8.330116876883501,2.9901444022093275,11.951258909703903,3.147448363274206,12.987271741708623,3.202997053574412,13.157080709123258,2.1363402067839106,15.32061041074286,2.038432238232754,17.68511168803546,1.9755548791743682
no_vocals,610.0,615.0,-657.8271484375,60.80200958251953,92.23872375488281,25.649620056152344,14.48261547088623,12.693680763244629,25.315902709960938,13.164609909057617,17.037334442138672,10.06224250793457,5.86362361907959,9.353379249572754,8.180946350097656,8.870004653930664,5.1239848136901855,6.680520534515381,7.513255596160889,6.007598400115967,1.5407538414001465,6.330221176147461,1.497591257095337,6.030518054962158,2.888144016265869,5.452240467071533,6.476306915283203,6.370364189147949,0.7265653610229492,0.7710240483283997,0.8088478446006775,0.8317415118217468,0.8066659569740295,0.8049282431602478,0.747311532497406,0.7112438082695007,0.6976443529129028,0.7050026655197144,0.6875597834587097,0.6717942357063293,0.001960088706871369,0.0001859088110144748,3319.8414555848894,615.4472851550616,5760.656964907307,461.30698757294255,8673.933938152551,2108.7225344369795,0.004996102813225058,0.01162921064494462,22.016320443680176,5.308692578833938,8.246790363958251,2.8602837450692484,11.617667382489854,3.5023658662797397,13.060022753913655,3.0745887881508276,13.351698579819198,2.184254304699104,15.011141808036609,1.9401136570494073,17.77644360787491,2.3015574738018296
no_vocals,612.5,617.5,-653.05712890625,55.34950637817383,88.92471313476562,30.46302604675293,15.110430717468262,14.660066604614258,19.721403121948242,16.986705780029297,12.821048736572266,12.902806282043457,5.725314617156982,7.657469749450684,10.908041000366211,10.153221130371094,8.724115371704102,8.264130592346191,8.829279899597168,6.387673854827881,3.112703561782837,5.826588153839111,0.24147076904773712,7.589856147766113,3.026660680770874,8.107637405395508,6.456340789794922,7.720620632171631,0.7535514235496521,0.8029751181602478,0.8190804123878479,0.8014540672302246,0.7786440253257751,0.7594786882400513,0.7053301930427551,0.69392329454422,0.6895340085029602,0.6832977533340454,0.6699158549308777,0.6876073479652405,0.002322647518806782,0.0024206181812723754,3107.8674289263813,662.9627032895858,5514.536769658559,697.1825197297801,7804.11243837007,2294.2324753089424,0.005415276972157773,0.01182662209480355,22.10712113063001,5.411284265811044,8.42589320596804,3.1369273725875813,11.585758913988792,3.3964979746988906,13.391264215634624,4.381653985360985,13.578062747298349,2.203119341792418,14.836122025415362,1.8953601433543585,18.01584342121148,2.6002923559977185
no_vocals,615.0,620.0,-641.1636962890625,57.21846389770508,92.1341552734375,27.836637496948242,13.857036590576172,14.056502342224121,21.49747085571289,16.615774154663086,16.667959213256836,15.011609077453613,7.149240493774414,7.532817840576172,9.959419250488281,9.783681869506836,7.870551109313965,9.466778755187988,9.02726936340332,6.905559539794922,1.363214373588562,6.538484573364258,-0.01888071559369564,7.913612365722656,2.209597110748291,8.32862377166748,5.851758003234863,7.19730281829834,0.750359833240509,0.790169358253479,0.7977120876312256,0.783230721950531,0.7426674365997314,0.7277628183364868,0.6794087290763855,0.686367928981781,0.7061070203781128,0.7147758603096008,0.7041574120521545,0.7037503719329834,0.0023391813622126376,0.002418915441210053,3269.4557714232606,726.7899421684342,5628.386752933421,701.1484934316971,8185.165199934745,2491.558659939025,0.006467743982018562,0.011877227305874623,21.024495170526976,5.115229951709916,8.466917824749649,3.1265497577821963,11.99844361409939,2.96014492623511,13.277857986689451,4.27195065076054,13.33399538419686,2.2837766148828504,15.397388204187289,2.1286584440087313,18.04390200901708,2.2218077153519102
no_vocals,617.5,622.5,-655.6812744140625,53.6905517578125,96.59748077392578,19.500457763671875,14.23697280883789,13.985103607177734,27.154253005981445,12.59469223022461,18.23859977722168,12.78662109375,7.2598443031311035,8.751115798950195,9.733372688293457,7.3323893547058105,5.771677494049072,7.545229434967041,8.445197105407715,6.607987880706787,0.1901303380727768,6.494926452636719,0.7745652198791504,6.037497520446777,2.400036096572876,6.024580478668213,5.466639518737793,5.747474670410156,0.7631695866584778,0.7826660871505737,0.8100325465202332,0.8094421625137329,0.7798560857772827,0.7728562951087952,0.7383662462234497,0.7276046276092529,0.7362061738967896,0.7428322434425354,0.7251217365264893,0.7178668975830078,0.001960810197445968,0.00015227463123334087,3188.258948142154,665.1900973251647,5616.01684420765,528.9387660671409,8046.97299612094,2155.8035399612504,0.0034632848752900233,0.007817677340644109,21.13923229337987,4.871752093300642,8.35625136520921,2.9191245346587205,11.929878591925698,3.286667543544342,13.070212765797544,2.8678955246446596,13.386526433735089,2.2545450926672763,15.191815878353648,1.9946485267544818,18.025353604926867,2.0594689185425996
no_vocals,620.0,625.0,-649.51318359375,47.72726058959961,103.09222412109375,15.33072280883789,17.068017959594727,15.256767272949219,24.81822967529297,12.123498916625977,14.320003509521484,11.57498550415039,7.57314395904541,8.825654983520508,11.128602981567383,8.77311897277832,5.852890491485596,6.043506145477295,8.15088939666748,5.68996000289917,0.3784234821796417,5.9570159912109375,0.4533267617225647,5.416767120361328,2.120875835418701,6.073019981384277,5.532802581787109,5.979989528656006,0.7536256909370422,0.7854605317115784,0.8087028861045837,0.7783459424972534,0.7326344847679138,0.7181288599967957,0.6759609580039978,0.6723595857620239,0.6816613078117371,0.6904025077819824,0.6768332719802856,0.6909620761871338,0.0019925809589597093,0.00017313352508732416,3111.6994747019967,524.6120158879523,5599.427410671729,489.9920372259199,7855.072687064965,1767.8434427317975,0.0034802784222737818,0.006883434593815596,20.69965222642807,4.473387166751998,8.492667953110361,2.930253370911052,11.789541554184828,3.122800890904337,13.422984649762402,3.303979235483836,13.30058475809668,2.079180867533822,15.065247110062248,1.9600660916798958,18.3454002813885,2.3929328464102957
no_vocals,622.5,627.5,-648.3558349609375,63.07587432861328,97.65431213378906,24.73339080810547,14.765804290771484,15.105050086975098,23.245637893676758,10.590243339538574,16.920551300048828,11.764900207519531,9.586685180664062,8.320967674255371,8.724849700927734,8.394968032836914,4.181948184967041,5.921843528747559,7.702739715576172,5.471296787261963,0.9008230566978455,6.279953956604004,1.0570356845855713,6.309577941894531,3.0736823081970215,7.130014896392822,6.517167091369629,6.387181282043457,0.733059823513031,0.7683744430541992,0.7942181825637817,0.8100324869155884,0.7509446740150452,0.7244755625724792,0.6843858361244202,0.6650559306144714,0.6696080565452576,0.6870120167732239,0.6757253408432007,0.6768074035644531,0.0020003164372906054,0.0002040187860426424,3216.289900482784,501.21189710360153,5665.86387053469,455.0906445861654,8250.214458562936,1687.5951629381047,0.005079937645011601,0.008924215737452222,21.160694622218188,5.319888337278732,8.864832588370302,3.193447093112807,11.963826025403623,3.2612179396498586,12.875713928418746,3.1093042114897997,13.600331160139364,2.217367760247357,15.315099772458874,1.973567696997749,17.94115406727863,2.512944828896966
no_vocals,625.0,630.0,-664.3109741210938,66.65164947509766,90.6021728515625,28.182758331298828,14.31704330444336,12.704170227050781,25.439022064208984,11.961495399475098,17.781635284423828,10.641950607299805,9.964585304260254,8.190471649169922,9.11407470703125,8.329285621643066,3.5702266693115234,5.3510613441467285,7.534989356994629,5.6676740646362305,1.713935136795044,6.597463607788086,1.6185613870620728,7.247104167938232,4.238875865936279,7.633477687835693,6.250514507293701,6.55927038192749,0.8043835759162903,0.8197981715202332,0.8344271183013916,0.7935154438018799,0.7643911242485046,0.7252936363220215,0.7131911516189575,0.7238561511039734,0.734566867351532,0.7128102779388428,0.7063959836959839,0.7667550444602966,0.001961045832321342,0.0002019172301589582,3184.186946802369,528.8754233068641,5652.39695833813,508.8796791550917,8244.1192131308,1960.7240454915402,0.0047185415458236655,0.009087129652365807,21.68543552111415,5.30553176948629,8.435677021311848,3.294605471319708,12.187832400200465,3.5327315162230803,13.024464942642888,3.189978243203807,13.625186574307435,2.395095038837863,15.087205840610924,1.973654884817306,17.87880119888116,2.60121458174053
no_vocals,627.5,632.5,-654.2863159179688,55.1796875,93.0130844116211,24.598970413208008,15.095605850219727,12.007689476013184,28.88381004333496,12.429802894592285,18.917509078979492,10.218555450439453,9.440847396850586,7.918344974517822,11.198542594909668,8.814652442932129,4.002795219421387,5.499598979949951,8.324372291564941,5.7731499671936035,2.0623512268066406,6.363216400146484,0.7606856822967529,6.474427223205566,2.241334915161133,7.113612651824951,4.785578727722168,6.11780309677124,0.7490954995155334,0.7908603549003601,0.8267000913619995,0.8285644054412842,0.774362325668335,0.7456679940223694,0.7021148800849915,0.698239266872406,0.7092157602310181,0.70653235912323,0.6816813945770264,0.6793652176856995,0.001973934059696847,0.00021673397649825128,3300.0479499641997,520.131142326345,5745.950184531391,482.89246242525326,8522.751867024363,2032.4538203599152,0.004619978973317866,0.008366764453962734,21.44723199010361,5.608833937734993,8.28415041436477,3.0926579295923027,12.317950164021402,3.488978476882485,13.151160410684541,3.0767220023943054,13.511358371938769,2.2212361837650856,14.839726168614412,1.943242940177293,18.158718090177267,2.328360430873334
no_vocals,630.0,635.0,-643.8768920898438,60.62419891357422,96.14530181884766,22.70964813232422,12.424728393554688,11.994708061218262,27.840412139892578,11.927536964416504,18.554075241088867,10.550103187561035,8.33536434173584,7.273177146911621,10.29997730255127,7.637394428253174,3.9201042652130127,5.965212821960449,7.5920538902282715,6.040809631347656,1.5311371088027954,6.46012544631958,1.24934983253479,5.931601524353027,2.63295578956604,6.388577938079834,5.859762668609619,6.395763874053955,0.7373213171958923,0.7724467515945435,0.7951775789260864,0.7890163064002991,0.7509217858314514,0.748200535774231,0.7015771865844727,0.6930840611457825,0.703502893447876,0.7007224559783936,0.6877378225326538,0.6916086077690125,0.0019865287729839334,0.00021035635016619338,3315.1399894395845,707.6352278280572,5664.233271424323,570.5016634690322,8398.948439312646,2313.725354287418,0.005904691125290023,0.010137017308772334,20.759838281618062,4.844262485500487,8.420877600827575,2.9190559753039103,11.967617199975937,3.4534729459878672,13.10922179608142,3.2186608173186206,13.6093571217466,2.139155058138334,15.262341526649443,2.1364339162156045,18.222302250178444,2.3675349302868622
no_vocals,632.5,637.5,-644.0587158203125,60.393680572509766,96.20111083984375,22.27081298828125,11.607830047607422,10.652998924255371,26.400476455688477,12.266639709472656,18.128000259399414,9.739521026611328,7.820723533630371,6.621120929718018,11.425590515136719,6.871227264404297,4.498653888702393,5.851344585418701,6.727333068847656,5.7002854347229,1.138981819152832,6.522414207458496,1.675423264503479,5.796629428863525,3.2393722534179688,5.511366367340088,6.861873626708984,5.861171245574951,0.7519586682319641,0.7617467641830444,0.776581883430481,0.7936822175979614,0.7602479457855225,0.7616334557533264,0.7220823168754578,0.7158188223838806,0.7317764759063721,0.7386929988861084,0.7249470949172974,0.7220793962478638,0.0019745445905335404,0.00016277106691088843,3340.728090401235,694.074803453383,5715.541530980119,517.8789325712514,8427.676030488688,2233.5970486735123,0.005282727305684454,0.009872829021003199,20.785701333850245,4.7465311692785574,8.625092524232917,3.00010876411517,11.91453772917658,3.240130700256663,12.849693745863277,3.0857671759976064,13.317987063543146,2.031946134156464,15.090665164745362,1.9176549145768225,18.342930297364454,2.485867105252817
no_vocals,635.0,640.0,-653.7664794921875,50.55455017089844,97.24049377441406,19.89643669128418,12.45359992980957,12.308768272399902,28.518733978271484,12.684082984924316,21.681312561035156,12.098997116088867,10.063356399536133,8.092423439025879,10.55334186553955,7.7304840087890625,4.085975646972656,5.987019062042236,7.582269191741943,5.545650482177734,1.8462421894073486,6.357023239135742,0.6291094422340393,5.920836925506592,2.5357484817504883,5.185756206512451,6.070110321044922,5.789068222045898,0.7573102116584778,0.7746061086654663,0.811074435710907,0.7802759408950806,0.76065593957901,0.7456366419792175,0.7253590822219849,0.740230917930603,0.7479093670845032,0.7204159498214722,0.6936312913894653,0.7177667617797852,0.0019391666354477543,0.00014272389414147604,3158.0975971577896,666.7090303211651,5555.217894907792,498.0243261655932,7785.726780017401,2094.3763427336817,0.002885504277842227,0.007205912283043282,21.070127522837545,4.708284405417786,8.54779754467602,3.2072201131975397,11.974172156111253,3.198744342750423,12.872835668408069,3.077838751587392,13.372812212462362,2.1130759142494395,15.127140987112885,1.992233855551687,17.981602519147096,2.0247664731448127
no_vocals,637.5,642.5,-659.8564453125,50.47643280029297,99.37129974365234,17.73691177368164,17.508874893188477,14.63724422454834,28.803590774536133,12.253883361816406,19.1785945892334,12.22204875946045,8.318496704101562,9.654623985290527,9.913729667663574,7.886166095733643,4.871951580047607,6.2937469482421875,8.273454666137695,6.069694519042969,1.1883556842803955,6.424410820007324,0.30469778180122375,6.055247783660889,3.008061408996582,5.811845302581787,6.230566024780273,6.225052356719971,0.7674922943115234,0.7897788286209106,0.7938528656959534,0.7714747190475464,0.7474552989006042,0.7417379021644592,0.7087622284889221,0.7132303714752197,0.7275687456130981,0.7255489826202393,0.7081750631332397,0.7130538821220398,0.0019346633845002427,0.00016647886183945407,3073.493625955587,644.5149271269266,5534.044508253262,507.54876915672065,7628.949073738399,2043.5920559682688,0.004429651247099768,0.011762162925371031,20.757202516269846,4.287882233067174,8.586000635444975,2.9820770315557543,12.151277215207443,3.1213655996224454,13.381167323825647,3.310032999913181,13.524448199244643,2.2843977173689707,15.082308733312692,2.0317364715633,18.116842742001968,2.1862832179038505
no_vocals,640.0,645.0,-662.2198486328125,54.568267822265625,93.73236846923828,23.644044876098633,14.610774993896484,14.214097023010254,24.435436248779297,12.906185150146484,17.095109939575195,10.75189208984375,6.217378616333008,8.978494644165039,10.301812171936035,7.228057861328125,5.438386917114258,6.148573398590088,7.912221431732178,5.931765556335449,1.429237961769104,6.722572326660156,1.0095405578613281,6.504540920257568,5.086294174194336,7.5846943855285645,7.137275695800781,6.548781871795654,0.7631414532661438,0.7876384258270264,0.800055205821991,0.7959436178207397,0.7726315855979919,0.7712687253952026,0.7334835529327393,0.7199321985244751,0.7304496169090271,0.7465919852256775,0.7347359657287598,0.7190974354743958,0.0019079677473209159,0.00017899910488516704,3273.190013667147,571.929375971819,5757.629420280917,452.24377212661153,8454.904790820765,2154.802817042135,0.0041996719112529,0.011036654979790755,21.74660178122468,5.025169741439465,8.583342465540836,3.1158297721242336,11.891127208452712,3.2787649063164865,12.849869704738346,3.1812310346139214,13.438222288795549,2.3161760950246273,15.104205281878055,2.0352817536734276,18.083244399302576,2.1707288268436318
no_vocals,642.5,647.5,-635.608154296875,61.816707611083984,91.63390350341797,24.593307495117188,17.66773796081543,15.458873748779297,24.660213470458984,13.936880111694336,17.78076171875,10.942294120788574,9.394890785217285,9.431966781616211,9.687016487121582,6.095710277557373,5.723175048828125,6.530010223388672,9.093070983886719,6.186219215393066,2.0399956703186035,6.273233413696289,2.614161252975464,6.703660011291504,3.9526922702789307,8.340917587280273,7.42158317565918,6.274270534515381,0.7313796281814575,0.761162281036377,0.7938210964202881,0.751573383808136,0.7451536059379578,0.6893014311790466,0.6474730968475342,0.6407229900360107,0.650432288646698,0.6438305377960205,0.6549822688102722,0.7035557627677917,0.0022794643372163314,0.0012290112817165092,3636.191804363722,694.9751864638657,6017.069510764194,582.3011843631901,9897.92916636456,2714.116606820012,0.013096360208816705,0.020035499418465864,20.167823715985357,6.049763105565573,9.066612223017984,3.141399977379997,11.962050584653388,3.3734634395713727,12.85671658192935,3.262269385332678,13.883946622891605,2.487075656204222,15.359844817862914,1.9918961575817096,18.334498751568386,2.2903428702732507
no_vocals,645.0,650.0,-590.877197265625,58.95164489746094,97.4964599609375,19.798290252685547,29.287630081176758,10.13654613494873,30.2325439453125,12.470427513122559,15.570374488830566,8.818354606628418,14.17232608795166,10.044991493225098,11.931533813476562,6.20922327041626,7.718976974487305,5.705607891082764,11.295206069946289,5.567223072052002,2.1027379035949707,5.318662166595459,4.9298858642578125,5.26412296295166,-0.6119370460510254,6.490306377410889,8.260743141174316,5.996430397033691,0.7388399243354797,0.7344303131103516,0.7425020337104797,0.6543079018592834,0.6150440573692322,0.532406747341156,0.4852236807346344,0.4861472249031067,0.5118389129638672,0.5371161103248596,0.6288960576057434,0.730424165725708,0.003119844526512734,0.0019439467018936814,3810.1441950844264,705.8389637315022,6127.524425939897,549.8476388238623,10456.093772658063,2489.086757373201,0.026062436557424594,0.02112278254825172,16.41405621996083,4.93164761703796,9.14352020726917,2.9971835337613566,11.56179250893846,3.261373058512352,13.42565773751429,3.279646315394658,13.960292871699966,2.6364078622733147,15.694124227191077,2.5741929368849203,19.57671659550897,2.4405484701021525
no_vocals,647.5,652.5,-563.5396728515625,62.884761810302734,103.40026092529297,17.89687156677246,29.3933162689209,7.881149768829346,33.90668869018555,9.544132232666016,16.115550994873047,7.497285842895508,17.648128509521484,7.847334384918213,15.27371883392334,6.225410461425781,8.643224716186523,4.732321739196777,11.122663497924805,5.599796772003174,1.5809623003005981,5.49977445602417,4.753761291503906,5.027383327484131,-1.9122728109359741,5.92088508605957,11.353665351867676,5.910945892333984,0.811863899230957,0.761268675327301,0.7072151303291321,0.6421307921409607,0.5247905850410461,0.47058701515197754,0.3940242528915405,0.3855225443840027,0.4086271822452545,0.4485665261745453,0.5368814468383789,0.7025342583656311,0.004707819353000384,0.003617434561397016,3437.8475439082295,788.2043743993189,5784.110774129079,623.6653626035617,8999.230192321636,2663.139003817139,0.027605450623549885,0.018693296134245176,15.187586739646788,4.3047909142703835,9.11661232941401,3.394581302603614,12.26336471258096,3.4992518649000424,14.06754902942608,3.403246823543696,14.427810954208516,2.6081084787012143,16.502833093051365,2.770643323003666,19.910293165661724,2.3676300472380265
no_vocals,650.0,655.0,-551.3550415039062,55.398231506347656,102.1129150390625,18.94639778137207,27.489858627319336,9.639664649963379,33.98957061767578,9.175981521606445,16.75282096862793,7.503733158111572,17.633665084838867,6.9696574211120605,16.474702835083008,6.017082214355469,8.114675521850586,5.42363977432251,11.1648530960083,5.700795650482178,1.4251683950424194,5.387462139129639,5.050829887390137,5.5551910400390625,-0.6016635894775391,6.060795307159424,12.590704917907715,5.6502861976623535,0.7853066325187683,0.7694366574287415,0.700114905834198,0.64554363489151,0.5307496190071106,0.5055720210075378,0.40831753611564636,0.36087149381637573,0.37534743547439575,0.4090542793273926,0.47057148814201355,0.6301147937774658,0.005314470840328461,0.003987357032014857,3662.6110636627773,1243.8875834432783,5943.181071700927,876.3679701734499,9444.582797092517,3524.182672519065,0.053209061412412995,0.11258920216104289,15.02629496761215,3.91228837353226,9.310830394095024,3.3305363773305334,12.314645552200362,3.1419332441095915,13.939365306063058,3.317572525354143,14.58001621015343,2.3494681284113623,16.397563897801522,2.725441497564303,20.6336531024178,2.6331982981482223
no_vocals,652.5,657.5,-568.0805053710938,56.385231018066406,97.2630844116211,23.024761199951172,25.377214431762695,11.48414134979248,31.6739501953125,11.577449798583984,14.587396621704102,8.657919883728027,16.829729080200195,7.546570777893066,15.141390800476074,6.154410362243652,8.039329528808594,5.630241870880127,11.930122375488281,5.186825275421143,2.2302701473236084,4.793960094451904,5.399665355682373,5.609842777252197,0.5748461484909058,5.900150775909424,12.296503067016602,5.341166019439697,0.7737288475036621,0.7267847061157227,0.689549446105957,0.5777981281280518,0.5584965944290161,0.45533663034439087,0.37462329864501953,0.3951118588447571,0.43331378698349,0.47809985280036926,0.6070405840873718,0.7597388029098511,0.004244594045767772,0.002978098489942882,3921.115414737899,1362.4338491666347,6105.423540912197,983.2074610343877,10252.202816850348,3885.1475302920535,0.05385028458526682,0.11276969744571491,15.76592773087214,4.589783050283513,9.345566264764617,3.276093614934646,11.77907511795246,3.1113640095706265,13.59376476577653,3.1299597886225095,14.450057646710956,2.453691630787404,16.303141731274028,2.7236873997007933,20.813446148046825,2.361390676007371
no_vocals,655.0,660.0,-567.5532836914062,57.9171142578125,94.53668975830078,21.30860137939453,28.18201446533203,11.273150444030762,30.725610733032227,11.824833869934082,16.803186416625977,8.30565071105957,15.865067481994629,6.905510425567627,13.825654983520508,6.143228054046631,8.686335563659668,5.501042366027832,11.021136283874512,5.121340751647949,3.4717562198638916,4.537540435791016,3.9345531463623047,5.219056129455566,1.1432815790176392,5.633707523345947,10.810243606567383,5.274753570556641,0.7512654662132263,0.7449196577072144,0.7034640312194824,0.6610032320022583,0.5558266043663025,0.5595275163650513,0.45938926935195923,0.41294509172439575,0.43689829111099243,0.45972833037376404,0.4965679347515106,0.6199537515640259,0.0046978226380439995,0.005819682366650997,3957.067428989822,1135.4752388028378,6256.512118146262,935.8970789936054,10691.460176189095,3710.2711834822285,0.045967544591067284,0.036063549973846705,16.231753808611277,4.430710085330202,9.669976396675516,3.355979323167423,12.130257667809287,3.441267913578126,14.053067327997883,3.2437537908465344,14.564814826862158,2.6500888514130194,16.1268172134647,2.7714363074231705,20.989192558451133,1.706080826213341
no_vocals,657.5,662.5,-557.0151977539062,65.0310287475586,94.06520080566406,20.012853622436523,28.896244049072266,10.574317932128906,31.712505340576172,12.479682922363281,17.78262710571289,7.911426067352295,15.42520809173584,6.92237663269043,13.475576400756836,5.941061973571777,8.24760913848877,5.9304656982421875,11.247505187988281,5.04145622253418,3.275900363922119,4.348237037658691,5.219409465789795,4.819941520690918,1.6647322177886963,5.816099643707275,11.009134292602539,5.8955302238464355,0.7423042058944702,0.6847177147865295,0.6529619693756104,0.5723373293876648,0.5833945870399475,0.5405716896057129,0.45714178681373596,0.47026997804641724,0.47908419370651245,0.4976392984390259,0.5895156264305115,0.7288720011711121,0.005441610741357723,0.006425000267578832,4011.0000825266657,890.6593701615308,6384.881397521041,724.5540597528186,10862.676619598318,3040.055952868605,0.05541369090777262,0.037611841933612805,16.165039290209826,4.272497901814742,9.742075623435994,3.2557790397793185,12.206888008066354,3.1469568141004234,14.308654234218361,3.525255945406559,14.537230517751697,2.705843517385683,16.247661617938103,2.9336997326856427,21.874677130801338,2.0411070448569126
no_vocals,660.0,665.0,-553.0280151367188,67.09754943847656,98.8409194946289,21.45368003845215,27.84215545654297,13.586352348327637,31.98883628845215,11.851031303405762,17.125818252563477,7.9843549728393555,15.327020645141602,7.36950159072876,14.488239288330078,5.8434834480285645,8.370450019836426,5.716615676879883,12.086709022521973,5.036862850189209,2.895789384841919,4.601657867431641,6.06942892074585,5.124871730804443,1.0355281829833984,6.399871349334717,12.6677827835083,5.397332191467285,0.7801991105079651,0.7319561243057251,0.6703898906707764,0.5984373688697815,0.49944034218788147,0.5024716854095459,0.39738723635673523,0.3906112015247345,0.4162011444568634,0.44444116950035095,0.5054216980934143,0.6568073034286499,0.0061806453086150565,0.005091704870176464,3792.6284140559283,1004.7128920603303,6223.0997786012995,754.7774470738774,10053.707652080917,3370.9050437558794,0.05021706424013921,0.040196369217517035,15.897544902684789,4.36085074653017,9.593060472351173,3.0015522501440364,12.340893459531381,3.180956724846579,14.257877110306442,3.335681367940127,14.73472814127362,2.5848799514084972,16.728703784349086,3.0161484714361286,21.740933057317257,2.058594466874602
no_vocals,662.5,667.5,-549.36181640625,66.58224487304688,95.93199920654297,21.952545166015625,26.756357192993164,13.799651145935059,31.26681137084961,11.384466171264648,19.115209579467773,8.079548835754395,13.7998685836792,7.529197692871094,15.221048355102539,5.4657721519470215,8.085478782653809,5.8588128089904785,12.062458992004395,5.278222560882568,3.9938244819641113,4.8690290451049805,5.854367733001709,5.036842346191406,1.050188422203064,6.1015801429748535,12.633173942565918,5.091660022735596,0.800395667552948,0.7598302960395813,0.6738346219062805,0.5813308954238892,0.46603330969810486,0.48262375593185425,0.36282700300216675,0.3425430357456207,0.38957056403160095,0.43244558572769165,0.49778780341148376,0.6533730030059814,0.006491765485786921,0.0050294535737637714,4029.592758535376,1166.0373055443567,6412.960289369934,811.0861761839833,10801.374438080047,3901.6707424519955,0.053552331061484916,0.04468193628451457,15.871052142240035,4.118255706535308,9.464458434709277,3.2537930682115386,12.15885469018247,3.18525745915582,14.140760336630649,3.437141032059077,14.734923585655235,2.9714280796087955,17.06410023558293,3.0935178311942533,22.01308714752765,1.7013660637423071
no_vocals,665.0,670.0,-578.6221923828125,73.4066162109375,92.63072967529297,24.005306243896484,26.089731216430664,14.91114616394043,30.750263214111328,13.012465476989746,17.226831436157227,9.031604766845703,14.43775749206543,8.023261070251465,13.477495193481445,5.7914814949035645,7.759031295776367,6.386690616607666,11.299306869506836,6.011418342590332,3.8391382694244385,5.502805709838867,4.885066509246826,5.528789043426514,0.9765674471855164,6.770082473754883,11.310576438903809,5.699514389038086,0.7908539772033691,0.7205604314804077,0.6597481369972229,0.5756366848945618,0.5434061884880066,0.5307271480560303,0.4422812759876251,0.4635450541973114,0.5093644857406616,0.5447530150413513,0.618097722530365,0.748033344745636,0.004684424488329849,0.0038580173096513753,3922.4331727644694,1077.4968734090864,6220.105713148681,835.0475313138136,10583.994004676624,3509.8417007629537,0.03972751413863109,0.03987967970536112,16.83740518547012,5.032474123279857,9.350105765865191,3.326247345834716,12.335665557737563,3.2133730694951574,13.90552751878313,3.424389753433247,14.383844810810809,2.710570674968103,16.968075078558233,2.933596160194534,21.057597215633844,2.478238726899323
no_vocals,667.5,672.5,-598.7296752929688,53.055206298828125,94.44322204589844,21.490280151367188,30.27404022216797,13.88040828704834,31.407325744628906,12.268795013427734,16.07901382446289,8.965493202209473,16.49014663696289,7.378870010375977,13.225015640258789,6.4913506507873535,8.7556791305542,6.13908052444458,11.717341423034668,5.748508930206299,2.504263401031494,5.819784641265869,5.158538818359375,5.952542304992676,-0.0208648182451725,5.984443664550781,9.591080665588379,5.522622108459473,0.7642552256584167,0.7492137551307678,0.7019582986831665,0.6669474244117737,0.5979187488555908,0.5956127643585205,0.5215217471122742,0.4890475869178772,0.4997425377368927,0.528395414352417,0.5574620366096497,0.6621285080909729,0.003275546924591393,0.002096205224420696,3836.9436676314867,973.1411968176368,6187.197851753899,703.3063665349883,10431.762751957656,2832.4095735292917,0.033529401102088165,0.03131028270651019,16.820574329420936,4.670696640075471,9.209364604241392,2.9499882220619247,11.698916174558608,3.0103632035028567,13.597085214018932,3.133859601524917,14.153866480857452,2.4482725393376126,15.898311031550886,2.539348208618992,20.01626160092823,2.0652635816511586
no_vocals,670.0,675.0,-570.50537109375,38.94199752807617,84.45735168457031,17.767711639404297,39.39912796020508,11.051773071289062,28.38023567199707,9.14702320098877,19.48297691345215,7.884328842163086,16.470699310302734,6.252732276916504,13.629901885986328,5.582001209259033,9.856560707092285,5.175423622131348,9.385110855102539,4.926817417144775,5.740790843963623,4.433030128479004,2.786990165710449,4.863485813140869,3.0015697479248047,4.751208305358887,7.027446746826172,5.452511787414551,0.7664391994476318,0.7305806875228882,0.7253409028053284,0.6459428668022156,0.5895069241523743,0.5437923073768616,0.4449794590473175,0.4301813840866089,0.4468666911125183,0.47502967715263367,0.5740309953689575,0.7122611403465271,0.0040907145652319295,0.007744229674112746,3682.475298111043,995.3006868572256,6034.88207893117,715.0426694863114,9778.672192212876,2820.878732731832,0.03572836608178654,0.029453827048469564,15.48857909088951,3.6213286290684503,9.682053578432958,3.135231703470273,11.846458040989452,3.0588106357655906,13.69754427627946,2.959572671544282,14.157459821972685,2.3963898812184836,15.39520614128678,2.4743065961808033,20.055685073657507,1.8701010736705683
no_vocals,672.5,677.5,-552.5841064453125,41.35484313964844,83.56861114501953,19.646442413330078,39.914344787597656,10.90280818939209,29.866117477416992,7.949565887451172,21.731651306152344,6.759316444396973,17.53236198425293,6.363943576812744,13.975595474243164,5.4146833419799805,9.104347229003906,5.025134086608887,8.75741958618164,4.955803871154785,5.61198616027832,3.991671323776245,2.691418170928955,4.476553916931152,2.2733383178710938,5.165234088897705,7.274624824523926,5.730567455291748,0.7526005506515503,0.7271170616149902,0.7155706286430359,0.6002117395401001,0.5504481196403503,0.4592898488044739,0.38944897055625916,0.38869166374206543,0.41873621940612793,0.4647616446018219,0.5956254005432129,0.737869143486023,0.005877485876663084,0.011837022885366618,3553.1348289944253,969.9912852631427,5877.121401375498,772.569440232743,9290.80275250145,2954.8517877946406,0.03635939312645012,0.029943676941628427,14.827213647380628,3.7330348197026506,9.508159344347645,3.142423888345136,12.244394713359906,3.3537548366638434,13.260451194945068,3.027308440934175,14.071245571154545,2.3870699309958385,15.538155137770682,2.4209193435117276,19.915360616817146,1.931623224233535
no_vocals,675.0,680.0,-543.1740112304688,48.74735641479492,89.53341674804688,20.784753799438477,38.48322296142578,11.373130798339844,32.19375991821289,7.3030476570129395,21.69027328491211,5.916607856750488,16.818628311157227,6.3336567878723145,15.371773719787598,5.212794780731201,10.209844589233398,4.696709156036377,9.499095916748047,4.76956033706665,5.5597124099731445,3.9632937908172607,2.2983176708221436,4.089879989624023,1.0640592575073242,5.198958396911621,9.019657135009766,5.9241719245910645,0.8032500147819519,0.7378895282745361,0.7017297744750977,0.6019103527069092,0.5289676189422607,0.4564286172389984,0.37556928396224976,0.38348183035850525,0.41469812393188477,0.4593481719493866,0.5902844667434692,0.7682052850723267,0.006293543766786425,0.009521491984032808,3453.8699448470074,997.20859139893,5816.827948425605,876.0636537131978,8989.737596976509,3187.945459092751,0.03804968459976798,0.033621640970813514,14.307897434063634,3.8683703974317702,9.397474149450943,3.2194963691569387,12.270293265182188,3.031771560596059,13.452102925826694,3.094664783911184,14.230960886433403,2.2804436187381016,16.10238046616624,2.678997506127777,20.372330171764062,1.7334956154508172
no_vocals,677.5,682.5,-573.0531005859375,78.293701171875,102.3211669921875,23.347063064575195,27.92816925048828,10.650606155395508,34.48076629638672,10.860119819641113,17.9596004486084,8.113008499145508,15.643289566040039,7.511451244354248,13.9657564163208,6.641666412353516,8.169565200805664,5.2597222328186035,11.49242115020752,6.009238243103027,3.232753276824951,5.344601154327393,5.328993320465088,4.605813980102539,-0.44306105375289917,6.582627773284912,10.563458442687988,6.462602615356445,0.7577691674232483,0.7216060757637024,0.6797279715538025,0.6310972571372986,0.5620961785316467,0.5806661248207092,0.47640183568000793,0.46330851316452026,0.4804762303829193,0.5060814023017883,0.5494593381881714,0.6673391461372375,0.004937567938553502,0.0038789873329140704,3574.9942892586582,1193.2622451123827,5952.613661662418,1049.7292006774912,9511.380691705337,4276.899445319753,0.05520297092517401,0.10114402871620401,15.27414319986355,4.571356688460884,10.054606597291865,3.426603507868484,11.893651158215802,3.216160086557954,13.707230706215915,3.352691434062533,13.711649756144277,2.430209322333783,16.31597292159026,2.5583014500103025,20.935645320485282,3.0456548134959873
no_vocals,680.0,685.0,-615.7601928710938,69.89849090576172,94.25173950195312,23.030288696289062,20.752288818359375,14.381417274475098,29.958492279052734,11.703879356384277,20.993438720703125,10.286768913269043,12.180349349975586,8.301725387573242,13.032987594604492,7.043022155761719,6.287205696105957,6.254659652709961,11.342413902282715,6.389130592346191,3.1855740547180176,6.197982311248779,4.37253475189209,5.4481916427612305,3.506011486053467,7.264733791351318,7.293450355529785,6.530900478363037,0.6577746272087097,0.6601406931877136,0.6713874340057373,0.6813833713531494,0.6551365256309509,0.7522119879722595,0.6488251686096191,0.5892247557640076,0.590610682964325,0.59709632396698,0.5785518884658813,0.6013236045837402,0.002921127609145804,0.0024095517691884857,4091.378931901378,1161.4373124452004,6446.174556029171,968.676482945266,11511.62041400812,4365.144499173686,0.06879894141531323,0.1547338592415732,17.75273636232528,4.733970581535918,10.095930284201037,3.531000978015164,11.231256143777294,3.1866184025334094,13.230102769541363,3.42782356532857,13.121628056711357,2.429746505079259,15.81964804109879,2.3821478542263947,20.630241420229478,3.9741317009087482
no_vocals,682.5,687.5,-638.0408935546875,53.629859924316406,94.67265319824219,19.078264236450195,11.434793472290039,13.306594848632812,27.6085147857666,11.539985656738281,23.857309341430664,11.08940601348877,9.754555702209473,8.37180233001709,11.967473983764648,7.468217849731445,4.905004978179932,7.140249729156494,12.301563262939453,6.641155242919922,2.541262626647949,6.201179027557373,1.8515437841415405,5.399960517883301,5.455754280090332,5.481932640075684,5.385473251342773,5.482739448547363,0.697920560836792,0.6986137628555298,0.7205170392990112,0.745026707649231,0.724796712398529,0.7824099659919739,0.6736667156219482,0.6306174397468567,0.6365904211997986,0.6455526351928711,0.6381136178970337,0.653840184211731,0.0018574208234006804,0.00026578903966994604,3898.721024706068,1011.1762118249428,6229.584798672635,825.4813909864039,10526.938510549595,3703.605309651344,0.03443572360788863,0.11832775075284961,18.943301192093877,4.466232308544188,9.141752662018927,3.0477822807356887,11.31992080029416,3.160341828744156,12.94112976005097,3.1952669996086183,13.342542582631067,2.3651332089065846,15.641519446782706,2.195025080892374,20.173796458890738,3.188635856116456
no_vocals,685.0,690.0,-648.6144409179688,59.58682632446289,95.84033203125,20.66095733642578,12.224832534790039,11.767058372497559,27.167448043823242,11.638066291809082,23.501060485839844,10.693290710449219,9.764147758483887,8.37523365020752,11.036572456359863,8.128705978393555,5.240689277648926,7.274157524108887,12.158669471740723,7.209089756011963,1.9888296127319336,6.086619853973389,2.232658624649048,5.427370071411133,3.7193057537078857,5.223482131958008,4.813922882080078,5.34107780456543,0.7584854364395142,0.744997501373291,0.7612810134887695,0.7482408881187439,0.7307457327842712,0.7369229197502136,0.6382369995117188,0.6361607909202576,0.6622698307037354,0.6835346221923828,0.7102002501487732,0.7309316396713257,0.0017949458421802195,0.00022581620067141283,3655.9317691156944,742.0876547181568,6091.486486128945,562.3387357667307,9429.694410709108,2701.2340051777273,0.010520138486078886,0.017393640250471572,19.79493734059668,4.448554025194605,8.57117317561845,2.821371549060683,11.451895169726674,3.0619749357949084,12.634664722929331,2.8744335331281174,13.429029724804701,2.2547522119022108,15.974524822275317,2.207962475991643,20.486386170158006,1.9006269541356424
no_vocals,687.5,692.5,-653.3758544921875,69.71100616455078,97.14875793457031,25.1925048828125,18.20543670654297,12.267293930053711,27.789583206176758,11.387441635131836,19.49317169189453,10.387680053710938,9.54162311553955,7.079910755157471,11.937932968139648,8.474908828735352,6.552849769592285,6.919768810272217,11.135966300964355,6.552943706512451,1.9961546659469604,6.420395374298096,3.5594608783721924,5.566776752471924,4.159414768218994,6.072011947631836,6.594114303588867,5.910552501678467,0.7541617751121521,0.7466743588447571,0.7693212628364563,0.7282088994979858,0.7365342974662781,0.7213773727416992,0.665144681930542,0.6859766244888306,0.7110863327980042,0.7014342546463013,0.7017045021057129,0.7378708720207214,0.0020396930461083897,0.0012025600859528075,3452.860155848367,788.6297081500097,5976.500013181179,640.6715437717717,8987.98896099188,2743.909627415868,0.0096670624274942,0.014850092874686548,19.868946634998913,5.148297098309947,8.865046705179404,3.147029842455038,11.778755742970171,3.147952979404449,13.090419962174119,2.940447163527955,13.465388650419952,2.247878849880232,16.101846592376948,2.153177535135717,20.463155964742672,1.4492548175498468
no_vocals,690.0,695.0,-639.5938110351562,66.49771881103516,101.48141479492188,22.69921875,22.778696060180664,11.426714897155762,27.7601318359375,10.52598762512207,17.16070556640625,9.02609634399414,10.036040306091309,6.506101131439209,11.403023719787598,7.549675941467285,7.8985371589660645,6.306244850158691,10.834526062011719,5.806153297424316,1.0522748231887817,6.493852138519287,4.204868316650391,5.344752788543701,3.970136880874634,6.202084541320801,8.84447956085205,5.8169965744018555,0.7631635069847107,0.7412416934967041,0.7378525733947754,0.7042222023010254,0.6654715538024902,0.6827080845832825,0.6472522020339966,0.6751397252082825,0.7135368585586548,0.7243902087211609,0.7035489678382874,0.7161383628845215,0.0023166878762592297,0.0012264774193095837,3285.3925487679903,676.8164046115551,5842.8841923477385,535.8185407049532,8534.69255274797,2264.0611461204244,0.012490257033062646,0.017420241199586423,19.103782711396196,4.759242544929559,8.710201270202157,2.8883464096114477,11.986919057831344,3.277813498162528,13.804480246919095,3.573496735200667,13.772164342365016,2.3324418533882842,16.594720462630978,2.330533161129047,20.495681650389304,1.6583963878447054
no_vocals,692.5,697.5,-634.1060791015625,60.96304702758789,102.83724975585938,20.851051330566406,24.054576873779297,8.400871276855469,27.7717342376709,9.59852409362793,14.930795669555664,9.601819038391113,10.724979400634766,6.5544610023498535,10.235453605651855,6.9835100173950195,9.0962553024292,5.921344757080078,10.762724876403809,6.565260887145996,1.8926876783370972,6.311906337738037,5.2525715827941895,5.309047222137451,3.5648229122161865,5.63953161239624,10.529229164123535,4.987421035766602,0.7831096053123474,0.7515243887901306,0.729852020740509,0.6861469149589539,0.6378843784332275,0.635463297367096,0.6092747449874878,0.6519677639007568,0.7041094899177551,0.7243392467498779,0.7138189077377319,0.7392539978027344,0.0023432461457897472,0.0006142889662527271,3222.4465232401503,502.9055963648254,5784.276499028713,545.0677913720366,8533.843215269722,1917.3708130453008,0.01390638594837587,0.01875838017022799,18.97136210406093,4.7503447662945595,9.0630292655612,3.2246473340727557,11.764796746943272,3.2059293246555445,13.671063931603294,3.089824603756173,13.927703337941931,2.233936769195917,16.51418201557209,2.1612028955642892,20.257558965690983,1.822925180349469
no_vocals,695.0,700.0,-637.9119873046875,74.3651351928711,101.24644470214844,23.390188217163086,23.3498592376709,8.419489860534668,25.37270736694336,11.665849685668945,12.070566177368164,8.352571487426758,8.881348609924316,7.783763408660889,8.592066764831543,6.628011703491211,11.767473220825195,6.490788459777832,13.089927673339844,8.006438255310059,2.804990291595459,6.014665603637695,4.95161247253418,5.610753536224365,2.3435614109039307,6.812123775482178,11.15668773651123,4.926224231719971,0.7920076251029968,0.7824392914772034,0.7636885643005371,0.7421348094940186,0.67745041847229,0.669304609298706,0.6330465078353882,0.6436411142349243,0.6885718703269958,0.7204397320747375,0.6994929313659668,0.7219966650009155,0.00243586585170907,0.0008654757905770258,3216.7115213157795,507.96254728229735,5797.170121602377,581.2977690469014,8724.394576566125,2037.7733975621613,0.018840179089327145,0.029967235392993403,19.27984652060534,5.338350325474388,9.144670918364517,3.524844652388481,11.48760698478029,3.3913780769225745,14.293349508462207,3.253263118620963,13.407703600957303,2.2758838591955772,16.15016311066354,2.103888781145667,20.084385085570812,2.0085101049956045
no_vocals,697.5,702.5,-633.0682983398438,68.97811889648438,102.89057159423828,18.70572280883789,22.16837501525879,8.551770210266113,20.865524291992188,13.280671119689941,10.283021926879883,8.803887367248535,4.714949607849121,7.573339939117432,8.549985885620117,6.796195983886719,13.785996437072754,7.102452754974365,15.951058387756348,7.3268256187438965,2.0501720905303955,6.078941345214844,3.1295080184936523,5.302264213562012,0.16291093826293945,6.088347911834717,10.52197265625,5.192147254943848,0.794032096862793,0.7722243070602417,0.7926439642906189,0.7712312936782837,0.6820834279060364,0.6899613738059998,0.6222348809242249,0.6204041242599487,0.6567608714103699,0.6789838075637817,0.6779313683509827,0.7139768004417419,0.0024402439051357436,0.0009508845031051205,3432.238140890499,495.74108734113264,6069.734181258628,417.40886287257877,9329.922237529003,1737.5734235692541,0.01849917524651972,0.03160008365951236,19.45641467452655,5.389151202398875,8.812977526776125,2.9060614600497456,11.117045395239211,3.3632797138621897,14.679193538621256,3.5185033984317973,13.379615666440628,2.4182773457824895,15.891827219702893,2.1451995099900683,20.78413724014141,1.997083292369572
no_vocals,700.0,705.0,-644.2665405273438,60.90178680419922,101.79312133789062,23.30975914001465,20.216819763183594,10.340227127075195,18.668752670288086,16.79793930053711,7.606422424316406,12.134270668029785,7.025158882141113,7.976558685302734,9.895572662353516,8.700776100158691,13.666756629943848,9.179205894470215,14.74960994720459,8.19881534576416,1.7553770542144775,5.860796928405762,2.07491397857666,7.003426551818848,0.42674070596694946,7.0110764503479,8.609307289123535,5.8748087882995605,0.7372504472732544,0.7325869798660278,0.8139135837554932,0.7325631976127625,0.6750167012214661,0.6617718935012817,0.6073479652404785,0.640353262424469,0.6630266308784485,0.6627299785614014,0.6559998989105225,0.695004940032959,0.0024600787355138847,0.0015059169508412351,3279.9241629793337,738.1881168137982,5814.3430685968315,797.0662457016133,8721.546797962586,2762.3080775747567,0.01000126885150812,0.018834691782732713,20.318232630902685,5.135807186975827,8.885805903439659,3.215116334217657,11.218120738751344,3.2165165392936323,15.297114229628551,4.144120411589747,13.73834518641073,2.411070012837752,15.81236843280004,2.1477212205024507,20.060457729901874,2.0361923147981216
no_vocals,702.5,707.5,-635.660888671875,65.30034637451172,100.13681030273438,24.471954345703125,23.787813186645508,11.622997283935547,23.63686180114746,15.437520027160645,11.575227737426758,11.630727767944336,10.058136940002441,6.5332112312316895,11.61724853515625,7.810417652130127,11.52397632598877,8.424495697021484,12.443161010742188,7.59584903717041,1.2243646383285522,4.82942008972168,3.0651659965515137,6.991884231567383,0.5585875511169434,6.943668365478516,8.686391830444336,5.6190314292907715,0.7457640767097473,0.7378382086753845,0.7758740782737732,0.7397027611732483,0.6635431051254272,0.6727209091186523,0.6115492582321167,0.62542325258255,0.6575027704238892,0.6673667430877686,0.6644524931907654,0.686481773853302,0.0026102421066254862,0.001527796195560009,3369.410785043689,831.419577078612,5899.587983899533,832.1097519355793,9010.171657482599,2916.619055051791,0.016004522549303943,0.024897318675092008,19.566407289897775,4.797746631408626,8.65724794811055,2.898461856967141,11.674452112272068,3.1402982730581246,14.690428022374416,4.262745039459669,13.717821770284539,2.1385436779409557,16.133175832243563,2.2318650569322824,20.456677865448317,2.253903709856303
no_vocals,705.0,710.0,-626.2286987304688,59.88896942138672,105.1827163696289,20.45842170715332,27.123273849487305,10.001139640808105,28.853351593017578,9.365104675292969,13.063424110412598,8.531025886535645,8.622492790222168,6.7764506340026855,10.20111083984375,6.006054878234863,9.377176284790039,4.886711120605469,11.749913215637207,6.708077430725098,2.098600149154663,5.248241901397705,4.981021404266357,4.964089393615723,1.7023166418075562,5.455868244171143,11.33879280090332,4.271866798400879,0.7651746273040771,0.7401251792907715,0.7251572608947754,0.7012569308280945,0.6594395637512207,0.6864563226699829,0.632806122303009,0.6563827395439148,0.7143452763557434,0.7470903396606445,0.7213956713676453,0.7244751453399658,0.00245037733030499,0.0007318047038820611,3348.2761675215006,759.8006220775158,5920.973125737568,700.4616327488543,8863.286234773783,2526.2660432879784,0.01605210448085847,0.024473165146273578,18.711172249408015,4.553818172094117,8.983181663971264,3.132352564826036,11.509238926298039,3.130613478647924,13.74004324727688,2.838939753349075,13.854999939126635,2.1206258185837616,16.303497313575818,2.1773844954090333,20.689445730890125,2.1432336050985548
no_vocals,707.5,712.5,-638.591552734375,60.020267486572266,103.53292083740234,19.979068756103516,27.04938316345215,8.861518859863281,28.18301010131836,11.332612991333008,11.820799827575684,9.7908935546875,6.931182384490967,8.135538101196289,7.074923515319824,6.358659267425537,8.735197067260742,5.595239639282227,12.367595672607422,7.659353733062744,3.710624933242798,6.112629413604736,6.329101085662842,5.009486675262451,3.1401476860046387,5.692276477813721,11.298911094665527,5.371700286865234,0.7542961239814758,0.7391151189804077,0.7247177362442017,0.7081286311149597,0.6833319067955017,0.7067092657089233,0.6627060174942017,0.6855722665786743,0.7478840351104736,0.788554847240448,0.7463284730911255,0.7197859883308411,0.0022866195094773845,0.0003849857382531041,3288.0429465603147,639.5694029627217,5895.070560881006,652.9772565224954,8833.159734810035,2302.8072910953147,0.015127655524941995,0.024746278808499545,19.32865166866078,4.563330259550991,9.118435911129644,3.3064107674219865,11.082389693198307,3.129153132588252,14.240680014034217,3.08236393715665,13.657739463006681,2.0789597287595307,16.09033343482374,2.245834311482542,20.495618241938864,2.2625019678765996
no_vocals,710.0,715.0,-651.5026245117188,71.55823516845703,96.62460327148438,23.5052433013916,27.658906936645508,8.22289752960205,28.27562141418457,13.64578628540039,13.322386741638184,9.9442138671875,6.868558883666992,9.203042030334473,5.7479448318481445,6.829604148864746,9.087617874145508,5.925610542297363,12.105345726013184,7.495538234710693,4.0764851570129395,6.844212532043457,7.649487495422363,5.883750915527344,5.063268184661865,6.654139995574951,10.725834846496582,5.704738140106201,0.7641274929046631,0.7618657350540161,0.7560341954231262,0.7086123824119568,0.7040179967880249,0.681973397731781,0.6559215784072876,0.7050958871841431,0.7433919310569763,0.731899082660675,0.7063461542129517,0.7410557270050049,0.002366281430811779,0.0006464635599829021,3296.6628554272747,630.7604486917315,5959.229761285154,585.0610744184578,9034.102989957946,2274.670864854601,0.01595920642401392,0.025574827944130532,20.329005164784547,5.2182277831238215,9.518376747968619,3.530971712194495,11.303396694435225,3.2627066034593004,14.775791192822927,3.2451262992933434,13.633768063877822,2.2782191501469455,15.870089370250643,2.0957028952456227,20.55232354979188,2.1676380729118567
no_vocals,712.5,717.5,-659.9364013671875,64.51020812988281,96.60645294189453,23.849382400512695,30.056255340576172,8.387946128845215,29.688453674316406,12.80266284942627,14.529047966003418,9.465020179748535,9.301141738891602,8.22206974029541,6.765143394470215,6.904763221740723,8.433815956115723,5.728708267211914,10.908378601074219,6.355404853820801,2.148378610610962,6.638882160186768,5.781772613525391,6.625645637512207,4.377581596374512,6.860508918762207,10.697023391723633,5.099691867828369,0.7388944625854492,0.7474640011787415,0.7682949900627136,0.7678722739219666,0.7171148061752319,0.7233456969261169,0.685754120349884,0.7017675042152405,0.7430751919746399,0.7518294453620911,0.7147361040115356,0.7042466998100281,0.0022775395324976635,0.0005875968647989519,3211.0402105257144,587.9645081118246,5893.685669532748,577.7295373639224,8812.276025050754,2300.605156529479,0.00884570765661253,0.01588068244550393,20.49635475972044,4.946558814319596,9.059466531400789,3.2727556784936414,12.007693224048472,3.3466395462474616,14.433478207373021,3.566741721475501,13.576949198326021,2.239085131439334,15.956125564840296,2.056697593100451,20.051815972709736,1.8521015585222929
no_vocals,715.0,720.0,-651.0419311523438,64.75182342529297,97.37207794189453,21.877626419067383,31.656213760375977,7.359188556671143,29.48358917236328,11.266767501831055,15.600385665893555,9.316481590270996,10.020307540893555,6.898227214813232,8.419318199157715,6.188382625579834,8.46120834350586,5.728878021240234,11.04746150970459,6.524862289428711,1.872658610343933,6.043041229248047,4.616421222686768,5.734669208526611,1.8741792440414429,5.361019134521484,10.38590145111084,5.137281894683838,0.7798338532447815,0.7700516581535339,0.7696153521537781,0.7501557469367981,0.7007420659065247,0.7110453844070435,0.6579316258430481,0.6819384098052979,0.7222237586975098,0.7320371866226196,0.7163928747177124,0.7268674373626709,0.0024521965506484433,0.001288435139078231,3359.0745002230938,473.04093149504814,6078.0185735489085,446.88600019638807,9339.314910817866,2032.2308140543128,0.009663663718097447,0.0161954339934404,19.735223606776525,5.047170990560172,8.801678648132587,3.2188099266615935,11.678031270139694,3.19974180227266,13.879720232323928,3.3095121608647147,13.419788481938332,2.2829544397499957,15.763272689188783,2.1461970820698246,20.524690685467597,1.7451875641031793
no_vocals,717.5,722.5,-652.3423461914062,76.05681610107422,94.25352478027344,28.143962860107422,29.019317626953125,9.606759071350098,27.4665584564209,12.373159408569336,14.126307487487793,9.634260177612305,10.13051986694336,8.622810363769531,6.715458869934082,6.959873676300049,9.02155590057373,5.262192249298096,10.937185287475586,7.686063766479492,3.8213765621185303,6.70267391204834,5.706090450286865,5.084615230560303,3.137274980545044,5.823680877685547,10.643879890441895,4.879716396331787,0.7925688624382019,0.7942590117454529,0.7823470830917358,0.7507244944572449,0.6924256086349487,0.6818670630455017,0.6331444978713989,0.6575011610984802,0.6982909440994263,0.7193917632102966,0.6999861598014832,0.7195374965667725,0.002521973066010324,0.001326110428888686,3298.774367294628,589.4695775039776,5939.945584069576,627.9282356294797,9170.096908533933,2517.2063271818442,0.01117269069025522,0.018408337979002574,20.496559376916355,6.041336741627959,9.264167473911721,3.281520433404357,11.409316333548121,3.1448723961434593,13.897304599086537,3.416166743771077,13.340565706671942,2.4137313449916267,15.945296429206254,2.011045587986398,20.074935850085513,1.8128395337083665
no_vocals,720.0,725.0,-644.5636596679688,81.01541137695312,91.64714050292969,27.98072624206543,26.861886978149414,9.793350219726562,25.78322982788086,11.218152046203613,15.033364295959473,8.581165313720703,9.141436576843262,8.424439430236816,6.118716239929199,7.037253379821777,7.271780014038086,5.027785301208496,10.406997680664062,7.133722305297852,3.7216055393218994,6.656230926513672,5.239037990570068,5.246283531188965,3.629209518432617,5.727950096130371,11.603371620178223,4.501396179199219,0.767756462097168,0.7745748162269592,0.7705035209655762,0.7340441942214966,0.6896103024482727,0.7014113664627075,0.6454878449440002,0.65701824426651,0.70980304479599,0.7505669593811035,0.7222388982772827,0.7151629328727722,0.002417168481947461,0.0007837927220493294,3557.243373315836,658.2541649381274,6134.780699399657,651.688054227056,10022.03236024507,2497.3349176748757,0.016218641241299302,0.026587632444612222,20.554780258807153,6.226171412447192,9.30158285119533,3.3761729236382556,11.591849009122152,3.066358473724231,14.046423973393315,3.4122761038483147,13.681074286933184,2.435862705089337,16.648974807825432,2.231129295601261,20.160937406038986,2.0301081111369434
no_vocals,722.5,727.5,-640.9788208007812,78.92205047607422,90.63544464111328,25.90235710144043,24.696706771850586,9.450757026672363,29.214672088623047,13.987797737121582,15.546463966369629,9.261580467224121,9.31714916229248,6.236122131347656,7.885542869567871,7.3869099617004395,9.170706748962402,5.519165992736816,10.899138450622559,6.810806751251221,1.996881127357483,6.484026908874512,4.457181930541992,5.27384090423584,2.3741965293884277,5.644680976867676,11.158915519714355,5.775770664215088,0.7653626203536987,0.7741886377334595,0.77922123670578,0.7522289752960205,0.6823918223381042,0.6813956499099731,0.6230448484420776,0.6105632185935974,0.6527151465415955,0.6966359615325928,0.6959184408187866,0.7027407884597778,0.002508660567181051,0.0009660179841405001,3490.7429723215673,646.9502007453655,6016.335398695431,678.2547569840245,9727.01248912413,2313.049536899789,0.017378734048723896,0.02593784766937271,20.03590079019183,6.19256876131637,9.341824848698916,3.508382436771774,11.966753567086576,3.2759735276877326,13.938914897505216,3.250680276415623,13.83488501776916,2.747144932260314,16.436369021955517,2.6382524553499405,20.30467185415727,2.1261228214540937
no_vocals,725.0,730.0,-625.428955078125,70.47490692138672,95.98749542236328,22.49286651611328,26.083595275878906,9.218182563781738,31.33588218688965,13.161561012268066,15.726476669311523,9.259051322937012,9.395157814025879,5.80914831161499,10.544657707214355,7.7217512130737305,10.549480438232422,5.264087200164795,12.440181732177734,6.900338172912598,0.8999313712120056,6.240181922912598,3.095869779586792,4.9903082847595215,1.1241328716278076,6.053157806396484,11.375755310058594,5.890314102172852,0.7938386797904968,0.7735611796379089,0.7563707828521729,0.7189627289772034,0.6399765610694885,0.6144040822982788,0.5601828098297119,0.5665392279624939,0.628358006477356,0.6834458112716675,0.695347785949707,0.7265700101852417,0.0025814293117722683,0.0009087309841134052,3444.988723066418,585.5205200222989,5948.314303752651,612.3794217941355,9426.097216683585,1986.6856106745008,0.020788772476798143,0.024449058843882765,18.388216268701452,5.453465667463212,8.98435091911805,2.9886117578797258,12.026350282313254,3.4935481553985226,14.683721259064587,3.661995124122195,13.988927246319873,2.563345309494991,16.664315869351128,2.606465210831863,20.27933672505216,1.9786279107777969
no_vocals,727.5,732.5,-620.7101440429688,59.891170501708984,100.42144012451172,21.996797561645508,28.320449829101562,9.429412841796875,29.621103286743164,10.144598960876465,16.118318557739258,7.2390265464782715,9.164582252502441,6.171642780303955,9.887967109680176,7.100688934326172,8.995147705078125,5.338560581207275,12.128242492675781,6.436214923858643,1.8907212018966675,5.393470764160156,2.3981175422668457,4.615614891052246,0.6790564060211182,5.928122520446777,10.822944641113281,4.966888904571533,0.7706947326660156,0.7388880848884583,0.7146309018135071,0.6796270608901978,0.6174619197845459,0.6020657420158386,0.5606072545051575,0.5892273783683777,0.6375658512115479,0.6813920736312866,0.6912479400634766,0.7178938984870911,0.0024880578073191084,0.0006813849005125965,3500.034027510567,639.8053243010598,6037.107807760823,637.1953426260367,9574.981080517691,2329.209577927338,0.021413002102668215,0.02429080635264257,17.860756515563224,5.056339157094068,8.83339980693603,3.1098420509643563,12.031347492050823,3.1788948043834924,14.6799250471787,3.4367006812237766,13.967301878029758,2.4813882609267446,16.64761309297634,2.4725367669667384,20.386954041120127,1.9004416420178554
no_vocals,730.0,735.0,-631.9046020507812,63.614044189453125,96.31360626220703,26.226104736328125,27.81881332397461,9.238231658935547,29.888765335083008,11.624872207641602,15.058134078979492,9.578577041625977,9.755376815795898,6.06809139251709,8.448734283447266,6.33806037902832,8.762799263000488,5.59193754196167,11.195011138916016,6.553442001342773,2.3562874794006348,5.646617412567139,3.2053821086883545,4.871395587921143,1.7535202503204346,6.342983722686768,10.202385902404785,5.179543495178223,0.7500807642936707,0.7292177677154541,0.724992036819458,0.6614859700202942,0.6369311809539795,0.602789580821991,0.6056745052337646,0.6400576829910278,0.6674333810806274,0.671306848526001,0.6932122111320496,0.7543237805366516,0.0025258396993652677,0.0010951575261117501,3483.2961745023517,682.2449008264307,6007.482235585835,700.7094919473581,9564.389342553653,2613.0478461590437,0.015090269721577726,0.018190539428181003,19.173239785477204,5.424467839667947,8.630740866324901,3.0123583440521546,12.171085751015312,3.235073663951186,13.894792811839016,3.316126236556825,13.333509379524802,2.31743313900197,16.220877384329533,2.2820643780734096,20.117796284102866,1.8406872585410687
no_vocals,732.5,737.5,-622.1661376953125,68.44775390625,95.52410888671875,22.014484405517578,29.427032470703125,7.594479084014893,26.766862869262695,10.825855255126953,12.898147583007812,11.152069091796875,7.206500053405762,6.842016696929932,8.055170059204102,6.910260200500488,8.905430793762207,5.8971710205078125,12.518289566040039,6.9178147315979,3.4509458541870117,6.935656547546387,5.3807053565979,6.247448444366455,3.1624841690063477,6.501580238342285,10.997294425964355,5.276432037353516,0.7961588501930237,0.7665812373161316,0.739128828048706,0.7078917622566223,0.6598857641220093,0.6673967838287354,0.6021102070808411,0.6031610369682312,0.6657706499099731,0.7093676924705505,0.7129610776901245,0.7468920350074768,0.002640337147641918,0.0011993098456727137,3765.288100213368,503.69208441819956,6306.29019084343,438.04572647183954,10535.48184636021,1966.391795818854,0.019115474550464036,0.02517828176251213,19.018590046670393,4.993144542285311,8.993562821259525,3.333982958655988,11.596919657186294,3.1348953137363536,14.25264084044566,3.324177191391758,13.36436198170884,2.4925467434341964,16.337984602346292,2.444682463348575,20.419353922622257,1.808386288097631
no_vocals,735.0,740.0,-629.5805053710938,79.14051055908203,90.08495330810547,31.02589225769043,25.1854305267334,13.831645011901855,26.445575714111328,17.863529205322266,10.470148086547852,10.622200012207031,6.958137035369873,7.752445220947266,5.797942161560059,7.333899021148682,9.314173698425293,6.141901016235352,11.973714828491211,7.607181072235107,3.8245387077331543,8.83144760131836,7.906675815582275,5.7881951332092285,5.438688278198242,8.02791690826416,11.815500259399414,6.357480525970459,0.7855722308158875,0.7578323483467102,0.7332834005355835,0.7040295600891113,0.6674572229385376,0.6923564672470093,0.6340013146400452,0.6160187721252441,0.6439570784568787,0.6632661819458008,0.6679830551147461,0.7098063230514526,0.0025855387229334107,0.0011152212451805378,3754.738117083934,720.5827000950677,6134.0350573697015,650.2239584487588,10343.381693191704,1984.347068680165,0.026821481656032483,0.04783461168203673,19.384875857380756,5.398357454509476,9.232381311804636,3.5018956262067347,11.883499397133082,3.4211828802665916,14.394904562219818,3.5789778249615445,13.628430212777973,2.6868607499568684,16.303883431192578,2.2791146329704493,20.50523262699716,3.184297808704236
no_vocals,737.5,742.5,-636.4171752929688,75.7431640625,86.77947235107422,30.87358856201172,24.97919464111328,13.73287582397461,29.510908126831055,17.948997497558594,13.889863967895508,11.738039016723633,8.184311866760254,7.768021106719971,6.409069061279297,7.499935150146484,8.718281745910645,5.696699142456055,10.521685600280762,6.776317119598389,2.4051177501678467,7.952004909515381,7.20729398727417,5.493851184844971,5.468322277069092,7.846860885620117,12.144916534423828,5.973892688751221,0.7873809933662415,0.760405421257019,0.7367466688156128,0.7192645072937012,0.6716424226760864,0.6926895976066589,0.6511062383651733,0.639680027961731,0.6566545963287354,0.6634506583213806,0.6585044860839844,0.6960611939430237,0.0024836770250200534,0.0010456128480492613,3787.080487814584,713.8027733859973,6161.878625273553,672.5066647489163,10469.13360100058,2022.0677038817275,0.023664080626450115,0.046536165474772004,19.452535820113308,5.237925133504642,9.159220357314986,3.531641535939552,11.730483236458449,3.0749855027265647,14.02659386339607,3.3827209709347907,13.610472879032326,2.7473062457893525,16.238725854937154,2.1773762686141036,20.234539224584267,3.1378118413641296
no_vocals,740.0,745.0,-633.1820068359375,66.28013610839844,93.2179946899414,23.711524963378906,28.346839904785156,8.413453102111816,30.25305938720703,11.134055137634277,18.186725616455078,9.789177894592285,10.63120174407959,8.03837776184082,6.924785614013672,7.636754512786865,7.2119059562683105,5.1918864250183105,10.561223983764648,6.9065775871276855,1.887194037437439,5.28911018371582,5.624350070953369,5.250610828399658,4.326881408691406,6.692933559417725,10.996925354003906,5.814783573150635,0.7657076120376587,0.7402496933937073,0.732474684715271,0.6731537580490112,0.6637829542160034,0.633549690246582,0.6174107789993286,0.6729377508163452,0.6927652955055237,0.6649611592292786,0.6760637164115906,0.7545825839042664,0.0024686221016048003,0.0008512602489496072,3666.55859288446,852.4556604050467,6170.582004935767,716.9575369313508,10267.690735571347,2851.616402567226,0.02338312064965197,0.045404501458342836,18.860165035650567,4.7328364651794175,8.968255942830863,3.436803645245203,11.846337248496955,3.284509306359174,14.325336613352302,3.3674440290713377,13.634750921325507,2.4202150331613694,16.37454634244976,2.133666934605725,19.77876182143508,2.5973153419468384
no_vocals,742.5,747.5,-623.7587280273438,58.40835952758789,95.1152114868164,22.182575225830078,25.430158615112305,8.556025505065918,33.04743194580078,10.265766143798828,19.17201805114746,7.430899620056152,12.65276050567627,7.3353071212768555,7.578316688537598,7.254003524780273,6.579206943511963,4.826071739196777,11.845300674438477,6.7885236740112305,-0.7691337466239929,5.863074779510498,5.785346031188965,4.680771827697754,3.978119134902954,6.237951755523682,9.565805435180664,6.074578285217285,0.7364259362220764,0.7288516759872437,0.7367189526557922,0.7227025032043457,0.6754305958747864,0.7048751711845398,0.6308454871177673,0.6478825807571411,0.6830923557281494,0.6773627996444702,0.652716875076294,0.6824592351913452,0.0024569449441727864,0.0007685173098247188,3701.473225720729,912.6609000885969,6142.678299377761,697.7548213814123,10007.793467227379,2734.936967669597,0.022918630365429234,0.04435520681828529,18.440116464153412,4.633716695009443,9.066386976495208,3.1708426099860625,11.97677691419302,2.949409612599535,14.10580900365561,3.129377423327914,13.51305274150505,2.2245974524128465,16.12738892772293,2.1471603346875505,20.482697042439654,2.6470647584159175
no_vocals,745.0,750.0,-630.2462768554688,49.272117614746094,95.06708526611328,19.627172470092773,25.487987518310547,8.906142234802246,34.339820861816406,10.221212387084961,17.17474937438965,7.922577857971191,11.653249740600586,6.6970038414001465,7.784376621246338,6.633147716522217,6.749619483947754,4.619887351989746,12.883814811706543,7.2950239181518555,-0.8795899152755737,5.959066867828369,5.6263861656188965,4.431458950042725,3.1754724979400635,5.40271520614624,9.041858673095703,5.092745780944824,0.7522291541099548,0.7618795037269592,0.7817239165306091,0.772798478603363,0.7149184346199036,0.7398403882980347,0.6557496786117554,0.6332995295524597,0.6478250026702881,0.642667829990387,0.6346493363380432,0.6769133806228638,0.0023079065793991226,0.0004744146818064693,3657.4867594466746,730.9635586543818,6134.19785443887,571.8420463010141,9795.60898074971,1956.0615899826314,0.015903694170533642,0.02423268608533612,18.65310684663687,4.422185334764405,8.64581782701819,3.0267248365332367,12.161813602411689,3.4172419641930163,14.315826556303815,3.3618223266721476,13.371612878050355,2.110004938770608,15.934351889774883,2.179172625846956,20.566530340201037,2.1611204010492022
no_vocals,747.5,752.5,-622.7700805664062,60.70119094848633,93.42688751220703,26.427839279174805,24.280864715576172,12.979464530944824,41.373775482177734,27.04236602783203,9.577383995056152,14.917252540588379,9.088315963745117,8.131629943847656,10.043582916259766,8.685850143432617,5.9689483642578125,5.622034072875977,14.598258972167969,8.689531326293945,0.7858670949935913,7.922677040100098,6.3536176681518555,6.736978530883789,1.8164045810699463,6.384342193603516,8.900542259216309,6.695613384246826,0.8068122863769531,0.7606463432312012,0.7228399515151978,0.6592462658882141,0.6469729542732239,0.5813324451446533,0.5178301930427551,0.5439161658287048,0.5723384022712708,0.5816789865493774,0.6404497623443604,0.7787460088729858,0.0025606766354461176,0.0008657468121025234,3673.9975843886614,931.3400094646937,5790.418491968039,813.3529679258854,9090.508990719258,1843.0999072098239,0.04049109084976798,0.05493731931874033,18.66487766126309,4.871803530417066,8.792655199720762,3.0618790642741476,12.034731799255157,3.524935104273205,14.340412710886245,3.1328922079344963,13.72909409234945,2.265337071382609,16.733130405059217,2.750996011112788,21.766272152661735,4.075775871229065
no_vocals,750.0,755.0,-612.6465454101562,65.5478515625,92.95497131347656,27.435821533203125,25.011249542236328,13.40529727935791,40.59674072265625,27.17804527282715,8.543601036071777,14.945579528808594,7.345207691192627,8.020005226135254,11.909017562866211,8.066962242126465,5.918045997619629,6.077319145202637,14.838251113891602,8.170450210571289,1.4443427324295044,7.849136829376221,7.04865837097168,7.057228088378906,1.7277774810791016,6.290369033813477,8.833518981933594,6.5969648361206055,0.8160445094108582,0.7931521534919739,0.720248818397522,0.6700913906097412,0.5979329347610474,0.6115227937698364,0.5216200351715088,0.4899301528930664,0.5299022793769836,0.5792274475097656,0.6034289598464966,0.6763050556182861,0.0028328099020642258,0.0011833520231502646,3909.4125536352617,974.2902157805805,6029.853364429575,826.4633243190614,9686.693939421404,2114.8466478201053,0.050397195838167055,0.05667352999877206,18.479465301356253,5.518360604257411,8.875488017433554,3.078361057901673,11.380445286590856,3.0553392573112625,14.15693227767871,3.442753144759989,13.733033319131028,2.3364855044353563,16.741840692161876,2.9294141894010677,22.75931040822771,3.7845205813658174
no_vocals,752.5,757.5,-625.0653076171875,66.09140014648438,101.42425537109375,22.892499923706055,27.09035301208496,9.525239944458008,31.079574584960938,10.966719627380371,11.739555358886719,9.691396713256836,7.915645599365234,7.423245429992676,9.956131935119629,6.030375957489014,7.635648250579834,5.805269241333008,12.339471817016602,8.19770336151123,3.4739110469818115,6.220790386199951,6.508985996246338,5.751921653747559,2.453258991241455,5.392082691192627,10.44857406616211,5.751506805419922,0.8020296096801758,0.7641075253486633,0.7210190892219543,0.6845456957817078,0.6317205429077148,0.6412606239318848,0.5795753002166748,0.5810208320617676,0.6509791016578674,0.7121419310569763,0.7088317275047302,0.7336768507957458,0.002605787614250249,0.0009988489899287315,3484.571099693817,868.9185968805732,6016.853927109288,675.1887763864455,9188.182800717808,2541.8422466656903,0.028401881525522043,0.03577854365177795,18.32279004926936,5.285827416720966,9.030460855466488,3.0142101679441655,11.133435708287989,2.965885316287679,14.459450183171226,3.3938253070678184,13.893634023313792,2.351007100290032,16.713777986566704,2.505606318007584,21.545130060854238,2.22901961089377
no_vocals,755.0,760.0,-639.4576416015625,72.09779357910156,101.20836639404297,22.919437408447266,27.069398880004883,9.660456657409668,29.27107810974121,10.7311429977417,13.181174278259277,9.716919898986816,7.0309271812438965,8.71801471710205,8.4667387008667,7.416151523590088,8.434503555297852,5.967646598815918,10.67657470703125,7.6161580085754395,3.449449300765991,6.470202445983887,6.306646347045898,5.852607250213623,3.587552785873413,6.02107572555542,11.726178169250488,5.09891939163208,0.772475004196167,0.7370370626449585,0.7178066372871399,0.6920471787452698,0.6751219034194946,0.6767969131469727,0.6209297180175781,0.6721568703651428,0.752182126045227,0.7683070302009583,0.7464401125907898,0.7518324851989746,0.0023610853001782175,0.0005269178995997642,3285.6577006025755,591.3356666694718,5919.01010742344,573.279822178695,8821.918503480278,2117.926903922478,0.018703097810324826,0.025691794393412435,19.14131286986728,5.357606155907532,8.752071820250327,3.1434003813463787,11.179686398981932,2.991274293545004,14.584434829806003,3.646347068451711,13.97956446008801,2.233336508136072,16.550197461128548,2.18896483838487,21.081450953602005,1.7259073494748922
no_vocals,757.5,762.5,-672.1364135742188,77.67266845703125,93.54121398925781,24.922109603881836,28.68108367919922,9.659629821777344,29.949010848999023,11.451240539550781,16.11017417907715,9.536248207092285,9.718704223632812,9.610604286193848,9.108711242675781,7.6806254386901855,9.71318244934082,5.990054607391357,11.62198543548584,7.519126892089844,2.608527421951294,6.222332954406738,5.893983840942383,6.042193412780762,4.528070449829102,6.0789384841918945,11.515545845031738,4.694021701812744,0.7669689059257507,0.7705109119415283,0.778099536895752,0.7730482816696167,0.7474232912063599,0.7663871645927429,0.7036312222480774,0.6994121670722961,0.7363708019256592,0.7494765520095825,0.7280125021934509,0.7203044295310974,0.0022831227700063944,0.000552674069476674,3122.161342880426,619.4076210153877,5879.487899316165,592.5154129973718,8436.319288355568,2291.07405561472,0.01316320149361949,0.02287258667918646,20.73045879247401,5.784548891029679,8.882851900880508,3.2476449581076654,11.432909813305965,3.3096273645384238,14.018636098084796,3.7605105522087445,13.771906612797533,2.342317728962368,16.164386687983015,2.2027722462721555,20.512079690723855,2.1072639812206106
no_vocals,760.0,763.1719954648526,-688.1982421875,65.8295669555664,90.7114028930664,24.160797119140625,27.15778160095215,9.398219108581543,33.82945251464844,12.232932090759277,17.6041259765625,9.917206764221191,12.518062591552734,8.15687370300293,9.579504013061523,6.316473484039307,10.842728614807129,5.213399410247803,13.455564498901367,7.191884994506836,2.543572425842285,5.916746139526367,5.593152046203613,5.845650672912598,3.752573251724243,5.026309013366699,11.307660102844238,4.927591800689697,0.7685019969940186,0.7797511219978333,0.7892332077026367,0.8014443516731262,0.7847465872764587,0.8090500831604004,0.7640752792358398,0.7438467144966125,0.7692652344703674,0.7697771787643433,0.7393642067909241,0.723442554473877,0.0021564481158768013,0.00035763709775212107,2936.107243532438,622.5579619208488,5671.695525426934,610.0274183711318,7708.88671875,2232.7290173731217,0.0075630132299270075,0.013665269233294761,21.10933880731126,5.078504755724767,9.27605622524551,3.161914118990778,11.466423501886812,3.4183572555198265,13.642196046849147,3.0653333896628334,13.478938394721865,2.276889285584889,15.727325930229538,2.261681412336321,20.32548660323745,2.1550125167484357
no_vocals,762.5,763.1719954648526,-662.730712890625,40.549259185791016,88.44015502929688,17.249610900878906,20.594640731811523,7.415502071380615,40.826263427734375,9.916155815124512,23.397483825683594,4.706148147583008,10.350042343139648,4.878860950469971,6.576361179351807,4.486555099487305,9.359048843383789,3.6159298419952393,13.95205020904541,3.6686906814575195,2.180140972137451,3.7754294872283936,4.271493434906006,4.739356994628906,2.6362645626068115,3.9803433418273926,11.495726585388184,4.102541446685791,0.8273158669471741,0.8016684055328369,0.7960740923881531,0.7802558541297913,0.760614812374115,0.7679639458656311,0.7103055119514465,0.7480378746986389,0.7967644333839417,0.7818076610565186,0.7649685144424438,0.7846211791038513,0.0020809496415714764,0.00021748114535280523,3383.2727328997785,526.556539313295,5964.281648424677,275.0452851753449,8899.153084590518,1478.3081527604434,0.005724676724137931,0.009765958837003479,20.71521590677939,4.283920202858965,8.0977878235781,2.6753949165861792,11.403291216137346,2.9401671557010745,13.631751306110765,3.1498327284250296,13.379376965820029,2.168692734553126,15.69552823499757,1.833974406229096,20.950636080027383,1.4655229614846008
